#+++++++++++++++++++++++++++++++++++++++++++++++++++++++++++++++++++++++++++++++++++++++++++++++++++++++++++++++++++++++++++++++++
#
#   IPW-3 Cut/Slice DATA SUBMITTAL FORM for Test Case NACA0012_AE3933, May 18th 2026
#
#       NOMENCLATURE:
#                  X [m]:  X-coordinate of the surface (clean for reference)
#                  Y [m]:  Y-coordinate of the surface (clean for reference)
#                  Z [m]:  Z-coordinate of the surface (clean for reference)
#                 Cp [-]:  Pressure coefficient
#            HTC [W/m2K]:  Convective Heat Transfer Coefficient (on the rough surface)
#               Beta [-]:  Collection efficiency
#                 Ts [K]:  Surface temperature
#                 FF [-]:  Freezing fraction
#                  k [m]:  Surface roughness height if variable (OPTIONAL)
#         RhoIce [kg/m3]:  Ice density (OPTIONAL)
#      HTC_CLEAN [W/m2K]:  Convective Heat Transfer Coefficient on the surface without roughness (OPTIONAL)
#
#                XXmm:  Roughness height used for the case, in mm.
#                       In the zone name, use the format KS_XXmm.
#                       For example, if k_s = 1.5 mm, use KS_1p5mm.
#                       For Variable roughness, use KS_VAR
#
#    FLOW CONDITIONS:
#                                   AOA: 4.0 deg
#                           Mach Number: 0.3151 [-]
#       Mean aerodynamic chord (M.A.C.): 0.5334 [m]
#                       Reynolds Number: 3.9795 million (based on MAC)
#                       Freestream Temp: 267.55 [K]
#                        Reference area: 0.97548 [m2]
#               Moment Reference Center: 0.13335, 0, 0 [m] (X, Y, Z)
#
#    ICING CONDITIONS:
#                           Icing Time: 420 [s]
#                                  LWC: 0.55 [g/m3]
#                                  MVD: 20 [μm]
#
#              NOTES: 1. Please use at least 5 decimal places in the numerical values
#                     2. If data are NOT provided, please fill data fields with a numerical value of "-999"
#
#++++++++++++++++++++++++++++++++++++++++++++++++++++++++++++++++++++++++++++++++++++++++++++++++++++++++++++++++++++

VARIABLES = "X" "Y" "Z" "Cp" "HTC" "Beta" "Ts" "FF" "k" "RhoIce" "HTC_CLEAN"

ZONE T="SLICE_Y_0p9144_BINS01_KS_VAR_CUTDATA"
0.53247 0.91440 -0.02724 0.17054 158.53926 0.00000 270.64478 -1.00000 0.00000 -999 158.53926
0.53098 0.91440 -0.02692 0.17070 154.23984 0.00000 270.64359 -1.00000 0.00000 -999 154.23984
0.53098 0.91440 -0.02692 0.17070 154.23982 0.00000 270.64359 -1.00000 0.00000 -999 154.23982
0.52859 0.91440 -0.02641 0.15778 150.87920 0.00000 270.63900 -1.00000 0.00000 -999 150.87920
0.52859 0.91440 -0.02641 0.15778 150.87919 0.00000 270.63900 -1.00000 0.00000 -999 150.87919
0.52477 0.91440 -0.02561 0.14102 153.04818 0.00000 270.63180 -1.00000 0.00000 -999 153.04818
0.52477 0.91440 -0.02561 0.14102 153.04818 0.00000 270.63180 -1.00000 0.00000 -999 153.04818
0.51962 0.91440 -0.02453 0.11906 156.99208 0.00000 270.62316 -1.00000 0.00000 -999 156.99208
0.51962 0.91440 -0.02453 0.11906 156.99210 0.00000 270.62316 -1.00000 0.00000 -999 156.99210
0.51446 0.91440 -0.02346 0.09877 161.10583 0.00000 270.61456 -1.00000 0.00000 -999 161.10583
0.51446 0.91440 -0.02346 0.09877 161.10584 0.00000 270.61456 -1.00000 0.00000 -999 161.10584
0.50930 0.91440 -0.02240 0.07998 164.82141 0.00000 270.60657 -1.00000 0.00000 -999 164.82141
0.50930 0.91440 -0.02240 0.07998 164.82142 0.00000 270.60657 -1.00000 0.00000 -999 164.82142
0.50414 0.91440 -0.02135 0.06229 168.15121 0.00000 270.59907 -1.00000 0.00000 -999 168.15121
0.50414 0.91440 -0.02135 0.06229 168.15123 0.00000 270.59907 -1.00000 0.00000 -999 168.15123
0.50414 0.91440 -0.02135 0.06229 168.15124 0.00000 270.59907 -1.00000 0.00000 -999 168.15124
0.49898 0.91440 -0.02031 0.04572 171.16076 0.00000 270.59202 -1.00000 0.00000 -999 171.16076
0.49381 0.91440 -0.01927 0.03002 173.91508 0.00000 270.58536 -1.00000 0.00000 -999 173.91508
0.49381 0.91440 -0.01927 0.03002 173.91509 0.00000 270.58536 -1.00000 0.00000 -999 173.91509
0.48865 0.91440 -0.01824 0.01517 176.45250 0.00000 270.57903 -1.00000 0.00000 -999 176.45250
0.48865 0.91440 -0.01824 0.01517 176.45251 0.00000 270.57903 -1.00000 0.00000 -999 176.45251
0.48348 0.91440 -0.01722 0.00102 178.81093 0.00000 270.57301 -1.00000 0.00000 -999 178.81093
0.48348 0.91440 -0.01722 0.00102 178.81094 0.00000 270.57301 -1.00000 0.00000 -999 178.81094
0.47831 0.91440 -0.01620 -0.01250 181.01402 0.00000 270.56725 -1.00000 0.00000 -999 181.01402
0.47831 0.91440 -0.01620 -0.01250 181.01403 0.00000 270.56725 -1.00000 0.00000 -999 181.01403
0.47314 0.91440 -0.01519 -0.02545 183.08428 0.00000 270.56173 -1.00000 0.00000 -999 183.08428
0.47314 0.91440 -0.01519 -0.02545 183.08429 0.00000 270.56173 -1.00000 0.00000 -999 183.08429
0.46797 0.91440 -0.01419 -0.03789 185.03744 0.00000 270.55642 -1.00000 0.00000 -999 185.03744
0.46797 0.91440 -0.01419 -0.03789 185.03744 0.00000 270.55642 -1.00000 0.00000 -999 185.03744
0.46280 0.91440 -0.01320 -0.04989 186.88942 0.00000 270.55130 -1.00000 0.00000 -999 186.88942
0.46280 0.91440 -0.01320 -0.04989 186.88943 0.00000 270.55130 -1.00000 0.00000 -999 186.88943
0.45763 0.91440 -0.01221 -0.06150 188.65146 0.00000 270.54635 -1.00000 0.00000 -999 188.65146
0.45763 0.91440 -0.01221 -0.06150 188.65147 0.00000 270.54635 -1.00000 0.00000 -999 188.65147
0.45763 0.91440 -0.01221 -0.06150 188.65148 0.00000 270.54635 -1.00000 0.00000 -999 188.65148
0.45245 0.91440 -0.01123 -0.07276 190.33497 0.00000 270.54154 -1.00000 0.00000 -999 190.33497
0.44728 0.91440 -0.01026 -0.08370 191.94801 0.00000 270.53686 -1.00000 0.00000 -999 191.94801
0.44728 0.91440 -0.01026 -0.08370 191.94802 0.00000 270.53686 -1.00000 0.00000 -999 191.94802
0.44210 0.91440 -0.00929 -0.09437 193.49938 0.00000 270.53230 -1.00000 0.00000 -999 193.49938
0.44210 0.91440 -0.00929 -0.09437 193.49939 0.00000 270.53230 -1.00000 0.00000 -999 193.49939
0.43692 0.91440 -0.00833 -0.10480 194.99613 0.00000 270.52784 -1.00000 0.00000 -999 194.99613
0.43692 0.91440 -0.00833 -0.10480 194.99613 0.00000 270.52784 -1.00000 0.00000 -999 194.99613
0.43174 0.91440 -0.00738 -0.11499 196.44421 0.00000 270.52348 -1.00000 0.00000 -999 196.44421
0.43174 0.91440 -0.00738 -0.11499 196.44421 0.00000 270.52348 -1.00000 0.00000 -999 196.44421
0.43174 0.91440 -0.00738 -0.11499 196.44422 0.00000 270.52348 -1.00000 0.00000 -999 196.44422
0.42656 0.91440 -0.00643 -0.12499 197.84945 0.00000 270.51919 -1.00000 0.00000 -999 197.84945
0.42138 0.91440 -0.00549 -0.13483 199.21876 0.00000 270.51498 -1.00000 0.00000 -999 199.21876
0.42138 0.91440 -0.00549 -0.13483 199.21877 0.00000 270.51498 -1.00000 0.00000 -999 199.21877
0.41619 0.91440 -0.00456 -0.14451 200.55740 0.00000 270.51083 -1.00000 0.00000 -999 200.55740
0.41619 0.91440 -0.00456 -0.14451 200.55741 0.00000 270.51083 -1.00000 0.00000 -999 200.55741
0.41101 0.91440 -0.00363 -0.15407 201.87009 0.00000 270.50673 -1.00000 0.00000 -999 201.87009
0.41101 0.91440 -0.00363 -0.15407 201.87010 0.00000 270.50673 -1.00000 0.00000 -999 201.87010
0.40582 0.91440 -0.00271 -0.16351 203.16156 0.00000 270.50268 -1.00000 0.00000 -999 203.16156
0.40582 0.91440 -0.00271 -0.16351 203.16156 0.00000 270.50268 -1.00000 0.00000 -999 203.16156
0.40063 0.91440 -0.00180 -0.17286 204.43656 0.00000 270.49867 -1.00000 0.00000 -999 204.43656
0.40063 0.91440 -0.00180 -0.17286 204.43657 0.00000 270.49867 -1.00000 0.00000 -999 204.43657
0.40063 0.91440 -0.00180 -0.17286 204.43657 0.00000 270.49867 -1.00000 0.00000 -999 204.43657
0.39544 0.91440 -0.00089 -0.18213 205.69911 0.00000 270.49469 -1.00000 0.00000 -999 205.69911
0.39544 0.91440 -0.00089 -0.18213 205.69911 0.00000 270.49469 -1.00000 0.00000 -999 205.69911
0.39026 0.91440 0.00001 -0.19134 206.95241 0.00000 270.49073 -1.00000 0.00000 -999 206.95241
0.39026 0.91440 0.00001 -0.19134 206.95241 0.00000 270.49073 -1.00000 0.00000 -999 206.95241
0.38506 0.91440 0.00090 -0.20046 208.19958 0.00000 270.48681 -1.00000 0.00000 -999 208.19958
0.38506 0.91440 0.00090 -0.20046 208.19958 0.00000 270.48681 -1.00000 0.00000 -999 208.19958
0.37987 0.91440 0.00179 -0.20955 209.44531 0.00000 270.48290 -1.00000 0.00000 -999 209.44531
0.37987 0.91440 0.00179 -0.20955 209.44532 0.00000 270.48290 -1.00000 0.00000 -999 209.44532
0.37468 0.91440 0.00266 -0.21863 210.69380 0.00000 270.47899 -1.00000 0.00000 -999 210.69380
0.36948 0.91440 0.00354 -0.22770 211.94629 0.00000 270.47509 -1.00000 0.00000 -999 211.94629
0.36948 0.91440 0.00354 -0.22770 211.94629 0.00000 270.47509 -1.00000 0.00000 -999 211.94629
0.36429 0.91440 0.00440 -0.23671 213.20358 0.00000 270.47121 -1.00000 0.00000 -999 213.20358
0.36429 0.91440 0.00440 -0.23671 213.20359 0.00000 270.47121 -1.00000 0.00000 -999 213.20359
0.36429 0.91440 0.00440 -0.23671 213.20359 0.00000 270.47121 -1.00000 0.00000 -999 213.20359
0.35909 0.91440 0.00526 -0.24575 214.46923 0.00000 270.46731 -1.00000 0.00000 -999 214.46923
0.35389 0.91440 0.00611 -0.25482 215.74576 0.00000 270.46341 -1.00000 0.00000 -999 215.74576
0.35389 0.91440 0.00611 -0.25482 215.74577 0.00000 270.46341 -1.00000 0.00000 -999 215.74577
0.35389 0.91440 0.00611 -0.25482 215.74577 0.00000 270.46341 -1.00000 0.00000 -999 215.74577
0.34870 0.91440 0.00695 -0.26388 217.03188 0.00000 270.45950 -1.00000 0.00000 -999 217.03188
0.34870 0.91440 0.00695 -0.26388 217.03189 0.00000 270.45950 -1.00000 0.00000 -999 217.03189
0.34349 0.91440 0.00778 -0.27297 218.32757 0.00000 270.45558 -1.00000 0.00000 -999 218.32757
0.34349 0.91440 0.00778 -0.27297 218.32757 0.00000 270.45558 -1.00000 0.00000 -999 218.32757
0.33829 0.91440 0.00861 -0.28210 219.63416 0.00000 270.45164 -1.00000 0.00000 -999 219.63416
0.33829 0.91440 0.00861 -0.28210 219.63416 0.00000 270.45164 -1.00000 0.00000 -999 219.63416
0.33309 0.91440 0.00943 -0.29127 220.95087 0.00000 270.44768 -1.00000 0.00000 -999 220.95087
0.33309 0.91440 0.00943 -0.29127 220.95088 0.00000 270.44768 -1.00000 0.00000 -999 220.95088
0.32789 0.91440 0.01024 -0.30048 222.27667 0.00000 270.44370 -1.00000 0.00000 -999 222.27667
0.32789 0.91440 0.01024 -0.30048 222.27668 0.00000 270.44370 -1.00000 0.00000 -999 222.27668
0.32268 0.91440 0.01104 -0.30975 223.61101 0.00000 270.43969 -1.00000 0.00000 -999 223.61101
0.32268 0.91440 0.01104 -0.30975 223.61102 0.00000 270.43969 -1.00000 0.00000 -999 223.61102
0.31747 0.91440 0.01184 -0.31908 224.95317 0.00000 270.43566 -1.00000 0.00000 -999 224.95317
0.31227 0.91440 0.01262 -0.32849 226.30214 0.00000 270.43159 -1.00000 0.00000 -999 226.30214
0.31227 0.91440 0.01262 -0.32849 226.30215 0.00000 270.43159 -1.00000 0.00000 -999 226.30215
0.31227 0.91440 0.01262 -0.32849 226.30215 0.00000 270.43159 -1.00000 0.00000 -999 226.30215
0.30706 0.91440 0.01340 -0.33797 227.65694 0.00000 270.42748 -1.00000 0.00000 -999 227.65694
0.30706 0.91440 0.01340 -0.33797 227.65694 0.00000 270.42748 -1.00000 0.00000 -999 227.65694
0.30185 0.91440 0.01417 -0.34754 229.01706 0.00000 270.42334 -1.00000 0.00000 -999 229.01706
0.30185 0.91440 0.01417 -0.34754 229.01706 0.00000 270.42334 -1.00000 0.00000 -999 229.01706
0.29663 0.91440 0.01493 -0.35720 230.38262 0.00000 270.41915 -1.00000 0.00000 -999 230.38262
0.29663 0.91440 0.01493 -0.35720 230.38263 0.00000 270.41915 -1.00000 0.00000 -999 230.38263
0.29142 0.91440 0.01568 -0.36695 231.75430 0.00000 270.41493 -1.00000 0.00000 -999 231.75430
0.29142 0.91440 0.01568 -0.36695 231.75430 0.00000 270.41493 -1.00000 0.00000 -999 231.75430
0.28621 0.91440 0.01642 -0.37681 233.13354 0.00000 270.41065 -1.00000 0.00000 -999 233.13354
0.28621 0.91440 0.01642 -0.37681 233.13354 0.00000 270.41065 -1.00000 0.00000 -999 233.13354
0.28099 0.91440 0.01715 -0.38677 234.52278 0.00000 270.40633 -1.00000 0.00000 -999 234.52278
0.28099 0.91440 0.01715 -0.38677 234.52278 0.00000 270.40633 -1.00000 0.00000 -999 234.52278
0.27577 0.91440 0.01786 -0.39685 235.92531 0.00000 270.40195 -1.00000 0.00000 -999 235.92531
0.27055 0.91440 0.01857 -0.40704 237.34539 0.00000 270.39752 -1.00000 0.00000 -999 237.34539
0.27055 0.91440 0.01857 -0.40704 237.34540 0.00000 270.39752 -1.00000 0.00000 -999 237.34540
0.26533 0.91440 0.01927 -0.41736 238.78821 0.00000 270.39304 -1.00000 0.00000 -999 238.78821
0.26533 0.91440 0.01927 -0.41736 238.78821 0.00000 270.39304 -1.00000 0.00000 -999 238.78821
0.26011 0.91440 0.01995 -0.42782 240.25953 0.00000 270.38849 -1.00000 0.00000 -999 240.25953
0.26011 0.91440 0.01995 -0.42782 240.25954 0.00000 270.38849 -1.00000 0.00000 -999 240.25954
0.25489 0.91440 0.02063 -0.43840 241.76539 0.00000 270.38388 -1.00000 0.00000 -999 241.76539
0.25489 0.91440 0.02063 -0.43840 241.76539 0.00000 270.38388 -1.00000 0.00000 -999 241.76539
0.24966 0.91440 0.02129 -0.44914 243.31174 0.00000 270.37921 -1.00000 0.00000 -999 243.31174
0.24966 0.91440 0.02129 -0.44914 243.31175 0.00000 270.37921 -1.00000 0.00000 -999 243.31175
0.24443 0.91440 0.02194 -0.46002 244.90373 0.00000 270.37447 -1.00000 0.00000 -999 244.90373
0.24443 0.91440 0.02194 -0.46002 244.90373 0.00000 270.37447 -1.00000 0.00000 -999 244.90373
0.23920 0.91440 0.02257 -0.47104 246.54533 0.00000 270.36967 -1.00000 0.00000 -999 246.54533
0.23920 0.91440 0.02257 -0.47104 246.54533 0.00000 270.36967 -1.00000 0.00000 -999 246.54533
0.23397 0.91440 0.02320 -0.48223 248.23929 0.00000 270.36479 -1.00000 0.00000 -999 248.23929
0.23397 0.91440 0.02320 -0.48223 248.23930 0.00000 270.36479 -1.00000 0.00000 -999 248.23930
0.22874 0.91440 0.02380 -0.49359 249.98625 0.00000 270.35983 -1.00000 0.00000 -999 249.98625
0.22874 0.91440 0.02380 -0.49359 249.98625 0.00000 270.35983 -1.00000 0.00000 -999 249.98625
0.22874 0.91440 0.02380 -0.49359 249.98626 0.00000 270.35983 -1.00000 0.00000 -999 249.98626
0.22351 0.91440 0.02440 -0.50512 251.78424 0.00000 270.35480 -1.00000 0.00000 -999 251.78424
0.21827 0.91440 0.02498 -0.51682 253.62914 0.00000 270.34968 -1.00000 0.00000 -999 253.62914
0.21827 0.91440 0.02498 -0.51682 253.62915 0.00000 270.34968 -1.00000 0.00000 -999 253.62915
0.21827 0.91440 0.02498 -0.51682 253.62915 0.00000 270.34968 -1.00000 0.00000 -999 253.62915
0.21304 0.91440 0.02554 -0.52873 255.51471 0.00000 270.34447 -1.00000 0.00000 -999 255.51471
0.21304 0.91440 0.02554 -0.52873 255.51472 0.00000 270.34447 -1.00000 0.00000 -999 255.51472
0.20780 0.91440 0.02609 -0.54083 257.43288 0.00000 270.33918 -1.00000 0.00000 -999 257.43288
0.20780 0.91440 0.02609 -0.54083 257.43288 0.00000 270.33918 -1.00000 0.00000 -999 257.43288
0.20256 0.91440 0.02662 -0.55315 259.56179 0.00000 270.33327 -1.00000 0.00000 -999 259.56179
0.20256 0.91440 0.02662 -0.55315 259.56179 0.00000 270.33327 -1.00000 0.00000 -999 259.56179
0.19732 0.91440 0.02713 -0.56569 261.76467 0.00000 270.32707 -1.00000 0.00000 -999 261.76467
0.19732 0.91440 0.02713 -0.56569 261.76468 0.00000 270.32707 -1.00000 0.00000 -999 261.76468
0.19207 0.91440 0.02763 -0.57842 263.72756 0.00000 270.32146 -1.00000 0.00000 -999 263.72756
0.19207 0.91440 0.02763 -0.57842 263.72756 0.00000 270.32146 -1.00000 0.00000 -999 263.72756
0.18683 0.91440 0.02811 -0.59140 265.69612 0.00000 270.31573 -1.00000 0.00000 -999 265.69612
0.18683 0.91440 0.02811 -0.59140 265.69613 0.00000 270.31573 -1.00000 0.00000 -999 265.69613
0.18158 0.91440 0.02856 -0.60469 267.22686 0.00000 270.31120 -1.00000 0.00000 -999 267.22686
0.17633 0.91440 0.02900 -0.61814 269.22448 0.00000 270.30526 -1.00000 0.00000 -999 269.22448
0.17633 0.91440 0.02900 -0.61814 269.22449 0.00000 270.30526 -1.00000 0.00000 -999 269.22449
0.17633 0.91440 0.02900 -0.61814 269.22449 0.00000 270.30526 -1.00000 0.00000 -999 269.22449
0.17108 0.91440 0.02942 -0.63194 271.69071 0.00000 270.29785 -1.00000 0.00000 -999 271.69071
0.17108 0.91440 0.02942 -0.63194 271.69072 0.00000 270.29785 -1.00000 0.00000 -999 271.69072
0.16583 0.91440 0.02981 -0.64600 273.77134 0.00000 270.29163 -1.00000 0.00000 -999 273.77134
0.16583 0.91440 0.02981 -0.64600 273.77135 0.00000 270.29163 -1.00000 0.00000 -999 273.77135
0.16058 0.91440 0.03019 -0.66037 275.93013 0.00000 270.28527 -1.00000 0.00000 -999 275.93013
0.16058 0.91440 0.03019 -0.66037 275.93014 0.00000 270.28527 -1.00000 0.00000 -999 275.93014
0.15532 0.91440 0.03054 -0.67504 278.19139 0.00000 270.27877 -1.00000 0.00000 -999 278.19139
0.15532 0.91440 0.03054 -0.67504 278.19140 0.00000 270.27877 -1.00000 0.00000 -999 278.19140
0.15006 0.91440 0.03086 -0.69007 280.57539 0.00000 270.27213 -1.00000 0.00000 -999 280.57539
0.15006 0.91440 0.03086 -0.69007 280.57540 0.00000 270.27213 -1.00000 0.00000 -999 280.57540
0.14480 0.91440 0.03116 -0.70530 283.07389 0.00000 270.26532 -1.00000 0.00000 -999 283.07389
0.14480 0.91440 0.03116 -0.70530 283.07390 0.00000 270.26532 -1.00000 0.00000 -999 283.07390
0.13954 0.91440 0.03143 -0.72117 285.64439 0.00000 270.25841 -1.00000 0.00000 -999 285.64439
0.13954 0.91440 0.03143 -0.72117 285.64440 0.00000 270.25841 -1.00000 0.00000 -999 285.64440
0.13452 0.91440 0.03166 -0.73658 288.23374 0.00000 270.25163 -1.00000 0.00000 -999 288.23374
0.13452 0.91440 0.03166 -0.73658 288.23375 0.00000 270.25163 -1.00000 0.00000 -999 288.23375
0.12975 0.91440 0.03185 -0.75164 290.78370 0.00000 270.24500 -1.00000 0.00000 -999 290.78370
0.12975 0.91440 0.03185 -0.75164 290.78371 0.00000 270.24500 -1.00000 0.00000 -999 290.78371
0.12519 0.91440 0.03202 -0.76638 292.72108 0.00000 270.23993 -1.00000 0.00000 -999 292.72108
0.12086 0.91440 0.03215 -0.78072 295.16095 0.00000 270.23359 -1.00000 0.00000 -999 295.16095
0.12086 0.91440 0.03215 -0.78072 295.16096 0.00000 270.23359 -1.00000 0.00000 -999 295.16096
0.12086 0.91440 0.03215 -0.78072 295.16096 0.00000 270.23359 -1.00000 0.00000 -999 295.16096
0.11673 0.91440 0.03225 -0.79468 298.06011 0.00000 270.22603 -1.00000 0.00000 -999 298.06011
0.11673 0.91440 0.03225 -0.79468 298.06012 0.00000 270.22603 -1.00000 0.00000 -999 298.06012
0.11280 0.91440 0.03233 -0.80833 300.38941 0.00000 270.22000 -1.00000 0.00000 -999 300.38941
0.11280 0.91440 0.03233 -0.80833 300.38942 0.00000 270.22000 -1.00000 0.00000 -999 300.38942
0.10905 0.91440 0.03239 -0.82166 302.69618 0.00000 270.21410 -1.00000 0.00000 -999 302.69618
0.10905 0.91440 0.03239 -0.82166 302.69618 0.00000 270.21410 -1.00000 0.00000 -999 302.69618
0.10548 0.91440 0.03242 -0.83476 304.98704 0.00000 270.20835 -1.00000 0.00000 -999 304.98704
0.10548 0.91440 0.03242 -0.83476 304.98705 0.00000 270.20835 -1.00000 0.00000 -999 304.98705
0.10208 0.91440 0.03244 -0.84731 307.26205 0.00000 270.20274 -1.00000 0.00000 -999 307.26205
0.10208 0.91440 0.03244 -0.84731 307.26205 0.00000 270.20274 -1.00000 0.00000 -999 307.26205
0.09885 0.91440 0.03244 -0.85983 309.51513 0.00000 270.19726 -1.00000 0.00000 -999 309.51513
0.09885 0.91440 0.03244 -0.85983 309.51514 0.00000 270.19726 -1.00000 0.00000 -999 309.51514
0.09576 0.91440 0.03242 -0.87176 311.73879 0.00000 270.19191 -1.00000 0.00000 -999 311.73879
0.09576 0.91440 0.03242 -0.87176 311.73880 0.00000 270.19191 -1.00000 0.00000 -999 311.73880
0.09283 0.91440 0.03239 -0.88373 313.75647 0.00000 270.18712 -1.00000 0.00000 -999 313.75647
0.09283 0.91440 0.03239 -0.88373 313.75648 0.00000 270.18712 -1.00000 0.00000 -999 313.75648
0.09003 0.91440 0.03235 -0.89505 315.69622 0.00000 270.18264 -1.00000 0.00000 -999 315.69622
0.08715 0.91440 0.03230 -0.90709 317.94445 0.00000 270.17730 -1.00000 0.00000 -999 317.94445
0.08715 0.91440 0.03230 -0.90709 317.94446 0.00000 270.17730 -1.00000 0.00000 -999 317.94446
0.08715 0.91440 0.03230 -0.90709 317.94446 0.00000 270.17730 -1.00000 0.00000 -999 317.94446
0.08426 0.91440 0.03223 -0.91947 320.22592 0.00000 270.17176 -1.00000 0.00000 -999 320.22592
0.08138 0.91440 0.03214 -0.93234 322.52968 0.00000 270.16603 -1.00000 0.00000 -999 322.52968
0.08138 0.91440 0.03214 -0.93234 322.52969 0.00000 270.16603 -1.00000 0.00000 -999 322.52969
0.08138 0.91440 0.03214 -0.93234 322.52969 0.00000 270.16603 -1.00000 0.00000 -999 322.52969
0.07850 0.91440 0.03203 -0.94547 324.84399 0.00000 270.16016 -1.00000 0.00000 -999 324.84399
0.07850 0.91440 0.03203 -0.94547 324.84400 0.00000 270.16016 -1.00000 0.00000 -999 324.84400
0.07562 0.91440 0.03191 -0.95891 327.18109 0.00000 270.15412 -1.00000 0.00000 -999 327.18109
0.07273 0.91440 0.03178 -0.97290 329.56199 0.00000 270.14786 -1.00000 0.00000 -999 329.56199
0.07273 0.91440 0.03178 -0.97290 329.56200 0.00000 270.14786 -1.00000 0.00000 -999 329.56200
0.07273 0.91440 0.03178 -0.97290 329.56201 0.00000 270.14786 -1.00000 0.00000 -999 329.56201
0.06985 0.91440 0.03162 -0.98740 332.01242 0.00000 270.14137 -1.00000 0.00000 -999 332.01242
0.06985 0.91440 0.03162 -0.98740 332.01243 0.00000 270.14137 -1.00000 0.00000 -999 332.01243
0.06697 0.91440 0.03144 -1.00230 334.57279 0.00000 270.13468 -1.00000 0.00000 -999 334.57279
0.06410 0.91440 0.03124 -1.01771 337.29650 0.00000 270.12774 -1.00000 0.00000 -999 337.29650
0.06410 0.91440 0.03124 -1.01771 337.29651 0.00000 270.12774 -1.00000 0.00000 -999 337.29651
0.06410 0.91440 0.03124 -1.01771 337.29652 0.00000 270.12774 -1.00000 0.00000 -999 337.29652
0.06122 0.91440 0.03103 -1.03388 340.22780 0.00000 270.12048 -1.00000 0.00000 -999 340.22780
0.06122 0.91440 0.03103 -1.03388 340.22781 0.00000 270.12048 -1.00000 0.00000 -999 340.22781
0.05835 0.91440 0.03078 -1.05069 343.39089 0.00000 270.11293 -1.00000 0.00000 -999 343.39089
0.05835 0.91440 0.03078 -1.05069 343.39091 0.00000 270.11293 -1.00000 0.00000 -999 343.39091
0.05547 0.91440 0.03052 -1.06809 346.80216 0.00000 270.10508 -1.00000 0.00000 -999 346.80216
0.05547 0.91440 0.03052 -1.06809 346.80218 0.00000 270.10508 -1.00000 0.00000 -999 346.80218
0.05260 0.91440 0.03023 -1.08626 350.47800 0.00000 270.09686 -1.00000 0.00000 -999 350.47800
0.04974 0.91440 0.02991 -1.10551 354.42245 0.00000 270.08821 -1.00000 0.00000 -999 354.42245
0.04974 0.91440 0.02991 -1.10551 354.42246 0.00000 270.08821 -1.00000 0.00000 -999 354.42246
0.04687 0.91440 0.02956 -1.12556 358.62746 0.00000 270.07914 -1.00000 0.00000 -999 358.62746
0.04687 0.91440 0.02956 -1.12556 358.62747 0.00000 270.07914 -1.00000 0.00000 -999 358.62747
0.04687 0.91440 0.02956 -1.12556 358.62749 0.00000 270.07914 -1.00000 0.00000 -999 358.62749
0.04401 0.91440 0.02918 -1.14654 363.08684 0.00000 270.06960 -1.00000 0.00000 -999 363.08684
0.04401 0.91440 0.02918 -1.14654 363.08686 0.00000 270.06960 -1.00000 0.00000 -999 363.08686
0.04116 0.91440 0.02876 -1.16901 367.76827 0.00000 270.05946 -1.00000 0.00000 -999 367.76827
0.04116 0.91440 0.02876 -1.16901 367.76828 0.00000 270.05946 -1.00000 0.00000 -999 367.76828
0.03831 0.91440 0.02831 -1.19263 372.61489 0.00000 270.04875 -1.00000 0.00000 -999 372.61489
0.03831 0.91440 0.02831 -1.19263 372.61491 0.00000 270.04875 -1.00000 0.00000 -999 372.61491
0.03547 0.91440 0.02782 -1.21749 377.62048 0.00000 270.03738 -1.00000 0.00000 -999 377.62048
0.03547 0.91440 0.02782 -1.21749 377.62050 0.00000 270.03738 -1.00000 0.00000 -999 377.62050
0.03263 0.91440 0.02729 -1.24446 383.38215 0.00000 270.02397 -1.00000 0.00000 -999 383.38215
0.03263 0.91440 0.02729 -1.24446 383.38217 0.00000 270.02397 -1.00000 0.00000 -999 383.38217
0.02981 0.91440 0.02670 -1.27292 389.79271 0.00000 270.00925 -1.00000 0.00000 -999 389.79271
0.02981 0.91440 0.02670 -1.27292 389.79273 0.00000 270.00925 -1.00000 0.00000 -999 389.79273
0.02700 0.91440 0.02606 -1.30302 396.06400 0.00000 269.99518 -1.00000 0.00000 -999 396.06400
0.02700 0.91440 0.02606 -1.30302 396.06403 0.00000 269.99518 -1.00000 0.00000 -999 396.06403
0.02420 0.91440 0.02536 -1.33590 402.77805 0.00000 269.98019 -1.00000 0.00000 -999 402.77805
0.02420 0.91440 0.02536 -1.33590 402.77808 0.00000 269.98019 -1.00000 0.00000 -999 402.77808
0.02142 0.91440 0.02459 -1.36949 409.90698 0.00000 269.96437 0.33333 0.00000 -999 409.90698
0.02142 0.91440 0.02459 -1.36949 409.90700 0.00000 269.96437 0.33334 0.00000 -999 409.90700
0.01866 0.91440 0.02374 -1.40618 417.60706 0.00000 269.94798 1.00000 0.00000 -999 417.60706
0.01866 0.91440 0.02374 -1.40618 417.60709 0.00000 269.94798 1.00000 0.00000 -999 417.60709
0.01594 0.91440 0.02279 -1.44105 423.89257 0.00000 269.93532 1.00000 0.00000 -999 423.89257
0.01325 0.91440 0.02173 -1.47729 430.05146 0.00000 269.92320 1.00000 0.00000 -999 430.05146
0.01325 0.91440 0.02173 -1.47729 430.05149 0.00000 269.92320 1.00000 0.00000 -999 430.05149
0.01063 0.91440 0.02054 -1.49884 436.71689 0.00000 269.91187 1.00000 0.00000 -999 436.71689
0.01063 0.91440 0.02054 -1.49884 436.71691 0.00000 269.91187 1.00000 0.00000 -999 436.71691
0.00809 0.91440 0.01916 -1.50382 575.38873 0.02561 269.53681 1.00000 0.00120 -999 440.03720
0.00809 0.91440 0.01916 -1.50382 575.38950 0.02561 269.53681 1.00000 0.00120 -999 440.03720
0.00592 0.91440 0.01774 -1.47027 916.60240 0.11628 269.11029 1.00000 0.00536 -999 439.59535
0.00592 0.91440 0.01774 -1.47027 916.60354 0.11629 269.11029 1.00000 0.00536 -999 439.59534
0.00417 0.91440 0.01632 -1.37755 1069.79648 0.22921 270.04160 1.00000 0.01020 -999 438.89817
0.00417 0.91440 0.01632 -1.37755 1069.79689 0.22921 270.04161 1.00000 0.01020 -999 438.89817
0.00280 0.91440 0.01492 -1.19068 1102.98140 0.34223 271.03656 1.00000 0.01414 -999 443.61228
0.00280 0.91440 0.01492 -1.19068 1102.98152 0.34223 271.03657 1.00000 0.01414 -999 443.61230
0.00176 0.91440 0.01352 -0.91780 1137.02387 0.46403 272.11558 0.99824 0.01692 -999 455.56809
0.00176 0.91440 0.01352 -0.91780 1137.02400 0.46403 272.11559 0.99824 0.01692 -999 455.56814
0.00103 0.91440 0.01214 -0.54731 1163.63309 0.57770 272.87987 0.93414 0.01626 -999 466.53512
0.00103 0.91440 0.01214 -0.54731 1163.63316 0.57770 272.87987 0.93414 0.01626 -999 466.53515
0.00055 0.91440 0.01073 -0.11734 1123.86419 0.67551 273.15000 0.74727 0.01065 -999 462.09686
0.00055 0.91440 0.01073 -0.11733 1123.86406 0.67551 273.15000 0.74727 0.01065 -999 462.09684
0.00055 0.91440 0.01073 -0.11733 1123.86343 0.67551 273.15000 0.74727 0.01065 -999 462.09677
0.00032 0.91440 0.00930 0.29286 899.34308 0.72941 273.15000 0.53464 0.00477 -999 438.43800
0.00032 0.91440 0.00930 0.29286 899.34200 0.72941 273.15000 0.53464 0.00477 -999 438.43790
0.00035 0.91440 0.00785 0.64568 606.07775 0.77594 273.15000 0.35371 0.00170 -999 410.33721
0.00035 0.91440 0.00785 0.64569 606.07697 0.77594 273.15000 0.35371 0.00170 -999 410.33711
0.00063 0.91440 0.00638 0.88231 429.72856 0.77861 273.15000 0.26322 0.00043 -999 381.35084
0.00063 0.91440 0.00638 0.88231 429.72823 0.77861 273.15000 0.26322 0.00043 -999 381.35074
0.00117 0.91440 0.00490 1.00840 357.46027 0.73636 273.15000 0.23909 0.00004 -999 352.91285
0.00117 0.91440 0.00490 1.00840 357.46013 0.73636 273.15000 0.23909 0.00004 -999 352.91275
0.00202 0.91440 0.00337 1.03168 324.32117 0.70157 273.15000 0.23190 0.00000 -999 324.12510
0.00202 0.91440 0.00337 1.03168 324.32109 0.70157 273.15000 0.23190 0.00000 -999 324.12499
0.00318 0.91440 0.00178 0.98557 305.68938 0.62757 273.15000 0.24420 0.00012 -999 295.24201
0.00318 0.91440 0.00178 0.98557 305.68935 0.62757 273.15000 0.24420 0.00012 -999 295.24191
0.00474 0.91440 0.00013 0.89597 299.49059 0.57285 273.15000 0.25896 0.00030 -999 274.45999
0.00672 0.91440 -0.00160 0.78667 297.58737 0.52078 273.15000 0.28109 0.00052 -999 257.52180
0.00672 0.91440 -0.00160 0.78667 297.58736 0.52078 273.15000 0.28109 0.00052 -999 257.52173
0.00905 0.91440 -0.00332 0.67708 300.64449 0.43232 273.15000 0.33284 0.00086 -999 239.44326
0.00905 0.91440 -0.00332 0.67708 300.64449 0.43232 273.15000 0.33284 0.00086 -999 239.44320
0.00905 0.91440 -0.00332 0.67708 300.64453 0.43232 273.15000 0.33284 0.00086 -999 239.44318
0.01150 0.91440 -0.00487 0.58381 309.06726 0.38802 273.15000 0.37357 0.00113 -999 231.78541
0.01402 0.91440 -0.00629 0.50561 321.61951 0.35519 273.15000 0.42521 0.00133 -999 231.35600
0.01402 0.91440 -0.00629 0.50561 321.61957 0.35519 273.15000 0.42521 0.00133 -999 231.35599
0.01660 0.91440 -0.00761 0.43916 346.64279 0.29682 273.15000 0.52904 0.00162 -999 235.72643
0.01660 0.91440 -0.00761 0.43916 346.64288 0.29682 273.15000 0.52904 0.00162 -999 235.72645
0.01923 0.91440 -0.00884 0.38259 373.64094 0.27312 273.15000 0.60965 0.00190 -999 241.93180
0.01923 0.91440 -0.00884 0.38259 373.64104 0.27312 273.15000 0.60965 0.00190 -999 241.93183
0.02189 0.91440 -0.00999 0.33370 405.23891 0.24472 273.15000 0.73645 0.00222 -999 249.56699
0.02189 0.91440 -0.00999 0.33370 405.23902 0.24472 273.15000 0.73645 0.00222 -999 249.56702
0.02458 0.91440 -0.01108 0.29128 437.58398 0.21569 273.15000 0.89294 0.00255 -999 256.83869
0.02458 0.91440 -0.01108 0.29128 437.58409 0.21569 273.15000 0.89294 0.00255 -999 256.83871
0.02729 0.91440 -0.01210 0.25395 454.38671 0.19566 272.85995 0.97935 0.00267 -999 262.22560
0.02729 0.91440 -0.01210 0.25395 454.38676 0.19566 272.85994 0.97935 0.00267 -999 262.22562
0.03002 0.91440 -0.01307 0.22097 449.50708 0.16939 272.32849 1.00000 0.00247 -999 266.59205
0.03002 0.91440 -0.01307 0.22097 449.50707 0.16939 272.32849 1.00000 0.00247 -999 266.59206
0.03002 0.91440 -0.01307 0.22097 449.50704 0.16939 272.32849 1.00000 0.00247 -999 266.59207
0.03277 0.91440 -0.01400 0.19174 441.33140 0.14921 271.98041 1.00000 0.00226 -999 269.89818
0.03277 0.91440 -0.01400 0.19174 441.33136 0.14921 271.98041 1.00000 0.00226 -999 269.89819
0.03553 0.91440 -0.01488 0.16535 429.10606 0.12972 271.65139 1.00000 0.00203 -999 272.15546
0.03553 0.91440 -0.01488 0.16535 429.10604 0.12972 271.65139 1.00000 0.00203 -999 272.15547
0.03830 0.91440 -0.01573 0.14172 416.29607 0.11265 271.36417 1.00000 0.00181 -999 273.65432
0.03830 0.91440 -0.01573 0.14172 416.29602 0.11265 271.36417 1.00000 0.00181 -999 273.65432
0.04109 0.91440 -0.01654 0.12042 403.48282 0.09819 271.10706 1.00000 0.00162 -999 274.71564
0.04388 0.91440 -0.01731 0.10095 390.71737 0.08499 270.87173 1.00000 0.00143 -999 275.50196
0.04388 0.91440 -0.01731 0.10095 390.71732 0.08499 270.87173 1.00000 0.00143 -999 275.50196
0.04388 0.91440 -0.01731 0.10095 390.71726 0.08499 270.87172 1.00000 0.00143 -999 275.50197
0.04668 0.91440 -0.01805 0.08329 374.64717 0.07070 270.60632 1.00000 0.00121 -999 276.02558
0.04668 0.91440 -0.01805 0.08329 374.64711 0.07070 270.60632 1.00000 0.00121 -999 276.02559
0.04949 0.91440 -0.01877 0.06719 361.43545 0.05963 270.38930 1.00000 0.00104 -999 276.24392
0.04949 0.91440 -0.01877 0.06719 361.43540 0.05963 270.38930 1.00000 0.00104 -999 276.24392
0.05230 0.91440 -0.01946 0.05233 344.65995 0.04703 270.12666 1.00000 0.00084 -999 276.14324
0.05230 0.91440 -0.01946 0.05233 344.65990 0.04703 270.12666 1.00000 0.00084 -999 276.14324
0.05513 0.91440 -0.02012 0.03866 329.79018 0.03648 269.89325 1.00000 0.00066 -999 275.75922
0.05513 0.91440 -0.02012 0.03866 329.79012 0.03648 269.89325 1.00000 0.00066 -999 275.75922
0.05795 0.91440 -0.02076 0.02614 315.95192 0.02716 269.67247 1.00000 0.00050 -999 275.16447
0.05795 0.91440 -0.02076 0.02614 315.95187 0.02716 269.67247 1.00000 0.00050 -999 275.16446
0.06079 0.91440 -0.02138 0.01460 297.59873 0.01528 269.63479 1.00000 0.00028 -999 274.44564
0.06079 0.91440 -0.02138 0.01460 297.59868 0.01528 269.63480 1.00000 0.00028 -999 274.44563
0.06362 0.91440 -0.02198 0.00385 288.71673 0.00982 269.75787 1.00000 0.00018 -999 273.67615
0.06646 0.91440 -0.02255 -0.00606 283.92168 0.00717 269.95278 1.00000 0.00013 -999 272.90149
0.06646 0.91440 -0.02255 -0.00606 283.92164 0.00717 269.95278 1.00000 0.00013 -999 272.90148
0.06646 0.91440 -0.02255 -0.00606 283.92161 0.00717 269.95279 1.00000 0.00013 -999 272.90148
0.06931 0.91440 -0.02311 -0.01520 272.14469 0.00000 270.56611 1.00000 0.00000 -999 272.14469
0.06931 0.91440 -0.02311 -0.01520 272.14469 0.00000 270.56611 1.00000 0.00000 -999 272.14469
0.07216 0.91440 -0.02365 -0.02372 271.41286 0.00000 270.56248 1.00000 0.00000 -999 271.41286
0.07216 0.91440 -0.02365 -0.02372 271.41286 0.00000 270.56248 1.00000 0.00000 -999 271.41286
0.07501 0.91440 -0.02417 -0.03165 270.69684 0.00000 270.55909 1.00000 0.00000 -999 270.69684
0.07501 0.91440 -0.02417 -0.03165 270.69684 0.00000 270.55909 1.00000 0.00000 -999 270.69684
0.07786 0.91440 -0.02467 -0.03903 269.97868 0.00000 270.55595 1.00000 0.00000 -999 269.97868
0.08072 0.91440 -0.02516 -0.04584 269.24581 0.00000 270.55304 1.00000 0.00000 -999 269.24581
0.08072 0.91440 -0.02516 -0.04584 269.24581 0.00000 270.55304 1.00000 0.00000 -999 269.24581
0.08072 0.91440 -0.02516 -0.04584 269.24581 0.00000 270.55304 1.00000 0.00000 -999 269.24581
0.08358 0.91440 -0.02563 -0.05220 268.50037 0.00000 270.55032 1.00000 0.00000 -999 268.50037
0.08358 0.91440 -0.02563 -0.05220 268.50037 0.00000 270.55032 1.00000 0.00000 -999 268.50037
0.08644 0.91440 -0.02609 -0.05818 267.75208 0.00000 270.54777 1.00000 0.00000 -999 267.75208
0.08644 0.91440 -0.02609 -0.05818 267.75207 0.00000 270.54777 1.00000 0.00000 -999 267.75207
0.08933 0.91440 -0.02653 -0.06375 266.92422 0.00000 270.54516 1.00000 0.00000 -999 266.92422
0.08933 0.91440 -0.02653 -0.06375 266.92421 0.00000 270.54516 1.00000 0.00000 -999 266.92421
0.09236 0.91440 -0.02699 -0.06909 266.21503 0.00000 270.54308 1.00000 0.00000 -999 266.21503
0.09555 0.91440 -0.02745 -0.07438 265.56838 0.00000 270.54133 1.00000 0.00000 -999 265.56838
0.09555 0.91440 -0.02745 -0.07438 265.56838 0.00000 270.54133 1.00000 0.00000 -999 265.56838
0.09890 0.91440 -0.02791 -0.07943 264.69114 0.00000 270.53915 1.00000 0.00000 -999 264.69114
0.09890 0.91440 -0.02791 -0.07943 264.69114 0.00000 270.53915 1.00000 0.00000 -999 264.69114
0.10242 0.91440 -0.02838 -0.08433 263.77178 0.00000 270.53704 1.00000 0.00000 -999 263.77178
0.10242 0.91440 -0.02838 -0.08433 263.77177 0.00000 270.53704 1.00000 0.00000 -999 263.77177
0.10611 0.91440 -0.02886 -0.08903 262.59222 0.00000 270.53459 1.00000 0.00000 -999 262.59222
0.10611 0.91440 -0.02886 -0.08903 262.59221 0.00000 270.53458 1.00000 0.00000 -999 262.59221
0.10611 0.91440 -0.02886 -0.08903 262.59221 0.00000 270.53458 1.00000 0.00000 -999 262.59221
0.11000 0.91440 -0.02934 -0.09348 261.33751 0.00000 270.53226 1.00000 0.00000 -999 261.33751
0.11000 0.91440 -0.02934 -0.09348 261.33751 0.00000 270.53226 1.00000 0.00000 -999 261.33751
0.11408 0.91440 -0.02982 -0.09772 260.22549 0.00000 270.53048 1.00000 0.00000 -999 260.22549
0.11408 0.91440 -0.02982 -0.09772 260.22548 0.00000 270.53048 1.00000 0.00000 -999 260.22548
0.11837 0.91440 -0.03030 -0.10171 259.01927 0.00000 270.52881 1.00000 0.00000 -999 259.01927
0.11837 0.91440 -0.03030 -0.10171 259.01927 0.00000 270.52881 1.00000 0.00000 -999 259.01927
0.12288 0.91440 -0.03079 -0.10535 257.71156 0.00000 270.52727 1.00000 0.00000 -999 257.71156
0.12288 0.91440 -0.03079 -0.10535 257.71155 0.00000 270.52727 1.00000 0.00000 -999 257.71155
0.12761 0.91440 -0.03127 -0.10877 256.30928 0.00000 270.52585 1.00000 0.00000 -999 256.30928
0.12761 0.91440 -0.03127 -0.10877 256.30928 0.00000 270.52585 1.00000 0.00000 -999 256.30928
0.13258 0.91440 -0.03175 -0.11182 254.84985 0.00000 270.52457 0.66667 0.00000 -999 254.84985
0.13258 0.91440 -0.03175 -0.11182 254.84984 0.00000 270.52457 0.66666 0.00000 -999 254.84984
0.13781 0.91440 -0.03223 -0.11454 253.71178 0.00000 270.52368 -0.50000 0.00000 -999 253.71178
0.14302 0.91440 -0.03267 -0.11692 252.28898 0.00000 270.52269 -1.00000 0.00000 -999 252.28898
0.14302 0.91440 -0.03267 -0.11692 252.28897 0.00000 270.52269 -1.00000 0.00000 -999 252.28897
0.14302 0.91440 -0.03267 -0.11692 252.28897 0.00000 270.52269 -1.00000 0.00000 -999 252.28897
0.14823 0.91440 -0.03309 -0.11874 250.63626 0.00000 270.52172 -1.00000 0.00000 -999 250.63626
0.14823 0.91440 -0.03309 -0.11874 250.63625 0.00000 270.52172 -1.00000 0.00000 -999 250.63625
0.15345 0.91440 -0.03349 -0.12028 249.36656 0.00000 270.52111 -1.00000 0.00000 -999 249.36656
0.15345 0.91440 -0.03349 -0.12028 249.36656 0.00000 270.52111 -1.00000 0.00000 -999 249.36656
0.15866 0.91440 -0.03386 -0.12141 248.41392 0.00000 270.52073 -1.00000 0.00000 -999 248.41392
0.16388 0.91440 -0.03421 -0.12225 247.22001 0.00000 270.52038 -1.00000 0.00000 -999 247.22001
0.16388 0.91440 -0.03421 -0.12225 247.22001 0.00000 270.52038 -1.00000 0.00000 -999 247.22001
0.16388 0.91440 -0.03421 -0.12225 247.22000 0.00000 270.52038 -1.00000 0.00000 -999 247.22000
0.16910 0.91440 -0.03454 -0.12281 245.87809 0.00000 270.52011 -1.00000 0.00000 -999 245.87809
0.16910 0.91440 -0.03454 -0.12281 245.87809 0.00000 270.52011 -1.00000 0.00000 -999 245.87809
0.17432 0.91440 -0.03484 -0.12310 244.84723 0.00000 270.52001 -1.00000 0.00000 -999 244.84723
0.17432 0.91440 -0.03484 -0.12310 244.84722 0.00000 270.52001 -1.00000 0.00000 -999 244.84722
0.17955 0.91440 -0.03513 -0.12311 243.64757 0.00000 270.52000 -1.00000 0.00000 -999 243.64757
0.17955 0.91440 -0.03513 -0.12311 243.64757 0.00000 270.52000 -1.00000 0.00000 -999 243.64757
0.18477 0.91440 -0.03539 -0.12296 242.43859 0.00000 270.52007 -1.00000 0.00000 -999 242.43859
0.18477 0.91440 -0.03539 -0.12296 242.43859 0.00000 270.52007 -1.00000 0.00000 -999 242.43859
0.19000 0.91440 -0.03564 -0.12260 241.22497 0.00000 270.52022 -1.00000 0.00000 -999 241.22497
0.19000 0.91440 -0.03564 -0.12260 241.22496 0.00000 270.52022 -1.00000 0.00000 -999 241.22496
0.19522 0.91440 -0.03587 -0.12201 240.01501 0.00000 270.52047 -1.00000 0.00000 -999 240.01501
0.19522 0.91440 -0.03587 -0.12201 240.01501 0.00000 270.52047 -1.00000 0.00000 -999 240.01501
0.20045 0.91440 -0.03608 -0.12126 238.82152 0.00000 270.52079 -1.00000 0.00000 -999 238.82152
0.20567 0.91440 -0.03628 -0.12036 237.65643 0.00000 270.52117 -1.00000 0.00000 -999 237.65643
0.20567 0.91440 -0.03628 -0.12036 237.65643 0.00000 270.52117 -1.00000 0.00000 -999 237.65643
0.20567 0.91440 -0.03628 -0.12036 237.65642 0.00000 270.52117 -1.00000 0.00000 -999 237.65642
0.21090 0.91440 -0.03646 -0.11931 236.52749 0.00000 270.52162 -1.00000 0.00000 -999 236.52749
0.21613 0.91440 -0.03662 -0.11812 235.33728 0.00000 270.52218 -1.00000 0.00000 -999 235.33728
0.21613 0.91440 -0.03662 -0.11812 235.33727 0.00000 270.52218 -1.00000 0.00000 -999 235.33727
0.21613 0.91440 -0.03662 -0.11812 235.33727 0.00000 270.52218 -1.00000 0.00000 -999 235.33727
0.22136 0.91440 -0.03677 -0.11682 234.38859 0.00000 270.52269 -1.00000 0.00000 -999 234.38859
0.22659 0.91440 -0.03690 -0.11539 233.47401 0.00000 270.52324 -1.00000 0.00000 -999 233.47401
0.22659 0.91440 -0.03690 -0.11539 233.47401 0.00000 270.52324 -1.00000 0.00000 -999 233.47401
0.23182 0.91440 -0.03702 -0.11385 232.39978 0.00000 270.52395 -1.00000 0.00000 -999 232.39978
0.23182 0.91440 -0.03702 -0.11385 232.39978 0.00000 270.52395 -1.00000 0.00000 -999 232.39978
0.23182 0.91440 -0.03702 -0.11385 232.39978 0.00000 270.52395 -1.00000 0.00000 -999 232.39978
0.23705 0.91440 -0.03712 -0.11222 231.44533 0.00000 270.52465 -1.00000 0.00000 -999 231.44533
0.24227 0.91440 -0.03722 -0.11049 230.63218 0.00000 270.52529 -1.00000 0.00000 -999 230.63218
0.24227 0.91440 -0.03722 -0.11049 230.63217 0.00000 270.52529 -1.00000 0.00000 -999 230.63217
0.24750 0.91440 -0.03730 -0.10868 229.78609 0.00000 270.52599 -1.00000 0.00000 -999 229.78609
0.24750 0.91440 -0.03730 -0.10868 229.78609 0.00000 270.52599 -1.00000 0.00000 -999 229.78609
0.25273 0.91440 -0.03736 -0.10680 228.86284 0.00000 270.52679 -1.00000 0.00000 -999 228.86284
0.25273 0.91440 -0.03736 -0.10680 228.86284 0.00000 270.52679 -1.00000 0.00000 -999 228.86284
0.25797 0.91440 -0.03742 -0.10484 227.94054 0.00000 270.52762 -1.00000 0.00000 -999 227.94054
0.25797 0.91440 -0.03742 -0.10484 227.94053 0.00000 270.52762 -1.00000 0.00000 -999 227.94053
0.26320 0.91440 -0.03746 -0.10281 227.01638 0.00000 270.52848 -1.00000 0.00000 -999 227.01638
0.26320 0.91440 -0.03746 -0.10281 227.01637 0.00000 270.52848 -1.00000 0.00000 -999 227.01637
0.26843 0.91440 -0.03750 -0.10072 226.08941 0.00000 270.52936 -1.00000 0.00000 -999 226.08941
0.26843 0.91440 -0.03750 -0.10072 226.08941 0.00000 270.52936 -1.00000 0.00000 -999 226.08941
0.27366 0.91440 -0.03752 -0.09858 225.16013 0.00000 270.53028 -1.00000 0.00000 -999 225.16013
0.27366 0.91440 -0.03752 -0.09858 225.16013 0.00000 270.53028 -1.00000 0.00000 -999 225.16013
0.27889 0.91440 -0.03753 -0.09637 224.23028 0.00000 270.53121 -1.00000 0.00000 -999 224.23028
0.27889 0.91440 -0.03753 -0.09637 224.23028 0.00000 270.53121 -1.00000 0.00000 -999 224.23028
0.28412 0.91440 -0.03753 -0.09412 223.30270 0.00000 270.53217 -1.00000 0.00000 -999 223.30270
0.28412 0.91440 -0.03753 -0.09412 223.30270 0.00000 270.53217 -1.00000 0.00000 -999 223.30270
0.28935 0.91440 -0.03752 -0.09181 222.38078 0.00000 270.53315 -1.00000 0.00000 -999 222.38078
0.28935 0.91440 -0.03752 -0.09181 222.38077 0.00000 270.53315 -1.00000 0.00000 -999 222.38077
0.29458 0.91440 -0.03750 -0.08945 221.46794 0.00000 270.53416 -1.00000 0.00000 -999 221.46794
0.29458 0.91440 -0.03750 -0.08945 221.46794 0.00000 270.53416 -1.00000 0.00000 -999 221.46794
0.29981 0.91440 -0.03747 -0.08705 220.56758 0.00000 270.53518 -1.00000 0.00000 -999 220.56758
0.29981 0.91440 -0.03747 -0.08705 220.56758 0.00000 270.53518 -1.00000 0.00000 -999 220.56758
0.30504 0.91440 -0.03743 -0.08461 219.68264 0.00000 270.53622 -1.00000 0.00000 -999 219.68264
0.30504 0.91440 -0.03743 -0.08461 219.68264 0.00000 270.53622 -1.00000 0.00000 -999 219.68264
0.31027 0.91440 -0.03739 -0.08211 218.81527 0.00000 270.53728 -1.00000 0.00000 -999 218.81527
0.31027 0.91440 -0.03739 -0.08211 218.81527 0.00000 270.53728 -1.00000 0.00000 -999 218.81527
0.31550 0.91440 -0.03733 -0.07958 217.96676 0.00000 270.53836 -1.00000 0.00000 -999 217.96676
0.31550 0.91440 -0.03733 -0.07958 217.96676 0.00000 270.53836 -1.00000 0.00000 -999 217.96676
0.32073 0.91440 -0.03727 -0.07700 217.13750 0.00000 270.53946 -1.00000 0.00000 -999 217.13750
0.32073 0.91440 -0.03727 -0.07700 217.13750 0.00000 270.53946 -1.00000 0.00000 -999 217.13750
0.32596 0.91440 -0.03720 -0.07437 216.32715 0.00000 270.54057 -1.00000 0.00000 -999 216.32715
0.32596 0.91440 -0.03720 -0.07437 216.32715 0.00000 270.54057 -1.00000 0.00000 -999 216.32715
0.33119 0.91440 -0.03712 -0.07170 215.53488 0.00000 270.54171 -1.00000 0.00000 -999 215.53488
0.33119 0.91440 -0.03712 -0.07170 215.53488 0.00000 270.54171 -1.00000 0.00000 -999 215.53488
0.33642 0.91440 -0.03703 -0.06899 214.75921 0.00000 270.54286 -1.00000 0.00000 -999 214.75921
0.33642 0.91440 -0.03703 -0.06899 214.75921 0.00000 270.54286 -1.00000 0.00000 -999 214.75921
0.34165 0.91440 -0.03693 -0.06622 213.90255 0.00000 270.54419 -1.00000 0.00000 -999 213.90255
0.34165 0.91440 -0.03693 -0.06622 213.90255 0.00000 270.54419 -1.00000 0.00000 -999 213.90255
0.34688 0.91440 -0.03683 -0.06342 213.08436 0.00000 270.54550 -1.00000 0.00000 -999 213.08436
0.34688 0.91440 -0.03683 -0.06342 213.08435 0.00000 270.54550 -1.00000 0.00000 -999 213.08435
0.35211 0.91440 -0.03672 -0.06057 212.34503 0.00000 270.54672 -1.00000 0.00000 -999 212.34503
0.35211 0.91440 -0.03672 -0.06057 212.34503 0.00000 270.54672 -1.00000 0.00000 -999 212.34503
0.35734 0.91440 -0.03660 -0.05764 211.61007 0.00000 270.54796 -1.00000 0.00000 -999 211.61007
0.35734 0.91440 -0.03660 -0.05764 211.61007 0.00000 270.54796 -1.00000 0.00000 -999 211.61007
0.36257 0.91440 -0.03647 -0.05467 210.87706 0.00000 270.54923 -1.00000 0.00000 -999 210.87706
0.36257 0.91440 -0.03647 -0.05467 210.87706 0.00000 270.54923 -1.00000 0.00000 -999 210.87706
0.36779 0.91440 -0.03634 -0.05164 210.14396 0.00000 270.55053 -1.00000 0.00000 -999 210.14396
0.36779 0.91440 -0.03634 -0.05164 210.14396 0.00000 270.55053 -1.00000 0.00000 -999 210.14396
0.37302 0.91440 -0.03620 -0.04855 209.40936 0.00000 270.55184 -1.00000 0.00000 -999 209.40936
0.37302 0.91440 -0.03620 -0.04855 209.40936 0.00000 270.55184 -1.00000 0.00000 -999 209.40936
0.37825 0.91440 -0.03605 -0.04542 208.66939 0.00000 270.55318 -1.00000 0.00000 -999 208.66939
0.37825 0.91440 -0.03605 -0.04542 208.66939 0.00000 270.55318 -1.00000 0.00000 -999 208.66939
0.38348 0.91440 -0.03589 -0.04217 207.92034 0.00000 270.55456 -1.00000 0.00000 -999 207.92034
0.38348 0.91440 -0.03589 -0.04217 207.92033 0.00000 270.55456 -1.00000 0.00000 -999 207.92033
0.38871 0.91440 -0.03573 -0.03885 207.16181 0.00000 270.55598 -1.00000 0.00000 -999 207.16181
0.38871 0.91440 -0.03573 -0.03885 207.16181 0.00000 270.55598 -1.00000 0.00000 -999 207.16181
0.39394 0.91440 -0.03556 -0.03547 206.39361 0.00000 270.55743 -1.00000 0.00000 -999 206.39361
0.39394 0.91440 -0.03556 -0.03547 206.39361 0.00000 270.55743 -1.00000 0.00000 -999 206.39361
0.39916 0.91440 -0.03539 -0.03198 205.71989 0.00000 270.55871 -1.00000 0.00000 -999 205.71989
0.39916 0.91440 -0.03539 -0.03198 205.71988 0.00000 270.55871 -1.00000 0.00000 -999 205.71988
0.40439 0.91440 -0.03521 -0.02840 204.99985 0.00000 270.56009 -1.00000 0.00000 -999 204.99985
0.40439 0.91440 -0.03521 -0.02840 204.99985 0.00000 270.56009 -1.00000 0.00000 -999 204.99985
0.40962 0.91440 -0.03502 -0.02470 204.09285 0.00000 270.56186 -1.00000 0.00000 -999 204.09285
0.40962 0.91440 -0.03502 -0.02470 204.09285 0.00000 270.56186 -1.00000 0.00000 -999 204.09285
0.40962 0.91440 -0.03502 -0.02470 204.09285 0.00000 270.56186 -1.00000 0.00000 -999 204.09285
0.41484 0.91440 -0.03482 -0.02088 203.19403 0.00000 270.56364 -1.00000 0.00000 -999 203.19403
0.41484 0.91440 -0.03482 -0.02088 203.19403 0.00000 270.56364 -1.00000 0.00000 -999 203.19403
0.42007 0.91440 -0.03462 -0.01692 202.35539 0.00000 270.56533 -1.00000 0.00000 -999 202.35539
0.42007 0.91440 -0.03462 -0.01692 202.35539 0.00000 270.56533 -1.00000 0.00000 -999 202.35539
0.42530 0.91440 -0.03441 -0.01282 201.49875 0.00000 270.56708 -1.00000 0.00000 -999 201.49875
0.42530 0.91440 -0.03441 -0.01282 201.49875 0.00000 270.56708 -1.00000 0.00000 -999 201.49875
0.43052 0.91440 -0.03420 -0.00855 200.62302 0.00000 270.56889 -1.00000 0.00000 -999 200.62302
0.43052 0.91440 -0.03420 -0.00855 200.62301 0.00000 270.56889 -1.00000 0.00000 -999 200.62301
0.43575 0.91440 -0.03397 -0.00410 199.72720 0.00000 270.57079 -1.00000 0.00000 -999 199.72720
0.43575 0.91440 -0.03397 -0.00410 199.72719 0.00000 270.57079 -1.00000 0.00000 -999 199.72719
0.44098 0.91440 -0.03374 0.00053 198.80950 0.00000 270.57276 -1.00000 0.00000 -999 198.80950
0.44098 0.91440 -0.03374 0.00053 198.80950 0.00000 270.57276 -1.00000 0.00000 -999 198.80950
0.44620 0.91440 -0.03351 0.00538 197.99471 0.00000 270.57454 -1.00000 0.00000 -999 197.99471
0.45143 0.91440 -0.03327 0.01050 196.98627 0.00000 270.57679 -1.00000 0.00000 -999 196.98627
0.45143 0.91440 -0.03327 0.01050 196.98626 0.00000 270.57679 -1.00000 0.00000 -999 196.98626
0.45665 0.91440 -0.03302 0.01587 195.88676 0.00000 270.57929 -1.00000 0.00000 -999 195.88676
0.45665 0.91440 -0.03302 0.01587 195.88675 0.00000 270.57929 -1.00000 0.00000 -999 195.88675
0.46187 0.91440 -0.03276 0.02156 194.84137 0.00000 270.58172 -1.00000 0.00000 -999 194.84137
0.46187 0.91440 -0.03276 0.02156 194.84137 0.00000 270.58172 -1.00000 0.00000 -999 194.84137
0.46187 0.91440 -0.03276 0.02156 194.84137 0.00000 270.58172 -1.00000 0.00000 -999 194.84137
0.46710 0.91440 -0.03250 0.02762 193.75106 0.00000 270.58429 -1.00000 0.00000 -999 193.75106
0.46710 0.91440 -0.03250 0.02762 193.75105 0.00000 270.58429 -1.00000 0.00000 -999 193.75105
0.47232 0.91440 -0.03223 0.03404 192.60835 0.00000 270.58703 -1.00000 0.00000 -999 192.60835
0.47232 0.91440 -0.03223 0.03404 192.60834 0.00000 270.58703 -1.00000 0.00000 -999 192.60834
0.47754 0.91440 -0.03195 0.04095 191.40217 0.00000 270.58996 -1.00000 0.00000 -999 191.40217
0.47754 0.91440 -0.03195 0.04095 191.40216 0.00000 270.58996 -1.00000 0.00000 -999 191.40216
0.48277 0.91440 -0.03166 0.04836 190.12106 0.00000 270.59312 -1.00000 0.00000 -999 190.12106
0.48277 0.91440 -0.03166 0.04836 190.12106 0.00000 270.59312 -1.00000 0.00000 -999 190.12106
0.48799 0.91440 -0.03137 0.05640 188.74828 0.00000 270.59654 -1.00000 0.00000 -999 188.74828
0.48799 0.91440 -0.03137 0.05640 188.74827 0.00000 270.59654 -1.00000 0.00000 -999 188.74827
0.49321 0.91440 -0.03107 0.06513 187.26477 0.00000 270.60026 -1.00000 0.00000 -999 187.26477
0.49321 0.91440 -0.03107 0.06513 187.26477 0.00000 270.60026 -1.00000 0.00000 -999 187.26477
0.49843 0.91440 -0.03077 0.07477 185.64201 0.00000 270.60435 -1.00000 0.00000 -999 185.64201
0.49843 0.91440 -0.03077 0.07477 185.64200 0.00000 270.60435 -1.00000 0.00000 -999 185.64200
0.50365 0.91440 -0.03045 0.08539 183.84553 0.00000 270.60889 -1.00000 0.00000 -999 183.84553
0.50365 0.91440 -0.03045 0.08539 183.84553 0.00000 270.60889 -1.00000 0.00000 -999 183.84553
0.50887 0.91440 -0.03013 0.09735 181.83251 0.00000 270.61397 -1.00000 0.00000 -999 181.83251
0.50887 0.91440 -0.03013 0.09735 181.83250 0.00000 270.61397 -1.00000 0.00000 -999 181.83250
0.51409 0.91440 -0.02980 0.11085 179.51500 0.00000 270.61973 -1.00000 0.00000 -999 179.51500
0.51409 0.91440 -0.02980 0.11085 179.51499 0.00000 270.61973 -1.00000 0.00000 -999 179.51499
0.51931 0.91440 -0.02946 0.12648 176.86032 0.00000 270.62643 -1.00000 0.00000 -999 176.86032
0.51931 0.91440 -0.02946 0.12648 176.86031 0.00000 270.62643 -1.00000 0.00000 -999 176.86031
0.52453 0.91440 -0.02911 0.14519 174.55210 0.00000 270.63376 -1.00000 0.00000 -999 174.55210
0.52453 0.91440 -0.02911 0.14519 174.55209 0.00000 270.63376 -1.00000 0.00000 -999 174.55209
0.52843 0.91440 -0.02885 0.16087 174.02665 0.00000 270.64059 -1.00000 0.00000 -999 174.02665
0.52843 0.91440 -0.02885 0.16087 174.02667 0.00000 270.64059 -1.00000 0.00000 -999 174.02667
0.53086 0.91440 -0.02868 0.17573 179.00706 0.00000 270.64547 -1.00000 0.00000 -999 179.00706
0.53086 0.91440 -0.02868 0.17573 179.00708 0.00000 270.64547 -1.00000 0.00000 -999 179.00708
0.53238 0.91440 -0.02858 0.17503 184.27886 0.00000 270.64677 -1.00000 0.00000 -999 184.27886

ZONE T="SLICE_Y_0p9144_BINS03_KS_VAR_CUTDATA"
0.53247 0.91440 -0.02724 0.17054 158.53926 0.00000 270.64478 -1.00000 0.00000 -999 158.53926
0.53098 0.91440 -0.02692 0.17070 154.23984 0.00000 270.64359 -1.00000 0.00000 -999 154.23984
0.53098 0.91440 -0.02692 0.17070 154.23982 0.00000 270.64359 -1.00000 0.00000 -999 154.23982
0.52859 0.91440 -0.02641 0.15778 150.87920 0.00000 270.63900 -1.00000 0.00000 -999 150.87920
0.52859 0.91440 -0.02641 0.15778 150.87919 0.00000 270.63900 -1.00000 0.00000 -999 150.87919
0.52477 0.91440 -0.02561 0.14102 153.04818 0.00000 270.63180 -1.00000 0.00000 -999 153.04818
0.52477 0.91440 -0.02561 0.14102 153.04818 0.00000 270.63180 -1.00000 0.00000 -999 153.04818
0.51962 0.91440 -0.02453 0.11906 156.99208 0.00000 270.62316 -1.00000 0.00000 -999 156.99208
0.51962 0.91440 -0.02453 0.11906 156.99210 0.00000 270.62316 -1.00000 0.00000 -999 156.99210
0.51446 0.91440 -0.02346 0.09877 161.10583 0.00000 270.61456 -1.00000 0.00000 -999 161.10583
0.51446 0.91440 -0.02346 0.09877 161.10584 0.00000 270.61456 -1.00000 0.00000 -999 161.10584
0.50930 0.91440 -0.02240 0.07998 164.82141 0.00000 270.60657 -1.00000 0.00000 -999 164.82141
0.50930 0.91440 -0.02240 0.07998 164.82142 0.00000 270.60657 -1.00000 0.00000 -999 164.82142
0.50414 0.91440 -0.02135 0.06229 168.15121 0.00000 270.59907 -1.00000 0.00000 -999 168.15121
0.50414 0.91440 -0.02135 0.06229 168.15123 0.00000 270.59907 -1.00000 0.00000 -999 168.15123
0.50414 0.91440 -0.02135 0.06229 168.15124 0.00000 270.59907 -1.00000 0.00000 -999 168.15124
0.49898 0.91440 -0.02031 0.04572 171.16076 0.00000 270.59202 -1.00000 0.00000 -999 171.16076
0.49381 0.91440 -0.01927 0.03002 173.91508 0.00000 270.58536 -1.00000 0.00000 -999 173.91508
0.49381 0.91440 -0.01927 0.03002 173.91509 0.00000 270.58536 -1.00000 0.00000 -999 173.91509
0.48865 0.91440 -0.01824 0.01517 176.45250 0.00000 270.57903 -1.00000 0.00000 -999 176.45250
0.48865 0.91440 -0.01824 0.01517 176.45251 0.00000 270.57903 -1.00000 0.00000 -999 176.45251
0.48348 0.91440 -0.01722 0.00102 178.81093 0.00000 270.57301 -1.00000 0.00000 -999 178.81093
0.48348 0.91440 -0.01722 0.00102 178.81094 0.00000 270.57301 -1.00000 0.00000 -999 178.81094
0.47831 0.91440 -0.01620 -0.01250 181.01402 0.00000 270.56725 -1.00000 0.00000 -999 181.01402
0.47831 0.91440 -0.01620 -0.01250 181.01403 0.00000 270.56725 -1.00000 0.00000 -999 181.01403
0.47314 0.91440 -0.01519 -0.02545 183.08428 0.00000 270.56173 -1.00000 0.00000 -999 183.08428
0.47314 0.91440 -0.01519 -0.02545 183.08429 0.00000 270.56173 -1.00000 0.00000 -999 183.08429
0.46797 0.91440 -0.01419 -0.03789 185.03744 0.00000 270.55642 -1.00000 0.00000 -999 185.03744
0.46797 0.91440 -0.01419 -0.03789 185.03744 0.00000 270.55642 -1.00000 0.00000 -999 185.03744
0.46280 0.91440 -0.01320 -0.04989 186.88942 0.00000 270.55130 -1.00000 0.00000 -999 186.88942
0.46280 0.91440 -0.01320 -0.04989 186.88943 0.00000 270.55130 -1.00000 0.00000 -999 186.88943
0.45763 0.91440 -0.01221 -0.06150 188.65146 0.00000 270.54635 -1.00000 0.00000 -999 188.65146
0.45763 0.91440 -0.01221 -0.06150 188.65147 0.00000 270.54635 -1.00000 0.00000 -999 188.65147
0.45763 0.91440 -0.01221 -0.06150 188.65148 0.00000 270.54635 -1.00000 0.00000 -999 188.65148
0.45245 0.91440 -0.01123 -0.07276 190.33497 0.00000 270.54154 -1.00000 0.00000 -999 190.33497
0.44728 0.91440 -0.01026 -0.08370 191.94801 0.00000 270.53686 -1.00000 0.00000 -999 191.94801
0.44728 0.91440 -0.01026 -0.08370 191.94802 0.00000 270.53686 -1.00000 0.00000 -999 191.94802
0.44210 0.91440 -0.00929 -0.09437 193.49938 0.00000 270.53230 -1.00000 0.00000 -999 193.49938
0.44210 0.91440 -0.00929 -0.09437 193.49939 0.00000 270.53230 -1.00000 0.00000 -999 193.49939
0.43692 0.91440 -0.00833 -0.10480 194.99613 0.00000 270.52784 -1.00000 0.00000 -999 194.99613
0.43692 0.91440 -0.00833 -0.10480 194.99613 0.00000 270.52784 -1.00000 0.00000 -999 194.99613
0.43174 0.91440 -0.00738 -0.11499 196.44421 0.00000 270.52348 -1.00000 0.00000 -999 196.44421
0.43174 0.91440 -0.00738 -0.11499 196.44421 0.00000 270.52348 -1.00000 0.00000 -999 196.44421
0.43174 0.91440 -0.00738 -0.11499 196.44422 0.00000 270.52348 -1.00000 0.00000 -999 196.44422
0.42656 0.91440 -0.00643 -0.12499 197.84945 0.00000 270.51919 -1.00000 0.00000 -999 197.84945
0.42138 0.91440 -0.00549 -0.13483 199.21876 0.00000 270.51498 -1.00000 0.00000 -999 199.21876
0.42138 0.91440 -0.00549 -0.13483 199.21877 0.00000 270.51498 -1.00000 0.00000 -999 199.21877
0.41619 0.91440 -0.00456 -0.14451 200.55740 0.00000 270.51083 -1.00000 0.00000 -999 200.55740
0.41619 0.91440 -0.00456 -0.14451 200.55741 0.00000 270.51083 -1.00000 0.00000 -999 200.55741
0.41101 0.91440 -0.00363 -0.15407 201.87009 0.00000 270.50673 -1.00000 0.00000 -999 201.87009
0.41101 0.91440 -0.00363 -0.15407 201.87010 0.00000 270.50673 -1.00000 0.00000 -999 201.87010
0.40582 0.91440 -0.00271 -0.16351 203.16156 0.00000 270.50268 -1.00000 0.00000 -999 203.16156
0.40582 0.91440 -0.00271 -0.16351 203.16156 0.00000 270.50268 -1.00000 0.00000 -999 203.16156
0.40063 0.91440 -0.00180 -0.17286 204.43656 0.00000 270.49867 -1.00000 0.00000 -999 204.43656
0.40063 0.91440 -0.00180 -0.17286 204.43657 0.00000 270.49867 -1.00000 0.00000 -999 204.43657
0.40063 0.91440 -0.00180 -0.17286 204.43657 0.00000 270.49867 -1.00000 0.00000 -999 204.43657
0.39544 0.91440 -0.00089 -0.18213 205.69911 0.00000 270.49469 -1.00000 0.00000 -999 205.69911
0.39544 0.91440 -0.00089 -0.18213 205.69911 0.00000 270.49469 -1.00000 0.00000 -999 205.69911
0.39026 0.91440 0.00001 -0.19134 206.95241 0.00000 270.49073 -1.00000 0.00000 -999 206.95241
0.39026 0.91440 0.00001 -0.19134 206.95241 0.00000 270.49073 -1.00000 0.00000 -999 206.95241
0.38506 0.91440 0.00090 -0.20046 208.19958 0.00000 270.48681 -1.00000 0.00000 -999 208.19958
0.38506 0.91440 0.00090 -0.20046 208.19958 0.00000 270.48681 -1.00000 0.00000 -999 208.19958
0.37987 0.91440 0.00179 -0.20955 209.44531 0.00000 270.48290 -1.00000 0.00000 -999 209.44531
0.37987 0.91440 0.00179 -0.20955 209.44532 0.00000 270.48290 -1.00000 0.00000 -999 209.44532
0.37468 0.91440 0.00266 -0.21863 210.69380 0.00000 270.47899 -1.00000 0.00000 -999 210.69380
0.36948 0.91440 0.00354 -0.22770 211.94629 0.00000 270.47509 -1.00000 0.00000 -999 211.94629
0.36948 0.91440 0.00354 -0.22770 211.94629 0.00000 270.47509 -1.00000 0.00000 -999 211.94629
0.36429 0.91440 0.00440 -0.23671 213.20358 0.00000 270.47121 -1.00000 0.00000 -999 213.20358
0.36429 0.91440 0.00440 -0.23671 213.20359 0.00000 270.47121 -1.00000 0.00000 -999 213.20359
0.36429 0.91440 0.00440 -0.23671 213.20359 0.00000 270.47121 -1.00000 0.00000 -999 213.20359
0.35909 0.91440 0.00526 -0.24575 214.46923 0.00000 270.46731 -1.00000 0.00000 -999 214.46923
0.35389 0.91440 0.00611 -0.25482 215.74576 0.00000 270.46341 -1.00000 0.00000 -999 215.74576
0.35389 0.91440 0.00611 -0.25482 215.74577 0.00000 270.46341 -1.00000 0.00000 -999 215.74577
0.35389 0.91440 0.00611 -0.25482 215.74577 0.00000 270.46341 -1.00000 0.00000 -999 215.74577
0.34870 0.91440 0.00695 -0.26388 217.03188 0.00000 270.45950 -1.00000 0.00000 -999 217.03188
0.34870 0.91440 0.00695 -0.26388 217.03189 0.00000 270.45950 -1.00000 0.00000 -999 217.03189
0.34349 0.91440 0.00778 -0.27297 218.32757 0.00000 270.45558 -1.00000 0.00000 -999 218.32757
0.34349 0.91440 0.00778 -0.27297 218.32757 0.00000 270.45558 -1.00000 0.00000 -999 218.32757
0.33829 0.91440 0.00861 -0.28210 219.63416 0.00000 270.45164 -1.00000 0.00000 -999 219.63416
0.33829 0.91440 0.00861 -0.28210 219.63416 0.00000 270.45164 -1.00000 0.00000 -999 219.63416
0.33309 0.91440 0.00943 -0.29127 220.95087 0.00000 270.44768 -1.00000 0.00000 -999 220.95087
0.33309 0.91440 0.00943 -0.29127 220.95088 0.00000 270.44768 -1.00000 0.00000 -999 220.95088
0.32789 0.91440 0.01024 -0.30048 222.27667 0.00000 270.44370 -1.00000 0.00000 -999 222.27667
0.32789 0.91440 0.01024 -0.30048 222.27668 0.00000 270.44370 -1.00000 0.00000 -999 222.27668
0.32268 0.91440 0.01104 -0.30975 223.61101 0.00000 270.43969 -1.00000 0.00000 -999 223.61101
0.32268 0.91440 0.01104 -0.30975 223.61102 0.00000 270.43969 -1.00000 0.00000 -999 223.61102
0.31747 0.91440 0.01184 -0.31908 224.95317 0.00000 270.43566 -1.00000 0.00000 -999 224.95317
0.31227 0.91440 0.01262 -0.32849 226.30214 0.00000 270.43159 -1.00000 0.00000 -999 226.30214
0.31227 0.91440 0.01262 -0.32849 226.30215 0.00000 270.43159 -1.00000 0.00000 -999 226.30215
0.31227 0.91440 0.01262 -0.32849 226.30215 0.00000 270.43159 -1.00000 0.00000 -999 226.30215
0.30706 0.91440 0.01340 -0.33797 227.65694 0.00000 270.42748 -1.00000 0.00000 -999 227.65694
0.30706 0.91440 0.01340 -0.33797 227.65694 0.00000 270.42748 -1.00000 0.00000 -999 227.65694
0.30185 0.91440 0.01417 -0.34754 229.01706 0.00000 270.42334 -1.00000 0.00000 -999 229.01706
0.30185 0.91440 0.01417 -0.34754 229.01706 0.00000 270.42334 -1.00000 0.00000 -999 229.01706
0.29663 0.91440 0.01493 -0.35720 230.38262 0.00000 270.41915 -1.00000 0.00000 -999 230.38262
0.29663 0.91440 0.01493 -0.35720 230.38263 0.00000 270.41915 -1.00000 0.00000 -999 230.38263
0.29142 0.91440 0.01568 -0.36695 231.75430 0.00000 270.41493 -1.00000 0.00000 -999 231.75430
0.29142 0.91440 0.01568 -0.36695 231.75430 0.00000 270.41493 -1.00000 0.00000 -999 231.75430
0.28621 0.91440 0.01642 -0.37681 233.13354 0.00000 270.41065 -1.00000 0.00000 -999 233.13354
0.28621 0.91440 0.01642 -0.37681 233.13354 0.00000 270.41065 -1.00000 0.00000 -999 233.13354
0.28099 0.91440 0.01715 -0.38677 234.52278 0.00000 270.40633 -1.00000 0.00000 -999 234.52278
0.28099 0.91440 0.01715 -0.38677 234.52278 0.00000 270.40633 -1.00000 0.00000 -999 234.52278
0.27577 0.91440 0.01786 -0.39685 235.92531 0.00000 270.40195 -1.00000 0.00000 -999 235.92531
0.27055 0.91440 0.01857 -0.40704 237.34539 0.00000 270.39752 -1.00000 0.00000 -999 237.34539
0.27055 0.91440 0.01857 -0.40704 237.34540 0.00000 270.39752 -1.00000 0.00000 -999 237.34540
0.26533 0.91440 0.01927 -0.41736 238.78821 0.00000 270.39304 -1.00000 0.00000 -999 238.78821
0.26533 0.91440 0.01927 -0.41736 238.78821 0.00000 270.39304 -1.00000 0.00000 -999 238.78821
0.26011 0.91440 0.01995 -0.42782 240.25953 0.00000 270.38849 -1.00000 0.00000 -999 240.25953
0.26011 0.91440 0.01995 -0.42782 240.25954 0.00000 270.38849 -1.00000 0.00000 -999 240.25954
0.25489 0.91440 0.02063 -0.43840 241.76539 0.00000 270.38388 -1.00000 0.00000 -999 241.76539
0.25489 0.91440 0.02063 -0.43840 241.76539 0.00000 270.38388 -1.00000 0.00000 -999 241.76539
0.24966 0.91440 0.02129 -0.44914 243.31174 0.00000 270.37921 -1.00000 0.00000 -999 243.31174
0.24966 0.91440 0.02129 -0.44914 243.31175 0.00000 270.37921 -1.00000 0.00000 -999 243.31175
0.24443 0.91440 0.02194 -0.46002 244.90373 0.00000 270.37447 -1.00000 0.00000 -999 244.90373
0.24443 0.91440 0.02194 -0.46002 244.90373 0.00000 270.37447 -1.00000 0.00000 -999 244.90373
0.23920 0.91440 0.02257 -0.47104 246.54533 0.00000 270.36967 -1.00000 0.00000 -999 246.54533
0.23920 0.91440 0.02257 -0.47104 246.54533 0.00000 270.36967 -1.00000 0.00000 -999 246.54533
0.23397 0.91440 0.02320 -0.48223 248.23929 0.00000 270.36479 -1.00000 0.00000 -999 248.23929
0.23397 0.91440 0.02320 -0.48223 248.23930 0.00000 270.36479 -1.00000 0.00000 -999 248.23930
0.22874 0.91440 0.02380 -0.49359 249.98625 0.00000 270.35983 -1.00000 0.00000 -999 249.98625
0.22874 0.91440 0.02380 -0.49359 249.98625 0.00000 270.35983 -1.00000 0.00000 -999 249.98625
0.22874 0.91440 0.02380 -0.49359 249.98626 0.00000 270.35983 -1.00000 0.00000 -999 249.98626
0.22351 0.91440 0.02440 -0.50512 251.78424 0.00000 270.35480 -1.00000 0.00000 -999 251.78424
0.21827 0.91440 0.02498 -0.51682 253.62914 0.00000 270.34968 -1.00000 0.00000 -999 253.62914
0.21827 0.91440 0.02498 -0.51682 253.62915 0.00000 270.34968 -1.00000 0.00000 -999 253.62915
0.21827 0.91440 0.02498 -0.51682 253.62915 0.00000 270.34968 -1.00000 0.00000 -999 253.62915
0.21304 0.91440 0.02554 -0.52873 255.51471 0.00000 270.34447 -1.00000 0.00000 -999 255.51471
0.21304 0.91440 0.02554 -0.52873 255.51472 0.00000 270.34447 -1.00000 0.00000 -999 255.51472
0.20780 0.91440 0.02609 -0.54083 257.43288 0.00000 270.33918 -1.00000 0.00000 -999 257.43288
0.20780 0.91440 0.02609 -0.54083 257.43288 0.00000 270.33918 -1.00000 0.00000 -999 257.43288
0.20256 0.91440 0.02662 -0.55315 259.56179 0.00000 270.33327 -1.00000 0.00000 -999 259.56179
0.20256 0.91440 0.02662 -0.55315 259.56179 0.00000 270.33327 -1.00000 0.00000 -999 259.56179
0.19732 0.91440 0.02713 -0.56569 261.76467 0.00000 270.32707 -1.00000 0.00000 -999 261.76467
0.19732 0.91440 0.02713 -0.56569 261.76468 0.00000 270.32707 -1.00000 0.00000 -999 261.76468
0.19207 0.91440 0.02763 -0.57842 263.72756 0.00000 270.32146 -1.00000 0.00000 -999 263.72756
0.19207 0.91440 0.02763 -0.57842 263.72756 0.00000 270.32146 -1.00000 0.00000 -999 263.72756
0.18683 0.91440 0.02811 -0.59140 265.69612 0.00000 270.31573 -1.00000 0.00000 -999 265.69612
0.18683 0.91440 0.02811 -0.59140 265.69613 0.00000 270.31573 -1.00000 0.00000 -999 265.69613
0.18158 0.91440 0.02856 -0.60469 267.22686 0.00000 270.31120 -1.00000 0.00000 -999 267.22686
0.17633 0.91440 0.02900 -0.61814 269.22448 0.00000 270.30526 -1.00000 0.00000 -999 269.22448
0.17633 0.91440 0.02900 -0.61814 269.22449 0.00000 270.30526 -1.00000 0.00000 -999 269.22449
0.17633 0.91440 0.02900 -0.61814 269.22449 0.00000 270.30526 -1.00000 0.00000 -999 269.22449
0.17108 0.91440 0.02942 -0.63194 271.69071 0.00000 270.29785 -1.00000 0.00000 -999 271.69071
0.17108 0.91440 0.02942 -0.63194 271.69072 0.00000 270.29785 -1.00000 0.00000 -999 271.69072
0.16583 0.91440 0.02981 -0.64600 273.77134 0.00000 270.29163 -1.00000 0.00000 -999 273.77134
0.16583 0.91440 0.02981 -0.64600 273.77135 0.00000 270.29163 -1.00000 0.00000 -999 273.77135
0.16058 0.91440 0.03019 -0.66037 275.93013 0.00000 270.28527 -1.00000 0.00000 -999 275.93013
0.16058 0.91440 0.03019 -0.66037 275.93014 0.00000 270.28527 -1.00000 0.00000 -999 275.93014
0.15532 0.91440 0.03054 -0.67504 278.19139 0.00000 270.27877 -1.00000 0.00000 -999 278.19139
0.15532 0.91440 0.03054 -0.67504 278.19140 0.00000 270.27877 -1.00000 0.00000 -999 278.19140
0.15006 0.91440 0.03086 -0.69007 280.57539 0.00000 270.27213 -1.00000 0.00000 -999 280.57539
0.15006 0.91440 0.03086 -0.69007 280.57540 0.00000 270.27213 -1.00000 0.00000 -999 280.57540
0.14480 0.91440 0.03116 -0.70530 283.07389 0.00000 270.26532 -1.00000 0.00000 -999 283.07389
0.14480 0.91440 0.03116 -0.70530 283.07390 0.00000 270.26532 -1.00000 0.00000 -999 283.07390
0.13954 0.91440 0.03143 -0.72117 285.64439 0.00000 270.25841 -1.00000 0.00000 -999 285.64439
0.13954 0.91440 0.03143 -0.72117 285.64440 0.00000 270.25841 -1.00000 0.00000 -999 285.64440
0.13452 0.91440 0.03166 -0.73658 288.23374 0.00000 270.25163 -1.00000 0.00000 -999 288.23374
0.13452 0.91440 0.03166 -0.73658 288.23375 0.00000 270.25163 -1.00000 0.00000 -999 288.23375
0.12975 0.91440 0.03185 -0.75164 290.78370 0.00000 270.24500 -1.00000 0.00000 -999 290.78370
0.12975 0.91440 0.03185 -0.75164 290.78371 0.00000 270.24500 -1.00000 0.00000 -999 290.78371
0.12519 0.91440 0.03202 -0.76638 292.72108 0.00000 270.23993 -1.00000 0.00000 -999 292.72108
0.12086 0.91440 0.03215 -0.78072 295.16095 0.00000 270.23359 -1.00000 0.00000 -999 295.16095
0.12086 0.91440 0.03215 -0.78072 295.16096 0.00000 270.23359 -1.00000 0.00000 -999 295.16096
0.12086 0.91440 0.03215 -0.78072 295.16096 0.00000 270.23359 -1.00000 0.00000 -999 295.16096
0.11673 0.91440 0.03225 -0.79468 298.06011 0.00000 270.22603 -1.00000 0.00000 -999 298.06011
0.11673 0.91440 0.03225 -0.79468 298.06012 0.00000 270.22603 -1.00000 0.00000 -999 298.06012
0.11280 0.91440 0.03233 -0.80833 300.38941 0.00000 270.22000 -1.00000 0.00000 -999 300.38941
0.11280 0.91440 0.03233 -0.80833 300.38942 0.00000 270.22000 -1.00000 0.00000 -999 300.38942
0.10905 0.91440 0.03239 -0.82166 302.69618 0.00000 270.21410 -1.00000 0.00000 -999 302.69618
0.10905 0.91440 0.03239 -0.82166 302.69618 0.00000 270.21410 -1.00000 0.00000 -999 302.69618
0.10548 0.91440 0.03242 -0.83476 304.98704 0.00000 270.20835 -1.00000 0.00000 -999 304.98704
0.10548 0.91440 0.03242 -0.83476 304.98705 0.00000 270.20835 -1.00000 0.00000 -999 304.98705
0.10208 0.91440 0.03244 -0.84731 307.26205 0.00000 270.20274 -1.00000 0.00000 -999 307.26205
0.10208 0.91440 0.03244 -0.84731 307.26205 0.00000 270.20274 -1.00000 0.00000 -999 307.26205
0.09885 0.91440 0.03244 -0.85983 309.51513 0.00000 270.19726 -1.00000 0.00000 -999 309.51513
0.09885 0.91440 0.03244 -0.85983 309.51514 0.00000 270.19726 -1.00000 0.00000 -999 309.51514
0.09576 0.91440 0.03242 -0.87176 311.73879 0.00000 270.19191 -1.00000 0.00000 -999 311.73879
0.09576 0.91440 0.03242 -0.87176 311.73880 0.00000 270.19191 -1.00000 0.00000 -999 311.73880
0.09283 0.91440 0.03239 -0.88373 313.75647 0.00000 270.18712 -1.00000 0.00000 -999 313.75647
0.09283 0.91440 0.03239 -0.88373 313.75648 0.00000 270.18712 -1.00000 0.00000 -999 313.75648
0.09003 0.91440 0.03235 -0.89505 315.69622 0.00000 270.18264 -1.00000 0.00000 -999 315.69622
0.08715 0.91440 0.03230 -0.90709 317.94445 0.00000 270.17730 -1.00000 0.00000 -999 317.94445
0.08715 0.91440 0.03230 -0.90709 317.94446 0.00000 270.17730 -1.00000 0.00000 -999 317.94446
0.08715 0.91440 0.03230 -0.90709 317.94446 0.00000 270.17730 -1.00000 0.00000 -999 317.94446
0.08426 0.91440 0.03223 -0.91947 320.22592 0.00000 270.17176 -1.00000 0.00000 -999 320.22592
0.08138 0.91440 0.03214 -0.93234 322.52968 0.00000 270.16603 -1.00000 0.00000 -999 322.52968
0.08138 0.91440 0.03214 -0.93234 322.52969 0.00000 270.16603 -1.00000 0.00000 -999 322.52969
0.08138 0.91440 0.03214 -0.93234 322.52969 0.00000 270.16603 -1.00000 0.00000 -999 322.52969
0.07850 0.91440 0.03203 -0.94547 324.84399 0.00000 270.16016 -1.00000 0.00000 -999 324.84399
0.07850 0.91440 0.03203 -0.94547 324.84400 0.00000 270.16016 -1.00000 0.00000 -999 324.84400
0.07562 0.91440 0.03191 -0.95891 327.18109 0.00000 270.15412 -1.00000 0.00000 -999 327.18109
0.07273 0.91440 0.03178 -0.97290 329.56199 0.00000 270.14786 -1.00000 0.00000 -999 329.56199
0.07273 0.91440 0.03178 -0.97290 329.56200 0.00000 270.14786 -1.00000 0.00000 -999 329.56200
0.07273 0.91440 0.03178 -0.97290 329.56201 0.00000 270.14786 -1.00000 0.00000 -999 329.56201
0.06985 0.91440 0.03162 -0.98740 332.01242 0.00000 270.14137 -1.00000 0.00000 -999 332.01242
0.06985 0.91440 0.03162 -0.98740 332.01243 0.00000 270.14137 -1.00000 0.00000 -999 332.01243
0.06697 0.91440 0.03144 -1.00230 334.57279 0.00000 270.13468 -1.00000 0.00000 -999 334.57279
0.06410 0.91440 0.03124 -1.01771 337.29650 0.00000 270.12774 -1.00000 0.00000 -999 337.29650
0.06410 0.91440 0.03124 -1.01771 337.29651 0.00000 270.12774 -1.00000 0.00000 -999 337.29651
0.06410 0.91440 0.03124 -1.01771 337.29652 0.00000 270.12774 -1.00000 0.00000 -999 337.29652
0.06122 0.91440 0.03103 -1.03388 340.22780 0.00000 270.12048 -1.00000 0.00000 -999 340.22780
0.06122 0.91440 0.03103 -1.03388 340.22781 0.00000 270.12048 -1.00000 0.00000 -999 340.22781
0.05835 0.91440 0.03078 -1.05069 343.39089 0.00000 270.11293 -1.00000 0.00000 -999 343.39089
0.05835 0.91440 0.03078 -1.05069 343.39091 0.00000 270.11293 -1.00000 0.00000 -999 343.39091
0.05547 0.91440 0.03052 -1.06809 346.80216 0.00000 270.10508 -1.00000 0.00000 -999 346.80216
0.05547 0.91440 0.03052 -1.06809 346.80218 0.00000 270.10508 -1.00000 0.00000 -999 346.80218
0.05260 0.91440 0.03023 -1.08626 350.47800 0.00000 270.09686 -1.00000 0.00000 -999 350.47800
0.04974 0.91440 0.02991 -1.10551 354.42245 0.00000 270.08821 -1.00000 0.00000 -999 354.42245
0.04974 0.91440 0.02991 -1.10551 354.42246 0.00000 270.08821 -1.00000 0.00000 -999 354.42246
0.04687 0.91440 0.02956 -1.12556 358.62746 0.00000 270.07914 -1.00000 0.00000 -999 358.62746
0.04687 0.91440 0.02956 -1.12556 358.62747 0.00000 270.07914 -1.00000 0.00000 -999 358.62747
0.04687 0.91440 0.02956 -1.12556 358.62749 0.00000 270.07914 -1.00000 0.00000 -999 358.62749
0.04401 0.91440 0.02918 -1.14654 363.08684 0.00000 270.06960 -1.00000 0.00000 -999 363.08684
0.04401 0.91440 0.02918 -1.14654 363.08686 0.00000 270.06960 -1.00000 0.00000 -999 363.08686
0.04116 0.91440 0.02876 -1.16901 367.76827 0.00000 270.05946 -1.00000 0.00000 -999 367.76827
0.04116 0.91440 0.02876 -1.16901 367.76828 0.00000 270.05946 -1.00000 0.00000 -999 367.76828
0.03831 0.91440 0.02831 -1.19263 372.61489 0.00000 270.04875 -1.00000 0.00000 -999 372.61489
0.03831 0.91440 0.02831 -1.19263 372.61491 0.00000 270.04875 -1.00000 0.00000 -999 372.61491
0.03547 0.91440 0.02782 -1.21749 377.62048 0.00000 270.03738 -1.00000 0.00000 -999 377.62048
0.03547 0.91440 0.02782 -1.21749 377.62050 0.00000 270.03738 -1.00000 0.00000 -999 377.62050
0.03263 0.91440 0.02729 -1.24446 383.38215 0.00000 270.02397 -1.00000 0.00000 -999 383.38215
0.03263 0.91440 0.02729 -1.24446 383.38217 0.00000 270.02397 -1.00000 0.00000 -999 383.38217
0.02981 0.91440 0.02670 -1.27292 389.79271 0.00000 270.00925 -1.00000 0.00000 -999 389.79271
0.02981 0.91440 0.02670 -1.27292 389.79275 0.00000 270.00925 -1.00000 0.00000 -999 389.79273
0.02700 0.91440 0.02606 -1.30302 406.33051 0.00283 269.15212 -0.33333 0.00009 -999 396.06400
0.02700 0.91440 0.02606 -1.30302 406.33062 0.00283 269.15212 -0.33333 0.00009 -999 396.06403
0.02420 0.91440 0.02536 -1.33590 447.76276 0.00932 268.61907 0.33333 0.00037 -999 402.77805
0.02420 0.91440 0.02536 -1.33590 447.76301 0.00932 268.61907 0.33334 0.00037 -999 402.77808
0.02142 0.91440 0.02459 -1.36949 506.29323 0.01775 268.37061 1.00000 0.00079 -999 409.90698
0.02142 0.91440 0.02459 -1.36949 506.29345 0.01775 268.37061 1.00000 0.00079 -999 409.90700
0.01866 0.91440 0.02374 -1.40618 578.24150 0.02908 268.47679 1.00000 0.00132 -999 417.60706
0.01866 0.91440 0.02374 -1.40618 578.24176 0.02908 268.47679 1.00000 0.00132 -999 417.60709
0.01594 0.91440 0.02279 -1.44105 634.16492 0.03762 268.54077 1.00000 0.00172 -999 423.89257
0.01325 0.91440 0.02173 -1.47729 697.00247 0.04792 268.60464 1.00000 0.00222 -999 430.05146
0.01325 0.91440 0.02173 -1.47729 697.00278 0.04792 268.60464 1.00000 0.00222 -999 430.05149
0.01063 0.91440 0.02054 -1.49884 788.46899 0.06458 268.71098 1.00000 0.00301 -999 436.71689
0.01063 0.91440 0.02054 -1.49884 788.46930 0.06458 268.71098 1.00000 0.00301 -999 436.71691
0.00809 0.91440 0.01916 -1.50382 873.83504 0.08552 268.85452 1.00000 0.00400 -999 440.03720
0.00809 0.91440 0.01916 -1.50382 873.83536 0.08552 268.85452 1.00000 0.00400 -999 440.03720
0.00592 0.91440 0.01774 -1.47027 975.16841 0.13762 269.26814 1.00000 0.00635 -999 439.59535
0.00592 0.91440 0.01774 -1.47027 975.16880 0.13762 269.26814 1.00000 0.00635 -999 439.59534
0.00417 0.91440 0.01632 -1.37755 1074.58363 0.23493 270.08705 1.00000 0.01047 -999 438.89817
0.00417 0.91440 0.01632 -1.37755 1074.58392 0.23493 270.08705 1.00000 0.01047 -999 438.89817
0.00280 0.91440 0.01492 -1.19068 1102.15934 0.32604 270.90685 1.00000 0.01349 -999 443.61228
0.00280 0.91440 0.01492 -1.19068 1102.15946 0.32604 270.90686 1.00000 0.01349 -999 443.61230
0.00176 0.91440 0.01352 -0.91780 1136.10529 0.42506 271.77063 1.00000 0.01556 -999 455.56809
0.00176 0.91440 0.01352 -0.91780 1136.10542 0.42506 271.77064 1.00000 0.01556 -999 455.56814
0.00103 0.91440 0.01214 -0.54731 1163.26026 0.52142 272.66283 0.98353 0.01552 -999 466.53512
0.00103 0.91440 0.01214 -0.54731 1163.26033 0.52142 272.66283 0.98353 0.01552 -999 466.53515
0.00055 0.91440 0.01073 -0.11734 1123.71001 0.62759 273.15000 0.80940 0.01064 -999 462.09686
0.00055 0.91440 0.01073 -0.11733 1123.70987 0.62759 273.15000 0.80940 0.01064 -999 462.09684
0.00055 0.91440 0.01073 -0.11733 1123.70923 0.62759 273.15000 0.80940 0.01064 -999 462.09677
0.00032 0.91440 0.00930 0.29286 898.07773 0.70514 273.15000 0.54939 0.00475 -999 438.43800
0.00032 0.91440 0.00930 0.29286 898.07664 0.70514 273.15000 0.54939 0.00475 -999 438.43790
0.00035 0.91440 0.00785 0.64568 604.32841 0.73148 273.15000 0.36748 0.00168 -999 410.33721
0.00035 0.91440 0.00785 0.64569 604.32762 0.73148 273.15000 0.36748 0.00168 -999 410.33711
0.00063 0.91440 0.00638 0.88231 428.91940 0.73618 273.15000 0.27477 0.00042 -999 381.35084
0.00063 0.91440 0.00638 0.88231 428.91907 0.73618 273.15000 0.27477 0.00042 -999 381.35074
0.00117 0.91440 0.00490 1.00840 357.37890 0.71127 273.15000 0.24505 0.00004 -999 352.91285
0.00117 0.91440 0.00490 1.00840 357.37876 0.71127 273.15000 0.24505 0.00004 -999 352.91275
0.00202 0.91440 0.00337 1.03168 324.31589 0.65718 273.15000 0.24339 0.00000 -999 324.12510
0.00202 0.91440 0.00337 1.03168 324.31581 0.65718 273.15000 0.24339 0.00000 -999 324.12499
0.00318 0.91440 0.00178 0.98557 305.57775 0.59159 273.15000 0.25433 0.00012 -999 295.24201
0.00318 0.91440 0.00178 0.98557 305.57772 0.59159 273.15000 0.25433 0.00012 -999 295.24191
0.00474 0.91440 0.00013 0.89597 299.07221 0.53799 273.15000 0.27157 0.00030 -999 274.45999
0.00672 0.91440 -0.00160 0.78667 296.89739 0.48129 273.15000 0.29730 0.00051 -999 257.52180
0.00672 0.91440 -0.00160 0.78667 296.89738 0.48129 273.15000 0.29730 0.00051 -999 257.52173
0.00905 0.91440 -0.00332 0.67708 299.83185 0.40557 273.15000 0.35049 0.00085 -999 239.44326
0.00905 0.91440 -0.00332 0.67708 299.83186 0.40557 273.15000 0.35049 0.00085 -999 239.44320
0.00905 0.91440 -0.00332 0.67708 299.83189 0.40557 273.15000 0.35049 0.00085 -999 239.44318
0.01150 0.91440 -0.00487 0.58381 307.58260 0.34884 273.15000 0.40913 0.00111 -999 231.78541
0.01402 0.91440 -0.00629 0.50561 319.90743 0.31200 273.15000 0.46779 0.00131 -999 231.35600
0.01402 0.91440 -0.00629 0.50561 319.90749 0.31200 273.15000 0.46779 0.00131 -999 231.35599
0.01660 0.91440 -0.00761 0.43916 345.81312 0.27699 273.15000 0.56200 0.00161 -999 235.72643
0.01660 0.91440 -0.00761 0.43916 345.81320 0.27699 273.15000 0.56200 0.00161 -999 235.72645
0.01923 0.91440 -0.00884 0.38259 372.75209 0.24962 273.15000 0.66344 0.00189 -999 241.93180
0.01923 0.91440 -0.00884 0.38259 372.75220 0.24962 273.15000 0.66344 0.00189 -999 241.93183
0.02189 0.91440 -0.00999 0.33370 404.64662 0.22369 273.15000 0.79996 0.00221 -999 249.56699
0.02189 0.91440 -0.00999 0.33370 404.64673 0.22369 273.15000 0.79996 0.00221 -999 249.56702
0.02458 0.91440 -0.01108 0.29128 434.48518 0.19885 272.96163 0.94751 0.00249 -999 256.83869
0.02458 0.91440 -0.01108 0.29128 434.48527 0.19885 272.96163 0.94751 0.00249 -999 256.83871
0.02729 0.91440 -0.01210 0.25395 444.08852 0.17897 272.56672 1.00000 0.00250 -999 262.22560
0.02729 0.91440 -0.01210 0.25395 444.08857 0.17897 272.56671 1.00000 0.00250 -999 262.22562
0.03002 0.91440 -0.01307 0.22097 443.35474 0.16269 272.24342 1.00000 0.00237 -999 266.59205
0.03002 0.91440 -0.01307 0.22097 443.35474 0.16269 272.24342 1.00000 0.00237 -999 266.59206
0.03002 0.91440 -0.01307 0.22097 443.35471 0.16269 272.24342 1.00000 0.00237 -999 266.59207
0.03277 0.91440 -0.01400 0.19174 436.61785 0.14456 271.91872 1.00000 0.00219 -999 269.89818
0.03277 0.91440 -0.01400 0.19174 436.61784 0.14456 271.91872 1.00000 0.00219 -999 269.89819
0.03553 0.91440 -0.01488 0.16535 428.92529 0.12940 271.64906 1.00000 0.00202 -999 272.15546
0.03553 0.91440 -0.01488 0.16535 428.92525 0.12940 271.64906 1.00000 0.00202 -999 272.15547
0.03830 0.91440 -0.01573 0.14172 420.90757 0.11669 271.42223 1.00000 0.00188 -999 273.65432
0.03830 0.91440 -0.01573 0.14172 420.90753 0.11669 271.42223 1.00000 0.00188 -999 273.65432
0.04109 0.91440 -0.01654 0.12042 413.05710 0.10592 271.22741 1.00000 0.00175 -999 274.71564
0.04388 0.91440 -0.01731 0.10095 401.51529 0.09353 271.00651 1.00000 0.00158 -999 275.50196
0.04388 0.91440 -0.01731 0.10095 401.51525 0.09353 271.00651 1.00000 0.00158 -999 275.50196
0.04388 0.91440 -0.01731 0.10095 401.51520 0.09353 271.00651 1.00000 0.00158 -999 275.50197
0.04668 0.91440 -0.01805 0.08329 385.27042 0.07869 270.74275 1.00000 0.00135 -999 276.02558
0.04668 0.91440 -0.01805 0.08329 385.27038 0.07869 270.74275 1.00000 0.00135 -999 276.02559
0.04949 0.91440 -0.01877 0.06719 378.23611 0.07181 270.61060 1.00000 0.00126 -999 276.24392
0.04949 0.91440 -0.01877 0.06719 378.23609 0.07181 270.61060 1.00000 0.00126 -999 276.24392
0.05230 0.91440 -0.01946 0.05233 368.45128 0.06385 270.45106 1.00000 0.00113 -999 276.14324
0.05230 0.91440 -0.01946 0.05233 368.45122 0.06385 270.45105 1.00000 0.00113 -999 276.14324
0.05513 0.91440 -0.02012 0.03866 353.47650 0.05279 270.23338 1.00000 0.00095 -999 275.75922
0.05513 0.91440 -0.02012 0.03866 353.47648 0.05279 270.23338 1.00000 0.00095 -999 275.75922
0.05795 0.91440 -0.02076 0.02614 345.91038 0.04738 270.12185 1.00000 0.00087 -999 275.16447
0.05795 0.91440 -0.02076 0.02614 345.91036 0.04738 270.12185 1.00000 0.00087 -999 275.16446
0.06079 0.91440 -0.02138 0.01460 341.76732 0.04465 270.05975 1.00000 0.00083 -999 274.44564
0.06079 0.91440 -0.02138 0.01460 341.76731 0.04465 270.05975 1.00000 0.00083 -999 274.44563
0.06362 0.91440 -0.02198 0.00385 338.29924 0.04248 270.01025 1.00000 0.00079 -999 273.67615
0.06646 0.91440 -0.02255 -0.00606 335.97739 0.04116 269.97838 1.00000 0.00078 -999 272.90149
0.06646 0.91440 -0.02255 -0.00606 335.97738 0.04116 269.97838 1.00000 0.00078 -999 272.90148
0.06646 0.91440 -0.02255 -0.00606 335.97737 0.04116 269.97838 1.00000 0.00078 -999 272.90148
0.06931 0.91440 -0.02311 -0.01520 332.49308 0.03911 269.93096 1.00000 0.00074 -999 272.14469
0.06931 0.91440 -0.02311 -0.01520 332.49306 0.03911 269.93096 1.00000 0.00074 -999 272.14469
0.07216 0.91440 -0.02365 -0.02372 327.61178 0.03618 269.86384 1.00000 0.00069 -999 271.41286
0.07216 0.91440 -0.02365 -0.02372 327.61177 0.03618 269.86384 1.00000 0.00069 -999 271.41286
0.07501 0.91440 -0.02417 -0.03165 325.00286 0.03477 269.82972 1.00000 0.00067 -999 270.69684
0.07501 0.91440 -0.02417 -0.03165 325.00285 0.03477 269.82972 1.00000 0.00067 -999 270.69684
0.07786 0.91440 -0.02467 -0.03903 321.83141 0.03303 269.78861 1.00000 0.00064 -999 269.97868
0.08072 0.91440 -0.02516 -0.04584 318.49195 0.03124 269.74572 1.00000 0.00061 -999 269.24581
0.08072 0.91440 -0.02516 -0.04584 318.49193 0.03124 269.74572 1.00000 0.00061 -999 269.24581
0.08072 0.91440 -0.02516 -0.04584 318.49192 0.03124 269.74572 1.00000 0.00061 -999 269.24581
0.08358 0.91440 -0.02563 -0.05220 315.50033 0.02970 269.70874 1.00000 0.00059 -999 268.50037
0.08358 0.91440 -0.02563 -0.05220 315.50031 0.02970 269.70874 1.00000 0.00059 -999 268.50037
0.08644 0.91440 -0.02609 -0.05818 312.84005 0.02840 269.67691 1.00000 0.00056 -999 267.75208
0.08644 0.91440 -0.02609 -0.05818 312.84004 0.02840 269.67691 1.00000 0.00056 -999 267.75207
0.08933 0.91440 -0.02653 -0.06375 309.60423 0.02680 269.63771 1.00000 0.00054 -999 266.92422
0.08933 0.91440 -0.02653 -0.06375 309.60422 0.02680 269.63771 1.00000 0.00054 -999 266.92421
0.09236 0.91440 -0.02699 -0.06909 306.54731 0.02527 269.59981 1.00000 0.00051 -999 266.21503
0.09555 0.91440 -0.02745 -0.07438 304.18760 0.02416 269.57210 1.00000 0.00049 -999 265.56838
0.09555 0.91440 -0.02745 -0.07438 304.18759 0.02416 269.57210 1.00000 0.00049 -999 265.56838
0.09890 0.91440 -0.02791 -0.07943 300.83820 0.02257 269.53219 1.00000 0.00046 -999 264.69114
0.09890 0.91440 -0.02791 -0.07943 300.83819 0.02257 269.53219 1.00000 0.00046 -999 264.69114
0.10242 0.91440 -0.02838 -0.08433 297.38488 0.02096 269.49106 1.00000 0.00043 -999 263.77178
0.10242 0.91440 -0.02838 -0.08433 297.38486 0.02096 269.49106 1.00000 0.00043 -999 263.77177
0.10611 0.91440 -0.02886 -0.08903 293.53770 0.01927 269.44737 1.00000 0.00039 -999 262.59222
0.10611 0.91440 -0.02886 -0.08903 293.53769 0.01927 269.44737 1.00000 0.00039 -999 262.59221
0.10611 0.91440 -0.02886 -0.08903 293.53768 0.01927 269.44737 1.00000 0.00039 -999 262.59221
0.11000 0.91440 -0.02934 -0.09348 289.04821 0.01725 269.39474 1.00000 0.00035 -999 261.33751
0.11000 0.91440 -0.02934 -0.09348 289.04819 0.01725 269.39474 1.00000 0.00035 -999 261.33751
0.11408 0.91440 -0.02982 -0.09772 285.47049 0.01572 269.35387 1.00000 0.00032 -999 260.22549
0.11408 0.91440 -0.02982 -0.09772 285.47048 0.01572 269.35387 1.00000 0.00032 -999 260.22548
0.11837 0.91440 -0.03030 -0.10171 281.63037 0.01409 269.31021 1.00000 0.00029 -999 259.01927
0.11837 0.91440 -0.03030 -0.10171 281.63036 0.01409 269.31021 1.00000 0.00029 -999 259.01927
0.12288 0.91440 -0.03079 -0.10535 277.36016 0.01226 269.26015 1.00000 0.00025 -999 257.71156
0.12288 0.91440 -0.03079 -0.10535 277.36015 0.01226 269.26015 1.00000 0.00025 -999 257.71155
0.12761 0.91440 -0.03127 -0.10877 273.07104 0.01048 269.21068 1.00000 0.00022 -999 256.30928
0.12761 0.91440 -0.03127 -0.10877 273.07102 0.01048 269.21068 1.00000 0.00022 -999 256.30928
0.13258 0.91440 -0.03175 -0.11182 268.96442 0.00885 269.16451 1.00000 0.00018 -999 254.84985
0.13258 0.91440 -0.03175 -0.11182 268.96441 0.00885 269.16451 1.00000 0.00018 -999 254.84984
0.13781 0.91440 -0.03223 -0.11454 265.91939 0.00768 269.13064 1.00000 0.00016 -999 253.71178
0.14302 0.91440 -0.03267 -0.11692 262.11667 0.00620 269.08726 1.00000 0.00013 -999 252.28898
0.14302 0.91440 -0.03267 -0.11692 262.11666 0.00620 269.08726 1.00000 0.00013 -999 252.28897
0.14302 0.91440 -0.03267 -0.11692 262.11665 0.00620 269.08726 1.00000 0.00013 -999 252.28897
0.14823 0.91440 -0.03309 -0.11874 256.67058 0.00439 269.03905 0.66667 0.00008 -999 250.63626
0.14823 0.91440 -0.03309 -0.11874 256.67055 0.00439 269.03905 0.66666 0.00008 -999 250.63625
0.15345 0.91440 -0.03349 -0.12028 251.38363 0.00279 269.35869 -0.33333 0.00003 -999 249.36656
0.15345 0.91440 -0.03349 -0.12028 251.38362 0.00279 269.35869 -0.33333 0.00003 -999 249.36656
0.15866 0.91440 -0.03386 -0.12141 249.98183 0.00233 269.56349 -0.50000 0.00002 -999 248.41392
0.16388 0.91440 -0.03421 -0.12225 247.22002 0.00096 270.09902 -1.00000 0.00000 -999 247.22001
0.16388 0.91440 -0.03421 -0.12225 247.22001 0.00096 270.09902 -1.00000 0.00000 -999 247.22001
0.16388 0.91440 -0.03421 -0.12225 247.22000 0.00096 270.09902 -1.00000 0.00000 -999 247.22000
0.16910 0.91440 -0.03454 -0.12281 245.87809 0.00000 270.52011 -1.00000 0.00000 -999 245.87809
0.16910 0.91440 -0.03454 -0.12281 245.87809 0.00000 270.52011 -1.00000 0.00000 -999 245.87809
0.17432 0.91440 -0.03484 -0.12310 244.84723 0.00000 270.52001 -1.00000 0.00000 -999 244.84723
0.17432 0.91440 -0.03484 -0.12310 244.84722 0.00000 270.52001 -1.00000 0.00000 -999 244.84722
0.17955 0.91440 -0.03513 -0.12311 243.64757 0.00000 270.52000 -1.00000 0.00000 -999 243.64757
0.17955 0.91440 -0.03513 -0.12311 243.64757 0.00000 270.52000 -1.00000 0.00000 -999 243.64757
0.18477 0.91440 -0.03539 -0.12296 242.43859 0.00000 270.52007 -1.00000 0.00000 -999 242.43859
0.18477 0.91440 -0.03539 -0.12296 242.43859 0.00000 270.52007 -1.00000 0.00000 -999 242.43859
0.19000 0.91440 -0.03564 -0.12260 241.22497 0.00000 270.52022 -1.00000 0.00000 -999 241.22497
0.19000 0.91440 -0.03564 -0.12260 241.22496 0.00000 270.52022 -1.00000 0.00000 -999 241.22496
0.19522 0.91440 -0.03587 -0.12201 240.01501 0.00000 270.52047 -1.00000 0.00000 -999 240.01501
0.19522 0.91440 -0.03587 -0.12201 240.01501 0.00000 270.52047 -1.00000 0.00000 -999 240.01501
0.20045 0.91440 -0.03608 -0.12126 238.82152 0.00000 270.52079 -1.00000 0.00000 -999 238.82152
0.20567 0.91440 -0.03628 -0.12036 237.65643 0.00000 270.52117 -1.00000 0.00000 -999 237.65643
0.20567 0.91440 -0.03628 -0.12036 237.65643 0.00000 270.52117 -1.00000 0.00000 -999 237.65643
0.20567 0.91440 -0.03628 -0.12036 237.65642 0.00000 270.52117 -1.00000 0.00000 -999 237.65642
0.21090 0.91440 -0.03646 -0.11931 236.52749 0.00000 270.52162 -1.00000 0.00000 -999 236.52749
0.21613 0.91440 -0.03662 -0.11812 235.33728 0.00000 270.52218 -1.00000 0.00000 -999 235.33728
0.21613 0.91440 -0.03662 -0.11812 235.33727 0.00000 270.52218 -1.00000 0.00000 -999 235.33727
0.21613 0.91440 -0.03662 -0.11812 235.33727 0.00000 270.52218 -1.00000 0.00000 -999 235.33727
0.22136 0.91440 -0.03677 -0.11682 234.38859 0.00000 270.52269 -1.00000 0.00000 -999 234.38859
0.22659 0.91440 -0.03690 -0.11539 233.47401 0.00000 270.52324 -1.00000 0.00000 -999 233.47401
0.22659 0.91440 -0.03690 -0.11539 233.47401 0.00000 270.52324 -1.00000 0.00000 -999 233.47401
0.23182 0.91440 -0.03702 -0.11385 232.39978 0.00000 270.52395 -1.00000 0.00000 -999 232.39978
0.23182 0.91440 -0.03702 -0.11385 232.39978 0.00000 270.52395 -1.00000 0.00000 -999 232.39978
0.23182 0.91440 -0.03702 -0.11385 232.39978 0.00000 270.52395 -1.00000 0.00000 -999 232.39978
0.23705 0.91440 -0.03712 -0.11222 231.44533 0.00000 270.52465 -1.00000 0.00000 -999 231.44533
0.24227 0.91440 -0.03722 -0.11049 230.63218 0.00000 270.52529 -1.00000 0.00000 -999 230.63218
0.24227 0.91440 -0.03722 -0.11049 230.63217 0.00000 270.52529 -1.00000 0.00000 -999 230.63217
0.24750 0.91440 -0.03730 -0.10868 229.78609 0.00000 270.52599 -1.00000 0.00000 -999 229.78609
0.24750 0.91440 -0.03730 -0.10868 229.78609 0.00000 270.52599 -1.00000 0.00000 -999 229.78609
0.25273 0.91440 -0.03736 -0.10680 228.86284 0.00000 270.52679 -1.00000 0.00000 -999 228.86284
0.25273 0.91440 -0.03736 -0.10680 228.86284 0.00000 270.52679 -1.00000 0.00000 -999 228.86284
0.25797 0.91440 -0.03742 -0.10484 227.94054 0.00000 270.52762 -1.00000 0.00000 -999 227.94054
0.25797 0.91440 -0.03742 -0.10484 227.94053 0.00000 270.52762 -1.00000 0.00000 -999 227.94053
0.26320 0.91440 -0.03746 -0.10281 227.01638 0.00000 270.52848 -1.00000 0.00000 -999 227.01638
0.26320 0.91440 -0.03746 -0.10281 227.01637 0.00000 270.52848 -1.00000 0.00000 -999 227.01637
0.26843 0.91440 -0.03750 -0.10072 226.08941 0.00000 270.52936 -1.00000 0.00000 -999 226.08941
0.26843 0.91440 -0.03750 -0.10072 226.08941 0.00000 270.52936 -1.00000 0.00000 -999 226.08941
0.27366 0.91440 -0.03752 -0.09858 225.16013 0.00000 270.53028 -1.00000 0.00000 -999 225.16013
0.27366 0.91440 -0.03752 -0.09858 225.16013 0.00000 270.53028 -1.00000 0.00000 -999 225.16013
0.27889 0.91440 -0.03753 -0.09637 224.23028 0.00000 270.53121 -1.00000 0.00000 -999 224.23028
0.27889 0.91440 -0.03753 -0.09637 224.23028 0.00000 270.53121 -1.00000 0.00000 -999 224.23028
0.28412 0.91440 -0.03753 -0.09412 223.30270 0.00000 270.53217 -1.00000 0.00000 -999 223.30270
0.28412 0.91440 -0.03753 -0.09412 223.30270 0.00000 270.53217 -1.00000 0.00000 -999 223.30270
0.28935 0.91440 -0.03752 -0.09181 222.38078 0.00000 270.53315 -1.00000 0.00000 -999 222.38078
0.28935 0.91440 -0.03752 -0.09181 222.38077 0.00000 270.53315 -1.00000 0.00000 -999 222.38077
0.29458 0.91440 -0.03750 -0.08945 221.46794 0.00000 270.53416 -1.00000 0.00000 -999 221.46794
0.29458 0.91440 -0.03750 -0.08945 221.46794 0.00000 270.53416 -1.00000 0.00000 -999 221.46794
0.29981 0.91440 -0.03747 -0.08705 220.56758 0.00000 270.53518 -1.00000 0.00000 -999 220.56758
0.29981 0.91440 -0.03747 -0.08705 220.56758 0.00000 270.53518 -1.00000 0.00000 -999 220.56758
0.30504 0.91440 -0.03743 -0.08461 219.68264 0.00000 270.53622 -1.00000 0.00000 -999 219.68264
0.30504 0.91440 -0.03743 -0.08461 219.68264 0.00000 270.53622 -1.00000 0.00000 -999 219.68264
0.31027 0.91440 -0.03739 -0.08211 218.81527 0.00000 270.53728 -1.00000 0.00000 -999 218.81527
0.31027 0.91440 -0.03739 -0.08211 218.81527 0.00000 270.53728 -1.00000 0.00000 -999 218.81527
0.31550 0.91440 -0.03733 -0.07958 217.96676 0.00000 270.53836 -1.00000 0.00000 -999 217.96676
0.31550 0.91440 -0.03733 -0.07958 217.96676 0.00000 270.53836 -1.00000 0.00000 -999 217.96676
0.32073 0.91440 -0.03727 -0.07700 217.13750 0.00000 270.53946 -1.00000 0.00000 -999 217.13750
0.32073 0.91440 -0.03727 -0.07700 217.13750 0.00000 270.53946 -1.00000 0.00000 -999 217.13750
0.32596 0.91440 -0.03720 -0.07437 216.32715 0.00000 270.54057 -1.00000 0.00000 -999 216.32715
0.32596 0.91440 -0.03720 -0.07437 216.32715 0.00000 270.54057 -1.00000 0.00000 -999 216.32715
0.33119 0.91440 -0.03712 -0.07170 215.53488 0.00000 270.54171 -1.00000 0.00000 -999 215.53488
0.33119 0.91440 -0.03712 -0.07170 215.53488 0.00000 270.54171 -1.00000 0.00000 -999 215.53488
0.33642 0.91440 -0.03703 -0.06899 214.75921 0.00000 270.54286 -1.00000 0.00000 -999 214.75921
0.33642 0.91440 -0.03703 -0.06899 214.75921 0.00000 270.54286 -1.00000 0.00000 -999 214.75921
0.34165 0.91440 -0.03693 -0.06622 213.90255 0.00000 270.54419 -1.00000 0.00000 -999 213.90255
0.34165 0.91440 -0.03693 -0.06622 213.90255 0.00000 270.54419 -1.00000 0.00000 -999 213.90255
0.34688 0.91440 -0.03683 -0.06342 213.08436 0.00000 270.54550 -1.00000 0.00000 -999 213.08436
0.34688 0.91440 -0.03683 -0.06342 213.08435 0.00000 270.54550 -1.00000 0.00000 -999 213.08435
0.35211 0.91440 -0.03672 -0.06057 212.34503 0.00000 270.54672 -1.00000 0.00000 -999 212.34503
0.35211 0.91440 -0.03672 -0.06057 212.34503 0.00000 270.54672 -1.00000 0.00000 -999 212.34503
0.35734 0.91440 -0.03660 -0.05764 211.61007 0.00000 270.54796 -1.00000 0.00000 -999 211.61007
0.35734 0.91440 -0.03660 -0.05764 211.61007 0.00000 270.54796 -1.00000 0.00000 -999 211.61007
0.36257 0.91440 -0.03647 -0.05467 210.87706 0.00000 270.54923 -1.00000 0.00000 -999 210.87706
0.36257 0.91440 -0.03647 -0.05467 210.87706 0.00000 270.54923 -1.00000 0.00000 -999 210.87706
0.36779 0.91440 -0.03634 -0.05164 210.14396 0.00000 270.55053 -1.00000 0.00000 -999 210.14396
0.36779 0.91440 -0.03634 -0.05164 210.14396 0.00000 270.55053 -1.00000 0.00000 -999 210.14396
0.37302 0.91440 -0.03620 -0.04855 209.40936 0.00000 270.55184 -1.00000 0.00000 -999 209.40936
0.37302 0.91440 -0.03620 -0.04855 209.40936 0.00000 270.55184 -1.00000 0.00000 -999 209.40936
0.37825 0.91440 -0.03605 -0.04542 208.66939 0.00000 270.55318 -1.00000 0.00000 -999 208.66939
0.37825 0.91440 -0.03605 -0.04542 208.66939 0.00000 270.55318 -1.00000 0.00000 -999 208.66939
0.38348 0.91440 -0.03589 -0.04217 207.92034 0.00000 270.55456 -1.00000 0.00000 -999 207.92034
0.38348 0.91440 -0.03589 -0.04217 207.92033 0.00000 270.55456 -1.00000 0.00000 -999 207.92033
0.38871 0.91440 -0.03573 -0.03885 207.16181 0.00000 270.55598 -1.00000 0.00000 -999 207.16181
0.38871 0.91440 -0.03573 -0.03885 207.16181 0.00000 270.55598 -1.00000 0.00000 -999 207.16181
0.39394 0.91440 -0.03556 -0.03547 206.39361 0.00000 270.55743 -1.00000 0.00000 -999 206.39361
0.39394 0.91440 -0.03556 -0.03547 206.39361 0.00000 270.55743 -1.00000 0.00000 -999 206.39361
0.39916 0.91440 -0.03539 -0.03198 205.71989 0.00000 270.55871 -1.00000 0.00000 -999 205.71989
0.39916 0.91440 -0.03539 -0.03198 205.71988 0.00000 270.55871 -1.00000 0.00000 -999 205.71988
0.40439 0.91440 -0.03521 -0.02840 204.99985 0.00000 270.56009 -1.00000 0.00000 -999 204.99985
0.40439 0.91440 -0.03521 -0.02840 204.99985 0.00000 270.56009 -1.00000 0.00000 -999 204.99985
0.40962 0.91440 -0.03502 -0.02470 204.09285 0.00000 270.56186 -1.00000 0.00000 -999 204.09285
0.40962 0.91440 -0.03502 -0.02470 204.09285 0.00000 270.56186 -1.00000 0.00000 -999 204.09285
0.40962 0.91440 -0.03502 -0.02470 204.09285 0.00000 270.56186 -1.00000 0.00000 -999 204.09285
0.41484 0.91440 -0.03482 -0.02088 203.19403 0.00000 270.56364 -1.00000 0.00000 -999 203.19403
0.41484 0.91440 -0.03482 -0.02088 203.19403 0.00000 270.56364 -1.00000 0.00000 -999 203.19403
0.42007 0.91440 -0.03462 -0.01692 202.35539 0.00000 270.56533 -1.00000 0.00000 -999 202.35539
0.42007 0.91440 -0.03462 -0.01692 202.35539 0.00000 270.56533 -1.00000 0.00000 -999 202.35539
0.42530 0.91440 -0.03441 -0.01282 201.49875 0.00000 270.56708 -1.00000 0.00000 -999 201.49875
0.42530 0.91440 -0.03441 -0.01282 201.49875 0.00000 270.56708 -1.00000 0.00000 -999 201.49875
0.43052 0.91440 -0.03420 -0.00855 200.62302 0.00000 270.56889 -1.00000 0.00000 -999 200.62302
0.43052 0.91440 -0.03420 -0.00855 200.62301 0.00000 270.56889 -1.00000 0.00000 -999 200.62301
0.43575 0.91440 -0.03397 -0.00410 199.72720 0.00000 270.57079 -1.00000 0.00000 -999 199.72720
0.43575 0.91440 -0.03397 -0.00410 199.72719 0.00000 270.57079 -1.00000 0.00000 -999 199.72719
0.44098 0.91440 -0.03374 0.00053 198.80950 0.00000 270.57276 -1.00000 0.00000 -999 198.80950
0.44098 0.91440 -0.03374 0.00053 198.80950 0.00000 270.57276 -1.00000 0.00000 -999 198.80950
0.44620 0.91440 -0.03351 0.00538 197.99471 0.00000 270.57454 -1.00000 0.00000 -999 197.99471
0.45143 0.91440 -0.03327 0.01050 196.98627 0.00000 270.57679 -1.00000 0.00000 -999 196.98627
0.45143 0.91440 -0.03327 0.01050 196.98626 0.00000 270.57679 -1.00000 0.00000 -999 196.98626
0.45665 0.91440 -0.03302 0.01587 195.88676 0.00000 270.57929 -1.00000 0.00000 -999 195.88676
0.45665 0.91440 -0.03302 0.01587 195.88675 0.00000 270.57929 -1.00000 0.00000 -999 195.88675
0.46187 0.91440 -0.03276 0.02156 194.84137 0.00000 270.58172 -1.00000 0.00000 -999 194.84137
0.46187 0.91440 -0.03276 0.02156 194.84137 0.00000 270.58172 -1.00000 0.00000 -999 194.84137
0.46187 0.91440 -0.03276 0.02156 194.84137 0.00000 270.58172 -1.00000 0.00000 -999 194.84137
0.46710 0.91440 -0.03250 0.02762 193.75106 0.00000 270.58429 -1.00000 0.00000 -999 193.75106
0.46710 0.91440 -0.03250 0.02762 193.75105 0.00000 270.58429 -1.00000 0.00000 -999 193.75105
0.47232 0.91440 -0.03223 0.03404 192.60835 0.00000 270.58703 -1.00000 0.00000 -999 192.60835
0.47232 0.91440 -0.03223 0.03404 192.60834 0.00000 270.58703 -1.00000 0.00000 -999 192.60834
0.47754 0.91440 -0.03195 0.04095 191.40217 0.00000 270.58996 -1.00000 0.00000 -999 191.40217
0.47754 0.91440 -0.03195 0.04095 191.40216 0.00000 270.58996 -1.00000 0.00000 -999 191.40216
0.48277 0.91440 -0.03166 0.04836 190.12106 0.00000 270.59312 -1.00000 0.00000 -999 190.12106
0.48277 0.91440 -0.03166 0.04836 190.12106 0.00000 270.59312 -1.00000 0.00000 -999 190.12106
0.48799 0.91440 -0.03137 0.05640 188.74828 0.00000 270.59654 -1.00000 0.00000 -999 188.74828
0.48799 0.91440 -0.03137 0.05640 188.74827 0.00000 270.59654 -1.00000 0.00000 -999 188.74827
0.49321 0.91440 -0.03107 0.06513 187.26477 0.00000 270.60026 -1.00000 0.00000 -999 187.26477
0.49321 0.91440 -0.03107 0.06513 187.26477 0.00000 270.60026 -1.00000 0.00000 -999 187.26477
0.49843 0.91440 -0.03077 0.07477 185.64201 0.00000 270.60435 -1.00000 0.00000 -999 185.64201
0.49843 0.91440 -0.03077 0.07477 185.64200 0.00000 270.60435 -1.00000 0.00000 -999 185.64200
0.50365 0.91440 -0.03045 0.08539 183.84553 0.00000 270.60889 -1.00000 0.00000 -999 183.84553
0.50365 0.91440 -0.03045 0.08539 183.84553 0.00000 270.60889 -1.00000 0.00000 -999 183.84553
0.50887 0.91440 -0.03013 0.09735 181.83251 0.00000 270.61397 -1.00000 0.00000 -999 181.83251
0.50887 0.91440 -0.03013 0.09735 181.83250 0.00000 270.61397 -1.00000 0.00000 -999 181.83250
0.51409 0.91440 -0.02980 0.11085 179.51500 0.00000 270.61973 -1.00000 0.00000 -999 179.51500
0.51409 0.91440 -0.02980 0.11085 179.51499 0.00000 270.61973 -1.00000 0.00000 -999 179.51499
0.51931 0.91440 -0.02946 0.12648 176.86032 0.00000 270.62643 -1.00000 0.00000 -999 176.86032
0.51931 0.91440 -0.02946 0.12648 176.86031 0.00000 270.62643 -1.00000 0.00000 -999 176.86031
0.52453 0.91440 -0.02911 0.14519 174.55210 0.00000 270.63376 -1.00000 0.00000 -999 174.55210
0.52453 0.91440 -0.02911 0.14519 174.55209 0.00000 270.63376 -1.00000 0.00000 -999 174.55209
0.52843 0.91440 -0.02885 0.16087 174.02665 0.00000 270.64059 -1.00000 0.00000 -999 174.02665
0.52843 0.91440 -0.02885 0.16087 174.02667 0.00000 270.64059 -1.00000 0.00000 -999 174.02667
0.53086 0.91440 -0.02868 0.17573 179.00706 0.00000 270.64547 -1.00000 0.00000 -999 179.00706
0.53086 0.91440 -0.02868 0.17573 179.00708 0.00000 270.64547 -1.00000 0.00000 -999 179.00708
0.53238 0.91440 -0.02858 0.17503 184.27886 0.00000 270.64677 -1.00000 0.00000 -999 184.27886

ZONE T="SLICE_Y_0p9144_BINS07_KS_VAR_CUTDATA"
0.53247 0.91440 -0.02724 0.17054 158.53926 0.00000 270.64478 -1.00000 0.00000 -999 158.53926
0.53098 0.91440 -0.02692 0.17070 154.23984 0.00000 270.64359 -1.00000 0.00000 -999 154.23984
0.53098 0.91440 -0.02692 0.17070 154.23982 0.00000 270.64359 -1.00000 0.00000 -999 154.23982
0.52859 0.91440 -0.02641 0.15778 150.87920 0.00000 270.63900 -1.00000 0.00000 -999 150.87920
0.52859 0.91440 -0.02641 0.15778 150.87919 0.00000 270.63900 -1.00000 0.00000 -999 150.87919
0.52477 0.91440 -0.02561 0.14102 153.04818 0.00000 270.63180 -1.00000 0.00000 -999 153.04818
0.52477 0.91440 -0.02561 0.14102 153.04818 0.00000 270.63180 -1.00000 0.00000 -999 153.04818
0.51962 0.91440 -0.02453 0.11906 156.99208 0.00000 270.62316 -1.00000 0.00000 -999 156.99208
0.51962 0.91440 -0.02453 0.11906 156.99210 0.00000 270.62316 -1.00000 0.00000 -999 156.99210
0.51446 0.91440 -0.02346 0.09877 161.10583 0.00000 270.61456 -1.00000 0.00000 -999 161.10583
0.51446 0.91440 -0.02346 0.09877 161.10584 0.00000 270.61456 -1.00000 0.00000 -999 161.10584
0.50930 0.91440 -0.02240 0.07998 164.82141 0.00000 270.60657 -1.00000 0.00000 -999 164.82141
0.50930 0.91440 -0.02240 0.07998 164.82142 0.00000 270.60657 -1.00000 0.00000 -999 164.82142
0.50414 0.91440 -0.02135 0.06229 168.15121 0.00000 270.59907 -1.00000 0.00000 -999 168.15121
0.50414 0.91440 -0.02135 0.06229 168.15123 0.00000 270.59907 -1.00000 0.00000 -999 168.15123
0.50414 0.91440 -0.02135 0.06229 168.15124 0.00000 270.59907 -1.00000 0.00000 -999 168.15124
0.49898 0.91440 -0.02031 0.04572 171.16076 0.00000 270.59202 -1.00000 0.00000 -999 171.16076
0.49381 0.91440 -0.01927 0.03002 173.91508 0.00000 270.58536 -1.00000 0.00000 -999 173.91508
0.49381 0.91440 -0.01927 0.03002 173.91509 0.00000 270.58536 -1.00000 0.00000 -999 173.91509
0.48865 0.91440 -0.01824 0.01517 176.45250 0.00000 270.57903 -1.00000 0.00000 -999 176.45250
0.48865 0.91440 -0.01824 0.01517 176.45251 0.00000 270.57903 -1.00000 0.00000 -999 176.45251
0.48348 0.91440 -0.01722 0.00102 178.81093 0.00000 270.57301 -1.00000 0.00000 -999 178.81093
0.48348 0.91440 -0.01722 0.00102 178.81094 0.00000 270.57301 -1.00000 0.00000 -999 178.81094
0.47831 0.91440 -0.01620 -0.01250 181.01402 0.00000 270.56725 -1.00000 0.00000 -999 181.01402
0.47831 0.91440 -0.01620 -0.01250 181.01403 0.00000 270.56725 -1.00000 0.00000 -999 181.01403
0.47314 0.91440 -0.01519 -0.02545 183.08428 0.00000 270.56173 -1.00000 0.00000 -999 183.08428
0.47314 0.91440 -0.01519 -0.02545 183.08429 0.00000 270.56173 -1.00000 0.00000 -999 183.08429
0.46797 0.91440 -0.01419 -0.03789 185.03744 0.00000 270.55642 -1.00000 0.00000 -999 185.03744
0.46797 0.91440 -0.01419 -0.03789 185.03744 0.00000 270.55642 -1.00000 0.00000 -999 185.03744
0.46280 0.91440 -0.01320 -0.04989 186.88942 0.00000 270.55130 -1.00000 0.00000 -999 186.88942
0.46280 0.91440 -0.01320 -0.04989 186.88943 0.00000 270.55130 -1.00000 0.00000 -999 186.88943
0.45763 0.91440 -0.01221 -0.06150 188.65146 0.00000 270.54635 -1.00000 0.00000 -999 188.65146
0.45763 0.91440 -0.01221 -0.06150 188.65147 0.00000 270.54635 -1.00000 0.00000 -999 188.65147
0.45763 0.91440 -0.01221 -0.06150 188.65148 0.00000 270.54635 -1.00000 0.00000 -999 188.65148
0.45245 0.91440 -0.01123 -0.07276 190.33497 0.00000 270.54154 -1.00000 0.00000 -999 190.33497
0.44728 0.91440 -0.01026 -0.08370 191.94801 0.00000 270.53686 -1.00000 0.00000 -999 191.94801
0.44728 0.91440 -0.01026 -0.08370 191.94802 0.00000 270.53686 -1.00000 0.00000 -999 191.94802
0.44210 0.91440 -0.00929 -0.09437 193.49938 0.00000 270.53230 -1.00000 0.00000 -999 193.49938
0.44210 0.91440 -0.00929 -0.09437 193.49939 0.00000 270.53230 -1.00000 0.00000 -999 193.49939
0.43692 0.91440 -0.00833 -0.10480 194.99613 0.00000 270.52784 -1.00000 0.00000 -999 194.99613
0.43692 0.91440 -0.00833 -0.10480 194.99613 0.00000 270.52784 -1.00000 0.00000 -999 194.99613
0.43174 0.91440 -0.00738 -0.11499 196.44421 0.00000 270.52348 -1.00000 0.00000 -999 196.44421
0.43174 0.91440 -0.00738 -0.11499 196.44421 0.00000 270.52348 -1.00000 0.00000 -999 196.44421
0.43174 0.91440 -0.00738 -0.11499 196.44422 0.00000 270.52348 -1.00000 0.00000 -999 196.44422
0.42656 0.91440 -0.00643 -0.12499 197.84945 0.00000 270.51919 -1.00000 0.00000 -999 197.84945
0.42138 0.91440 -0.00549 -0.13483 199.21876 0.00000 270.51498 -1.00000 0.00000 -999 199.21876
0.42138 0.91440 -0.00549 -0.13483 199.21877 0.00000 270.51498 -1.00000 0.00000 -999 199.21877
0.41619 0.91440 -0.00456 -0.14451 200.55740 0.00000 270.51083 -1.00000 0.00000 -999 200.55740
0.41619 0.91440 -0.00456 -0.14451 200.55741 0.00000 270.51083 -1.00000 0.00000 -999 200.55741
0.41101 0.91440 -0.00363 -0.15407 201.87009 0.00000 270.50673 -1.00000 0.00000 -999 201.87009
0.41101 0.91440 -0.00363 -0.15407 201.87010 0.00000 270.50673 -1.00000 0.00000 -999 201.87010
0.40582 0.91440 -0.00271 -0.16351 203.16156 0.00000 270.50268 -1.00000 0.00000 -999 203.16156
0.40582 0.91440 -0.00271 -0.16351 203.16156 0.00000 270.50268 -1.00000 0.00000 -999 203.16156
0.40063 0.91440 -0.00180 -0.17286 204.43656 0.00000 270.49867 -1.00000 0.00000 -999 204.43656
0.40063 0.91440 -0.00180 -0.17286 204.43657 0.00000 270.49867 -1.00000 0.00000 -999 204.43657
0.40063 0.91440 -0.00180 -0.17286 204.43657 0.00000 270.49867 -1.00000 0.00000 -999 204.43657
0.39544 0.91440 -0.00089 -0.18213 205.69911 0.00000 270.49469 -1.00000 0.00000 -999 205.69911
0.39544 0.91440 -0.00089 -0.18213 205.69911 0.00000 270.49469 -1.00000 0.00000 -999 205.69911
0.39026 0.91440 0.00001 -0.19134 206.95241 0.00000 270.49073 -1.00000 0.00000 -999 206.95241
0.39026 0.91440 0.00001 -0.19134 206.95241 0.00000 270.49073 -1.00000 0.00000 -999 206.95241
0.38506 0.91440 0.00090 -0.20046 208.19958 0.00000 270.48681 -1.00000 0.00000 -999 208.19958
0.38506 0.91440 0.00090 -0.20046 208.19958 0.00000 270.48681 -1.00000 0.00000 -999 208.19958
0.37987 0.91440 0.00179 -0.20955 209.44531 0.00000 270.48290 -1.00000 0.00000 -999 209.44531
0.37987 0.91440 0.00179 -0.20955 209.44532 0.00000 270.48290 -1.00000 0.00000 -999 209.44532
0.37468 0.91440 0.00266 -0.21863 210.69380 0.00000 270.47899 -1.00000 0.00000 -999 210.69380
0.36948 0.91440 0.00354 -0.22770 211.94629 0.00000 270.47509 -1.00000 0.00000 -999 211.94629
0.36948 0.91440 0.00354 -0.22770 211.94629 0.00000 270.47509 -1.00000 0.00000 -999 211.94629
0.36429 0.91440 0.00440 -0.23671 213.20358 0.00000 270.47121 -1.00000 0.00000 -999 213.20358
0.36429 0.91440 0.00440 -0.23671 213.20359 0.00000 270.47121 -1.00000 0.00000 -999 213.20359
0.36429 0.91440 0.00440 -0.23671 213.20359 0.00000 270.47121 -1.00000 0.00000 -999 213.20359
0.35909 0.91440 0.00526 -0.24575 214.46923 0.00000 270.46731 -1.00000 0.00000 -999 214.46923
0.35389 0.91440 0.00611 -0.25482 215.74576 0.00000 270.46341 -1.00000 0.00000 -999 215.74576
0.35389 0.91440 0.00611 -0.25482 215.74577 0.00000 270.46341 -1.00000 0.00000 -999 215.74577
0.35389 0.91440 0.00611 -0.25482 215.74577 0.00000 270.46341 -1.00000 0.00000 -999 215.74577
0.34870 0.91440 0.00695 -0.26388 217.03188 0.00000 270.45950 -1.00000 0.00000 -999 217.03188
0.34870 0.91440 0.00695 -0.26388 217.03189 0.00000 270.45950 -1.00000 0.00000 -999 217.03189
0.34349 0.91440 0.00778 -0.27297 218.32757 0.00000 270.45558 -1.00000 0.00000 -999 218.32757
0.34349 0.91440 0.00778 -0.27297 218.32757 0.00000 270.45558 -1.00000 0.00000 -999 218.32757
0.33829 0.91440 0.00861 -0.28210 219.63416 0.00000 270.45164 -1.00000 0.00000 -999 219.63416
0.33829 0.91440 0.00861 -0.28210 219.63416 0.00000 270.45164 -1.00000 0.00000 -999 219.63416
0.33309 0.91440 0.00943 -0.29127 220.95087 0.00000 270.44768 -1.00000 0.00000 -999 220.95087
0.33309 0.91440 0.00943 -0.29127 220.95088 0.00000 270.44768 -1.00000 0.00000 -999 220.95088
0.32789 0.91440 0.01024 -0.30048 222.27667 0.00000 270.44370 -1.00000 0.00000 -999 222.27667
0.32789 0.91440 0.01024 -0.30048 222.27668 0.00000 270.44370 -1.00000 0.00000 -999 222.27668
0.32268 0.91440 0.01104 -0.30975 223.61101 0.00000 270.43969 -1.00000 0.00000 -999 223.61101
0.32268 0.91440 0.01104 -0.30975 223.61102 0.00000 270.43969 -1.00000 0.00000 -999 223.61102
0.31747 0.91440 0.01184 -0.31908 224.95317 0.00000 270.43566 -1.00000 0.00000 -999 224.95317
0.31227 0.91440 0.01262 -0.32849 226.30214 0.00000 270.43159 -1.00000 0.00000 -999 226.30214
0.31227 0.91440 0.01262 -0.32849 226.30215 0.00000 270.43159 -1.00000 0.00000 -999 226.30215
0.31227 0.91440 0.01262 -0.32849 226.30215 0.00000 270.43159 -1.00000 0.00000 -999 226.30215
0.30706 0.91440 0.01340 -0.33797 227.65694 0.00000 270.42748 -1.00000 0.00000 -999 227.65694
0.30706 0.91440 0.01340 -0.33797 227.65694 0.00000 270.42748 -1.00000 0.00000 -999 227.65694
0.30185 0.91440 0.01417 -0.34754 229.01706 0.00000 270.42334 -1.00000 0.00000 -999 229.01706
0.30185 0.91440 0.01417 -0.34754 229.01706 0.00000 270.42334 -1.00000 0.00000 -999 229.01706
0.29663 0.91440 0.01493 -0.35720 230.38262 0.00000 270.41915 -1.00000 0.00000 -999 230.38262
0.29663 0.91440 0.01493 -0.35720 230.38263 0.00000 270.41915 -1.00000 0.00000 -999 230.38263
0.29142 0.91440 0.01568 -0.36695 231.75430 0.00000 270.41493 -1.00000 0.00000 -999 231.75430
0.29142 0.91440 0.01568 -0.36695 231.75430 0.00000 270.41493 -1.00000 0.00000 -999 231.75430
0.28621 0.91440 0.01642 -0.37681 233.13354 0.00000 270.41065 -1.00000 0.00000 -999 233.13354
0.28621 0.91440 0.01642 -0.37681 233.13354 0.00000 270.41065 -1.00000 0.00000 -999 233.13354
0.28099 0.91440 0.01715 -0.38677 234.52278 0.00000 270.40633 -1.00000 0.00000 -999 234.52278
0.28099 0.91440 0.01715 -0.38677 234.52278 0.00000 270.40633 -1.00000 0.00000 -999 234.52278
0.27577 0.91440 0.01786 -0.39685 235.92531 0.00000 270.40195 -1.00000 0.00000 -999 235.92531
0.27055 0.91440 0.01857 -0.40704 237.34539 0.00000 270.39752 -1.00000 0.00000 -999 237.34539
0.27055 0.91440 0.01857 -0.40704 237.34540 0.00000 270.39752 -1.00000 0.00000 -999 237.34540
0.26533 0.91440 0.01927 -0.41736 238.78821 0.00000 270.39304 -1.00000 0.00000 -999 238.78821
0.26533 0.91440 0.01927 -0.41736 238.78821 0.00000 270.39304 -1.00000 0.00000 -999 238.78821
0.26011 0.91440 0.01995 -0.42782 240.25953 0.00000 270.38849 -1.00000 0.00000 -999 240.25953
0.26011 0.91440 0.01995 -0.42782 240.25954 0.00000 270.38849 -1.00000 0.00000 -999 240.25954
0.25489 0.91440 0.02063 -0.43840 241.76539 0.00000 270.38388 -1.00000 0.00000 -999 241.76539
0.25489 0.91440 0.02063 -0.43840 241.76539 0.00000 270.38388 -1.00000 0.00000 -999 241.76539
0.24966 0.91440 0.02129 -0.44914 243.31174 0.00000 270.37921 -1.00000 0.00000 -999 243.31174
0.24966 0.91440 0.02129 -0.44914 243.31175 0.00000 270.37921 -1.00000 0.00000 -999 243.31175
0.24443 0.91440 0.02194 -0.46002 244.90373 0.00000 270.37447 -1.00000 0.00000 -999 244.90373
0.24443 0.91440 0.02194 -0.46002 244.90373 0.00000 270.37447 -1.00000 0.00000 -999 244.90373
0.23920 0.91440 0.02257 -0.47104 246.54533 0.00000 270.36967 -1.00000 0.00000 -999 246.54533
0.23920 0.91440 0.02257 -0.47104 246.54533 0.00000 270.36967 -1.00000 0.00000 -999 246.54533
0.23397 0.91440 0.02320 -0.48223 248.23929 0.00000 270.36479 -1.00000 0.00000 -999 248.23929
0.23397 0.91440 0.02320 -0.48223 248.23930 0.00000 270.36479 -1.00000 0.00000 -999 248.23930
0.22874 0.91440 0.02380 -0.49359 249.98625 0.00000 270.35983 -1.00000 0.00000 -999 249.98625
0.22874 0.91440 0.02380 -0.49359 249.98625 0.00000 270.35983 -1.00000 0.00000 -999 249.98625
0.22874 0.91440 0.02380 -0.49359 249.98626 0.00000 270.35983 -1.00000 0.00000 -999 249.98626
0.22351 0.91440 0.02440 -0.50512 251.78424 0.00000 270.35480 -1.00000 0.00000 -999 251.78424
0.21827 0.91440 0.02498 -0.51682 253.62914 0.00000 270.34968 -1.00000 0.00000 -999 253.62914
0.21827 0.91440 0.02498 -0.51682 253.62915 0.00000 270.34968 -1.00000 0.00000 -999 253.62915
0.21827 0.91440 0.02498 -0.51682 253.62915 0.00000 270.34968 -1.00000 0.00000 -999 253.62915
0.21304 0.91440 0.02554 -0.52873 255.51471 0.00000 270.34447 -1.00000 0.00000 -999 255.51471
0.21304 0.91440 0.02554 -0.52873 255.51472 0.00000 270.34447 -1.00000 0.00000 -999 255.51472
0.20780 0.91440 0.02609 -0.54083 257.43288 0.00000 270.33918 -1.00000 0.00000 -999 257.43288
0.20780 0.91440 0.02609 -0.54083 257.43288 0.00000 270.33918 -1.00000 0.00000 -999 257.43288
0.20256 0.91440 0.02662 -0.55315 259.56179 0.00000 270.33327 -1.00000 0.00000 -999 259.56179
0.20256 0.91440 0.02662 -0.55315 259.56179 0.00000 270.33327 -1.00000 0.00000 -999 259.56179
0.19732 0.91440 0.02713 -0.56569 261.76467 0.00000 270.32707 -1.00000 0.00000 -999 261.76467
0.19732 0.91440 0.02713 -0.56569 261.76468 0.00000 270.32707 -1.00000 0.00000 -999 261.76468
0.19207 0.91440 0.02763 -0.57842 263.72756 0.00000 270.32146 -1.00000 0.00000 -999 263.72756
0.19207 0.91440 0.02763 -0.57842 263.72756 0.00000 270.32146 -1.00000 0.00000 -999 263.72756
0.18683 0.91440 0.02811 -0.59140 265.69612 0.00000 270.31573 -1.00000 0.00000 -999 265.69612
0.18683 0.91440 0.02811 -0.59140 265.69613 0.00000 270.31573 -1.00000 0.00000 -999 265.69613
0.18158 0.91440 0.02856 -0.60469 267.22686 0.00000 270.31120 -1.00000 0.00000 -999 267.22686
0.17633 0.91440 0.02900 -0.61814 269.22448 0.00000 270.30526 -1.00000 0.00000 -999 269.22448
0.17633 0.91440 0.02900 -0.61814 269.22449 0.00000 270.30526 -1.00000 0.00000 -999 269.22449
0.17633 0.91440 0.02900 -0.61814 269.22449 0.00000 270.30526 -1.00000 0.00000 -999 269.22449
0.17108 0.91440 0.02942 -0.63194 271.69071 0.00000 270.29785 -1.00000 0.00000 -999 271.69071
0.17108 0.91440 0.02942 -0.63194 271.69072 0.00000 270.29785 -1.00000 0.00000 -999 271.69072
0.16583 0.91440 0.02981 -0.64600 273.77134 0.00000 270.29163 -1.00000 0.00000 -999 273.77134
0.16583 0.91440 0.02981 -0.64600 273.77135 0.00000 270.29163 -1.00000 0.00000 -999 273.77135
0.16058 0.91440 0.03019 -0.66037 275.93013 0.00000 270.28527 -1.00000 0.00000 -999 275.93013
0.16058 0.91440 0.03019 -0.66037 275.93014 0.00000 270.28527 -1.00000 0.00000 -999 275.93014
0.15532 0.91440 0.03054 -0.67504 278.19139 0.00000 270.27877 -1.00000 0.00000 -999 278.19139
0.15532 0.91440 0.03054 -0.67504 278.19140 0.00000 270.27877 -1.00000 0.00000 -999 278.19140
0.15006 0.91440 0.03086 -0.69007 280.57539 0.00000 270.27213 -1.00000 0.00000 -999 280.57539
0.15006 0.91440 0.03086 -0.69007 280.57540 0.00000 270.27213 -1.00000 0.00000 -999 280.57540
0.14480 0.91440 0.03116 -0.70530 283.07389 0.00000 270.26532 -1.00000 0.00000 -999 283.07389
0.14480 0.91440 0.03116 -0.70530 283.07390 0.00000 270.26532 -1.00000 0.00000 -999 283.07390
0.13954 0.91440 0.03143 -0.72117 285.64439 0.00000 270.25841 -1.00000 0.00000 -999 285.64439
0.13954 0.91440 0.03143 -0.72117 285.64440 0.00000 270.25841 -1.00000 0.00000 -999 285.64440
0.13452 0.91440 0.03166 -0.73658 288.23374 0.00000 270.25163 -1.00000 0.00000 -999 288.23374
0.13452 0.91440 0.03166 -0.73658 288.23375 0.00000 270.25163 -1.00000 0.00000 -999 288.23375
0.12975 0.91440 0.03185 -0.75164 290.78370 0.00000 270.24500 -1.00000 0.00000 -999 290.78370
0.12975 0.91440 0.03185 -0.75164 290.78371 0.00000 270.24500 -1.00000 0.00000 -999 290.78371
0.12519 0.91440 0.03202 -0.76638 292.72108 0.00000 270.23993 -1.00000 0.00000 -999 292.72108
0.12086 0.91440 0.03215 -0.78072 295.16095 0.00000 270.23359 -1.00000 0.00000 -999 295.16095
0.12086 0.91440 0.03215 -0.78072 295.16096 0.00000 270.23359 -1.00000 0.00000 -999 295.16096
0.12086 0.91440 0.03215 -0.78072 295.16096 0.00000 270.23359 -1.00000 0.00000 -999 295.16096
0.11673 0.91440 0.03225 -0.79468 298.06011 0.00000 270.22603 -1.00000 0.00000 -999 298.06011
0.11673 0.91440 0.03225 -0.79468 298.06012 0.00000 270.22603 -1.00000 0.00000 -999 298.06012
0.11280 0.91440 0.03233 -0.80833 300.38941 0.00000 270.22000 -1.00000 0.00000 -999 300.38941
0.11280 0.91440 0.03233 -0.80833 300.38942 0.00000 270.22000 -1.00000 0.00000 -999 300.38942
0.10905 0.91440 0.03239 -0.82166 302.69618 0.00000 270.21410 -1.00000 0.00000 -999 302.69618
0.10905 0.91440 0.03239 -0.82166 302.69618 0.00000 270.21410 -1.00000 0.00000 -999 302.69618
0.10548 0.91440 0.03242 -0.83476 304.98704 0.00000 270.20835 -1.00000 0.00000 -999 304.98704
0.10548 0.91440 0.03242 -0.83476 304.98705 0.00000 270.20835 -1.00000 0.00000 -999 304.98705
0.10208 0.91440 0.03244 -0.84731 307.26205 0.00000 270.20274 -1.00000 0.00000 -999 307.26205
0.10208 0.91440 0.03244 -0.84731 307.26205 0.00000 270.20274 -1.00000 0.00000 -999 307.26205
0.09885 0.91440 0.03244 -0.85983 309.51513 0.00000 270.19726 -1.00000 0.00000 -999 309.51513
0.09885 0.91440 0.03244 -0.85983 309.51514 0.00000 270.19726 -1.00000 0.00000 -999 309.51514
0.09576 0.91440 0.03242 -0.87176 311.73879 0.00000 270.19191 -1.00000 0.00000 -999 311.73879
0.09576 0.91440 0.03242 -0.87176 311.73880 0.00000 270.19191 -1.00000 0.00000 -999 311.73880
0.09283 0.91440 0.03239 -0.88373 313.75647 0.00000 270.18712 -1.00000 0.00000 -999 313.75647
0.09283 0.91440 0.03239 -0.88373 313.75648 0.00000 270.18712 -1.00000 0.00000 -999 313.75648
0.09003 0.91440 0.03235 -0.89505 315.69622 0.00000 270.18264 -1.00000 0.00000 -999 315.69622
0.08715 0.91440 0.03230 -0.90709 317.94445 0.00000 270.17730 -1.00000 0.00000 -999 317.94445
0.08715 0.91440 0.03230 -0.90709 317.94446 0.00000 270.17730 -1.00000 0.00000 -999 317.94446
0.08715 0.91440 0.03230 -0.90709 317.94446 0.00000 270.17730 -1.00000 0.00000 -999 317.94446
0.08426 0.91440 0.03223 -0.91947 320.22592 0.00000 270.17176 -1.00000 0.00000 -999 320.22592
0.08138 0.91440 0.03214 -0.93234 322.52968 0.00000 270.16603 -1.00000 0.00000 -999 322.52968
0.08138 0.91440 0.03214 -0.93234 322.52969 0.00000 270.16603 -1.00000 0.00000 -999 322.52969
0.08138 0.91440 0.03214 -0.93234 322.52969 0.00000 270.16603 -1.00000 0.00000 -999 322.52969
0.07850 0.91440 0.03203 -0.94547 324.84399 0.00000 270.16016 -1.00000 0.00000 -999 324.84399
0.07850 0.91440 0.03203 -0.94547 324.84400 0.00000 270.16016 -1.00000 0.00000 -999 324.84400
0.07562 0.91440 0.03191 -0.95891 327.18109 0.00000 270.15412 -1.00000 0.00000 -999 327.18109
0.07273 0.91440 0.03178 -0.97290 329.56199 0.00000 270.14786 -1.00000 0.00000 -999 329.56199
0.07273 0.91440 0.03178 -0.97290 329.56200 0.00000 270.14786 -1.00000 0.00000 -999 329.56200
0.07273 0.91440 0.03178 -0.97290 329.56201 0.00000 270.14786 -1.00000 0.00000 -999 329.56201
0.06985 0.91440 0.03162 -0.98740 332.01242 0.00000 270.14137 -1.00000 0.00000 -999 332.01242
0.06985 0.91440 0.03162 -0.98740 332.01243 0.00000 270.14137 -1.00000 0.00000 -999 332.01243
0.06697 0.91440 0.03144 -1.00230 334.57279 0.00000 270.13468 -1.00000 0.00000 -999 334.57279
0.06410 0.91440 0.03124 -1.01771 337.53636 0.00006 270.13049 -0.00000 0.00000 -999 337.29650
0.06410 0.91440 0.03124 -1.01771 337.53637 0.00006 270.13049 0.00000 0.00000 -999 337.29651
0.06410 0.91440 0.03124 -1.01771 337.53638 0.00006 270.13049 0.00000 0.00000 -999 337.29652
0.06122 0.91440 0.03103 -1.03388 340.72988 0.00013 270.12615 1.00000 0.00000 -999 340.22780
0.06122 0.91440 0.03103 -1.03388 340.72990 0.00013 270.12615 1.00000 0.00000 -999 340.22781
0.05835 0.91440 0.03078 -1.05069 343.94186 0.00019 270.10116 0.66667 0.00001 -999 343.39089
0.05835 0.91440 0.03078 -1.05069 343.94188 0.00019 270.10116 0.66666 0.00001 -999 343.39091
0.05547 0.91440 0.03052 -1.06809 347.26817 0.00026 270.05914 -0.00000 0.00000 -999 346.80216
0.05547 0.91440 0.03052 -1.06809 347.26818 0.00026 270.05914 -0.00000 0.00000 -999 346.80218
0.05260 0.91440 0.03023 -1.08626 350.64086 0.00033 269.99998 -0.66667 0.00000 -999 350.47800
0.04974 0.91440 0.02991 -1.10551 354.42245 0.00044 269.93832 -1.00000 0.00000 -999 354.42245
0.04974 0.91440 0.02991 -1.10551 354.42246 0.00044 269.93832 -1.00000 0.00000 -999 354.42246
0.04687 0.91440 0.02956 -1.12556 358.62746 0.00052 269.90549 -1.00000 0.00000 -999 358.62746
0.04687 0.91440 0.02956 -1.12556 358.62747 0.00052 269.90549 -1.00000 0.00000 -999 358.62747
0.04687 0.91440 0.02956 -1.12556 358.62749 0.00052 269.90549 -1.00000 0.00000 -999 358.62749
0.04401 0.91440 0.02918 -1.14654 363.08684 0.00060 269.87059 -1.00000 0.00000 -999 363.08684
0.04401 0.91440 0.02918 -1.14654 363.08686 0.00060 269.87059 -1.00000 0.00000 -999 363.08686
0.04116 0.91440 0.02876 -1.16901 367.76827 0.00099 269.73283 -1.00000 0.00000 -999 367.76827
0.04116 0.91440 0.02876 -1.16901 367.76828 0.00099 269.73283 -1.00000 0.00000 -999 367.76828
0.03831 0.91440 0.02831 -1.19263 372.61489 0.00223 269.32098 -1.00000 0.00000 -999 372.61489
0.03831 0.91440 0.02831 -1.19263 372.61491 0.00223 269.32098 -1.00000 0.00000 -999 372.61491
0.03547 0.91440 0.02782 -1.21749 377.62048 0.00347 268.91824 -1.00000 0.00000 -999 377.62048
0.03547 0.91440 0.02782 -1.21749 377.62055 0.00347 268.91824 -1.00000 0.00000 -999 377.62050
0.03263 0.91440 0.02729 -1.24446 400.08707 0.00540 268.40284 -0.14286 0.00015 -999 383.38215
0.03263 0.91440 0.02729 -1.24446 400.08715 0.00540 268.40284 -0.14285 0.00015 -999 383.38217
0.02981 0.91440 0.02670 -1.27292 424.64735 0.00699 268.28451 1.00000 0.00030 -999 389.79271
0.02981 0.91440 0.02670 -1.27292 424.64740 0.00699 268.28451 1.00000 0.00030 -999 389.79273
0.02700 0.91440 0.02606 -1.30302 442.80043 0.00910 268.29740 1.00000 0.00039 -999 396.06400
0.02700 0.91440 0.02606 -1.30302 442.80052 0.00910 268.29740 1.00000 0.00039 -999 396.06403
0.02420 0.91440 0.02536 -1.33590 472.26589 0.01316 268.33556 1.00000 0.00058 -999 402.77805
0.02420 0.91440 0.02536 -1.33590 472.26606 0.01316 268.33556 1.00000 0.00058 -999 402.77808
0.02142 0.91440 0.02459 -1.36949 519.89375 0.02031 268.40514 1.00000 0.00091 -999 409.90698
0.02142 0.91440 0.02459 -1.36949 519.89395 0.02031 268.40514 1.00000 0.00091 -999 409.90700
0.01866 0.91440 0.02374 -1.40618 579.09929 0.02918 268.48127 1.00000 0.00132 -999 417.60706
0.01866 0.91440 0.02374 -1.40618 579.09954 0.02918 268.48127 1.00000 0.00132 -999 417.60709
0.01594 0.91440 0.02279 -1.44105 639.94829 0.03885 268.55033 1.00000 0.00178 -999 423.89257
0.01325 0.91440 0.02173 -1.47729 718.91469 0.05244 268.64348 1.00000 0.00243 -999 430.05146
0.01325 0.91440 0.02173 -1.47729 718.91506 0.05244 268.64348 1.00000 0.00243 -999 430.05149
0.01063 0.91440 0.02054 -1.49884 833.45568 0.07660 268.80010 1.00000 0.00358 -999 436.71689
0.01063 0.91440 0.02054 -1.49884 833.45612 0.07660 268.80010 1.00000 0.00358 -999 436.71691
0.00809 0.91440 0.01916 -1.50382 951.51522 0.11301 269.05523 1.00000 0.00529 -999 440.03720
0.00809 0.91440 0.01916 -1.50382 951.51562 0.11301 269.05523 1.00000 0.00529 -999 440.03720
0.00592 0.91440 0.01774 -1.47027 1029.57045 0.16392 269.46288 1.00000 0.00757 -999 439.59535
0.00592 0.91440 0.01774 -1.47027 1029.57072 0.16392 269.46288 1.00000 0.00757 -999 439.59534
0.00417 0.91440 0.01632 -1.37755 1075.00249 0.23487 270.08645 1.00000 0.01047 -999 438.89817
0.00417 0.91440 0.01632 -1.37755 1075.00264 0.23487 270.08646 1.00000 0.01047 -999 438.89817
0.00280 0.91440 0.01492 -1.19068 1100.65119 0.30923 270.77119 1.00000 0.01282 -999 443.61228
0.00280 0.91440 0.01492 -1.19068 1100.65130 0.30923 270.77119 1.00000 0.01282 -999 443.61230
0.00176 0.91440 0.01352 -0.91780 1134.47969 0.39820 271.55828 1.00000 0.01455 -999 455.56809
0.00176 0.91440 0.01352 -0.91780 1134.47982 0.39820 271.55829 1.00000 0.01455 -999 455.56814
0.00103 0.91440 0.01214 -0.54731 1162.80070 0.51023 272.55897 0.97912 0.01508 -999 466.53512
0.00103 0.91440 0.01214 -0.54731 1162.80078 0.51023 272.55898 0.97912 0.01508 -999 466.53515
0.00055 0.91440 0.01073 -0.11734 1123.39235 0.60837 273.15000 0.82487 0.01062 -999 462.09686
0.00055 0.91440 0.01073 -0.11733 1123.39222 0.60837 273.15000 0.82487 0.01062 -999 462.09684
0.00055 0.91440 0.01073 -0.11733 1123.39158 0.60837 273.15000 0.82487 0.01062 -999 462.09677
0.00032 0.91440 0.00930 0.29286 897.61749 0.68614 273.15000 0.56690 0.00474 -999 438.43800
0.00032 0.91440 0.00930 0.29286 897.61641 0.68615 273.15000 0.56690 0.00474 -999 438.43790
0.00035 0.91440 0.00785 0.64568 603.69106 0.71966 273.15000 0.37292 0.00168 -999 410.33721
0.00035 0.91440 0.00785 0.64569 603.69028 0.71966 273.15000 0.37292 0.00168 -999 410.33711
0.00063 0.91440 0.00638 0.88231 428.76964 0.71776 273.15000 0.27965 0.00042 -999 381.35084
0.00063 0.91440 0.00638 0.88231 428.76931 0.71776 273.15000 0.27965 0.00042 -999 381.35074
0.00117 0.91440 0.00490 1.00840 357.32736 0.68710 273.15000 0.25133 0.00004 -999 352.91285
0.00117 0.91440 0.00490 1.00840 357.32722 0.68710 273.15000 0.25133 0.00004 -999 352.91275
0.00202 0.91440 0.00337 1.03168 324.31664 0.64836 273.15000 0.24554 0.00000 -999 324.12510
0.00202 0.91440 0.00337 1.03168 324.31656 0.64836 273.15000 0.24554 0.00000 -999 324.12499
0.00318 0.91440 0.00178 0.98557 305.49975 0.58149 273.15000 0.25817 0.00012 -999 295.24201
0.00318 0.91440 0.00178 0.98557 305.49972 0.58149 273.15000 0.25817 0.00012 -999 295.24191
0.00474 0.91440 0.00013 0.89597 298.88163 0.52302 273.15000 0.27772 0.00030 -999 274.45999
0.00672 0.91440 -0.00160 0.78667 296.57861 0.46480 273.15000 0.30564 0.00051 -999 257.52180
0.00672 0.91440 -0.00160 0.78667 296.57860 0.46480 273.15000 0.30564 0.00051 -999 257.52173
0.00905 0.91440 -0.00332 0.67708 299.41813 0.39049 273.15000 0.36050 0.00084 -999 239.44326
0.00905 0.91440 -0.00332 0.67708 299.41814 0.39049 273.15000 0.36050 0.00084 -999 239.44320
0.00905 0.91440 -0.00332 0.67708 299.41817 0.39049 273.15000 0.36051 0.00084 -999 239.44318
0.01150 0.91440 -0.00487 0.58381 307.23548 0.33898 273.15000 0.41851 0.00110 -999 231.78541
0.01402 0.91440 -0.00629 0.50561 319.60386 0.30432 273.15000 0.48040 0.00130 -999 231.35600
0.01402 0.91440 -0.00629 0.50561 319.60392 0.30432 273.15000 0.48040 0.00130 -999 231.35599
0.01660 0.91440 -0.00761 0.43916 345.15638 0.25973 273.15000 0.59684 0.00160 -999 235.72643
0.01660 0.91440 -0.00761 0.43916 345.15646 0.25973 273.15000 0.59684 0.00160 -999 235.72645
0.01923 0.91440 -0.00884 0.38259 372.13351 0.23114 273.15000 0.71238 0.00188 -999 241.93180
0.01923 0.91440 -0.00884 0.38259 372.13361 0.23114 273.15000 0.71238 0.00188 -999 241.93183
0.02189 0.91440 -0.00999 0.33370 404.36853 0.20790 273.15000 0.85919 0.00220 -999 249.56699
0.02189 0.91440 -0.00999 0.33370 404.36865 0.20790 273.15000 0.85919 0.00220 -999 249.56702
0.02458 0.91440 -0.01108 0.29128 428.29749 0.18442 272.86602 0.97943 0.00239 -999 256.83869
0.02458 0.91440 -0.01108 0.29128 428.29757 0.18442 272.86602 0.97943 0.00239 -999 256.83871
0.02729 0.91440 -0.01210 0.25395 434.71371 0.16825 272.42818 1.00000 0.00235 -999 262.22560
0.02729 0.91440 -0.01210 0.25395 434.71373 0.16825 272.42818 1.00000 0.00235 -999 262.22562
0.03002 0.91440 -0.01307 0.22097 435.40625 0.15420 272.13251 1.00000 0.00225 -999 266.59205
0.03002 0.91440 -0.01307 0.22097 435.40625 0.15420 272.13251 1.00000 0.00225 -999 266.59206
0.03002 0.91440 -0.01307 0.22097 435.40625 0.15420 272.13251 1.00000 0.00225 -999 266.59207
0.03277 0.91440 -0.01400 0.19174 433.70267 0.14161 271.87970 1.00000 0.00215 -999 269.89818
0.03277 0.91440 -0.01400 0.19174 433.70265 0.14161 271.87970 1.00000 0.00215 -999 269.89819
0.03553 0.91440 -0.01488 0.16535 427.82439 0.12837 271.63498 1.00000 0.00201 -999 272.15546
0.03553 0.91440 -0.01488 0.16535 427.82437 0.12837 271.63498 1.00000 0.00201 -999 272.15547
0.03830 0.91440 -0.01573 0.14172 423.98685 0.11931 271.46026 1.00000 0.00192 -999 273.65432
0.03830 0.91440 -0.01573 0.14172 423.98682 0.11931 271.46026 1.00000 0.00192 -999 273.65432
0.04109 0.91440 -0.01654 0.12042 418.45957 0.11043 271.29392 1.00000 0.00182 -999 274.71564
0.04388 0.91440 -0.01731 0.10095 410.99731 0.10097 271.12357 1.00000 0.00170 -999 275.50196
0.04388 0.91440 -0.01731 0.10095 410.99729 0.10097 271.12357 1.00000 0.00170 -999 275.50196
0.04388 0.91440 -0.01731 0.10095 410.99726 0.10097 271.12357 1.00000 0.00170 -999 275.50197
0.04668 0.91440 -0.01805 0.08329 402.70313 0.09199 270.95950 1.00000 0.00158 -999 276.02558
0.04668 0.91440 -0.01805 0.08329 402.70310 0.09199 270.95950 1.00000 0.00158 -999 276.02559
0.04949 0.91440 -0.01877 0.06719 393.74689 0.08338 270.80324 1.00000 0.00146 -999 276.24392
0.04949 0.91440 -0.01877 0.06719 393.74686 0.08338 270.80324 1.00000 0.00146 -999 276.24392
0.05230 0.91440 -0.01946 0.05233 384.35610 0.07525 270.65503 1.00000 0.00134 -999 276.14324
0.05230 0.91440 -0.01946 0.05233 384.35607 0.07525 270.65503 1.00000 0.00134 -999 276.14324
0.05513 0.91440 -0.02012 0.03866 378.51277 0.07036 270.56056 1.00000 0.00127 -999 275.75922
0.05513 0.91440 -0.02012 0.03866 378.51275 0.07036 270.56056 1.00000 0.00127 -999 275.75922
0.05795 0.91440 -0.02076 0.02614 373.27000 0.06635 270.48133 1.00000 0.00121 -999 275.16447
0.05795 0.91440 -0.02076 0.02614 373.26998 0.06635 270.48133 1.00000 0.00121 -999 275.16446
0.06079 0.91440 -0.02138 0.01460 364.94266 0.06047 270.36867 1.00000 0.00112 -999 274.44564
0.06079 0.91440 -0.02138 0.01460 364.94263 0.06047 270.36867 1.00000 0.00112 -999 274.44563
0.06362 0.91440 -0.02198 0.00385 360.17172 0.05725 270.30395 1.00000 0.00107 -999 273.67615
0.06646 0.91440 -0.02255 -0.00606 355.46245 0.05419 270.24150 1.00000 0.00102 -999 272.90149
0.06646 0.91440 -0.02255 -0.00606 355.46243 0.05419 270.24150 1.00000 0.00102 -999 272.90148
0.06646 0.91440 -0.02255 -0.00606 355.46241 0.05419 270.24150 1.00000 0.00102 -999 272.90148
0.06931 0.91440 -0.02311 -0.01520 349.26178 0.05022 270.16016 1.00000 0.00096 -999 272.14469
0.06931 0.91440 -0.02311 -0.01520 349.26176 0.05022 270.16016 1.00000 0.00096 -999 272.14469
0.07216 0.91440 -0.02365 -0.02372 343.92011 0.04688 270.09043 1.00000 0.00090 -999 271.41286
0.07216 0.91440 -0.02365 -0.02372 343.92009 0.04688 270.09043 1.00000 0.00090 -999 271.41286
0.07501 0.91440 -0.02417 -0.03165 338.31430 0.04345 270.01690 1.00000 0.00084 -999 270.69684
0.07501 0.91440 -0.02417 -0.03165 338.31428 0.04345 270.01690 1.00000 0.00084 -999 270.69684
0.07786 0.91440 -0.02467 -0.03903 333.00274 0.04026 269.94797 1.00000 0.00078 -999 269.97868
0.08072 0.91440 -0.02516 -0.04584 328.00194 0.03735 269.88306 1.00000 0.00073 -999 269.24581
0.08072 0.91440 -0.02516 -0.04584 328.00192 0.03735 269.88306 1.00000 0.00073 -999 269.24581
0.08072 0.91440 -0.02516 -0.04584 328.00190 0.03735 269.88306 1.00000 0.00073 -999 269.24581
0.08358 0.91440 -0.02563 -0.05220 322.30104 0.03405 269.80848 1.00000 0.00067 -999 268.50037
0.08358 0.91440 -0.02563 -0.05220 322.30101 0.03405 269.80848 1.00000 0.00067 -999 268.50037
0.08644 0.91440 -0.02609 -0.05818 317.17038 0.03117 269.74084 1.00000 0.00062 -999 267.75208
0.08644 0.91440 -0.02609 -0.05818 317.17037 0.03117 269.74084 1.00000 0.00062 -999 267.75207
0.08933 0.91440 -0.02653 -0.06375 312.15253 0.02842 269.67608 1.00000 0.00057 -999 266.92422
0.08933 0.91440 -0.02653 -0.06375 312.15251 0.02842 269.67608 1.00000 0.00057 -999 266.92421
0.09236 0.91440 -0.02699 -0.06909 307.44672 0.02584 269.61337 1.00000 0.00052 -999 266.21503
0.09555 0.91440 -0.02745 -0.07438 303.93257 0.02400 269.56813 1.00000 0.00048 -999 265.56838
0.09555 0.91440 -0.02745 -0.07438 303.93255 0.02400 269.56813 1.00000 0.00048 -999 265.56838
0.09890 0.91440 -0.02791 -0.07943 301.01288 0.02268 269.53452 1.00000 0.00046 -999 264.69114
0.09890 0.91440 -0.02791 -0.07943 301.01287 0.02268 269.53452 1.00000 0.00046 -999 264.69114
0.10242 0.91440 -0.02838 -0.08433 296.62181 0.02048 269.47877 1.00000 0.00042 -999 263.77178
0.10242 0.91440 -0.02838 -0.08433 296.62180 0.02048 269.47877 1.00000 0.00042 -999 263.77177
0.10611 0.91440 -0.02886 -0.08903 293.07789 0.01899 269.43987 1.00000 0.00039 -999 262.59222
0.10611 0.91440 -0.02886 -0.08903 293.07787 0.01899 269.43987 1.00000 0.00039 -999 262.59221
0.10611 0.91440 -0.02886 -0.08903 293.07786 0.01899 269.43987 1.00000 0.00039 -999 262.59221
0.11000 0.91440 -0.02934 -0.09348 288.84085 0.01712 269.39124 1.00000 0.00035 -999 261.33751
0.11000 0.91440 -0.02934 -0.09348 288.84084 0.01712 269.39124 1.00000 0.00035 -999 261.33751
0.11408 0.91440 -0.02982 -0.09772 284.96289 0.01540 269.34542 1.00000 0.00032 -999 260.22549
0.11408 0.91440 -0.02982 -0.09772 284.96288 0.01540 269.34542 1.00000 0.00032 -999 260.22548
0.11837 0.91440 -0.03030 -0.10171 281.87253 0.01424 269.31459 1.00000 0.00029 -999 259.01927
0.11837 0.91440 -0.03030 -0.10171 281.87252 0.01424 269.31459 1.00000 0.00029 -999 259.01927
0.12288 0.91440 -0.03079 -0.10535 277.94291 0.01263 269.27050 1.00000 0.00026 -999 257.71156
0.12288 0.91440 -0.03079 -0.10535 277.94290 0.01263 269.27050 1.00000 0.00026 -999 257.71155
0.12761 0.91440 -0.03127 -0.10877 273.36481 0.01067 269.21590 1.00000 0.00022 -999 256.30928
0.12761 0.91440 -0.03127 -0.10877 273.36479 0.01067 269.21590 1.00000 0.00022 -999 256.30928
0.13258 0.91440 -0.03175 -0.11182 269.44865 0.00916 269.17357 1.00000 0.00019 -999 254.84985
0.13258 0.91440 -0.03175 -0.11182 269.44863 0.00916 269.17357 1.00000 0.00019 -999 254.84984
0.13781 0.91440 -0.03223 -0.11454 266.08687 0.00778 269.13379 1.00000 0.00016 -999 253.71178
0.14302 0.91440 -0.03267 -0.11692 262.85587 0.00667 269.10158 1.00000 0.00014 -999 252.28898
0.14302 0.91440 -0.03267 -0.11692 262.85586 0.00667 269.10158 1.00000 0.00014 -999 252.28897
0.14302 0.91440 -0.03267 -0.11692 262.85585 0.00667 269.10158 1.00000 0.00014 -999 252.28897
0.14823 0.91440 -0.03309 -0.11874 258.25701 0.00483 269.04632 1.00000 0.00010 -999 250.63626
0.14823 0.91440 -0.03309 -0.11874 258.25700 0.00483 269.04632 1.00000 0.00010 -999 250.63625
0.15345 0.91440 -0.03349 -0.12028 255.48091 0.00389 269.02368 0.33334 0.00008 -999 249.36656
0.15345 0.91440 -0.03349 -0.12028 255.48090 0.00389 269.02368 0.33333 0.00008 -999 249.36656
0.15866 0.91440 -0.03386 -0.12141 254.15365 0.00366 269.02025 0.00000 0.00008 -999 248.41392
0.16388 0.91440 -0.03421 -0.12225 251.57539 0.00348 269.08627 0.50000 0.00006 -999 247.22001
0.16388 0.91440 -0.03421 -0.12225 251.57538 0.00348 269.08627 0.50000 0.00006 -999 247.22001
0.16388 0.91440 -0.03421 -0.12225 251.57537 0.00348 269.08628 0.50000 0.00006 -999 247.22000
0.16910 0.91440 -0.03454 -0.12281 248.07675 0.00286 269.27915 -0.20000 0.00003 -999 245.87809
0.16910 0.91440 -0.03454 -0.12281 248.07674 0.00286 269.27915 -0.20000 0.00003 -999 245.87809
0.17432 0.91440 -0.03484 -0.12310 244.84723 0.00245 269.43482 -1.00000 0.00000 -999 244.84723
0.17432 0.91440 -0.03484 -0.12310 244.84722 0.00245 269.43482 -1.00000 0.00000 -999 244.84722
0.17955 0.91440 -0.03513 -0.12311 243.64757 0.00231 269.49289 -1.00000 0.00000 -999 243.64757
0.17955 0.91440 -0.03513 -0.12311 243.64757 0.00231 269.49289 -1.00000 0.00000 -999 243.64757
0.18477 0.91440 -0.03539 -0.12296 242.43859 0.00199 269.63079 -1.00000 0.00000 -999 242.43859
0.18477 0.91440 -0.03539 -0.12296 242.43859 0.00199 269.63079 -1.00000 0.00000 -999 242.43859
0.19000 0.91440 -0.03564 -0.12260 241.22497 0.00150 269.84934 -1.00000 0.00000 -999 241.22497
0.19000 0.91440 -0.03564 -0.12260 241.22496 0.00150 269.84934 -1.00000 0.00000 -999 241.22496
0.19522 0.91440 -0.03587 -0.12201 240.01501 0.00127 269.94692 -1.00000 0.00000 -999 240.01501
0.19522 0.91440 -0.03587 -0.12201 240.01501 0.00127 269.94692 -1.00000 0.00000 -999 240.01501
0.20045 0.91440 -0.03608 -0.12126 238.82152 0.00098 270.07784 -1.00000 0.00000 -999 238.82152
0.20567 0.91440 -0.03628 -0.12036 237.65643 0.00063 270.23735 -1.00000 0.00000 -999 237.65643
0.20567 0.91440 -0.03628 -0.12036 237.65643 0.00063 270.23735 -1.00000 0.00000 -999 237.65643
0.20567 0.91440 -0.03628 -0.12036 237.65642 0.00063 270.23735 -1.00000 0.00000 -999 237.65642
0.21090 0.91440 -0.03646 -0.11931 236.52749 0.00028 270.39452 -1.00000 0.00000 -999 236.52749
0.21613 0.91440 -0.03662 -0.11812 235.38948 0.00017 270.46322 -0.42857 0.00000 -999 235.33728
0.21613 0.91440 -0.03662 -0.11812 235.38948 0.00017 270.46322 -0.42857 0.00000 -999 235.33727
0.21613 0.91440 -0.03662 -0.11812 235.38948 0.00017 270.46322 -0.42857 0.00000 -999 235.33727
0.22136 0.91440 -0.03677 -0.11682 234.47959 0.00015 270.48397 -0.00000 0.00000 -999 234.38859
0.22659 0.91440 -0.03690 -0.11539 233.53610 0.00015 270.47842 -0.14286 0.00000 -999 233.47401
0.22659 0.91440 -0.03690 -0.11539 233.53609 0.00015 270.47842 -0.14286 0.00000 -999 233.47401
0.23182 0.91440 -0.03702 -0.11385 232.52904 0.00012 270.51592 0.66666 0.00000 -999 232.39978
0.23182 0.91440 -0.03702 -0.11385 232.52903 0.00012 270.51592 0.66667 0.00000 -999 232.39978
0.23182 0.91440 -0.03702 -0.11385 232.52903 0.00012 270.51592 0.66667 0.00000 -999 232.39978
0.23705 0.91440 -0.03712 -0.11222 231.52571 0.00010 270.50685 0.33334 0.00000 -999 231.44533
0.24227 0.91440 -0.03722 -0.11049 230.69014 0.00007 270.51477 0.60000 0.00000 -999 230.63218
0.24227 0.91440 -0.03722 -0.11049 230.69014 0.00007 270.51477 0.60000 0.00000 -999 230.63217
0.24750 0.91440 -0.03730 -0.10868 229.83620 0.00003 270.52802 1.00000 0.00000 -999 229.78609
0.24750 0.91440 -0.03730 -0.10868 229.83620 0.00003 270.52802 1.00000 0.00000 -999 229.78609
0.25273 0.91440 -0.03736 -0.10680 228.92895 0.00005 270.52948 0.33334 0.00000 -999 228.86284
0.25273 0.91440 -0.03736 -0.10680 228.92894 0.00005 270.52948 0.33333 0.00000 -999 228.86284
0.25797 0.91440 -0.03742 -0.10484 227.94054 0.00000 270.52762 -1.00000 0.00000 -999 227.94054
0.25797 0.91440 -0.03742 -0.10484 227.94053 0.00000 270.52762 -1.00000 0.00000 -999 227.94053
0.26320 0.91440 -0.03746 -0.10281 227.01638 0.00000 270.52848 -1.00000 0.00000 -999 227.01638
0.26320 0.91440 -0.03746 -0.10281 227.01637 0.00000 270.52848 -1.00000 0.00000 -999 227.01637
0.26843 0.91440 -0.03750 -0.10072 226.08941 0.00000 270.52936 -1.00000 0.00000 -999 226.08941
0.26843 0.91440 -0.03750 -0.10072 226.08941 0.00000 270.52936 -1.00000 0.00000 -999 226.08941
0.27366 0.91440 -0.03752 -0.09858 225.16013 0.00000 270.53028 -1.00000 0.00000 -999 225.16013
0.27366 0.91440 -0.03752 -0.09858 225.16013 0.00000 270.53028 -1.00000 0.00000 -999 225.16013
0.27889 0.91440 -0.03753 -0.09637 224.23028 0.00000 270.53121 -1.00000 0.00000 -999 224.23028
0.27889 0.91440 -0.03753 -0.09637 224.23028 0.00000 270.53121 -1.00000 0.00000 -999 224.23028
0.28412 0.91440 -0.03753 -0.09412 223.30270 0.00000 270.53217 -1.00000 0.00000 -999 223.30270
0.28412 0.91440 -0.03753 -0.09412 223.30270 0.00000 270.53217 -1.00000 0.00000 -999 223.30270
0.28935 0.91440 -0.03752 -0.09181 222.38078 0.00000 270.53315 -1.00000 0.00000 -999 222.38078
0.28935 0.91440 -0.03752 -0.09181 222.38077 0.00000 270.53315 -1.00000 0.00000 -999 222.38077
0.29458 0.91440 -0.03750 -0.08945 221.46794 0.00000 270.53416 -1.00000 0.00000 -999 221.46794
0.29458 0.91440 -0.03750 -0.08945 221.46794 0.00000 270.53416 -1.00000 0.00000 -999 221.46794
0.29981 0.91440 -0.03747 -0.08705 220.56758 0.00000 270.53518 -1.00000 0.00000 -999 220.56758
0.29981 0.91440 -0.03747 -0.08705 220.56758 0.00000 270.53518 -1.00000 0.00000 -999 220.56758
0.30504 0.91440 -0.03743 -0.08461 219.68264 0.00000 270.53622 -1.00000 0.00000 -999 219.68264
0.30504 0.91440 -0.03743 -0.08461 219.68264 0.00000 270.53622 -1.00000 0.00000 -999 219.68264
0.31027 0.91440 -0.03739 -0.08211 218.81527 0.00000 270.53728 -1.00000 0.00000 -999 218.81527
0.31027 0.91440 -0.03739 -0.08211 218.81527 0.00000 270.53728 -1.00000 0.00000 -999 218.81527
0.31550 0.91440 -0.03733 -0.07958 217.96676 0.00000 270.53836 -1.00000 0.00000 -999 217.96676
0.31550 0.91440 -0.03733 -0.07958 217.96676 0.00000 270.53836 -1.00000 0.00000 -999 217.96676
0.32073 0.91440 -0.03727 -0.07700 217.13750 0.00000 270.53946 -1.00000 0.00000 -999 217.13750
0.32073 0.91440 -0.03727 -0.07700 217.13750 0.00000 270.53946 -1.00000 0.00000 -999 217.13750
0.32596 0.91440 -0.03720 -0.07437 216.32715 0.00000 270.54057 -1.00000 0.00000 -999 216.32715
0.32596 0.91440 -0.03720 -0.07437 216.32715 0.00000 270.54057 -1.00000 0.00000 -999 216.32715
0.33119 0.91440 -0.03712 -0.07170 215.53488 0.00000 270.54171 -1.00000 0.00000 -999 215.53488
0.33119 0.91440 -0.03712 -0.07170 215.53488 0.00000 270.54171 -1.00000 0.00000 -999 215.53488
0.33642 0.91440 -0.03703 -0.06899 214.75921 0.00000 270.54286 -1.00000 0.00000 -999 214.75921
0.33642 0.91440 -0.03703 -0.06899 214.75921 0.00000 270.54286 -1.00000 0.00000 -999 214.75921
0.34165 0.91440 -0.03693 -0.06622 213.90255 0.00000 270.54419 -1.00000 0.00000 -999 213.90255
0.34165 0.91440 -0.03693 -0.06622 213.90255 0.00000 270.54419 -1.00000 0.00000 -999 213.90255
0.34688 0.91440 -0.03683 -0.06342 213.08436 0.00000 270.54550 -1.00000 0.00000 -999 213.08436
0.34688 0.91440 -0.03683 -0.06342 213.08435 0.00000 270.54550 -1.00000 0.00000 -999 213.08435
0.35211 0.91440 -0.03672 -0.06057 212.34503 0.00000 270.54672 -1.00000 0.00000 -999 212.34503
0.35211 0.91440 -0.03672 -0.06057 212.34503 0.00000 270.54672 -1.00000 0.00000 -999 212.34503
0.35734 0.91440 -0.03660 -0.05764 211.61007 0.00000 270.54796 -1.00000 0.00000 -999 211.61007
0.35734 0.91440 -0.03660 -0.05764 211.61007 0.00000 270.54796 -1.00000 0.00000 -999 211.61007
0.36257 0.91440 -0.03647 -0.05467 210.87706 0.00000 270.54923 -1.00000 0.00000 -999 210.87706
0.36257 0.91440 -0.03647 -0.05467 210.87706 0.00000 270.54923 -1.00000 0.00000 -999 210.87706
0.36779 0.91440 -0.03634 -0.05164 210.14396 0.00000 270.55053 -1.00000 0.00000 -999 210.14396
0.36779 0.91440 -0.03634 -0.05164 210.14396 0.00000 270.55053 -1.00000 0.00000 -999 210.14396
0.37302 0.91440 -0.03620 -0.04855 209.40936 0.00000 270.55184 -1.00000 0.00000 -999 209.40936
0.37302 0.91440 -0.03620 -0.04855 209.40936 0.00000 270.55184 -1.00000 0.00000 -999 209.40936
0.37825 0.91440 -0.03605 -0.04542 208.66939 0.00000 270.55318 -1.00000 0.00000 -999 208.66939
0.37825 0.91440 -0.03605 -0.04542 208.66939 0.00000 270.55318 -1.00000 0.00000 -999 208.66939
0.38348 0.91440 -0.03589 -0.04217 207.92034 0.00000 270.55456 -1.00000 0.00000 -999 207.92034
0.38348 0.91440 -0.03589 -0.04217 207.92033 0.00000 270.55456 -1.00000 0.00000 -999 207.92033
0.38871 0.91440 -0.03573 -0.03885 207.16181 0.00000 270.55598 -1.00000 0.00000 -999 207.16181
0.38871 0.91440 -0.03573 -0.03885 207.16181 0.00000 270.55598 -1.00000 0.00000 -999 207.16181
0.39394 0.91440 -0.03556 -0.03547 206.39361 0.00000 270.55743 -1.00000 0.00000 -999 206.39361
0.39394 0.91440 -0.03556 -0.03547 206.39361 0.00000 270.55743 -1.00000 0.00000 -999 206.39361
0.39916 0.91440 -0.03539 -0.03198 205.71989 0.00000 270.55871 -1.00000 0.00000 -999 205.71989
0.39916 0.91440 -0.03539 -0.03198 205.71988 0.00000 270.55871 -1.00000 0.00000 -999 205.71988
0.40439 0.91440 -0.03521 -0.02840 204.99985 0.00000 270.56009 -1.00000 0.00000 -999 204.99985
0.40439 0.91440 -0.03521 -0.02840 204.99985 0.00000 270.56009 -1.00000 0.00000 -999 204.99985
0.40962 0.91440 -0.03502 -0.02470 204.09285 0.00000 270.56186 -1.00000 0.00000 -999 204.09285
0.40962 0.91440 -0.03502 -0.02470 204.09285 0.00000 270.56186 -1.00000 0.00000 -999 204.09285
0.40962 0.91440 -0.03502 -0.02470 204.09285 0.00000 270.56186 -1.00000 0.00000 -999 204.09285
0.41484 0.91440 -0.03482 -0.02088 203.19403 0.00000 270.56364 -1.00000 0.00000 -999 203.19403
0.41484 0.91440 -0.03482 -0.02088 203.19403 0.00000 270.56364 -1.00000 0.00000 -999 203.19403
0.42007 0.91440 -0.03462 -0.01692 202.35539 0.00000 270.56533 -1.00000 0.00000 -999 202.35539
0.42007 0.91440 -0.03462 -0.01692 202.35539 0.00000 270.56533 -1.00000 0.00000 -999 202.35539
0.42530 0.91440 -0.03441 -0.01282 201.49875 0.00000 270.56708 -1.00000 0.00000 -999 201.49875
0.42530 0.91440 -0.03441 -0.01282 201.49875 0.00000 270.56708 -1.00000 0.00000 -999 201.49875
0.43052 0.91440 -0.03420 -0.00855 200.62302 0.00000 270.56889 -1.00000 0.00000 -999 200.62302
0.43052 0.91440 -0.03420 -0.00855 200.62301 0.00000 270.56889 -1.00000 0.00000 -999 200.62301
0.43575 0.91440 -0.03397 -0.00410 199.72720 0.00000 270.57079 -1.00000 0.00000 -999 199.72720
0.43575 0.91440 -0.03397 -0.00410 199.72719 0.00000 270.57079 -1.00000 0.00000 -999 199.72719
0.44098 0.91440 -0.03374 0.00053 198.80950 0.00000 270.57276 -1.00000 0.00000 -999 198.80950
0.44098 0.91440 -0.03374 0.00053 198.80950 0.00000 270.57276 -1.00000 0.00000 -999 198.80950
0.44620 0.91440 -0.03351 0.00538 197.99471 0.00000 270.57454 -1.00000 0.00000 -999 197.99471
0.45143 0.91440 -0.03327 0.01050 196.98627 0.00000 270.57679 -1.00000 0.00000 -999 196.98627
0.45143 0.91440 -0.03327 0.01050 196.98626 0.00000 270.57679 -1.00000 0.00000 -999 196.98626
0.45665 0.91440 -0.03302 0.01587 195.88676 0.00000 270.57929 -1.00000 0.00000 -999 195.88676
0.45665 0.91440 -0.03302 0.01587 195.88675 0.00000 270.57929 -1.00000 0.00000 -999 195.88675
0.46187 0.91440 -0.03276 0.02156 194.84137 0.00000 270.58172 -1.00000 0.00000 -999 194.84137
0.46187 0.91440 -0.03276 0.02156 194.84137 0.00000 270.58172 -1.00000 0.00000 -999 194.84137
0.46187 0.91440 -0.03276 0.02156 194.84137 0.00000 270.58172 -1.00000 0.00000 -999 194.84137
0.46710 0.91440 -0.03250 0.02762 193.75106 0.00000 270.58429 -1.00000 0.00000 -999 193.75106
0.46710 0.91440 -0.03250 0.02762 193.75105 0.00000 270.58429 -1.00000 0.00000 -999 193.75105
0.47232 0.91440 -0.03223 0.03404 192.60835 0.00000 270.58703 -1.00000 0.00000 -999 192.60835
0.47232 0.91440 -0.03223 0.03404 192.60834 0.00000 270.58703 -1.00000 0.00000 -999 192.60834
0.47754 0.91440 -0.03195 0.04095 191.40217 0.00000 270.58996 -1.00000 0.00000 -999 191.40217
0.47754 0.91440 -0.03195 0.04095 191.40216 0.00000 270.58996 -1.00000 0.00000 -999 191.40216
0.48277 0.91440 -0.03166 0.04836 190.12106 0.00000 270.59312 -1.00000 0.00000 -999 190.12106
0.48277 0.91440 -0.03166 0.04836 190.12106 0.00000 270.59312 -1.00000 0.00000 -999 190.12106
0.48799 0.91440 -0.03137 0.05640 188.74828 0.00000 270.59654 -1.00000 0.00000 -999 188.74828
0.48799 0.91440 -0.03137 0.05640 188.74827 0.00000 270.59654 -1.00000 0.00000 -999 188.74827
0.49321 0.91440 -0.03107 0.06513 187.26477 0.00000 270.60026 -1.00000 0.00000 -999 187.26477
0.49321 0.91440 -0.03107 0.06513 187.26477 0.00000 270.60026 -1.00000 0.00000 -999 187.26477
0.49843 0.91440 -0.03077 0.07477 185.64201 0.00000 270.60435 -1.00000 0.00000 -999 185.64201
0.49843 0.91440 -0.03077 0.07477 185.64200 0.00000 270.60435 -1.00000 0.00000 -999 185.64200
0.50365 0.91440 -0.03045 0.08539 183.84553 0.00000 270.60889 -1.00000 0.00000 -999 183.84553
0.50365 0.91440 -0.03045 0.08539 183.84553 0.00000 270.60889 -1.00000 0.00000 -999 183.84553
0.50887 0.91440 -0.03013 0.09735 181.83251 0.00000 270.61397 -1.00000 0.00000 -999 181.83251
0.50887 0.91440 -0.03013 0.09735 181.83250 0.00000 270.61397 -1.00000 0.00000 -999 181.83250
0.51409 0.91440 -0.02980 0.11085 179.51500 0.00000 270.61973 -1.00000 0.00000 -999 179.51500
0.51409 0.91440 -0.02980 0.11085 179.51499 0.00000 270.61973 -1.00000 0.00000 -999 179.51499
0.51931 0.91440 -0.02946 0.12648 176.86032 0.00000 270.62643 -1.00000 0.00000 -999 176.86032
0.51931 0.91440 -0.02946 0.12648 176.86031 0.00000 270.62643 -1.00000 0.00000 -999 176.86031
0.52453 0.91440 -0.02911 0.14519 174.55210 0.00000 270.63376 -1.00000 0.00000 -999 174.55210
0.52453 0.91440 -0.02911 0.14519 174.55209 0.00000 270.63376 -1.00000 0.00000 -999 174.55209
0.52843 0.91440 -0.02885 0.16087 174.02665 0.00000 270.64059 -1.00000 0.00000 -999 174.02665
0.52843 0.91440 -0.02885 0.16087 174.02667 0.00000 270.64059 -1.00000 0.00000 -999 174.02667
0.53086 0.91440 -0.02868 0.17573 179.00706 0.00000 270.64547 -1.00000 0.00000 -999 179.00706
0.53086 0.91440 -0.02868 0.17573 179.00708 0.00000 270.64547 -1.00000 0.00000 -999 179.00708
0.53238 0.91440 -0.02858 0.17503 184.27886 0.00000 270.64677 -1.00000 0.00000 -999 184.27886

ZONE T="SLICE_Y_0p9144_BINS15_KS_VAR_CUTDATA"
0.53247 0.91440 -0.02724 0.17054 158.53926 0.00000 270.64478 -1.00000 0.00000 -999 158.53926
0.53098 0.91440 -0.02692 0.17070 154.23984 0.00000 270.64359 -1.00000 0.00000 -999 154.23984
0.53098 0.91440 -0.02692 0.17070 154.23982 0.00000 270.64359 -1.00000 0.00000 -999 154.23982
0.52859 0.91440 -0.02641 0.15778 150.87920 0.00000 270.63900 -1.00000 0.00000 -999 150.87920
0.52859 0.91440 -0.02641 0.15778 150.87919 0.00000 270.63900 -1.00000 0.00000 -999 150.87919
0.52477 0.91440 -0.02561 0.14102 153.04818 0.00000 270.63180 -1.00000 0.00000 -999 153.04818
0.52477 0.91440 -0.02561 0.14102 153.04818 0.00000 270.63180 -1.00000 0.00000 -999 153.04818
0.51962 0.91440 -0.02453 0.11906 156.99208 0.00000 270.62316 -1.00000 0.00000 -999 156.99208
0.51962 0.91440 -0.02453 0.11906 156.99210 0.00000 270.62316 -1.00000 0.00000 -999 156.99210
0.51446 0.91440 -0.02346 0.09877 161.10583 0.00000 270.61456 -1.00000 0.00000 -999 161.10583
0.51446 0.91440 -0.02346 0.09877 161.10584 0.00000 270.61456 -1.00000 0.00000 -999 161.10584
0.50930 0.91440 -0.02240 0.07998 164.82141 0.00000 270.60657 -1.00000 0.00000 -999 164.82141
0.50930 0.91440 -0.02240 0.07998 164.82142 0.00000 270.60657 -1.00000 0.00000 -999 164.82142
0.50414 0.91440 -0.02135 0.06229 168.15121 0.00000 270.59907 -1.00000 0.00000 -999 168.15121
0.50414 0.91440 -0.02135 0.06229 168.15123 0.00000 270.59907 -1.00000 0.00000 -999 168.15123
0.50414 0.91440 -0.02135 0.06229 168.15124 0.00000 270.59907 -1.00000 0.00000 -999 168.15124
0.49898 0.91440 -0.02031 0.04572 171.16076 0.00000 270.59202 -1.00000 0.00000 -999 171.16076
0.49381 0.91440 -0.01927 0.03002 173.91508 0.00000 270.58536 -1.00000 0.00000 -999 173.91508
0.49381 0.91440 -0.01927 0.03002 173.91509 0.00000 270.58536 -1.00000 0.00000 -999 173.91509
0.48865 0.91440 -0.01824 0.01517 176.45250 0.00000 270.57903 -1.00000 0.00000 -999 176.45250
0.48865 0.91440 -0.01824 0.01517 176.45251 0.00000 270.57903 -1.00000 0.00000 -999 176.45251
0.48348 0.91440 -0.01722 0.00102 178.81093 0.00000 270.57301 -1.00000 0.00000 -999 178.81093
0.48348 0.91440 -0.01722 0.00102 178.81094 0.00000 270.57301 -1.00000 0.00000 -999 178.81094
0.47831 0.91440 -0.01620 -0.01250 181.01402 0.00000 270.56725 -1.00000 0.00000 -999 181.01402
0.47831 0.91440 -0.01620 -0.01250 181.01403 0.00000 270.56725 -1.00000 0.00000 -999 181.01403
0.47314 0.91440 -0.01519 -0.02545 183.08428 0.00000 270.56173 -1.00000 0.00000 -999 183.08428
0.47314 0.91440 -0.01519 -0.02545 183.08429 0.00000 270.56173 -1.00000 0.00000 -999 183.08429
0.46797 0.91440 -0.01419 -0.03789 185.03744 0.00000 270.55642 -1.00000 0.00000 -999 185.03744
0.46797 0.91440 -0.01419 -0.03789 185.03744 0.00000 270.55642 -1.00000 0.00000 -999 185.03744
0.46280 0.91440 -0.01320 -0.04989 186.88942 0.00000 270.55130 -1.00000 0.00000 -999 186.88942
0.46280 0.91440 -0.01320 -0.04989 186.88943 0.00000 270.55130 -1.00000 0.00000 -999 186.88943
0.45763 0.91440 -0.01221 -0.06150 188.65146 0.00000 270.54635 -1.00000 0.00000 -999 188.65146
0.45763 0.91440 -0.01221 -0.06150 188.65147 0.00000 270.54635 -1.00000 0.00000 -999 188.65147
0.45763 0.91440 -0.01221 -0.06150 188.65148 0.00000 270.54635 -1.00000 0.00000 -999 188.65148
0.45245 0.91440 -0.01123 -0.07276 190.33497 0.00000 270.54154 -1.00000 0.00000 -999 190.33497
0.44728 0.91440 -0.01026 -0.08370 191.94801 0.00000 270.53686 -1.00000 0.00000 -999 191.94801
0.44728 0.91440 -0.01026 -0.08370 191.94802 0.00000 270.53686 -1.00000 0.00000 -999 191.94802
0.44210 0.91440 -0.00929 -0.09437 193.49938 0.00000 270.53230 -1.00000 0.00000 -999 193.49938
0.44210 0.91440 -0.00929 -0.09437 193.49939 0.00000 270.53230 -1.00000 0.00000 -999 193.49939
0.43692 0.91440 -0.00833 -0.10480 194.99613 0.00000 270.52784 -1.00000 0.00000 -999 194.99613
0.43692 0.91440 -0.00833 -0.10480 194.99613 0.00000 270.52784 -1.00000 0.00000 -999 194.99613
0.43174 0.91440 -0.00738 -0.11499 196.44421 0.00000 270.52348 -1.00000 0.00000 -999 196.44421
0.43174 0.91440 -0.00738 -0.11499 196.44421 0.00000 270.52348 -1.00000 0.00000 -999 196.44421
0.43174 0.91440 -0.00738 -0.11499 196.44422 0.00000 270.52348 -1.00000 0.00000 -999 196.44422
0.42656 0.91440 -0.00643 -0.12499 197.84945 0.00000 270.51919 -1.00000 0.00000 -999 197.84945
0.42138 0.91440 -0.00549 -0.13483 199.21876 0.00000 270.51498 -1.00000 0.00000 -999 199.21876
0.42138 0.91440 -0.00549 -0.13483 199.21877 0.00000 270.51498 -1.00000 0.00000 -999 199.21877
0.41619 0.91440 -0.00456 -0.14451 200.55740 0.00000 270.51083 -1.00000 0.00000 -999 200.55740
0.41619 0.91440 -0.00456 -0.14451 200.55741 0.00000 270.51083 -1.00000 0.00000 -999 200.55741
0.41101 0.91440 -0.00363 -0.15407 201.87009 0.00000 270.50673 -1.00000 0.00000 -999 201.87009
0.41101 0.91440 -0.00363 -0.15407 201.87010 0.00000 270.50673 -1.00000 0.00000 -999 201.87010
0.40582 0.91440 -0.00271 -0.16351 203.16156 0.00000 270.50268 -1.00000 0.00000 -999 203.16156
0.40582 0.91440 -0.00271 -0.16351 203.16156 0.00000 270.50268 -1.00000 0.00000 -999 203.16156
0.40063 0.91440 -0.00180 -0.17286 204.43656 0.00000 270.49867 -1.00000 0.00000 -999 204.43656
0.40063 0.91440 -0.00180 -0.17286 204.43657 0.00000 270.49867 -1.00000 0.00000 -999 204.43657
0.40063 0.91440 -0.00180 -0.17286 204.43657 0.00000 270.49867 -1.00000 0.00000 -999 204.43657
0.39544 0.91440 -0.00089 -0.18213 205.69911 0.00000 270.49469 -1.00000 0.00000 -999 205.69911
0.39544 0.91440 -0.00089 -0.18213 205.69911 0.00000 270.49469 -1.00000 0.00000 -999 205.69911
0.39026 0.91440 0.00001 -0.19134 206.95241 0.00000 270.49073 -1.00000 0.00000 -999 206.95241
0.39026 0.91440 0.00001 -0.19134 206.95241 0.00000 270.49073 -1.00000 0.00000 -999 206.95241
0.38506 0.91440 0.00090 -0.20046 208.19958 0.00000 270.48681 -1.00000 0.00000 -999 208.19958
0.38506 0.91440 0.00090 -0.20046 208.19958 0.00000 270.48681 -1.00000 0.00000 -999 208.19958
0.37987 0.91440 0.00179 -0.20955 209.44531 0.00000 270.48290 -1.00000 0.00000 -999 209.44531
0.37987 0.91440 0.00179 -0.20955 209.44532 0.00000 270.48290 -1.00000 0.00000 -999 209.44532
0.37468 0.91440 0.00266 -0.21863 210.69380 0.00000 270.47899 -1.00000 0.00000 -999 210.69380
0.36948 0.91440 0.00354 -0.22770 211.94629 0.00000 270.47509 -1.00000 0.00000 -999 211.94629
0.36948 0.91440 0.00354 -0.22770 211.94629 0.00000 270.47509 -1.00000 0.00000 -999 211.94629
0.36429 0.91440 0.00440 -0.23671 213.20358 0.00000 270.47121 -1.00000 0.00000 -999 213.20358
0.36429 0.91440 0.00440 -0.23671 213.20359 0.00000 270.47121 -1.00000 0.00000 -999 213.20359
0.36429 0.91440 0.00440 -0.23671 213.20359 0.00000 270.47121 -1.00000 0.00000 -999 213.20359
0.35909 0.91440 0.00526 -0.24575 214.46923 0.00000 270.46731 -1.00000 0.00000 -999 214.46923
0.35389 0.91440 0.00611 -0.25482 215.74576 0.00000 270.46341 -1.00000 0.00000 -999 215.74576
0.35389 0.91440 0.00611 -0.25482 215.74577 0.00000 270.46341 -1.00000 0.00000 -999 215.74577
0.35389 0.91440 0.00611 -0.25482 215.74577 0.00000 270.46341 -1.00000 0.00000 -999 215.74577
0.34870 0.91440 0.00695 -0.26388 217.03188 0.00000 270.45950 -1.00000 0.00000 -999 217.03188
0.34870 0.91440 0.00695 -0.26388 217.03189 0.00000 270.45950 -1.00000 0.00000 -999 217.03189
0.34349 0.91440 0.00778 -0.27297 218.32757 0.00000 270.45558 -1.00000 0.00000 -999 218.32757
0.34349 0.91440 0.00778 -0.27297 218.32757 0.00000 270.45558 -1.00000 0.00000 -999 218.32757
0.33829 0.91440 0.00861 -0.28210 219.63416 0.00000 270.45164 -1.00000 0.00000 -999 219.63416
0.33829 0.91440 0.00861 -0.28210 219.63416 0.00000 270.45164 -1.00000 0.00000 -999 219.63416
0.33309 0.91440 0.00943 -0.29127 220.95087 0.00000 270.44768 -1.00000 0.00000 -999 220.95087
0.33309 0.91440 0.00943 -0.29127 220.95088 0.00000 270.44768 -1.00000 0.00000 -999 220.95088
0.32789 0.91440 0.01024 -0.30048 222.27667 0.00000 270.44370 -1.00000 0.00000 -999 222.27667
0.32789 0.91440 0.01024 -0.30048 222.27668 0.00000 270.44370 -1.00000 0.00000 -999 222.27668
0.32268 0.91440 0.01104 -0.30975 223.61101 0.00000 270.43969 -1.00000 0.00000 -999 223.61101
0.32268 0.91440 0.01104 -0.30975 223.61102 0.00000 270.43969 -1.00000 0.00000 -999 223.61102
0.31747 0.91440 0.01184 -0.31908 224.95317 0.00000 270.43566 -1.00000 0.00000 -999 224.95317
0.31227 0.91440 0.01262 -0.32849 226.30214 0.00000 270.43159 -1.00000 0.00000 -999 226.30214
0.31227 0.91440 0.01262 -0.32849 226.30215 0.00000 270.43159 -1.00000 0.00000 -999 226.30215
0.31227 0.91440 0.01262 -0.32849 226.30215 0.00000 270.43159 -1.00000 0.00000 -999 226.30215
0.30706 0.91440 0.01340 -0.33797 227.65694 0.00000 270.42748 -1.00000 0.00000 -999 227.65694
0.30706 0.91440 0.01340 -0.33797 227.65694 0.00000 270.42748 -1.00000 0.00000 -999 227.65694
0.30185 0.91440 0.01417 -0.34754 229.01706 0.00000 270.42334 -1.00000 0.00000 -999 229.01706
0.30185 0.91440 0.01417 -0.34754 229.01706 0.00000 270.42334 -1.00000 0.00000 -999 229.01706
0.29663 0.91440 0.01493 -0.35720 230.38262 0.00000 270.41915 -1.00000 0.00000 -999 230.38262
0.29663 0.91440 0.01493 -0.35720 230.38263 0.00000 270.41915 -1.00000 0.00000 -999 230.38263
0.29142 0.91440 0.01568 -0.36695 231.75430 0.00000 270.41493 -1.00000 0.00000 -999 231.75430
0.29142 0.91440 0.01568 -0.36695 231.75430 0.00000 270.41493 -1.00000 0.00000 -999 231.75430
0.28621 0.91440 0.01642 -0.37681 233.13354 0.00000 270.41065 -1.00000 0.00000 -999 233.13354
0.28621 0.91440 0.01642 -0.37681 233.13354 0.00000 270.41065 -1.00000 0.00000 -999 233.13354
0.28099 0.91440 0.01715 -0.38677 234.52278 0.00000 270.40633 -1.00000 0.00000 -999 234.52278
0.28099 0.91440 0.01715 -0.38677 234.52278 0.00000 270.40633 -1.00000 0.00000 -999 234.52278
0.27577 0.91440 0.01786 -0.39685 235.92531 0.00000 270.40195 -1.00000 0.00000 -999 235.92531
0.27055 0.91440 0.01857 -0.40704 237.34539 0.00000 270.39752 -1.00000 0.00000 -999 237.34539
0.27055 0.91440 0.01857 -0.40704 237.34540 0.00000 270.39752 -1.00000 0.00000 -999 237.34540
0.26533 0.91440 0.01927 -0.41736 238.78821 0.00000 270.39304 -1.00000 0.00000 -999 238.78821
0.26533 0.91440 0.01927 -0.41736 238.78821 0.00000 270.39304 -1.00000 0.00000 -999 238.78821
0.26011 0.91440 0.01995 -0.42782 240.25953 0.00000 270.38849 -1.00000 0.00000 -999 240.25953
0.26011 0.91440 0.01995 -0.42782 240.25954 0.00000 270.38849 -1.00000 0.00000 -999 240.25954
0.25489 0.91440 0.02063 -0.43840 241.76539 0.00000 270.38388 -1.00000 0.00000 -999 241.76539
0.25489 0.91440 0.02063 -0.43840 241.76539 0.00000 270.38388 -1.00000 0.00000 -999 241.76539
0.24966 0.91440 0.02129 -0.44914 243.31174 0.00000 270.37921 -1.00000 0.00000 -999 243.31174
0.24966 0.91440 0.02129 -0.44914 243.31175 0.00000 270.37921 -1.00000 0.00000 -999 243.31175
0.24443 0.91440 0.02194 -0.46002 244.90373 0.00000 270.37447 -1.00000 0.00000 -999 244.90373
0.24443 0.91440 0.02194 -0.46002 244.90373 0.00000 270.37447 -1.00000 0.00000 -999 244.90373
0.23920 0.91440 0.02257 -0.47104 246.54533 0.00000 270.36967 -1.00000 0.00000 -999 246.54533
0.23920 0.91440 0.02257 -0.47104 246.54533 0.00000 270.36967 -1.00000 0.00000 -999 246.54533
0.23397 0.91440 0.02320 -0.48223 248.23929 0.00000 270.36479 -1.00000 0.00000 -999 248.23929
0.23397 0.91440 0.02320 -0.48223 248.23930 0.00000 270.36479 -1.00000 0.00000 -999 248.23930
0.22874 0.91440 0.02380 -0.49359 249.98625 0.00000 270.35983 -1.00000 0.00000 -999 249.98625
0.22874 0.91440 0.02380 -0.49359 249.98625 0.00000 270.35983 -1.00000 0.00000 -999 249.98625
0.22874 0.91440 0.02380 -0.49359 249.98626 0.00000 270.35983 -1.00000 0.00000 -999 249.98626
0.22351 0.91440 0.02440 -0.50512 251.78424 0.00000 270.35480 -1.00000 0.00000 -999 251.78424
0.21827 0.91440 0.02498 -0.51682 253.62914 0.00000 270.34968 -1.00000 0.00000 -999 253.62914
0.21827 0.91440 0.02498 -0.51682 253.62915 0.00000 270.34968 -1.00000 0.00000 -999 253.62915
0.21827 0.91440 0.02498 -0.51682 253.62915 0.00000 270.34968 -1.00000 0.00000 -999 253.62915
0.21304 0.91440 0.02554 -0.52873 255.51471 0.00000 270.34447 -1.00000 0.00000 -999 255.51471
0.21304 0.91440 0.02554 -0.52873 255.51472 0.00000 270.34447 -1.00000 0.00000 -999 255.51472
0.20780 0.91440 0.02609 -0.54083 257.43288 0.00000 270.33918 -1.00000 0.00000 -999 257.43288
0.20780 0.91440 0.02609 -0.54083 257.43288 0.00000 270.33918 -1.00000 0.00000 -999 257.43288
0.20256 0.91440 0.02662 -0.55315 259.56179 0.00000 270.33327 -1.00000 0.00000 -999 259.56179
0.20256 0.91440 0.02662 -0.55315 259.56179 0.00000 270.33327 -1.00000 0.00000 -999 259.56179
0.19732 0.91440 0.02713 -0.56569 261.76467 0.00000 270.32707 -1.00000 0.00000 -999 261.76467
0.19732 0.91440 0.02713 -0.56569 261.76468 0.00000 270.32707 -1.00000 0.00000 -999 261.76468
0.19207 0.91440 0.02763 -0.57842 263.72756 0.00000 270.32146 -1.00000 0.00000 -999 263.72756
0.19207 0.91440 0.02763 -0.57842 263.72756 0.00000 270.32146 -1.00000 0.00000 -999 263.72756
0.18683 0.91440 0.02811 -0.59140 265.69612 0.00000 270.31573 -1.00000 0.00000 -999 265.69612
0.18683 0.91440 0.02811 -0.59140 265.69613 0.00000 270.31573 -1.00000 0.00000 -999 265.69613
0.18158 0.91440 0.02856 -0.60469 267.22686 0.00000 270.31120 -1.00000 0.00000 -999 267.22686
0.17633 0.91440 0.02900 -0.61814 269.22448 0.00000 270.30526 -1.00000 0.00000 -999 269.22448
0.17633 0.91440 0.02900 -0.61814 269.22449 0.00000 270.30526 -1.00000 0.00000 -999 269.22449
0.17633 0.91440 0.02900 -0.61814 269.22449 0.00000 270.30526 -1.00000 0.00000 -999 269.22449
0.17108 0.91440 0.02942 -0.63194 271.69071 0.00000 270.29785 -1.00000 0.00000 -999 271.69071
0.17108 0.91440 0.02942 -0.63194 271.69072 0.00000 270.29785 -1.00000 0.00000 -999 271.69072
0.16583 0.91440 0.02981 -0.64600 273.77134 0.00000 270.29163 -1.00000 0.00000 -999 273.77134
0.16583 0.91440 0.02981 -0.64600 273.77135 0.00000 270.29163 -1.00000 0.00000 -999 273.77135
0.16058 0.91440 0.03019 -0.66037 275.93013 0.00000 270.28527 -1.00000 0.00000 -999 275.93013
0.16058 0.91440 0.03019 -0.66037 275.93014 0.00000 270.28527 -1.00000 0.00000 -999 275.93014
0.15532 0.91440 0.03054 -0.67504 278.19139 0.00000 270.27877 -1.00000 0.00000 -999 278.19139
0.15532 0.91440 0.03054 -0.67504 278.19140 0.00000 270.27877 -1.00000 0.00000 -999 278.19140
0.15006 0.91440 0.03086 -0.69007 280.57539 0.00000 270.27213 -1.00000 0.00000 -999 280.57539
0.15006 0.91440 0.03086 -0.69007 280.57540 0.00000 270.27213 -1.00000 0.00000 -999 280.57540
0.14480 0.91440 0.03116 -0.70530 283.07389 0.00000 270.26532 -1.00000 0.00000 -999 283.07389
0.14480 0.91440 0.03116 -0.70530 283.07390 0.00000 270.26532 -1.00000 0.00000 -999 283.07390
0.13954 0.91440 0.03143 -0.72117 285.64439 0.00000 270.25841 -1.00000 0.00000 -999 285.64439
0.13954 0.91440 0.03143 -0.72117 285.64440 0.00000 270.25841 -1.00000 0.00000 -999 285.64440
0.13452 0.91440 0.03166 -0.73658 288.23374 0.00000 270.25163 -1.00000 0.00000 -999 288.23374
0.13452 0.91440 0.03166 -0.73658 288.23375 0.00000 270.25163 -1.00000 0.00000 -999 288.23375
0.12975 0.91440 0.03185 -0.75164 290.78370 0.00000 270.24500 -1.00000 0.00000 -999 290.78370
0.12975 0.91440 0.03185 -0.75164 290.78371 0.00000 270.24500 -1.00000 0.00000 -999 290.78371
0.12519 0.91440 0.03202 -0.76638 292.72108 0.00000 270.23993 -1.00000 0.00000 -999 292.72108
0.12086 0.91440 0.03215 -0.78072 295.16095 0.00000 270.23359 -1.00000 0.00000 -999 295.16095
0.12086 0.91440 0.03215 -0.78072 295.16096 0.00000 270.23359 -1.00000 0.00000 -999 295.16096
0.12086 0.91440 0.03215 -0.78072 295.16096 0.00000 270.23359 -1.00000 0.00000 -999 295.16096
0.11673 0.91440 0.03225 -0.79468 298.06011 0.00000 270.22603 -1.00000 0.00000 -999 298.06011
0.11673 0.91440 0.03225 -0.79468 298.06012 0.00000 270.22603 -1.00000 0.00000 -999 298.06012
0.11280 0.91440 0.03233 -0.80833 300.38941 0.00000 270.22000 -1.00000 0.00000 -999 300.38941
0.11280 0.91440 0.03233 -0.80833 300.38942 0.00000 270.22000 -1.00000 0.00000 -999 300.38942
0.10905 0.91440 0.03239 -0.82166 302.69618 0.00000 270.21410 -1.00000 0.00000 -999 302.69618
0.10905 0.91440 0.03239 -0.82166 302.69618 0.00000 270.21410 -1.00000 0.00000 -999 302.69618
0.10548 0.91440 0.03242 -0.83476 304.98704 0.00000 270.20835 -1.00000 0.00000 -999 304.98704
0.10548 0.91440 0.03242 -0.83476 304.98705 0.00000 270.20835 -1.00000 0.00000 -999 304.98705
0.10208 0.91440 0.03244 -0.84731 307.26205 0.00000 270.20274 -1.00000 0.00000 -999 307.26205
0.10208 0.91440 0.03244 -0.84731 307.26205 0.00000 270.20274 -1.00000 0.00000 -999 307.26205
0.09885 0.91440 0.03244 -0.85983 309.51513 0.00000 270.19726 -1.00000 0.00000 -999 309.51513
0.09885 0.91440 0.03244 -0.85983 309.51514 0.00000 270.19726 -1.00000 0.00000 -999 309.51514
0.09576 0.91440 0.03242 -0.87176 311.73879 0.00000 270.19191 -1.00000 0.00000 -999 311.73879
0.09576 0.91440 0.03242 -0.87176 311.73880 0.00000 270.19191 -1.00000 0.00000 -999 311.73880
0.09283 0.91440 0.03239 -0.88373 313.75647 0.00000 270.18712 -1.00000 0.00000 -999 313.75647
0.09283 0.91440 0.03239 -0.88373 313.75648 0.00000 270.18712 -1.00000 0.00000 -999 313.75648
0.09003 0.91440 0.03235 -0.89505 315.69622 0.00000 270.18264 -1.00000 0.00000 -999 315.69622
0.08715 0.91440 0.03230 -0.90709 317.94445 0.00000 270.17730 -1.00000 0.00000 -999 317.94445
0.08715 0.91440 0.03230 -0.90709 317.94446 0.00000 270.17730 -1.00000 0.00000 -999 317.94446
0.08715 0.91440 0.03230 -0.90709 317.94446 0.00000 270.17730 -1.00000 0.00000 -999 317.94446
0.08426 0.91440 0.03223 -0.91947 320.22592 0.00000 270.17176 -1.00000 0.00000 -999 320.22592
0.08138 0.91440 0.03214 -0.93234 322.52968 0.00000 270.16603 -1.00000 0.00000 -999 322.52968
0.08138 0.91440 0.03214 -0.93234 322.52969 0.00000 270.16603 -1.00000 0.00000 -999 322.52969
0.08138 0.91440 0.03214 -0.93234 322.52969 0.00000 270.16603 -1.00000 0.00000 -999 322.52969
0.07850 0.91440 0.03203 -0.94547 324.84399 0.00000 270.16016 -1.00000 0.00000 -999 324.84399
0.07850 0.91440 0.03203 -0.94547 324.84400 0.00000 270.16016 -1.00000 0.00000 -999 324.84400
0.07562 0.91440 0.03191 -0.95891 327.18109 0.00000 270.15412 -1.00000 0.00000 -999 327.18109
0.07273 0.91440 0.03178 -0.97290 329.56199 0.00000 270.14786 -1.00000 0.00000 -999 329.56199
0.07273 0.91440 0.03178 -0.97290 329.56200 0.00000 270.14786 -1.00000 0.00000 -999 329.56200
0.07273 0.91440 0.03178 -0.97290 329.56201 0.00000 270.14786 -1.00000 0.00000 -999 329.56201
0.06985 0.91440 0.03162 -0.98740 332.01242 0.00000 270.14137 -1.00000 0.00000 -999 332.01242
0.06985 0.91440 0.03162 -0.98740 332.01243 0.00000 270.14137 -1.00000 0.00000 -999 332.01243
0.06697 0.91440 0.03144 -1.00230 334.57279 0.00000 270.13468 -1.00000 0.00000 -999 334.57279
0.06410 0.91440 0.03124 -1.01771 337.53636 0.00006 270.13049 -0.00000 0.00000 -999 337.29650
0.06410 0.91440 0.03124 -1.01771 337.53637 0.00006 270.13049 0.00000 0.00000 -999 337.29651
0.06410 0.91440 0.03124 -1.01771 337.53638 0.00006 270.13049 0.00000 0.00000 -999 337.29652
0.06122 0.91440 0.03103 -1.03388 340.72988 0.00013 270.12615 1.00000 0.00000 -999 340.22780
0.06122 0.91440 0.03103 -1.03388 340.72990 0.00013 270.12615 1.00000 0.00000 -999 340.22781
0.05835 0.91440 0.03078 -1.05069 343.94186 0.00019 270.10116 0.66667 0.00001 -999 343.39089
0.05835 0.91440 0.03078 -1.05069 343.94188 0.00019 270.10116 0.66666 0.00001 -999 343.39091
0.05547 0.91440 0.03052 -1.06809 347.26817 0.00026 270.05914 -0.00000 0.00000 -999 346.80216
0.05547 0.91440 0.03052 -1.06809 347.26818 0.00026 270.05914 -0.00000 0.00000 -999 346.80218
0.05260 0.91440 0.03023 -1.08626 350.64086 0.00033 269.99801 -0.66667 0.00000 -999 350.47800
0.04974 0.91440 0.02991 -1.10551 354.42245 0.00063 269.87596 -1.00000 0.00000 -999 354.42245
0.04974 0.91440 0.02991 -1.10551 354.42246 0.00063 269.87596 -1.00000 0.00000 -999 354.42246
0.04687 0.91440 0.02956 -1.12556 358.62746 0.00095 269.75871 -1.00000 0.00000 -999 358.62746
0.04687 0.91440 0.02956 -1.12556 358.62747 0.00095 269.75871 -1.00000 0.00000 -999 358.62747
0.04687 0.91440 0.02956 -1.12556 358.62749 0.00095 269.75871 -1.00000 0.00000 -999 358.62749
0.04401 0.91440 0.02918 -1.14654 363.08684 0.00136 269.61700 -1.00000 0.00000 -999 363.08684
0.04401 0.91440 0.02918 -1.14654 363.08686 0.00136 269.61700 -1.00000 0.00000 -999 363.08686
0.04116 0.91440 0.02876 -1.16901 367.76827 0.00179 269.46947 -1.00000 0.00000 -999 367.76827
0.04116 0.91440 0.02876 -1.16901 367.76828 0.00179 269.46946 -1.00000 0.00000 -999 367.76828
0.03831 0.91440 0.02831 -1.19263 372.61489 0.00251 269.22900 -1.00000 0.00000 -999 372.61489
0.03831 0.91440 0.02831 -1.19263 372.61491 0.00251 269.22900 -1.00000 0.00000 -999 372.61491
0.03547 0.91440 0.02782 -1.21749 377.62048 0.00376 268.82260 -1.00000 0.00000 -999 377.62048
0.03547 0.91440 0.02782 -1.21749 377.62054 0.00376 268.82260 -1.00000 0.00000 -999 377.62050
0.03263 0.91440 0.02729 -1.24446 399.97047 0.00540 268.39475 -0.42857 0.00014 -999 383.38215
0.03263 0.91440 0.02729 -1.24446 399.97058 0.00540 268.39475 -0.42857 0.00014 -999 383.38217
0.02981 0.91440 0.02670 -1.27292 427.63682 0.00758 268.29502 1.00000 0.00032 -999 389.79271
0.02981 0.91440 0.02670 -1.27292 427.63690 0.00758 268.29502 1.00000 0.00032 -999 389.79273
0.02700 0.91440 0.02606 -1.30302 450.31690 0.01058 268.32200 1.00000 0.00046 -999 396.06400
0.02700 0.91440 0.02606 -1.30302 450.31701 0.01058 268.32200 1.00000 0.00046 -999 396.06403
0.02420 0.91440 0.02536 -1.33590 479.29682 0.01450 268.35593 1.00000 0.00064 -999 402.77805
0.02420 0.91440 0.02536 -1.33590 479.29697 0.01450 268.35593 1.00000 0.00064 -999 402.77808
0.02142 0.91440 0.02459 -1.36949 524.23898 0.02113 268.41724 1.00000 0.00094 -999 409.90698
0.02142 0.91440 0.02459 -1.36949 524.23917 0.02113 268.41724 1.00000 0.00094 -999 409.90700
0.01866 0.91440 0.02374 -1.40618 580.07605 0.02938 268.48249 1.00000 0.00133 -999 417.60706
0.01866 0.91440 0.02374 -1.40618 580.07632 0.02938 268.48249 1.00000 0.00133 -999 417.60709
0.01594 0.91440 0.02279 -1.44105 644.21022 0.03966 268.55864 1.00000 0.00182 -999 423.89257
0.01325 0.91440 0.02173 -1.47729 722.59230 0.05314 268.64987 1.00000 0.00246 -999 430.05146
0.01325 0.91440 0.02173 -1.47729 722.59268 0.05314 268.64987 1.00000 0.00246 -999 430.05149
0.01063 0.91440 0.02054 -1.49884 832.01479 0.07629 268.79769 1.00000 0.00356 -999 436.71689
0.01063 0.91440 0.02054 -1.49884 832.01520 0.07629 268.79769 1.00000 0.00356 -999 436.71691
0.00809 0.91440 0.01916 -1.50382 950.86945 0.11408 269.06399 1.00000 0.00534 -999 440.03720
0.00809 0.91440 0.01916 -1.50382 950.86986 0.11408 269.06399 1.00000 0.00534 -999 440.03720
0.00592 0.91440 0.01774 -1.47027 1034.42695 0.16670 269.48358 1.00000 0.00770 -999 439.59535
0.00592 0.91440 0.01774 -1.47027 1034.42722 0.16670 269.48358 1.00000 0.00770 -999 439.59534
0.00417 0.91440 0.01632 -1.37755 1074.23932 0.23275 270.06912 1.00000 0.01037 -999 438.89817
0.00417 0.91440 0.01632 -1.37755 1074.23946 0.23275 270.06912 1.00000 0.01037 -999 438.89817
0.00280 0.91440 0.01492 -1.19068 1100.43866 0.31087 270.78384 1.00000 0.01287 -999 443.61228
0.00280 0.91440 0.01492 -1.19068 1100.43877 0.31087 270.78384 1.00000 0.01287 -999 443.61230
0.00176 0.91440 0.01352 -0.91780 1135.04785 0.40393 271.60495 1.00000 0.01478 -999 455.56809
0.00176 0.91440 0.01352 -0.91780 1135.04798 0.40393 271.60495 1.00000 0.01478 -999 455.56814
0.00103 0.91440 0.01214 -0.54731 1162.60652 0.50486 272.51975 0.97939 0.01491 -999 466.53512
0.00103 0.91440 0.01214 -0.54731 1162.60659 0.50486 272.51975 0.97939 0.01491 -999 466.53515
0.00055 0.91440 0.01073 -0.11734 1123.43598 0.60905 273.15000 0.82551 0.01062 -999 462.09686
0.00055 0.91440 0.01073 -0.11733 1123.43585 0.60905 273.15000 0.82551 0.01062 -999 462.09684
0.00055 0.91440 0.01073 -0.11733 1123.43521 0.60905 273.15000 0.82551 0.01062 -999 462.09677
0.00032 0.91440 0.00930 0.29286 897.40285 0.68443 273.15000 0.56662 0.00474 -999 438.43800
0.00032 0.91440 0.00930 0.29286 897.40176 0.68443 273.15000 0.56662 0.00474 -999 438.43790
0.00035 0.91440 0.00785 0.64568 603.56195 0.71606 273.15000 0.37413 0.00168 -999 410.33721
0.00035 0.91440 0.00785 0.64569 603.56117 0.71606 273.15000 0.37413 0.00168 -999 410.33711
0.00063 0.91440 0.00638 0.88231 428.70384 0.71651 273.15000 0.28015 0.00042 -999 381.35084
0.00063 0.91440 0.00638 0.88231 428.70350 0.71651 273.15000 0.28015 0.00042 -999 381.35074
0.00117 0.91440 0.00490 1.00840 357.33071 0.68716 273.15000 0.25129 0.00004 -999 352.91285
0.00117 0.91440 0.00490 1.00840 357.33057 0.68716 273.15000 0.25129 0.00004 -999 352.91275
0.00202 0.91440 0.00337 1.03168 324.31544 0.64294 273.15000 0.24708 0.00000 -999 324.12510
0.00202 0.91440 0.00337 1.03168 324.31537 0.64294 273.15000 0.24708 0.00000 -999 324.12499
0.00318 0.91440 0.00178 0.98557 305.49271 0.57709 273.15000 0.25929 0.00012 -999 295.24201
0.00318 0.91440 0.00178 0.98557 305.49268 0.57709 273.15000 0.25929 0.00012 -999 295.24191
0.00474 0.91440 0.00013 0.89597 298.87166 0.52052 273.15000 0.27846 0.00030 -999 274.45999
0.00672 0.91440 -0.00160 0.78667 296.53957 0.46463 273.15000 0.30652 0.00051 -999 257.52180
0.00672 0.91440 -0.00160 0.78667 296.53956 0.46462 273.15000 0.30652 0.00051 -999 257.52173
0.00905 0.91440 -0.00332 0.67708 299.33069 0.38687 273.15000 0.36290 0.00084 -999 239.44326
0.00905 0.91440 -0.00332 0.67708 299.33069 0.38687 273.15000 0.36290 0.00084 -999 239.44320
0.00905 0.91440 -0.00332 0.67708 299.33073 0.38687 273.15000 0.36290 0.00084 -999 239.44318
0.01150 0.91440 -0.00487 0.58381 307.15522 0.33704 273.15000 0.42156 0.00110 -999 231.78541
0.01402 0.91440 -0.00629 0.50561 319.42054 0.29950 273.15000 0.48590 0.00130 -999 231.35600
0.01402 0.91440 -0.00629 0.50561 319.42060 0.29950 273.15000 0.48590 0.00130 -999 231.35599
0.01660 0.91440 -0.00761 0.43916 345.11938 0.25905 273.15000 0.59692 0.00160 -999 235.72643
0.01660 0.91440 -0.00761 0.43916 345.11947 0.25905 273.15000 0.59692 0.00160 -999 235.72645
0.01923 0.91440 -0.00884 0.38259 372.14576 0.23068 273.15000 0.71569 0.00188 -999 241.93180
0.01923 0.91440 -0.00884 0.38259 372.14586 0.23068 273.15000 0.71569 0.00188 -999 241.93183
0.02189 0.91440 -0.00999 0.33370 404.29909 0.20705 273.15000 0.85936 0.00220 -999 249.56699
0.02189 0.91440 -0.00999 0.33370 404.29920 0.20705 273.15000 0.85936 0.00220 -999 249.56702
0.02458 0.91440 -0.01108 0.29128 428.20850 0.18678 272.86464 0.96749 0.00239 -999 256.83869
0.02458 0.91440 -0.01108 0.29128 428.20858 0.18678 272.86464 0.96749 0.00239 -999 256.83871
0.02729 0.91440 -0.01210 0.25395 434.36910 0.16788 272.42335 1.00000 0.00235 -999 262.22560
0.02729 0.91440 -0.01210 0.25395 434.36912 0.16788 272.42335 1.00000 0.00235 -999 262.22562
0.03002 0.91440 -0.01307 0.22097 435.31102 0.15407 272.13087 1.00000 0.00225 -999 266.59205
0.03002 0.91440 -0.01307 0.22097 435.31102 0.15407 272.13087 1.00000 0.00225 -999 266.59206
0.03002 0.91440 -0.01307 0.22097 435.31101 0.15407 272.13087 1.00000 0.00225 -999 266.59207
0.03277 0.91440 -0.01400 0.19174 431.32857 0.13946 271.84898 1.00000 0.00211 -999 269.89818
0.03277 0.91440 -0.01400 0.19174 431.32855 0.13946 271.84898 1.00000 0.00211 -999 269.89819
0.03553 0.91440 -0.01488 0.16535 424.73238 0.12549 271.59500 1.00000 0.00196 -999 272.15546
0.03553 0.91440 -0.01488 0.16535 424.73236 0.12549 271.59500 1.00000 0.00196 -999 272.15547
0.03830 0.91440 -0.01573 0.14172 421.86243 0.11747 271.43407 1.00000 0.00189 -999 273.65432
0.03830 0.91440 -0.01573 0.14172 421.86241 0.11747 271.43407 1.00000 0.00189 -999 273.65432
0.04109 0.91440 -0.01654 0.12042 417.03971 0.10921 271.27634 1.00000 0.00180 -999 274.71564
0.04388 0.91440 -0.01731 0.10095 408.89365 0.09934 271.09779 1.00000 0.00167 -999 275.50196
0.04388 0.91440 -0.01731 0.10095 408.89363 0.09934 271.09779 1.00000 0.00167 -999 275.50196
0.04388 0.91440 -0.01731 0.10095 408.89360 0.09934 271.09779 1.00000 0.00167 -999 275.50197
0.04668 0.91440 -0.01805 0.08329 401.94550 0.09133 270.95088 1.00000 0.00157 -999 276.02558
0.04668 0.91440 -0.01805 0.08329 401.94548 0.09133 270.95087 1.00000 0.00157 -999 276.02559
0.04949 0.91440 -0.01877 0.06719 395.17241 0.08446 270.82059 1.00000 0.00148 -999 276.24392
0.04949 0.91440 -0.01877 0.06719 395.17237 0.08446 270.82059 1.00000 0.00148 -999 276.24392
0.05230 0.91440 -0.01946 0.05233 386.46760 0.07678 270.68100 1.00000 0.00136 -999 276.14324
0.05230 0.91440 -0.01946 0.05233 386.46758 0.07678 270.68100 1.00000 0.00136 -999 276.14324
0.05513 0.91440 -0.02012 0.03866 380.30034 0.07165 270.58264 1.00000 0.00129 -999 275.75922
0.05513 0.91440 -0.02012 0.03866 380.30032 0.07165 270.58264 1.00000 0.00129 -999 275.75922
0.05795 0.91440 -0.02076 0.02614 373.95908 0.06682 270.49018 1.00000 0.00122 -999 275.16447
0.05795 0.91440 -0.02076 0.02614 373.95905 0.06682 270.49018 1.00000 0.00122 -999 275.16446
0.06079 0.91440 -0.02138 0.01460 367.15546 0.06200 270.39661 1.00000 0.00115 -999 274.44564
0.06079 0.91440 -0.02138 0.01460 367.15543 0.06200 270.39661 1.00000 0.00115 -999 274.44563
0.06362 0.91440 -0.02198 0.00385 360.41366 0.05742 270.30659 1.00000 0.00107 -999 273.67615
0.06646 0.91440 -0.02255 -0.00606 354.72938 0.05370 270.23179 1.00000 0.00101 -999 272.90149
0.06646 0.91440 -0.02255 -0.00606 354.72936 0.05370 270.23179 1.00000 0.00101 -999 272.90148
0.06646 0.91440 -0.02255 -0.00606 354.72933 0.05370 270.23179 1.00000 0.00101 -999 272.90148
0.06931 0.91440 -0.02311 -0.01520 347.11377 0.04879 270.13173 1.00000 0.00093 -999 272.14469
0.06931 0.91440 -0.02311 -0.01520 347.11374 0.04879 270.13173 1.00000 0.00093 -999 272.14469
0.07216 0.91440 -0.02365 -0.02372 342.48987 0.04593 270.07138 1.00000 0.00088 -999 271.41286
0.07216 0.91440 -0.02365 -0.02372 342.48985 0.04593 270.07138 1.00000 0.00088 -999 271.41286
0.07501 0.91440 -0.02417 -0.03165 337.37862 0.04283 270.00430 1.00000 0.00083 -999 270.69684
0.07501 0.91440 -0.02417 -0.03165 337.37859 0.04283 270.00430 1.00000 0.00083 -999 270.69684
0.07786 0.91440 -0.02467 -0.03903 332.05225 0.03964 269.93467 1.00000 0.00077 -999 269.97868
0.08072 0.91440 -0.02516 -0.04584 327.41308 0.03697 269.87493 1.00000 0.00073 -999 269.24581
0.08072 0.91440 -0.02516 -0.04584 327.41307 0.03697 269.87493 1.00000 0.00073 -999 269.24581
0.08072 0.91440 -0.02516 -0.04584 327.41305 0.03697 269.87493 1.00000 0.00073 -999 269.24581
0.08358 0.91440 -0.02563 -0.05220 322.66530 0.03428 269.81376 1.00000 0.00068 -999 268.50037
0.08358 0.91440 -0.02563 -0.05220 322.66529 0.03428 269.81376 1.00000 0.00068 -999 268.50037
0.08644 0.91440 -0.02609 -0.05818 317.65893 0.03147 269.74857 1.00000 0.00062 -999 267.75208
0.08644 0.91440 -0.02609 -0.05818 317.65891 0.03147 269.74857 1.00000 0.00062 -999 267.75207
0.08933 0.91440 -0.02653 -0.06375 314.21978 0.02973 269.70725 1.00000 0.00059 -999 266.92422
0.08933 0.91440 -0.02653 -0.06375 314.21976 0.02973 269.70725 1.00000 0.00059 -999 266.92421
0.09236 0.91440 -0.02699 -0.06909 309.60979 0.02721 269.64632 1.00000 0.00055 -999 266.21503
0.09555 0.91440 -0.02745 -0.07438 305.88914 0.02523 269.59831 1.00000 0.00051 -999 265.56838
0.09555 0.91440 -0.02745 -0.07438 305.88912 0.02523 269.59831 1.00000 0.00051 -999 265.56838
0.09890 0.91440 -0.02791 -0.07943 302.27989 0.02348 269.55482 1.00000 0.00047 -999 264.69114
0.09890 0.91440 -0.02791 -0.07943 302.27988 0.02348 269.55482 1.00000 0.00047 -999 264.69114
0.10242 0.91440 -0.02838 -0.08433 298.44884 0.02163 269.50794 1.00000 0.00044 -999 263.77178
0.10242 0.91440 -0.02838 -0.08433 298.44883 0.02163 269.50794 1.00000 0.00044 -999 263.77177
0.10611 0.91440 -0.02886 -0.08903 293.42591 0.01920 269.44591 1.00000 0.00039 -999 262.59222
0.10611 0.91440 -0.02886 -0.08903 293.42589 0.01920 269.44591 1.00000 0.00039 -999 262.59221
0.10611 0.91440 -0.02886 -0.08903 293.42588 0.01920 269.44591 1.00000 0.00039 -999 262.59221
0.11000 0.91440 -0.02934 -0.09348 288.98633 0.01721 269.39360 1.00000 0.00035 -999 261.33751
0.11000 0.91440 -0.02934 -0.09348 288.98631 0.01721 269.39359 1.00000 0.00035 -999 261.33751
0.11408 0.91440 -0.02982 -0.09772 285.39218 0.01567 269.35276 1.00000 0.00032 -999 260.22549
0.11408 0.91440 -0.02982 -0.09772 285.39217 0.01567 269.35276 1.00000 0.00032 -999 260.22548
0.11837 0.91440 -0.03030 -0.10171 281.77430 0.01418 269.31272 1.00000 0.00029 -999 259.01927
0.11837 0.91440 -0.03030 -0.10171 281.77428 0.01418 269.31272 1.00000 0.00029 -999 259.01927
0.12288 0.91440 -0.03079 -0.10535 277.21502 0.01217 269.25760 1.00000 0.00025 -999 257.71156
0.12288 0.91440 -0.03079 -0.10535 277.21500 0.01217 269.25760 1.00000 0.00025 -999 257.71155
0.12761 0.91440 -0.03127 -0.10877 273.89310 0.01100 269.22570 1.00000 0.00023 -999 256.30928
0.12761 0.91440 -0.03127 -0.10877 273.89309 0.01100 269.22570 1.00000 0.00023 -999 256.30928
0.13258 0.91440 -0.03175 -0.11182 269.85515 0.00941 269.18094 1.00000 0.00020 -999 254.84985
0.13258 0.91440 -0.03175 -0.11182 269.85514 0.00941 269.18094 1.00000 0.00020 -999 254.84984
0.13781 0.91440 -0.03223 -0.11454 266.79798 0.00823 269.14727 1.00000 0.00017 -999 253.71178
0.14302 0.91440 -0.03267 -0.11692 263.66095 0.00718 269.11717 1.00000 0.00015 -999 252.28898
0.14302 0.91440 -0.03267 -0.11692 263.66094 0.00718 269.11717 1.00000 0.00015 -999 252.28897
0.14302 0.91440 -0.03267 -0.11692 263.66093 0.00718 269.11717 1.00000 0.00015 -999 252.28897
0.14823 0.91440 -0.03309 -0.11874 260.31204 0.00613 269.08723 1.00000 0.00013 -999 250.63626
0.14823 0.91440 -0.03309 -0.11874 260.31203 0.00613 269.08723 1.00000 0.00013 -999 250.63625
0.15345 0.91440 -0.03349 -0.12028 257.30453 0.00505 269.05505 1.00000 0.00011 -999 249.36656
0.15345 0.91440 -0.03349 -0.12028 257.30452 0.00505 269.05505 1.00000 0.00011 -999 249.36656
0.15866 0.91440 -0.03386 -0.12141 255.48034 0.00451 269.03932 1.00000 0.00009 -999 248.41392
0.16388 0.91440 -0.03421 -0.12225 251.87283 0.00375 269.05885 0.50000 0.00006 -999 247.22001
0.16388 0.91440 -0.03421 -0.12225 251.87282 0.00375 269.05885 0.50000 0.00006 -999 247.22001
0.16388 0.91440 -0.03421 -0.12225 251.87280 0.00375 269.05885 0.50000 0.00006 -999 247.22000
0.16910 0.91440 -0.03454 -0.12281 247.02512 0.00308 269.18418 -0.60000 0.00002 -999 245.87809
0.16910 0.91440 -0.03454 -0.12281 247.02511 0.00308 269.18418 -0.60000 0.00002 -999 245.87809
0.17432 0.91440 -0.03484 -0.12310 244.84723 0.00263 269.35342 -1.00000 0.00000 -999 244.84723
0.17432 0.91440 -0.03484 -0.12310 244.84722 0.00263 269.35342 -1.00000 0.00000 -999 244.84722
0.17955 0.91440 -0.03513 -0.12311 243.64757 0.00220 269.53913 -1.00000 0.00000 -999 243.64757
0.17955 0.91440 -0.03513 -0.12311 243.64757 0.00220 269.53913 -1.00000 0.00000 -999 243.64757
0.18477 0.91440 -0.03539 -0.12296 242.43859 0.00183 269.70137 -1.00000 0.00000 -999 242.43859
0.18477 0.91440 -0.03539 -0.12296 242.43859 0.00183 269.70137 -1.00000 0.00000 -999 242.43859
0.19000 0.91440 -0.03564 -0.12260 241.22497 0.00155 269.82408 -1.00000 0.00000 -999 241.22497
0.19000 0.91440 -0.03564 -0.12260 241.22496 0.00155 269.82408 -1.00000 0.00000 -999 241.22496
0.19522 0.91440 -0.03587 -0.12201 240.01501 0.00119 269.98583 -1.00000 0.00000 -999 240.01501
0.19522 0.91440 -0.03587 -0.12201 240.01501 0.00119 269.98583 -1.00000 0.00000 -999 240.01501
0.20045 0.91440 -0.03608 -0.12126 238.82152 0.00086 270.13385 -1.00000 0.00000 -999 238.82152
0.20567 0.91440 -0.03628 -0.12036 237.65643 0.00074 270.18800 -1.00000 0.00000 -999 237.65643
0.20567 0.91440 -0.03628 -0.12036 237.65643 0.00074 270.18800 -1.00000 0.00000 -999 237.65643
0.20567 0.91440 -0.03628 -0.12036 237.65642 0.00074 270.18800 -1.00000 0.00000 -999 237.65642
0.21090 0.91440 -0.03646 -0.11931 236.52749 0.00060 270.25063 -1.00000 0.00000 -999 236.52749
0.21613 0.91440 -0.03662 -0.11812 235.33728 0.00046 270.31309 -1.00000 0.00000 -999 235.33728
0.21613 0.91440 -0.03662 -0.11812 235.33727 0.00046 270.31309 -1.00000 0.00000 -999 235.33727
0.21613 0.91440 -0.03662 -0.11812 235.33727 0.00046 270.31309 -1.00000 0.00000 -999 235.33727
0.22136 0.91440 -0.03677 -0.11682 234.38859 0.00037 270.35331 -1.00000 0.00000 -999 234.38859
0.22659 0.91440 -0.03690 -0.11539 233.47401 0.00030 270.38707 -1.00000 0.00000 -999 233.47401
0.22659 0.91440 -0.03690 -0.11539 233.47401 0.00030 270.38707 -1.00000 0.00000 -999 233.47401
0.23182 0.91440 -0.03702 -0.11385 232.42952 0.00023 270.42771 -0.66667 0.00000 -999 232.39978
0.23182 0.91440 -0.03702 -0.11385 232.42952 0.00023 270.42771 -0.66667 0.00000 -999 232.39978
0.23182 0.91440 -0.03702 -0.11385 232.42952 0.00023 270.42771 -0.66666 0.00000 -999 232.39978
0.23705 0.91440 -0.03712 -0.11222 231.50186 0.00014 270.48172 0.00000 0.00000 -999 231.44533
0.24227 0.91440 -0.03722 -0.11049 230.69014 0.00007 270.51477 0.60000 0.00000 -999 230.63218
0.24227 0.91440 -0.03722 -0.11049 230.69014 0.00007 270.51477 0.60000 0.00000 -999 230.63217
0.24750 0.91440 -0.03730 -0.10868 229.83620 0.00003 270.52802 1.00000 0.00000 -999 229.78609
0.24750 0.91440 -0.03730 -0.10868 229.83620 0.00003 270.52802 1.00000 0.00000 -999 229.78609
0.25273 0.91440 -0.03736 -0.10680 228.92895 0.00005 270.52948 0.33334 0.00000 -999 228.86284
0.25273 0.91440 -0.03736 -0.10680 228.92894 0.00005 270.52948 0.33333 0.00000 -999 228.86284
0.25797 0.91440 -0.03742 -0.10484 227.94054 0.00000 270.52762 -1.00000 0.00000 -999 227.94054
0.25797 0.91440 -0.03742 -0.10484 227.94053 0.00000 270.52762 -1.00000 0.00000 -999 227.94053
0.26320 0.91440 -0.03746 -0.10281 227.01638 0.00000 270.52848 -1.00000 0.00000 -999 227.01638
0.26320 0.91440 -0.03746 -0.10281 227.01637 0.00000 270.52848 -1.00000 0.00000 -999 227.01637
0.26843 0.91440 -0.03750 -0.10072 226.08941 0.00000 270.52936 -1.00000 0.00000 -999 226.08941
0.26843 0.91440 -0.03750 -0.10072 226.08941 0.00000 270.52936 -1.00000 0.00000 -999 226.08941
0.27366 0.91440 -0.03752 -0.09858 225.16013 0.00000 270.53028 -1.00000 0.00000 -999 225.16013
0.27366 0.91440 -0.03752 -0.09858 225.16013 0.00000 270.53028 -1.00000 0.00000 -999 225.16013
0.27889 0.91440 -0.03753 -0.09637 224.23028 0.00000 270.53121 -1.00000 0.00000 -999 224.23028
0.27889 0.91440 -0.03753 -0.09637 224.23028 0.00000 270.53121 -1.00000 0.00000 -999 224.23028
0.28412 0.91440 -0.03753 -0.09412 223.30270 0.00000 270.53217 -1.00000 0.00000 -999 223.30270
0.28412 0.91440 -0.03753 -0.09412 223.30270 0.00000 270.53217 -1.00000 0.00000 -999 223.30270
0.28935 0.91440 -0.03752 -0.09181 222.38078 0.00000 270.53315 -1.00000 0.00000 -999 222.38078
0.28935 0.91440 -0.03752 -0.09181 222.38077 0.00000 270.53315 -1.00000 0.00000 -999 222.38077
0.29458 0.91440 -0.03750 -0.08945 221.46794 0.00000 270.53416 -1.00000 0.00000 -999 221.46794
0.29458 0.91440 -0.03750 -0.08945 221.46794 0.00000 270.53416 -1.00000 0.00000 -999 221.46794
0.29981 0.91440 -0.03747 -0.08705 220.56758 0.00000 270.53518 -1.00000 0.00000 -999 220.56758
0.29981 0.91440 -0.03747 -0.08705 220.56758 0.00000 270.53518 -1.00000 0.00000 -999 220.56758
0.30504 0.91440 -0.03743 -0.08461 219.68264 0.00000 270.53622 -1.00000 0.00000 -999 219.68264
0.30504 0.91440 -0.03743 -0.08461 219.68264 0.00000 270.53622 -1.00000 0.00000 -999 219.68264
0.31027 0.91440 -0.03739 -0.08211 218.81527 0.00000 270.53728 -1.00000 0.00000 -999 218.81527
0.31027 0.91440 -0.03739 -0.08211 218.81527 0.00000 270.53728 -1.00000 0.00000 -999 218.81527
0.31550 0.91440 -0.03733 -0.07958 217.96676 0.00000 270.53836 -1.00000 0.00000 -999 217.96676
0.31550 0.91440 -0.03733 -0.07958 217.96676 0.00000 270.53836 -1.00000 0.00000 -999 217.96676
0.32073 0.91440 -0.03727 -0.07700 217.13750 0.00000 270.53946 -1.00000 0.00000 -999 217.13750
0.32073 0.91440 -0.03727 -0.07700 217.13750 0.00000 270.53946 -1.00000 0.00000 -999 217.13750
0.32596 0.91440 -0.03720 -0.07437 216.32715 0.00000 270.54057 -1.00000 0.00000 -999 216.32715
0.32596 0.91440 -0.03720 -0.07437 216.32715 0.00000 270.54057 -1.00000 0.00000 -999 216.32715
0.33119 0.91440 -0.03712 -0.07170 215.53488 0.00000 270.54171 -1.00000 0.00000 -999 215.53488
0.33119 0.91440 -0.03712 -0.07170 215.53488 0.00000 270.54171 -1.00000 0.00000 -999 215.53488
0.33642 0.91440 -0.03703 -0.06899 214.75921 0.00000 270.54286 -1.00000 0.00000 -999 214.75921
0.33642 0.91440 -0.03703 -0.06899 214.75921 0.00000 270.54286 -1.00000 0.00000 -999 214.75921
0.34165 0.91440 -0.03693 -0.06622 213.90255 0.00000 270.54419 -1.00000 0.00000 -999 213.90255
0.34165 0.91440 -0.03693 -0.06622 213.90255 0.00000 270.54419 -1.00000 0.00000 -999 213.90255
0.34688 0.91440 -0.03683 -0.06342 213.08436 0.00000 270.54550 -1.00000 0.00000 -999 213.08436
0.34688 0.91440 -0.03683 -0.06342 213.08435 0.00000 270.54550 -1.00000 0.00000 -999 213.08435
0.35211 0.91440 -0.03672 -0.06057 212.34503 0.00000 270.54672 -1.00000 0.00000 -999 212.34503
0.35211 0.91440 -0.03672 -0.06057 212.34503 0.00000 270.54672 -1.00000 0.00000 -999 212.34503
0.35734 0.91440 -0.03660 -0.05764 211.61007 0.00000 270.54796 -1.00000 0.00000 -999 211.61007
0.35734 0.91440 -0.03660 -0.05764 211.61007 0.00000 270.54796 -1.00000 0.00000 -999 211.61007
0.36257 0.91440 -0.03647 -0.05467 210.87706 0.00000 270.54923 -1.00000 0.00000 -999 210.87706
0.36257 0.91440 -0.03647 -0.05467 210.87706 0.00000 270.54923 -1.00000 0.00000 -999 210.87706
0.36779 0.91440 -0.03634 -0.05164 210.14396 0.00000 270.55053 -1.00000 0.00000 -999 210.14396
0.36779 0.91440 -0.03634 -0.05164 210.14396 0.00000 270.55053 -1.00000 0.00000 -999 210.14396
0.37302 0.91440 -0.03620 -0.04855 209.40936 0.00000 270.55184 -1.00000 0.00000 -999 209.40936
0.37302 0.91440 -0.03620 -0.04855 209.40936 0.00000 270.55184 -1.00000 0.00000 -999 209.40936
0.37825 0.91440 -0.03605 -0.04542 208.66939 0.00000 270.55318 -1.00000 0.00000 -999 208.66939
0.37825 0.91440 -0.03605 -0.04542 208.66939 0.00000 270.55318 -1.00000 0.00000 -999 208.66939
0.38348 0.91440 -0.03589 -0.04217 207.92034 0.00000 270.55456 -1.00000 0.00000 -999 207.92034
0.38348 0.91440 -0.03589 -0.04217 207.92033 0.00000 270.55456 -1.00000 0.00000 -999 207.92033
0.38871 0.91440 -0.03573 -0.03885 207.16181 0.00000 270.55598 -1.00000 0.00000 -999 207.16181
0.38871 0.91440 -0.03573 -0.03885 207.16181 0.00000 270.55598 -1.00000 0.00000 -999 207.16181
0.39394 0.91440 -0.03556 -0.03547 206.39361 0.00000 270.55743 -1.00000 0.00000 -999 206.39361
0.39394 0.91440 -0.03556 -0.03547 206.39361 0.00000 270.55743 -1.00000 0.00000 -999 206.39361
0.39916 0.91440 -0.03539 -0.03198 205.71989 0.00000 270.55871 -1.00000 0.00000 -999 205.71989
0.39916 0.91440 -0.03539 -0.03198 205.71988 0.00000 270.55871 -1.00000 0.00000 -999 205.71988
0.40439 0.91440 -0.03521 -0.02840 204.99985 0.00000 270.56009 -1.00000 0.00000 -999 204.99985
0.40439 0.91440 -0.03521 -0.02840 204.99985 0.00000 270.56009 -1.00000 0.00000 -999 204.99985
0.40962 0.91440 -0.03502 -0.02470 204.09285 0.00000 270.56186 -1.00000 0.00000 -999 204.09285
0.40962 0.91440 -0.03502 -0.02470 204.09285 0.00000 270.56186 -1.00000 0.00000 -999 204.09285
0.40962 0.91440 -0.03502 -0.02470 204.09285 0.00000 270.56186 -1.00000 0.00000 -999 204.09285
0.41484 0.91440 -0.03482 -0.02088 203.19403 0.00000 270.56364 -1.00000 0.00000 -999 203.19403
0.41484 0.91440 -0.03482 -0.02088 203.19403 0.00000 270.56364 -1.00000 0.00000 -999 203.19403
0.42007 0.91440 -0.03462 -0.01692 202.35539 0.00000 270.56533 -1.00000 0.00000 -999 202.35539
0.42007 0.91440 -0.03462 -0.01692 202.35539 0.00000 270.56533 -1.00000 0.00000 -999 202.35539
0.42530 0.91440 -0.03441 -0.01282 201.49875 0.00000 270.56708 -1.00000 0.00000 -999 201.49875
0.42530 0.91440 -0.03441 -0.01282 201.49875 0.00000 270.56708 -1.00000 0.00000 -999 201.49875
0.43052 0.91440 -0.03420 -0.00855 200.62302 0.00000 270.56889 -1.00000 0.00000 -999 200.62302
0.43052 0.91440 -0.03420 -0.00855 200.62301 0.00000 270.56889 -1.00000 0.00000 -999 200.62301
0.43575 0.91440 -0.03397 -0.00410 199.72720 0.00000 270.57079 -1.00000 0.00000 -999 199.72720
0.43575 0.91440 -0.03397 -0.00410 199.72719 0.00000 270.57079 -1.00000 0.00000 -999 199.72719
0.44098 0.91440 -0.03374 0.00053 198.80950 0.00000 270.57276 -1.00000 0.00000 -999 198.80950
0.44098 0.91440 -0.03374 0.00053 198.80950 0.00000 270.57276 -1.00000 0.00000 -999 198.80950
0.44620 0.91440 -0.03351 0.00538 197.99471 0.00000 270.57454 -1.00000 0.00000 -999 197.99471
0.45143 0.91440 -0.03327 0.01050 196.98627 0.00000 270.57679 -1.00000 0.00000 -999 196.98627
0.45143 0.91440 -0.03327 0.01050 196.98626 0.00000 270.57679 -1.00000 0.00000 -999 196.98626
0.45665 0.91440 -0.03302 0.01587 195.88676 0.00000 270.57929 -1.00000 0.00000 -999 195.88676
0.45665 0.91440 -0.03302 0.01587 195.88675 0.00000 270.57929 -1.00000 0.00000 -999 195.88675
0.46187 0.91440 -0.03276 0.02156 194.84137 0.00000 270.58172 -1.00000 0.00000 -999 194.84137
0.46187 0.91440 -0.03276 0.02156 194.84137 0.00000 270.58172 -1.00000 0.00000 -999 194.84137
0.46187 0.91440 -0.03276 0.02156 194.84137 0.00000 270.58172 -1.00000 0.00000 -999 194.84137
0.46710 0.91440 -0.03250 0.02762 193.75106 0.00000 270.58429 -1.00000 0.00000 -999 193.75106
0.46710 0.91440 -0.03250 0.02762 193.75105 0.00000 270.58429 -1.00000 0.00000 -999 193.75105
0.47232 0.91440 -0.03223 0.03404 192.60835 0.00000 270.58703 -1.00000 0.00000 -999 192.60835
0.47232 0.91440 -0.03223 0.03404 192.60834 0.00000 270.58703 -1.00000 0.00000 -999 192.60834
0.47754 0.91440 -0.03195 0.04095 191.40217 0.00000 270.58996 -1.00000 0.00000 -999 191.40217
0.47754 0.91440 -0.03195 0.04095 191.40216 0.00000 270.58996 -1.00000 0.00000 -999 191.40216
0.48277 0.91440 -0.03166 0.04836 190.12106 0.00000 270.59312 -1.00000 0.00000 -999 190.12106
0.48277 0.91440 -0.03166 0.04836 190.12106 0.00000 270.59312 -1.00000 0.00000 -999 190.12106
0.48799 0.91440 -0.03137 0.05640 188.74828 0.00000 270.59654 -1.00000 0.00000 -999 188.74828
0.48799 0.91440 -0.03137 0.05640 188.74827 0.00000 270.59654 -1.00000 0.00000 -999 188.74827
0.49321 0.91440 -0.03107 0.06513 187.26477 0.00000 270.60026 -1.00000 0.00000 -999 187.26477
0.49321 0.91440 -0.03107 0.06513 187.26477 0.00000 270.60026 -1.00000 0.00000 -999 187.26477
0.49843 0.91440 -0.03077 0.07477 185.64201 0.00000 270.60435 -1.00000 0.00000 -999 185.64201
0.49843 0.91440 -0.03077 0.07477 185.64200 0.00000 270.60435 -1.00000 0.00000 -999 185.64200
0.50365 0.91440 -0.03045 0.08539 183.84553 0.00000 270.60889 -1.00000 0.00000 -999 183.84553
0.50365 0.91440 -0.03045 0.08539 183.84553 0.00000 270.60889 -1.00000 0.00000 -999 183.84553
0.50887 0.91440 -0.03013 0.09735 181.83251 0.00000 270.61397 -1.00000 0.00000 -999 181.83251
0.50887 0.91440 -0.03013 0.09735 181.83250 0.00000 270.61397 -1.00000 0.00000 -999 181.83250
0.51409 0.91440 -0.02980 0.11085 179.51500 0.00000 270.61973 -1.00000 0.00000 -999 179.51500
0.51409 0.91440 -0.02980 0.11085 179.51499 0.00000 270.61973 -1.00000 0.00000 -999 179.51499
0.51931 0.91440 -0.02946 0.12648 176.86032 0.00000 270.62643 -1.00000 0.00000 -999 176.86032
0.51931 0.91440 -0.02946 0.12648 176.86031 0.00000 270.62643 -1.00000 0.00000 -999 176.86031
0.52453 0.91440 -0.02911 0.14519 174.55210 0.00000 270.63376 -1.00000 0.00000 -999 174.55210
0.52453 0.91440 -0.02911 0.14519 174.55209 0.00000 270.63376 -1.00000 0.00000 -999 174.55209
0.52843 0.91440 -0.02885 0.16087 174.02665 0.00000 270.64059 -1.00000 0.00000 -999 174.02665
0.52843 0.91440 -0.02885 0.16087 174.02667 0.00000 270.64059 -1.00000 0.00000 -999 174.02667
0.53086 0.91440 -0.02868 0.17573 179.00706 0.00000 270.64547 -1.00000 0.00000 -999 179.00706
0.53086 0.91440 -0.02868 0.17573 179.00708 0.00000 270.64547 -1.00000 0.00000 -999 179.00708
0.53238 0.91440 -0.02858 0.17503 184.27886 0.00000 270.64677 -1.00000 0.00000 -999 184.27886

