#+++++++++++++++++++++++++++++++++++++++++++++++++++++++++++++++++++++++++++++++++++++++++++++++++++++++++++++++++++++++++++++++++
#
#   IPW-3 Cut/Slice DATA SUBMITTAL FORM for Test Case NACA0012_AE3933, May 18th 2026
#
#       NOMENCLATURE:
#                  X [m]:  X-coordinate of the surface (clean for reference)
#                  Y [m]:  Y-coordinate of the surface (clean for reference)
#                  Z [m]:  Z-coordinate of the surface (clean for reference)
#                 Cp [-]:  Pressure coefficient
#            HTC [W/m2K]:  Convective Heat Transfer Coefficient (on the rough surface)
#               Beta [-]:  Collection efficiency
#                 Ts [K]:  Surface temperature
#                 FF [-]:  Freezing fraction
#                  k [m]:  Surface roughness height if variable (OPTIONAL)
#         RhoIce [kg/m3]:  Ice density (OPTIONAL)
#      HTC_CLEAN [W/m2K]:  Convective Heat Transfer Coefficient on the surface without roughness (OPTIONAL)
#
#                XXmm:  Roughness height used for the case, in mm.
#                       In the zone name, use the format KS_XXmm.
#                       For example, if k_s = 1.5 mm, use KS_1p5mm.
#                       For Variable roughness, use KS_VAR
#
#    FLOW CONDITIONS:
#                                   AOA: 4.0 deg
#                           Mach Number: 0.3151 [-]
#       Mean aerodynamic chord (M.A.C.): 0.5334 [m]
#                       Reynolds Number: 3.9795 million (based on MAC)
#                       Freestream Temp: 267.55 [K]
#                        Reference area: 0.97548 [m2]
#               Moment Reference Center: 0.13335, 0, 0 [m] (X, Y, Z)
#
#    ICING CONDITIONS:
#                           Icing Time: 420 [s]
#                                  LWC: 0.55 [g/m3]
#                                  MVD: 20 [μm]
#
#              NOTES: 1. Please use at least 5 decimal places in the numerical values
#                     2. If data are NOT provided, please fill data fields with a numerical value of "-999"
#
#++++++++++++++++++++++++++++++++++++++++++++++++++++++++++++++++++++++++++++++++++++++++++++++++++++++++++++++++++++

VARIABLES = "X" "Y" "Z" "Cp" "HTC" "Beta" "Ts" "FF" "k" "RhoIce" "HTC_CLEAN"

ZONE T="SLICE_Y_0p9144_BINS01_KS_VAR_CUTDATA"
0.53247 0.91440 -0.02724 0.10435 149.72343 0.00000 270.64203 -1.00000 0.00000 -999 149.72343
0.53177 0.91440 -0.02709 0.12132 149.06833 0.00000 270.64342 -1.00000 0.00000 -999 149.06833
0.53177 0.91440 -0.02709 0.12132 149.06833 0.00000 270.64342 -1.00000 0.00000 -999 149.06833
0.53064 0.91440 -0.02685 0.11148 148.09279 0.00000 270.64214 -1.00000 0.00000 -999 148.09279
0.53064 0.91440 -0.02685 0.11148 148.09279 0.00000 270.64214 -1.00000 0.00000 -999 148.09279
0.52883 0.91440 -0.02646 0.10466 149.14349 0.00000 270.63851 -1.00000 0.00000 -999 149.14349
0.52883 0.91440 -0.02646 0.10466 149.14349 0.00000 270.63851 -1.00000 0.00000 -999 149.14349
0.52594 0.91440 -0.02586 0.09063 152.46170 0.00000 270.63292 -1.00000 0.00000 -999 152.46170
0.52594 0.91440 -0.02586 0.09063 152.46171 0.00000 270.63292 -1.00000 0.00000 -999 152.46171
0.52131 0.91440 -0.02489 0.06939 156.92733 0.00000 270.62427 -1.00000 0.00000 -999 156.92733
0.52131 0.91440 -0.02489 0.06939 156.92734 0.00000 270.62427 -1.00000 0.00000 -999 156.92734
0.51391 0.91440 -0.02335 0.03898 161.90305 0.00000 270.61291 -1.00000 0.00000 -999 161.90305
0.51391 0.91440 -0.02335 0.03897 161.90306 0.00000 270.61291 -1.00000 0.00000 -999 161.90306
0.50577 0.91440 -0.02168 0.00842 166.98294 0.00000 270.60097 -1.00000 0.00000 -999 166.98294
0.50577 0.91440 -0.02168 0.00842 166.98296 0.00000 270.60097 -1.00000 0.00000 -999 166.98296
0.49762 0.91440 -0.02003 -0.01908 172.06137 0.00000 270.58888 -1.00000 0.00000 -999 172.06137
0.49762 0.91440 -0.02003 -0.01909 172.06138 0.00000 270.58888 -1.00000 0.00000 -999 172.06138
0.49762 0.91440 -0.02003 -0.01909 172.06139 0.00000 270.58888 -1.00000 0.00000 -999 172.06139
0.48947 0.91440 -0.01840 -0.04444 176.27712 0.00000 270.57836 -1.00000 0.00000 -999 176.27712
0.48132 0.91440 -0.01679 -0.06781 179.37975 0.00000 270.57026 -1.00000 0.00000 -999 179.37975
0.48132 0.91440 -0.01679 -0.06781 179.37976 0.00000 270.57026 -1.00000 0.00000 -999 179.37976
0.47317 0.91440 -0.01520 -0.08967 182.22772 0.00000 270.56258 -1.00000 0.00000 -999 182.22772
0.47317 0.91440 -0.01520 -0.08967 182.22773 0.00000 270.56258 -1.00000 0.00000 -999 182.22773
0.46501 0.91440 -0.01362 -0.11019 185.32551 0.00000 270.55394 -1.00000 0.00000 -999 185.32551
0.46501 0.91440 -0.01362 -0.11019 185.32552 0.00000 270.55394 -1.00000 0.00000 -999 185.32552
0.45685 0.91440 -0.01206 -0.12964 188.33228 0.00000 270.54532 -1.00000 0.00000 -999 188.33228
0.45685 0.91440 -0.01206 -0.12964 188.33228 0.00000 270.54532 -1.00000 0.00000 -999 188.33228
0.44868 0.91440 -0.01052 -0.14817 190.88229 0.00000 270.53783 -1.00000 0.00000 -999 190.88229
0.44868 0.91440 -0.01052 -0.14817 190.88230 0.00000 270.53783 -1.00000 0.00000 -999 190.88230
0.44052 0.91440 -0.00900 -0.16596 193.28603 0.00000 270.53064 -1.00000 0.00000 -999 193.28603
0.44052 0.91440 -0.00900 -0.16596 193.28604 0.00000 270.53064 -1.00000 0.00000 -999 193.28604
0.43235 0.91440 -0.00749 -0.18313 195.57230 0.00000 270.52369 -1.00000 0.00000 -999 195.57230
0.43235 0.91440 -0.00749 -0.18313 195.57231 0.00000 270.52369 -1.00000 0.00000 -999 195.57231
0.42417 0.91440 -0.00600 -0.19978 197.76544 0.00000 270.51695 -1.00000 0.00000 -999 197.76544
0.42417 0.91440 -0.00600 -0.19978 197.76545 0.00000 270.51695 -1.00000 0.00000 -999 197.76545
0.41599 0.91440 -0.00452 -0.21601 199.88734 0.00000 270.51038 -1.00000 0.00000 -999 199.88734
0.41599 0.91440 -0.00452 -0.21601 199.88734 0.00000 270.51038 -1.00000 0.00000 -999 199.88734
0.40781 0.91440 -0.00306 -0.23190 201.95619 0.00000 270.50394 -1.00000 0.00000 -999 201.95619
0.40781 0.91440 -0.00306 -0.23190 201.95619 0.00000 270.50394 -1.00000 0.00000 -999 201.95619
0.40781 0.91440 -0.00306 -0.23190 201.95620 0.00000 270.50394 -1.00000 0.00000 -999 201.95620
0.39963 0.91440 -0.00162 -0.24753 203.98588 0.00000 270.49760 -1.00000 0.00000 -999 203.98588
0.39144 0.91440 -0.00020 -0.26293 205.99125 0.00000 270.49135 -1.00000 0.00000 -999 205.99125
0.39144 0.91440 -0.00020 -0.26293 205.99126 0.00000 270.49135 -1.00000 0.00000 -999 205.99126
0.38326 0.91440 0.00121 -0.27821 207.98519 0.00000 270.48514 -1.00000 0.00000 -999 207.98519
0.38326 0.91440 0.00121 -0.27821 207.98519 0.00000 270.48514 -1.00000 0.00000 -999 207.98519
0.37506 0.91440 0.00260 -0.29338 209.97448 0.00000 270.47898 -1.00000 0.00000 -999 209.97448
0.37506 0.91440 0.00260 -0.29338 209.97448 0.00000 270.47898 -1.00000 0.00000 -999 209.97448
0.36687 0.91440 0.00397 -0.30848 211.96863 0.00000 270.47283 -1.00000 0.00000 -999 211.96863
0.36687 0.91440 0.00397 -0.30848 211.96864 0.00000 270.47283 -1.00000 0.00000 -999 211.96864
0.35867 0.91440 0.00533 -0.32358 213.97953 0.00000 270.46669 -1.00000 0.00000 -999 213.97953
0.35867 0.91440 0.00533 -0.32358 213.97954 0.00000 270.46669 -1.00000 0.00000 -999 213.97954
0.35047 0.91440 0.00666 -0.33873 216.01075 0.00000 270.46052 -1.00000 0.00000 -999 216.01075
0.35047 0.91440 0.00666 -0.33873 216.01076 0.00000 270.46052 -1.00000 0.00000 -999 216.01076
0.34227 0.91440 0.00798 -0.35391 218.06356 0.00000 270.45433 -1.00000 0.00000 -999 218.06356
0.34227 0.91440 0.00798 -0.35391 218.06356 0.00000 270.45433 -1.00000 0.00000 -999 218.06356
0.33406 0.91440 0.00928 -0.36920 220.14249 0.00000 270.44810 -1.00000 0.00000 -999 220.14249
0.33406 0.91440 0.00928 -0.36920 220.14249 0.00000 270.44810 -1.00000 0.00000 -999 220.14249
0.33406 0.91440 0.00928 -0.36920 220.14250 0.00000 270.44810 -1.00000 0.00000 -999 220.14250
0.32585 0.91440 0.01056 -0.38460 222.25101 0.00000 270.44181 -1.00000 0.00000 -999 222.25101
0.32585 0.91440 0.01056 -0.38460 222.25101 0.00000 270.44181 -1.00000 0.00000 -999 222.25101
0.31763 0.91440 0.01181 -0.40016 224.39121 0.00000 270.43545 -1.00000 0.00000 -999 224.39121
0.31763 0.91440 0.01181 -0.40016 224.39121 0.00000 270.43545 -1.00000 0.00000 -999 224.39121
0.30942 0.91440 0.01305 -0.41591 226.56455 0.00000 270.42901 -1.00000 0.00000 -999 226.56455
0.30942 0.91440 0.01305 -0.41591 226.56456 0.00000 270.42901 -1.00000 0.00000 -999 226.56456
0.30120 0.91440 0.01426 -0.43187 228.77156 0.00000 270.42248 -1.00000 0.00000 -999 228.77156
0.30120 0.91440 0.01426 -0.43187 228.77157 0.00000 270.42248 -1.00000 0.00000 -999 228.77157
0.29297 0.91440 0.01545 -0.44806 231.01110 0.00000 270.41585 -1.00000 0.00000 -999 231.01110
0.29297 0.91440 0.01545 -0.44806 231.01111 0.00000 270.41585 -1.00000 0.00000 -999 231.01111
0.28475 0.91440 0.01662 -0.46452 233.28231 0.00000 270.40911 -1.00000 0.00000 -999 233.28231
0.28475 0.91440 0.01662 -0.46452 233.28232 0.00000 270.40911 -1.00000 0.00000 -999 233.28232
0.27652 0.91440 0.01776 -0.48127 235.58844 0.00000 270.40224 -1.00000 0.00000 -999 235.58844
0.27652 0.91440 0.01776 -0.48127 235.58845 0.00000 270.40224 -1.00000 0.00000 -999 235.58845
0.26828 0.91440 0.01888 -0.49834 237.93743 0.00000 270.39524 -1.00000 0.00000 -999 237.93743
0.26828 0.91440 0.01888 -0.49834 237.93744 0.00000 270.39524 -1.00000 0.00000 -999 237.93744
0.26005 0.91440 0.01996 -0.51573 240.34103 0.00000 270.38809 -1.00000 0.00000 -999 240.34103
0.26005 0.91440 0.01996 -0.51573 240.34104 0.00000 270.38809 -1.00000 0.00000 -999 240.34104
0.25180 0.91440 0.02102 -0.53348 242.81551 0.00000 270.38079 -1.00000 0.00000 -999 242.81551
0.25180 0.91440 0.02102 -0.53348 242.81551 0.00000 270.38079 -1.00000 0.00000 -999 242.81551
0.24356 0.91440 0.02204 -0.55162 245.37930 0.00000 270.37333 -1.00000 0.00000 -999 245.37930
0.23531 0.91440 0.02304 -0.57017 248.04890 0.00000 270.36569 -1.00000 0.00000 -999 248.04890
0.23531 0.91440 0.02304 -0.57017 248.04891 0.00000 270.36569 -1.00000 0.00000 -999 248.04891
0.23531 0.91440 0.02304 -0.57017 248.04891 0.00000 270.36569 -1.00000 0.00000 -999 248.04891
0.22706 0.91440 0.02400 -0.58914 250.83642 0.00000 270.35786 -1.00000 0.00000 -999 250.83642
0.22706 0.91440 0.02400 -0.58914 250.83643 0.00000 270.35786 -1.00000 0.00000 -999 250.83643
0.21880 0.91440 0.02492 -0.60859 253.74506 0.00000 270.34984 -1.00000 0.00000 -999 253.74506
0.21880 0.91440 0.02492 -0.60859 253.74507 0.00000 270.34984 -1.00000 0.00000 -999 253.74507
0.21054 0.91440 0.02580 -0.62852 256.76349 0.00000 270.34160 -1.00000 0.00000 -999 256.76349
0.20227 0.91440 0.02665 -0.64899 259.86537 0.00000 270.33315 -1.00000 0.00000 -999 259.86537
0.20227 0.91440 0.02665 -0.64899 259.86538 0.00000 270.33315 -1.00000 0.00000 -999 259.86538
0.19400 0.91440 0.02745 -0.66993 263.00342 0.00000 270.32446 -1.00000 0.00000 -999 263.00342
0.19400 0.91440 0.02745 -0.66993 263.00342 0.00000 270.32446 -1.00000 0.00000 -999 263.00342
0.18572 0.91440 0.02820 -0.69156 266.10578 0.00000 270.31554 -1.00000 0.00000 -999 266.10578
0.18572 0.91440 0.02820 -0.69156 266.10578 0.00000 270.31554 -1.00000 0.00000 -999 266.10578
0.17766 0.91440 0.02889 -0.71338 269.11343 0.00000 270.30656 -1.00000 0.00000 -999 269.11343
0.17766 0.91440 0.02889 -0.71338 269.11344 0.00000 270.30656 -1.00000 0.00000 -999 269.11344
0.16997 0.91440 0.02950 -0.73472 272.00175 0.00000 270.29769 -1.00000 0.00000 -999 272.00175
0.16997 0.91440 0.02950 -0.73472 272.00176 0.00000 270.29769 -1.00000 0.00000 -999 272.00176
0.16265 0.91440 0.03004 -0.75567 274.78045 0.00000 270.28898 -1.00000 0.00000 -999 274.78045
0.16265 0.91440 0.03004 -0.75567 274.78046 0.00000 270.28898 -1.00000 0.00000 -999 274.78046
0.15567 0.91440 0.03051 -0.77624 277.48649 0.00000 270.28042 -1.00000 0.00000 -999 277.48649
0.15567 0.91440 0.03051 -0.77624 277.48650 0.00000 270.28042 -1.00000 0.00000 -999 277.48650
0.14903 0.91440 0.03092 -0.79641 280.16292 0.00000 270.27202 -1.00000 0.00000 -999 280.16292
0.14903 0.91440 0.03092 -0.79641 280.16292 0.00000 270.27202 -1.00000 0.00000 -999 280.16292
0.14269 0.91440 0.03127 -0.81618 282.84579 0.00000 270.26377 -1.00000 0.00000 -999 282.84579
0.14269 0.91440 0.03127 -0.81618 282.84579 0.00000 270.26377 -1.00000 0.00000 -999 282.84579
0.13666 0.91440 0.03156 -0.83561 285.55371 0.00000 270.25567 -1.00000 0.00000 -999 285.55371
0.13666 0.91440 0.03156 -0.83561 285.55372 0.00000 270.25567 -1.00000 0.00000 -999 285.55372
0.13091 0.91440 0.03181 -0.85462 288.28640 0.00000 270.24773 -1.00000 0.00000 -999 288.28640
0.13091 0.91440 0.03181 -0.85462 288.28640 0.00000 270.24773 -1.00000 0.00000 -999 288.28640
0.12544 0.91440 0.03201 -0.87328 291.03279 0.00000 270.23992 -1.00000 0.00000 -999 291.03279
0.12544 0.91440 0.03201 -0.87328 291.03279 0.00000 270.23992 -1.00000 0.00000 -999 291.03279
0.12022 0.91440 0.03217 -0.89161 293.77606 0.00000 270.23226 -1.00000 0.00000 -999 293.77606
0.12022 0.91440 0.03217 -0.89161 293.77607 0.00000 270.23226 -1.00000 0.00000 -999 293.77607
0.11525 0.91440 0.03228 -0.90952 296.50463 0.00000 270.22473 -1.00000 0.00000 -999 296.50463
0.11525 0.91440 0.03228 -0.90952 296.50464 0.00000 270.22473 -1.00000 0.00000 -999 296.50464
0.11525 0.91440 0.03228 -0.90952 296.50465 0.00000 270.22473 -1.00000 0.00000 -999 296.50465
0.11052 0.91440 0.03237 -0.92728 299.21274 0.00000 270.21732 -1.00000 0.00000 -999 299.21274
0.10601 0.91440 0.03242 -0.94443 301.90482 0.00000 270.21007 -1.00000 0.00000 -999 301.90482
0.10601 0.91440 0.03242 -0.94443 301.90483 0.00000 270.21007 -1.00000 0.00000 -999 301.90483
0.10172 0.91440 0.03244 -0.96156 304.59616 0.00000 270.20294 -1.00000 0.00000 -999 304.59616
0.10172 0.91440 0.03244 -0.96156 304.59616 0.00000 270.20294 -1.00000 0.00000 -999 304.59616
0.09763 0.91440 0.03244 -0.97799 307.29286 0.00000 270.19593 -1.00000 0.00000 -999 307.29286
0.09763 0.91440 0.03244 -0.97799 307.29287 0.00000 270.19593 -1.00000 0.00000 -999 307.29287
0.09374 0.91440 0.03241 -0.99481 310.00120 0.00000 270.18899 -1.00000 0.00000 -999 310.00120
0.09374 0.91440 0.03241 -0.99481 310.00121 0.00000 270.18899 -1.00000 0.00000 -999 310.00121
0.09003 0.91440 0.03235 -1.01057 312.70757 0.00000 270.18212 -1.00000 0.00000 -999 312.70757
0.09003 0.91440 0.03235 -1.01057 312.70758 0.00000 270.18212 -1.00000 0.00000 -999 312.70758
0.09003 0.91440 0.03235 -1.01057 312.70758 0.00000 270.18212 -1.00000 0.00000 -999 312.70758
0.08618 0.91440 0.03227 -1.02769 315.39710 0.00000 270.17496 -1.00000 0.00000 -999 315.39710
0.08234 0.91440 0.03217 -1.04559 318.21466 0.00000 270.16743 -1.00000 0.00000 -999 318.21466
0.08234 0.91440 0.03217 -1.04559 318.21467 0.00000 270.16743 -1.00000 0.00000 -999 318.21467
0.07849 0.91440 0.03203 -1.06405 321.30675 0.00000 270.15961 -1.00000 0.00000 -999 321.30675
0.07849 0.91440 0.03203 -1.06405 321.30676 0.00000 270.15961 -1.00000 0.00000 -999 321.30676
0.07465 0.91440 0.03187 -1.08328 324.72632 0.00000 270.15148 -1.00000 0.00000 -999 324.72632
0.07465 0.91440 0.03187 -1.08328 324.72633 0.00000 270.15148 -1.00000 0.00000 -999 324.72633
0.07080 0.91440 0.03167 -1.10338 328.45784 0.00000 270.14297 -1.00000 0.00000 -999 328.45784
0.07080 0.91440 0.03167 -1.10338 328.45785 0.00000 270.14297 -1.00000 0.00000 -999 328.45785
0.06696 0.91440 0.03144 -1.12438 332.44692 0.00000 270.13407 -1.00000 0.00000 -999 332.44692
0.06696 0.91440 0.03144 -1.12438 332.44693 0.00000 270.13407 -1.00000 0.00000 -999 332.44693
0.06312 0.91440 0.03117 -1.14633 336.64005 0.00000 270.12472 -1.00000 0.00000 -999 336.64005
0.06312 0.91440 0.03117 -1.14633 336.64006 0.00000 270.12472 -1.00000 0.00000 -999 336.64006
0.05929 0.91440 0.03087 -1.16967 341.42778 0.00000 270.11387 -1.00000 0.00000 -999 341.42778
0.05929 0.91440 0.03087 -1.16967 341.42779 0.00000 270.11387 -1.00000 0.00000 -999 341.42779
0.05929 0.91440 0.03087 -1.16967 341.42780 0.00000 270.11387 -1.00000 0.00000 -999 341.42780
0.05545 0.91440 0.03052 -1.19405 346.55511 0.00000 270.10202 -1.00000 0.00000 -999 346.55511
0.05545 0.91440 0.03052 -1.19405 346.55513 0.00000 270.10202 -1.00000 0.00000 -999 346.55513
0.05163 0.91440 0.03012 -1.22018 351.34262 0.00000 270.09076 -1.00000 0.00000 -999 351.34262
0.05163 0.91440 0.03012 -1.22018 351.34263 0.00000 270.09076 -1.00000 0.00000 -999 351.34263
0.04780 0.91440 0.02967 -1.24782 356.43467 0.00000 270.07874 -1.00000 0.00000 -999 356.43467
0.04780 0.91440 0.02967 -1.24782 356.43469 0.00000 270.07874 -1.00000 0.00000 -999 356.43469
0.04399 0.91440 0.02917 -1.27758 360.65391 0.00000 270.06882 -1.00000 0.00000 -999 360.65391
0.04018 0.91440 0.02861 -1.30932 365.18575 0.00000 270.05826 -1.00000 0.00000 -999 365.18575
0.04018 0.91440 0.02861 -1.30932 365.18577 0.00000 270.05826 -1.00000 0.00000 -999 365.18577
0.03638 0.91440 0.02798 -1.34413 371.41822 0.00000 270.04369 -1.00000 0.00000 -999 371.41822
0.03638 0.91440 0.02798 -1.34413 371.41823 0.00000 270.04369 -1.00000 0.00000 -999 371.41823
0.03260 0.91440 0.02728 -1.38100 378.15941 0.00000 270.02793 -1.00000 0.00000 -999 378.15941
0.03260 0.91440 0.02728 -1.38100 378.15943 0.00000 270.02793 -1.00000 0.00000 -999 378.15943
0.02883 0.91440 0.02649 -1.42282 385.53898 0.00000 270.01061 -1.00000 0.00000 -999 385.53898
0.02883 0.91440 0.02649 -1.42282 385.53900 0.00000 270.01061 -1.00000 0.00000 -999 385.53900
0.02509 0.91440 0.02559 -1.46565 393.79119 0.00000 269.99193 -1.00000 0.00000 -999 393.79119
0.02509 0.91440 0.02559 -1.46565 393.79122 0.00000 269.99193 -1.00000 0.00000 -999 393.79122
0.02138 0.91440 0.02458 -1.51632 403.05264 0.00000 269.97137 -0.33334 0.00000 -999 403.05264
0.02138 0.91440 0.02458 -1.51632 403.05266 0.00000 269.97137 -0.33333 0.00000 -999 403.05266
0.01771 0.91440 0.02342 -1.56284 413.40592 0.00000 269.95009 1.00000 0.00000 -999 413.40592
0.01771 0.91440 0.02342 -1.56284 413.40595 0.00000 269.95009 1.00000 0.00000 -999 413.40595
0.01410 0.91440 0.02208 -1.62062 425.15215 0.00000 269.92827 1.00000 0.00000 -999 425.15215
0.01410 0.91440 0.02208 -1.62062 425.15219 0.00000 269.92827 1.00000 0.00000 -999 425.15219
0.01059 0.91440 0.02051 -1.64441 437.11337 0.00000 269.91409 1.00000 0.00000 -999 437.11337
0.01059 0.91440 0.02051 -1.64441 437.11340 0.00000 269.91409 1.00000 0.00000 -999 437.11340
0.00723 0.91440 0.01863 -1.64549 640.86562 0.04827 269.69959 1.00000 0.00223 -999 446.38941
0.00723 0.91440 0.01863 -1.64549 640.86661 0.04827 269.69958 1.00000 0.00223 -999 446.38943
0.00464 0.91440 0.01674 -1.55766 1066.60308 0.19168 269.65986 1.00000 0.00859 -999 456.05525
0.00464 0.91440 0.01674 -1.55766 1066.60381 0.19168 269.65986 1.00000 0.00859 -999 456.05528
0.00277 0.91440 0.01488 -1.31970 1183.88135 0.34518 270.86771 1.00000 0.01423 -999 475.77250
0.00277 0.91440 0.01488 -1.31970 1183.88162 0.34518 270.86771 1.00000 0.01423 -999 475.77256
0.00147 0.91440 0.01304 -0.90474 1250.81249 0.48654 271.96454 1.00000 0.01681 -999 501.06752
0.00147 0.91440 0.01304 -0.90474 1250.81262 0.48654 271.96455 1.00000 0.01681 -999 501.06757
0.00068 0.91440 0.01119 -0.33557 1244.87995 0.63263 272.88427 0.88657 0.01362 -999 503.72498
0.00068 0.91440 0.01119 -0.33557 1244.87986 0.63263 272.88428 0.88657 0.01362 -999 503.72496
0.00032 0.91440 0.00930 0.25495 1004.83971 0.74038 273.15000 0.59525 0.00629 -999 467.47656
0.00032 0.91440 0.00930 0.25495 1004.83915 0.74038 273.15000 0.59525 0.00629 -999 467.47648
0.00041 0.91440 0.00737 0.72797 615.01453 0.77978 273.15000 0.35636 0.00176 -999 415.88227
0.00041 0.91440 0.00737 0.72797 615.01363 0.77978 273.15000 0.35636 0.00176 -999 415.88214
0.00041 0.91440 0.00737 0.72797 615.01302 0.77978 273.15000 0.35636 0.00176 -999 415.88201
0.00095 0.91440 0.00542 0.97872 395.10180 0.75055 273.15000 0.25403 0.00025 -999 367.48873
0.00199 0.91440 0.00341 1.03921 328.93288 0.68583 273.15000 0.23803 0.00001 -999 328.28706
0.00199 0.91440 0.00341 1.03921 328.93272 0.68583 273.15000 0.23803 0.00001 -999 328.28696
0.00360 0.91440 0.00130 0.96041 308.04409 0.62166 273.15000 0.24641 0.00015 -999 294.77381
0.00360 0.91440 0.00130 0.96041 308.04403 0.62166 273.15000 0.24641 0.00015 -999 294.77373
0.00592 0.91440 -0.00095 0.81669 305.45752 0.54154 273.15000 0.27744 0.00049 -999 266.42275
0.00592 0.91440 -0.00095 0.81669 305.45750 0.54154 273.15000 0.27744 0.00049 -999 266.42268
0.00901 0.91440 -0.00328 0.65660 309.99881 0.44299 273.15000 0.33694 0.00087 -999 246.26631
0.00901 0.91440 -0.00328 0.65660 309.99882 0.44299 273.15000 0.33694 0.00087 -999 246.26625
0.01229 0.91440 -0.00533 0.52719 322.23552 0.37265 273.15000 0.40160 0.00123 -999 236.59617
0.01229 0.91440 -0.00533 0.52718 322.23555 0.37265 273.15000 0.40160 0.00123 -999 236.59615
0.01569 0.91440 -0.00716 0.42565 346.58387 0.32031 273.15000 0.49604 0.00158 -999 237.45767
0.01569 0.91440 -0.00716 0.42565 346.58393 0.32031 273.15000 0.49605 0.00158 -999 237.45767
0.01569 0.91440 -0.00716 0.42565 346.58402 0.32031 273.15000 0.49605 0.00158 -999 237.45769
0.01919 0.91440 -0.00882 0.34290 381.72029 0.27223 273.15000 0.62632 0.00196 -999 244.86893
0.02274 0.91440 -0.01034 0.27561 420.76347 0.23421 273.15000 0.79816 0.00236 -999 253.69305
0.02274 0.91440 -0.01034 0.27561 420.76358 0.23421 273.15000 0.79816 0.00236 -999 253.69307
0.02634 0.91440 -0.01175 0.21911 444.75809 0.19647 272.81847 0.94724 0.00254 -999 261.28323
0.02634 0.91440 -0.01175 0.21911 444.75815 0.19647 272.81847 0.94724 0.00254 -999 261.28325
0.02634 0.91440 -0.01175 0.21911 444.75816 0.19647 272.81847 0.94724 0.00254 -999 261.28327
0.02998 0.91440 -0.01306 0.17164 448.98806 0.17032 272.35500 1.00000 0.00247 -999 266.34291
0.03365 0.91440 -0.01429 0.13078 440.38471 0.14820 271.96193 1.00000 0.00225 -999 269.97812
0.03365 0.91440 -0.01429 0.13078 440.38467 0.14820 271.96193 1.00000 0.00225 -999 269.97813
0.03734 0.91440 -0.01544 0.09559 421.04818 0.12039 271.50331 1.00000 0.00190 -999 272.58254
0.03734 0.91440 -0.01544 0.09559 421.04813 0.12039 271.50331 1.00000 0.00190 -999 272.58255
0.04105 0.91440 -0.01653 0.06487 401.20372 0.09667 271.08136 1.00000 0.00159 -999 274.55263
0.04106 0.91440 -0.01653 0.06487 401.20369 0.09667 271.08136 1.00000 0.00159 -999 274.55263
0.04106 0.91440 -0.01653 0.06487 401.20364 0.09667 271.08136 1.00000 0.00159 -999 274.55264
0.04478 0.91440 -0.01755 0.03784 383.59120 0.07893 270.76391 1.00000 0.00134 -999 275.45560
0.04853 0.91440 -0.01853 0.01394 369.04674 0.06655 270.52530 1.00000 0.00115 -999 275.59022
0.04853 0.91440 -0.01853 0.01394 369.04669 0.06655 270.52530 1.00000 0.00115 -999 275.59022
0.05228 0.91440 -0.01945 -0.00730 346.48448 0.04926 270.17840 1.00000 0.00087 -999 275.28958
0.05228 0.91440 -0.01945 -0.00730 346.48442 0.04926 270.17840 1.00000 0.00087 -999 275.28958
0.05605 0.91440 -0.02033 -0.02634 327.72378 0.03592 269.88291 1.00000 0.00065 -999 274.67405
0.05605 0.91440 -0.02033 -0.02634 327.72374 0.03592 269.88291 1.00000 0.00065 -999 274.67405
0.05982 0.91440 -0.02117 -0.04329 307.60278 0.02237 269.55771 1.00000 0.00041 -999 273.94159
0.05982 0.91440 -0.02117 -0.04329 307.60273 0.02237 269.55771 1.00000 0.00041 -999 273.94159
0.06361 0.91440 -0.02197 -0.05865 286.93161 0.00914 269.89399 1.00000 0.00017 -999 273.06294
0.06361 0.91440 -0.02197 -0.05865 286.93156 0.00914 269.89399 1.00000 0.00017 -999 273.06294
0.06361 0.91440 -0.02197 -0.05865 286.93153 0.00914 269.89400 1.00000 0.00017 -999 273.06294
0.06740 0.91440 -0.02274 -0.07247 272.15150 0.00000 270.56837 1.00000 0.00000 -999 272.15150
0.06740 0.91440 -0.02274 -0.07247 272.15149 0.00000 270.56837 1.00000 0.00000 -999 272.15149
0.07120 0.91440 -0.02347 -0.08495 271.15736 0.00000 270.56289 1.00000 0.00000 -999 271.15736
0.07120 0.91440 -0.02347 -0.08495 271.15736 0.00000 270.56289 1.00000 0.00000 -999 271.15736
0.07500 0.91440 -0.02417 -0.09626 270.13454 0.00000 270.55818 1.00000 0.00000 -999 270.13454
0.07881 0.91440 -0.02483 -0.10657 269.21443 0.00000 270.55463 1.00000 0.00000 -999 269.21443
0.07881 0.91440 -0.02483 -0.10657 269.21442 0.00000 270.55463 1.00000 0.00000 -999 269.21442
0.08262 0.91440 -0.02547 -0.11585 268.10301 0.00000 270.55086 1.00000 0.00000 -999 268.10301
0.08262 0.91440 -0.02547 -0.11585 268.10301 0.00000 270.55086 1.00000 0.00000 -999 268.10301
0.08644 0.91440 -0.02609 -0.12440 266.95852 0.00000 270.54743 1.00000 0.00000 -999 266.95852
0.08644 0.91440 -0.02609 -0.12440 266.95852 0.00000 270.54743 1.00000 0.00000 -999 266.95852
0.09021 0.91440 -0.02667 -0.13205 265.79276 0.00000 270.54432 1.00000 0.00000 -999 265.79276
0.09021 0.91440 -0.02667 -0.13205 265.79275 0.00000 270.54432 1.00000 0.00000 -999 265.79275
0.09416 0.91440 -0.02725 -0.13908 264.61437 0.00000 270.54144 1.00000 0.00000 -999 264.61437
0.09416 0.91440 -0.02725 -0.13908 264.61437 0.00000 270.54144 1.00000 0.00000 -999 264.61437
0.09416 0.91440 -0.02725 -0.13908 264.61437 0.00000 270.54144 1.00000 0.00000 -999 264.61437
0.09832 0.91440 -0.02783 -0.14603 263.40786 0.00000 270.53868 1.00000 0.00000 -999 263.40786
0.09832 0.91440 -0.02783 -0.14603 263.40786 0.00000 270.53868 1.00000 0.00000 -999 263.40786
0.10270 0.91440 -0.02842 -0.15245 262.16038 0.00000 270.53607 1.00000 0.00000 -999 262.16038
0.10270 0.91440 -0.02842 -0.15245 262.16038 0.00000 270.53607 1.00000 0.00000 -999 262.16038
0.10729 0.91440 -0.02901 -0.15852 260.86401 0.00000 270.53363 1.00000 0.00000 -999 260.86401
0.11212 0.91440 -0.02959 -0.16416 259.51050 0.00000 270.53135 1.00000 0.00000 -999 259.51050
0.11212 0.91440 -0.02959 -0.16416 259.51050 0.00000 270.53135 1.00000 0.00000 -999 259.51050
0.11212 0.91440 -0.02959 -0.16416 259.51049 0.00000 270.53135 1.00000 0.00000 -999 259.51049
0.11719 0.91440 -0.03017 -0.16935 258.09968 0.00000 270.52926 1.00000 0.00000 -999 258.09968
0.11719 0.91440 -0.03017 -0.16935 258.09968 0.00000 270.52926 1.00000 0.00000 -999 258.09968
0.12252 0.91440 -0.03075 -0.17406 256.64647 0.00000 270.52736 1.00000 0.00000 -999 256.64647
0.12812 0.91440 -0.03132 -0.17828 255.17640 0.00000 270.52565 1.00000 0.00000 -999 255.17640
0.12812 0.91440 -0.03132 -0.17828 255.17639 0.00000 270.52565 1.00000 0.00000 -999 255.17639
0.13400 0.91440 -0.03188 -0.18200 253.71628 0.00000 270.52415 1.00000 0.00000 -999 253.71628
0.13400 0.91440 -0.03188 -0.18200 253.71628 0.00000 270.52415 1.00000 0.00000 -999 253.71628
0.14019 0.91440 -0.03243 -0.18521 252.47054 0.00000 270.52301 -0.20000 0.00000 -999 252.47054
0.14019 0.91440 -0.03243 -0.18521 252.47053 0.00000 270.52301 -0.20000 0.00000 -999 252.47053
0.14668 0.91440 -0.03297 -0.18787 250.86452 0.00000 270.52178 -1.00000 0.00000 -999 250.86452
0.14668 0.91440 -0.03297 -0.18787 250.86451 0.00000 270.52178 -1.00000 0.00000 -999 250.86451
0.14668 0.91440 -0.03297 -0.18787 250.86451 0.00000 270.52178 -1.00000 0.00000 -999 250.86451
0.15350 0.91440 -0.03349 -0.19002 249.11141 0.00000 270.52075 -1.00000 0.00000 -999 249.11141
0.15350 0.91440 -0.03349 -0.19002 249.11141 0.00000 270.52075 -1.00000 0.00000 -999 249.11141
0.16067 0.91440 -0.03400 -0.19157 247.94894 0.00000 270.52027 -1.00000 0.00000 -999 247.94894
0.16820 0.91440 -0.03448 -0.19259 246.71967 0.00000 270.51994 -1.00000 0.00000 -999 246.71967
0.16820 0.91440 -0.03448 -0.19259 246.71966 0.00000 270.51994 -1.00000 0.00000 -999 246.71966
0.17610 0.91440 -0.03494 -0.19299 244.64522 0.00000 270.51973 -1.00000 0.00000 -999 244.64522
0.17610 0.91440 -0.03494 -0.19299 244.64521 0.00000 270.51973 -1.00000 0.00000 -999 244.64521
0.17610 0.91440 -0.03494 -0.19299 244.64521 0.00000 270.51973 -1.00000 0.00000 -999 244.64521
0.18433 0.91440 -0.03537 -0.19277 242.59827 0.00000 270.51980 -1.00000 0.00000 -999 242.59827
0.18433 0.91440 -0.03537 -0.19277 242.59827 0.00000 270.51980 -1.00000 0.00000 -999 242.59827
0.19255 0.91440 -0.03576 -0.19220 240.98316 0.00000 270.52004 -1.00000 0.00000 -999 240.98316
0.19255 0.91440 -0.03576 -0.19220 240.98316 0.00000 270.52004 -1.00000 0.00000 -999 240.98316
0.20078 0.91440 -0.03609 -0.19099 239.13599 0.00000 270.52050 -1.00000 0.00000 -999 239.13599
0.20078 0.91440 -0.03609 -0.19099 239.13598 0.00000 270.52050 -1.00000 0.00000 -999 239.13598
0.20900 0.91440 -0.03639 -0.18944 237.34905 0.00000 270.52114 -1.00000 0.00000 -999 237.34905
0.20900 0.91440 -0.03639 -0.18944 237.34904 0.00000 270.52114 -1.00000 0.00000 -999 237.34904
0.21723 0.91440 -0.03665 -0.18746 235.63911 0.00000 270.52192 -1.00000 0.00000 -999 235.63911
0.21723 0.91440 -0.03665 -0.18746 235.63911 0.00000 270.52192 -1.00000 0.00000 -999 235.63911
0.22546 0.91440 -0.03687 -0.18519 234.00261 0.00000 270.52284 -1.00000 0.00000 -999 234.00261
0.23369 0.91440 -0.03706 -0.18261 232.42359 0.00000 270.52388 -1.00000 0.00000 -999 232.42359
0.23369 0.91440 -0.03706 -0.18261 232.42359 0.00000 270.52388 -1.00000 0.00000 -999 232.42359
0.24193 0.91440 -0.03721 -0.17979 230.88067 0.00000 270.52502 -1.00000 0.00000 -999 230.88067
0.24193 0.91440 -0.03721 -0.17979 230.88066 0.00000 270.52502 -1.00000 0.00000 -999 230.88066
0.24193 0.91440 -0.03721 -0.17979 230.88066 0.00000 270.52502 -1.00000 0.00000 -999 230.88066
0.25016 0.91440 -0.03733 -0.17674 229.35402 0.00000 270.52625 -1.00000 0.00000 -999 229.35402
0.25839 0.91440 -0.03742 -0.17350 227.83068 0.00000 270.52755 -1.00000 0.00000 -999 227.83068
0.25839 0.91440 -0.03742 -0.17350 227.83068 0.00000 270.52755 -1.00000 0.00000 -999 227.83068
0.26662 0.91440 -0.03749 -0.17009 226.30617 0.00000 270.52893 -1.00000 0.00000 -999 226.30617
0.26662 0.91440 -0.03749 -0.17009 226.30616 0.00000 270.52893 -1.00000 0.00000 -999 226.30616
0.27486 0.91440 -0.03752 -0.16651 224.78180 0.00000 270.53038 -1.00000 0.00000 -999 224.78180
0.27486 0.91440 -0.03752 -0.16651 224.78179 0.00000 270.53038 -1.00000 0.00000 -999 224.78179
0.27486 0.91440 -0.03752 -0.16651 224.78179 0.00000 270.53038 -1.00000 0.00000 -999 224.78179
0.28309 0.91440 -0.03753 -0.16278 223.26266 0.00000 270.53188 -1.00000 0.00000 -999 223.26266
0.29132 0.91440 -0.03751 -0.15892 221.75807 0.00000 270.53344 -1.00000 0.00000 -999 221.75807
0.29132 0.91440 -0.03751 -0.15892 221.75807 0.00000 270.53344 -1.00000 0.00000 -999 221.75807
0.29956 0.91440 -0.03747 -0.15494 220.27986 0.00000 270.53505 -1.00000 0.00000 -999 220.27986
0.29956 0.91440 -0.03747 -0.15494 220.27986 0.00000 270.53505 -1.00000 0.00000 -999 220.27986
0.29956 0.91440 -0.03747 -0.15494 220.27985 0.00000 270.53505 -1.00000 0.00000 -999 220.27985
0.30779 0.91440 -0.03741 -0.15084 218.83856 0.00000 270.53670 -1.00000 0.00000 -999 218.83856
0.31602 0.91440 -0.03733 -0.14662 217.44083 0.00000 270.53840 -1.00000 0.00000 -999 217.44083
0.31602 0.91440 -0.03733 -0.14662 217.44082 0.00000 270.53840 -1.00000 0.00000 -999 217.44082
0.31602 0.91440 -0.03733 -0.14662 217.44082 0.00000 270.53840 -1.00000 0.00000 -999 217.44082
0.32425 0.91440 -0.03722 -0.14228 216.08837 0.00000 270.54015 -1.00000 0.00000 -999 216.08837
0.32425 0.91440 -0.03722 -0.14228 216.08837 0.00000 270.54015 -1.00000 0.00000 -999 216.08837
0.33249 0.91440 -0.03709 -0.13783 214.77960 0.00000 270.54195 -1.00000 0.00000 -999 214.77960
0.33249 0.91440 -0.03709 -0.13783 214.77960 0.00000 270.54195 -1.00000 0.00000 -999 214.77960
0.34072 0.91440 -0.03695 -0.13326 213.51103 0.00000 270.54379 -1.00000 0.00000 -999 213.51103
0.34072 0.91440 -0.03695 -0.13326 213.51102 0.00000 270.54379 -1.00000 0.00000 -999 213.51102
0.34895 0.91440 -0.03678 -0.12857 212.27678 0.00000 270.54568 -1.00000 0.00000 -999 212.27678
0.34895 0.91440 -0.03678 -0.12857 212.27678 0.00000 270.54568 -1.00000 0.00000 -999 212.27678
0.35718 0.91440 -0.03660 -0.12374 211.06811 0.00000 270.54763 -1.00000 0.00000 -999 211.06811
0.35718 0.91440 -0.03660 -0.12374 211.06810 0.00000 270.54763 -1.00000 0.00000 -999 211.06810
0.36541 0.91440 -0.03640 -0.11875 209.87674 0.00000 270.54964 -1.00000 0.00000 -999 209.87674
0.36541 0.91440 -0.03640 -0.11875 209.87674 0.00000 270.54964 -1.00000 0.00000 -999 209.87674
0.37364 0.91440 -0.03618 -0.11361 208.69728 0.00000 270.55171 -1.00000 0.00000 -999 208.69728
0.37364 0.91440 -0.03618 -0.11361 208.69728 0.00000 270.55171 -1.00000 0.00000 -999 208.69728
0.38187 0.91440 -0.03594 -0.10831 207.52280 0.00000 270.55385 -1.00000 0.00000 -999 207.52280
0.38187 0.91440 -0.03594 -0.10831 207.52280 0.00000 270.55385 -1.00000 0.00000 -999 207.52280
0.39010 0.91440 -0.03569 -0.10278 206.34183 0.00000 270.55608 -1.00000 0.00000 -999 206.34183
0.39010 0.91440 -0.03569 -0.10278 206.34183 0.00000 270.55608 -1.00000 0.00000 -999 206.34183
0.39833 0.91440 -0.03542 -0.09703 205.14562 0.00000 270.55840 -1.00000 0.00000 -999 205.14562
0.39833 0.91440 -0.03542 -0.09703 205.14561 0.00000 270.55840 -1.00000 0.00000 -999 205.14561
0.40656 0.91440 -0.03513 -0.09102 203.92887 0.00000 270.56082 -1.00000 0.00000 -999 203.92887
0.40656 0.91440 -0.03513 -0.09102 203.92887 0.00000 270.56082 -1.00000 0.00000 -999 203.92887
0.41478 0.91440 -0.03482 -0.08472 202.68424 0.00000 270.56336 -1.00000 0.00000 -999 202.68424
0.41478 0.91440 -0.03482 -0.08472 202.68423 0.00000 270.56336 -1.00000 0.00000 -999 202.68423
0.42301 0.91440 -0.03450 -0.07805 201.40094 0.00000 270.56605 -1.00000 0.00000 -999 201.40094
0.42301 0.91440 -0.03450 -0.07805 201.40094 0.00000 270.56605 -1.00000 0.00000 -999 201.40094
0.43124 0.91440 -0.03417 -0.07096 199.94002 0.00000 270.56918 -1.00000 0.00000 -999 199.94002
0.43124 0.91440 -0.03417 -0.07096 199.94002 0.00000 270.56918 -1.00000 0.00000 -999 199.94002
0.43946 0.91440 -0.03381 -0.06343 198.49787 0.00000 270.57235 -1.00000 0.00000 -999 198.49787
0.43946 0.91440 -0.03381 -0.06343 198.49787 0.00000 270.57235 -1.00000 0.00000 -999 198.49787
0.44769 0.91440 -0.03344 -0.05533 197.23271 0.00000 270.57520 -1.00000 0.00000 -999 197.23271
0.44769 0.91440 -0.03344 -0.05533 197.23271 0.00000 270.57520 -1.00000 0.00000 -999 197.23271
0.45591 0.91440 -0.03305 -0.04655 195.69617 0.00000 270.57873 -1.00000 0.00000 -999 195.69617
0.45591 0.91440 -0.03305 -0.04655 195.69617 0.00000 270.57873 -1.00000 0.00000 -999 195.69617
0.46413 0.91440 -0.03265 -0.03697 194.05695 0.00000 270.58259 -1.00000 0.00000 -999 194.05695
0.46413 0.91440 -0.03265 -0.03697 194.05694 0.00000 270.58259 -1.00000 0.00000 -999 194.05694
0.47236 0.91440 -0.03223 -0.02645 192.28984 0.00000 270.58684 -1.00000 0.00000 -999 192.28984
0.47236 0.91440 -0.03223 -0.02645 192.28984 0.00000 270.58684 -1.00000 0.00000 -999 192.28984
0.48058 0.91440 -0.03179 -0.01469 190.35785 0.00000 270.59157 -1.00000 0.00000 -999 190.35785
0.48058 0.91440 -0.03179 -0.01469 190.35785 0.00000 270.59157 -1.00000 0.00000 -999 190.35785
0.48880 0.91440 -0.03133 -0.00149 188.20933 0.00000 270.59692 -1.00000 0.00000 -999 188.20933
0.48880 0.91440 -0.03133 -0.00149 188.20933 0.00000 270.59692 -1.00000 0.00000 -999 188.20933
0.49702 0.91440 -0.03085 0.01375 185.76695 0.00000 270.60305 -1.00000 0.00000 -999 185.76695
0.49702 0.91440 -0.03085 0.01375 185.76694 0.00000 270.60305 -1.00000 0.00000 -999 185.76694
0.50524 0.91440 -0.03035 0.03142 182.64512 0.00000 270.61102 -1.00000 0.00000 -999 182.64512
0.50524 0.91440 -0.03035 0.03142 182.64512 0.00000 270.61102 -1.00000 0.00000 -999 182.64512
0.51345 0.91440 -0.02984 0.05292 179.78983 0.00000 270.61867 -1.00000 0.00000 -999 179.78983
0.52100 0.91440 -0.02935 0.07694 176.86528 0.00000 270.62680 -1.00000 0.00000 -999 176.86528
0.52100 0.91440 -0.02935 0.07694 176.86527 0.00000 270.62680 -1.00000 0.00000 -999 176.86527
0.52100 0.91440 -0.02935 0.07694 176.86526 0.00000 270.62680 -1.00000 0.00000 -999 176.86526
0.52572 0.91440 -0.02903 0.09592 173.49580 0.00000 270.63520 -1.00000 0.00000 -999 173.49580
0.52572 0.91440 -0.02903 0.09592 173.49579 0.00000 270.63520 -1.00000 0.00000 -999 173.49579
0.52867 0.91440 -0.02883 0.10962 171.21698 0.00000 270.64063 -1.00000 0.00000 -999 171.21698
0.52867 0.91440 -0.02883 0.10962 171.21698 0.00000 270.64063 -1.00000 0.00000 -999 171.21698
0.53051 0.91440 -0.02871 0.11776 170.14524 0.00000 270.64467 -1.00000 0.00000 -999 170.14524
0.53051 0.91440 -0.02871 0.11776 170.14523 0.00000 270.64467 -1.00000 0.00000 -999 170.14523
0.53166 0.91440 -0.02863 0.12935 168.47047 0.00000 270.64648 -1.00000 0.00000 -999 168.47047
0.53166 0.91440 -0.02863 0.12935 168.47047 0.00000 270.64648 -1.00000 0.00000 -999 168.47047
0.53238 0.91440 -0.02858 0.11269 166.67029 0.00000 270.64530 -1.00000 0.00000 -999 166.67029

ZONE T="SLICE_Y_0p9144_BINS03_KS_VAR_CUTDATA"
0.53247 0.91440 -0.02724 0.10435 149.72343 0.00000 270.64203 -1.00000 0.00000 -999 149.72343
0.53177 0.91440 -0.02709 0.12132 149.06833 0.00000 270.64342 -1.00000 0.00000 -999 149.06833
0.53177 0.91440 -0.02709 0.12132 149.06833 0.00000 270.64342 -1.00000 0.00000 -999 149.06833
0.53064 0.91440 -0.02685 0.11148 148.09279 0.00000 270.64214 -1.00000 0.00000 -999 148.09279
0.53064 0.91440 -0.02685 0.11148 148.09279 0.00000 270.64214 -1.00000 0.00000 -999 148.09279
0.52883 0.91440 -0.02646 0.10466 149.14349 0.00000 270.63851 -1.00000 0.00000 -999 149.14349
0.52883 0.91440 -0.02646 0.10466 149.14349 0.00000 270.63851 -1.00000 0.00000 -999 149.14349
0.52594 0.91440 -0.02586 0.09063 152.46170 0.00000 270.63292 -1.00000 0.00000 -999 152.46170
0.52594 0.91440 -0.02586 0.09063 152.46171 0.00000 270.63292 -1.00000 0.00000 -999 152.46171
0.52131 0.91440 -0.02489 0.06939 156.92733 0.00000 270.62427 -1.00000 0.00000 -999 156.92733
0.52131 0.91440 -0.02489 0.06939 156.92734 0.00000 270.62427 -1.00000 0.00000 -999 156.92734
0.51391 0.91440 -0.02335 0.03898 161.90305 0.00000 270.61291 -1.00000 0.00000 -999 161.90305
0.51391 0.91440 -0.02335 0.03897 161.90306 0.00000 270.61291 -1.00000 0.00000 -999 161.90306
0.50577 0.91440 -0.02168 0.00842 166.98294 0.00000 270.60097 -1.00000 0.00000 -999 166.98294
0.50577 0.91440 -0.02168 0.00842 166.98296 0.00000 270.60097 -1.00000 0.00000 -999 166.98296
0.49762 0.91440 -0.02003 -0.01908 172.06137 0.00000 270.58888 -1.00000 0.00000 -999 172.06137
0.49762 0.91440 -0.02003 -0.01909 172.06138 0.00000 270.58888 -1.00000 0.00000 -999 172.06138
0.49762 0.91440 -0.02003 -0.01909 172.06139 0.00000 270.58888 -1.00000 0.00000 -999 172.06139
0.48947 0.91440 -0.01840 -0.04444 176.27712 0.00000 270.57836 -1.00000 0.00000 -999 176.27712
0.48132 0.91440 -0.01679 -0.06781 179.37975 0.00000 270.57026 -1.00000 0.00000 -999 179.37975
0.48132 0.91440 -0.01679 -0.06781 179.37976 0.00000 270.57026 -1.00000 0.00000 -999 179.37976
0.47317 0.91440 -0.01520 -0.08967 182.22772 0.00000 270.56258 -1.00000 0.00000 -999 182.22772
0.47317 0.91440 -0.01520 -0.08967 182.22773 0.00000 270.56258 -1.00000 0.00000 -999 182.22773
0.46501 0.91440 -0.01362 -0.11019 185.32551 0.00000 270.55394 -1.00000 0.00000 -999 185.32551
0.46501 0.91440 -0.01362 -0.11019 185.32552 0.00000 270.55394 -1.00000 0.00000 -999 185.32552
0.45685 0.91440 -0.01206 -0.12964 188.33228 0.00000 270.54532 -1.00000 0.00000 -999 188.33228
0.45685 0.91440 -0.01206 -0.12964 188.33228 0.00000 270.54532 -1.00000 0.00000 -999 188.33228
0.44868 0.91440 -0.01052 -0.14817 190.88229 0.00000 270.53783 -1.00000 0.00000 -999 190.88229
0.44868 0.91440 -0.01052 -0.14817 190.88230 0.00000 270.53783 -1.00000 0.00000 -999 190.88230
0.44052 0.91440 -0.00900 -0.16596 193.28603 0.00000 270.53064 -1.00000 0.00000 -999 193.28603
0.44052 0.91440 -0.00900 -0.16596 193.28604 0.00000 270.53064 -1.00000 0.00000 -999 193.28604
0.43235 0.91440 -0.00749 -0.18313 195.57230 0.00000 270.52369 -1.00000 0.00000 -999 195.57230
0.43235 0.91440 -0.00749 -0.18313 195.57231 0.00000 270.52369 -1.00000 0.00000 -999 195.57231
0.42417 0.91440 -0.00600 -0.19978 197.76544 0.00000 270.51695 -1.00000 0.00000 -999 197.76544
0.42417 0.91440 -0.00600 -0.19978 197.76545 0.00000 270.51695 -1.00000 0.00000 -999 197.76545
0.41599 0.91440 -0.00452 -0.21601 199.88734 0.00000 270.51038 -1.00000 0.00000 -999 199.88734
0.41599 0.91440 -0.00452 -0.21601 199.88734 0.00000 270.51038 -1.00000 0.00000 -999 199.88734
0.40781 0.91440 -0.00306 -0.23190 201.95619 0.00000 270.50394 -1.00000 0.00000 -999 201.95619
0.40781 0.91440 -0.00306 -0.23190 201.95619 0.00000 270.50394 -1.00000 0.00000 -999 201.95619
0.40781 0.91440 -0.00306 -0.23190 201.95620 0.00000 270.50394 -1.00000 0.00000 -999 201.95620
0.39963 0.91440 -0.00162 -0.24753 203.98588 0.00000 270.49760 -1.00000 0.00000 -999 203.98588
0.39144 0.91440 -0.00020 -0.26293 205.99125 0.00000 270.49135 -1.00000 0.00000 -999 205.99125
0.39144 0.91440 -0.00020 -0.26293 205.99126 0.00000 270.49135 -1.00000 0.00000 -999 205.99126
0.38326 0.91440 0.00121 -0.27821 207.98519 0.00000 270.48514 -1.00000 0.00000 -999 207.98519
0.38326 0.91440 0.00121 -0.27821 207.98519 0.00000 270.48514 -1.00000 0.00000 -999 207.98519
0.37506 0.91440 0.00260 -0.29338 209.97448 0.00000 270.47898 -1.00000 0.00000 -999 209.97448
0.37506 0.91440 0.00260 -0.29338 209.97448 0.00000 270.47898 -1.00000 0.00000 -999 209.97448
0.36687 0.91440 0.00397 -0.30848 211.96863 0.00000 270.47283 -1.00000 0.00000 -999 211.96863
0.36687 0.91440 0.00397 -0.30848 211.96864 0.00000 270.47283 -1.00000 0.00000 -999 211.96864
0.35867 0.91440 0.00533 -0.32358 213.97953 0.00000 270.46669 -1.00000 0.00000 -999 213.97953
0.35867 0.91440 0.00533 -0.32358 213.97954 0.00000 270.46669 -1.00000 0.00000 -999 213.97954
0.35047 0.91440 0.00666 -0.33873 216.01075 0.00000 270.46052 -1.00000 0.00000 -999 216.01075
0.35047 0.91440 0.00666 -0.33873 216.01076 0.00000 270.46052 -1.00000 0.00000 -999 216.01076
0.34227 0.91440 0.00798 -0.35391 218.06356 0.00000 270.45433 -1.00000 0.00000 -999 218.06356
0.34227 0.91440 0.00798 -0.35391 218.06356 0.00000 270.45433 -1.00000 0.00000 -999 218.06356
0.33406 0.91440 0.00928 -0.36920 220.14249 0.00000 270.44810 -1.00000 0.00000 -999 220.14249
0.33406 0.91440 0.00928 -0.36920 220.14249 0.00000 270.44810 -1.00000 0.00000 -999 220.14249
0.33406 0.91440 0.00928 -0.36920 220.14250 0.00000 270.44810 -1.00000 0.00000 -999 220.14250
0.32585 0.91440 0.01056 -0.38460 222.25101 0.00000 270.44181 -1.00000 0.00000 -999 222.25101
0.32585 0.91440 0.01056 -0.38460 222.25101 0.00000 270.44181 -1.00000 0.00000 -999 222.25101
0.31763 0.91440 0.01181 -0.40016 224.39121 0.00000 270.43545 -1.00000 0.00000 -999 224.39121
0.31763 0.91440 0.01181 -0.40016 224.39121 0.00000 270.43545 -1.00000 0.00000 -999 224.39121
0.30942 0.91440 0.01305 -0.41591 226.56455 0.00000 270.42901 -1.00000 0.00000 -999 226.56455
0.30942 0.91440 0.01305 -0.41591 226.56456 0.00000 270.42901 -1.00000 0.00000 -999 226.56456
0.30120 0.91440 0.01426 -0.43187 228.77156 0.00000 270.42248 -1.00000 0.00000 -999 228.77156
0.30120 0.91440 0.01426 -0.43187 228.77157 0.00000 270.42248 -1.00000 0.00000 -999 228.77157
0.29297 0.91440 0.01545 -0.44806 231.01110 0.00000 270.41585 -1.00000 0.00000 -999 231.01110
0.29297 0.91440 0.01545 -0.44806 231.01111 0.00000 270.41585 -1.00000 0.00000 -999 231.01111
0.28475 0.91440 0.01662 -0.46452 233.28231 0.00000 270.40911 -1.00000 0.00000 -999 233.28231
0.28475 0.91440 0.01662 -0.46452 233.28232 0.00000 270.40911 -1.00000 0.00000 -999 233.28232
0.27652 0.91440 0.01776 -0.48127 235.58844 0.00000 270.40224 -1.00000 0.00000 -999 235.58844
0.27652 0.91440 0.01776 -0.48127 235.58845 0.00000 270.40224 -1.00000 0.00000 -999 235.58845
0.26828 0.91440 0.01888 -0.49834 237.93743 0.00000 270.39524 -1.00000 0.00000 -999 237.93743
0.26828 0.91440 0.01888 -0.49834 237.93744 0.00000 270.39524 -1.00000 0.00000 -999 237.93744
0.26005 0.91440 0.01996 -0.51573 240.34103 0.00000 270.38809 -1.00000 0.00000 -999 240.34103
0.26005 0.91440 0.01996 -0.51573 240.34104 0.00000 270.38809 -1.00000 0.00000 -999 240.34104
0.25180 0.91440 0.02102 -0.53348 242.81551 0.00000 270.38079 -1.00000 0.00000 -999 242.81551
0.25180 0.91440 0.02102 -0.53348 242.81551 0.00000 270.38079 -1.00000 0.00000 -999 242.81551
0.24356 0.91440 0.02204 -0.55162 245.37930 0.00000 270.37333 -1.00000 0.00000 -999 245.37930
0.23531 0.91440 0.02304 -0.57017 248.04890 0.00000 270.36569 -1.00000 0.00000 -999 248.04890
0.23531 0.91440 0.02304 -0.57017 248.04891 0.00000 270.36569 -1.00000 0.00000 -999 248.04891
0.23531 0.91440 0.02304 -0.57017 248.04891 0.00000 270.36569 -1.00000 0.00000 -999 248.04891
0.22706 0.91440 0.02400 -0.58914 250.83642 0.00000 270.35786 -1.00000 0.00000 -999 250.83642
0.22706 0.91440 0.02400 -0.58914 250.83643 0.00000 270.35786 -1.00000 0.00000 -999 250.83643
0.21880 0.91440 0.02492 -0.60859 253.74506 0.00000 270.34984 -1.00000 0.00000 -999 253.74506
0.21880 0.91440 0.02492 -0.60859 253.74507 0.00000 270.34984 -1.00000 0.00000 -999 253.74507
0.21054 0.91440 0.02580 -0.62852 256.76349 0.00000 270.34160 -1.00000 0.00000 -999 256.76349
0.20227 0.91440 0.02665 -0.64899 259.86537 0.00000 270.33315 -1.00000 0.00000 -999 259.86537
0.20227 0.91440 0.02665 -0.64899 259.86538 0.00000 270.33315 -1.00000 0.00000 -999 259.86538
0.19400 0.91440 0.02745 -0.66993 263.00342 0.00000 270.32446 -1.00000 0.00000 -999 263.00342
0.19400 0.91440 0.02745 -0.66993 263.00342 0.00000 270.32446 -1.00000 0.00000 -999 263.00342
0.18572 0.91440 0.02820 -0.69156 266.10578 0.00000 270.31554 -1.00000 0.00000 -999 266.10578
0.18572 0.91440 0.02820 -0.69156 266.10578 0.00000 270.31554 -1.00000 0.00000 -999 266.10578
0.17766 0.91440 0.02889 -0.71338 269.11343 0.00000 270.30656 -1.00000 0.00000 -999 269.11343
0.17766 0.91440 0.02889 -0.71338 269.11344 0.00000 270.30656 -1.00000 0.00000 -999 269.11344
0.16997 0.91440 0.02950 -0.73472 272.00175 0.00000 270.29769 -1.00000 0.00000 -999 272.00175
0.16997 0.91440 0.02950 -0.73472 272.00176 0.00000 270.29769 -1.00000 0.00000 -999 272.00176
0.16265 0.91440 0.03004 -0.75567 274.78045 0.00000 270.28898 -1.00000 0.00000 -999 274.78045
0.16265 0.91440 0.03004 -0.75567 274.78046 0.00000 270.28898 -1.00000 0.00000 -999 274.78046
0.15567 0.91440 0.03051 -0.77624 277.48649 0.00000 270.28042 -1.00000 0.00000 -999 277.48649
0.15567 0.91440 0.03051 -0.77624 277.48650 0.00000 270.28042 -1.00000 0.00000 -999 277.48650
0.14903 0.91440 0.03092 -0.79641 280.16292 0.00000 270.27202 -1.00000 0.00000 -999 280.16292
0.14903 0.91440 0.03092 -0.79641 280.16292 0.00000 270.27202 -1.00000 0.00000 -999 280.16292
0.14269 0.91440 0.03127 -0.81618 282.84579 0.00000 270.26377 -1.00000 0.00000 -999 282.84579
0.14269 0.91440 0.03127 -0.81618 282.84579 0.00000 270.26377 -1.00000 0.00000 -999 282.84579
0.13666 0.91440 0.03156 -0.83561 285.55371 0.00000 270.25567 -1.00000 0.00000 -999 285.55371
0.13666 0.91440 0.03156 -0.83561 285.55372 0.00000 270.25567 -1.00000 0.00000 -999 285.55372
0.13091 0.91440 0.03181 -0.85462 288.28640 0.00000 270.24773 -1.00000 0.00000 -999 288.28640
0.13091 0.91440 0.03181 -0.85462 288.28640 0.00000 270.24773 -1.00000 0.00000 -999 288.28640
0.12544 0.91440 0.03201 -0.87328 291.03279 0.00000 270.23992 -1.00000 0.00000 -999 291.03279
0.12544 0.91440 0.03201 -0.87328 291.03279 0.00000 270.23992 -1.00000 0.00000 -999 291.03279
0.12022 0.91440 0.03217 -0.89161 293.77606 0.00000 270.23226 -1.00000 0.00000 -999 293.77606
0.12022 0.91440 0.03217 -0.89161 293.77607 0.00000 270.23226 -1.00000 0.00000 -999 293.77607
0.11525 0.91440 0.03228 -0.90952 296.50463 0.00000 270.22473 -1.00000 0.00000 -999 296.50463
0.11525 0.91440 0.03228 -0.90952 296.50464 0.00000 270.22473 -1.00000 0.00000 -999 296.50464
0.11525 0.91440 0.03228 -0.90952 296.50465 0.00000 270.22473 -1.00000 0.00000 -999 296.50465
0.11052 0.91440 0.03237 -0.92728 299.21274 0.00000 270.21732 -1.00000 0.00000 -999 299.21274
0.10601 0.91440 0.03242 -0.94443 301.90482 0.00000 270.21007 -1.00000 0.00000 -999 301.90482
0.10601 0.91440 0.03242 -0.94443 301.90483 0.00000 270.21007 -1.00000 0.00000 -999 301.90483
0.10172 0.91440 0.03244 -0.96156 304.59616 0.00000 270.20294 -1.00000 0.00000 -999 304.59616
0.10172 0.91440 0.03244 -0.96156 304.59616 0.00000 270.20294 -1.00000 0.00000 -999 304.59616
0.09763 0.91440 0.03244 -0.97799 307.29286 0.00000 270.19593 -1.00000 0.00000 -999 307.29286
0.09763 0.91440 0.03244 -0.97799 307.29287 0.00000 270.19593 -1.00000 0.00000 -999 307.29287
0.09374 0.91440 0.03241 -0.99481 310.00120 0.00000 270.18899 -1.00000 0.00000 -999 310.00120
0.09374 0.91440 0.03241 -0.99481 310.00121 0.00000 270.18899 -1.00000 0.00000 -999 310.00121
0.09003 0.91440 0.03235 -1.01057 312.70757 0.00000 270.18212 -1.00000 0.00000 -999 312.70757
0.09003 0.91440 0.03235 -1.01057 312.70758 0.00000 270.18212 -1.00000 0.00000 -999 312.70758
0.09003 0.91440 0.03235 -1.01057 312.70758 0.00000 270.18212 -1.00000 0.00000 -999 312.70758
0.08618 0.91440 0.03227 -1.02769 315.39710 0.00000 270.17496 -1.00000 0.00000 -999 315.39710
0.08234 0.91440 0.03217 -1.04559 318.21466 0.00000 270.16743 -1.00000 0.00000 -999 318.21466
0.08234 0.91440 0.03217 -1.04559 318.21467 0.00000 270.16743 -1.00000 0.00000 -999 318.21467
0.07849 0.91440 0.03203 -1.06405 321.30675 0.00000 270.15961 -1.00000 0.00000 -999 321.30675
0.07849 0.91440 0.03203 -1.06405 321.30676 0.00000 270.15961 -1.00000 0.00000 -999 321.30676
0.07465 0.91440 0.03187 -1.08328 324.72632 0.00000 270.15148 -1.00000 0.00000 -999 324.72632
0.07465 0.91440 0.03187 -1.08328 324.72633 0.00000 270.15148 -1.00000 0.00000 -999 324.72633
0.07080 0.91440 0.03167 -1.10338 328.45784 0.00000 270.14297 -1.00000 0.00000 -999 328.45784
0.07080 0.91440 0.03167 -1.10338 328.45785 0.00000 270.14297 -1.00000 0.00000 -999 328.45785
0.06696 0.91440 0.03144 -1.12438 332.44692 0.00000 270.13407 -1.00000 0.00000 -999 332.44692
0.06696 0.91440 0.03144 -1.12438 332.44693 0.00000 270.13407 -1.00000 0.00000 -999 332.44693
0.06312 0.91440 0.03117 -1.14633 336.64005 0.00000 270.12472 -1.00000 0.00000 -999 336.64005
0.06312 0.91440 0.03117 -1.14633 336.64006 0.00000 270.12472 -1.00000 0.00000 -999 336.64006
0.05929 0.91440 0.03087 -1.16967 341.42778 0.00000 270.11387 -1.00000 0.00000 -999 341.42778
0.05929 0.91440 0.03087 -1.16967 341.42779 0.00000 270.11387 -1.00000 0.00000 -999 341.42779
0.05929 0.91440 0.03087 -1.16967 341.42780 0.00000 270.11387 -1.00000 0.00000 -999 341.42780
0.05545 0.91440 0.03052 -1.19405 346.55511 0.00000 270.10202 -1.00000 0.00000 -999 346.55511
0.05545 0.91440 0.03052 -1.19405 346.55513 0.00000 270.10202 -1.00000 0.00000 -999 346.55513
0.05163 0.91440 0.03012 -1.22018 351.34262 0.00000 270.09076 -1.00000 0.00000 -999 351.34262
0.05163 0.91440 0.03012 -1.22018 351.34263 0.00000 270.09076 -1.00000 0.00000 -999 351.34263
0.04780 0.91440 0.02967 -1.24782 356.43467 0.00000 270.07874 -1.00000 0.00000 -999 356.43467
0.04780 0.91440 0.02967 -1.24782 356.43469 0.00000 270.07874 -1.00000 0.00000 -999 356.43469
0.04399 0.91440 0.02917 -1.27758 360.65391 0.00000 270.06882 -1.00000 0.00000 -999 360.65391
0.04018 0.91440 0.02861 -1.30932 365.18575 0.00000 270.05826 -1.00000 0.00000 -999 365.18575
0.04018 0.91440 0.02861 -1.30932 365.18577 0.00000 270.05826 -1.00000 0.00000 -999 365.18577
0.03638 0.91440 0.02798 -1.34413 371.41822 0.00000 270.04369 -1.00000 0.00000 -999 371.41822
0.03638 0.91440 0.02798 -1.34413 371.41823 0.00000 270.04369 -1.00000 0.00000 -999 371.41823
0.03260 0.91440 0.02728 -1.38100 378.15941 0.00000 270.02793 -1.00000 0.00000 -999 378.15941
0.03260 0.91440 0.02728 -1.38100 378.15943 0.00000 270.02793 -1.00000 0.00000 -999 378.15943
0.02883 0.91440 0.02649 -1.42282 385.53898 0.00125 269.61763 -1.00000 0.00000 -999 385.53898
0.02883 0.91440 0.02649 -1.42282 385.53901 0.00125 269.61763 -1.00000 0.00000 -999 385.53900
0.02509 0.91440 0.02559 -1.46565 411.09925 0.00531 268.81189 -0.33334 0.00015 -999 393.79119
0.02509 0.91440 0.02559 -1.46565 411.09935 0.00531 268.81189 -0.33333 0.00015 -999 393.79122
0.02138 0.91440 0.02458 -1.51632 482.78284 0.01498 268.34782 1.00000 0.00066 -999 403.05264
0.02138 0.91440 0.02458 -1.51632 482.78304 0.01498 268.34782 1.00000 0.00066 -999 403.05266
0.01771 0.91440 0.02342 -1.56284 564.62509 0.02765 268.46925 1.00000 0.00125 -999 413.40592
0.01771 0.91440 0.02342 -1.56284 564.62530 0.02765 268.46925 1.00000 0.00125 -999 413.40595
0.01410 0.91440 0.02208 -1.62062 667.35531 0.04373 268.58258 1.00000 0.00201 -999 425.15215
0.01410 0.91440 0.02208 -1.62062 667.35561 0.04373 268.58258 1.00000 0.00201 -999 425.15219
0.01059 0.91440 0.02051 -1.64441 786.82755 0.06439 268.71104 1.00000 0.00300 -999 437.11337
0.01059 0.91440 0.02051 -1.64441 786.82784 0.06439 268.71104 1.00000 0.00300 -999 437.11340
0.00723 0.91440 0.01863 -1.64549 923.02058 0.10271 268.97291 1.00000 0.00477 -999 446.38941
0.00723 0.91440 0.01863 -1.64549 923.02101 0.10271 268.97291 1.00000 0.00477 -999 446.38943
0.00464 0.91440 0.01674 -1.55766 1087.56141 0.19681 269.69302 1.00000 0.00884 -999 456.05525
0.00464 0.91440 0.01674 -1.55766 1087.56177 0.19681 269.69302 1.00000 0.00884 -999 456.05528
0.00277 0.91440 0.01488 -1.31970 1181.55860 0.32475 270.71041 1.00000 0.01338 -999 475.77250
0.00277 0.91440 0.01488 -1.31970 1181.55882 0.32475 270.71042 1.00000 0.01338 -999 475.77256
0.00147 0.91440 0.01304 -0.90474 1249.51641 0.45006 271.70368 1.00000 0.01553 -999 501.06752
0.00147 0.91440 0.01304 -0.90474 1249.51654 0.45007 271.70368 1.00000 0.01553 -999 501.06757
0.00068 0.91440 0.01119 -0.33557 1244.17797 0.59200 272.75988 0.91091 0.01309 -999 503.72498
0.00068 0.91440 0.01119 -0.33557 1244.17788 0.59200 272.75988 0.91091 0.01309 -999 503.72496
0.00032 0.91440 0.00930 0.25495 1003.41753 0.69443 273.15000 0.63352 0.00627 -999 467.47656
0.00032 0.91440 0.00930 0.25495 1003.41697 0.69443 273.15000 0.63352 0.00627 -999 467.47648
0.00041 0.91440 0.00737 0.72797 613.44625 0.73794 273.15000 0.37191 0.00175 -999 415.88227
0.00041 0.91440 0.00737 0.72797 613.44534 0.73794 273.15000 0.37191 0.00175 -999 415.88214
0.00041 0.91440 0.00737 0.72797 613.44474 0.73794 273.15000 0.37191 0.00175 -999 415.88201
0.00095 0.91440 0.00542 0.97872 394.69894 0.72267 273.15000 0.26123 0.00025 -999 367.48873
0.00199 0.91440 0.00341 1.03921 328.93181 0.66315 273.15000 0.24434 0.00001 -999 328.28706
0.00199 0.91440 0.00341 1.03921 328.93165 0.66315 273.15000 0.24434 0.00001 -999 328.28696
0.00360 0.91440 0.00130 0.96041 307.80388 0.58544 273.15000 0.25780 0.00015 -999 294.77381
0.00360 0.91440 0.00130 0.96041 307.80382 0.58544 273.15000 0.25780 0.00015 -999 294.77373
0.00592 0.91440 -0.00095 0.81669 304.58259 0.49633 273.15000 0.29740 0.00048 -999 266.42275
0.00592 0.91440 -0.00095 0.81669 304.58258 0.49633 273.15000 0.29740 0.00048 -999 266.42268
0.00901 0.91440 -0.00328 0.65660 309.06657 0.40914 273.15000 0.35649 0.00086 -999 246.26631
0.00901 0.91440 -0.00328 0.65660 309.06657 0.40914 273.15000 0.35649 0.00086 -999 246.26625
0.01229 0.91440 -0.00533 0.52719 320.80311 0.33634 273.15000 0.44220 0.00121 -999 236.59617
0.01229 0.91440 -0.00533 0.52718 320.80314 0.33634 273.15000 0.44220 0.00121 -999 236.59615
0.01569 0.91440 -0.00716 0.42565 345.09626 0.28457 273.15000 0.54778 0.00156 -999 237.45767
0.01569 0.91440 -0.00716 0.42565 345.09632 0.28457 273.15000 0.54778 0.00156 -999 237.45767
0.01569 0.91440 -0.00716 0.42565 345.09641 0.28457 273.15000 0.54778 0.00156 -999 237.45769
0.01919 0.91440 -0.00882 0.34290 380.77216 0.24585 273.15000 0.68979 0.00194 -999 244.86893
0.02274 0.91440 -0.01034 0.27561 420.41052 0.21279 273.15000 0.87722 0.00235 -999 253.69305
0.02274 0.91440 -0.01034 0.27561 420.41062 0.21279 273.15000 0.87722 0.00235 -999 253.69307
0.02634 0.91440 -0.01175 0.21911 443.10295 0.18422 272.79434 0.99472 0.00251 -999 261.28323
0.02634 0.91440 -0.01175 0.21911 443.10301 0.18422 272.79434 0.99472 0.00251 -999 261.28325
0.02634 0.91440 -0.01175 0.21911 443.10301 0.18422 272.79434 0.99472 0.00251 -999 261.28327
0.02998 0.91440 -0.01306 0.17164 441.68330 0.16271 272.25543 1.00000 0.00236 -999 266.34291
0.03365 0.91440 -0.01429 0.13078 433.44249 0.14116 271.86965 1.00000 0.00214 -999 269.97812
0.03365 0.91440 -0.01429 0.13078 433.44246 0.14116 271.86965 1.00000 0.00214 -999 269.97813
0.03734 0.91440 -0.01544 0.09559 423.56318 0.12245 271.53467 1.00000 0.00194 -999 272.58254
0.03734 0.91440 -0.01544 0.09559 423.56316 0.12245 271.53467 1.00000 0.00194 -999 272.58255
0.04105 0.91440 -0.01653 0.06487 413.11466 0.10625 271.23267 1.00000 0.00175 -999 274.55263
0.04106 0.91440 -0.01653 0.06487 413.11463 0.10625 271.23267 1.00000 0.00175 -999 274.55263
0.04106 0.91440 -0.01653 0.06487 413.11459 0.10625 271.23267 1.00000 0.00175 -999 274.55264
0.04478 0.91440 -0.01755 0.03784 395.86703 0.08851 270.91867 1.00000 0.00150 -999 275.45560
0.04853 0.91440 -0.01853 0.01394 380.99681 0.07531 270.68368 1.00000 0.00130 -999 275.59022
0.04853 0.91440 -0.01853 0.01394 380.99676 0.07531 270.68368 1.00000 0.00130 -999 275.59022
0.05228 0.91440 -0.01945 -0.00730 367.80857 0.06439 270.47289 1.00000 0.00114 -999 275.28958
0.05228 0.91440 -0.01945 -0.00730 367.80854 0.06439 270.47289 1.00000 0.00114 -999 275.28958
0.05605 0.91440 -0.02033 -0.02634 355.53013 0.05514 270.28401 1.00000 0.00099 -999 274.67405
0.05605 0.91440 -0.02033 -0.02634 355.53009 0.05514 270.28401 1.00000 0.00099 -999 274.67405
0.05982 0.91440 -0.02117 -0.04329 342.46675 0.04585 270.09152 1.00000 0.00084 -999 273.94159
0.05982 0.91440 -0.02117 -0.04329 342.46673 0.04585 270.09152 1.00000 0.00084 -999 273.94159
0.06361 0.91440 -0.02197 -0.05865 337.77096 0.04267 270.01684 1.00000 0.00080 -999 273.06294
0.06361 0.91440 -0.02197 -0.05865 337.77094 0.04267 270.01684 1.00000 0.00080 -999 273.06294
0.06361 0.91440 -0.02197 -0.05865 337.77094 0.04267 270.01684 1.00000 0.00080 -999 273.06294
0.06740 0.91440 -0.02274 -0.07247 332.86675 0.03956 269.94416 1.00000 0.00075 -999 272.15150
0.06740 0.91440 -0.02274 -0.07247 332.86673 0.03956 269.94416 1.00000 0.00075 -999 272.15149
0.07120 0.91440 -0.02347 -0.08495 330.31499 0.03818 269.90953 1.00000 0.00073 -999 271.15736
0.07120 0.91440 -0.02347 -0.08495 330.31498 0.03818 269.90953 1.00000 0.00073 -999 271.15736
0.07500 0.91440 -0.02417 -0.09626 325.55204 0.03551 269.84525 1.00000 0.00069 -999 270.13454
0.07881 0.91440 -0.02483 -0.10657 319.58528 0.03209 269.76687 1.00000 0.00063 -999 269.21443
0.07881 0.91440 -0.02483 -0.10657 319.58526 0.03209 269.76687 1.00000 0.00063 -999 269.21442
0.08262 0.91440 -0.02547 -0.11585 315.89724 0.03029 269.72474 1.00000 0.00060 -999 268.10301
0.08262 0.91440 -0.02547 -0.11585 315.89723 0.03029 269.72474 1.00000 0.00060 -999 268.10301
0.08644 0.91440 -0.02609 -0.12440 311.02485 0.02782 269.66481 1.00000 0.00055 -999 266.95852
0.08644 0.91440 -0.02609 -0.12440 311.02483 0.02782 269.66481 1.00000 0.00055 -999 266.95852
0.09021 0.91440 -0.02667 -0.13205 308.13239 0.02665 269.63649 1.00000 0.00053 -999 265.79276
0.09021 0.91440 -0.02667 -0.13205 308.13238 0.02665 269.63649 1.00000 0.00053 -999 265.79275
0.09416 0.91440 -0.02725 -0.13908 304.92482 0.02533 269.60359 1.00000 0.00051 -999 264.61437
0.09416 0.91440 -0.02725 -0.13908 304.92481 0.02533 269.60359 1.00000 0.00051 -999 264.61437
0.09416 0.91440 -0.02725 -0.13908 304.92480 0.02533 269.60359 1.00000 0.00051 -999 264.61437
0.09832 0.91440 -0.02783 -0.14603 298.08233 0.02174 269.51374 1.00000 0.00044 -999 263.40786
0.09832 0.91440 -0.02783 -0.14603 298.08232 0.02174 269.51374 1.00000 0.00044 -999 263.40786
0.10270 0.91440 -0.02842 -0.15245 294.39408 0.02018 269.47446 1.00000 0.00041 -999 262.16038
0.10270 0.91440 -0.02842 -0.15245 294.39407 0.02018 269.47446 1.00000 0.00041 -999 262.16038
0.10729 0.91440 -0.02901 -0.15852 289.90805 0.01817 269.42222 1.00000 0.00037 -999 260.86401
0.11212 0.91440 -0.02959 -0.16416 285.81477 0.01645 269.37714 1.00000 0.00034 -999 259.51050
0.11212 0.91440 -0.02959 -0.16416 285.81476 0.01645 269.37714 1.00000 0.00034 -999 259.51050
0.11212 0.91440 -0.02959 -0.16416 285.81475 0.01645 269.37714 1.00000 0.00034 -999 259.51049
0.11719 0.91440 -0.03017 -0.16935 282.54235 0.01530 269.34676 1.00000 0.00032 -999 258.09968
0.11719 0.91440 -0.03017 -0.16935 282.54234 0.01530 269.34676 1.00000 0.00032 -999 258.09968
0.12252 0.91440 -0.03075 -0.17406 277.76782 0.01324 269.28984 1.00000 0.00027 -999 256.64647
0.12812 0.91440 -0.03132 -0.17828 271.49298 0.01025 269.20543 1.00000 0.00021 -999 255.17640
0.12812 0.91440 -0.03132 -0.17828 271.49296 0.01025 269.20543 1.00000 0.00021 -999 255.17639
0.13400 0.91440 -0.03188 -0.18200 266.94537 0.00833 269.15068 1.00000 0.00017 -999 253.71628
0.13400 0.91440 -0.03188 -0.18200 266.94536 0.00833 269.15068 1.00000 0.00017 -999 253.71628
0.14019 0.91440 -0.03243 -0.18521 264.21744 0.00741 269.12426 1.00000 0.00016 -999 252.47054
0.14019 0.91440 -0.03243 -0.18521 264.21743 0.00741 269.12426 1.00000 0.00016 -999 252.47053
0.14668 0.91440 -0.03297 -0.18787 258.38444 0.00542 269.16390 0.50000 0.00010 -999 250.86452
0.14668 0.91440 -0.03297 -0.18787 258.38442 0.00542 269.16390 0.50000 0.00010 -999 250.86451
0.14668 0.91440 -0.03297 -0.18787 258.38442 0.00542 269.16390 0.50000 0.00010 -999 250.86451
0.15350 0.91440 -0.03349 -0.19002 251.21963 0.00310 269.24930 -0.33333 0.00003 -999 249.11141
0.15350 0.91440 -0.03349 -0.19002 251.21962 0.00310 269.24930 -0.33333 0.00003 -999 249.11141
0.16067 0.91440 -0.03400 -0.19157 247.94894 0.00175 269.75030 -1.00000 0.00000 -999 247.94894
0.16820 0.91440 -0.03448 -0.19259 246.71967 0.00064 270.23607 -1.00000 0.00000 -999 246.71967
0.16820 0.91440 -0.03448 -0.19259 246.71966 0.00064 270.23607 -1.00000 0.00000 -999 246.71966
0.17610 0.91440 -0.03494 -0.19299 244.64522 0.00000 270.51972 -1.00000 0.00000 -999 244.64522
0.17610 0.91440 -0.03494 -0.19299 244.64521 0.00000 270.51973 -1.00000 0.00000 -999 244.64521
0.17610 0.91440 -0.03494 -0.19299 244.64521 0.00000 270.51973 -1.00000 0.00000 -999 244.64521
0.18433 0.91440 -0.03537 -0.19277 242.59827 0.00000 270.51980 -1.00000 0.00000 -999 242.59827
0.18433 0.91440 -0.03537 -0.19277 242.59827 0.00000 270.51980 -1.00000 0.00000 -999 242.59827
0.19255 0.91440 -0.03576 -0.19220 240.98316 0.00000 270.52004 -1.00000 0.00000 -999 240.98316
0.19255 0.91440 -0.03576 -0.19220 240.98316 0.00000 270.52004 -1.00000 0.00000 -999 240.98316
0.20078 0.91440 -0.03609 -0.19099 239.13599 0.00000 270.52050 -1.00000 0.00000 -999 239.13599
0.20078 0.91440 -0.03609 -0.19099 239.13598 0.00000 270.52050 -1.00000 0.00000 -999 239.13598
0.20900 0.91440 -0.03639 -0.18944 237.34905 0.00000 270.52114 -1.00000 0.00000 -999 237.34905
0.20900 0.91440 -0.03639 -0.18944 237.34904 0.00000 270.52114 -1.00000 0.00000 -999 237.34904
0.21723 0.91440 -0.03665 -0.18746 235.63911 0.00000 270.52192 -1.00000 0.00000 -999 235.63911
0.21723 0.91440 -0.03665 -0.18746 235.63911 0.00000 270.52192 -1.00000 0.00000 -999 235.63911
0.22546 0.91440 -0.03687 -0.18519 234.00261 0.00000 270.52284 -1.00000 0.00000 -999 234.00261
0.23369 0.91440 -0.03706 -0.18261 232.42359 0.00000 270.52388 -1.00000 0.00000 -999 232.42359
0.23369 0.91440 -0.03706 -0.18261 232.42359 0.00000 270.52388 -1.00000 0.00000 -999 232.42359
0.24193 0.91440 -0.03721 -0.17979 230.88067 0.00000 270.52502 -1.00000 0.00000 -999 230.88067
0.24193 0.91440 -0.03721 -0.17979 230.88066 0.00000 270.52502 -1.00000 0.00000 -999 230.88066
0.24193 0.91440 -0.03721 -0.17979 230.88066 0.00000 270.52502 -1.00000 0.00000 -999 230.88066
0.25016 0.91440 -0.03733 -0.17674 229.35402 0.00000 270.52625 -1.00000 0.00000 -999 229.35402
0.25839 0.91440 -0.03742 -0.17350 227.83068 0.00000 270.52755 -1.00000 0.00000 -999 227.83068
0.25839 0.91440 -0.03742 -0.17350 227.83068 0.00000 270.52755 -1.00000 0.00000 -999 227.83068
0.26662 0.91440 -0.03749 -0.17009 226.30617 0.00000 270.52893 -1.00000 0.00000 -999 226.30617
0.26662 0.91440 -0.03749 -0.17009 226.30616 0.00000 270.52893 -1.00000 0.00000 -999 226.30616
0.27486 0.91440 -0.03752 -0.16651 224.78180 0.00000 270.53038 -1.00000 0.00000 -999 224.78180
0.27486 0.91440 -0.03752 -0.16651 224.78179 0.00000 270.53038 -1.00000 0.00000 -999 224.78179
0.27486 0.91440 -0.03752 -0.16651 224.78179 0.00000 270.53038 -1.00000 0.00000 -999 224.78179
0.28309 0.91440 -0.03753 -0.16278 223.26266 0.00000 270.53188 -1.00000 0.00000 -999 223.26266
0.29132 0.91440 -0.03751 -0.15892 221.75807 0.00000 270.53344 -1.00000 0.00000 -999 221.75807
0.29132 0.91440 -0.03751 -0.15892 221.75807 0.00000 270.53344 -1.00000 0.00000 -999 221.75807
0.29956 0.91440 -0.03747 -0.15494 220.27986 0.00000 270.53505 -1.00000 0.00000 -999 220.27986
0.29956 0.91440 -0.03747 -0.15494 220.27986 0.00000 270.53505 -1.00000 0.00000 -999 220.27986
0.29956 0.91440 -0.03747 -0.15494 220.27985 0.00000 270.53505 -1.00000 0.00000 -999 220.27985
0.30779 0.91440 -0.03741 -0.15084 218.83856 0.00000 270.53670 -1.00000 0.00000 -999 218.83856
0.31602 0.91440 -0.03733 -0.14662 217.44083 0.00000 270.53840 -1.00000 0.00000 -999 217.44083
0.31602 0.91440 -0.03733 -0.14662 217.44082 0.00000 270.53840 -1.00000 0.00000 -999 217.44082
0.31602 0.91440 -0.03733 -0.14662 217.44082 0.00000 270.53840 -1.00000 0.00000 -999 217.44082
0.32425 0.91440 -0.03722 -0.14228 216.08837 0.00000 270.54015 -1.00000 0.00000 -999 216.08837
0.32425 0.91440 -0.03722 -0.14228 216.08837 0.00000 270.54015 -1.00000 0.00000 -999 216.08837
0.33249 0.91440 -0.03709 -0.13783 214.77960 0.00000 270.54195 -1.00000 0.00000 -999 214.77960
0.33249 0.91440 -0.03709 -0.13783 214.77960 0.00000 270.54195 -1.00000 0.00000 -999 214.77960
0.34072 0.91440 -0.03695 -0.13326 213.51103 0.00000 270.54379 -1.00000 0.00000 -999 213.51103
0.34072 0.91440 -0.03695 -0.13326 213.51102 0.00000 270.54379 -1.00000 0.00000 -999 213.51102
0.34895 0.91440 -0.03678 -0.12857 212.27678 0.00000 270.54568 -1.00000 0.00000 -999 212.27678
0.34895 0.91440 -0.03678 -0.12857 212.27678 0.00000 270.54568 -1.00000 0.00000 -999 212.27678
0.35718 0.91440 -0.03660 -0.12374 211.06811 0.00000 270.54763 -1.00000 0.00000 -999 211.06811
0.35718 0.91440 -0.03660 -0.12374 211.06810 0.00000 270.54763 -1.00000 0.00000 -999 211.06810
0.36541 0.91440 -0.03640 -0.11875 209.87674 0.00000 270.54964 -1.00000 0.00000 -999 209.87674
0.36541 0.91440 -0.03640 -0.11875 209.87674 0.00000 270.54964 -1.00000 0.00000 -999 209.87674
0.37364 0.91440 -0.03618 -0.11361 208.69728 0.00000 270.55171 -1.00000 0.00000 -999 208.69728
0.37364 0.91440 -0.03618 -0.11361 208.69728 0.00000 270.55171 -1.00000 0.00000 -999 208.69728
0.38187 0.91440 -0.03594 -0.10831 207.52280 0.00000 270.55385 -1.00000 0.00000 -999 207.52280
0.38187 0.91440 -0.03594 -0.10831 207.52280 0.00000 270.55385 -1.00000 0.00000 -999 207.52280
0.39010 0.91440 -0.03569 -0.10278 206.34183 0.00000 270.55608 -1.00000 0.00000 -999 206.34183
0.39010 0.91440 -0.03569 -0.10278 206.34183 0.00000 270.55608 -1.00000 0.00000 -999 206.34183
0.39833 0.91440 -0.03542 -0.09703 205.14562 0.00000 270.55840 -1.00000 0.00000 -999 205.14562
0.39833 0.91440 -0.03542 -0.09703 205.14561 0.00000 270.55840 -1.00000 0.00000 -999 205.14561
0.40656 0.91440 -0.03513 -0.09102 203.92887 0.00000 270.56082 -1.00000 0.00000 -999 203.92887
0.40656 0.91440 -0.03513 -0.09102 203.92887 0.00000 270.56082 -1.00000 0.00000 -999 203.92887
0.41478 0.91440 -0.03482 -0.08472 202.68424 0.00000 270.56336 -1.00000 0.00000 -999 202.68424
0.41478 0.91440 -0.03482 -0.08472 202.68423 0.00000 270.56336 -1.00000 0.00000 -999 202.68423
0.42301 0.91440 -0.03450 -0.07805 201.40094 0.00000 270.56605 -1.00000 0.00000 -999 201.40094
0.42301 0.91440 -0.03450 -0.07805 201.40094 0.00000 270.56605 -1.00000 0.00000 -999 201.40094
0.43124 0.91440 -0.03417 -0.07096 199.94002 0.00000 270.56918 -1.00000 0.00000 -999 199.94002
0.43124 0.91440 -0.03417 -0.07096 199.94002 0.00000 270.56918 -1.00000 0.00000 -999 199.94002
0.43946 0.91440 -0.03381 -0.06343 198.49787 0.00000 270.57235 -1.00000 0.00000 -999 198.49787
0.43946 0.91440 -0.03381 -0.06343 198.49787 0.00000 270.57235 -1.00000 0.00000 -999 198.49787
0.44769 0.91440 -0.03344 -0.05533 197.23271 0.00000 270.57520 -1.00000 0.00000 -999 197.23271
0.44769 0.91440 -0.03344 -0.05533 197.23271 0.00000 270.57520 -1.00000 0.00000 -999 197.23271
0.45591 0.91440 -0.03305 -0.04655 195.69617 0.00000 270.57873 -1.00000 0.00000 -999 195.69617
0.45591 0.91440 -0.03305 -0.04655 195.69617 0.00000 270.57873 -1.00000 0.00000 -999 195.69617
0.46413 0.91440 -0.03265 -0.03697 194.05695 0.00000 270.58259 -1.00000 0.00000 -999 194.05695
0.46413 0.91440 -0.03265 -0.03697 194.05694 0.00000 270.58259 -1.00000 0.00000 -999 194.05694
0.47236 0.91440 -0.03223 -0.02645 192.28984 0.00000 270.58684 -1.00000 0.00000 -999 192.28984
0.47236 0.91440 -0.03223 -0.02645 192.28984 0.00000 270.58684 -1.00000 0.00000 -999 192.28984
0.48058 0.91440 -0.03179 -0.01469 190.35785 0.00000 270.59157 -1.00000 0.00000 -999 190.35785
0.48058 0.91440 -0.03179 -0.01469 190.35785 0.00000 270.59157 -1.00000 0.00000 -999 190.35785
0.48880 0.91440 -0.03133 -0.00149 188.20933 0.00000 270.59692 -1.00000 0.00000 -999 188.20933
0.48880 0.91440 -0.03133 -0.00149 188.20933 0.00000 270.59692 -1.00000 0.00000 -999 188.20933
0.49702 0.91440 -0.03085 0.01375 185.76695 0.00000 270.60305 -1.00000 0.00000 -999 185.76695
0.49702 0.91440 -0.03085 0.01375 185.76694 0.00000 270.60305 -1.00000 0.00000 -999 185.76694
0.50524 0.91440 -0.03035 0.03142 182.64512 0.00000 270.61102 -1.00000 0.00000 -999 182.64512
0.50524 0.91440 -0.03035 0.03142 182.64512 0.00000 270.61102 -1.00000 0.00000 -999 182.64512
0.51345 0.91440 -0.02984 0.05292 179.78983 0.00000 270.61867 -1.00000 0.00000 -999 179.78983
0.52100 0.91440 -0.02935 0.07694 176.86528 0.00000 270.62680 -1.00000 0.00000 -999 176.86528
0.52100 0.91440 -0.02935 0.07694 176.86527 0.00000 270.62680 -1.00000 0.00000 -999 176.86527
0.52100 0.91440 -0.02935 0.07694 176.86526 0.00000 270.62680 -1.00000 0.00000 -999 176.86526
0.52572 0.91440 -0.02903 0.09592 173.49580 0.00000 270.63520 -1.00000 0.00000 -999 173.49580
0.52572 0.91440 -0.02903 0.09592 173.49579 0.00000 270.63520 -1.00000 0.00000 -999 173.49579
0.52867 0.91440 -0.02883 0.10962 171.21698 0.00000 270.64063 -1.00000 0.00000 -999 171.21698
0.52867 0.91440 -0.02883 0.10962 171.21698 0.00000 270.64063 -1.00000 0.00000 -999 171.21698
0.53051 0.91440 -0.02871 0.11776 170.14524 0.00000 270.64467 -1.00000 0.00000 -999 170.14524
0.53051 0.91440 -0.02871 0.11776 170.14523 0.00000 270.64467 -1.00000 0.00000 -999 170.14523
0.53166 0.91440 -0.02863 0.12935 168.47047 0.00000 270.64648 -1.00000 0.00000 -999 168.47047
0.53166 0.91440 -0.02863 0.12935 168.47047 0.00000 270.64648 -1.00000 0.00000 -999 168.47047
0.53238 0.91440 -0.02858 0.11269 166.67029 0.00000 270.64530 -1.00000 0.00000 -999 166.67029

ZONE T="SLICE_Y_0p9144_BINS07_KS_VAR_CUTDATA"
0.53247 0.91440 -0.02724 0.10435 149.72343 0.00000 270.64203 -1.00000 0.00000 -999 149.72343
0.53177 0.91440 -0.02709 0.12132 149.06833 0.00000 270.64342 -1.00000 0.00000 -999 149.06833
0.53177 0.91440 -0.02709 0.12132 149.06833 0.00000 270.64342 -1.00000 0.00000 -999 149.06833
0.53064 0.91440 -0.02685 0.11148 148.09279 0.00000 270.64214 -1.00000 0.00000 -999 148.09279
0.53064 0.91440 -0.02685 0.11148 148.09279 0.00000 270.64214 -1.00000 0.00000 -999 148.09279
0.52883 0.91440 -0.02646 0.10466 149.14349 0.00000 270.63851 -1.00000 0.00000 -999 149.14349
0.52883 0.91440 -0.02646 0.10466 149.14349 0.00000 270.63851 -1.00000 0.00000 -999 149.14349
0.52594 0.91440 -0.02586 0.09063 152.46170 0.00000 270.63292 -1.00000 0.00000 -999 152.46170
0.52594 0.91440 -0.02586 0.09063 152.46171 0.00000 270.63292 -1.00000 0.00000 -999 152.46171
0.52131 0.91440 -0.02489 0.06939 156.92733 0.00000 270.62427 -1.00000 0.00000 -999 156.92733
0.52131 0.91440 -0.02489 0.06939 156.92734 0.00000 270.62427 -1.00000 0.00000 -999 156.92734
0.51391 0.91440 -0.02335 0.03898 161.90305 0.00000 270.61291 -1.00000 0.00000 -999 161.90305
0.51391 0.91440 -0.02335 0.03897 161.90306 0.00000 270.61291 -1.00000 0.00000 -999 161.90306
0.50577 0.91440 -0.02168 0.00842 166.98294 0.00000 270.60097 -1.00000 0.00000 -999 166.98294
0.50577 0.91440 -0.02168 0.00842 166.98296 0.00000 270.60097 -1.00000 0.00000 -999 166.98296
0.49762 0.91440 -0.02003 -0.01908 172.06137 0.00000 270.58888 -1.00000 0.00000 -999 172.06137
0.49762 0.91440 -0.02003 -0.01909 172.06138 0.00000 270.58888 -1.00000 0.00000 -999 172.06138
0.49762 0.91440 -0.02003 -0.01909 172.06139 0.00000 270.58888 -1.00000 0.00000 -999 172.06139
0.48947 0.91440 -0.01840 -0.04444 176.27712 0.00000 270.57836 -1.00000 0.00000 -999 176.27712
0.48132 0.91440 -0.01679 -0.06781 179.37975 0.00000 270.57026 -1.00000 0.00000 -999 179.37975
0.48132 0.91440 -0.01679 -0.06781 179.37976 0.00000 270.57026 -1.00000 0.00000 -999 179.37976
0.47317 0.91440 -0.01520 -0.08967 182.22772 0.00000 270.56258 -1.00000 0.00000 -999 182.22772
0.47317 0.91440 -0.01520 -0.08967 182.22773 0.00000 270.56258 -1.00000 0.00000 -999 182.22773
0.46501 0.91440 -0.01362 -0.11019 185.32551 0.00000 270.55394 -1.00000 0.00000 -999 185.32551
0.46501 0.91440 -0.01362 -0.11019 185.32552 0.00000 270.55394 -1.00000 0.00000 -999 185.32552
0.45685 0.91440 -0.01206 -0.12964 188.33228 0.00000 270.54532 -1.00000 0.00000 -999 188.33228
0.45685 0.91440 -0.01206 -0.12964 188.33228 0.00000 270.54532 -1.00000 0.00000 -999 188.33228
0.44868 0.91440 -0.01052 -0.14817 190.88229 0.00000 270.53783 -1.00000 0.00000 -999 190.88229
0.44868 0.91440 -0.01052 -0.14817 190.88230 0.00000 270.53783 -1.00000 0.00000 -999 190.88230
0.44052 0.91440 -0.00900 -0.16596 193.28603 0.00000 270.53064 -1.00000 0.00000 -999 193.28603
0.44052 0.91440 -0.00900 -0.16596 193.28604 0.00000 270.53064 -1.00000 0.00000 -999 193.28604
0.43235 0.91440 -0.00749 -0.18313 195.57230 0.00000 270.52369 -1.00000 0.00000 -999 195.57230
0.43235 0.91440 -0.00749 -0.18313 195.57231 0.00000 270.52369 -1.00000 0.00000 -999 195.57231
0.42417 0.91440 -0.00600 -0.19978 197.76544 0.00000 270.51695 -1.00000 0.00000 -999 197.76544
0.42417 0.91440 -0.00600 -0.19978 197.76545 0.00000 270.51695 -1.00000 0.00000 -999 197.76545
0.41599 0.91440 -0.00452 -0.21601 199.88734 0.00000 270.51038 -1.00000 0.00000 -999 199.88734
0.41599 0.91440 -0.00452 -0.21601 199.88734 0.00000 270.51038 -1.00000 0.00000 -999 199.88734
0.40781 0.91440 -0.00306 -0.23190 201.95619 0.00000 270.50394 -1.00000 0.00000 -999 201.95619
0.40781 0.91440 -0.00306 -0.23190 201.95619 0.00000 270.50394 -1.00000 0.00000 -999 201.95619
0.40781 0.91440 -0.00306 -0.23190 201.95620 0.00000 270.50394 -1.00000 0.00000 -999 201.95620
0.39963 0.91440 -0.00162 -0.24753 203.98588 0.00000 270.49760 -1.00000 0.00000 -999 203.98588
0.39144 0.91440 -0.00020 -0.26293 205.99125 0.00000 270.49135 -1.00000 0.00000 -999 205.99125
0.39144 0.91440 -0.00020 -0.26293 205.99126 0.00000 270.49135 -1.00000 0.00000 -999 205.99126
0.38326 0.91440 0.00121 -0.27821 207.98519 0.00000 270.48514 -1.00000 0.00000 -999 207.98519
0.38326 0.91440 0.00121 -0.27821 207.98519 0.00000 270.48514 -1.00000 0.00000 -999 207.98519
0.37506 0.91440 0.00260 -0.29338 209.97448 0.00000 270.47898 -1.00000 0.00000 -999 209.97448
0.37506 0.91440 0.00260 -0.29338 209.97448 0.00000 270.47898 -1.00000 0.00000 -999 209.97448
0.36687 0.91440 0.00397 -0.30848 211.96863 0.00000 270.47283 -1.00000 0.00000 -999 211.96863
0.36687 0.91440 0.00397 -0.30848 211.96864 0.00000 270.47283 -1.00000 0.00000 -999 211.96864
0.35867 0.91440 0.00533 -0.32358 213.97953 0.00000 270.46669 -1.00000 0.00000 -999 213.97953
0.35867 0.91440 0.00533 -0.32358 213.97954 0.00000 270.46669 -1.00000 0.00000 -999 213.97954
0.35047 0.91440 0.00666 -0.33873 216.01075 0.00000 270.46052 -1.00000 0.00000 -999 216.01075
0.35047 0.91440 0.00666 -0.33873 216.01076 0.00000 270.46052 -1.00000 0.00000 -999 216.01076
0.34227 0.91440 0.00798 -0.35391 218.06356 0.00000 270.45433 -1.00000 0.00000 -999 218.06356
0.34227 0.91440 0.00798 -0.35391 218.06356 0.00000 270.45433 -1.00000 0.00000 -999 218.06356
0.33406 0.91440 0.00928 -0.36920 220.14249 0.00000 270.44810 -1.00000 0.00000 -999 220.14249
0.33406 0.91440 0.00928 -0.36920 220.14249 0.00000 270.44810 -1.00000 0.00000 -999 220.14249
0.33406 0.91440 0.00928 -0.36920 220.14250 0.00000 270.44810 -1.00000 0.00000 -999 220.14250
0.32585 0.91440 0.01056 -0.38460 222.25101 0.00000 270.44181 -1.00000 0.00000 -999 222.25101
0.32585 0.91440 0.01056 -0.38460 222.25101 0.00000 270.44181 -1.00000 0.00000 -999 222.25101
0.31763 0.91440 0.01181 -0.40016 224.39121 0.00000 270.43545 -1.00000 0.00000 -999 224.39121
0.31763 0.91440 0.01181 -0.40016 224.39121 0.00000 270.43545 -1.00000 0.00000 -999 224.39121
0.30942 0.91440 0.01305 -0.41591 226.56455 0.00000 270.42901 -1.00000 0.00000 -999 226.56455
0.30942 0.91440 0.01305 -0.41591 226.56456 0.00000 270.42901 -1.00000 0.00000 -999 226.56456
0.30120 0.91440 0.01426 -0.43187 228.77156 0.00000 270.42248 -1.00000 0.00000 -999 228.77156
0.30120 0.91440 0.01426 -0.43187 228.77157 0.00000 270.42248 -1.00000 0.00000 -999 228.77157
0.29297 0.91440 0.01545 -0.44806 231.01110 0.00000 270.41585 -1.00000 0.00000 -999 231.01110
0.29297 0.91440 0.01545 -0.44806 231.01111 0.00000 270.41585 -1.00000 0.00000 -999 231.01111
0.28475 0.91440 0.01662 -0.46452 233.28231 0.00000 270.40911 -1.00000 0.00000 -999 233.28231
0.28475 0.91440 0.01662 -0.46452 233.28232 0.00000 270.40911 -1.00000 0.00000 -999 233.28232
0.27652 0.91440 0.01776 -0.48127 235.58844 0.00000 270.40224 -1.00000 0.00000 -999 235.58844
0.27652 0.91440 0.01776 -0.48127 235.58845 0.00000 270.40224 -1.00000 0.00000 -999 235.58845
0.26828 0.91440 0.01888 -0.49834 237.93743 0.00000 270.39524 -1.00000 0.00000 -999 237.93743
0.26828 0.91440 0.01888 -0.49834 237.93744 0.00000 270.39524 -1.00000 0.00000 -999 237.93744
0.26005 0.91440 0.01996 -0.51573 240.34103 0.00000 270.38809 -1.00000 0.00000 -999 240.34103
0.26005 0.91440 0.01996 -0.51573 240.34104 0.00000 270.38809 -1.00000 0.00000 -999 240.34104
0.25180 0.91440 0.02102 -0.53348 242.81551 0.00000 270.38079 -1.00000 0.00000 -999 242.81551
0.25180 0.91440 0.02102 -0.53348 242.81551 0.00000 270.38079 -1.00000 0.00000 -999 242.81551
0.24356 0.91440 0.02204 -0.55162 245.37930 0.00000 270.37333 -1.00000 0.00000 -999 245.37930
0.23531 0.91440 0.02304 -0.57017 248.04890 0.00000 270.36569 -1.00000 0.00000 -999 248.04890
0.23531 0.91440 0.02304 -0.57017 248.04891 0.00000 270.36569 -1.00000 0.00000 -999 248.04891
0.23531 0.91440 0.02304 -0.57017 248.04891 0.00000 270.36569 -1.00000 0.00000 -999 248.04891
0.22706 0.91440 0.02400 -0.58914 250.83642 0.00000 270.35786 -1.00000 0.00000 -999 250.83642
0.22706 0.91440 0.02400 -0.58914 250.83643 0.00000 270.35786 -1.00000 0.00000 -999 250.83643
0.21880 0.91440 0.02492 -0.60859 253.74506 0.00000 270.34984 -1.00000 0.00000 -999 253.74506
0.21880 0.91440 0.02492 -0.60859 253.74507 0.00000 270.34984 -1.00000 0.00000 -999 253.74507
0.21054 0.91440 0.02580 -0.62852 256.76349 0.00000 270.34160 -1.00000 0.00000 -999 256.76349
0.20227 0.91440 0.02665 -0.64899 259.86537 0.00000 270.33315 -1.00000 0.00000 -999 259.86537
0.20227 0.91440 0.02665 -0.64899 259.86538 0.00000 270.33315 -1.00000 0.00000 -999 259.86538
0.19400 0.91440 0.02745 -0.66993 263.00342 0.00000 270.32446 -1.00000 0.00000 -999 263.00342
0.19400 0.91440 0.02745 -0.66993 263.00342 0.00000 270.32446 -1.00000 0.00000 -999 263.00342
0.18572 0.91440 0.02820 -0.69156 266.10578 0.00000 270.31554 -1.00000 0.00000 -999 266.10578
0.18572 0.91440 0.02820 -0.69156 266.10578 0.00000 270.31554 -1.00000 0.00000 -999 266.10578
0.17766 0.91440 0.02889 -0.71338 269.11343 0.00000 270.30656 -1.00000 0.00000 -999 269.11343
0.17766 0.91440 0.02889 -0.71338 269.11344 0.00000 270.30656 -1.00000 0.00000 -999 269.11344
0.16997 0.91440 0.02950 -0.73472 272.00175 0.00000 270.29769 -1.00000 0.00000 -999 272.00175
0.16997 0.91440 0.02950 -0.73472 272.00176 0.00000 270.29769 -1.00000 0.00000 -999 272.00176
0.16265 0.91440 0.03004 -0.75567 274.78045 0.00000 270.28898 -1.00000 0.00000 -999 274.78045
0.16265 0.91440 0.03004 -0.75567 274.78046 0.00000 270.28898 -1.00000 0.00000 -999 274.78046
0.15567 0.91440 0.03051 -0.77624 277.48649 0.00000 270.28042 -1.00000 0.00000 -999 277.48649
0.15567 0.91440 0.03051 -0.77624 277.48650 0.00000 270.28042 -1.00000 0.00000 -999 277.48650
0.14903 0.91440 0.03092 -0.79641 280.16292 0.00000 270.27202 -1.00000 0.00000 -999 280.16292
0.14903 0.91440 0.03092 -0.79641 280.16292 0.00000 270.27202 -1.00000 0.00000 -999 280.16292
0.14269 0.91440 0.03127 -0.81618 282.84579 0.00000 270.26377 -1.00000 0.00000 -999 282.84579
0.14269 0.91440 0.03127 -0.81618 282.84579 0.00000 270.26377 -1.00000 0.00000 -999 282.84579
0.13666 0.91440 0.03156 -0.83561 285.55371 0.00000 270.25567 -1.00000 0.00000 -999 285.55371
0.13666 0.91440 0.03156 -0.83561 285.55372 0.00000 270.25567 -1.00000 0.00000 -999 285.55372
0.13091 0.91440 0.03181 -0.85462 288.28640 0.00000 270.24773 -1.00000 0.00000 -999 288.28640
0.13091 0.91440 0.03181 -0.85462 288.28640 0.00000 270.24773 -1.00000 0.00000 -999 288.28640
0.12544 0.91440 0.03201 -0.87328 291.03279 0.00000 270.23992 -1.00000 0.00000 -999 291.03279
0.12544 0.91440 0.03201 -0.87328 291.03279 0.00000 270.23992 -1.00000 0.00000 -999 291.03279
0.12022 0.91440 0.03217 -0.89161 293.77606 0.00000 270.23226 -1.00000 0.00000 -999 293.77606
0.12022 0.91440 0.03217 -0.89161 293.77607 0.00000 270.23226 -1.00000 0.00000 -999 293.77607
0.11525 0.91440 0.03228 -0.90952 296.50463 0.00000 270.22473 -1.00000 0.00000 -999 296.50463
0.11525 0.91440 0.03228 -0.90952 296.50464 0.00000 270.22473 -1.00000 0.00000 -999 296.50464
0.11525 0.91440 0.03228 -0.90952 296.50465 0.00000 270.22473 -1.00000 0.00000 -999 296.50465
0.11052 0.91440 0.03237 -0.92728 299.21274 0.00000 270.21732 -1.00000 0.00000 -999 299.21274
0.10601 0.91440 0.03242 -0.94443 301.90482 0.00000 270.21007 -1.00000 0.00000 -999 301.90482
0.10601 0.91440 0.03242 -0.94443 301.90483 0.00000 270.21007 -1.00000 0.00000 -999 301.90483
0.10172 0.91440 0.03244 -0.96156 304.59616 0.00000 270.20294 -1.00000 0.00000 -999 304.59616
0.10172 0.91440 0.03244 -0.96156 304.59616 0.00000 270.20294 -1.00000 0.00000 -999 304.59616
0.09763 0.91440 0.03244 -0.97799 307.29286 0.00000 270.19593 -1.00000 0.00000 -999 307.29286
0.09763 0.91440 0.03244 -0.97799 307.29287 0.00000 270.19593 -1.00000 0.00000 -999 307.29287
0.09374 0.91440 0.03241 -0.99481 310.00120 0.00000 270.18899 -1.00000 0.00000 -999 310.00120
0.09374 0.91440 0.03241 -0.99481 310.00121 0.00000 270.18899 -1.00000 0.00000 -999 310.00121
0.09003 0.91440 0.03235 -1.01057 312.70757 0.00000 270.18212 -1.00000 0.00000 -999 312.70757
0.09003 0.91440 0.03235 -1.01057 312.70758 0.00000 270.18212 -1.00000 0.00000 -999 312.70758
0.09003 0.91440 0.03235 -1.01057 312.70758 0.00000 270.18212 -1.00000 0.00000 -999 312.70758
0.08618 0.91440 0.03227 -1.02769 315.39710 0.00000 270.17496 -1.00000 0.00000 -999 315.39710
0.08234 0.91440 0.03217 -1.04559 318.21466 0.00000 270.16743 -1.00000 0.00000 -999 318.21466
0.08234 0.91440 0.03217 -1.04559 318.21467 0.00000 270.16743 -1.00000 0.00000 -999 318.21467
0.07849 0.91440 0.03203 -1.06405 321.30675 0.00000 270.15961 -1.00000 0.00000 -999 321.30675
0.07849 0.91440 0.03203 -1.06405 321.30676 0.00000 270.15961 -1.00000 0.00000 -999 321.30676
0.07465 0.91440 0.03187 -1.08328 324.72632 0.00000 270.15148 -1.00000 0.00000 -999 324.72632
0.07465 0.91440 0.03187 -1.08328 324.72633 0.00000 270.15148 -1.00000 0.00000 -999 324.72633
0.07080 0.91440 0.03167 -1.10338 328.45784 0.00000 270.14297 -1.00000 0.00000 -999 328.45784
0.07080 0.91440 0.03167 -1.10338 328.45785 0.00000 270.14297 -1.00000 0.00000 -999 328.45785
0.06696 0.91440 0.03144 -1.12438 332.44692 0.00000 270.13407 -1.00000 0.00000 -999 332.44692
0.06696 0.91440 0.03144 -1.12438 332.44693 0.00000 270.13407 -1.00000 0.00000 -999 332.44693
0.06312 0.91440 0.03117 -1.14633 336.79605 0.00006 270.11854 -0.33334 0.00000 -999 336.64005
0.06312 0.91440 0.03117 -1.14633 336.79606 0.00006 270.11854 -0.33333 0.00000 -999 336.64006
0.05929 0.91440 0.03087 -1.16967 341.56339 0.00018 270.06608 -0.42857 0.00000 -999 341.42778
0.05929 0.91440 0.03087 -1.16967 341.56340 0.00018 270.06608 -0.42857 0.00000 -999 341.42779
0.05929 0.91440 0.03087 -1.16967 341.56341 0.00018 270.06608 -0.42857 0.00000 -999 341.42780
0.05545 0.91440 0.03052 -1.19405 346.55511 0.00028 270.00459 -1.00000 0.00000 -999 346.55511
0.05545 0.91440 0.03052 -1.19405 346.55513 0.00028 270.00459 -1.00000 0.00000 -999 346.55513
0.05163 0.91440 0.03012 -1.22018 351.34262 0.00035 269.96960 -1.00000 0.00000 -999 351.34262
0.05163 0.91440 0.03012 -1.22018 351.34263 0.00035 269.96960 -1.00000 0.00000 -999 351.34263
0.04780 0.91440 0.02967 -1.24782 356.43467 0.00053 269.90057 -1.00000 0.00000 -999 356.43467
0.04780 0.91440 0.02967 -1.24782 356.43469 0.00053 269.90057 -1.00000 0.00000 -999 356.43469
0.04399 0.91440 0.02917 -1.27758 360.65391 0.00062 269.86161 -1.00000 0.00000 -999 360.65391
0.04018 0.91440 0.02861 -1.30932 365.18575 0.00123 269.65144 -1.00000 0.00000 -999 365.18575
0.04018 0.91440 0.02861 -1.30932 365.18577 0.00123 269.65144 -1.00000 0.00000 -999 365.18577
0.03638 0.91440 0.02798 -1.34413 371.41822 0.00297 269.07200 -1.00000 0.00000 -999 371.41822
0.03638 0.91440 0.02798 -1.34413 371.41823 0.00297 269.07200 -1.00000 0.00000 -999 371.41823
0.03260 0.91440 0.02728 -1.38100 387.78653 0.00509 268.44879 -0.33334 0.00008 -999 378.15941
0.03260 0.91440 0.02728 -1.38100 387.78660 0.00509 268.44879 -0.33333 0.00008 -999 378.15943
0.02883 0.91440 0.02649 -1.42282 419.94233 0.00698 268.28980 1.00000 0.00030 -999 385.53898
0.02883 0.91440 0.02649 -1.42282 419.94240 0.00698 268.28980 1.00000 0.00030 -999 385.53900
0.02509 0.91440 0.02559 -1.46565 447.84306 0.01056 268.31911 1.00000 0.00046 -999 393.79119
0.02509 0.91440 0.02559 -1.46565 447.84315 0.01056 268.31911 1.00000 0.00046 -999 393.79122
0.02138 0.91440 0.02458 -1.51632 494.86093 0.01729 268.38282 1.00000 0.00077 -999 403.05264
0.02138 0.91440 0.02458 -1.51632 494.86107 0.01729 268.38282 1.00000 0.00077 -999 403.05266
0.01771 0.91440 0.02342 -1.56284 571.82815 0.02907 268.48387 1.00000 0.00131 -999 413.40592
0.01771 0.91440 0.02342 -1.56284 571.82838 0.02907 268.48387 1.00000 0.00131 -999 413.40595
0.01410 0.91440 0.02208 -1.62062 681.28563 0.04660 268.60819 1.00000 0.00215 -999 425.15215
0.01410 0.91440 0.02208 -1.62062 681.28592 0.04660 268.60819 1.00000 0.00215 -999 425.15219
0.01059 0.91440 0.02051 -1.64441 826.54362 0.07665 268.80030 1.00000 0.00357 -999 437.11337
0.01059 0.91440 0.02051 -1.64441 826.54406 0.07665 268.80030 1.00000 0.00357 -999 437.11340
0.00723 0.91440 0.01863 -1.64549 994.50367 0.13023 269.17349 1.00000 0.00606 -999 446.38941
0.00723 0.91440 0.01863 -1.64549 994.50404 0.13023 269.17350 1.00000 0.00606 -999 446.38943
0.00464 0.91440 0.01674 -1.55766 1100.26152 0.20786 269.77681 1.00000 0.00935 -999 456.05525
0.00464 0.91440 0.01674 -1.55766 1100.26177 0.20786 269.77681 1.00000 0.00935 -999 456.05528
0.00277 0.91440 0.01488 -1.31970 1179.73985 0.31048 270.60218 1.00000 0.01280 -999 475.77250
0.00277 0.91440 0.01488 -1.31970 1179.74006 0.31048 270.60218 1.00000 0.01280 -999 475.77256
0.00147 0.91440 0.01304 -0.90474 1248.34552 0.43166 271.56959 1.00000 0.01486 -999 501.06752
0.00147 0.91440 0.01304 -0.90474 1248.34565 0.43166 271.56959 1.00000 0.01486 -999 501.06757
0.00068 0.91440 0.01119 -0.33557 1243.59552 0.57861 272.69041 0.91439 0.01281 -999 503.72498
0.00068 0.91440 0.01119 -0.33557 1243.59543 0.57861 272.69042 0.91439 0.01281 -999 503.72496
0.00032 0.91440 0.00930 0.25495 1003.18478 0.68295 273.15000 0.64523 0.00626 -999 467.47656
0.00032 0.91440 0.00930 0.25495 1003.18423 0.68295 273.15000 0.64522 0.00626 -999 467.47648
0.00041 0.91440 0.00737 0.72797 612.94901 0.72660 273.15000 0.37604 0.00174 -999 415.88227
0.00041 0.91440 0.00737 0.72797 612.94810 0.72660 273.15000 0.37604 0.00174 -999 415.88214
0.00041 0.91440 0.00737 0.72797 612.94749 0.72660 273.15000 0.37604 0.00174 -999 415.88201
0.00095 0.91440 0.00542 0.97872 394.65814 0.70365 273.15000 0.26624 0.00025 -999 367.48873
0.00199 0.91440 0.00341 1.03921 328.93432 0.65176 273.15000 0.24693 0.00001 -999 328.28706
0.00199 0.91440 0.00341 1.03921 328.93416 0.65176 273.15000 0.24693 0.00001 -999 328.28696
0.00360 0.91440 0.00130 0.96041 307.61043 0.57291 273.15000 0.26306 0.00015 -999 294.77381
0.00360 0.91440 0.00130 0.96041 307.61037 0.57291 273.15000 0.26306 0.00015 -999 294.77373
0.00592 0.91440 -0.00095 0.81669 304.35325 0.47787 273.15000 0.30448 0.00048 -999 266.42275
0.00592 0.91440 -0.00095 0.81669 304.35323 0.47787 273.15000 0.30448 0.00048 -999 266.42268
0.00901 0.91440 -0.00328 0.65660 308.64732 0.39647 273.15000 0.36642 0.00085 -999 246.26631
0.00901 0.91440 -0.00328 0.65660 308.64733 0.39647 273.15000 0.36642 0.00085 -999 246.26625
0.01229 0.91440 -0.00533 0.52719 320.31181 0.32320 273.15000 0.45558 0.00120 -999 236.59617
0.01229 0.91440 -0.00533 0.52718 320.31183 0.32320 273.15000 0.45559 0.00120 -999 236.59615
0.01569 0.91440 -0.00716 0.42565 344.66385 0.27371 273.15000 0.56639 0.00155 -999 237.45767
0.01569 0.91440 -0.00716 0.42565 344.66392 0.27371 273.15000 0.56639 0.00155 -999 237.45767
0.01569 0.91440 -0.00716 0.42565 344.66400 0.27371 273.15000 0.56639 0.00155 -999 237.45769
0.01919 0.91440 -0.00882 0.34290 380.39268 0.23259 273.15000 0.72949 0.00194 -999 244.86893
0.02274 0.91440 -0.01034 0.27561 416.02568 0.19694 272.94183 0.91478 0.00228 -999 253.69305
0.02274 0.91440 -0.01034 0.27561 416.02577 0.19694 272.94183 0.91478 0.00228 -999 253.69307
0.02634 0.91440 -0.01175 0.21911 435.16199 0.17349 272.53337 1.00000 0.00238 -999 261.28323
0.02634 0.91440 -0.01175 0.21911 435.16204 0.17349 272.53336 1.00000 0.00238 -999 261.28325
0.02634 0.91440 -0.01175 0.21911 435.16204 0.17349 272.53336 1.00000 0.00238 -999 261.28327
0.02998 0.91440 -0.01306 0.17164 435.39790 0.15591 272.16709 1.00000 0.00226 -999 266.34291
0.03365 0.91440 -0.01429 0.13078 431.18672 0.13887 271.83952 1.00000 0.00211 -999 269.97812
0.03365 0.91440 -0.01429 0.13078 431.18671 0.13887 271.83952 1.00000 0.00211 -999 269.97813
0.03734 0.91440 -0.01544 0.09559 426.23337 0.12489 271.56896 1.00000 0.00198 -999 272.58254
0.03734 0.91440 -0.01544 0.09559 426.23336 0.12489 271.56896 1.00000 0.00198 -999 272.58255
0.04105 0.91440 -0.01653 0.06487 418.55843 0.11082 271.29871 1.00000 0.00183 -999 274.55263
0.04106 0.91440 -0.01653 0.06487 418.55840 0.11082 271.29871 1.00000 0.00183 -999 274.55263
0.04106 0.91440 -0.01653 0.06487 418.55837 0.11082 271.29871 1.00000 0.00183 -999 274.55264
0.04478 0.91440 -0.01755 0.03784 407.78760 0.09784 271.06613 1.00000 0.00166 -999 275.45560
0.04853 0.91440 -0.01853 0.01394 396.64779 0.08713 270.87937 1.00000 0.00151 -999 275.59022
0.04853 0.91440 -0.01853 0.01394 396.64776 0.08713 270.87937 1.00000 0.00151 -999 275.59022
0.05228 0.91440 -0.01945 -0.00730 386.10632 0.07769 270.70559 1.00000 0.00138 -999 275.28958
0.05228 0.91440 -0.01945 -0.00730 386.10630 0.07769 270.70559 1.00000 0.00138 -999 275.28958
0.05605 0.91440 -0.02033 -0.02634 378.01072 0.07106 270.57575 1.00000 0.00128 -999 274.67405
0.05605 0.91440 -0.02033 -0.02634 378.01070 0.07106 270.57575 1.00000 0.00128 -999 274.67405
0.05982 0.91440 -0.02117 -0.04329 367.01513 0.06279 270.41913 1.00000 0.00115 -999 273.94159
0.05982 0.91440 -0.02117 -0.04329 367.01511 0.06279 270.41913 1.00000 0.00115 -999 273.94159
0.06361 0.91440 -0.02197 -0.05865 359.82331 0.05760 270.31441 1.00000 0.00108 -999 273.06294
0.06361 0.91440 -0.02197 -0.05865 359.82330 0.05760 270.31441 1.00000 0.00108 -999 273.06294
0.06361 0.91440 -0.02197 -0.05865 359.82328 0.05760 270.31441 1.00000 0.00108 -999 273.06294
0.06740 0.91440 -0.02274 -0.07247 352.33746 0.05255 270.21005 1.00000 0.00100 -999 272.15150
0.06740 0.91440 -0.02274 -0.07247 352.33745 0.05255 270.21005 1.00000 0.00100 -999 272.15149
0.07120 0.91440 -0.02347 -0.08495 344.70218 0.04766 270.10831 1.00000 0.00091 -999 271.15736
0.07120 0.91440 -0.02347 -0.08495 344.70215 0.04766 270.10831 1.00000 0.00091 -999 271.15736
0.07500 0.91440 -0.02417 -0.09626 335.83436 0.04220 269.99130 1.00000 0.00082 -999 270.13454
0.07881 0.91440 -0.02483 -0.10657 330.49354 0.03912 269.92459 1.00000 0.00076 -999 269.21443
0.07881 0.91440 -0.02483 -0.10657 330.49352 0.03912 269.92459 1.00000 0.00076 -999 269.21442
0.08262 0.91440 -0.02547 -0.11585 324.73038 0.03597 269.85317 1.00000 0.00071 -999 268.10301
0.08262 0.91440 -0.02547 -0.11585 324.73037 0.03597 269.85317 1.00000 0.00071 -999 268.10301
0.08644 0.91440 -0.02609 -0.12440 315.90031 0.03094 269.73768 1.00000 0.00061 -999 266.95852
0.08644 0.91440 -0.02609 -0.12440 315.90029 0.03094 269.73768 1.00000 0.00061 -999 266.95852
0.09021 0.91440 -0.02667 -0.13205 309.50762 0.02753 269.65768 1.00000 0.00055 -999 265.79276
0.09021 0.91440 -0.02667 -0.13205 309.50760 0.02753 269.65768 1.00000 0.00055 -999 265.79275
0.09416 0.91440 -0.02725 -0.13908 304.67918 0.02517 269.59922 1.00000 0.00051 -999 264.61437
0.09416 0.91440 -0.02725 -0.13908 304.67917 0.02517 269.59922 1.00000 0.00051 -999 264.61437
0.09416 0.91440 -0.02725 -0.13908 304.67915 0.02517 269.59922 1.00000 0.00051 -999 264.61437
0.09832 0.91440 -0.02783 -0.14603 298.45636 0.02197 269.51961 1.00000 0.00044 -999 263.40786
0.09832 0.91440 -0.02783 -0.14603 298.45635 0.02197 269.51961 1.00000 0.00044 -999 263.40786
0.10270 0.91440 -0.02842 -0.15245 295.22415 0.02070 269.48803 1.00000 0.00042 -999 262.16038
0.10270 0.91440 -0.02842 -0.15245 295.22414 0.02070 269.48803 1.00000 0.00042 -999 262.16038
0.10729 0.91440 -0.02901 -0.15852 291.39395 0.01911 269.44640 1.00000 0.00039 -999 260.86401
0.11212 0.91440 -0.02959 -0.16416 285.95922 0.01655 269.37902 1.00000 0.00034 -999 259.51050
0.11212 0.91440 -0.02959 -0.16416 285.95920 0.01655 269.37901 1.00000 0.00034 -999 259.51050
0.11212 0.91440 -0.02959 -0.16416 285.95920 0.01655 269.37901 1.00000 0.00034 -999 259.51049
0.11719 0.91440 -0.03017 -0.16935 282.04322 0.01499 269.33775 1.00000 0.00031 -999 258.09968
0.11719 0.91440 -0.03017 -0.16935 282.04320 0.01499 269.33775 1.00000 0.00031 -999 258.09968
0.12252 0.91440 -0.03075 -0.17406 276.49163 0.01244 269.26766 1.00000 0.00026 -999 256.64647
0.12812 0.91440 -0.03132 -0.17828 272.16374 0.01067 269.21849 1.00000 0.00022 -999 255.17640
0.12812 0.91440 -0.03132 -0.17828 272.16373 0.01067 269.21849 1.00000 0.00022 -999 255.17639
0.13400 0.91440 -0.03188 -0.18200 268.64928 0.00940 269.18268 1.00000 0.00020 -999 253.71628
0.13400 0.91440 -0.03188 -0.18200 268.64927 0.00940 269.18268 1.00000 0.00020 -999 253.71628
0.14019 0.91440 -0.03243 -0.18521 264.39523 0.00753 269.12735 1.00000 0.00016 -999 252.47054
0.14019 0.91440 -0.03243 -0.18521 264.39522 0.00753 269.12735 1.00000 0.00016 -999 252.47053
0.14668 0.91440 -0.03297 -0.18787 259.26095 0.00532 269.06116 1.00000 0.00011 -999 250.86452
0.14668 0.91440 -0.03297 -0.18787 259.26094 0.00532 269.06116 1.00000 0.00011 -999 250.86451
0.14668 0.91440 -0.03297 -0.18787 259.26093 0.00532 269.06116 1.00000 0.00011 -999 250.86451
0.15350 0.91440 -0.03349 -0.19002 254.29625 0.00387 269.02505 0.33334 0.00007 -999 249.11141
0.15350 0.91440 -0.03349 -0.19002 254.29624 0.00387 269.02505 0.33333 0.00007 -999 249.11141
0.16067 0.91440 -0.03400 -0.19157 252.14122 0.00353 269.01932 0.00000 0.00006 -999 247.94894
0.16820 0.91440 -0.03448 -0.19259 250.41565 0.00320 269.14690 0.00000 0.00005 -999 246.71967
0.16820 0.91440 -0.03448 -0.19259 250.41563 0.00320 269.14691 -0.00000 0.00005 -999 246.71966
0.17610 0.91440 -0.03494 -0.19299 244.64522 0.00240 269.45314 -1.00000 0.00000 -999 244.64522
0.17610 0.91440 -0.03494 -0.19299 244.64521 0.00240 269.45314 -1.00000 0.00000 -999 244.64521
0.17610 0.91440 -0.03494 -0.19299 244.64521 0.00240 269.45314 -1.00000 0.00000 -999 244.64521
0.18433 0.91440 -0.03537 -0.19277 242.59827 0.00180 269.71860 -1.00000 0.00000 -999 242.59827
0.18433 0.91440 -0.03537 -0.19277 242.59827 0.00180 269.71860 -1.00000 0.00000 -999 242.59827
0.19255 0.91440 -0.03576 -0.19220 240.98316 0.00141 269.88682 -1.00000 0.00000 -999 240.98316
0.19255 0.91440 -0.03576 -0.19220 240.98316 0.00141 269.88682 -1.00000 0.00000 -999 240.98316
0.20078 0.91440 -0.03609 -0.19099 239.13599 0.00102 270.05904 -1.00000 0.00000 -999 239.13599
0.20078 0.91440 -0.03609 -0.19099 239.13598 0.00102 270.05904 -1.00000 0.00000 -999 239.13598
0.20900 0.91440 -0.03639 -0.18944 237.34905 0.00057 270.26451 -1.00000 0.00000 -999 237.34905
0.20900 0.91440 -0.03639 -0.18944 237.34904 0.00057 270.26451 -1.00000 0.00000 -999 237.34904
0.21723 0.91440 -0.03665 -0.18746 235.63911 0.00018 270.43858 -1.00000 0.00000 -999 235.63911
0.21723 0.91440 -0.03665 -0.18746 235.63911 0.00018 270.43858 -1.00000 0.00000 -999 235.63911
0.22546 0.91440 -0.03687 -0.18519 234.00261 0.00013 270.46337 -1.00000 0.00000 -999 234.00261
0.23369 0.91440 -0.03706 -0.18261 232.42359 0.00011 270.47408 -1.00000 0.00000 -999 232.42359
0.23369 0.91440 -0.03706 -0.18261 232.42359 0.00011 270.47408 -1.00000 0.00000 -999 232.42359
0.24193 0.91440 -0.03721 -0.17979 230.88599 0.00006 270.49722 -0.66667 0.00000 -999 230.88067
0.24193 0.91440 -0.03721 -0.17979 230.88598 0.00006 270.49722 -0.66667 0.00000 -999 230.88066
0.24193 0.91440 -0.03721 -0.17979 230.88598 0.00006 270.49722 -0.66667 0.00000 -999 230.88066
0.25016 0.91440 -0.03733 -0.17674 229.36796 0.00004 270.51270 -0.00000 0.00000 -999 229.35402
0.25839 0.91440 -0.03742 -0.17350 227.84425 0.00002 270.52100 -0.33333 0.00000 -999 227.83068
0.25839 0.91440 -0.03742 -0.17350 227.84424 0.00002 270.52100 -0.33333 0.00000 -999 227.83068
0.26662 0.91440 -0.03749 -0.17009 226.30617 0.00000 270.52893 -1.00000 0.00000 -999 226.30617
0.26662 0.91440 -0.03749 -0.17009 226.30616 0.00000 270.52893 -1.00000 0.00000 -999 226.30616
0.27486 0.91440 -0.03752 -0.16651 224.78180 0.00000 270.53038 -1.00000 0.00000 -999 224.78180
0.27486 0.91440 -0.03752 -0.16651 224.78179 0.00000 270.53038 -1.00000 0.00000 -999 224.78179
0.27486 0.91440 -0.03752 -0.16651 224.78179 0.00000 270.53038 -1.00000 0.00000 -999 224.78179
0.28309 0.91440 -0.03753 -0.16278 223.26266 0.00000 270.53188 -1.00000 0.00000 -999 223.26266
0.29132 0.91440 -0.03751 -0.15892 221.75807 0.00000 270.53344 -1.00000 0.00000 -999 221.75807
0.29132 0.91440 -0.03751 -0.15892 221.75807 0.00000 270.53344 -1.00000 0.00000 -999 221.75807
0.29956 0.91440 -0.03747 -0.15494 220.27986 0.00000 270.53505 -1.00000 0.00000 -999 220.27986
0.29956 0.91440 -0.03747 -0.15494 220.27986 0.00000 270.53505 -1.00000 0.00000 -999 220.27986
0.29956 0.91440 -0.03747 -0.15494 220.27985 0.00000 270.53505 -1.00000 0.00000 -999 220.27985
0.30779 0.91440 -0.03741 -0.15084 218.83856 0.00000 270.53670 -1.00000 0.00000 -999 218.83856
0.31602 0.91440 -0.03733 -0.14662 217.44083 0.00000 270.53840 -1.00000 0.00000 -999 217.44083
0.31602 0.91440 -0.03733 -0.14662 217.44082 0.00000 270.53840 -1.00000 0.00000 -999 217.44082
0.31602 0.91440 -0.03733 -0.14662 217.44082 0.00000 270.53840 -1.00000 0.00000 -999 217.44082
0.32425 0.91440 -0.03722 -0.14228 216.08837 0.00000 270.54015 -1.00000 0.00000 -999 216.08837
0.32425 0.91440 -0.03722 -0.14228 216.08837 0.00000 270.54015 -1.00000 0.00000 -999 216.08837
0.33249 0.91440 -0.03709 -0.13783 214.77960 0.00000 270.54195 -1.00000 0.00000 -999 214.77960
0.33249 0.91440 -0.03709 -0.13783 214.77960 0.00000 270.54195 -1.00000 0.00000 -999 214.77960
0.34072 0.91440 -0.03695 -0.13326 213.51103 0.00000 270.54379 -1.00000 0.00000 -999 213.51103
0.34072 0.91440 -0.03695 -0.13326 213.51102 0.00000 270.54379 -1.00000 0.00000 -999 213.51102
0.34895 0.91440 -0.03678 -0.12857 212.27678 0.00000 270.54568 -1.00000 0.00000 -999 212.27678
0.34895 0.91440 -0.03678 -0.12857 212.27678 0.00000 270.54568 -1.00000 0.00000 -999 212.27678
0.35718 0.91440 -0.03660 -0.12374 211.06811 0.00000 270.54763 -1.00000 0.00000 -999 211.06811
0.35718 0.91440 -0.03660 -0.12374 211.06810 0.00000 270.54763 -1.00000 0.00000 -999 211.06810
0.36541 0.91440 -0.03640 -0.11875 209.87674 0.00000 270.54964 -1.00000 0.00000 -999 209.87674
0.36541 0.91440 -0.03640 -0.11875 209.87674 0.00000 270.54964 -1.00000 0.00000 -999 209.87674
0.37364 0.91440 -0.03618 -0.11361 208.69728 0.00000 270.55171 -1.00000 0.00000 -999 208.69728
0.37364 0.91440 -0.03618 -0.11361 208.69728 0.00000 270.55171 -1.00000 0.00000 -999 208.69728
0.38187 0.91440 -0.03594 -0.10831 207.52280 0.00000 270.55385 -1.00000 0.00000 -999 207.52280
0.38187 0.91440 -0.03594 -0.10831 207.52280 0.00000 270.55385 -1.00000 0.00000 -999 207.52280
0.39010 0.91440 -0.03569 -0.10278 206.34183 0.00000 270.55608 -1.00000 0.00000 -999 206.34183
0.39010 0.91440 -0.03569 -0.10278 206.34183 0.00000 270.55608 -1.00000 0.00000 -999 206.34183
0.39833 0.91440 -0.03542 -0.09703 205.14562 0.00000 270.55840 -1.00000 0.00000 -999 205.14562
0.39833 0.91440 -0.03542 -0.09703 205.14561 0.00000 270.55840 -1.00000 0.00000 -999 205.14561
0.40656 0.91440 -0.03513 -0.09102 203.92887 0.00000 270.56082 -1.00000 0.00000 -999 203.92887
0.40656 0.91440 -0.03513 -0.09102 203.92887 0.00000 270.56082 -1.00000 0.00000 -999 203.92887
0.41478 0.91440 -0.03482 -0.08472 202.68424 0.00000 270.56336 -1.00000 0.00000 -999 202.68424
0.41478 0.91440 -0.03482 -0.08472 202.68423 0.00000 270.56336 -1.00000 0.00000 -999 202.68423
0.42301 0.91440 -0.03450 -0.07805 201.40094 0.00000 270.56605 -1.00000 0.00000 -999 201.40094
0.42301 0.91440 -0.03450 -0.07805 201.40094 0.00000 270.56605 -1.00000 0.00000 -999 201.40094
0.43124 0.91440 -0.03417 -0.07096 199.94002 0.00000 270.56918 -1.00000 0.00000 -999 199.94002
0.43124 0.91440 -0.03417 -0.07096 199.94002 0.00000 270.56918 -1.00000 0.00000 -999 199.94002
0.43946 0.91440 -0.03381 -0.06343 198.49787 0.00000 270.57235 -1.00000 0.00000 -999 198.49787
0.43946 0.91440 -0.03381 -0.06343 198.49787 0.00000 270.57235 -1.00000 0.00000 -999 198.49787
0.44769 0.91440 -0.03344 -0.05533 197.23271 0.00000 270.57520 -1.00000 0.00000 -999 197.23271
0.44769 0.91440 -0.03344 -0.05533 197.23271 0.00000 270.57520 -1.00000 0.00000 -999 197.23271
0.45591 0.91440 -0.03305 -0.04655 195.69617 0.00000 270.57873 -1.00000 0.00000 -999 195.69617
0.45591 0.91440 -0.03305 -0.04655 195.69617 0.00000 270.57873 -1.00000 0.00000 -999 195.69617
0.46413 0.91440 -0.03265 -0.03697 194.05695 0.00000 270.58259 -1.00000 0.00000 -999 194.05695
0.46413 0.91440 -0.03265 -0.03697 194.05694 0.00000 270.58259 -1.00000 0.00000 -999 194.05694
0.47236 0.91440 -0.03223 -0.02645 192.28984 0.00000 270.58684 -1.00000 0.00000 -999 192.28984
0.47236 0.91440 -0.03223 -0.02645 192.28984 0.00000 270.58684 -1.00000 0.00000 -999 192.28984
0.48058 0.91440 -0.03179 -0.01469 190.35785 0.00000 270.59157 -1.00000 0.00000 -999 190.35785
0.48058 0.91440 -0.03179 -0.01469 190.35785 0.00000 270.59157 -1.00000 0.00000 -999 190.35785
0.48880 0.91440 -0.03133 -0.00149 188.20933 0.00000 270.59692 -1.00000 0.00000 -999 188.20933
0.48880 0.91440 -0.03133 -0.00149 188.20933 0.00000 270.59692 -1.00000 0.00000 -999 188.20933
0.49702 0.91440 -0.03085 0.01375 185.76695 0.00000 270.60305 -1.00000 0.00000 -999 185.76695
0.49702 0.91440 -0.03085 0.01375 185.76694 0.00000 270.60305 -1.00000 0.00000 -999 185.76694
0.50524 0.91440 -0.03035 0.03142 182.64512 0.00000 270.61102 -1.00000 0.00000 -999 182.64512
0.50524 0.91440 -0.03035 0.03142 182.64512 0.00000 270.61102 -1.00000 0.00000 -999 182.64512
0.51345 0.91440 -0.02984 0.05292 179.78983 0.00000 270.61867 -1.00000 0.00000 -999 179.78983
0.52100 0.91440 -0.02935 0.07694 176.86528 0.00000 270.62680 -1.00000 0.00000 -999 176.86528
0.52100 0.91440 -0.02935 0.07694 176.86527 0.00000 270.62680 -1.00000 0.00000 -999 176.86527
0.52100 0.91440 -0.02935 0.07694 176.86526 0.00000 270.62680 -1.00000 0.00000 -999 176.86526
0.52572 0.91440 -0.02903 0.09592 173.49580 0.00000 270.63520 -1.00000 0.00000 -999 173.49580
0.52572 0.91440 -0.02903 0.09592 173.49579 0.00000 270.63520 -1.00000 0.00000 -999 173.49579
0.52867 0.91440 -0.02883 0.10962 171.21698 0.00000 270.64063 -1.00000 0.00000 -999 171.21698
0.52867 0.91440 -0.02883 0.10962 171.21698 0.00000 270.64063 -1.00000 0.00000 -999 171.21698
0.53051 0.91440 -0.02871 0.11776 170.14524 0.00000 270.64467 -1.00000 0.00000 -999 170.14524
0.53051 0.91440 -0.02871 0.11776 170.14523 0.00000 270.64467 -1.00000 0.00000 -999 170.14523
0.53166 0.91440 -0.02863 0.12935 168.47047 0.00000 270.64648 -1.00000 0.00000 -999 168.47047
0.53166 0.91440 -0.02863 0.12935 168.47047 0.00000 270.64648 -1.00000 0.00000 -999 168.47047
0.53238 0.91440 -0.02858 0.11269 166.67029 0.00000 270.64530 -1.00000 0.00000 -999 166.67029

ZONE T="SLICE_Y_0p9144_BINS15_KS_VAR_CUTDATA"
0.53247 0.91440 -0.02724 0.10435 149.72343 0.00000 270.64203 -1.00000 0.00000 -999 149.72343
0.53177 0.91440 -0.02709 0.12132 149.06833 0.00000 270.64342 -1.00000 0.00000 -999 149.06833
0.53177 0.91440 -0.02709 0.12132 149.06833 0.00000 270.64342 -1.00000 0.00000 -999 149.06833
0.53064 0.91440 -0.02685 0.11148 148.09279 0.00000 270.64214 -1.00000 0.00000 -999 148.09279
0.53064 0.91440 -0.02685 0.11148 148.09279 0.00000 270.64214 -1.00000 0.00000 -999 148.09279
0.52883 0.91440 -0.02646 0.10466 149.14349 0.00000 270.63851 -1.00000 0.00000 -999 149.14349
0.52883 0.91440 -0.02646 0.10466 149.14349 0.00000 270.63851 -1.00000 0.00000 -999 149.14349
0.52594 0.91440 -0.02586 0.09063 152.46170 0.00000 270.63292 -1.00000 0.00000 -999 152.46170
0.52594 0.91440 -0.02586 0.09063 152.46171 0.00000 270.63292 -1.00000 0.00000 -999 152.46171
0.52131 0.91440 -0.02489 0.06939 156.92733 0.00000 270.62427 -1.00000 0.00000 -999 156.92733
0.52131 0.91440 -0.02489 0.06939 156.92734 0.00000 270.62427 -1.00000 0.00000 -999 156.92734
0.51391 0.91440 -0.02335 0.03898 161.90305 0.00000 270.61291 -1.00000 0.00000 -999 161.90305
0.51391 0.91440 -0.02335 0.03897 161.90306 0.00000 270.61291 -1.00000 0.00000 -999 161.90306
0.50577 0.91440 -0.02168 0.00842 166.98294 0.00000 270.60097 -1.00000 0.00000 -999 166.98294
0.50577 0.91440 -0.02168 0.00842 166.98296 0.00000 270.60097 -1.00000 0.00000 -999 166.98296
0.49762 0.91440 -0.02003 -0.01908 172.06137 0.00000 270.58888 -1.00000 0.00000 -999 172.06137
0.49762 0.91440 -0.02003 -0.01909 172.06138 0.00000 270.58888 -1.00000 0.00000 -999 172.06138
0.49762 0.91440 -0.02003 -0.01909 172.06139 0.00000 270.58888 -1.00000 0.00000 -999 172.06139
0.48947 0.91440 -0.01840 -0.04444 176.27712 0.00000 270.57836 -1.00000 0.00000 -999 176.27712
0.48132 0.91440 -0.01679 -0.06781 179.37975 0.00000 270.57026 -1.00000 0.00000 -999 179.37975
0.48132 0.91440 -0.01679 -0.06781 179.37976 0.00000 270.57026 -1.00000 0.00000 -999 179.37976
0.47317 0.91440 -0.01520 -0.08967 182.22772 0.00000 270.56258 -1.00000 0.00000 -999 182.22772
0.47317 0.91440 -0.01520 -0.08967 182.22773 0.00000 270.56258 -1.00000 0.00000 -999 182.22773
0.46501 0.91440 -0.01362 -0.11019 185.32551 0.00000 270.55394 -1.00000 0.00000 -999 185.32551
0.46501 0.91440 -0.01362 -0.11019 185.32552 0.00000 270.55394 -1.00000 0.00000 -999 185.32552
0.45685 0.91440 -0.01206 -0.12964 188.33228 0.00000 270.54532 -1.00000 0.00000 -999 188.33228
0.45685 0.91440 -0.01206 -0.12964 188.33228 0.00000 270.54532 -1.00000 0.00000 -999 188.33228
0.44868 0.91440 -0.01052 -0.14817 190.88229 0.00000 270.53783 -1.00000 0.00000 -999 190.88229
0.44868 0.91440 -0.01052 -0.14817 190.88230 0.00000 270.53783 -1.00000 0.00000 -999 190.88230
0.44052 0.91440 -0.00900 -0.16596 193.28603 0.00000 270.53064 -1.00000 0.00000 -999 193.28603
0.44052 0.91440 -0.00900 -0.16596 193.28604 0.00000 270.53064 -1.00000 0.00000 -999 193.28604
0.43235 0.91440 -0.00749 -0.18313 195.57230 0.00000 270.52369 -1.00000 0.00000 -999 195.57230
0.43235 0.91440 -0.00749 -0.18313 195.57231 0.00000 270.52369 -1.00000 0.00000 -999 195.57231
0.42417 0.91440 -0.00600 -0.19978 197.76544 0.00000 270.51695 -1.00000 0.00000 -999 197.76544
0.42417 0.91440 -0.00600 -0.19978 197.76545 0.00000 270.51695 -1.00000 0.00000 -999 197.76545
0.41599 0.91440 -0.00452 -0.21601 199.88734 0.00000 270.51038 -1.00000 0.00000 -999 199.88734
0.41599 0.91440 -0.00452 -0.21601 199.88734 0.00000 270.51038 -1.00000 0.00000 -999 199.88734
0.40781 0.91440 -0.00306 -0.23190 201.95619 0.00000 270.50394 -1.00000 0.00000 -999 201.95619
0.40781 0.91440 -0.00306 -0.23190 201.95619 0.00000 270.50394 -1.00000 0.00000 -999 201.95619
0.40781 0.91440 -0.00306 -0.23190 201.95620 0.00000 270.50394 -1.00000 0.00000 -999 201.95620
0.39963 0.91440 -0.00162 -0.24753 203.98588 0.00000 270.49760 -1.00000 0.00000 -999 203.98588
0.39144 0.91440 -0.00020 -0.26293 205.99125 0.00000 270.49135 -1.00000 0.00000 -999 205.99125
0.39144 0.91440 -0.00020 -0.26293 205.99126 0.00000 270.49135 -1.00000 0.00000 -999 205.99126
0.38326 0.91440 0.00121 -0.27821 207.98519 0.00000 270.48514 -1.00000 0.00000 -999 207.98519
0.38326 0.91440 0.00121 -0.27821 207.98519 0.00000 270.48514 -1.00000 0.00000 -999 207.98519
0.37506 0.91440 0.00260 -0.29338 209.97448 0.00000 270.47898 -1.00000 0.00000 -999 209.97448
0.37506 0.91440 0.00260 -0.29338 209.97448 0.00000 270.47898 -1.00000 0.00000 -999 209.97448
0.36687 0.91440 0.00397 -0.30848 211.96863 0.00000 270.47283 -1.00000 0.00000 -999 211.96863
0.36687 0.91440 0.00397 -0.30848 211.96864 0.00000 270.47283 -1.00000 0.00000 -999 211.96864
0.35867 0.91440 0.00533 -0.32358 213.97953 0.00000 270.46669 -1.00000 0.00000 -999 213.97953
0.35867 0.91440 0.00533 -0.32358 213.97954 0.00000 270.46669 -1.00000 0.00000 -999 213.97954
0.35047 0.91440 0.00666 -0.33873 216.01075 0.00000 270.46052 -1.00000 0.00000 -999 216.01075
0.35047 0.91440 0.00666 -0.33873 216.01076 0.00000 270.46052 -1.00000 0.00000 -999 216.01076
0.34227 0.91440 0.00798 -0.35391 218.06356 0.00000 270.45433 -1.00000 0.00000 -999 218.06356
0.34227 0.91440 0.00798 -0.35391 218.06356 0.00000 270.45433 -1.00000 0.00000 -999 218.06356
0.33406 0.91440 0.00928 -0.36920 220.14249 0.00000 270.44810 -1.00000 0.00000 -999 220.14249
0.33406 0.91440 0.00928 -0.36920 220.14249 0.00000 270.44810 -1.00000 0.00000 -999 220.14249
0.33406 0.91440 0.00928 -0.36920 220.14250 0.00000 270.44810 -1.00000 0.00000 -999 220.14250
0.32585 0.91440 0.01056 -0.38460 222.25101 0.00000 270.44181 -1.00000 0.00000 -999 222.25101
0.32585 0.91440 0.01056 -0.38460 222.25101 0.00000 270.44181 -1.00000 0.00000 -999 222.25101
0.31763 0.91440 0.01181 -0.40016 224.39121 0.00000 270.43545 -1.00000 0.00000 -999 224.39121
0.31763 0.91440 0.01181 -0.40016 224.39121 0.00000 270.43545 -1.00000 0.00000 -999 224.39121
0.30942 0.91440 0.01305 -0.41591 226.56455 0.00000 270.42901 -1.00000 0.00000 -999 226.56455
0.30942 0.91440 0.01305 -0.41591 226.56456 0.00000 270.42901 -1.00000 0.00000 -999 226.56456
0.30120 0.91440 0.01426 -0.43187 228.77156 0.00000 270.42248 -1.00000 0.00000 -999 228.77156
0.30120 0.91440 0.01426 -0.43187 228.77157 0.00000 270.42248 -1.00000 0.00000 -999 228.77157
0.29297 0.91440 0.01545 -0.44806 231.01110 0.00000 270.41585 -1.00000 0.00000 -999 231.01110
0.29297 0.91440 0.01545 -0.44806 231.01111 0.00000 270.41585 -1.00000 0.00000 -999 231.01111
0.28475 0.91440 0.01662 -0.46452 233.28231 0.00000 270.40911 -1.00000 0.00000 -999 233.28231
0.28475 0.91440 0.01662 -0.46452 233.28232 0.00000 270.40911 -1.00000 0.00000 -999 233.28232
0.27652 0.91440 0.01776 -0.48127 235.58844 0.00000 270.40224 -1.00000 0.00000 -999 235.58844
0.27652 0.91440 0.01776 -0.48127 235.58845 0.00000 270.40224 -1.00000 0.00000 -999 235.58845
0.26828 0.91440 0.01888 -0.49834 237.93743 0.00000 270.39524 -1.00000 0.00000 -999 237.93743
0.26828 0.91440 0.01888 -0.49834 237.93744 0.00000 270.39524 -1.00000 0.00000 -999 237.93744
0.26005 0.91440 0.01996 -0.51573 240.34103 0.00000 270.38809 -1.00000 0.00000 -999 240.34103
0.26005 0.91440 0.01996 -0.51573 240.34104 0.00000 270.38809 -1.00000 0.00000 -999 240.34104
0.25180 0.91440 0.02102 -0.53348 242.81551 0.00000 270.38079 -1.00000 0.00000 -999 242.81551
0.25180 0.91440 0.02102 -0.53348 242.81551 0.00000 270.38079 -1.00000 0.00000 -999 242.81551
0.24356 0.91440 0.02204 -0.55162 245.37930 0.00000 270.37333 -1.00000 0.00000 -999 245.37930
0.23531 0.91440 0.02304 -0.57017 248.04890 0.00000 270.36569 -1.00000 0.00000 -999 248.04890
0.23531 0.91440 0.02304 -0.57017 248.04891 0.00000 270.36569 -1.00000 0.00000 -999 248.04891
0.23531 0.91440 0.02304 -0.57017 248.04891 0.00000 270.36569 -1.00000 0.00000 -999 248.04891
0.22706 0.91440 0.02400 -0.58914 250.83642 0.00000 270.35786 -1.00000 0.00000 -999 250.83642
0.22706 0.91440 0.02400 -0.58914 250.83643 0.00000 270.35786 -1.00000 0.00000 -999 250.83643
0.21880 0.91440 0.02492 -0.60859 253.74506 0.00000 270.34984 -1.00000 0.00000 -999 253.74506
0.21880 0.91440 0.02492 -0.60859 253.74507 0.00000 270.34984 -1.00000 0.00000 -999 253.74507
0.21054 0.91440 0.02580 -0.62852 256.76349 0.00000 270.34160 -1.00000 0.00000 -999 256.76349
0.20227 0.91440 0.02665 -0.64899 259.86537 0.00000 270.33315 -1.00000 0.00000 -999 259.86537
0.20227 0.91440 0.02665 -0.64899 259.86538 0.00000 270.33315 -1.00000 0.00000 -999 259.86538
0.19400 0.91440 0.02745 -0.66993 263.00342 0.00000 270.32446 -1.00000 0.00000 -999 263.00342
0.19400 0.91440 0.02745 -0.66993 263.00342 0.00000 270.32446 -1.00000 0.00000 -999 263.00342
0.18572 0.91440 0.02820 -0.69156 266.10578 0.00000 270.31554 -1.00000 0.00000 -999 266.10578
0.18572 0.91440 0.02820 -0.69156 266.10578 0.00000 270.31554 -1.00000 0.00000 -999 266.10578
0.17766 0.91440 0.02889 -0.71338 269.11343 0.00000 270.30656 -1.00000 0.00000 -999 269.11343
0.17766 0.91440 0.02889 -0.71338 269.11344 0.00000 270.30656 -1.00000 0.00000 -999 269.11344
0.16997 0.91440 0.02950 -0.73472 272.00175 0.00000 270.29769 -1.00000 0.00000 -999 272.00175
0.16997 0.91440 0.02950 -0.73472 272.00176 0.00000 270.29769 -1.00000 0.00000 -999 272.00176
0.16265 0.91440 0.03004 -0.75567 274.78045 0.00000 270.28898 -1.00000 0.00000 -999 274.78045
0.16265 0.91440 0.03004 -0.75567 274.78046 0.00000 270.28898 -1.00000 0.00000 -999 274.78046
0.15567 0.91440 0.03051 -0.77624 277.48649 0.00000 270.28042 -1.00000 0.00000 -999 277.48649
0.15567 0.91440 0.03051 -0.77624 277.48650 0.00000 270.28042 -1.00000 0.00000 -999 277.48650
0.14903 0.91440 0.03092 -0.79641 280.16292 0.00000 270.27202 -1.00000 0.00000 -999 280.16292
0.14903 0.91440 0.03092 -0.79641 280.16292 0.00000 270.27202 -1.00000 0.00000 -999 280.16292
0.14269 0.91440 0.03127 -0.81618 282.84579 0.00000 270.26377 -1.00000 0.00000 -999 282.84579
0.14269 0.91440 0.03127 -0.81618 282.84579 0.00000 270.26377 -1.00000 0.00000 -999 282.84579
0.13666 0.91440 0.03156 -0.83561 285.55371 0.00000 270.25567 -1.00000 0.00000 -999 285.55371
0.13666 0.91440 0.03156 -0.83561 285.55372 0.00000 270.25567 -1.00000 0.00000 -999 285.55372
0.13091 0.91440 0.03181 -0.85462 288.28640 0.00000 270.24773 -1.00000 0.00000 -999 288.28640
0.13091 0.91440 0.03181 -0.85462 288.28640 0.00000 270.24773 -1.00000 0.00000 -999 288.28640
0.12544 0.91440 0.03201 -0.87328 291.03279 0.00000 270.23992 -1.00000 0.00000 -999 291.03279
0.12544 0.91440 0.03201 -0.87328 291.03279 0.00000 270.23992 -1.00000 0.00000 -999 291.03279
0.12022 0.91440 0.03217 -0.89161 293.77606 0.00000 270.23226 -1.00000 0.00000 -999 293.77606
0.12022 0.91440 0.03217 -0.89161 293.77607 0.00000 270.23226 -1.00000 0.00000 -999 293.77607
0.11525 0.91440 0.03228 -0.90952 296.50463 0.00000 270.22473 -1.00000 0.00000 -999 296.50463
0.11525 0.91440 0.03228 -0.90952 296.50464 0.00000 270.22473 -1.00000 0.00000 -999 296.50464
0.11525 0.91440 0.03228 -0.90952 296.50465 0.00000 270.22473 -1.00000 0.00000 -999 296.50465
0.11052 0.91440 0.03237 -0.92728 299.21274 0.00000 270.21732 -1.00000 0.00000 -999 299.21274
0.10601 0.91440 0.03242 -0.94443 301.90482 0.00000 270.21007 -1.00000 0.00000 -999 301.90482
0.10601 0.91440 0.03242 -0.94443 301.90483 0.00000 270.21007 -1.00000 0.00000 -999 301.90483
0.10172 0.91440 0.03244 -0.96156 304.59616 0.00000 270.20294 -1.00000 0.00000 -999 304.59616
0.10172 0.91440 0.03244 -0.96156 304.59616 0.00000 270.20294 -1.00000 0.00000 -999 304.59616
0.09763 0.91440 0.03244 -0.97799 307.29286 0.00000 270.19593 -1.00000 0.00000 -999 307.29286
0.09763 0.91440 0.03244 -0.97799 307.29287 0.00000 270.19593 -1.00000 0.00000 -999 307.29287
0.09374 0.91440 0.03241 -0.99481 310.00120 0.00000 270.18899 -1.00000 0.00000 -999 310.00120
0.09374 0.91440 0.03241 -0.99481 310.00121 0.00000 270.18899 -1.00000 0.00000 -999 310.00121
0.09003 0.91440 0.03235 -1.01057 312.70757 0.00000 270.18212 -1.00000 0.00000 -999 312.70757
0.09003 0.91440 0.03235 -1.01057 312.70758 0.00000 270.18212 -1.00000 0.00000 -999 312.70758
0.09003 0.91440 0.03235 -1.01057 312.70758 0.00000 270.18212 -1.00000 0.00000 -999 312.70758
0.08618 0.91440 0.03227 -1.02769 315.39710 0.00000 270.17496 -1.00000 0.00000 -999 315.39710
0.08234 0.91440 0.03217 -1.04559 318.21466 0.00000 270.16743 -1.00000 0.00000 -999 318.21466
0.08234 0.91440 0.03217 -1.04559 318.21467 0.00000 270.16743 -1.00000 0.00000 -999 318.21467
0.07849 0.91440 0.03203 -1.06405 321.30675 0.00000 270.15961 -1.00000 0.00000 -999 321.30675
0.07849 0.91440 0.03203 -1.06405 321.30676 0.00000 270.15961 -1.00000 0.00000 -999 321.30676
0.07465 0.91440 0.03187 -1.08328 324.72632 0.00000 270.15148 -1.00000 0.00000 -999 324.72632
0.07465 0.91440 0.03187 -1.08328 324.72633 0.00000 270.15148 -1.00000 0.00000 -999 324.72633
0.07080 0.91440 0.03167 -1.10338 328.45784 0.00000 270.14297 -1.00000 0.00000 -999 328.45784
0.07080 0.91440 0.03167 -1.10338 328.45785 0.00000 270.14297 -1.00000 0.00000 -999 328.45785
0.06696 0.91440 0.03144 -1.12438 332.44692 0.00000 270.13407 -1.00000 0.00000 -999 332.44692
0.06696 0.91440 0.03144 -1.12438 332.44693 0.00000 270.13407 -1.00000 0.00000 -999 332.44693
0.06312 0.91440 0.03117 -1.14633 336.79605 0.00006 270.11854 -0.33334 0.00000 -999 336.64005
0.06312 0.91440 0.03117 -1.14633 336.79606 0.00006 270.11854 -0.33333 0.00000 -999 336.64006
0.05929 0.91440 0.03087 -1.16967 341.56339 0.00018 270.06608 -0.42857 0.00000 -999 341.42778
0.05929 0.91440 0.03087 -1.16967 341.56340 0.00018 270.06608 -0.42857 0.00000 -999 341.42779
0.05929 0.91440 0.03087 -1.16967 341.56341 0.00018 270.06608 -0.42857 0.00000 -999 341.42780
0.05545 0.91440 0.03052 -1.19405 346.55511 0.00028 270.00459 -1.00000 0.00000 -999 346.55511
0.05545 0.91440 0.03052 -1.19405 346.55513 0.00028 270.00459 -1.00000 0.00000 -999 346.55513
0.05163 0.91440 0.03012 -1.22018 351.34262 0.00035 269.96960 -1.00000 0.00000 -999 351.34262
0.05163 0.91440 0.03012 -1.22018 351.34263 0.00035 269.96960 -1.00000 0.00000 -999 351.34263
0.04780 0.91440 0.02967 -1.24782 356.43467 0.00102 269.73439 -1.00000 0.00000 -999 356.43467
0.04780 0.91440 0.02967 -1.24782 356.43469 0.00102 269.73439 -1.00000 0.00000 -999 356.43469
0.04399 0.91440 0.02917 -1.27758 360.65391 0.00137 269.61023 -1.00000 0.00000 -999 360.65391
0.04018 0.91440 0.02861 -1.30932 365.18575 0.00184 269.44782 -1.00000 0.00000 -999 365.18575
0.04018 0.91440 0.02861 -1.30932 365.18577 0.00184 269.44782 -1.00000 0.00000 -999 365.18577
0.03638 0.91440 0.02798 -1.34413 371.41822 0.00301 269.05976 -1.00000 0.00000 -999 371.41822
0.03638 0.91440 0.02798 -1.34413 371.41823 0.00301 269.05976 -1.00000 0.00000 -999 371.41823
0.03260 0.91440 0.02728 -1.38100 388.80690 0.00487 268.59525 -0.33334 0.00009 -999 378.15941
0.03260 0.91440 0.02728 -1.38100 388.80697 0.00487 268.59525 -0.33333 0.00009 -999 378.15943
0.02883 0.91440 0.02649 -1.42282 422.15868 0.00743 268.30803 0.66666 0.00032 -999 385.53898
0.02883 0.91440 0.02649 -1.42282 422.15875 0.00743 268.30803 0.66667 0.00032 -999 385.53900
0.02509 0.91440 0.02559 -1.46565 454.33870 0.01184 268.33915 1.00000 0.00051 -999 393.79119
0.02509 0.91440 0.02559 -1.46565 454.33880 0.01184 268.33915 1.00000 0.00051 -999 393.79122
0.02138 0.91440 0.02458 -1.51632 502.79763 0.01881 268.40404 1.00000 0.00083 -999 403.05264
0.02138 0.91440 0.02458 -1.51632 502.79777 0.01881 268.40404 1.00000 0.00083 -999 403.05266
0.01771 0.91440 0.02342 -1.56284 574.99191 0.02963 268.49230 1.00000 0.00134 -999 413.40592
0.01771 0.91440 0.02342 -1.56284 574.99213 0.02963 268.49230 1.00000 0.00134 -999 413.40595
0.01410 0.91440 0.02208 -1.62062 683.37126 0.04719 268.61173 1.00000 0.00217 -999 425.15215
0.01410 0.91440 0.02208 -1.62062 683.37157 0.04719 268.61173 1.00000 0.00217 -999 425.15219
0.01059 0.91440 0.02051 -1.64441 835.48123 0.07757 268.80882 1.00000 0.00362 -999 437.11337
0.01059 0.91440 0.02051 -1.64441 835.48165 0.07757 268.80882 1.00000 0.00362 -999 437.11340
0.00723 0.91440 0.01863 -1.64549 989.53277 0.12897 269.16490 1.00000 0.00600 -999 446.38941
0.00723 0.91440 0.01863 -1.64549 989.53314 0.12897 269.16490 1.00000 0.00600 -999 446.38943
0.00464 0.91440 0.01674 -1.55766 1101.82077 0.20627 269.76376 1.00000 0.00929 -999 456.05525
0.00464 0.91440 0.01674 -1.55766 1101.82101 0.20627 269.76376 1.00000 0.00929 -999 456.05528
0.00277 0.91440 0.01488 -1.31970 1178.70467 0.30637 270.56957 1.00000 0.01262 -999 475.77250
0.00277 0.91440 0.01488 -1.31970 1178.70487 0.30637 270.56957 1.00000 0.01262 -999 475.77256
0.00147 0.91440 0.01304 -0.90474 1248.49630 0.43166 271.57080 1.00000 0.01487 -999 501.06752
0.00147 0.91440 0.01304 -0.90474 1248.49644 0.43167 271.57080 1.00000 0.01487 -999 501.06757
0.00068 0.91440 0.01119 -0.33557 1243.76322 0.57386 272.70040 0.92200 0.01284 -999 503.72498
0.00068 0.91440 0.01119 -0.33557 1243.76314 0.57386 272.70040 0.92200 0.01284 -999 503.72496
0.00032 0.91440 0.00930 0.25495 1002.93498 0.67715 273.15000 0.64945 0.00626 -999 467.47656
0.00032 0.91440 0.00930 0.25495 1002.93442 0.67715 273.15000 0.64945 0.00626 -999 467.47648
0.00041 0.91440 0.00737 0.72797 612.70105 0.72045 273.15000 0.37914 0.00174 -999 415.88227
0.00041 0.91440 0.00737 0.72797 612.70015 0.72045 273.15000 0.37914 0.00174 -999 415.88214
0.00041 0.91440 0.00737 0.72797 612.69954 0.72045 273.15000 0.37914 0.00174 -999 415.88201
0.00095 0.91440 0.00542 0.97872 394.56932 0.70325 273.15000 0.26641 0.00025 -999 367.48873
0.00199 0.91440 0.00341 1.03921 328.92917 0.64792 273.15000 0.24810 0.00001 -999 328.28706
0.00199 0.91440 0.00341 1.03921 328.92901 0.64792 273.15000 0.24810 0.00001 -999 328.28696
0.00360 0.91440 0.00130 0.96041 307.65181 0.57101 273.15000 0.26308 0.00015 -999 294.77381
0.00360 0.91440 0.00130 0.96041 307.65175 0.57101 273.15000 0.26308 0.00015 -999 294.77373
0.00592 0.91440 -0.00095 0.81669 304.27421 0.47730 273.15000 0.30582 0.00048 -999 266.42275
0.00592 0.91440 -0.00095 0.81669 304.27420 0.47730 273.15000 0.30582 0.00048 -999 266.42268
0.00901 0.91440 -0.00328 0.65660 308.55816 0.39216 273.15000 0.36843 0.00085 -999 246.26631
0.00901 0.91440 -0.00328 0.65660 308.55816 0.39216 273.15000 0.36843 0.00085 -999 246.26625
0.01229 0.91440 -0.00533 0.52719 320.33932 0.32396 273.15000 0.45416 0.00120 -999 236.59617
0.01229 0.91440 -0.00533 0.52718 320.33935 0.32396 273.15000 0.45416 0.00120 -999 236.59615
0.01569 0.91440 -0.00716 0.42565 344.61617 0.27237 273.15000 0.57030 0.00155 -999 237.45767
0.01569 0.91440 -0.00716 0.42565 344.61623 0.27237 273.15000 0.57030 0.00155 -999 237.45767
0.01569 0.91440 -0.00716 0.42565 344.61632 0.27237 273.15000 0.57030 0.00155 -999 237.45769
0.01919 0.91440 -0.00882 0.34290 380.31413 0.23016 273.15000 0.73586 0.00194 -999 244.86893
0.02274 0.91440 -0.01034 0.27561 418.82242 0.19899 272.98790 0.92052 0.00233 -999 253.69305
0.02274 0.91440 -0.01034 0.27561 418.82251 0.19899 272.98790 0.92052 0.00233 -999 253.69307
0.02634 0.91440 -0.01175 0.21911 436.30097 0.17495 272.55220 1.00000 0.00240 -999 261.28323
0.02634 0.91440 -0.01175 0.21911 436.30101 0.17495 272.55220 1.00000 0.00240 -999 261.28325
0.02634 0.91440 -0.01175 0.21911 436.30100 0.17495 272.55219 1.00000 0.00240 -999 261.28327
0.02998 0.91440 -0.01306 0.17164 434.20359 0.15459 272.15000 1.00000 0.00224 -999 266.34291
0.03365 0.91440 -0.01429 0.13078 429.77841 0.13750 271.82099 1.00000 0.00209 -999 269.97812
0.03365 0.91440 -0.01429 0.13078 429.77840 0.13750 271.82099 1.00000 0.00209 -999 269.97813
0.03734 0.91440 -0.01544 0.09559 424.48857 0.12335 271.54706 1.00000 0.00195 -999 272.58254
0.03734 0.91440 -0.01544 0.09559 424.48856 0.12335 271.54706 1.00000 0.00195 -999 272.58255
0.04105 0.91440 -0.01653 0.06487 416.27565 0.10879 271.27142 1.00000 0.00179 -999 274.55263
0.04106 0.91440 -0.01653 0.06487 416.27564 0.10879 271.27142 1.00000 0.00179 -999 274.55263
0.04106 0.91440 -0.01653 0.06487 416.27562 0.10879 271.27142 1.00000 0.00179 -999 274.55264
0.04478 0.91440 -0.01755 0.03784 407.69022 0.09769 271.06547 1.00000 0.00166 -999 275.45560
0.04853 0.91440 -0.01853 0.01394 398.63729 0.08867 270.90353 1.00000 0.00154 -999 275.59022
0.04853 0.91440 -0.01853 0.01394 398.63726 0.08867 270.90353 1.00000 0.00154 -999 275.59022
0.05228 0.91440 -0.01945 -0.00730 387.30301 0.07861 270.72001 1.00000 0.00139 -999 275.28958
0.05228 0.91440 -0.01945 -0.00730 387.30299 0.07861 270.72001 1.00000 0.00139 -999 275.28958
0.05605 0.91440 -0.02033 -0.02634 378.03503 0.07102 270.57704 1.00000 0.00128 -999 274.67405
0.05605 0.91440 -0.02033 -0.02634 378.03501 0.07102 270.57704 1.00000 0.00128 -999 274.67405
0.05982 0.91440 -0.02117 -0.04329 369.82880 0.06477 270.45505 1.00000 0.00119 -999 273.94159
0.05982 0.91440 -0.02117 -0.04329 369.82878 0.06477 270.45504 1.00000 0.00119 -999 273.94159
0.06361 0.91440 -0.02197 -0.05865 359.44979 0.05737 270.30919 1.00000 0.00107 -999 273.06294
0.06361 0.91440 -0.02197 -0.05865 359.44977 0.05737 270.30919 1.00000 0.00107 -999 273.06294
0.06361 0.91440 -0.02197 -0.05865 359.44975 0.05737 270.30919 1.00000 0.00107 -999 273.06294
0.06740 0.91440 -0.02274 -0.07247 351.22484 0.05179 270.19567 1.00000 0.00098 -999 272.15150
0.06740 0.91440 -0.02274 -0.07247 351.22483 0.05179 270.19567 1.00000 0.00098 -999 272.15149
0.07120 0.91440 -0.02347 -0.08495 344.23819 0.04736 270.10202 1.00000 0.00091 -999 271.15736
0.07120 0.91440 -0.02347 -0.08495 344.23817 0.04736 270.10202 1.00000 0.00091 -999 271.15736
0.07500 0.91440 -0.02417 -0.09626 336.27713 0.04249 269.99762 1.00000 0.00082 -999 270.13454
0.07881 0.91440 -0.02483 -0.10657 329.91692 0.03875 269.91643 1.00000 0.00076 -999 269.21443
0.07881 0.91440 -0.02483 -0.10657 329.91690 0.03875 269.91643 1.00000 0.00076 -999 269.21442
0.08262 0.91440 -0.02547 -0.11585 324.51351 0.03582 269.85058 1.00000 0.00071 -999 268.10301
0.08262 0.91440 -0.02547 -0.11585 324.51350 0.03582 269.85058 1.00000 0.00071 -999 268.10301
0.08644 0.91440 -0.02609 -0.12440 317.51994 0.03197 269.76179 1.00000 0.00063 -999 266.95852
0.08644 0.91440 -0.02609 -0.12440 317.51993 0.03197 269.76179 1.00000 0.00063 -999 266.95852
0.09021 0.91440 -0.02667 -0.13205 311.25518 0.02864 269.68428 1.00000 0.00057 -999 265.79276
0.09021 0.91440 -0.02667 -0.13205 311.25516 0.02864 269.68428 1.00000 0.00057 -999 265.79275
0.09416 0.91440 -0.02725 -0.13908 306.76841 0.02649 269.63256 1.00000 0.00053 -999 264.61437
0.09416 0.91440 -0.02725 -0.13908 306.76840 0.02649 269.63256 1.00000 0.00053 -999 264.61437
0.09416 0.91440 -0.02725 -0.13908 306.76839 0.02649 269.63256 1.00000 0.00053 -999 264.61437
0.09832 0.91440 -0.02783 -0.14603 301.67237 0.02400 269.57113 1.00000 0.00049 -999 263.40786
0.09832 0.91440 -0.02783 -0.14603 301.67236 0.02400 269.57113 1.00000 0.00049 -999 263.40786
0.10270 0.91440 -0.02842 -0.15245 296.50272 0.02151 269.50842 1.00000 0.00044 -999 262.16038
0.10270 0.91440 -0.02842 -0.15245 296.50271 0.02151 269.50842 1.00000 0.00044 -999 262.16038
0.10729 0.91440 -0.02901 -0.15852 290.75862 0.01870 269.43634 1.00000 0.00038 -999 260.86401
0.11212 0.91440 -0.02959 -0.16416 286.20639 0.01670 269.38375 1.00000 0.00034 -999 259.51050
0.11212 0.91440 -0.02959 -0.16416 286.20637 0.01670 269.38375 1.00000 0.00034 -999 259.51050
0.11212 0.91440 -0.02959 -0.16416 286.20636 0.01670 269.38375 1.00000 0.00034 -999 259.51049
0.11719 0.91440 -0.03017 -0.16935 281.19288 0.01446 269.32335 1.00000 0.00030 -999 258.09968
0.11719 0.91440 -0.03017 -0.16935 281.19287 0.01446 269.32335 1.00000 0.00030 -999 258.09968
0.12252 0.91440 -0.03075 -0.17406 276.41922 0.01239 269.26667 1.00000 0.00026 -999 256.64647
0.12812 0.91440 -0.03132 -0.17828 272.38896 0.01081 269.22260 1.00000 0.00022 -999 255.17640
0.12812 0.91440 -0.03132 -0.17828 272.38895 0.01081 269.22260 1.00000 0.00022 -999 255.17639
0.13400 0.91440 -0.03188 -0.18200 268.51945 0.00932 269.18023 1.00000 0.00019 -999 253.71628
0.13400 0.91440 -0.03188 -0.18200 268.51944 0.00932 269.18023 1.00000 0.00019 -999 253.71628
0.14019 0.91440 -0.03243 -0.18521 265.03355 0.00793 269.13996 1.00000 0.00017 -999 252.47054
0.14019 0.91440 -0.03243 -0.18521 265.03354 0.00793 269.13996 1.00000 0.00017 -999 252.47053
0.14668 0.91440 -0.03297 -0.18787 261.21447 0.00656 269.09987 1.00000 0.00014 -999 250.86452
0.14668 0.91440 -0.03297 -0.18787 261.21446 0.00656 269.09987 1.00000 0.00014 -999 250.86451
0.14668 0.91440 -0.03297 -0.18787 261.21445 0.00656 269.09987 1.00000 0.00014 -999 250.86451
0.15350 0.91440 -0.03349 -0.19002 256.91885 0.00497 269.05250 1.00000 0.00010 -999 249.11141
0.15350 0.91440 -0.03349 -0.19002 256.91884 0.00497 269.05250 1.00000 0.00010 -999 249.11141
0.16067 0.91440 -0.03400 -0.19157 254.52890 0.00420 269.02985 1.00000 0.00009 -999 247.94894
0.16820 0.91440 -0.03448 -0.19259 250.56496 0.00339 269.11005 0.33334 0.00005 -999 246.71967
0.16820 0.91440 -0.03448 -0.19259 250.56495 0.00339 269.11005 0.33333 0.00005 -999 246.71966
0.17610 0.91440 -0.03494 -0.19299 244.64522 0.00249 269.41645 -1.00000 0.00000 -999 244.64522
0.17610 0.91440 -0.03494 -0.19299 244.64521 0.00249 269.41645 -1.00000 0.00000 -999 244.64521
0.17610 0.91440 -0.03494 -0.19299 244.64521 0.00249 269.41645 -1.00000 0.00000 -999 244.64521
0.18433 0.91440 -0.03537 -0.19277 242.59827 0.00180 269.71823 -1.00000 0.00000 -999 242.59827
0.18433 0.91440 -0.03537 -0.19277 242.59827 0.00180 269.71823 -1.00000 0.00000 -999 242.59827
0.19255 0.91440 -0.03576 -0.19220 240.98316 0.00133 269.92328 -1.00000 0.00000 -999 240.98316
0.19255 0.91440 -0.03576 -0.19220 240.98316 0.00133 269.92328 -1.00000 0.00000 -999 240.98316
0.20078 0.91440 -0.03609 -0.19099 239.13599 0.00091 270.10828 -1.00000 0.00000 -999 239.13599
0.20078 0.91440 -0.03609 -0.19099 239.13598 0.00091 270.10828 -1.00000 0.00000 -999 239.13598
0.20900 0.91440 -0.03639 -0.18944 237.34905 0.00063 270.23674 -1.00000 0.00000 -999 237.34905
0.20900 0.91440 -0.03639 -0.18944 237.34904 0.00063 270.23674 -1.00000 0.00000 -999 237.34904
0.21723 0.91440 -0.03665 -0.18746 235.63911 0.00044 270.31964 -1.00000 0.00000 -999 235.63911
0.21723 0.91440 -0.03665 -0.18746 235.63911 0.00044 270.31964 -1.00000 0.00000 -999 235.63911
0.22546 0.91440 -0.03687 -0.18519 234.00261 0.00030 270.38531 -1.00000 0.00000 -999 234.00261
0.23369 0.91440 -0.03706 -0.18261 232.42359 0.00020 270.43318 -1.00000 0.00000 -999 232.42359
0.23369 0.91440 -0.03706 -0.18261 232.42359 0.00020 270.43318 -1.00000 0.00000 -999 232.42359
0.24193 0.91440 -0.03721 -0.17979 230.88599 0.00006 270.49722 -0.66667 0.00000 -999 230.88067
0.24193 0.91440 -0.03721 -0.17979 230.88598 0.00006 270.49722 -0.66667 0.00000 -999 230.88066
0.24193 0.91440 -0.03721 -0.17979 230.88598 0.00006 270.49722 -0.66667 0.00000 -999 230.88066
0.25016 0.91440 -0.03733 -0.17674 229.36796 0.00004 270.51270 -0.00000 0.00000 -999 229.35402
0.25839 0.91440 -0.03742 -0.17350 227.84425 0.00002 270.52100 -0.33333 0.00000 -999 227.83068
0.25839 0.91440 -0.03742 -0.17350 227.84424 0.00002 270.52100 -0.33333 0.00000 -999 227.83068
0.26662 0.91440 -0.03749 -0.17009 226.30617 0.00000 270.52893 -1.00000 0.00000 -999 226.30617
0.26662 0.91440 -0.03749 -0.17009 226.30616 0.00000 270.52893 -1.00000 0.00000 -999 226.30616
0.27486 0.91440 -0.03752 -0.16651 224.78180 0.00000 270.53038 -1.00000 0.00000 -999 224.78180
0.27486 0.91440 -0.03752 -0.16651 224.78179 0.00000 270.53038 -1.00000 0.00000 -999 224.78179
0.27486 0.91440 -0.03752 -0.16651 224.78179 0.00000 270.53038 -1.00000 0.00000 -999 224.78179
0.28309 0.91440 -0.03753 -0.16278 223.26266 0.00000 270.53188 -1.00000 0.00000 -999 223.26266
0.29132 0.91440 -0.03751 -0.15892 221.75807 0.00000 270.53344 -1.00000 0.00000 -999 221.75807
0.29132 0.91440 -0.03751 -0.15892 221.75807 0.00000 270.53344 -1.00000 0.00000 -999 221.75807
0.29956 0.91440 -0.03747 -0.15494 220.27986 0.00000 270.53505 -1.00000 0.00000 -999 220.27986
0.29956 0.91440 -0.03747 -0.15494 220.27986 0.00000 270.53505 -1.00000 0.00000 -999 220.27986
0.29956 0.91440 -0.03747 -0.15494 220.27985 0.00000 270.53505 -1.00000 0.00000 -999 220.27985
0.30779 0.91440 -0.03741 -0.15084 218.83856 0.00000 270.53670 -1.00000 0.00000 -999 218.83856
0.31602 0.91440 -0.03733 -0.14662 217.44083 0.00000 270.53840 -1.00000 0.00000 -999 217.44083
0.31602 0.91440 -0.03733 -0.14662 217.44082 0.00000 270.53840 -1.00000 0.00000 -999 217.44082
0.31602 0.91440 -0.03733 -0.14662 217.44082 0.00000 270.53840 -1.00000 0.00000 -999 217.44082
0.32425 0.91440 -0.03722 -0.14228 216.08837 0.00000 270.54015 -1.00000 0.00000 -999 216.08837
0.32425 0.91440 -0.03722 -0.14228 216.08837 0.00000 270.54015 -1.00000 0.00000 -999 216.08837
0.33249 0.91440 -0.03709 -0.13783 214.77960 0.00000 270.54195 -1.00000 0.00000 -999 214.77960
0.33249 0.91440 -0.03709 -0.13783 214.77960 0.00000 270.54195 -1.00000 0.00000 -999 214.77960
0.34072 0.91440 -0.03695 -0.13326 213.51103 0.00000 270.54379 -1.00000 0.00000 -999 213.51103
0.34072 0.91440 -0.03695 -0.13326 213.51102 0.00000 270.54379 -1.00000 0.00000 -999 213.51102
0.34895 0.91440 -0.03678 -0.12857 212.27678 0.00000 270.54568 -1.00000 0.00000 -999 212.27678
0.34895 0.91440 -0.03678 -0.12857 212.27678 0.00000 270.54568 -1.00000 0.00000 -999 212.27678
0.35718 0.91440 -0.03660 -0.12374 211.06811 0.00000 270.54763 -1.00000 0.00000 -999 211.06811
0.35718 0.91440 -0.03660 -0.12374 211.06810 0.00000 270.54763 -1.00000 0.00000 -999 211.06810
0.36541 0.91440 -0.03640 -0.11875 209.87674 0.00000 270.54964 -1.00000 0.00000 -999 209.87674
0.36541 0.91440 -0.03640 -0.11875 209.87674 0.00000 270.54964 -1.00000 0.00000 -999 209.87674
0.37364 0.91440 -0.03618 -0.11361 208.69728 0.00000 270.55171 -1.00000 0.00000 -999 208.69728
0.37364 0.91440 -0.03618 -0.11361 208.69728 0.00000 270.55171 -1.00000 0.00000 -999 208.69728
0.38187 0.91440 -0.03594 -0.10831 207.52280 0.00000 270.55385 -1.00000 0.00000 -999 207.52280
0.38187 0.91440 -0.03594 -0.10831 207.52280 0.00000 270.55385 -1.00000 0.00000 -999 207.52280
0.39010 0.91440 -0.03569 -0.10278 206.34183 0.00000 270.55608 -1.00000 0.00000 -999 206.34183
0.39010 0.91440 -0.03569 -0.10278 206.34183 0.00000 270.55608 -1.00000 0.00000 -999 206.34183
0.39833 0.91440 -0.03542 -0.09703 205.14562 0.00000 270.55840 -1.00000 0.00000 -999 205.14562
0.39833 0.91440 -0.03542 -0.09703 205.14561 0.00000 270.55840 -1.00000 0.00000 -999 205.14561
0.40656 0.91440 -0.03513 -0.09102 203.92887 0.00000 270.56082 -1.00000 0.00000 -999 203.92887
0.40656 0.91440 -0.03513 -0.09102 203.92887 0.00000 270.56082 -1.00000 0.00000 -999 203.92887
0.41478 0.91440 -0.03482 -0.08472 202.68424 0.00000 270.56336 -1.00000 0.00000 -999 202.68424
0.41478 0.91440 -0.03482 -0.08472 202.68423 0.00000 270.56336 -1.00000 0.00000 -999 202.68423
0.42301 0.91440 -0.03450 -0.07805 201.40094 0.00000 270.56605 -1.00000 0.00000 -999 201.40094
0.42301 0.91440 -0.03450 -0.07805 201.40094 0.00000 270.56605 -1.00000 0.00000 -999 201.40094
0.43124 0.91440 -0.03417 -0.07096 199.94002 0.00000 270.56918 -1.00000 0.00000 -999 199.94002
0.43124 0.91440 -0.03417 -0.07096 199.94002 0.00000 270.56918 -1.00000 0.00000 -999 199.94002
0.43946 0.91440 -0.03381 -0.06343 198.49787 0.00000 270.57235 -1.00000 0.00000 -999 198.49787
0.43946 0.91440 -0.03381 -0.06343 198.49787 0.00000 270.57235 -1.00000 0.00000 -999 198.49787
0.44769 0.91440 -0.03344 -0.05533 197.23271 0.00000 270.57520 -1.00000 0.00000 -999 197.23271
0.44769 0.91440 -0.03344 -0.05533 197.23271 0.00000 270.57520 -1.00000 0.00000 -999 197.23271
0.45591 0.91440 -0.03305 -0.04655 195.69617 0.00000 270.57873 -1.00000 0.00000 -999 195.69617
0.45591 0.91440 -0.03305 -0.04655 195.69617 0.00000 270.57873 -1.00000 0.00000 -999 195.69617
0.46413 0.91440 -0.03265 -0.03697 194.05695 0.00000 270.58259 -1.00000 0.00000 -999 194.05695
0.46413 0.91440 -0.03265 -0.03697 194.05694 0.00000 270.58259 -1.00000 0.00000 -999 194.05694
0.47236 0.91440 -0.03223 -0.02645 192.28984 0.00000 270.58684 -1.00000 0.00000 -999 192.28984
0.47236 0.91440 -0.03223 -0.02645 192.28984 0.00000 270.58684 -1.00000 0.00000 -999 192.28984
0.48058 0.91440 -0.03179 -0.01469 190.35785 0.00000 270.59157 -1.00000 0.00000 -999 190.35785
0.48058 0.91440 -0.03179 -0.01469 190.35785 0.00000 270.59157 -1.00000 0.00000 -999 190.35785
0.48880 0.91440 -0.03133 -0.00149 188.20933 0.00000 270.59692 -1.00000 0.00000 -999 188.20933
0.48880 0.91440 -0.03133 -0.00149 188.20933 0.00000 270.59692 -1.00000 0.00000 -999 188.20933
0.49702 0.91440 -0.03085 0.01375 185.76695 0.00000 270.60305 -1.00000 0.00000 -999 185.76695
0.49702 0.91440 -0.03085 0.01375 185.76694 0.00000 270.60305 -1.00000 0.00000 -999 185.76694
0.50524 0.91440 -0.03035 0.03142 182.64512 0.00000 270.61102 -1.00000 0.00000 -999 182.64512
0.50524 0.91440 -0.03035 0.03142 182.64512 0.00000 270.61102 -1.00000 0.00000 -999 182.64512
0.51345 0.91440 -0.02984 0.05292 179.78983 0.00000 270.61867 -1.00000 0.00000 -999 179.78983
0.52100 0.91440 -0.02935 0.07694 176.86528 0.00000 270.62680 -1.00000 0.00000 -999 176.86528
0.52100 0.91440 -0.02935 0.07694 176.86527 0.00000 270.62680 -1.00000 0.00000 -999 176.86527
0.52100 0.91440 -0.02935 0.07694 176.86526 0.00000 270.62680 -1.00000 0.00000 -999 176.86526
0.52572 0.91440 -0.02903 0.09592 173.49580 0.00000 270.63520 -1.00000 0.00000 -999 173.49580
0.52572 0.91440 -0.02903 0.09592 173.49579 0.00000 270.63520 -1.00000 0.00000 -999 173.49579
0.52867 0.91440 -0.02883 0.10962 171.21698 0.00000 270.64063 -1.00000 0.00000 -999 171.21698
0.52867 0.91440 -0.02883 0.10962 171.21698 0.00000 270.64063 -1.00000 0.00000 -999 171.21698
0.53051 0.91440 -0.02871 0.11776 170.14524 0.00000 270.64467 -1.00000 0.00000 -999 170.14524
0.53051 0.91440 -0.02871 0.11776 170.14523 0.00000 270.64467 -1.00000 0.00000 -999 170.14523
0.53166 0.91440 -0.02863 0.12935 168.47047 0.00000 270.64648 -1.00000 0.00000 -999 168.47047
0.53166 0.91440 -0.02863 0.12935 168.47047 0.00000 270.64648 -1.00000 0.00000 -999 168.47047
0.53238 0.91440 -0.02858 0.11269 166.67029 0.00000 270.64530 -1.00000 0.00000 -999 166.67029

