#+++++++++++++++++++++++++++++++++++++++++++++++++++++++++++++++++++++++++++++++++++++++++++++++++++++++++++++++++++++++++++++++++
#
#   IPW-3 Cut/Slice DATA SUBMITTAL FORM for Test Case NACA0012_AE3933, May 18th 2026
#
#       NOMENCLATURE:
#                  X [m]:  X-coordinate of the surface (clean for reference)
#                  Y [m]:  Y-coordinate of the surface (clean for reference)
#                  Z [m]:  Z-coordinate of the surface (clean for reference)
#                 Cp [-]:  Pressure coefficient
#            HTC [W/m2K]:  Convective Heat Transfer Coefficient (on the rough surface)
#               Beta [-]:  Collection efficiency
#                 Ts [K]:  Surface temperature
#                 FF [-]:  Freezing fraction
#                  k [m]:  Surface roughness height if variable (OPTIONAL)
#         RhoIce [kg/m3]:  Ice density (OPTIONAL)
#      HTC_CLEAN [W/m2K]:  Convective Heat Transfer Coefficient on the surface without roughness (OPTIONAL)
#
#                XXmm:  Roughness height used for the case, in mm.
#                       In the zone name, use the format KS_XXmm.
#                       For example, if k_s = 1.5 mm, use KS_1p5mm.
#                       For Variable roughness, use KS_VAR
#
#    FLOW CONDITIONS:
#                                   AOA: 4.0 deg
#                           Mach Number: 0.3151 [-]
#       Mean aerodynamic chord (M.A.C.): 0.5334 [m]
#                       Reynolds Number: 3.9795 million (based on MAC)
#                       Freestream Temp: 267.55 [K]
#                        Reference area: 0.97548 [m2]
#               Moment Reference Center: 0.13335, 0, 0 [m] (X, Y, Z)
#
#    ICING CONDITIONS:
#                           Icing Time: 420 [s]
#                                  LWC: 0.55 [g/m3]
#                                  MVD: 20 [μm]
#
#              NOTES: 1. Please use at least 5 decimal places in the numerical values
#                     2. If data are NOT provided, please fill data fields with a numerical value of "-999"
#
#++++++++++++++++++++++++++++++++++++++++++++++++++++++++++++++++++++++++++++++++++++++++++++++++++++++++++++++++++++

VARIABLES = "X" "Y" "Z" "Cp" "HTC" "Beta" "Ts" "FF" "k" "RhoIce" "HTC_CLEAN"

ZONE T="SLICE_Y_0p9144_BINS01_KS_VAR_CUTDATA"
0.53247 0.91440 -0.02724 0.11254 163.26994 0.00000 270.64498 -1.00000 0.00000 -999 163.26994
0.53247 0.91440 -0.02724 0.11254 163.26990 0.00000 270.64498 -1.00000 0.00000 -999 163.26990
0.53222 0.91440 -0.02718 0.12601 155.45689 0.00000 270.64646 -1.00000 0.00000 -999 155.45689
0.53222 0.91440 -0.02718 0.12601 155.45683 0.00000 270.64646 -1.00000 0.00000 -999 155.45683
0.53183 0.91440 -0.02710 0.12146 148.28351 0.00000 270.64590 -1.00000 0.00000 -999 148.28351
0.53183 0.91440 -0.02710 0.12146 148.28349 0.00000 270.64590 -1.00000 0.00000 -999 148.28349
0.53119 0.91440 -0.02696 0.12035 146.62391 0.00000 270.64483 -1.00000 0.00000 -999 146.62391
0.53119 0.91440 -0.02696 0.12035 146.62391 0.00000 270.64483 -1.00000 0.00000 -999 146.62391
0.53017 0.91440 -0.02675 0.11561 147.70863 0.00000 270.64264 -1.00000 0.00000 -999 147.70863
0.53017 0.91440 -0.02675 0.11561 147.70864 0.00000 270.64264 -1.00000 0.00000 -999 147.70864
0.52854 0.91440 -0.02640 0.10745 149.09870 0.00000 270.63999 -1.00000 0.00000 -999 149.09870
0.52602 0.91440 -0.02587 0.09515 151.08006 0.00000 270.63584 -1.00000 0.00000 -999 151.08006
0.52602 0.91440 -0.02587 0.09515 151.08007 0.00000 270.63584 -1.00000 0.00000 -999 151.08007
0.52602 0.91440 -0.02587 0.09515 151.08009 0.00000 270.63584 -1.00000 0.00000 -999 151.08009
0.52349 0.91440 -0.02534 0.08302 153.79459 0.00000 270.63059 -1.00000 0.00000 -999 153.79459
0.52349 0.91440 -0.02534 0.08302 153.79460 0.00000 270.63059 -1.00000 0.00000 -999 153.79460
0.52097 0.91440 -0.02482 0.07157 156.18787 0.00000 270.62598 -1.00000 0.00000 -999 156.18787
0.52097 0.91440 -0.02482 0.07157 156.18789 0.00000 270.62598 -1.00000 0.00000 -999 156.18789
0.51845 0.91440 -0.02429 0.06045 158.41706 0.00000 270.62156 -1.00000 0.00000 -999 158.41706
0.51845 0.91440 -0.02429 0.06045 158.41707 0.00000 270.62156 -1.00000 0.00000 -999 158.41707
0.51592 0.91440 -0.02377 0.04983 160.49466 0.00000 270.61730 -1.00000 0.00000 -999 160.49466
0.51592 0.91440 -0.02377 0.04983 160.49467 0.00000 270.61730 -1.00000 0.00000 -999 160.49467
0.51340 0.91440 -0.02325 0.03955 162.44407 0.00000 270.61320 -1.00000 0.00000 -999 162.44407
0.51087 0.91440 -0.02273 0.02964 164.28149 0.00000 270.60923 -1.00000 0.00000 -999 164.28149
0.51087 0.91440 -0.02273 0.02964 164.28150 0.00000 270.60923 -1.00000 0.00000 -999 164.28150
0.51087 0.91440 -0.02273 0.02964 164.28151 0.00000 270.60923 -1.00000 0.00000 -999 164.28151
0.50835 0.91440 -0.02221 0.02006 166.02054 0.00000 270.60540 -1.00000 0.00000 -999 166.02054
0.50835 0.91440 -0.02221 0.02006 166.02056 0.00000 270.60540 -1.00000 0.00000 -999 166.02056
0.50582 0.91440 -0.02169 0.01079 167.66974 0.00000 270.60168 -1.00000 0.00000 -999 167.66974
0.50582 0.91440 -0.02169 0.01079 167.66976 0.00000 270.60168 -1.00000 0.00000 -999 167.66976
0.50329 0.91440 -0.02118 0.00180 169.24048 0.00000 270.59808 -1.00000 0.00000 -999 169.24048
0.50329 0.91440 -0.02118 0.00180 169.24049 0.00000 270.59808 -1.00000 0.00000 -999 169.24049
0.50077 0.91440 -0.02067 -0.00693 170.73959 0.00000 270.59459 -1.00000 0.00000 -999 170.73959
0.50077 0.91440 -0.02067 -0.00693 170.73960 0.00000 270.59459 -1.00000 0.00000 -999 170.73960
0.49824 0.91440 -0.02016 -0.01539 172.17280 0.00000 270.59119 -1.00000 0.00000 -999 172.17280
0.49571 0.91440 -0.01965 -0.02363 173.54547 0.00000 270.58789 -1.00000 0.00000 -999 173.54547
0.49571 0.91440 -0.01965 -0.02363 173.54548 0.00000 270.58789 -1.00000 0.00000 -999 173.54548
0.49571 0.91440 -0.01965 -0.02363 173.54549 0.00000 270.58789 -1.00000 0.00000 -999 173.54549
0.49318 0.91440 -0.01914 -0.03163 174.86352 0.00000 270.58468 -1.00000 0.00000 -999 174.86352
0.49318 0.91440 -0.01914 -0.03163 174.86353 0.00000 270.58468 -1.00000 0.00000 -999 174.86353
0.49066 0.91440 -0.01864 -0.03943 176.12987 0.00000 270.58155 -1.00000 0.00000 -999 176.12987
0.48813 0.91440 -0.01813 -0.04704 177.34957 0.00000 270.57849 -1.00000 0.00000 -999 177.34957
0.48813 0.91440 -0.01813 -0.04704 177.34957 0.00000 270.57849 -1.00000 0.00000 -999 177.34957
0.48813 0.91440 -0.01813 -0.04704 177.34958 0.00000 270.57849 -1.00000 0.00000 -999 177.34958
0.48560 0.91440 -0.01763 -0.05447 178.52613 0.00000 270.57551 -1.00000 0.00000 -999 178.52613
0.48560 0.91440 -0.01763 -0.05447 178.52614 0.00000 270.57551 -1.00000 0.00000 -999 178.52614
0.48307 0.91440 -0.01713 -0.06171 179.66165 0.00000 270.57259 -1.00000 0.00000 -999 179.66165
0.48307 0.91440 -0.01713 -0.06171 179.66166 0.00000 270.57259 -1.00000 0.00000 -999 179.66166
0.48054 0.91440 -0.01664 -0.06880 180.75915 0.00000 270.56975 -1.00000 0.00000 -999 180.75915
0.48054 0.91440 -0.01664 -0.06880 180.75916 0.00000 270.56975 -1.00000 0.00000 -999 180.75916
0.47801 0.91440 -0.01614 -0.07574 181.82208 0.00000 270.56696 -1.00000 0.00000 -999 181.82208
0.47548 0.91440 -0.01565 -0.08253 182.85277 0.00000 270.56422 -1.00000 0.00000 -999 182.85277
0.47548 0.91440 -0.01565 -0.08253 182.85278 0.00000 270.56422 -1.00000 0.00000 -999 182.85278
0.47295 0.91440 -0.01515 -0.08918 183.85307 0.00000 270.56155 -1.00000 0.00000 -999 183.85307
0.47295 0.91440 -0.01515 -0.08918 183.85308 0.00000 270.56155 -1.00000 0.00000 -999 183.85308
0.47295 0.91440 -0.01515 -0.08918 183.85309 0.00000 270.56155 -1.00000 0.00000 -999 183.85309
0.47042 0.91440 -0.01466 -0.09571 184.82480 0.00000 270.55892 -1.00000 0.00000 -999 184.82480
0.46789 0.91440 -0.01417 -0.10213 185.77013 0.00000 270.55634 -1.00000 0.00000 -999 185.77013
0.46789 0.91440 -0.01417 -0.10213 185.77014 0.00000 270.55634 -1.00000 0.00000 -999 185.77014
0.46535 0.91440 -0.01369 -0.10841 186.69057 0.00000 270.55381 -1.00000 0.00000 -999 186.69057
0.46535 0.91440 -0.01369 -0.10841 186.69058 0.00000 270.55381 -1.00000 0.00000 -999 186.69058
0.46282 0.91440 -0.01320 -0.11459 187.58795 0.00000 270.55132 -1.00000 0.00000 -999 187.58795
0.46282 0.91440 -0.01320 -0.11459 187.58795 0.00000 270.55132 -1.00000 0.00000 -999 187.58795
0.46029 0.91440 -0.01272 -0.12066 188.46395 0.00000 270.54887 -1.00000 0.00000 -999 188.46395
0.46029 0.91440 -0.01272 -0.12067 188.46396 0.00000 270.54887 -1.00000 0.00000 -999 188.46396
0.45776 0.91440 -0.01223 -0.12666 189.32012 0.00000 270.54645 -1.00000 0.00000 -999 189.32012
0.45776 0.91440 -0.01223 -0.12666 189.32013 0.00000 270.54645 -1.00000 0.00000 -999 189.32013
0.45522 0.91440 -0.01175 -0.13257 190.15841 0.00000 270.54407 -1.00000 0.00000 -999 190.15841
0.45522 0.91440 -0.01175 -0.13257 190.15842 0.00000 270.54407 -1.00000 0.00000 -999 190.15842
0.45269 0.91440 -0.01127 -0.13836 190.97849 0.00000 270.54173 -1.00000 0.00000 -999 190.97849
0.45269 0.91440 -0.01127 -0.13836 190.97850 0.00000 270.54173 -1.00000 0.00000 -999 190.97850
0.45016 0.91440 -0.01080 -0.14409 191.78149 0.00000 270.53942 -1.00000 0.00000 -999 191.78149
0.45016 0.91440 -0.01080 -0.14409 191.78150 0.00000 270.53942 -1.00000 0.00000 -999 191.78150
0.44762 0.91440 -0.01032 -0.14976 192.57082 0.00000 270.53714 -1.00000 0.00000 -999 192.57082
0.44762 0.91440 -0.01032 -0.14976 192.57082 0.00000 270.53714 -1.00000 0.00000 -999 192.57082
0.44509 0.91440 -0.00985 -0.15532 193.34580 0.00000 270.53489 -1.00000 0.00000 -999 193.34580
0.44509 0.91440 -0.00985 -0.15532 193.34580 0.00000 270.53489 -1.00000 0.00000 -999 193.34580
0.44255 0.91440 -0.00937 -0.16084 194.10672 0.00000 270.53266 -1.00000 0.00000 -999 194.10672
0.44255 0.91440 -0.00937 -0.16084 194.10673 0.00000 270.53266 -1.00000 0.00000 -999 194.10673
0.44255 0.91440 -0.00937 -0.16084 194.10673 0.00000 270.53266 -1.00000 0.00000 -999 194.10673
0.44002 0.91440 -0.00890 -0.16630 194.85652 0.00000 270.53046 -1.00000 0.00000 -999 194.85652
0.43748 0.91440 -0.00843 -0.17167 195.59450 0.00000 270.52829 -1.00000 0.00000 -999 195.59450
0.43748 0.91440 -0.00843 -0.17167 195.59450 0.00000 270.52829 -1.00000 0.00000 -999 195.59450
0.43495 0.91440 -0.00797 -0.17701 196.32153 0.00000 270.52613 -1.00000 0.00000 -999 196.32153
0.43495 0.91440 -0.00797 -0.17702 196.32153 0.00000 270.52613 -1.00000 0.00000 -999 196.32153
0.43241 0.91440 -0.00750 -0.18228 197.03948 0.00000 270.52400 -1.00000 0.00000 -999 197.03948
0.43241 0.91440 -0.00750 -0.18228 197.03949 0.00000 270.52400 -1.00000 0.00000 -999 197.03949
0.42988 0.91440 -0.00704 -0.18752 197.74840 0.00000 270.52189 -1.00000 0.00000 -999 197.74840
0.42988 0.91440 -0.00704 -0.18752 197.74841 0.00000 270.52189 -1.00000 0.00000 -999 197.74841
0.42734 0.91440 -0.00657 -0.19270 198.44916 0.00000 270.51979 -1.00000 0.00000 -999 198.44916
0.42734 0.91440 -0.00657 -0.19270 198.44916 0.00000 270.51979 -1.00000 0.00000 -999 198.44916
0.42480 0.91440 -0.00611 -0.19783 199.14204 0.00000 270.51771 -1.00000 0.00000 -999 199.14204
0.42480 0.91440 -0.00611 -0.19783 199.14205 0.00000 270.51771 -1.00000 0.00000 -999 199.14205
0.42227 0.91440 -0.00565 -0.20293 199.82807 0.00000 270.51565 -1.00000 0.00000 -999 199.82807
0.42227 0.91440 -0.00565 -0.20293 199.82807 0.00000 270.51565 -1.00000 0.00000 -999 199.82807
0.41973 0.91440 -0.00519 -0.20798 200.50770 0.00000 270.51361 -1.00000 0.00000 -999 200.50770
0.41973 0.91440 -0.00519 -0.20798 200.50770 0.00000 270.51361 -1.00000 0.00000 -999 200.50770
0.41973 0.91440 -0.00519 -0.20798 200.50771 0.00000 270.51361 -1.00000 0.00000 -999 200.50771
0.41719 0.91440 -0.00474 -0.21300 201.18133 0.00000 270.51158 -1.00000 0.00000 -999 201.18133
0.41466 0.91440 -0.00428 -0.21798 201.84973 0.00000 270.50956 -1.00000 0.00000 -999 201.84973
0.41466 0.91440 -0.00428 -0.21798 201.84974 0.00000 270.50956 -1.00000 0.00000 -999 201.84974
0.41212 0.91440 -0.00383 -0.22294 202.51338 0.00000 270.50755 -1.00000 0.00000 -999 202.51338
0.41212 0.91440 -0.00383 -0.22294 202.51339 0.00000 270.50755 -1.00000 0.00000 -999 202.51339
0.40958 0.91440 -0.00338 -0.22784 203.17263 0.00000 270.50556 -1.00000 0.00000 -999 203.17263
0.40958 0.91440 -0.00338 -0.22784 203.17264 0.00000 270.50556 -1.00000 0.00000 -999 203.17264
0.40958 0.91440 -0.00338 -0.22784 203.17264 0.00000 270.50556 -1.00000 0.00000 -999 203.17264
0.40704 0.91440 -0.00293 -0.23275 203.82800 0.00000 270.50358 -1.00000 0.00000 -999 203.82800
0.40450 0.91440 -0.00248 -0.23762 204.48042 0.00000 270.50161 -1.00000 0.00000 -999 204.48042
0.40450 0.91440 -0.00248 -0.23762 204.48043 0.00000 270.50161 -1.00000 0.00000 -999 204.48043
0.40196 0.91440 -0.00203 -0.24245 205.12908 0.00000 270.49964 -1.00000 0.00000 -999 205.12908
0.40196 0.91440 -0.00203 -0.24245 205.12909 0.00000 270.49964 -1.00000 0.00000 -999 205.12909
0.40196 0.91440 -0.00203 -0.24245 205.12909 0.00000 270.49964 -1.00000 0.00000 -999 205.12909
0.39942 0.91440 -0.00159 -0.24730 205.77520 0.00000 270.49769 -1.00000 0.00000 -999 205.77520
0.39942 0.91440 -0.00159 -0.24730 205.77521 0.00000 270.49769 -1.00000 0.00000 -999 205.77521
0.39688 0.91440 -0.00114 -0.25207 206.41889 0.00000 270.49574 -1.00000 0.00000 -999 206.41889
0.39434 0.91440 -0.00070 -0.25687 207.05997 0.00000 270.49380 -1.00000 0.00000 -999 207.05997
0.39434 0.91440 -0.00070 -0.25687 207.05998 0.00000 270.49380 -1.00000 0.00000 -999 207.05998
0.39434 0.91440 -0.00070 -0.25687 207.05998 0.00000 270.49380 -1.00000 0.00000 -999 207.05998
0.39180 0.91440 -0.00026 -0.26164 207.70030 0.00000 270.49187 -1.00000 0.00000 -999 207.70030
0.39180 0.91440 -0.00026 -0.26164 207.70031 0.00000 270.49187 -1.00000 0.00000 -999 207.70031
0.38926 0.91440 0.00018 -0.26638 208.33843 0.00000 270.48994 -1.00000 0.00000 -999 208.33843
0.38926 0.91440 0.00018 -0.26638 208.33843 0.00000 270.48994 -1.00000 0.00000 -999 208.33843
0.38672 0.91440 0.00062 -0.27115 208.97575 0.00000 270.48801 -1.00000 0.00000 -999 208.97575
0.38672 0.91440 0.00062 -0.27115 208.97575 0.00000 270.48801 -1.00000 0.00000 -999 208.97575
0.38418 0.91440 0.00105 -0.27585 209.61240 0.00000 270.48610 -1.00000 0.00000 -999 209.61240
0.38418 0.91440 0.00105 -0.27585 209.61241 0.00000 270.48610 -1.00000 0.00000 -999 209.61241
0.38164 0.91440 0.00149 -0.28057 210.24705 0.00000 270.48418 -1.00000 0.00000 -999 210.24705
0.37910 0.91440 0.00192 -0.28532 210.88252 0.00000 270.48226 -1.00000 0.00000 -999 210.88252
0.37910 0.91440 0.00192 -0.28532 210.88253 0.00000 270.48226 -1.00000 0.00000 -999 210.88253
0.37910 0.91440 0.00192 -0.28532 210.88253 0.00000 270.48226 -1.00000 0.00000 -999 210.88253
0.37655 0.91440 0.00235 -0.28996 211.51703 0.00000 270.48036 -1.00000 0.00000 -999 211.51703
0.37655 0.91440 0.00235 -0.28996 211.51703 0.00000 270.48036 -1.00000 0.00000 -999 211.51703
0.37401 0.91440 0.00278 -0.29467 212.14976 0.00000 270.47845 -1.00000 0.00000 -999 212.14976
0.37147 0.91440 0.00320 -0.29941 212.78450 0.00000 270.47654 -1.00000 0.00000 -999 212.78450
0.37147 0.91440 0.00320 -0.29941 212.78451 0.00000 270.47654 -1.00000 0.00000 -999 212.78451
0.36893 0.91440 0.00363 -0.30404 213.41850 0.00000 270.47464 -1.00000 0.00000 -999 213.41850
0.36893 0.91440 0.00363 -0.30404 213.41851 0.00000 270.47464 -1.00000 0.00000 -999 213.41851
0.36893 0.91440 0.00363 -0.30404 213.41851 0.00000 270.47464 -1.00000 0.00000 -999 213.41851
0.36638 0.91440 0.00405 -0.30873 214.05085 0.00000 270.47273 -1.00000 0.00000 -999 214.05085
0.36638 0.91440 0.00405 -0.30873 214.05086 0.00000 270.47273 -1.00000 0.00000 -999 214.05086
0.36384 0.91440 0.00447 -0.31347 214.68536 0.00000 270.47082 -1.00000 0.00000 -999 214.68536
0.36384 0.91440 0.00447 -0.31347 214.68537 0.00000 270.47082 -1.00000 0.00000 -999 214.68537
0.36130 0.91440 0.00489 -0.31809 215.31982 0.00000 270.46892 -1.00000 0.00000 -999 215.31982
0.35875 0.91440 0.00531 -0.32278 215.95361 0.00000 270.46702 -1.00000 0.00000 -999 215.95361
0.35875 0.91440 0.00531 -0.32278 215.95361 0.00000 270.46702 -1.00000 0.00000 -999 215.95361
0.35621 0.91440 0.00573 -0.32750 216.58968 0.00000 270.46510 -1.00000 0.00000 -999 216.58968
0.35621 0.91440 0.00573 -0.32750 216.58969 0.00000 270.46510 -1.00000 0.00000 -999 216.58969
0.35621 0.91440 0.00573 -0.32750 216.58969 0.00000 270.46510 -1.00000 0.00000 -999 216.58969
0.35366 0.91440 0.00615 -0.33219 217.22601 0.00000 270.46319 -1.00000 0.00000 -999 217.22601
0.35366 0.91440 0.00615 -0.33219 217.22602 0.00000 270.46319 -1.00000 0.00000 -999 217.22602
0.35112 0.91440 0.00656 -0.33689 217.86125 0.00000 270.46128 -1.00000 0.00000 -999 217.86125
0.35112 0.91440 0.00656 -0.33689 217.86125 0.00000 270.46128 -1.00000 0.00000 -999 217.86125
0.34857 0.91440 0.00697 -0.34158 218.49658 0.00000 270.45936 -1.00000 0.00000 -999 218.49658
0.34857 0.91440 0.00697 -0.34158 218.49658 0.00000 270.45936 -1.00000 0.00000 -999 218.49658
0.34603 0.91440 0.00738 -0.34630 219.13242 0.00000 270.45745 -1.00000 0.00000 -999 219.13242
0.34603 0.91440 0.00738 -0.34630 219.13243 0.00000 270.45745 -1.00000 0.00000 -999 219.13243
0.34348 0.91440 0.00779 -0.35101 219.76879 0.00000 270.45553 -1.00000 0.00000 -999 219.76879
0.34348 0.91440 0.00779 -0.35101 219.76880 0.00000 270.45553 -1.00000 0.00000 -999 219.76880
0.34094 0.91440 0.00819 -0.35574 220.40551 0.00000 270.45360 -1.00000 0.00000 -999 220.40551
0.33839 0.91440 0.00860 -0.36047 221.04264 0.00000 270.45167 -1.00000 0.00000 -999 221.04264
0.33839 0.91440 0.00860 -0.36047 221.04265 0.00000 270.45167 -1.00000 0.00000 -999 221.04265
0.33584 0.91440 0.00900 -0.36522 221.68015 0.00000 270.44973 -1.00000 0.00000 -999 221.68015
0.33584 0.91440 0.00900 -0.36522 221.68015 0.00000 270.44973 -1.00000 0.00000 -999 221.68015
0.33330 0.91440 0.00940 -0.36997 222.31816 0.00000 270.44779 -1.00000 0.00000 -999 222.31816
0.33330 0.91440 0.00940 -0.36997 222.31816 0.00000 270.44779 -1.00000 0.00000 -999 222.31816
0.33075 0.91440 0.00980 -0.37474 222.95659 0.00000 270.44585 -1.00000 0.00000 -999 222.95659
0.33075 0.91440 0.00980 -0.37474 222.95660 0.00000 270.44585 -1.00000 0.00000 -999 222.95660
0.32820 0.91440 0.01019 -0.37953 223.50983 0.00000 270.44416 -1.00000 0.00000 -999 223.50983
0.32820 0.91440 0.01019 -0.37953 223.50983 0.00000 270.44416 -1.00000 0.00000 -999 223.50983
0.32565 0.91440 0.01059 -0.38433 224.17412 0.00000 270.44212 -1.00000 0.00000 -999 224.17412
0.32565 0.91440 0.01059 -0.38433 224.17412 0.00000 270.44212 -1.00000 0.00000 -999 224.17412
0.32311 0.91440 0.01098 -0.38914 224.78878 0.00000 270.44024 -1.00000 0.00000 -999 224.78878
0.32311 0.91440 0.01098 -0.38914 224.78879 0.00000 270.44024 -1.00000 0.00000 -999 224.78879
0.32056 0.91440 0.01137 -0.39397 225.45418 0.00000 270.43819 -1.00000 0.00000 -999 225.45418
0.32056 0.91440 0.01137 -0.39397 225.45419 0.00000 270.43819 -1.00000 0.00000 -999 225.45419
0.31801 0.91440 0.01176 -0.39881 226.15603 0.00000 270.43602 -1.00000 0.00000 -999 226.15603
0.31801 0.91440 0.01176 -0.39881 226.15603 0.00000 270.43602 -1.00000 0.00000 -999 226.15603
0.31546 0.91440 0.01214 -0.40367 226.79797 0.00000 270.43403 -1.00000 0.00000 -999 226.79797
0.31546 0.91440 0.01214 -0.40367 226.79797 0.00000 270.43403 -1.00000 0.00000 -999 226.79797
0.31291 0.91440 0.01253 -0.40856 227.44087 0.00000 270.43204 -1.00000 0.00000 -999 227.44087
0.31291 0.91440 0.01253 -0.40856 227.44088 0.00000 270.43204 -1.00000 0.00000 -999 227.44088
0.31036 0.91440 0.01291 -0.41346 228.08489 0.00000 270.43004 -1.00000 0.00000 -999 228.08489
0.31036 0.91440 0.01291 -0.41346 228.08489 0.00000 270.43004 -1.00000 0.00000 -999 228.08489
0.30781 0.91440 0.01329 -0.41839 228.73012 0.00000 270.42802 -1.00000 0.00000 -999 228.73012
0.30781 0.91440 0.01329 -0.41839 228.73013 0.00000 270.42802 -1.00000 0.00000 -999 228.73013
0.30526 0.91440 0.01367 -0.42332 229.37686 0.00000 270.42600 -1.00000 0.00000 -999 229.37686
0.30526 0.91440 0.01367 -0.42332 229.37686 0.00000 270.42600 -1.00000 0.00000 -999 229.37686
0.30271 0.91440 0.01404 -0.42829 230.02535 0.00000 270.42397 -1.00000 0.00000 -999 230.02535
0.30271 0.91440 0.01404 -0.42829 230.02535 0.00000 270.42397 -1.00000 0.00000 -999 230.02535
0.30271 0.91440 0.01404 -0.42829 230.02536 0.00000 270.42397 -1.00000 0.00000 -999 230.02536
0.30016 0.91440 0.01442 -0.43327 230.67593 0.00000 270.42193 -1.00000 0.00000 -999 230.67593
0.29761 0.91440 0.01479 -0.43829 231.32888 0.00000 270.41988 -1.00000 0.00000 -999 231.32888
0.29761 0.91440 0.01479 -0.43829 231.32888 0.00000 270.41988 -1.00000 0.00000 -999 231.32888
0.29505 0.91440 0.01516 -0.44332 231.98457 0.00000 270.41782 -1.00000 0.00000 -999 231.98457
0.29505 0.91440 0.01516 -0.44332 231.98457 0.00000 270.41782 -1.00000 0.00000 -999 231.98457
0.29250 0.91440 0.01552 -0.44839 232.64327 0.00000 270.41575 -1.00000 0.00000 -999 232.64327
0.29250 0.91440 0.01552 -0.44839 232.64327 0.00000 270.41575 -1.00000 0.00000 -999 232.64327
0.28995 0.91440 0.01589 -0.45346 233.30542 0.00000 270.41367 -1.00000 0.00000 -999 233.30542
0.28995 0.91440 0.01589 -0.45346 233.30543 0.00000 270.41367 -1.00000 0.00000 -999 233.30543
0.28740 0.91440 0.01625 -0.45858 233.97150 0.00000 270.41157 -1.00000 0.00000 -999 233.97150
0.28740 0.91440 0.01625 -0.45858 233.97150 0.00000 270.41157 -1.00000 0.00000 -999 233.97150
0.28484 0.91440 0.01661 -0.46371 234.64206 0.00000 270.40947 -1.00000 0.00000 -999 234.64206
0.28484 0.91440 0.01661 -0.46371 234.64206 0.00000 270.40947 -1.00000 0.00000 -999 234.64206
0.28484 0.91440 0.01661 -0.46371 234.64207 0.00000 270.40947 -1.00000 0.00000 -999 234.64207
0.28229 0.91440 0.01696 -0.46888 235.31754 0.00000 270.40735 -1.00000 0.00000 -999 235.31754
0.27974 0.91440 0.01732 -0.47408 235.99842 0.00000 270.40522 -1.00000 0.00000 -999 235.99842
0.27974 0.91440 0.01732 -0.47408 235.99843 0.00000 270.40522 -1.00000 0.00000 -999 235.99843
0.27718 0.91440 0.01767 -0.47929 236.68492 0.00000 270.40308 -1.00000 0.00000 -999 236.68492
0.27718 0.91440 0.01767 -0.47929 236.68492 0.00000 270.40308 -1.00000 0.00000 -999 236.68492
0.27463 0.91440 0.01802 -0.48456 237.37763 0.00000 270.40092 -1.00000 0.00000 -999 237.37763
0.27463 0.91440 0.01802 -0.48456 237.37763 0.00000 270.40092 -1.00000 0.00000 -999 237.37763
0.27463 0.91440 0.01802 -0.48456 237.37764 0.00000 270.40092 -1.00000 0.00000 -999 237.37764
0.27207 0.91440 0.01837 -0.48983 238.07720 0.00000 270.39876 -1.00000 0.00000 -999 238.07720
0.26952 0.91440 0.01871 -0.49515 238.78415 0.00000 270.39658 -1.00000 0.00000 -999 238.78415
0.26952 0.91440 0.01871 -0.49515 238.78415 0.00000 270.39658 -1.00000 0.00000 -999 238.78415
0.26696 0.91440 0.01905 -0.50048 239.49915 0.00000 270.39438 -1.00000 0.00000 -999 239.49915
0.26696 0.91440 0.01905 -0.50048 239.49916 0.00000 270.39438 -1.00000 0.00000 -999 239.49916
0.26441 0.91440 0.01939 -0.50587 240.22250 0.00000 270.39218 -1.00000 0.00000 -999 240.22250
0.26441 0.91440 0.01939 -0.50587 240.22251 0.00000 270.39218 -1.00000 0.00000 -999 240.22251
0.26185 0.91440 0.01973 -0.51128 240.95459 0.00000 270.38995 -1.00000 0.00000 -999 240.95459
0.26185 0.91440 0.01973 -0.51128 240.95460 0.00000 270.38995 -1.00000 0.00000 -999 240.95460
0.25929 0.91440 0.02006 -0.51673 241.69566 0.00000 270.38771 -1.00000 0.00000 -999 241.69566
0.25929 0.91440 0.02006 -0.51673 241.69567 0.00000 270.38771 -1.00000 0.00000 -999 241.69567
0.25674 0.91440 0.02039 -0.52220 242.44614 0.00000 270.38546 -1.00000 0.00000 -999 242.44614
0.25674 0.91440 0.02039 -0.52220 242.44614 0.00000 270.38546 -1.00000 0.00000 -999 242.44614
0.25418 0.91440 0.02072 -0.52773 243.20634 0.00000 270.38320 -1.00000 0.00000 -999 243.20634
0.25418 0.91440 0.02072 -0.52773 243.20635 0.00000 270.38320 -1.00000 0.00000 -999 243.20635
0.25418 0.91440 0.02072 -0.52773 243.20635 0.00000 270.38320 -1.00000 0.00000 -999 243.20635
0.25162 0.91440 0.02104 -0.53327 243.97660 0.00000 270.38091 -1.00000 0.00000 -999 243.97660
0.25162 0.91440 0.02104 -0.53327 243.97660 0.00000 270.38091 -1.00000 0.00000 -999 243.97660
0.24906 0.91440 0.02136 -0.53887 244.75686 0.00000 270.37861 -1.00000 0.00000 -999 244.75686
0.24651 0.91440 0.02168 -0.54450 245.54715 0.00000 270.37630 -1.00000 0.00000 -999 245.54715
0.24651 0.91440 0.02168 -0.54450 245.54715 0.00000 270.37630 -1.00000 0.00000 -999 245.54715
0.24395 0.91440 0.02200 -0.55016 246.34722 0.00000 270.37397 -1.00000 0.00000 -999 246.34722
0.24395 0.91440 0.02200 -0.55016 246.34722 0.00000 270.37397 -1.00000 0.00000 -999 246.34722
0.24395 0.91440 0.02200 -0.55016 246.34723 0.00000 270.37397 -1.00000 0.00000 -999 246.34723
0.24139 0.91440 0.02231 -0.55587 247.15700 0.00000 270.37162 -1.00000 0.00000 -999 247.15700
0.23883 0.91440 0.02262 -0.56161 247.97643 0.00000 270.36925 -1.00000 0.00000 -999 247.97643
0.23883 0.91440 0.02262 -0.56161 247.97643 0.00000 270.36925 -1.00000 0.00000 -999 247.97643
0.23627 0.91440 0.02292 -0.56740 248.80530 0.00000 270.36687 -1.00000 0.00000 -999 248.80530
0.23627 0.91440 0.02292 -0.56740 248.80530 0.00000 270.36687 -1.00000 0.00000 -999 248.80530
0.23371 0.91440 0.02323 -0.57322 249.64338 0.00000 270.36447 -1.00000 0.00000 -999 249.64338
0.23371 0.91440 0.02323 -0.57322 249.64338 0.00000 270.36447 -1.00000 0.00000 -999 249.64338
0.23115 0.91440 0.02353 -0.57909 250.49009 0.00000 270.36205 -1.00000 0.00000 -999 250.49009
0.23115 0.91440 0.02353 -0.57909 250.49010 0.00000 270.36205 -1.00000 0.00000 -999 250.49010
0.23115 0.91440 0.02353 -0.57909 250.49010 0.00000 270.36205 -1.00000 0.00000 -999 250.49010
0.22859 0.91440 0.02382 -0.58501 251.34488 0.00000 270.35961 -1.00000 0.00000 -999 251.34488
0.22602 0.91440 0.02411 -0.59097 252.20712 0.00000 270.35715 -1.00000 0.00000 -999 252.20712
0.22602 0.91440 0.02411 -0.59097 252.20713 0.00000 270.35715 -1.00000 0.00000 -999 252.20713
0.22346 0.91440 0.02440 -0.59698 253.07633 0.00000 270.35468 -1.00000 0.00000 -999 253.07633
0.22346 0.91440 0.02440 -0.59698 253.07633 0.00000 270.35468 -1.00000 0.00000 -999 253.07633
0.22090 0.91440 0.02469 -0.60302 253.95200 0.00000 270.35218 -1.00000 0.00000 -999 253.95200
0.22090 0.91440 0.02469 -0.60302 253.95200 0.00000 270.35218 -1.00000 0.00000 -999 253.95200
0.21834 0.91440 0.02497 -0.60913 254.83367 0.00000 270.34966 -1.00000 0.00000 -999 254.83367
0.21834 0.91440 0.02497 -0.60913 254.83368 0.00000 270.34966 -1.00000 0.00000 -999 254.83368
0.21577 0.91440 0.02525 -0.61527 255.72072 0.00000 270.34712 -1.00000 0.00000 -999 255.72072
0.21577 0.91440 0.02525 -0.61527 255.72073 0.00000 270.34712 -1.00000 0.00000 -999 255.72073
0.21321 0.91440 0.02552 -0.62148 256.61257 0.00000 270.34456 -1.00000 0.00000 -999 256.61257
0.21321 0.91440 0.02552 -0.62148 256.61258 0.00000 270.34456 -1.00000 0.00000 -999 256.61258
0.21065 0.91440 0.02579 -0.62772 257.59481 0.00000 270.34173 -1.00000 0.00000 -999 257.59481
0.21065 0.91440 0.02579 -0.62772 257.59481 0.00000 270.34173 -1.00000 0.00000 -999 257.59481
0.21065 0.91440 0.02579 -0.62772 257.59482 0.00000 270.34173 -1.00000 0.00000 -999 257.59482
0.20808 0.91440 0.02606 -0.63402 258.40710 0.00000 270.33938 -1.00000 0.00000 -999 258.40710
0.20552 0.91440 0.02632 -0.64038 259.22745 0.00000 270.33700 -1.00000 0.00000 -999 259.22745
0.20552 0.91440 0.02632 -0.64038 259.22746 0.00000 270.33700 -1.00000 0.00000 -999 259.22746
0.20295 0.91440 0.02658 -0.64677 260.22155 0.00000 270.33410 -1.00000 0.00000 -999 260.22155
0.20295 0.91440 0.02658 -0.64677 260.22155 0.00000 270.33410 -1.00000 0.00000 -999 260.22155
0.20039 0.91440 0.02683 -0.65327 261.13405 0.00000 270.33143 -1.00000 0.00000 -999 261.13405
0.20039 0.91440 0.02683 -0.65327 261.13406 0.00000 270.33143 -1.00000 0.00000 -999 261.13406
0.19782 0.91440 0.02708 -0.65975 262.05090 0.00000 270.32873 -1.00000 0.00000 -999 262.05090
0.19782 0.91440 0.02708 -0.65975 262.05090 0.00000 270.32873 -1.00000 0.00000 -999 262.05090
0.19525 0.91440 0.02733 -0.66635 262.97287 0.00000 270.32601 -1.00000 0.00000 -999 262.97287
0.19525 0.91440 0.02733 -0.66635 262.97287 0.00000 270.32601 -1.00000 0.00000 -999 262.97287
0.19269 0.91440 0.02757 -0.67296 263.90114 0.00000 270.32327 -1.00000 0.00000 -999 263.90114
0.19269 0.91440 0.02757 -0.67296 263.90115 0.00000 270.32327 -1.00000 0.00000 -999 263.90115
0.19012 0.91440 0.02781 -0.67967 264.83692 0.00000 270.32049 -1.00000 0.00000 -999 264.83692
0.19012 0.91440 0.02781 -0.67967 264.83693 0.00000 270.32049 -1.00000 0.00000 -999 264.83693
0.18755 0.91440 0.02804 -0.68641 265.78186 0.00000 270.31770 -1.00000 0.00000 -999 265.78186
0.18755 0.91440 0.02804 -0.68641 265.78187 0.00000 270.31770 -1.00000 0.00000 -999 265.78187
0.18498 0.91440 0.02827 -0.69322 266.73716 0.00000 270.31487 -1.00000 0.00000 -999 266.73716
0.18498 0.91440 0.02827 -0.69322 266.73716 0.00000 270.31487 -1.00000 0.00000 -999 266.73716
0.18498 0.91440 0.02827 -0.69322 266.73717 0.00000 270.31487 -1.00000 0.00000 -999 266.73717
0.18242 0.91440 0.02849 -0.70016 267.70451 0.00000 270.31201 -1.00000 0.00000 -999 267.70451
0.18242 0.91440 0.02849 -0.70016 267.70452 0.00000 270.31201 -1.00000 0.00000 -999 267.70452
0.17985 0.91440 0.02871 -0.70704 268.68535 0.00000 270.30913 -1.00000 0.00000 -999 268.68535
0.17728 0.91440 0.02893 -0.71407 269.77880 0.00000 270.30594 -1.00000 0.00000 -999 269.77880
0.17728 0.91440 0.02893 -0.71408 269.77880 0.00000 270.30594 -1.00000 0.00000 -999 269.77880
0.17728 0.91440 0.02893 -0.71408 269.77881 0.00000 270.30594 -1.00000 0.00000 -999 269.77881
0.17471 0.91440 0.02913 -0.72117 270.83327 0.00000 270.30289 -1.00000 0.00000 -999 270.83327
0.17214 0.91440 0.02934 -0.72827 271.73334 0.00000 270.30032 -1.00000 0.00000 -999 271.73334
0.17214 0.91440 0.02934 -0.72827 271.73335 0.00000 270.30032 -1.00000 0.00000 -999 271.73335
0.16957 0.91440 0.02954 -0.73554 272.64731 0.00000 270.29772 -1.00000 0.00000 -999 272.64731
0.16957 0.91440 0.02954 -0.73554 272.64732 0.00000 270.29772 -1.00000 0.00000 -999 272.64732
0.16700 0.91440 0.02973 -0.74283 273.76971 0.00000 270.29458 -1.00000 0.00000 -999 273.76971
0.16700 0.91440 0.02973 -0.74283 273.76971 0.00000 270.29458 -1.00000 0.00000 -999 273.76971
0.16442 0.91440 0.02992 -0.75015 274.97935 0.00000 270.29123 -1.00000 0.00000 -999 274.97935
0.16442 0.91440 0.02992 -0.75015 274.97936 0.00000 270.29123 -1.00000 0.00000 -999 274.97936
0.16185 0.91440 0.03010 -0.75764 276.11171 0.00000 270.28813 -1.00000 0.00000 -999 276.11171
0.16185 0.91440 0.03010 -0.75764 276.11172 0.00000 270.28813 -1.00000 0.00000 -999 276.11172
0.15928 0.91440 0.03027 -0.76517 277.27015 0.00000 270.28500 -1.00000 0.00000 -999 277.27015
0.15928 0.91440 0.03027 -0.76517 277.27016 0.00000 270.28500 -1.00000 0.00000 -999 277.27016
0.15671 0.91440 0.03045 -0.77271 278.57015 0.00000 270.28154 -1.00000 0.00000 -999 278.57015
0.15671 0.91440 0.03045 -0.77271 278.57016 0.00000 270.28154 -1.00000 0.00000 -999 278.57016
0.15671 0.91440 0.03045 -0.77271 278.57017 0.00000 270.28154 -1.00000 0.00000 -999 278.57017
0.15414 0.91440 0.03061 -0.78042 279.66311 0.00000 270.27864 -1.00000 0.00000 -999 279.66311
0.15156 0.91440 0.03077 -0.78826 280.78477 0.00000 270.27570 -1.00000 0.00000 -999 280.78477
0.15156 0.91440 0.03077 -0.78826 280.78478 0.00000 270.27570 -1.00000 0.00000 -999 280.78478
0.14899 0.91440 0.03092 -0.79608 282.16003 0.00000 270.27212 -1.00000 0.00000 -999 282.16003
0.14899 0.91440 0.03092 -0.79608 282.16004 0.00000 270.27212 -1.00000 0.00000 -999 282.16004
0.14899 0.91440 0.03092 -0.79608 282.16005 0.00000 270.27212 -1.00000 0.00000 -999 282.16005
0.14641 0.91440 0.03107 -0.80399 283.43880 0.00000 270.26882 -1.00000 0.00000 -999 283.43880
0.14641 0.91440 0.03107 -0.80399 283.43881 0.00000 270.26882 -1.00000 0.00000 -999 283.43881
0.14384 0.91440 0.03121 -0.81204 284.73863 0.00000 270.26546 -1.00000 0.00000 -999 284.73863
0.14384 0.91440 0.03121 -0.81204 284.73863 0.00000 270.26546 -1.00000 0.00000 -999 284.73863
0.14127 0.91440 0.03134 -0.82024 286.05628 0.00000 270.26205 -1.00000 0.00000 -999 286.05628
0.14127 0.91440 0.03134 -0.82024 286.05629 0.00000 270.26205 -1.00000 0.00000 -999 286.05629
0.13869 0.91440 0.03147 -0.82849 287.38776 0.00000 270.25861 -1.00000 0.00000 -999 287.38776
0.13611 0.91440 0.03159 -0.83681 288.73145 0.00000 270.25513 -1.00000 0.00000 -999 288.73145
0.13611 0.91440 0.03159 -0.83681 288.73146 0.00000 270.25513 -1.00000 0.00000 -999 288.73146
0.13611 0.91440 0.03159 -0.83681 288.73147 0.00000 270.25513 -1.00000 0.00000 -999 288.73147
0.13354 0.91440 0.03170 -0.84526 290.21888 0.00000 270.25126 -1.00000 0.00000 -999 290.21888
0.13354 0.91440 0.03170 -0.84526 290.21889 0.00000 270.25126 -1.00000 0.00000 -999 290.21889
0.13096 0.91440 0.03181 -0.85381 291.45575 0.00000 270.24802 -1.00000 0.00000 -999 291.45575
0.12839 0.91440 0.03191 -0.86251 292.71328 0.00000 270.24474 -1.00000 0.00000 -999 292.71328
0.12839 0.91440 0.03191 -0.86251 292.71329 0.00000 270.24474 -1.00000 0.00000 -999 292.71329
0.12839 0.91440 0.03191 -0.86251 292.71330 0.00000 270.24474 -1.00000 0.00000 -999 292.71330
0.12581 0.91440 0.03200 -0.87133 294.24864 0.00000 270.24070 -1.00000 0.00000 -999 294.24864
0.12581 0.91440 0.03200 -0.87133 294.24865 0.00000 270.24070 -1.00000 0.00000 -999 294.24865
0.12323 0.91440 0.03208 -0.88030 295.67223 0.00000 270.23695 -1.00000 0.00000 -999 295.67223
0.12323 0.91440 0.03208 -0.88030 295.67224 0.00000 270.23695 -1.00000 0.00000 -999 295.67224
0.12066 0.91440 0.03215 -0.88933 297.12034 0.00000 270.23316 -1.00000 0.00000 -999 297.12034
0.12066 0.91440 0.03215 -0.88933 297.12035 0.00000 270.23316 -1.00000 0.00000 -999 297.12035
0.11808 0.91440 0.03222 -0.89859 298.60003 0.00000 270.22930 -1.00000 0.00000 -999 298.60003
0.11808 0.91440 0.03222 -0.89859 298.60004 0.00000 270.22930 -1.00000 0.00000 -999 298.60004
0.11550 0.91440 0.03228 -0.90783 300.11114 0.00000 270.22540 -1.00000 0.00000 -999 300.11114
0.11292 0.91440 0.03233 -0.91738 301.63754 0.00000 270.22144 -1.00000 0.00000 -999 301.63754
0.11292 0.91440 0.03233 -0.91738 301.63755 0.00000 270.22144 -1.00000 0.00000 -999 301.63755
0.11292 0.91440 0.03233 -0.91738 301.63756 0.00000 270.22144 -1.00000 0.00000 -999 301.63756
0.11046 0.91440 0.03237 -0.92669 303.16273 0.00000 270.21756 -1.00000 0.00000 -999 303.16273
0.11046 0.91440 0.03237 -0.92670 303.16274 0.00000 270.21756 -1.00000 0.00000 -999 303.16274
0.10812 0.91440 0.03240 -0.93553 304.66325 0.00000 270.21383 -1.00000 0.00000 -999 304.66325
0.10812 0.91440 0.03240 -0.93553 304.66326 0.00000 270.21383 -1.00000 0.00000 -999 304.66326
0.10589 0.91440 0.03242 -0.94414 306.13119 0.00000 270.21021 -1.00000 0.00000 -999 306.13119
0.10589 0.91440 0.03242 -0.94414 306.13120 0.00000 270.21021 -1.00000 0.00000 -999 306.13120
0.10376 0.91440 0.03243 -0.95254 307.56637 0.00000 270.20671 -1.00000 0.00000 -999 307.56637
0.10376 0.91440 0.03243 -0.95254 307.56638 0.00000 270.20671 -1.00000 0.00000 -999 307.56638
0.10174 0.91440 0.03244 -0.96049 308.96427 0.00000 270.20333 -1.00000 0.00000 -999 308.96427
0.10174 0.91440 0.03244 -0.96049 308.96428 0.00000 270.20333 -1.00000 0.00000 -999 308.96428
0.09981 0.91440 0.03244 -0.96836 310.31987 0.00000 270.20005 -1.00000 0.00000 -999 310.31987
0.09798 0.91440 0.03244 -0.97588 311.62855 0.00000 270.19689 -1.00000 0.00000 -999 311.62855
0.09798 0.91440 0.03244 -0.97588 311.62856 0.00000 270.19689 -1.00000 0.00000 -999 311.62856
0.09798 0.91440 0.03244 -0.97588 311.62857 0.00000 270.19689 -1.00000 0.00000 -999 311.62857
0.09623 0.91440 0.03243 -0.98308 312.88956 0.00000 270.19385 -1.00000 0.00000 -999 312.88956
0.09623 0.91440 0.03243 -0.98308 312.88957 0.00000 270.19385 -1.00000 0.00000 -999 312.88957
0.09456 0.91440 0.03241 -0.99007 314.10396 0.00000 270.19091 -1.00000 0.00000 -999 314.10396
0.09456 0.91440 0.03241 -0.99007 314.10397 0.00000 270.19091 -1.00000 0.00000 -999 314.10397
0.09298 0.91440 0.03240 -0.99683 315.27098 0.00000 270.18804 -1.00000 0.00000 -999 315.27098
0.09298 0.91440 0.03240 -0.99683 315.27099 0.00000 270.18804 -1.00000 0.00000 -999 315.27099
0.09147 0.91440 0.03238 -1.00356 316.40289 0.00000 270.18526 -1.00000 0.00000 -999 316.40289
0.09147 0.91440 0.03238 -1.00356 316.40289 0.00000 270.18526 -1.00000 0.00000 -999 316.40289
0.09003 0.91440 0.03235 -1.00977 317.64175 0.00000 270.18233 -1.00000 0.00000 -999 317.64175
0.09003 0.91440 0.03235 -1.00977 317.64176 0.00000 270.18233 -1.00000 0.00000 -999 317.64176
0.08859 0.91440 0.03233 -1.01607 318.93996 0.00000 270.17932 -1.00000 0.00000 -999 318.93996
0.08859 0.91440 0.03233 -1.01607 318.93997 0.00000 270.17932 -1.00000 0.00000 -999 318.93997
0.08715 0.91440 0.03230 -1.02255 320.12032 0.00000 270.17660 -1.00000 0.00000 -999 320.12032
0.08715 0.91440 0.03230 -1.02255 320.12032 0.00000 270.17660 -1.00000 0.00000 -999 320.12032
0.08571 0.91440 0.03226 -1.02900 321.31989 0.00000 270.17387 -1.00000 0.00000 -999 321.31989
0.08571 0.91440 0.03226 -1.02900 321.31990 0.00000 270.17387 -1.00000 0.00000 -999 321.31990
0.08428 0.91440 0.03223 -1.03553 322.53625 0.00000 270.17107 -1.00000 0.00000 -999 322.53625
0.08428 0.91440 0.03223 -1.03553 322.53626 0.00000 270.17107 -1.00000 0.00000 -999 322.53626
0.08284 0.91440 0.03218 -1.04239 323.76836 0.00000 270.16820 -1.00000 0.00000 -999 323.76836
0.08284 0.91440 0.03218 -1.04239 323.76837 0.00000 270.16820 -1.00000 0.00000 -999 323.76837
0.08140 0.91440 0.03214 -1.04922 324.73315 0.00000 270.16595 -1.00000 0.00000 -999 324.73315
0.07996 0.91440 0.03209 -1.05610 325.71126 0.00000 270.16369 -1.00000 0.00000 -999 325.71126
0.07996 0.91440 0.03209 -1.05610 325.71127 0.00000 270.16369 -1.00000 0.00000 -999 325.71127
0.07852 0.91440 0.03204 -1.06306 327.26085 0.00000 270.16010 -1.00000 0.00000 -999 327.26085
0.07852 0.91440 0.03204 -1.06306 327.26086 0.00000 270.16010 -1.00000 0.00000 -999 327.26086
0.07852 0.91440 0.03204 -1.06306 327.26087 0.00000 270.16010 -1.00000 0.00000 -999 327.26087
0.07709 0.91440 0.03198 -1.07011 328.82841 0.00000 270.15645 -1.00000 0.00000 -999 328.82841
0.07709 0.91440 0.03198 -1.07011 328.82842 0.00000 270.15645 -1.00000 0.00000 -999 328.82842
0.07565 0.91440 0.03192 -1.07729 330.13207 0.00000 270.15340 -1.00000 0.00000 -999 330.13207
0.07565 0.91440 0.03192 -1.07729 330.13208 0.00000 270.15340 -1.00000 0.00000 -999 330.13208
0.07421 0.91440 0.03185 -1.08461 331.45460 0.00000 270.15029 -1.00000 0.00000 -999 331.45460
0.07421 0.91440 0.03185 -1.08461 331.45461 0.00000 270.15029 -1.00000 0.00000 -999 331.45461
0.07277 0.91440 0.03178 -1.09206 332.49345 0.00000 270.14784 -1.00000 0.00000 -999 332.49345
0.07134 0.91440 0.03170 -1.09965 333.55146 0.00000 270.14535 -1.00000 0.00000 -999 333.55146
0.07134 0.91440 0.03170 -1.09965 333.55147 0.00000 270.14534 -1.00000 0.00000 -999 333.55147
0.06990 0.91440 0.03162 -1.10735 334.92593 0.00000 270.14209 -1.00000 0.00000 -999 334.92593
0.06990 0.91440 0.03162 -1.10735 334.92594 0.00000 270.14209 -1.00000 0.00000 -999 334.92594
0.06846 0.91440 0.03154 -1.11519 336.32217 0.00000 270.13879 -1.00000 0.00000 -999 336.32217
0.06846 0.91440 0.03154 -1.11519 336.32218 0.00000 270.13879 -1.00000 0.00000 -999 336.32218
0.06703 0.91440 0.03144 -1.12312 337.74219 0.00000 270.13544 -1.00000 0.00000 -999 337.74219
0.06703 0.91440 0.03144 -1.12312 337.74220 0.00000 270.13544 -1.00000 0.00000 -999 337.74220
0.06559 0.91440 0.03135 -1.13116 339.52045 0.00000 270.13127 -1.00000 0.00000 -999 339.52045
0.06559 0.91440 0.03135 -1.13116 339.52046 0.00000 270.13127 -1.00000 0.00000 -999 339.52046
0.06559 0.91440 0.03135 -1.13116 339.52047 0.00000 270.13127 -1.00000 0.00000 -999 339.52047
0.06415 0.91440 0.03125 -1.13933 341.00534 0.00000 270.12780 -1.00000 0.00000 -999 341.00534
0.06272 0.91440 0.03114 -1.14774 342.19968 0.00000 270.12503 -1.00000 0.00000 -999 342.19968
0.06272 0.91440 0.03114 -1.14774 342.19969 0.00000 270.12503 -1.00000 0.00000 -999 342.19969
0.06129 0.91440 0.03103 -1.15639 343.76982 0.00000 270.12139 -1.00000 0.00000 -999 343.76982
0.06129 0.91440 0.03103 -1.15639 343.76984 0.00000 270.12139 -1.00000 0.00000 -999 343.76984
0.05985 0.91440 0.03091 -1.16510 345.75718 0.00000 270.11686 -1.00000 0.00000 -999 345.75718
0.05985 0.91440 0.03091 -1.16510 345.75719 0.00000 270.11686 -1.00000 0.00000 -999 345.75719
0.05985 0.91440 0.03091 -1.16510 345.75720 0.00000 270.11686 -1.00000 0.00000 -999 345.75720
0.05842 0.91440 0.03079 -1.17406 347.81216 0.00000 270.11222 -1.00000 0.00000 -999 347.81216
0.05842 0.91440 0.03079 -1.17406 347.81217 0.00000 270.11222 -1.00000 0.00000 -999 347.81217
0.05698 0.91440 0.03066 -1.18312 349.55653 0.00000 270.10835 -1.00000 0.00000 -999 349.55653
0.05698 0.91440 0.03066 -1.18312 349.55655 0.00000 270.10835 -1.00000 0.00000 -999 349.55655
0.05555 0.91440 0.03052 -1.19235 351.35874 0.00000 270.10439 -1.00000 0.00000 -999 351.35874
0.05555 0.91440 0.03052 -1.19235 351.35876 0.00000 270.10439 -1.00000 0.00000 -999 351.35876
0.05412 0.91440 0.03038 -1.20184 353.22105 0.00000 270.10035 -1.00000 0.00000 -999 353.22105
0.05412 0.91440 0.03038 -1.20184 353.22107 0.00000 270.10035 -1.00000 0.00000 -999 353.22107
0.05269 0.91440 0.03023 -1.21147 354.97088 0.00000 270.09658 -1.00000 0.00000 -999 354.97088
0.05126 0.91440 0.03008 -1.22146 356.68800 0.00000 270.09288 -1.00000 0.00000 -999 356.68800
0.05126 0.91440 0.03008 -1.22146 356.68801 0.00000 270.09288 -1.00000 0.00000 -999 356.68801
0.04983 0.91440 0.02992 -1.23175 358.71611 0.00000 270.08851 -1.00000 0.00000 -999 358.71611
0.04983 0.91440 0.02992 -1.23176 358.71612 0.00000 270.08851 -1.00000 0.00000 -999 358.71612
0.04840 0.91440 0.02975 -1.24222 360.78839 0.00000 270.08405 -1.00000 0.00000 -999 360.78839
0.04840 0.91440 0.02975 -1.24222 360.78841 0.00000 270.08405 -1.00000 0.00000 -999 360.78841
0.04697 0.91440 0.02957 -1.25282 362.90014 0.00000 270.07951 -1.00000 0.00000 -999 362.90014
0.04697 0.91440 0.02957 -1.25282 362.90015 0.00000 270.07951 -1.00000 0.00000 -999 362.90015
0.04554 0.91440 0.02939 -1.26368 365.05288 0.00000 270.07487 -1.00000 0.00000 -999 365.05288
0.04554 0.91440 0.02939 -1.26368 365.05290 0.00000 270.07487 -1.00000 0.00000 -999 365.05290
0.04412 0.91440 0.02919 -1.27487 367.25081 0.00000 270.07009 -1.00000 0.00000 -999 367.25081
0.04412 0.91440 0.02919 -1.27487 367.25083 0.00000 270.07009 -1.00000 0.00000 -999 367.25083
0.04269 0.91440 0.02899 -1.28647 369.49783 0.00000 270.06513 -1.00000 0.00000 -999 369.49783
0.04269 0.91440 0.02899 -1.28647 369.49784 0.00000 270.06513 -1.00000 0.00000 -999 369.49784
0.04127 0.91440 0.02878 -1.29849 371.79555 0.00000 270.05999 -1.00000 0.00000 -999 371.79555
0.04127 0.91440 0.02878 -1.29849 371.79556 0.00000 270.05999 -1.00000 0.00000 -999 371.79556
0.03985 0.91440 0.02856 -1.31087 374.14429 0.00000 270.05471 -1.00000 0.00000 -999 374.14429
0.03985 0.91440 0.02856 -1.31087 374.14430 0.00000 270.05471 -1.00000 0.00000 -999 374.14430
0.03843 0.91440 0.02833 -1.32348 376.55090 0.00000 270.04932 -1.00000 0.00000 -999 376.55090
0.03843 0.91440 0.02833 -1.32348 376.55092 0.00000 270.04932 -1.00000 0.00000 -999 376.55092
0.03701 0.91440 0.02809 -1.33627 379.04016 0.00000 270.04381 -1.00000 0.00000 -999 379.04016
0.03701 0.91440 0.02809 -1.33627 379.04017 0.00000 270.04381 -1.00000 0.00000 -999 379.04017
0.03559 0.91440 0.02784 -1.34950 381.64994 0.00000 270.03811 -1.00000 0.00000 -999 381.64994
0.03559 0.91440 0.02784 -1.34950 381.64996 0.00000 270.03811 -1.00000 0.00000 -999 381.64996
0.03417 0.91440 0.02758 -1.36343 384.40560 0.00000 270.03216 -1.00000 0.00000 -999 384.40560
0.03417 0.91440 0.02758 -1.36343 384.40562 0.00000 270.03215 -1.00000 0.00000 -999 384.40562
0.03276 0.91440 0.02731 -1.37787 387.30458 0.00000 270.02597 -1.00000 0.00000 -999 387.30458
0.03276 0.91440 0.02731 -1.37787 387.30460 0.00000 270.02597 -1.00000 0.00000 -999 387.30460
0.03135 0.91440 0.02703 -1.39266 390.32427 0.00000 270.01962 -1.00000 0.00000 -999 390.32427
0.03135 0.91440 0.02703 -1.39266 390.32429 0.00000 270.01962 -1.00000 0.00000 -999 390.32429
0.02994 0.91440 0.02673 -1.40773 393.43290 0.00000 270.01313 -1.00000 0.00000 -999 393.43290
0.02994 0.91440 0.02673 -1.40773 393.43292 0.00000 270.01313 -1.00000 0.00000 -999 393.43292
0.02854 0.91440 0.02642 -1.42316 396.60249 0.00000 270.00647 -1.00000 0.00000 -999 396.60249
0.02854 0.91440 0.02642 -1.42316 396.60251 0.00000 270.00647 -1.00000 0.00000 -999 396.60251
0.02713 0.91440 0.02610 -1.43916 399.81973 0.00000 269.99953 -0.66667 0.00000 -999 399.81973
0.02713 0.91440 0.02610 -1.43916 399.81976 0.00000 269.99953 -0.66667 0.00000 -999 399.81976
0.02574 0.91440 0.02576 -1.45620 403.07870 0.00000 269.99223 0.33332 0.00000 -999 403.07870
0.02574 0.91440 0.02576 -1.45620 403.07873 0.00000 269.99223 0.33333 0.00000 -999 403.07873
0.02434 0.91440 0.02540 -1.47380 406.38431 0.00000 269.98468 0.99999 0.00000 -999 406.38431
0.02434 0.91440 0.02540 -1.47380 406.38433 0.00000 269.98468 1.00000 0.00000 -999 406.38433
0.02434 0.91440 0.02540 -1.47380 406.38436 0.00000 269.98468 1.00000 0.00000 -999 406.38436
0.02295 0.91440 0.02503 -1.49155 409.78487 0.00000 269.97703 1.00000 0.00000 -999 409.78487
0.02157 0.91440 0.02464 -1.50921 413.36134 0.00000 269.96931 1.00000 0.00000 -999 413.36134
0.02157 0.91440 0.02464 -1.50921 413.36137 0.00000 269.96931 1.00000 0.00000 -999 413.36137
0.02019 0.91440 0.02422 -1.52768 417.13548 0.00000 269.96129 1.00000 0.00000 -999 417.13548
0.02019 0.91440 0.02422 -1.52768 417.13551 0.00000 269.96129 1.00000 0.00000 -999 417.13551
0.01882 0.91440 0.02379 -1.54726 420.96817 0.00000 269.95289 1.00000 0.00000 -999 420.96817
0.01882 0.91440 0.02379 -1.54726 420.96819 0.00000 269.95289 1.00000 0.00000 -999 420.96819
0.01745 0.91440 0.02334 -1.56705 424.64746 0.00000 269.94444 1.00000 0.00000 -999 424.64746
0.01745 0.91440 0.02334 -1.56705 424.64749 0.00000 269.94444 1.00000 0.00000 -999 424.64749
0.01610 0.91440 0.02285 -1.58570 428.12425 0.00000 269.93632 1.00000 0.00000 -999 428.12425
0.01610 0.91440 0.02285 -1.58570 428.12428 0.00000 269.93632 1.00000 0.00000 -999 428.12428
0.01475 0.91440 0.02234 -1.60348 431.53231 0.00000 269.92840 1.00000 0.00000 -999 431.53231
0.01475 0.91440 0.02234 -1.60348 431.53234 0.00000 269.92840 1.00000 0.00000 -999 431.53234
0.01342 0.91440 0.02180 -1.62238 434.79696 0.00000 269.92045 1.00000 0.00000 -999 434.79696
0.01342 0.91440 0.02180 -1.62238 434.79698 0.00000 269.92045 1.00000 0.00000 -999 434.79698
0.01210 0.91440 0.02123 -1.63956 437.50454 0.00000 269.91325 1.00000 0.00000 -999 437.50454
0.01210 0.91440 0.02123 -1.63956 437.50456 0.00000 269.91325 1.00000 0.00000 -999 437.50456
0.01079 0.91440 0.02062 -1.65207 439.35111 0.00000 269.90799 1.00000 0.00000 -999 439.35111
0.01079 0.91440 0.02062 -1.65207 439.35113 0.00000 269.90799 1.00000 0.00000 -999 439.35113
0.00951 0.91440 0.01996 -1.65796 440.14445 0.00000 269.90507 1.00000 0.00000 -999 440.14445
0.00951 0.91440 0.01996 -1.65796 440.14445 0.00000 269.90507 1.00000 0.00000 -999 440.14445
0.00826 0.91440 0.01926 -1.66091 589.04864 0.02619 269.25283 1.00000 0.00123 -999 439.35369
0.00826 0.91440 0.01926 -1.66091 589.04971 0.02619 269.25282 1.00000 0.00123 -999 439.35369
0.00709 0.91440 0.01854 -1.65254 817.45719 0.07558 268.78366 1.00000 0.00353 -999 436.47667
0.00709 0.91440 0.01854 -1.65254 817.45886 0.07558 268.78365 1.00000 0.00353 -999 436.47664
0.00603 0.91440 0.01782 -1.62526 965.44861 0.13169 269.23931 1.00000 0.00610 -999 431.61106
0.00603 0.91440 0.01782 -1.62526 965.44961 0.13169 269.23931 1.00000 0.00610 -999 431.61103
0.00507 0.91440 0.01709 -1.58713 1017.04188 0.18453 269.70388 1.00000 0.00841 -999 425.43077
0.00507 0.91440 0.01709 -1.58713 1017.04234 0.18453 269.70388 1.00000 0.00841 -999 425.43073
0.00423 0.91440 0.01638 -1.53150 1029.00978 0.24271 270.25715 1.00000 0.01081 -999 418.97757
0.00423 0.91440 0.01638 -1.53150 1029.00984 0.24271 270.25716 1.00000 0.01081 -999 418.97752
0.00350 0.91440 0.01567 -1.44710 1025.69780 0.30131 270.84510 1.00000 0.01298 -999 413.25342
0.00350 0.91440 0.01567 -1.44710 1025.69777 0.30131 270.84510 1.00000 0.01298 -999 413.25338
0.00284 0.91440 0.01497 -1.33605 1019.27263 0.36036 271.44960 1.00000 0.01481 -999 409.17528
0.00284 0.91440 0.01497 -1.33605 1019.27259 0.36036 271.44960 1.00000 0.01481 -999 409.17525
0.00228 0.91440 0.01426 -1.20185 1017.10374 0.42124 272.06421 1.00000 0.01632 -999 407.56624
0.00228 0.91440 0.01426 -1.20185 1017.10372 0.42124 272.06421 1.00000 0.01632 -999 407.56622
0.00179 0.91440 0.01356 -1.04343 1019.94525 0.47092 272.60014 0.99603 0.01684 -999 408.57444
0.00179 0.91440 0.01356 -1.04343 1019.94527 0.47092 272.60014 0.99603 0.01684 -999 408.57445
0.00137 0.91440 0.01285 -0.86108 1026.77575 0.53479 273.09046 0.92538 0.01618 -999 411.52278
0.00137 0.91440 0.01285 -0.86107 1026.77580 0.53479 273.09047 0.92538 0.01618 -999 411.52281
0.00104 0.91440 0.01216 -0.65336 1032.39345 0.58384 273.15000 0.83420 0.01414 -999 414.84177
0.00104 0.91440 0.01216 -0.65336 1032.39349 0.58384 273.15000 0.83420 0.01414 -999 414.84180
0.00076 0.91440 0.01145 -0.42606 1030.55521 0.63897 273.15000 0.74054 0.01190 -999 416.86120
0.00076 0.91440 0.01145 -0.42606 1030.55519 0.63897 273.15000 0.74054 0.01190 -999 416.86121
0.00055 0.91440 0.01074 -0.19401 1014.44843 0.67992 273.15000 0.66863 0.00961 -999 417.19402
0.00055 0.91440 0.01074 -0.19401 1014.44831 0.67992 273.15000 0.66863 0.00961 -999 417.19402
0.00041 0.91440 0.01002 0.02938 973.12974 0.70152 273.15000 0.60964 0.00736 -999 416.09475
0.00041 0.91440 0.01002 0.02939 973.12944 0.70152 273.15000 0.60964 0.00736 -999 416.09474
0.00032 0.91440 0.00930 0.24109 889.34569 0.73202 273.15000 0.52925 0.00522 -999 413.12110
0.00032 0.91440 0.00930 0.24109 889.34508 0.73202 273.15000 0.52925 0.00522 -999 413.12107
0.00031 0.91440 0.00858 0.43967 760.21687 0.75714 273.15000 0.43805 0.00335 -999 408.03195
0.00031 0.91440 0.00858 0.43968 760.21594 0.75714 273.15000 0.43805 0.00335 -999 408.03192
0.00035 0.91440 0.00784 0.61291 624.01477 0.76343 273.15000 0.36376 0.00196 -999 401.67877
0.00035 0.91440 0.00784 0.61291 624.01379 0.76343 273.15000 0.36376 0.00196 -999 401.67872
0.00046 0.91440 0.00710 0.75597 518.33048 0.76446 273.15000 0.31025 0.00107 -999 394.51849
0.00046 0.91440 0.00710 0.75597 518.32971 0.76446 273.15000 0.31025 0.00107 -999 394.51844
0.00064 0.91440 0.00636 0.86665 447.01902 0.77863 273.15000 0.27084 0.00053 -999 385.91521
0.00064 0.91440 0.00636 0.86665 447.01852 0.77863 273.15000 0.27084 0.00053 -999 385.91515
0.00087 0.91440 0.00562 0.94727 398.17501 0.76111 273.15000 0.25222 0.00021 -999 375.12606
0.00087 0.91440 0.00562 0.94727 398.17466 0.76111 273.15000 0.25222 0.00021 -999 375.12599
0.00087 0.91440 0.00562 0.94727 398.17443 0.76111 273.15000 0.25222 0.00021 -999 375.12589
0.00119 0.91440 0.00487 0.99864 366.47186 0.74758 273.15000 0.24038 0.00004 -999 362.17820
0.00158 0.91440 0.00410 1.02347 346.30648 0.73207 273.15000 0.23483 0.00000 -999 346.30645
0.00158 0.91440 0.00410 1.02347 346.30635 0.73207 273.15000 0.23483 0.00000 -999 346.30635
0.00158 0.91440 0.00410 1.02347 346.30623 0.73207 273.15000 0.23483 0.00000 -999 346.30623
0.00205 0.91440 0.00332 1.02482 332.48663 0.69947 273.15000 0.23659 0.00000 -999 332.48663
0.00260 0.91440 0.00252 1.00718 319.00174 0.65929 273.15000 0.24019 0.00001 -999 318.18607
0.00260 0.91440 0.00252 1.00718 319.00164 0.65929 273.15000 0.24019 0.00001 -999 318.18595
0.00324 0.91440 0.00172 0.97472 307.32296 0.63262 273.15000 0.24231 0.00007 -999 300.59129
0.00324 0.91440 0.00172 0.97472 307.32288 0.63262 273.15000 0.24231 0.00007 -999 300.59117
0.00398 0.91440 0.00089 0.93119 300.01886 0.59738 273.15000 0.24997 0.00020 -999 283.16685
0.00398 0.91440 0.00089 0.93119 300.01881 0.59738 273.15000 0.24997 0.00020 -999 283.16673
0.00398 0.91440 0.00089 0.93119 300.01878 0.59738 273.15000 0.24997 0.00020 -999 283.16662
0.00483 0.91440 0.00003 0.87888 295.04989 0.56746 273.15000 0.25820 0.00032 -999 269.57443
0.00579 0.91440 -0.00084 0.82135 292.06878 0.53907 273.15000 0.26848 0.00044 -999 257.96933
0.00579 0.91440 -0.00084 0.82135 292.06875 0.53907 273.15000 0.26848 0.00044 -999 257.96924
0.00686 0.91440 -0.00172 0.76167 290.75529 0.50105 273.15000 0.28444 0.00060 -999 246.62020
0.00686 0.91440 -0.00172 0.76167 290.75528 0.50105 273.15000 0.28444 0.00060 -999 246.62013
0.00686 0.91440 -0.00172 0.76167 290.75529 0.50105 273.15000 0.28444 0.00060 -999 246.62007
0.00802 0.91440 -0.00259 0.70296 291.75873 0.47740 273.15000 0.29819 0.00074 -999 238.84474
0.00920 0.91440 -0.00342 0.64791 293.81692 0.44066 273.15000 0.32179 0.00088 -999 233.09737
0.00920 0.91440 -0.00342 0.64791 293.81694 0.44066 273.15000 0.32179 0.00088 -999 233.09732
0.01041 0.91440 -0.00421 0.59715 297.66125 0.41005 273.15000 0.34688 0.00101 -999 229.38352
0.01041 0.91440 -0.00421 0.59715 297.66127 0.41005 273.15000 0.34688 0.00101 -999 229.38349
0.01165 0.91440 -0.00496 0.55085 303.89022 0.38474 273.15000 0.37187 0.00113 -999 227.75309
0.01165 0.91440 -0.00496 0.55085 303.89026 0.38474 273.15000 0.37187 0.00113 -999 227.75308
0.01290 0.91440 -0.00568 0.50837 312.59569 0.36671 273.15000 0.39880 0.00126 -999 227.93078
0.01290 0.91440 -0.00568 0.50837 312.59575 0.36671 273.15000 0.39880 0.00126 -999 227.93078
0.01290 0.91440 -0.00568 0.50837 312.59583 0.36671 273.15000 0.39880 0.00126 -999 227.93079
0.01417 0.91440 -0.00637 0.46898 322.66847 0.33899 273.15000 0.43980 0.00139 -999 229.34971
0.01545 0.91440 -0.00704 0.43268 334.33715 0.32161 273.15000 0.47395 0.00153 -999 231.54782
0.01545 0.91440 -0.00704 0.43268 334.33723 0.32161 273.15000 0.47395 0.00153 -999 231.54783
0.01545 0.91440 -0.00704 0.43268 334.33732 0.32161 273.15000 0.47395 0.00153 -999 231.54785
0.01675 0.91440 -0.00768 0.39950 347.30702 0.30416 273.15000 0.51818 0.00166 -999 234.50066
0.01806 0.91440 -0.00830 0.36892 361.98816 0.28799 273.15000 0.56450 0.00181 -999 238.26729
0.01806 0.91440 -0.00830 0.36892 361.98827 0.28799 273.15000 0.56450 0.00181 -999 238.26732
0.01937 0.91440 -0.00890 0.34034 377.80886 0.26961 273.15000 0.62796 0.00195 -999 242.48717
0.01937 0.91440 -0.00890 0.34034 377.80898 0.26961 273.15000 0.62796 0.00195 -999 242.48720
0.01937 0.91440 -0.00890 0.34034 377.80909 0.26961 273.15000 0.62796 0.00195 -999 242.48723
0.02070 0.91440 -0.00949 0.31367 393.58286 0.24747 273.15000 0.70504 0.00210 -999 246.62153
0.02203 0.91440 -0.01005 0.28900 409.26535 0.23988 273.15000 0.75092 0.00226 -999 250.39028
0.02203 0.91440 -0.01005 0.28900 409.26547 0.23988 273.15000 0.75092 0.00226 -999 250.39030
0.02337 0.91440 -0.01060 0.26609 424.24111 0.22435 273.15000 0.83558 0.00241 -999 253.81178
0.02337 0.91440 -0.01060 0.26609 424.24122 0.22435 273.15000 0.83558 0.00241 -999 253.81181
0.02471 0.91440 -0.01113 0.24464 438.80729 0.21028 273.15000 0.91569 0.00256 -999 257.02357
0.02471 0.91440 -0.01113 0.24464 438.80739 0.21028 273.15000 0.91569 0.00256 -999 257.02359
0.02471 0.91440 -0.01113 0.24464 438.80748 0.21028 273.15000 0.91569 0.00256 -999 257.02362
0.02606 0.91440 -0.01164 0.22441 452.85262 0.20381 273.00115 0.97233 0.00271 -999 260.07137
0.02742 0.91440 -0.01215 0.20535 457.55630 0.19288 272.72720 1.00000 0.00271 -999 262.84654
0.02742 0.91440 -0.01215 0.20535 457.55633 0.19288 272.72720 1.00000 0.00271 -999 262.84656
0.02878 0.91440 -0.01264 0.18750 452.00153 0.17764 272.47474 1.00000 0.00255 -999 265.23076
0.02878 0.91440 -0.01264 0.18750 452.00151 0.17764 272.47473 1.00000 0.00255 -999 265.23078
0.03014 0.91440 -0.01312 0.17073 450.02896 0.16816 272.30206 1.00000 0.00246 -999 267.22139
0.03014 0.91440 -0.01312 0.17073 450.02890 0.16816 272.30206 1.00000 0.00246 -999 267.22140
0.03014 0.91440 -0.01312 0.17073 450.02888 0.16816 272.30206 1.00000 0.00246 -999 267.22141
0.03151 0.91440 -0.01358 0.15499 444.92900 0.15693 272.11164 1.00000 0.00234 -999 268.90368
0.03288 0.91440 -0.01404 0.14000 438.82771 0.14553 271.92448 1.00000 0.00221 -999 270.36907
0.03288 0.91440 -0.01404 0.14000 438.82770 0.14553 271.92448 1.00000 0.00221 -999 270.36908
0.03288 0.91440 -0.01404 0.14000 438.82765 0.14553 271.92448 1.00000 0.00221 -999 270.36909
0.03426 0.91440 -0.01448 0.12576 434.61499 0.13721 271.77778 1.00000 0.00212 -999 271.67119
0.03564 0.91440 -0.01492 0.11226 428.74190 0.12797 271.62059 1.00000 0.00201 -999 272.83807
0.03564 0.91440 -0.01492 0.11226 428.74184 0.12797 271.62059 1.00000 0.00201 -999 272.83808
0.03702 0.91440 -0.01534 0.09948 424.88412 0.12162 271.50855 1.00000 0.00193 -999 273.75529
0.03702 0.91440 -0.01534 0.09948 424.88410 0.12162 271.50855 1.00000 0.00193 -999 273.75530
0.03841 0.91440 -0.01576 0.08745 419.35010 0.11389 271.37257 1.00000 0.00183 -999 274.72516
0.03841 0.91440 -0.01576 0.08745 419.35006 0.11389 271.37256 1.00000 0.00183 -999 274.72517
0.03841 0.91440 -0.01576 0.08745 419.35001 0.11389 271.37256 1.00000 0.00183 -999 274.72517
0.03979 0.91440 -0.01617 0.07599 414.55177 0.10714 271.25116 1.00000 0.00175 -999 275.59492
0.04118 0.91440 -0.01656 0.06501 408.54556 0.10030 271.12770 1.00000 0.00166 -999 276.22710
0.04118 0.91440 -0.01656 0.06501 408.54551 0.10030 271.12770 1.00000 0.00166 -999 276.22711
0.04118 0.91440 -0.01656 0.06501 408.54548 0.10030 271.12770 1.00000 0.00166 -999 276.22711
0.04258 0.91440 -0.01695 0.05451 398.65919 0.09068 270.96498 1.00000 0.00151 -999 276.69821
0.04258 0.91440 -0.01695 0.05451 398.65914 0.09068 270.96498 1.00000 0.00151 -999 276.69821
0.04397 0.91440 -0.01734 0.04447 392.03410 0.08422 270.84851 1.00000 0.00142 -999 277.01569
0.04397 0.91440 -0.01734 0.04447 392.03404 0.08422 270.84851 1.00000 0.00142 -999 277.01569
0.04537 0.91440 -0.01771 0.03491 387.22866 0.07950 270.75978 1.00000 0.00136 -999 277.19828
0.04677 0.91440 -0.01808 0.02583 378.38203 0.07219 270.62054 1.00000 0.00124 -999 277.27265
0.04677 0.91440 -0.01808 0.02583 378.38196 0.07219 270.62054 1.00000 0.00124 -999 277.27265
0.04677 0.91440 -0.01808 0.02583 378.38189 0.07219 270.62054 1.00000 0.00124 -999 277.27265
0.04817 0.91440 -0.01844 0.01718 369.14104 0.06468 270.48390 1.00000 0.00112 -999 277.26984
0.04957 0.91440 -0.01879 0.00888 363.32436 0.06003 270.39016 1.00000 0.00105 -999 277.21794
0.04957 0.91440 -0.01879 0.00888 363.32429 0.06003 270.39015 1.00000 0.00105 -999 277.21794
0.04957 0.91440 -0.01879 0.00888 363.32426 0.06003 270.39015 1.00000 0.00105 -999 277.21794
0.05097 0.91440 -0.01914 0.00085 357.34607 0.05536 270.29559 1.00000 0.00098 -999 277.13521
0.05097 0.91440 -0.01914 0.00085 357.34599 0.05536 270.29559 1.00000 0.00098 -999 277.13521
0.05238 0.91440 -0.01948 -0.00680 348.33903 0.04882 270.15286 1.00000 0.00087 -999 277.03029
0.05238 0.91440 -0.01948 -0.00680 348.33898 0.04882 270.15286 1.00000 0.00087 -999 277.03029
0.05379 0.91440 -0.01981 -0.01416 337.87252 0.04127 269.99922 1.00000 0.00074 -999 276.90745
0.05379 0.91440 -0.01981 -0.01416 337.87247 0.04127 269.99922 1.00000 0.00074 -999 276.90745
0.05519 0.91440 -0.02014 -0.02120 330.72713 0.03624 269.88589 1.00000 0.00065 -999 276.76746
0.05519 0.91440 -0.02014 -0.02120 330.72709 0.03624 269.88589 1.00000 0.00065 -999 276.76746
0.05660 0.91440 -0.02046 -0.02792 324.70150 0.03206 269.78866 1.00000 0.00058 -999 276.60899
0.05660 0.91440 -0.02046 -0.02792 324.70142 0.03206 269.78866 1.00000 0.00058 -999 276.60899
0.05802 0.91440 -0.02078 -0.03439 320.62665 0.02928 269.71915 1.00000 0.00054 -999 276.41339
0.05802 0.91440 -0.02078 -0.03439 320.62664 0.02928 269.71915 1.00000 0.00054 -999 276.41339
0.05943 0.91440 -0.02109 -0.04057 312.90243 0.02417 269.58817 1.00000 0.00044 -999 276.23458
0.06084 0.91440 -0.02139 -0.04656 303.31117 0.01786 269.42838 1.00000 0.00033 -999 276.04274
0.06084 0.91440 -0.02139 -0.04656 303.31108 0.01786 269.42838 1.00000 0.00033 -999 276.04274
0.06084 0.91440 -0.02139 -0.04656 303.31099 0.01786 269.42838 1.00000 0.00033 -999 276.04274
0.06226 0.91440 -0.02169 -0.05236 296.90849 0.01376 269.58740 1.00000 0.00026 -999 275.79180
0.06226 0.91440 -0.02169 -0.05236 296.90850 0.01376 269.58740 1.00000 0.00026 -999 275.79180
0.06367 0.91440 -0.02199 -0.05792 290.41227 0.00964 269.47658 1.00000 0.00018 -999 275.54338
0.06367 0.91440 -0.02199 -0.05792 290.41219 0.00964 269.47659 1.00000 0.00018 -999 275.54338
0.06509 0.91440 -0.02228 -0.06324 278.68154 0.00220 270.08751 1.00000 0.00004 -999 275.27535
0.06651 0.91440 -0.02256 -0.06835 274.98764 0.00000 270.56993 1.00000 0.00000 -999 274.98760
0.06651 0.91440 -0.02256 -0.06835 274.98759 0.00000 270.56993 1.00000 0.00000 -999 274.98759
0.06651 0.91440 -0.02256 -0.06835 274.98759 0.00000 270.56993 1.00000 0.00000 -999 274.98759
0.06793 0.91440 -0.02284 -0.07328 274.68035 0.00000 270.56795 1.00000 0.00000 -999 274.68035
0.06793 0.91440 -0.02284 -0.07328 274.68034 0.00000 270.56795 1.00000 0.00000 -999 274.68034
0.06935 0.91440 -0.02312 -0.07802 274.35419 0.00000 270.56604 1.00000 0.00000 -999 274.35419
0.06935 0.91440 -0.02312 -0.07802 274.35419 0.00000 270.56604 1.00000 0.00000 -999 274.35419
0.07077 0.91440 -0.02339 -0.08260 274.00991 0.00000 270.56420 1.00000 0.00000 -999 274.00991
0.07077 0.91440 -0.02339 -0.08260 274.00990 0.00000 270.56420 1.00000 0.00000 -999 274.00990
0.07219 0.91440 -0.02365 -0.08702 273.64818 0.00000 270.56242 1.00000 0.00000 -999 273.64818
0.07219 0.91440 -0.02365 -0.08702 273.64818 0.00000 270.56242 1.00000 0.00000 -999 273.64818
0.07361 0.91440 -0.02391 -0.09129 273.26963 0.00000 270.56071 1.00000 0.00000 -999 273.26963
0.07361 0.91440 -0.02391 -0.09129 273.26963 0.00000 270.56071 1.00000 0.00000 -999 273.26963
0.07503 0.91440 -0.02417 -0.09541 272.87486 0.00000 270.55905 1.00000 0.00000 -999 272.87486
0.07503 0.91440 -0.02417 -0.09541 272.87486 0.00000 270.55905 1.00000 0.00000 -999 272.87486
0.07646 0.91440 -0.02442 -0.09937 272.46470 0.00000 270.55745 1.00000 0.00000 -999 272.46470
0.07646 0.91440 -0.02442 -0.09937 272.46470 0.00000 270.55745 1.00000 0.00000 -999 272.46470
0.07788 0.91440 -0.02467 -0.10320 272.04008 0.00000 270.55591 1.00000 0.00000 -999 272.04008
0.07788 0.91440 -0.02467 -0.10320 272.04007 0.00000 270.55591 1.00000 0.00000 -999 272.04007
0.07931 0.91440 -0.02492 -0.10689 271.60207 0.00000 270.55443 1.00000 0.00000 -999 271.60207
0.08073 0.91440 -0.02516 -0.11042 271.15307 0.00000 270.55300 1.00000 0.00000 -999 271.15307
0.08073 0.91440 -0.02516 -0.11042 271.15306 0.00000 270.55300 1.00000 0.00000 -999 271.15306
0.08073 0.91440 -0.02516 -0.11042 271.15306 0.00000 270.55300 1.00000 0.00000 -999 271.15306
0.08216 0.91440 -0.02540 -0.11384 270.69668 0.00000 270.55162 1.00000 0.00000 -999 270.69668
0.08216 0.91440 -0.02540 -0.11384 270.69668 0.00000 270.55162 1.00000 0.00000 -999 270.69668
0.08359 0.91440 -0.02563 -0.11714 270.23677 0.00000 270.55029 1.00000 0.00000 -999 270.23677
0.08359 0.91440 -0.02563 -0.11714 270.23677 0.00000 270.55029 1.00000 0.00000 -999 270.23677
0.08501 0.91440 -0.02586 -0.12036 269.77477 0.00000 270.54899 1.00000 0.00000 -999 269.77477
0.08501 0.91440 -0.02586 -0.12036 269.77477 0.00000 270.54899 1.00000 0.00000 -999 269.77477
0.08644 0.91440 -0.02609 -0.12348 269.30774 0.00000 270.54775 1.00000 0.00000 -999 269.30774
0.08787 0.91440 -0.02631 -0.12641 268.83212 0.00000 270.54654 1.00000 0.00000 -999 268.83212
0.08787 0.91440 -0.02631 -0.12641 268.83212 0.00000 270.54654 1.00000 0.00000 -999 268.83212
0.08787 0.91440 -0.02631 -0.12641 268.83211 0.00000 270.54654 1.00000 0.00000 -999 268.83211
0.08937 0.91440 -0.02654 -0.12939 268.34240 0.00000 270.54534 1.00000 0.00000 -999 268.34240
0.08937 0.91440 -0.02654 -0.12939 268.34240 0.00000 270.54534 1.00000 0.00000 -999 268.34240
0.09095 0.91440 -0.02678 -0.13247 267.77604 0.00000 270.54400 1.00000 0.00000 -999 267.77604
0.09095 0.91440 -0.02678 -0.13247 267.77603 0.00000 270.54400 1.00000 0.00000 -999 267.77603
0.09260 0.91440 -0.02702 -0.13546 267.28400 0.00000 270.54289 1.00000 0.00000 -999 267.28400
0.09434 0.91440 -0.02728 -0.13853 266.71774 0.00000 270.54166 1.00000 0.00000 -999 266.71774
0.09434 0.91440 -0.02728 -0.13853 266.71773 0.00000 270.54166 1.00000 0.00000 -999 266.71773
0.09434 0.91440 -0.02728 -0.13853 266.71773 0.00000 270.54166 1.00000 0.00000 -999 266.71773
0.09617 0.91440 -0.02754 -0.14165 266.00037 0.00000 270.54012 1.00000 0.00000 -999 266.00037
0.09617 0.91440 -0.02754 -0.14165 266.00037 0.00000 270.54012 1.00000 0.00000 -999 266.00037
0.09809 0.91440 -0.02780 -0.14479 265.38978 0.00000 270.53887 1.00000 0.00000 -999 265.38978
0.09809 0.91440 -0.02780 -0.14479 265.38977 0.00000 270.53887 1.00000 0.00000 -999 265.38977
0.10011 0.91440 -0.02808 -0.14782 264.75725 0.00000 270.53763 1.00000 0.00000 -999 264.75725
0.10011 0.91440 -0.02808 -0.14782 264.75725 0.00000 270.53763 1.00000 0.00000 -999 264.75725
0.10222 0.91440 -0.02836 -0.15095 264.24951 0.00000 270.53665 1.00000 0.00000 -999 264.24951
0.10445 0.91440 -0.02865 -0.15403 263.57106 0.00000 270.53542 1.00000 0.00000 -999 263.57106
0.10445 0.91440 -0.02865 -0.15403 263.57105 0.00000 270.53542 1.00000 0.00000 -999 263.57105
0.10445 0.91440 -0.02865 -0.15403 263.57105 0.00000 270.53542 1.00000 0.00000 -999 263.57105
0.10679 0.91440 -0.02894 -0.15701 262.70596 0.00000 270.53394 1.00000 0.00000 -999 262.70596
0.10679 0.91440 -0.02894 -0.15701 262.70596 0.00000 270.53394 1.00000 0.00000 -999 262.70596
0.10924 0.91440 -0.02925 -0.15998 261.97674 0.00000 270.53275 1.00000 0.00000 -999 261.97674
0.10924 0.91440 -0.02925 -0.15998 261.97673 0.00000 270.53275 1.00000 0.00000 -999 261.97673
0.11182 0.91440 -0.02956 -0.16290 261.24581 0.00000 270.53158 1.00000 0.00000 -999 261.24581
0.11182 0.91440 -0.02956 -0.16290 261.24581 0.00000 270.53158 1.00000 0.00000 -999 261.24581
0.11438 0.91440 -0.02986 -0.16572 260.52242 0.00000 270.53048 1.00000 0.00000 -999 260.52242
0.11438 0.91440 -0.02986 -0.16572 260.52242 0.00000 270.53048 1.00000 0.00000 -999 260.52242
0.11693 0.91440 -0.03015 -0.16822 259.81697 0.00000 270.52947 1.00000 0.00000 -999 259.81697
0.11693 0.91440 -0.03015 -0.16822 259.81696 0.00000 270.52947 1.00000 0.00000 -999 259.81696
0.11949 0.91440 -0.03043 -0.17062 259.28063 0.00000 270.52873 1.00000 0.00000 -999 259.28063
0.12205 0.91440 -0.03070 -0.17280 258.61293 0.00000 270.52784 1.00000 0.00000 -999 258.61293
0.12205 0.91440 -0.03070 -0.17280 258.61292 0.00000 270.52784 1.00000 0.00000 -999 258.61292
0.12205 0.91440 -0.03070 -0.17280 258.61292 0.00000 270.52784 1.00000 0.00000 -999 258.61292
0.12461 0.91440 -0.03097 -0.17487 257.82112 0.00000 270.52683 1.00000 0.00000 -999 257.82112
0.12461 0.91440 -0.03097 -0.17487 257.82112 0.00000 270.52683 1.00000 0.00000 -999 257.82112
0.12717 0.91440 -0.03123 -0.17679 257.33212 0.00000 270.52623 1.00000 0.00000 -999 257.33212
0.12974 0.91440 -0.03148 -0.17859 256.85334 0.00000 270.52566 1.00000 0.00000 -999 256.85334
0.12974 0.91440 -0.03148 -0.17859 256.85333 0.00000 270.52566 1.00000 0.00000 -999 256.85333
0.13230 0.91440 -0.03172 -0.18020 256.16757 0.00000 270.52491 1.00000 0.00000 -999 256.16757
0.13230 0.91440 -0.03172 -0.18020 256.16756 0.00000 270.52491 1.00000 0.00000 -999 256.16756
0.13230 0.91440 -0.03172 -0.18020 256.16756 0.00000 270.52491 1.00000 0.00000 -999 256.16756
0.13486 0.91440 -0.03196 -0.18167 255.58592 0.00000 270.52433 1.00000 0.00000 -999 255.58592
0.13743 0.91440 -0.03219 -0.18303 255.03741 0.00000 270.52382 1.00000 0.00000 -999 255.03741
0.13743 0.91440 -0.03219 -0.18303 255.03740 0.00000 270.52382 1.00000 0.00000 -999 255.03740
0.13999 0.91440 -0.03242 -0.18430 254.30152 0.00000 270.52319 0.00001 0.00000 -999 254.30152
0.13999 0.91440 -0.03242 -0.18430 254.30152 0.00000 270.52319 0.00000 0.00000 -999 254.30152
0.13999 0.91440 -0.03242 -0.18430 254.30151 0.00000 270.52319 -0.00001 0.00000 -999 254.30151
0.14255 0.91440 -0.03263 -0.18551 253.69410 0.00000 270.52271 -1.00000 0.00000 -999 253.69410
0.14512 0.91440 -0.03285 -0.18654 253.21366 0.00000 270.52238 -1.00000 0.00000 -999 253.21366
0.14512 0.91440 -0.03285 -0.18654 253.21365 0.00000 270.52238 -1.00000 0.00000 -999 253.21365
0.14769 0.91440 -0.03305 -0.18744 252.58511 0.00000 270.52200 -1.00000 0.00000 -999 252.58511
0.14769 0.91440 -0.03305 -0.18744 252.58511 0.00000 270.52200 -1.00000 0.00000 -999 252.58511
0.15025 0.91440 -0.03325 -0.18829 251.86461 0.00000 270.52160 -1.00000 0.00000 -999 251.86461
0.15025 0.91440 -0.03325 -0.18829 251.86461 0.00000 270.52160 -1.00000 0.00000 -999 251.86461
0.15025 0.91440 -0.03325 -0.18829 251.86460 0.00000 270.52160 -1.00000 0.00000 -999 251.86460
0.15282 0.91440 -0.03344 -0.18910 251.15297 0.00000 270.52126 -1.00000 0.00000 -999 251.15297
0.15539 0.91440 -0.03363 -0.18973 250.49235 0.00000 270.52099 -1.00000 0.00000 -999 250.49235
0.15539 0.91440 -0.03363 -0.18973 250.49234 0.00000 270.52099 -1.00000 0.00000 -999 250.49234
0.15539 0.91440 -0.03363 -0.18973 250.49234 0.00000 270.52099 -1.00000 0.00000 -999 250.49234
0.15796 0.91440 -0.03381 -0.19029 249.82485 0.00000 270.52076 -1.00000 0.00000 -999 249.82485
0.15796 0.91440 -0.03381 -0.19029 249.82484 0.00000 270.52076 -1.00000 0.00000 -999 249.82484
0.16052 0.91440 -0.03399 -0.19086 249.15328 0.00000 270.52055 -1.00000 0.00000 -999 249.15328
0.16052 0.91440 -0.03399 -0.19086 249.15327 0.00000 270.52055 -1.00000 0.00000 -999 249.15327
0.16309 0.91440 -0.03416 -0.19124 248.47930 0.00000 270.52038 -1.00000 0.00000 -999 248.47930
0.16309 0.91440 -0.03416 -0.19124 248.47929 0.00000 270.52038 -1.00000 0.00000 -999 248.47929
0.16566 0.91440 -0.03432 -0.19157 247.80731 0.00000 270.52024 -1.00000 0.00000 -999 247.80731
0.16823 0.91440 -0.03448 -0.19190 247.14039 0.00000 270.52012 -1.00000 0.00000 -999 247.14039
0.16823 0.91440 -0.03448 -0.19190 247.14039 0.00000 270.52012 -1.00000 0.00000 -999 247.14039
0.16823 0.91440 -0.03448 -0.19190 247.14038 0.00000 270.52012 -1.00000 0.00000 -999 247.14038
0.17080 0.91440 -0.03464 -0.19207 246.48036 0.00000 270.52004 -1.00000 0.00000 -999 246.48036
0.17080 0.91440 -0.03464 -0.19207 246.48036 0.00000 270.52004 -1.00000 0.00000 -999 246.48036
0.17337 0.91440 -0.03479 -0.19221 245.83041 0.00000 270.51999 -1.00000 0.00000 -999 245.83041
0.17337 0.91440 -0.03479 -0.19221 245.83041 0.00000 270.51999 -1.00000 0.00000 -999 245.83041
0.17594 0.91440 -0.03493 -0.19233 245.19193 0.00000 270.51995 -1.00000 0.00000 -999 245.19193
0.17851 0.91440 -0.03507 -0.19230 244.56592 0.00000 270.51995 -1.00000 0.00000 -999 244.56592
0.17851 0.91440 -0.03507 -0.19230 244.56591 0.00000 270.51995 -1.00000 0.00000 -999 244.56591
0.17851 0.91440 -0.03507 -0.19230 244.56591 0.00000 270.51995 -1.00000 0.00000 -999 244.56591
0.18108 0.91440 -0.03521 -0.19229 243.95341 0.00000 270.51996 -1.00000 0.00000 -999 243.95341
0.18108 0.91440 -0.03521 -0.19229 243.95341 0.00000 270.51996 -1.00000 0.00000 -999 243.95341
0.18365 0.91440 -0.03534 -0.19218 243.43300 0.00000 270.51999 -1.00000 0.00000 -999 243.43300
0.18622 0.91440 -0.03546 -0.19202 242.82443 0.00000 270.52006 -1.00000 0.00000 -999 242.82443
0.18622 0.91440 -0.03546 -0.19202 242.82443 0.00000 270.52006 -1.00000 0.00000 -999 242.82443
0.18879 0.91440 -0.03559 -0.19184 242.19656 0.00000 270.52014 -1.00000 0.00000 -999 242.19656
0.18879 0.91440 -0.03559 -0.19184 242.19656 0.00000 270.52014 -1.00000 0.00000 -999 242.19656
0.19137 0.91440 -0.03570 -0.19157 241.63568 0.00000 270.52025 -1.00000 0.00000 -999 241.63568
0.19137 0.91440 -0.03570 -0.19157 241.63568 0.00000 270.52025 -1.00000 0.00000 -999 241.63568
0.19394 0.91440 -0.03582 -0.19129 241.08478 0.00000 270.52036 -1.00000 0.00000 -999 241.08478
0.19394 0.91440 -0.03582 -0.19129 241.08477 0.00000 270.52036 -1.00000 0.00000 -999 241.08477
0.19651 0.91440 -0.03592 -0.19092 240.54225 0.00000 270.52051 -1.00000 0.00000 -999 240.54225
0.19651 0.91440 -0.03592 -0.19092 240.54225 0.00000 270.52051 -1.00000 0.00000 -999 240.54225
0.19908 0.91440 -0.03603 -0.19055 240.00676 0.00000 270.52066 -1.00000 0.00000 -999 240.00676
0.19908 0.91440 -0.03603 -0.19055 240.00676 0.00000 270.52066 -1.00000 0.00000 -999 240.00676
0.20165 0.91440 -0.03613 -0.19011 239.47674 0.00000 270.52084 -1.00000 0.00000 -999 239.47674
0.20165 0.91440 -0.03613 -0.19011 239.47674 0.00000 270.52084 -1.00000 0.00000 -999 239.47674
0.20423 0.91440 -0.03622 -0.18964 238.95080 0.00000 270.52103 -1.00000 0.00000 -999 238.95080
0.20423 0.91440 -0.03622 -0.18964 238.95080 0.00000 270.52103 -1.00000 0.00000 -999 238.95080
0.20680 0.91440 -0.03632 -0.18914 238.42744 0.00000 270.52123 -1.00000 0.00000 -999 238.42744
0.20680 0.91440 -0.03632 -0.18914 238.42743 0.00000 270.52123 -1.00000 0.00000 -999 238.42743
0.20680 0.91440 -0.03632 -0.18914 238.42743 0.00000 270.52123 -1.00000 0.00000 -999 238.42743
0.20937 0.91440 -0.03641 -0.18859 237.90550 0.00000 270.52145 -1.00000 0.00000 -999 237.90550
0.21195 0.91440 -0.03649 -0.18801 237.38410 0.00000 270.52169 -1.00000 0.00000 -999 237.38410
0.21195 0.91440 -0.03649 -0.18801 237.38409 0.00000 270.52169 -1.00000 0.00000 -999 237.38409
0.21452 0.91440 -0.03657 -0.18738 236.86285 0.00000 270.52194 -1.00000 0.00000 -999 236.86285
0.21452 0.91440 -0.03657 -0.18738 236.86285 0.00000 270.52194 -1.00000 0.00000 -999 236.86285
0.21709 0.91440 -0.03665 -0.18674 236.34156 0.00000 270.52220 -1.00000 0.00000 -999 236.34156
0.21709 0.91440 -0.03665 -0.18674 236.34155 0.00000 270.52220 -1.00000 0.00000 -999 236.34155
0.21966 0.91440 -0.03672 -0.18606 235.81984 0.00000 270.52247 -1.00000 0.00000 -999 235.81984
0.21966 0.91440 -0.03672 -0.18606 235.81984 0.00000 270.52247 -1.00000 0.00000 -999 235.81984
0.22224 0.91440 -0.03679 -0.18536 235.29763 0.00000 270.52276 -1.00000 0.00000 -999 235.29763
0.22224 0.91440 -0.03679 -0.18536 235.29763 0.00000 270.52276 -1.00000 0.00000 -999 235.29763
0.22481 0.91440 -0.03686 -0.18462 234.77495 0.00000 270.52306 -1.00000 0.00000 -999 234.77495
0.22481 0.91440 -0.03686 -0.18462 234.77495 0.00000 270.52306 -1.00000 0.00000 -999 234.77495
0.22738 0.91440 -0.03692 -0.18385 234.25218 0.00000 270.52337 -1.00000 0.00000 -999 234.25218
0.22738 0.91440 -0.03692 -0.18385 234.25217 0.00000 270.52337 -1.00000 0.00000 -999 234.25217
0.22738 0.91440 -0.03692 -0.18385 234.25217 0.00000 270.52337 -1.00000 0.00000 -999 234.25217
0.22996 0.91440 -0.03698 -0.18306 233.72999 0.00000 270.52369 -1.00000 0.00000 -999 233.72999
0.23253 0.91440 -0.03703 -0.18224 233.20933 0.00000 270.52402 -1.00000 0.00000 -999 233.20933
0.23253 0.91440 -0.03703 -0.18224 233.20932 0.00000 270.52402 -1.00000 0.00000 -999 233.20932
0.23511 0.91440 -0.03709 -0.18141 232.69066 0.00000 270.52435 -1.00000 0.00000 -999 232.69066
0.23511 0.91440 -0.03709 -0.18141 232.69066 0.00000 270.52435 -1.00000 0.00000 -999 232.69066
0.23768 0.91440 -0.03714 -0.18053 232.17451 0.00000 270.52471 -1.00000 0.00000 -999 232.17451
0.23768 0.91440 -0.03714 -0.18053 232.17450 0.00000 270.52471 -1.00000 0.00000 -999 232.17450
0.23768 0.91440 -0.03714 -0.18053 232.17450 0.00000 270.52471 -1.00000 0.00000 -999 232.17450
0.24025 0.91440 -0.03718 -0.17964 231.66171 0.00000 270.52507 -1.00000 0.00000 -999 231.66171
0.24283 0.91440 -0.03723 -0.17873 231.15299 0.00000 270.52543 -1.00000 0.00000 -999 231.15299
0.24283 0.91440 -0.03723 -0.17873 231.15299 0.00000 270.52543 -1.00000 0.00000 -999 231.15299
0.24540 0.91440 -0.03727 -0.17779 230.64924 0.00000 270.52581 -1.00000 0.00000 -999 230.64924
0.24540 0.91440 -0.03727 -0.17779 230.64923 0.00000 270.52581 -1.00000 0.00000 -999 230.64923
0.24798 0.91440 -0.03730 -0.17684 230.10402 0.00000 270.52624 -1.00000 0.00000 -999 230.10402
0.24798 0.91440 -0.03730 -0.17684 230.10402 0.00000 270.52624 -1.00000 0.00000 -999 230.10402
0.24798 0.91440 -0.03730 -0.17684 230.10402 0.00000 270.52624 -1.00000 0.00000 -999 230.10402
0.25055 0.91440 -0.03734 -0.17586 229.65901 0.00000 270.52659 -1.00000 0.00000 -999 229.65901
0.25312 0.91440 -0.03737 -0.17488 229.28113 0.00000 270.52690 -1.00000 0.00000 -999 229.28113
0.25312 0.91440 -0.03737 -0.17488 229.28113 0.00000 270.52690 -1.00000 0.00000 -999 229.28113
0.25570 0.91440 -0.03740 -0.17385 228.69593 0.00000 270.52740 -1.00000 0.00000 -999 228.69593
0.25570 0.91440 -0.03740 -0.17385 228.69593 0.00000 270.52740 -1.00000 0.00000 -999 228.69593
0.25570 0.91440 -0.03740 -0.17385 228.69593 0.00000 270.52740 -1.00000 0.00000 -999 228.69593
0.25827 0.91440 -0.03742 -0.17283 228.12066 0.00000 270.52791 -1.00000 0.00000 -999 228.12066
0.25827 0.91440 -0.03742 -0.17283 228.12066 0.00000 270.52791 -1.00000 0.00000 -999 228.12066
0.26085 0.91440 -0.03744 -0.17177 227.65836 0.00000 270.52834 -1.00000 0.00000 -999 227.65836
0.26085 0.91440 -0.03744 -0.17177 227.65836 0.00000 270.52834 -1.00000 0.00000 -999 227.65836
0.26342 0.91440 -0.03746 -0.17072 227.20318 0.00000 270.52877 -1.00000 0.00000 -999 227.20318
0.26342 0.91440 -0.03746 -0.17072 227.20318 0.00000 270.52877 -1.00000 0.00000 -999 227.20318
0.26599 0.91440 -0.03748 -0.16962 226.85404 0.00000 270.52911 -1.00000 0.00000 -999 226.85404
0.26857 0.91440 -0.03750 -0.16854 226.41171 0.00000 270.52955 -1.00000 0.00000 -999 226.41171
0.26857 0.91440 -0.03750 -0.16854 226.41171 0.00000 270.52955 -1.00000 0.00000 -999 226.41171
0.26857 0.91440 -0.03750 -0.16854 226.41171 0.00000 270.52955 -1.00000 0.00000 -999 226.41171
0.27114 0.91440 -0.03751 -0.16742 225.87905 0.00000 270.53010 -1.00000 0.00000 -999 225.87905
0.27114 0.91440 -0.03751 -0.16742 225.87905 0.00000 270.53010 -1.00000 0.00000 -999 225.87905
0.27372 0.91440 -0.03752 -0.16629 225.45026 0.00000 270.53056 -1.00000 0.00000 -999 225.45026
0.27372 0.91440 -0.03752 -0.16629 225.45025 0.00000 270.53056 -1.00000 0.00000 -999 225.45025
0.27629 0.91440 -0.03752 -0.16515 225.02696 0.00000 270.53103 -1.00000 0.00000 -999 225.02696
0.27629 0.91440 -0.03752 -0.16515 225.02696 0.00000 270.53103 -1.00000 0.00000 -999 225.02696
0.27887 0.91440 -0.03753 -0.16398 224.60887 0.00000 270.53149 -1.00000 0.00000 -999 224.60887
0.27887 0.91440 -0.03753 -0.16398 224.60887 0.00000 270.53149 -1.00000 0.00000 -999 224.60887
0.28144 0.91440 -0.03753 -0.16282 224.19542 0.00000 270.53197 -1.00000 0.00000 -999 224.19542
0.28144 0.91440 -0.03753 -0.16282 224.19542 0.00000 270.53197 -1.00000 0.00000 -999 224.19542
0.28401 0.91440 -0.03753 -0.16163 223.78611 0.00000 270.53245 -1.00000 0.00000 -999 223.78611
0.28401 0.91440 -0.03753 -0.16163 223.78610 0.00000 270.53245 -1.00000 0.00000 -999 223.78610
0.28659 0.91440 -0.03753 -0.16044 223.38022 0.00000 270.53293 -1.00000 0.00000 -999 223.38022
0.28659 0.91440 -0.03753 -0.16044 223.38022 0.00000 270.53293 -1.00000 0.00000 -999 223.38022
0.28916 0.91440 -0.03752 -0.15922 223.06666 0.00000 270.53331 -1.00000 0.00000 -999 223.06666
0.29174 0.91440 -0.03751 -0.15801 222.75430 0.00000 270.53369 -1.00000 0.00000 -999 222.75430
0.29174 0.91440 -0.03751 -0.15801 222.75429 0.00000 270.53370 -1.00000 0.00000 -999 222.75429
0.29431 0.91440 -0.03750 -0.15676 222.35464 0.00000 270.53419 -1.00000 0.00000 -999 222.35464
0.29431 0.91440 -0.03750 -0.15676 222.35464 0.00000 270.53419 -1.00000 0.00000 -999 222.35464
0.29689 0.91440 -0.03749 -0.15553 221.95648 0.00000 270.53469 -1.00000 0.00000 -999 221.95648
0.29689 0.91440 -0.03749 -0.15553 221.95648 0.00000 270.53469 -1.00000 0.00000 -999 221.95648
0.29946 0.91440 -0.03747 -0.15426 221.55927 0.00000 270.53520 -1.00000 0.00000 -999 221.55927
0.29946 0.91440 -0.03747 -0.15426 221.55927 0.00000 270.53520 -1.00000 0.00000 -999 221.55927
0.30203 0.91440 -0.03746 -0.15300 221.16274 0.00000 270.53571 -1.00000 0.00000 -999 221.16274
0.30203 0.91440 -0.03746 -0.15300 221.16273 0.00000 270.53571 -1.00000 0.00000 -999 221.16273
0.30461 0.91440 -0.03744 -0.15171 220.71601 0.00000 270.53629 -1.00000 0.00000 -999 220.71601
0.30461 0.91440 -0.03744 -0.15171 220.71601 0.00000 270.53629 -1.00000 0.00000 -999 220.71601
0.30718 0.91440 -0.03742 -0.15042 220.28190 0.00000 270.53686 -1.00000 0.00000 -999 220.28190
0.30718 0.91440 -0.03742 -0.15042 220.28190 0.00000 270.53686 -1.00000 0.00000 -999 220.28190
0.30718 0.91440 -0.03742 -0.15042 220.28190 0.00000 270.53686 -1.00000 0.00000 -999 220.28190
0.30976 0.91440 -0.03739 -0.14912 219.88512 0.00000 270.53739 -1.00000 0.00000 -999 219.88512
0.30976 0.91440 -0.03739 -0.14912 219.88512 0.00000 270.53739 -1.00000 0.00000 -999 219.88512
0.31233 0.91440 -0.03737 -0.14780 219.48790 0.00000 270.53792 -1.00000 0.00000 -999 219.48790
0.31233 0.91440 -0.03737 -0.14780 219.48790 0.00000 270.53792 -1.00000 0.00000 -999 219.48790
0.31490 0.91440 -0.03734 -0.14648 219.09007 0.00000 270.53846 -1.00000 0.00000 -999 219.09007
0.31490 0.91440 -0.03734 -0.14648 219.09007 0.00000 270.53846 -1.00000 0.00000 -999 219.09007
0.31748 0.91440 -0.03731 -0.14514 218.69154 0.00000 270.53899 -1.00000 0.00000 -999 218.69154
0.31748 0.91440 -0.03731 -0.14514 218.69154 0.00000 270.53899 -1.00000 0.00000 -999 218.69154
0.32005 0.91440 -0.03728 -0.14379 218.29228 0.00000 270.53954 -1.00000 0.00000 -999 218.29228
0.32005 0.91440 -0.03728 -0.14379 218.29228 0.00000 270.53954 -1.00000 0.00000 -999 218.29228
0.32263 0.91440 -0.03724 -0.14244 217.89223 0.00000 270.54009 -1.00000 0.00000 -999 217.89223
0.32263 0.91440 -0.03724 -0.14244 217.89223 0.00000 270.54009 -1.00000 0.00000 -999 217.89223
0.32520 0.91440 -0.03721 -0.14107 217.49144 0.00000 270.54064 -1.00000 0.00000 -999 217.49144
0.32520 0.91440 -0.03721 -0.14107 217.49144 0.00000 270.54064 -1.00000 0.00000 -999 217.49144
0.32777 0.91440 -0.03717 -0.13969 217.08995 0.00000 270.54119 -1.00000 0.00000 -999 217.08995
0.32777 0.91440 -0.03717 -0.13969 217.08995 0.00000 270.54119 -1.00000 0.00000 -999 217.08995
0.33035 0.91440 -0.03713 -0.13830 216.68799 0.00000 270.54176 -1.00000 0.00000 -999 216.68799
0.33035 0.91440 -0.03713 -0.13830 216.68799 0.00000 270.54176 -1.00000 0.00000 -999 216.68799
0.33292 0.91440 -0.03709 -0.13690 216.28560 0.00000 270.54232 -1.00000 0.00000 -999 216.28560
0.33292 0.91440 -0.03709 -0.13690 216.28560 0.00000 270.54232 -1.00000 0.00000 -999 216.28560
0.33550 0.91440 -0.03704 -0.13548 215.88290 0.00000 270.54289 -1.00000 0.00000 -999 215.88290
0.33550 0.91440 -0.03704 -0.13548 215.88289 0.00000 270.54289 -1.00000 0.00000 -999 215.88289
0.33807 0.91440 -0.03700 -0.13405 215.48015 0.00000 270.54347 -1.00000 0.00000 -999 215.48015
0.33807 0.91440 -0.03700 -0.13405 215.48014 0.00000 270.54347 -1.00000 0.00000 -999 215.48014
0.34064 0.91440 -0.03695 -0.13262 215.07744 0.00000 270.54405 -1.00000 0.00000 -999 215.07744
0.34064 0.91440 -0.03695 -0.13262 215.07743 0.00000 270.54405 -1.00000 0.00000 -999 215.07743
0.34322 0.91440 -0.03690 -0.13116 214.67509 0.00000 270.54463 -1.00000 0.00000 -999 214.67509
0.34322 0.91440 -0.03690 -0.13116 214.67508 0.00000 270.54463 -1.00000 0.00000 -999 214.67508
0.34579 0.91440 -0.03685 -0.12971 214.27341 0.00000 270.54522 -1.00000 0.00000 -999 214.27341
0.34579 0.91440 -0.03685 -0.12971 214.27341 0.00000 270.54522 -1.00000 0.00000 -999 214.27341
0.34837 0.91440 -0.03680 -0.12823 213.87293 0.00000 270.54581 -1.00000 0.00000 -999 213.87293
0.34837 0.91440 -0.03680 -0.12823 213.87293 0.00000 270.54581 -1.00000 0.00000 -999 213.87293
0.35094 0.91440 -0.03674 -0.12676 213.47196 0.00000 270.54641 -1.00000 0.00000 -999 213.47196
0.35094 0.91440 -0.03674 -0.12676 213.47196 0.00000 270.54641 -1.00000 0.00000 -999 213.47196
0.35351 0.91440 -0.03668 -0.12522 213.07062 0.00000 270.54703 -1.00000 0.00000 -999 213.07062
0.35351 0.91440 -0.03668 -0.12522 213.07062 0.00000 270.54703 -1.00000 0.00000 -999 213.07062
0.35609 0.91440 -0.03663 -0.12368 212.67217 0.00000 270.54764 -1.00000 0.00000 -999 212.67217
0.35609 0.91440 -0.03663 -0.12368 212.67216 0.00000 270.54764 -1.00000 0.00000 -999 212.67216
0.35866 0.91440 -0.03657 -0.12220 212.27606 0.00000 270.54825 -1.00000 0.00000 -999 212.27606
0.35866 0.91440 -0.03657 -0.12220 212.27606 0.00000 270.54825 -1.00000 0.00000 -999 212.27606
0.36123 0.91440 -0.03650 -0.12065 211.88033 0.00000 270.54887 -1.00000 0.00000 -999 211.88033
0.36123 0.91440 -0.03650 -0.12065 211.88032 0.00000 270.54887 -1.00000 0.00000 -999 211.88032
0.36381 0.91440 -0.03644 -0.11906 211.48665 0.00000 270.54950 -1.00000 0.00000 -999 211.48665
0.36381 0.91440 -0.03644 -0.11906 211.48665 0.00000 270.54950 -1.00000 0.00000 -999 211.48665
0.36638 0.91440 -0.03637 -0.11751 211.09533 0.00000 270.55014 -1.00000 0.00000 -999 211.09533
0.36638 0.91440 -0.03637 -0.11751 211.09533 0.00000 270.55014 -1.00000 0.00000 -999 211.09533
0.36895 0.91440 -0.03631 -0.11593 210.70431 0.00000 270.55077 -1.00000 0.00000 -999 210.70431
0.36895 0.91440 -0.03631 -0.11593 210.70431 0.00000 270.55077 -1.00000 0.00000 -999 210.70431
0.37153 0.91440 -0.03624 -0.11429 210.31518 0.00000 270.55143 -1.00000 0.00000 -999 210.31518
0.37153 0.91440 -0.03624 -0.11429 210.31518 0.00000 270.55143 -1.00000 0.00000 -999 210.31518
0.37410 0.91440 -0.03617 -0.11268 209.92861 0.00000 270.55208 -1.00000 0.00000 -999 209.92861
0.37410 0.91440 -0.03617 -0.11268 209.92860 0.00000 270.55208 -1.00000 0.00000 -999 209.92860
0.37667 0.91440 -0.03609 -0.11106 209.54248 0.00000 270.55274 -1.00000 0.00000 -999 209.54248
0.37667 0.91440 -0.03609 -0.11106 209.54248 0.00000 270.55274 -1.00000 0.00000 -999 209.54248
0.37925 0.91440 -0.03602 -0.10936 209.15836 0.00000 270.55341 -1.00000 0.00000 -999 209.15836
0.37925 0.91440 -0.03602 -0.10936 209.15836 0.00000 270.55341 -1.00000 0.00000 -999 209.15836
0.38182 0.91440 -0.03594 -0.10771 208.77590 0.00000 270.55408 -1.00000 0.00000 -999 208.77590
0.38182 0.91440 -0.03594 -0.10771 208.77590 0.00000 270.55408 -1.00000 0.00000 -999 208.77590
0.38439 0.91440 -0.03587 -0.10600 208.39374 0.00000 270.55477 -1.00000 0.00000 -999 208.39374
0.38439 0.91440 -0.03587 -0.10600 208.39374 0.00000 270.55477 -1.00000 0.00000 -999 208.39374
0.38697 0.91440 -0.03579 -0.10426 208.01416 0.00000 270.55546 -1.00000 0.00000 -999 208.01416
0.38697 0.91440 -0.03579 -0.10426 208.01416 0.00000 270.55546 -1.00000 0.00000 -999 208.01416
0.38954 0.91440 -0.03571 -0.10257 207.63495 0.00000 270.55616 -1.00000 0.00000 -999 207.63495
0.38954 0.91440 -0.03571 -0.10257 207.63494 0.00000 270.55616 -1.00000 0.00000 -999 207.63494
0.39211 0.91440 -0.03562 -0.10077 207.25542 0.00000 270.55687 -1.00000 0.00000 -999 207.25542
0.39211 0.91440 -0.03562 -0.10077 207.25542 0.00000 270.55687 -1.00000 0.00000 -999 207.25542
0.39468 0.91440 -0.03554 -0.09897 206.84111 0.00000 270.55767 -1.00000 0.00000 -999 206.84111
0.39468 0.91440 -0.03554 -0.09897 206.84111 0.00000 270.55767 -1.00000 0.00000 -999 206.84111
0.39726 0.91440 -0.03545 -0.09718 206.44848 0.00000 270.55842 -1.00000 0.00000 -999 206.44848
0.39983 0.91440 -0.03537 -0.09532 206.17188 0.00000 270.55897 -1.00000 0.00000 -999 206.17188
0.39983 0.91440 -0.03537 -0.09532 206.17187 0.00000 270.55897 -1.00000 0.00000 -999 206.17187
0.40240 0.91440 -0.03528 -0.09349 205.82769 0.00000 270.55964 -1.00000 0.00000 -999 205.82769
0.40240 0.91440 -0.03528 -0.09349 205.82769 0.00000 270.55964 -1.00000 0.00000 -999 205.82769
0.40498 0.91440 -0.03519 -0.09157 205.44813 0.00000 270.56040 -1.00000 0.00000 -999 205.44813
0.40498 0.91440 -0.03519 -0.09157 205.44813 0.00000 270.56040 -1.00000 0.00000 -999 205.44813
0.40755 0.91440 -0.03509 -0.08965 205.06809 0.00000 270.56118 -1.00000 0.00000 -999 205.06809
0.40755 0.91440 -0.03509 -0.08965 205.06809 0.00000 270.56118 -1.00000 0.00000 -999 205.06809
0.41012 0.91440 -0.03500 -0.08771 204.68673 0.00000 270.56196 -1.00000 0.00000 -999 204.68673
0.41012 0.91440 -0.03500 -0.08771 204.68673 0.00000 270.56196 -1.00000 0.00000 -999 204.68673
0.41269 0.91440 -0.03490 -0.08572 204.30372 0.00000 270.56275 -1.00000 0.00000 -999 204.30372
0.41269 0.91440 -0.03490 -0.08572 204.30372 0.00000 270.56275 -1.00000 0.00000 -999 204.30372
0.41527 0.91440 -0.03481 -0.08371 203.91879 0.00000 270.56356 -1.00000 0.00000 -999 203.91879
0.41527 0.91440 -0.03481 -0.08371 203.91878 0.00000 270.56356 -1.00000 0.00000 -999 203.91878
0.41784 0.91440 -0.03471 -0.08165 203.53137 0.00000 270.56438 -1.00000 0.00000 -999 203.53137
0.41784 0.91440 -0.03471 -0.08165 203.53137 0.00000 270.56438 -1.00000 0.00000 -999 203.53137
0.42041 0.91440 -0.03461 -0.07957 203.14110 0.00000 270.56522 -1.00000 0.00000 -999 203.14110
0.42041 0.91440 -0.03461 -0.07957 203.14110 0.00000 270.56522 -1.00000 0.00000 -999 203.14110
0.42298 0.91440 -0.03450 -0.07744 202.69705 0.00000 270.56618 -1.00000 0.00000 -999 202.69705
0.42298 0.91440 -0.03450 -0.07744 202.69704 0.00000 270.56618 -1.00000 0.00000 -999 202.69704
0.42555 0.91440 -0.03440 -0.07528 202.26134 0.00000 270.56713 -1.00000 0.00000 -999 202.26134
0.42555 0.91440 -0.03440 -0.07528 202.26134 0.00000 270.56713 -1.00000 0.00000 -999 202.26134
0.42813 0.91440 -0.03430 -0.07308 201.85866 0.00000 270.56802 -1.00000 0.00000 -999 201.85866
0.42813 0.91440 -0.03430 -0.07308 201.85866 0.00000 270.56802 -1.00000 0.00000 -999 201.85866
0.42813 0.91440 -0.03430 -0.07308 201.85865 0.00000 270.56802 -1.00000 0.00000 -999 201.85865
0.43070 0.91440 -0.03419 -0.07082 201.45163 0.00000 270.56892 -1.00000 0.00000 -999 201.45163
0.43327 0.91440 -0.03408 -0.06854 201.03907 0.00000 270.56984 -1.00000 0.00000 -999 201.03907
0.43327 0.91440 -0.03408 -0.06854 201.03907 0.00000 270.56984 -1.00000 0.00000 -999 201.03907
0.43584 0.91440 -0.03397 -0.06618 200.62072 0.00000 270.57079 -1.00000 0.00000 -999 200.62072
0.43584 0.91440 -0.03397 -0.06618 200.62072 0.00000 270.57079 -1.00000 0.00000 -999 200.62072
0.43841 0.91440 -0.03386 -0.06380 200.19616 0.00000 270.57175 -1.00000 0.00000 -999 200.19616
0.43841 0.91440 -0.03386 -0.06380 200.19616 0.00000 270.57175 -1.00000 0.00000 -999 200.19616
0.44099 0.91440 -0.03374 -0.06135 199.76409 0.00000 270.57273 -1.00000 0.00000 -999 199.76409
0.44099 0.91440 -0.03374 -0.06135 199.76408 0.00000 270.57273 -1.00000 0.00000 -999 199.76408
0.44356 0.91440 -0.03363 -0.05882 199.32602 0.00000 270.57374 -1.00000 0.00000 -999 199.32602
0.44356 0.91440 -0.03363 -0.05882 199.32601 0.00000 270.57374 -1.00000 0.00000 -999 199.32601
0.44613 0.91440 -0.03351 -0.05630 198.87959 0.00000 270.57477 -1.00000 0.00000 -999 198.87959
0.44613 0.91440 -0.03351 -0.05630 198.87958 0.00000 270.57477 -1.00000 0.00000 -999 198.87958
0.44870 0.91440 -0.03339 -0.05365 198.42329 0.00000 270.57582 -1.00000 0.00000 -999 198.42329
0.44870 0.91440 -0.03339 -0.05365 198.42328 0.00000 270.57582 -1.00000 0.00000 -999 198.42328
0.45127 0.91440 -0.03327 -0.05094 197.95908 0.00000 270.57691 -1.00000 0.00000 -999 197.95908
0.45127 0.91440 -0.03327 -0.05094 197.95907 0.00000 270.57691 -1.00000 0.00000 -999 197.95907
0.45384 0.91440 -0.03315 -0.04820 197.48514 0.00000 270.57802 -1.00000 0.00000 -999 197.48514
0.45384 0.91440 -0.03315 -0.04820 197.48513 0.00000 270.57802 -1.00000 0.00000 -999 197.48513
0.45642 0.91440 -0.03303 -0.04536 196.99953 0.00000 270.57916 -1.00000 0.00000 -999 196.99953
0.45642 0.91440 -0.03303 -0.04536 196.99952 0.00000 270.57916 -1.00000 0.00000 -999 196.99952
0.45899 0.91440 -0.03290 -0.04242 196.50262 0.00000 270.58033 -1.00000 0.00000 -999 196.50262
0.45899 0.91440 -0.03290 -0.04242 196.50262 0.00000 270.58033 -1.00000 0.00000 -999 196.50262
0.46156 0.91440 -0.03278 -0.03942 195.99399 0.00000 270.58154 -1.00000 0.00000 -999 195.99399
0.46156 0.91440 -0.03278 -0.03942 195.99399 0.00000 270.58154 -1.00000 0.00000 -999 195.99399
0.46413 0.91440 -0.03265 -0.03634 195.47269 0.00000 270.58278 -1.00000 0.00000 -999 195.47269
0.46413 0.91440 -0.03265 -0.03634 195.47268 0.00000 270.58278 -1.00000 0.00000 -999 195.47268
0.46670 0.91440 -0.03252 -0.03316 194.93750 0.00000 270.58405 -1.00000 0.00000 -999 194.93750
0.46670 0.91440 -0.03252 -0.03316 194.93749 0.00000 270.58405 -1.00000 0.00000 -999 194.93749
0.46927 0.91440 -0.03239 -0.02987 194.38667 0.00000 270.58537 -1.00000 0.00000 -999 194.38667
0.46927 0.91440 -0.03239 -0.02987 194.38667 0.00000 270.58537 -1.00000 0.00000 -999 194.38667
0.47184 0.91440 -0.03225 -0.02647 193.81925 0.00000 270.58674 -1.00000 0.00000 -999 193.81925
0.47184 0.91440 -0.03225 -0.02647 193.81925 0.00000 270.58674 -1.00000 0.00000 -999 193.81925
0.47441 0.91440 -0.03212 -0.02296 193.23414 0.00000 270.58815 -1.00000 0.00000 -999 193.23414
0.47441 0.91440 -0.03212 -0.02296 193.23414 0.00000 270.58815 -1.00000 0.00000 -999 193.23414
0.47698 0.91440 -0.03198 -0.01932 192.62991 0.00000 270.58961 -1.00000 0.00000 -999 192.62991
0.47698 0.91440 -0.03198 -0.01932 192.62991 0.00000 270.58961 -1.00000 0.00000 -999 192.62991
0.47955 0.91440 -0.03184 -0.01555 192.00550 0.00000 270.59112 -1.00000 0.00000 -999 192.00550
0.47955 0.91440 -0.03184 -0.01555 192.00550 0.00000 270.59112 -1.00000 0.00000 -999 192.00550
0.48212 0.91440 -0.03170 -0.01165 191.35925 0.00000 270.59268 -1.00000 0.00000 -999 191.35925
0.48212 0.91440 -0.03170 -0.01165 191.35925 0.00000 270.59268 -1.00000 0.00000 -999 191.35925
0.48469 0.91440 -0.03156 -0.00759 190.68816 0.00000 270.59431 -1.00000 0.00000 -999 190.68816
0.48469 0.91440 -0.03156 -0.00759 190.68816 0.00000 270.59431 -1.00000 0.00000 -999 190.68816
0.48469 0.91440 -0.03156 -0.00759 190.68815 0.00000 270.59431 -1.00000 0.00000 -999 190.68815
0.48726 0.91440 -0.03141 -0.00335 189.98991 0.00000 270.59601 -1.00000 0.00000 -999 189.98991
0.48726 0.91440 -0.03141 -0.00335 189.98990 0.00000 270.59601 -1.00000 0.00000 -999 189.98990
0.48983 0.91440 -0.03127 0.00108 189.26304 0.00000 270.59778 -1.00000 0.00000 -999 189.26304
0.48983 0.91440 -0.03127 0.00108 189.26304 0.00000 270.59778 -1.00000 0.00000 -999 189.26304
0.49240 0.91440 -0.03112 0.00568 188.50462 0.00000 270.59963 -1.00000 0.00000 -999 188.50462
0.49240 0.91440 -0.03112 0.00568 188.50462 0.00000 270.59963 -1.00000 0.00000 -999 188.50462
0.49497 0.91440 -0.03097 0.01050 187.71071 0.00000 270.60156 -1.00000 0.00000 -999 187.71071
0.49497 0.91440 -0.03097 0.01050 187.71071 0.00000 270.60156 -1.00000 0.00000 -999 187.71071
0.49754 0.91440 -0.03082 0.01557 186.87849 0.00000 270.60359 -1.00000 0.00000 -999 186.87849
0.49754 0.91440 -0.03082 0.01557 186.87848 0.00000 270.60359 -1.00000 0.00000 -999 186.87848
0.50011 0.91440 -0.03067 0.02088 186.00199 0.00000 270.60572 -1.00000 0.00000 -999 186.00199
0.50011 0.91440 -0.03067 0.02088 186.00198 0.00000 270.60572 -1.00000 0.00000 -999 186.00198
0.50268 0.91440 -0.03051 0.02649 185.07580 0.00000 270.60797 -1.00000 0.00000 -999 185.07580
0.50268 0.91440 -0.03051 0.02649 185.07579 0.00000 270.60797 -1.00000 0.00000 -999 185.07579
0.50525 0.91440 -0.03035 0.03243 184.09520 0.00000 270.61035 -1.00000 0.00000 -999 184.09520
0.50525 0.91440 -0.03035 0.03243 184.09519 0.00000 270.61035 -1.00000 0.00000 -999 184.09519
0.50782 0.91440 -0.03019 0.03870 183.05377 0.00000 270.61286 -1.00000 0.00000 -999 183.05377
0.50782 0.91440 -0.03019 0.03870 183.05377 0.00000 270.61286 -1.00000 0.00000 -999 183.05377
0.51039 0.91440 -0.03003 0.04536 181.94095 0.00000 270.61553 -1.00000 0.00000 -999 181.94095
0.51039 0.91440 -0.03003 0.04536 181.94094 0.00000 270.61553 -1.00000 0.00000 -999 181.94094
0.51296 0.91440 -0.02987 0.05248 180.74711 0.00000 270.61838 -1.00000 0.00000 -999 180.74711
0.51296 0.91440 -0.02987 0.05248 180.74710 0.00000 270.61838 -1.00000 0.00000 -999 180.74710
0.51553 0.91440 -0.02971 0.06013 179.45907 0.00000 270.62144 -1.00000 0.00000 -999 179.45907
0.51553 0.91440 -0.02971 0.06013 179.45906 0.00000 270.62144 -1.00000 0.00000 -999 179.45906
0.51810 0.91440 -0.02954 0.06831 178.06117 0.00000 270.62472 -1.00000 0.00000 -999 178.06117
0.51810 0.91440 -0.02954 0.06831 178.06115 0.00000 270.62472 -1.00000 0.00000 -999 178.06115
0.52067 0.91440 -0.02937 0.07727 176.52813 0.00000 270.62829 -1.00000 0.00000 -999 176.52813
0.52067 0.91440 -0.02937 0.07727 176.52812 0.00000 270.62829 -1.00000 0.00000 -999 176.52812
0.52324 0.91440 -0.02920 0.08690 174.84055 0.00000 270.63218 -1.00000 0.00000 -999 174.84055
0.52324 0.91440 -0.02920 0.08690 174.84054 0.00000 270.63218 -1.00000 0.00000 -999 174.84054
0.52580 0.91440 -0.02903 0.09770 173.03288 0.00000 270.63646 -1.00000 0.00000 -999 173.03288
0.52580 0.91440 -0.02903 0.09770 173.03286 0.00000 270.63646 -1.00000 0.00000 -999 173.03286
0.52837 0.91440 -0.02885 0.10941 171.33435 0.00000 270.64075 -1.00000 0.00000 -999 171.33435
0.52837 0.91440 -0.02885 0.10941 171.33434 0.00000 270.64075 -1.00000 0.00000 -999 171.33434
0.53003 0.91440 -0.02874 0.11777 169.68628 0.00000 270.64437 -1.00000 0.00000 -999 169.68628
0.53003 0.91440 -0.02874 0.11777 169.68628 0.00000 270.64437 -1.00000 0.00000 -999 169.68628
0.53107 0.91440 -0.02867 0.12330 168.61815 0.00000 270.64645 -1.00000 0.00000 -999 168.61815
0.53107 0.91440 -0.02867 0.12330 168.61817 0.00000 270.64645 -1.00000 0.00000 -999 168.61817
0.53172 0.91440 -0.02862 0.12487 170.45078 0.00000 270.64760 -1.00000 0.00000 -999 170.45078
0.53172 0.91440 -0.02862 0.12487 170.45083 0.00000 270.64760 -1.00000 0.00000 -999 170.45083
0.53213 0.91440 -0.02859 0.13093 177.28673 0.00000 270.64781 -1.00000 0.00000 -999 177.28673
0.53213 0.91440 -0.02859 0.13093 177.28677 0.00000 270.64781 -1.00000 0.00000 -999 177.28677
0.53238 0.91440 -0.02858 0.11657 182.26138 0.00000 270.64644 -1.00000 0.00000 -999 182.26138

ZONE T="SLICE_Y_0p9144_BINS03_KS_VAR_CUTDATA"
0.53247 0.91440 -0.02724 0.11254 163.26994 0.00000 270.64498 -1.00000 0.00000 -999 163.26994
0.53247 0.91440 -0.02724 0.11254 163.26990 0.00000 270.64498 -1.00000 0.00000 -999 163.26990
0.53222 0.91440 -0.02718 0.12601 155.45689 0.00000 270.64646 -1.00000 0.00000 -999 155.45689
0.53222 0.91440 -0.02718 0.12601 155.45683 0.00000 270.64646 -1.00000 0.00000 -999 155.45683
0.53183 0.91440 -0.02710 0.12146 148.28351 0.00000 270.64590 -1.00000 0.00000 -999 148.28351
0.53183 0.91440 -0.02710 0.12146 148.28349 0.00000 270.64590 -1.00000 0.00000 -999 148.28349
0.53119 0.91440 -0.02696 0.12035 146.62391 0.00000 270.64483 -1.00000 0.00000 -999 146.62391
0.53119 0.91440 -0.02696 0.12035 146.62391 0.00000 270.64483 -1.00000 0.00000 -999 146.62391
0.53017 0.91440 -0.02675 0.11561 147.70863 0.00000 270.64264 -1.00000 0.00000 -999 147.70863
0.53017 0.91440 -0.02675 0.11561 147.70864 0.00000 270.64264 -1.00000 0.00000 -999 147.70864
0.52854 0.91440 -0.02640 0.10745 149.09870 0.00000 270.63999 -1.00000 0.00000 -999 149.09870
0.52602 0.91440 -0.02587 0.09515 151.08006 0.00000 270.63584 -1.00000 0.00000 -999 151.08006
0.52602 0.91440 -0.02587 0.09515 151.08007 0.00000 270.63584 -1.00000 0.00000 -999 151.08007
0.52602 0.91440 -0.02587 0.09515 151.08009 0.00000 270.63584 -1.00000 0.00000 -999 151.08009
0.52349 0.91440 -0.02534 0.08302 153.79459 0.00000 270.63059 -1.00000 0.00000 -999 153.79459
0.52349 0.91440 -0.02534 0.08302 153.79460 0.00000 270.63059 -1.00000 0.00000 -999 153.79460
0.52097 0.91440 -0.02482 0.07157 156.18787 0.00000 270.62598 -1.00000 0.00000 -999 156.18787
0.52097 0.91440 -0.02482 0.07157 156.18789 0.00000 270.62598 -1.00000 0.00000 -999 156.18789
0.51845 0.91440 -0.02429 0.06045 158.41706 0.00000 270.62156 -1.00000 0.00000 -999 158.41706
0.51845 0.91440 -0.02429 0.06045 158.41707 0.00000 270.62156 -1.00000 0.00000 -999 158.41707
0.51592 0.91440 -0.02377 0.04983 160.49466 0.00000 270.61730 -1.00000 0.00000 -999 160.49466
0.51592 0.91440 -0.02377 0.04983 160.49467 0.00000 270.61730 -1.00000 0.00000 -999 160.49467
0.51340 0.91440 -0.02325 0.03955 162.44407 0.00000 270.61320 -1.00000 0.00000 -999 162.44407
0.51087 0.91440 -0.02273 0.02964 164.28149 0.00000 270.60923 -1.00000 0.00000 -999 164.28149
0.51087 0.91440 -0.02273 0.02964 164.28150 0.00000 270.60923 -1.00000 0.00000 -999 164.28150
0.51087 0.91440 -0.02273 0.02964 164.28151 0.00000 270.60923 -1.00000 0.00000 -999 164.28151
0.50835 0.91440 -0.02221 0.02006 166.02054 0.00000 270.60540 -1.00000 0.00000 -999 166.02054
0.50835 0.91440 -0.02221 0.02006 166.02056 0.00000 270.60540 -1.00000 0.00000 -999 166.02056
0.50582 0.91440 -0.02169 0.01079 167.66974 0.00000 270.60168 -1.00000 0.00000 -999 167.66974
0.50582 0.91440 -0.02169 0.01079 167.66976 0.00000 270.60168 -1.00000 0.00000 -999 167.66976
0.50329 0.91440 -0.02118 0.00180 169.24048 0.00000 270.59808 -1.00000 0.00000 -999 169.24048
0.50329 0.91440 -0.02118 0.00180 169.24049 0.00000 270.59808 -1.00000 0.00000 -999 169.24049
0.50077 0.91440 -0.02067 -0.00693 170.73959 0.00000 270.59459 -1.00000 0.00000 -999 170.73959
0.50077 0.91440 -0.02067 -0.00693 170.73960 0.00000 270.59459 -1.00000 0.00000 -999 170.73960
0.49824 0.91440 -0.02016 -0.01539 172.17280 0.00000 270.59119 -1.00000 0.00000 -999 172.17280
0.49571 0.91440 -0.01965 -0.02363 173.54547 0.00000 270.58789 -1.00000 0.00000 -999 173.54547
0.49571 0.91440 -0.01965 -0.02363 173.54548 0.00000 270.58789 -1.00000 0.00000 -999 173.54548
0.49571 0.91440 -0.01965 -0.02363 173.54549 0.00000 270.58789 -1.00000 0.00000 -999 173.54549
0.49318 0.91440 -0.01914 -0.03163 174.86352 0.00000 270.58468 -1.00000 0.00000 -999 174.86352
0.49318 0.91440 -0.01914 -0.03163 174.86353 0.00000 270.58468 -1.00000 0.00000 -999 174.86353
0.49066 0.91440 -0.01864 -0.03943 176.12987 0.00000 270.58155 -1.00000 0.00000 -999 176.12987
0.48813 0.91440 -0.01813 -0.04704 177.34957 0.00000 270.57849 -1.00000 0.00000 -999 177.34957
0.48813 0.91440 -0.01813 -0.04704 177.34957 0.00000 270.57849 -1.00000 0.00000 -999 177.34957
0.48813 0.91440 -0.01813 -0.04704 177.34958 0.00000 270.57849 -1.00000 0.00000 -999 177.34958
0.48560 0.91440 -0.01763 -0.05447 178.52613 0.00000 270.57551 -1.00000 0.00000 -999 178.52613
0.48560 0.91440 -0.01763 -0.05447 178.52614 0.00000 270.57551 -1.00000 0.00000 -999 178.52614
0.48307 0.91440 -0.01713 -0.06171 179.66165 0.00000 270.57259 -1.00000 0.00000 -999 179.66165
0.48307 0.91440 -0.01713 -0.06171 179.66166 0.00000 270.57259 -1.00000 0.00000 -999 179.66166
0.48054 0.91440 -0.01664 -0.06880 180.75915 0.00000 270.56975 -1.00000 0.00000 -999 180.75915
0.48054 0.91440 -0.01664 -0.06880 180.75916 0.00000 270.56975 -1.00000 0.00000 -999 180.75916
0.47801 0.91440 -0.01614 -0.07574 181.82208 0.00000 270.56696 -1.00000 0.00000 -999 181.82208
0.47548 0.91440 -0.01565 -0.08253 182.85277 0.00000 270.56422 -1.00000 0.00000 -999 182.85277
0.47548 0.91440 -0.01565 -0.08253 182.85278 0.00000 270.56422 -1.00000 0.00000 -999 182.85278
0.47295 0.91440 -0.01515 -0.08918 183.85307 0.00000 270.56155 -1.00000 0.00000 -999 183.85307
0.47295 0.91440 -0.01515 -0.08918 183.85308 0.00000 270.56155 -1.00000 0.00000 -999 183.85308
0.47295 0.91440 -0.01515 -0.08918 183.85309 0.00000 270.56155 -1.00000 0.00000 -999 183.85309
0.47042 0.91440 -0.01466 -0.09571 184.82480 0.00000 270.55892 -1.00000 0.00000 -999 184.82480
0.46789 0.91440 -0.01417 -0.10213 185.77013 0.00000 270.55634 -1.00000 0.00000 -999 185.77013
0.46789 0.91440 -0.01417 -0.10213 185.77014 0.00000 270.55634 -1.00000 0.00000 -999 185.77014
0.46535 0.91440 -0.01369 -0.10841 186.69057 0.00000 270.55381 -1.00000 0.00000 -999 186.69057
0.46535 0.91440 -0.01369 -0.10841 186.69058 0.00000 270.55381 -1.00000 0.00000 -999 186.69058
0.46282 0.91440 -0.01320 -0.11459 187.58795 0.00000 270.55132 -1.00000 0.00000 -999 187.58795
0.46282 0.91440 -0.01320 -0.11459 187.58795 0.00000 270.55132 -1.00000 0.00000 -999 187.58795
0.46029 0.91440 -0.01272 -0.12066 188.46395 0.00000 270.54887 -1.00000 0.00000 -999 188.46395
0.46029 0.91440 -0.01272 -0.12067 188.46396 0.00000 270.54887 -1.00000 0.00000 -999 188.46396
0.45776 0.91440 -0.01223 -0.12666 189.32012 0.00000 270.54645 -1.00000 0.00000 -999 189.32012
0.45776 0.91440 -0.01223 -0.12666 189.32013 0.00000 270.54645 -1.00000 0.00000 -999 189.32013
0.45522 0.91440 -0.01175 -0.13257 190.15841 0.00000 270.54407 -1.00000 0.00000 -999 190.15841
0.45522 0.91440 -0.01175 -0.13257 190.15842 0.00000 270.54407 -1.00000 0.00000 -999 190.15842
0.45269 0.91440 -0.01127 -0.13836 190.97849 0.00000 270.54173 -1.00000 0.00000 -999 190.97849
0.45269 0.91440 -0.01127 -0.13836 190.97850 0.00000 270.54173 -1.00000 0.00000 -999 190.97850
0.45016 0.91440 -0.01080 -0.14409 191.78149 0.00000 270.53942 -1.00000 0.00000 -999 191.78149
0.45016 0.91440 -0.01080 -0.14409 191.78150 0.00000 270.53942 -1.00000 0.00000 -999 191.78150
0.44762 0.91440 -0.01032 -0.14976 192.57082 0.00000 270.53714 -1.00000 0.00000 -999 192.57082
0.44762 0.91440 -0.01032 -0.14976 192.57082 0.00000 270.53714 -1.00000 0.00000 -999 192.57082
0.44509 0.91440 -0.00985 -0.15532 193.34580 0.00000 270.53489 -1.00000 0.00000 -999 193.34580
0.44509 0.91440 -0.00985 -0.15532 193.34580 0.00000 270.53489 -1.00000 0.00000 -999 193.34580
0.44255 0.91440 -0.00937 -0.16084 194.10672 0.00000 270.53266 -1.00000 0.00000 -999 194.10672
0.44255 0.91440 -0.00937 -0.16084 194.10673 0.00000 270.53266 -1.00000 0.00000 -999 194.10673
0.44255 0.91440 -0.00937 -0.16084 194.10673 0.00000 270.53266 -1.00000 0.00000 -999 194.10673
0.44002 0.91440 -0.00890 -0.16630 194.85652 0.00000 270.53046 -1.00000 0.00000 -999 194.85652
0.43748 0.91440 -0.00843 -0.17167 195.59450 0.00000 270.52829 -1.00000 0.00000 -999 195.59450
0.43748 0.91440 -0.00843 -0.17167 195.59450 0.00000 270.52829 -1.00000 0.00000 -999 195.59450
0.43495 0.91440 -0.00797 -0.17701 196.32153 0.00000 270.52613 -1.00000 0.00000 -999 196.32153
0.43495 0.91440 -0.00797 -0.17702 196.32153 0.00000 270.52613 -1.00000 0.00000 -999 196.32153
0.43241 0.91440 -0.00750 -0.18228 197.03948 0.00000 270.52400 -1.00000 0.00000 -999 197.03948
0.43241 0.91440 -0.00750 -0.18228 197.03949 0.00000 270.52400 -1.00000 0.00000 -999 197.03949
0.42988 0.91440 -0.00704 -0.18752 197.74840 0.00000 270.52189 -1.00000 0.00000 -999 197.74840
0.42988 0.91440 -0.00704 -0.18752 197.74841 0.00000 270.52189 -1.00000 0.00000 -999 197.74841
0.42734 0.91440 -0.00657 -0.19270 198.44916 0.00000 270.51979 -1.00000 0.00000 -999 198.44916
0.42734 0.91440 -0.00657 -0.19270 198.44916 0.00000 270.51979 -1.00000 0.00000 -999 198.44916
0.42480 0.91440 -0.00611 -0.19783 199.14204 0.00000 270.51771 -1.00000 0.00000 -999 199.14204
0.42480 0.91440 -0.00611 -0.19783 199.14205 0.00000 270.51771 -1.00000 0.00000 -999 199.14205
0.42227 0.91440 -0.00565 -0.20293 199.82807 0.00000 270.51565 -1.00000 0.00000 -999 199.82807
0.42227 0.91440 -0.00565 -0.20293 199.82807 0.00000 270.51565 -1.00000 0.00000 -999 199.82807
0.41973 0.91440 -0.00519 -0.20798 200.50770 0.00000 270.51361 -1.00000 0.00000 -999 200.50770
0.41973 0.91440 -0.00519 -0.20798 200.50770 0.00000 270.51361 -1.00000 0.00000 -999 200.50770
0.41973 0.91440 -0.00519 -0.20798 200.50771 0.00000 270.51361 -1.00000 0.00000 -999 200.50771
0.41719 0.91440 -0.00474 -0.21300 201.18133 0.00000 270.51158 -1.00000 0.00000 -999 201.18133
0.41466 0.91440 -0.00428 -0.21798 201.84973 0.00000 270.50956 -1.00000 0.00000 -999 201.84973
0.41466 0.91440 -0.00428 -0.21798 201.84974 0.00000 270.50956 -1.00000 0.00000 -999 201.84974
0.41212 0.91440 -0.00383 -0.22294 202.51338 0.00000 270.50755 -1.00000 0.00000 -999 202.51338
0.41212 0.91440 -0.00383 -0.22294 202.51339 0.00000 270.50755 -1.00000 0.00000 -999 202.51339
0.40958 0.91440 -0.00338 -0.22784 203.17263 0.00000 270.50556 -1.00000 0.00000 -999 203.17263
0.40958 0.91440 -0.00338 -0.22784 203.17264 0.00000 270.50556 -1.00000 0.00000 -999 203.17264
0.40958 0.91440 -0.00338 -0.22784 203.17264 0.00000 270.50556 -1.00000 0.00000 -999 203.17264
0.40704 0.91440 -0.00293 -0.23275 203.82800 0.00000 270.50358 -1.00000 0.00000 -999 203.82800
0.40450 0.91440 -0.00248 -0.23762 204.48042 0.00000 270.50161 -1.00000 0.00000 -999 204.48042
0.40450 0.91440 -0.00248 -0.23762 204.48043 0.00000 270.50161 -1.00000 0.00000 -999 204.48043
0.40196 0.91440 -0.00203 -0.24245 205.12908 0.00000 270.49964 -1.00000 0.00000 -999 205.12908
0.40196 0.91440 -0.00203 -0.24245 205.12909 0.00000 270.49964 -1.00000 0.00000 -999 205.12909
0.40196 0.91440 -0.00203 -0.24245 205.12909 0.00000 270.49964 -1.00000 0.00000 -999 205.12909
0.39942 0.91440 -0.00159 -0.24730 205.77520 0.00000 270.49769 -1.00000 0.00000 -999 205.77520
0.39942 0.91440 -0.00159 -0.24730 205.77521 0.00000 270.49769 -1.00000 0.00000 -999 205.77521
0.39688 0.91440 -0.00114 -0.25207 206.41889 0.00000 270.49574 -1.00000 0.00000 -999 206.41889
0.39434 0.91440 -0.00070 -0.25687 207.05997 0.00000 270.49380 -1.00000 0.00000 -999 207.05997
0.39434 0.91440 -0.00070 -0.25687 207.05998 0.00000 270.49380 -1.00000 0.00000 -999 207.05998
0.39434 0.91440 -0.00070 -0.25687 207.05998 0.00000 270.49380 -1.00000 0.00000 -999 207.05998
0.39180 0.91440 -0.00026 -0.26164 207.70030 0.00000 270.49187 -1.00000 0.00000 -999 207.70030
0.39180 0.91440 -0.00026 -0.26164 207.70031 0.00000 270.49187 -1.00000 0.00000 -999 207.70031
0.38926 0.91440 0.00018 -0.26638 208.33843 0.00000 270.48994 -1.00000 0.00000 -999 208.33843
0.38926 0.91440 0.00018 -0.26638 208.33843 0.00000 270.48994 -1.00000 0.00000 -999 208.33843
0.38672 0.91440 0.00062 -0.27115 208.97575 0.00000 270.48801 -1.00000 0.00000 -999 208.97575
0.38672 0.91440 0.00062 -0.27115 208.97575 0.00000 270.48801 -1.00000 0.00000 -999 208.97575
0.38418 0.91440 0.00105 -0.27585 209.61240 0.00000 270.48610 -1.00000 0.00000 -999 209.61240
0.38418 0.91440 0.00105 -0.27585 209.61241 0.00000 270.48610 -1.00000 0.00000 -999 209.61241
0.38164 0.91440 0.00149 -0.28057 210.24705 0.00000 270.48418 -1.00000 0.00000 -999 210.24705
0.37910 0.91440 0.00192 -0.28532 210.88252 0.00000 270.48226 -1.00000 0.00000 -999 210.88252
0.37910 0.91440 0.00192 -0.28532 210.88253 0.00000 270.48226 -1.00000 0.00000 -999 210.88253
0.37910 0.91440 0.00192 -0.28532 210.88253 0.00000 270.48226 -1.00000 0.00000 -999 210.88253
0.37655 0.91440 0.00235 -0.28996 211.51703 0.00000 270.48036 -1.00000 0.00000 -999 211.51703
0.37655 0.91440 0.00235 -0.28996 211.51703 0.00000 270.48036 -1.00000 0.00000 -999 211.51703
0.37401 0.91440 0.00278 -0.29467 212.14976 0.00000 270.47845 -1.00000 0.00000 -999 212.14976
0.37147 0.91440 0.00320 -0.29941 212.78450 0.00000 270.47654 -1.00000 0.00000 -999 212.78450
0.37147 0.91440 0.00320 -0.29941 212.78451 0.00000 270.47654 -1.00000 0.00000 -999 212.78451
0.36893 0.91440 0.00363 -0.30404 213.41850 0.00000 270.47464 -1.00000 0.00000 -999 213.41850
0.36893 0.91440 0.00363 -0.30404 213.41851 0.00000 270.47464 -1.00000 0.00000 -999 213.41851
0.36893 0.91440 0.00363 -0.30404 213.41851 0.00000 270.47464 -1.00000 0.00000 -999 213.41851
0.36638 0.91440 0.00405 -0.30873 214.05085 0.00000 270.47273 -1.00000 0.00000 -999 214.05085
0.36638 0.91440 0.00405 -0.30873 214.05086 0.00000 270.47273 -1.00000 0.00000 -999 214.05086
0.36384 0.91440 0.00447 -0.31347 214.68536 0.00000 270.47082 -1.00000 0.00000 -999 214.68536
0.36384 0.91440 0.00447 -0.31347 214.68537 0.00000 270.47082 -1.00000 0.00000 -999 214.68537
0.36130 0.91440 0.00489 -0.31809 215.31982 0.00000 270.46892 -1.00000 0.00000 -999 215.31982
0.35875 0.91440 0.00531 -0.32278 215.95361 0.00000 270.46702 -1.00000 0.00000 -999 215.95361
0.35875 0.91440 0.00531 -0.32278 215.95361 0.00000 270.46702 -1.00000 0.00000 -999 215.95361
0.35621 0.91440 0.00573 -0.32750 216.58968 0.00000 270.46510 -1.00000 0.00000 -999 216.58968
0.35621 0.91440 0.00573 -0.32750 216.58969 0.00000 270.46510 -1.00000 0.00000 -999 216.58969
0.35621 0.91440 0.00573 -0.32750 216.58969 0.00000 270.46510 -1.00000 0.00000 -999 216.58969
0.35366 0.91440 0.00615 -0.33219 217.22601 0.00000 270.46319 -1.00000 0.00000 -999 217.22601
0.35366 0.91440 0.00615 -0.33219 217.22602 0.00000 270.46319 -1.00000 0.00000 -999 217.22602
0.35112 0.91440 0.00656 -0.33689 217.86125 0.00000 270.46128 -1.00000 0.00000 -999 217.86125
0.35112 0.91440 0.00656 -0.33689 217.86125 0.00000 270.46128 -1.00000 0.00000 -999 217.86125
0.34857 0.91440 0.00697 -0.34158 218.49658 0.00000 270.45936 -1.00000 0.00000 -999 218.49658
0.34857 0.91440 0.00697 -0.34158 218.49658 0.00000 270.45936 -1.00000 0.00000 -999 218.49658
0.34603 0.91440 0.00738 -0.34630 219.13242 0.00000 270.45745 -1.00000 0.00000 -999 219.13242
0.34603 0.91440 0.00738 -0.34630 219.13243 0.00000 270.45745 -1.00000 0.00000 -999 219.13243
0.34348 0.91440 0.00779 -0.35101 219.76879 0.00000 270.45553 -1.00000 0.00000 -999 219.76879
0.34348 0.91440 0.00779 -0.35101 219.76880 0.00000 270.45553 -1.00000 0.00000 -999 219.76880
0.34094 0.91440 0.00819 -0.35574 220.40551 0.00000 270.45360 -1.00000 0.00000 -999 220.40551
0.33839 0.91440 0.00860 -0.36047 221.04264 0.00000 270.45167 -1.00000 0.00000 -999 221.04264
0.33839 0.91440 0.00860 -0.36047 221.04265 0.00000 270.45167 -1.00000 0.00000 -999 221.04265
0.33584 0.91440 0.00900 -0.36522 221.68015 0.00000 270.44973 -1.00000 0.00000 -999 221.68015
0.33584 0.91440 0.00900 -0.36522 221.68015 0.00000 270.44973 -1.00000 0.00000 -999 221.68015
0.33330 0.91440 0.00940 -0.36997 222.31816 0.00000 270.44779 -1.00000 0.00000 -999 222.31816
0.33330 0.91440 0.00940 -0.36997 222.31816 0.00000 270.44779 -1.00000 0.00000 -999 222.31816
0.33075 0.91440 0.00980 -0.37474 222.95659 0.00000 270.44585 -1.00000 0.00000 -999 222.95659
0.33075 0.91440 0.00980 -0.37474 222.95660 0.00000 270.44585 -1.00000 0.00000 -999 222.95660
0.32820 0.91440 0.01019 -0.37953 223.50983 0.00000 270.44416 -1.00000 0.00000 -999 223.50983
0.32820 0.91440 0.01019 -0.37953 223.50983 0.00000 270.44416 -1.00000 0.00000 -999 223.50983
0.32565 0.91440 0.01059 -0.38433 224.17412 0.00000 270.44212 -1.00000 0.00000 -999 224.17412
0.32565 0.91440 0.01059 -0.38433 224.17412 0.00000 270.44212 -1.00000 0.00000 -999 224.17412
0.32311 0.91440 0.01098 -0.38914 224.78878 0.00000 270.44024 -1.00000 0.00000 -999 224.78878
0.32311 0.91440 0.01098 -0.38914 224.78879 0.00000 270.44024 -1.00000 0.00000 -999 224.78879
0.32056 0.91440 0.01137 -0.39397 225.45418 0.00000 270.43819 -1.00000 0.00000 -999 225.45418
0.32056 0.91440 0.01137 -0.39397 225.45419 0.00000 270.43819 -1.00000 0.00000 -999 225.45419
0.31801 0.91440 0.01176 -0.39881 226.15603 0.00000 270.43602 -1.00000 0.00000 -999 226.15603
0.31801 0.91440 0.01176 -0.39881 226.15603 0.00000 270.43602 -1.00000 0.00000 -999 226.15603
0.31546 0.91440 0.01214 -0.40367 226.79797 0.00000 270.43403 -1.00000 0.00000 -999 226.79797
0.31546 0.91440 0.01214 -0.40367 226.79797 0.00000 270.43403 -1.00000 0.00000 -999 226.79797
0.31291 0.91440 0.01253 -0.40856 227.44087 0.00000 270.43204 -1.00000 0.00000 -999 227.44087
0.31291 0.91440 0.01253 -0.40856 227.44088 0.00000 270.43204 -1.00000 0.00000 -999 227.44088
0.31036 0.91440 0.01291 -0.41346 228.08489 0.00000 270.43004 -1.00000 0.00000 -999 228.08489
0.31036 0.91440 0.01291 -0.41346 228.08489 0.00000 270.43004 -1.00000 0.00000 -999 228.08489
0.30781 0.91440 0.01329 -0.41839 228.73012 0.00000 270.42802 -1.00000 0.00000 -999 228.73012
0.30781 0.91440 0.01329 -0.41839 228.73013 0.00000 270.42802 -1.00000 0.00000 -999 228.73013
0.30526 0.91440 0.01367 -0.42332 229.37686 0.00000 270.42600 -1.00000 0.00000 -999 229.37686
0.30526 0.91440 0.01367 -0.42332 229.37686 0.00000 270.42600 -1.00000 0.00000 -999 229.37686
0.30271 0.91440 0.01404 -0.42829 230.02535 0.00000 270.42397 -1.00000 0.00000 -999 230.02535
0.30271 0.91440 0.01404 -0.42829 230.02535 0.00000 270.42397 -1.00000 0.00000 -999 230.02535
0.30271 0.91440 0.01404 -0.42829 230.02536 0.00000 270.42397 -1.00000 0.00000 -999 230.02536
0.30016 0.91440 0.01442 -0.43327 230.67593 0.00000 270.42193 -1.00000 0.00000 -999 230.67593
0.29761 0.91440 0.01479 -0.43829 231.32888 0.00000 270.41988 -1.00000 0.00000 -999 231.32888
0.29761 0.91440 0.01479 -0.43829 231.32888 0.00000 270.41988 -1.00000 0.00000 -999 231.32888
0.29505 0.91440 0.01516 -0.44332 231.98457 0.00000 270.41782 -1.00000 0.00000 -999 231.98457
0.29505 0.91440 0.01516 -0.44332 231.98457 0.00000 270.41782 -1.00000 0.00000 -999 231.98457
0.29250 0.91440 0.01552 -0.44839 232.64327 0.00000 270.41575 -1.00000 0.00000 -999 232.64327
0.29250 0.91440 0.01552 -0.44839 232.64327 0.00000 270.41575 -1.00000 0.00000 -999 232.64327
0.28995 0.91440 0.01589 -0.45346 233.30542 0.00000 270.41367 -1.00000 0.00000 -999 233.30542
0.28995 0.91440 0.01589 -0.45346 233.30543 0.00000 270.41367 -1.00000 0.00000 -999 233.30543
0.28740 0.91440 0.01625 -0.45858 233.97150 0.00000 270.41157 -1.00000 0.00000 -999 233.97150
0.28740 0.91440 0.01625 -0.45858 233.97150 0.00000 270.41157 -1.00000 0.00000 -999 233.97150
0.28484 0.91440 0.01661 -0.46371 234.64206 0.00000 270.40947 -1.00000 0.00000 -999 234.64206
0.28484 0.91440 0.01661 -0.46371 234.64206 0.00000 270.40947 -1.00000 0.00000 -999 234.64206
0.28484 0.91440 0.01661 -0.46371 234.64207 0.00000 270.40947 -1.00000 0.00000 -999 234.64207
0.28229 0.91440 0.01696 -0.46888 235.31754 0.00000 270.40735 -1.00000 0.00000 -999 235.31754
0.27974 0.91440 0.01732 -0.47408 235.99842 0.00000 270.40522 -1.00000 0.00000 -999 235.99842
0.27974 0.91440 0.01732 -0.47408 235.99843 0.00000 270.40522 -1.00000 0.00000 -999 235.99843
0.27718 0.91440 0.01767 -0.47929 236.68492 0.00000 270.40308 -1.00000 0.00000 -999 236.68492
0.27718 0.91440 0.01767 -0.47929 236.68492 0.00000 270.40308 -1.00000 0.00000 -999 236.68492
0.27463 0.91440 0.01802 -0.48456 237.37763 0.00000 270.40092 -1.00000 0.00000 -999 237.37763
0.27463 0.91440 0.01802 -0.48456 237.37763 0.00000 270.40092 -1.00000 0.00000 -999 237.37763
0.27463 0.91440 0.01802 -0.48456 237.37764 0.00000 270.40092 -1.00000 0.00000 -999 237.37764
0.27207 0.91440 0.01837 -0.48983 238.07720 0.00000 270.39876 -1.00000 0.00000 -999 238.07720
0.26952 0.91440 0.01871 -0.49515 238.78415 0.00000 270.39658 -1.00000 0.00000 -999 238.78415
0.26952 0.91440 0.01871 -0.49515 238.78415 0.00000 270.39658 -1.00000 0.00000 -999 238.78415
0.26696 0.91440 0.01905 -0.50048 239.49915 0.00000 270.39438 -1.00000 0.00000 -999 239.49915
0.26696 0.91440 0.01905 -0.50048 239.49916 0.00000 270.39438 -1.00000 0.00000 -999 239.49916
0.26441 0.91440 0.01939 -0.50587 240.22250 0.00000 270.39218 -1.00000 0.00000 -999 240.22250
0.26441 0.91440 0.01939 -0.50587 240.22251 0.00000 270.39218 -1.00000 0.00000 -999 240.22251
0.26185 0.91440 0.01973 -0.51128 240.95459 0.00000 270.38995 -1.00000 0.00000 -999 240.95459
0.26185 0.91440 0.01973 -0.51128 240.95460 0.00000 270.38995 -1.00000 0.00000 -999 240.95460
0.25929 0.91440 0.02006 -0.51673 241.69566 0.00000 270.38771 -1.00000 0.00000 -999 241.69566
0.25929 0.91440 0.02006 -0.51673 241.69567 0.00000 270.38771 -1.00000 0.00000 -999 241.69567
0.25674 0.91440 0.02039 -0.52220 242.44614 0.00000 270.38546 -1.00000 0.00000 -999 242.44614
0.25674 0.91440 0.02039 -0.52220 242.44614 0.00000 270.38546 -1.00000 0.00000 -999 242.44614
0.25418 0.91440 0.02072 -0.52773 243.20634 0.00000 270.38320 -1.00000 0.00000 -999 243.20634
0.25418 0.91440 0.02072 -0.52773 243.20635 0.00000 270.38320 -1.00000 0.00000 -999 243.20635
0.25418 0.91440 0.02072 -0.52773 243.20635 0.00000 270.38320 -1.00000 0.00000 -999 243.20635
0.25162 0.91440 0.02104 -0.53327 243.97660 0.00000 270.38091 -1.00000 0.00000 -999 243.97660
0.25162 0.91440 0.02104 -0.53327 243.97660 0.00000 270.38091 -1.00000 0.00000 -999 243.97660
0.24906 0.91440 0.02136 -0.53887 244.75686 0.00000 270.37861 -1.00000 0.00000 -999 244.75686
0.24651 0.91440 0.02168 -0.54450 245.54715 0.00000 270.37630 -1.00000 0.00000 -999 245.54715
0.24651 0.91440 0.02168 -0.54450 245.54715 0.00000 270.37630 -1.00000 0.00000 -999 245.54715
0.24395 0.91440 0.02200 -0.55016 246.34722 0.00000 270.37397 -1.00000 0.00000 -999 246.34722
0.24395 0.91440 0.02200 -0.55016 246.34722 0.00000 270.37397 -1.00000 0.00000 -999 246.34722
0.24395 0.91440 0.02200 -0.55016 246.34723 0.00000 270.37397 -1.00000 0.00000 -999 246.34723
0.24139 0.91440 0.02231 -0.55587 247.15700 0.00000 270.37162 -1.00000 0.00000 -999 247.15700
0.23883 0.91440 0.02262 -0.56161 247.97643 0.00000 270.36925 -1.00000 0.00000 -999 247.97643
0.23883 0.91440 0.02262 -0.56161 247.97643 0.00000 270.36925 -1.00000 0.00000 -999 247.97643
0.23627 0.91440 0.02292 -0.56740 248.80530 0.00000 270.36687 -1.00000 0.00000 -999 248.80530
0.23627 0.91440 0.02292 -0.56740 248.80530 0.00000 270.36687 -1.00000 0.00000 -999 248.80530
0.23371 0.91440 0.02323 -0.57322 249.64338 0.00000 270.36447 -1.00000 0.00000 -999 249.64338
0.23371 0.91440 0.02323 -0.57322 249.64338 0.00000 270.36447 -1.00000 0.00000 -999 249.64338
0.23115 0.91440 0.02353 -0.57909 250.49009 0.00000 270.36205 -1.00000 0.00000 -999 250.49009
0.23115 0.91440 0.02353 -0.57909 250.49010 0.00000 270.36205 -1.00000 0.00000 -999 250.49010
0.23115 0.91440 0.02353 -0.57909 250.49010 0.00000 270.36205 -1.00000 0.00000 -999 250.49010
0.22859 0.91440 0.02382 -0.58501 251.34488 0.00000 270.35961 -1.00000 0.00000 -999 251.34488
0.22602 0.91440 0.02411 -0.59097 252.20712 0.00000 270.35715 -1.00000 0.00000 -999 252.20712
0.22602 0.91440 0.02411 -0.59097 252.20713 0.00000 270.35715 -1.00000 0.00000 -999 252.20713
0.22346 0.91440 0.02440 -0.59698 253.07633 0.00000 270.35468 -1.00000 0.00000 -999 253.07633
0.22346 0.91440 0.02440 -0.59698 253.07633 0.00000 270.35468 -1.00000 0.00000 -999 253.07633
0.22090 0.91440 0.02469 -0.60302 253.95200 0.00000 270.35218 -1.00000 0.00000 -999 253.95200
0.22090 0.91440 0.02469 -0.60302 253.95200 0.00000 270.35218 -1.00000 0.00000 -999 253.95200
0.21834 0.91440 0.02497 -0.60913 254.83367 0.00000 270.34966 -1.00000 0.00000 -999 254.83367
0.21834 0.91440 0.02497 -0.60913 254.83368 0.00000 270.34966 -1.00000 0.00000 -999 254.83368
0.21577 0.91440 0.02525 -0.61527 255.72072 0.00000 270.34712 -1.00000 0.00000 -999 255.72072
0.21577 0.91440 0.02525 -0.61527 255.72073 0.00000 270.34712 -1.00000 0.00000 -999 255.72073
0.21321 0.91440 0.02552 -0.62148 256.61257 0.00000 270.34456 -1.00000 0.00000 -999 256.61257
0.21321 0.91440 0.02552 -0.62148 256.61258 0.00000 270.34456 -1.00000 0.00000 -999 256.61258
0.21065 0.91440 0.02579 -0.62772 257.59481 0.00000 270.34173 -1.00000 0.00000 -999 257.59481
0.21065 0.91440 0.02579 -0.62772 257.59481 0.00000 270.34173 -1.00000 0.00000 -999 257.59481
0.21065 0.91440 0.02579 -0.62772 257.59482 0.00000 270.34173 -1.00000 0.00000 -999 257.59482
0.20808 0.91440 0.02606 -0.63402 258.40710 0.00000 270.33938 -1.00000 0.00000 -999 258.40710
0.20552 0.91440 0.02632 -0.64038 259.22745 0.00000 270.33700 -1.00000 0.00000 -999 259.22745
0.20552 0.91440 0.02632 -0.64038 259.22746 0.00000 270.33700 -1.00000 0.00000 -999 259.22746
0.20295 0.91440 0.02658 -0.64677 260.22155 0.00000 270.33410 -1.00000 0.00000 -999 260.22155
0.20295 0.91440 0.02658 -0.64677 260.22155 0.00000 270.33410 -1.00000 0.00000 -999 260.22155
0.20039 0.91440 0.02683 -0.65327 261.13405 0.00000 270.33143 -1.00000 0.00000 -999 261.13405
0.20039 0.91440 0.02683 -0.65327 261.13406 0.00000 270.33143 -1.00000 0.00000 -999 261.13406
0.19782 0.91440 0.02708 -0.65975 262.05090 0.00000 270.32873 -1.00000 0.00000 -999 262.05090
0.19782 0.91440 0.02708 -0.65975 262.05090 0.00000 270.32873 -1.00000 0.00000 -999 262.05090
0.19525 0.91440 0.02733 -0.66635 262.97287 0.00000 270.32601 -1.00000 0.00000 -999 262.97287
0.19525 0.91440 0.02733 -0.66635 262.97287 0.00000 270.32601 -1.00000 0.00000 -999 262.97287
0.19269 0.91440 0.02757 -0.67296 263.90114 0.00000 270.32327 -1.00000 0.00000 -999 263.90114
0.19269 0.91440 0.02757 -0.67296 263.90115 0.00000 270.32327 -1.00000 0.00000 -999 263.90115
0.19012 0.91440 0.02781 -0.67967 264.83692 0.00000 270.32049 -1.00000 0.00000 -999 264.83692
0.19012 0.91440 0.02781 -0.67967 264.83693 0.00000 270.32049 -1.00000 0.00000 -999 264.83693
0.18755 0.91440 0.02804 -0.68641 265.78186 0.00000 270.31770 -1.00000 0.00000 -999 265.78186
0.18755 0.91440 0.02804 -0.68641 265.78187 0.00000 270.31770 -1.00000 0.00000 -999 265.78187
0.18498 0.91440 0.02827 -0.69322 266.73716 0.00000 270.31487 -1.00000 0.00000 -999 266.73716
0.18498 0.91440 0.02827 -0.69322 266.73716 0.00000 270.31487 -1.00000 0.00000 -999 266.73716
0.18498 0.91440 0.02827 -0.69322 266.73717 0.00000 270.31487 -1.00000 0.00000 -999 266.73717
0.18242 0.91440 0.02849 -0.70016 267.70451 0.00000 270.31201 -1.00000 0.00000 -999 267.70451
0.18242 0.91440 0.02849 -0.70016 267.70452 0.00000 270.31201 -1.00000 0.00000 -999 267.70452
0.17985 0.91440 0.02871 -0.70704 268.68535 0.00000 270.30913 -1.00000 0.00000 -999 268.68535
0.17728 0.91440 0.02893 -0.71407 269.77880 0.00000 270.30594 -1.00000 0.00000 -999 269.77880
0.17728 0.91440 0.02893 -0.71408 269.77880 0.00000 270.30594 -1.00000 0.00000 -999 269.77880
0.17728 0.91440 0.02893 -0.71408 269.77881 0.00000 270.30594 -1.00000 0.00000 -999 269.77881
0.17471 0.91440 0.02913 -0.72117 270.83327 0.00000 270.30289 -1.00000 0.00000 -999 270.83327
0.17214 0.91440 0.02934 -0.72827 271.73334 0.00000 270.30032 -1.00000 0.00000 -999 271.73334
0.17214 0.91440 0.02934 -0.72827 271.73335 0.00000 270.30032 -1.00000 0.00000 -999 271.73335
0.16957 0.91440 0.02954 -0.73554 272.64731 0.00000 270.29772 -1.00000 0.00000 -999 272.64731
0.16957 0.91440 0.02954 -0.73554 272.64732 0.00000 270.29772 -1.00000 0.00000 -999 272.64732
0.16700 0.91440 0.02973 -0.74283 273.76971 0.00000 270.29458 -1.00000 0.00000 -999 273.76971
0.16700 0.91440 0.02973 -0.74283 273.76971 0.00000 270.29458 -1.00000 0.00000 -999 273.76971
0.16442 0.91440 0.02992 -0.75015 274.97935 0.00000 270.29123 -1.00000 0.00000 -999 274.97935
0.16442 0.91440 0.02992 -0.75015 274.97936 0.00000 270.29123 -1.00000 0.00000 -999 274.97936
0.16185 0.91440 0.03010 -0.75764 276.11171 0.00000 270.28813 -1.00000 0.00000 -999 276.11171
0.16185 0.91440 0.03010 -0.75764 276.11172 0.00000 270.28813 -1.00000 0.00000 -999 276.11172
0.15928 0.91440 0.03027 -0.76517 277.27015 0.00000 270.28500 -1.00000 0.00000 -999 277.27015
0.15928 0.91440 0.03027 -0.76517 277.27016 0.00000 270.28500 -1.00000 0.00000 -999 277.27016
0.15671 0.91440 0.03045 -0.77271 278.57015 0.00000 270.28154 -1.00000 0.00000 -999 278.57015
0.15671 0.91440 0.03045 -0.77271 278.57016 0.00000 270.28154 -1.00000 0.00000 -999 278.57016
0.15671 0.91440 0.03045 -0.77271 278.57017 0.00000 270.28154 -1.00000 0.00000 -999 278.57017
0.15414 0.91440 0.03061 -0.78042 279.66311 0.00000 270.27864 -1.00000 0.00000 -999 279.66311
0.15156 0.91440 0.03077 -0.78826 280.78477 0.00000 270.27570 -1.00000 0.00000 -999 280.78477
0.15156 0.91440 0.03077 -0.78826 280.78478 0.00000 270.27570 -1.00000 0.00000 -999 280.78478
0.14899 0.91440 0.03092 -0.79608 282.16003 0.00000 270.27212 -1.00000 0.00000 -999 282.16003
0.14899 0.91440 0.03092 -0.79608 282.16004 0.00000 270.27212 -1.00000 0.00000 -999 282.16004
0.14899 0.91440 0.03092 -0.79608 282.16005 0.00000 270.27212 -1.00000 0.00000 -999 282.16005
0.14641 0.91440 0.03107 -0.80399 283.43880 0.00000 270.26882 -1.00000 0.00000 -999 283.43880
0.14641 0.91440 0.03107 -0.80399 283.43881 0.00000 270.26882 -1.00000 0.00000 -999 283.43881
0.14384 0.91440 0.03121 -0.81204 284.73863 0.00000 270.26546 -1.00000 0.00000 -999 284.73863
0.14384 0.91440 0.03121 -0.81204 284.73863 0.00000 270.26546 -1.00000 0.00000 -999 284.73863
0.14127 0.91440 0.03134 -0.82024 286.05628 0.00000 270.26205 -1.00000 0.00000 -999 286.05628
0.14127 0.91440 0.03134 -0.82024 286.05629 0.00000 270.26205 -1.00000 0.00000 -999 286.05629
0.13869 0.91440 0.03147 -0.82849 287.38776 0.00000 270.25861 -1.00000 0.00000 -999 287.38776
0.13611 0.91440 0.03159 -0.83681 288.73145 0.00000 270.25513 -1.00000 0.00000 -999 288.73145
0.13611 0.91440 0.03159 -0.83681 288.73146 0.00000 270.25513 -1.00000 0.00000 -999 288.73146
0.13611 0.91440 0.03159 -0.83681 288.73147 0.00000 270.25513 -1.00000 0.00000 -999 288.73147
0.13354 0.91440 0.03170 -0.84526 290.21888 0.00000 270.25126 -1.00000 0.00000 -999 290.21888
0.13354 0.91440 0.03170 -0.84526 290.21889 0.00000 270.25126 -1.00000 0.00000 -999 290.21889
0.13096 0.91440 0.03181 -0.85381 291.45575 0.00000 270.24802 -1.00000 0.00000 -999 291.45575
0.12839 0.91440 0.03191 -0.86251 292.71328 0.00000 270.24474 -1.00000 0.00000 -999 292.71328
0.12839 0.91440 0.03191 -0.86251 292.71329 0.00000 270.24474 -1.00000 0.00000 -999 292.71329
0.12839 0.91440 0.03191 -0.86251 292.71330 0.00000 270.24474 -1.00000 0.00000 -999 292.71330
0.12581 0.91440 0.03200 -0.87133 294.24864 0.00000 270.24070 -1.00000 0.00000 -999 294.24864
0.12581 0.91440 0.03200 -0.87133 294.24865 0.00000 270.24070 -1.00000 0.00000 -999 294.24865
0.12323 0.91440 0.03208 -0.88030 295.67223 0.00000 270.23695 -1.00000 0.00000 -999 295.67223
0.12323 0.91440 0.03208 -0.88030 295.67224 0.00000 270.23695 -1.00000 0.00000 -999 295.67224
0.12066 0.91440 0.03215 -0.88933 297.12034 0.00000 270.23316 -1.00000 0.00000 -999 297.12034
0.12066 0.91440 0.03215 -0.88933 297.12035 0.00000 270.23316 -1.00000 0.00000 -999 297.12035
0.11808 0.91440 0.03222 -0.89859 298.60003 0.00000 270.22930 -1.00000 0.00000 -999 298.60003
0.11808 0.91440 0.03222 -0.89859 298.60004 0.00000 270.22930 -1.00000 0.00000 -999 298.60004
0.11550 0.91440 0.03228 -0.90783 300.11114 0.00000 270.22540 -1.00000 0.00000 -999 300.11114
0.11292 0.91440 0.03233 -0.91738 301.63754 0.00000 270.22144 -1.00000 0.00000 -999 301.63754
0.11292 0.91440 0.03233 -0.91738 301.63755 0.00000 270.22144 -1.00000 0.00000 -999 301.63755
0.11292 0.91440 0.03233 -0.91738 301.63756 0.00000 270.22144 -1.00000 0.00000 -999 301.63756
0.11046 0.91440 0.03237 -0.92669 303.16273 0.00000 270.21756 -1.00000 0.00000 -999 303.16273
0.11046 0.91440 0.03237 -0.92670 303.16274 0.00000 270.21756 -1.00000 0.00000 -999 303.16274
0.10812 0.91440 0.03240 -0.93553 304.66325 0.00000 270.21383 -1.00000 0.00000 -999 304.66325
0.10812 0.91440 0.03240 -0.93553 304.66326 0.00000 270.21383 -1.00000 0.00000 -999 304.66326
0.10589 0.91440 0.03242 -0.94414 306.13119 0.00000 270.21021 -1.00000 0.00000 -999 306.13119
0.10589 0.91440 0.03242 -0.94414 306.13120 0.00000 270.21021 -1.00000 0.00000 -999 306.13120
0.10376 0.91440 0.03243 -0.95254 307.56637 0.00000 270.20671 -1.00000 0.00000 -999 307.56637
0.10376 0.91440 0.03243 -0.95254 307.56638 0.00000 270.20671 -1.00000 0.00000 -999 307.56638
0.10174 0.91440 0.03244 -0.96049 308.96427 0.00000 270.20333 -1.00000 0.00000 -999 308.96427
0.10174 0.91440 0.03244 -0.96049 308.96428 0.00000 270.20333 -1.00000 0.00000 -999 308.96428
0.09981 0.91440 0.03244 -0.96836 310.31987 0.00000 270.20005 -1.00000 0.00000 -999 310.31987
0.09798 0.91440 0.03244 -0.97588 311.62855 0.00000 270.19689 -1.00000 0.00000 -999 311.62855
0.09798 0.91440 0.03244 -0.97588 311.62856 0.00000 270.19689 -1.00000 0.00000 -999 311.62856
0.09798 0.91440 0.03244 -0.97588 311.62857 0.00000 270.19689 -1.00000 0.00000 -999 311.62857
0.09623 0.91440 0.03243 -0.98308 312.88956 0.00000 270.19385 -1.00000 0.00000 -999 312.88956
0.09623 0.91440 0.03243 -0.98308 312.88957 0.00000 270.19385 -1.00000 0.00000 -999 312.88957
0.09456 0.91440 0.03241 -0.99007 314.10396 0.00000 270.19091 -1.00000 0.00000 -999 314.10396
0.09456 0.91440 0.03241 -0.99007 314.10397 0.00000 270.19091 -1.00000 0.00000 -999 314.10397
0.09298 0.91440 0.03240 -0.99683 315.27098 0.00000 270.18804 -1.00000 0.00000 -999 315.27098
0.09298 0.91440 0.03240 -0.99683 315.27099 0.00000 270.18804 -1.00000 0.00000 -999 315.27099
0.09147 0.91440 0.03238 -1.00356 316.40289 0.00000 270.18526 -1.00000 0.00000 -999 316.40289
0.09147 0.91440 0.03238 -1.00356 316.40289 0.00000 270.18526 -1.00000 0.00000 -999 316.40289
0.09003 0.91440 0.03235 -1.00977 317.64175 0.00000 270.18233 -1.00000 0.00000 -999 317.64175
0.09003 0.91440 0.03235 -1.00977 317.64176 0.00000 270.18233 -1.00000 0.00000 -999 317.64176
0.08859 0.91440 0.03233 -1.01607 318.93996 0.00000 270.17932 -1.00000 0.00000 -999 318.93996
0.08859 0.91440 0.03233 -1.01607 318.93997 0.00000 270.17932 -1.00000 0.00000 -999 318.93997
0.08715 0.91440 0.03230 -1.02255 320.12032 0.00000 270.17660 -1.00000 0.00000 -999 320.12032
0.08715 0.91440 0.03230 -1.02255 320.12032 0.00000 270.17660 -1.00000 0.00000 -999 320.12032
0.08571 0.91440 0.03226 -1.02900 321.31989 0.00000 270.17387 -1.00000 0.00000 -999 321.31989
0.08571 0.91440 0.03226 -1.02900 321.31990 0.00000 270.17387 -1.00000 0.00000 -999 321.31990
0.08428 0.91440 0.03223 -1.03553 322.53625 0.00000 270.17107 -1.00000 0.00000 -999 322.53625
0.08428 0.91440 0.03223 -1.03553 322.53626 0.00000 270.17107 -1.00000 0.00000 -999 322.53626
0.08284 0.91440 0.03218 -1.04239 323.76836 0.00000 270.16820 -1.00000 0.00000 -999 323.76836
0.08284 0.91440 0.03218 -1.04239 323.76837 0.00000 270.16820 -1.00000 0.00000 -999 323.76837
0.08140 0.91440 0.03214 -1.04922 324.73315 0.00000 270.16595 -1.00000 0.00000 -999 324.73315
0.07996 0.91440 0.03209 -1.05610 325.71126 0.00000 270.16369 -1.00000 0.00000 -999 325.71126
0.07996 0.91440 0.03209 -1.05610 325.71127 0.00000 270.16369 -1.00000 0.00000 -999 325.71127
0.07852 0.91440 0.03204 -1.06306 327.26085 0.00000 270.16010 -1.00000 0.00000 -999 327.26085
0.07852 0.91440 0.03204 -1.06306 327.26086 0.00000 270.16010 -1.00000 0.00000 -999 327.26086
0.07852 0.91440 0.03204 -1.06306 327.26087 0.00000 270.16010 -1.00000 0.00000 -999 327.26087
0.07709 0.91440 0.03198 -1.07011 328.82841 0.00000 270.15645 -1.00000 0.00000 -999 328.82841
0.07709 0.91440 0.03198 -1.07011 328.82842 0.00000 270.15645 -1.00000 0.00000 -999 328.82842
0.07565 0.91440 0.03192 -1.07729 330.13207 0.00000 270.15340 -1.00000 0.00000 -999 330.13207
0.07565 0.91440 0.03192 -1.07729 330.13208 0.00000 270.15340 -1.00000 0.00000 -999 330.13208
0.07421 0.91440 0.03185 -1.08461 331.45460 0.00000 270.15029 -1.00000 0.00000 -999 331.45460
0.07421 0.91440 0.03185 -1.08461 331.45461 0.00000 270.15029 -1.00000 0.00000 -999 331.45461
0.07277 0.91440 0.03178 -1.09206 332.49345 0.00000 270.14784 -1.00000 0.00000 -999 332.49345
0.07134 0.91440 0.03170 -1.09965 333.55146 0.00000 270.14535 -1.00000 0.00000 -999 333.55146
0.07134 0.91440 0.03170 -1.09965 333.55147 0.00000 270.14534 -1.00000 0.00000 -999 333.55147
0.06990 0.91440 0.03162 -1.10735 334.92593 0.00000 270.14209 -1.00000 0.00000 -999 334.92593
0.06990 0.91440 0.03162 -1.10735 334.92594 0.00000 270.14209 -1.00000 0.00000 -999 334.92594
0.06846 0.91440 0.03154 -1.11519 336.32217 0.00000 270.13879 -1.00000 0.00000 -999 336.32217
0.06846 0.91440 0.03154 -1.11519 336.32218 0.00000 270.13879 -1.00000 0.00000 -999 336.32218
0.06703 0.91440 0.03144 -1.12312 337.74219 0.00000 270.13544 -1.00000 0.00000 -999 337.74219
0.06703 0.91440 0.03144 -1.12312 337.74220 0.00000 270.13544 -1.00000 0.00000 -999 337.74220
0.06559 0.91440 0.03135 -1.13116 339.52045 0.00000 270.13127 -1.00000 0.00000 -999 339.52045
0.06559 0.91440 0.03135 -1.13116 339.52046 0.00000 270.13127 -1.00000 0.00000 -999 339.52046
0.06559 0.91440 0.03135 -1.13116 339.52047 0.00000 270.13127 -1.00000 0.00000 -999 339.52047
0.06415 0.91440 0.03125 -1.13933 341.00534 0.00000 270.12780 -1.00000 0.00000 -999 341.00534
0.06272 0.91440 0.03114 -1.14774 342.19968 0.00000 270.12503 -1.00000 0.00000 -999 342.19968
0.06272 0.91440 0.03114 -1.14774 342.19969 0.00000 270.12503 -1.00000 0.00000 -999 342.19969
0.06129 0.91440 0.03103 -1.15639 343.76982 0.00000 270.12139 -1.00000 0.00000 -999 343.76982
0.06129 0.91440 0.03103 -1.15639 343.76984 0.00000 270.12139 -1.00000 0.00000 -999 343.76984
0.05985 0.91440 0.03091 -1.16510 345.75718 0.00000 270.11686 -1.00000 0.00000 -999 345.75718
0.05985 0.91440 0.03091 -1.16510 345.75719 0.00000 270.11686 -1.00000 0.00000 -999 345.75719
0.05985 0.91440 0.03091 -1.16510 345.75720 0.00000 270.11686 -1.00000 0.00000 -999 345.75720
0.05842 0.91440 0.03079 -1.17406 347.81216 0.00000 270.11222 -1.00000 0.00000 -999 347.81216
0.05842 0.91440 0.03079 -1.17406 347.81217 0.00000 270.11222 -1.00000 0.00000 -999 347.81217
0.05698 0.91440 0.03066 -1.18312 349.55653 0.00000 270.10835 -1.00000 0.00000 -999 349.55653
0.05698 0.91440 0.03066 -1.18312 349.55655 0.00000 270.10835 -1.00000 0.00000 -999 349.55655
0.05555 0.91440 0.03052 -1.19235 351.35874 0.00000 270.10439 -1.00000 0.00000 -999 351.35874
0.05555 0.91440 0.03052 -1.19235 351.35876 0.00000 270.10439 -1.00000 0.00000 -999 351.35876
0.05412 0.91440 0.03038 -1.20184 353.22105 0.00000 270.10035 -1.00000 0.00000 -999 353.22105
0.05412 0.91440 0.03038 -1.20184 353.22107 0.00000 270.10035 -1.00000 0.00000 -999 353.22107
0.05269 0.91440 0.03023 -1.21147 354.97088 0.00000 270.09658 -1.00000 0.00000 -999 354.97088
0.05126 0.91440 0.03008 -1.22146 356.68800 0.00000 270.09288 -1.00000 0.00000 -999 356.68800
0.05126 0.91440 0.03008 -1.22146 356.68801 0.00000 270.09288 -1.00000 0.00000 -999 356.68801
0.04983 0.91440 0.02992 -1.23175 358.71611 0.00000 270.08851 -1.00000 0.00000 -999 358.71611
0.04983 0.91440 0.02992 -1.23176 358.71612 0.00000 270.08851 -1.00000 0.00000 -999 358.71612
0.04840 0.91440 0.02975 -1.24222 360.78839 0.00000 270.08405 -1.00000 0.00000 -999 360.78839
0.04840 0.91440 0.02975 -1.24222 360.78841 0.00000 270.08405 -1.00000 0.00000 -999 360.78841
0.04697 0.91440 0.02957 -1.25282 362.90014 0.00000 270.07951 -1.00000 0.00000 -999 362.90014
0.04697 0.91440 0.02957 -1.25282 362.90015 0.00000 270.07951 -1.00000 0.00000 -999 362.90015
0.04554 0.91440 0.02939 -1.26368 365.05288 0.00000 270.07487 -1.00000 0.00000 -999 365.05288
0.04554 0.91440 0.02939 -1.26368 365.05290 0.00000 270.07487 -1.00000 0.00000 -999 365.05290
0.04412 0.91440 0.02919 -1.27487 367.25081 0.00000 270.07009 -1.00000 0.00000 -999 367.25081
0.04412 0.91440 0.02919 -1.27487 367.25083 0.00000 270.07009 -1.00000 0.00000 -999 367.25083
0.04269 0.91440 0.02899 -1.28647 369.49783 0.00000 270.06513 -1.00000 0.00000 -999 369.49783
0.04269 0.91440 0.02899 -1.28647 369.49784 0.00000 270.06513 -1.00000 0.00000 -999 369.49784
0.04127 0.91440 0.02878 -1.29849 371.79555 0.00000 270.05999 -1.00000 0.00000 -999 371.79555
0.04127 0.91440 0.02878 -1.29849 371.79556 0.00000 270.05999 -1.00000 0.00000 -999 371.79556
0.03985 0.91440 0.02856 -1.31087 374.14429 0.00000 270.05471 -1.00000 0.00000 -999 374.14429
0.03985 0.91440 0.02856 -1.31087 374.14430 0.00000 270.05471 -1.00000 0.00000 -999 374.14430
0.03843 0.91440 0.02833 -1.32348 376.55090 0.00000 270.04932 -1.00000 0.00000 -999 376.55090
0.03843 0.91440 0.02833 -1.32348 376.55092 0.00000 270.04932 -1.00000 0.00000 -999 376.55092
0.03701 0.91440 0.02809 -1.33627 379.04016 0.00000 270.04381 -1.00000 0.00000 -999 379.04016
0.03701 0.91440 0.02809 -1.33627 379.04017 0.00000 270.04381 -1.00000 0.00000 -999 379.04017
0.03559 0.91440 0.02784 -1.34950 381.64994 0.00000 270.03811 -1.00000 0.00000 -999 381.64994
0.03559 0.91440 0.02784 -1.34950 381.64996 0.00000 270.03811 -1.00000 0.00000 -999 381.64996
0.03417 0.91440 0.02758 -1.36343 384.40560 0.00000 270.03216 -1.00000 0.00000 -999 384.40560
0.03417 0.91440 0.02758 -1.36343 384.40562 0.00000 270.03215 -1.00000 0.00000 -999 384.40562
0.03276 0.91440 0.02731 -1.37787 387.30458 0.00000 270.02597 -1.00000 0.00000 -999 387.30458
0.03276 0.91440 0.02731 -1.37787 387.30460 0.00000 270.02597 -1.00000 0.00000 -999 387.30460
0.03135 0.91440 0.02703 -1.39266 390.32427 0.00000 270.01962 -1.00000 0.00000 -999 390.32427
0.03135 0.91440 0.02703 -1.39266 390.32429 0.00000 270.01962 -1.00000 0.00000 -999 390.32429
0.02994 0.91440 0.02673 -1.40773 393.43290 0.00000 270.01313 -1.00000 0.00000 -999 393.43290
0.02994 0.91440 0.02673 -1.40773 393.43292 0.00000 270.01313 -1.00000 0.00000 -999 393.43292
0.02854 0.91440 0.02642 -1.42316 396.60249 0.00000 270.00647 -1.00000 0.00000 -999 396.60249
0.02854 0.91440 0.02642 -1.42316 396.60251 0.00000 270.00647 -1.00000 0.00000 -999 396.60251
0.02713 0.91440 0.02610 -1.43916 399.81973 0.00058 269.81975 -1.00000 0.00000 -999 399.81973
0.02713 0.91440 0.02610 -1.43916 399.81981 0.00058 269.81975 -1.00000 0.00000 -999 399.81976
0.02574 0.91440 0.02576 -1.45620 425.93078 0.00462 269.05279 0.33333 0.00019 -999 403.07870
0.02574 0.91440 0.02576 -1.45620 425.93098 0.00462 269.05278 0.33334 0.00019 -999 403.07873
0.02434 0.91440 0.02540 -1.47380 451.31356 0.00845 268.26338 1.00000 0.00037 -999 406.38431
0.02434 0.91440 0.02540 -1.47380 451.31369 0.00845 268.26338 1.00000 0.00037 -999 406.38433
0.02434 0.91440 0.02540 -1.47380 451.31383 0.00845 268.26338 1.00000 0.00037 -999 406.38436
0.02295 0.91440 0.02503 -1.49155 474.44105 0.01199 268.30512 1.00000 0.00053 -999 409.78487
0.02157 0.91440 0.02464 -1.50921 505.49475 0.01688 268.36377 1.00000 0.00075 -999 413.36134
0.02157 0.91440 0.02464 -1.50921 505.49500 0.01688 268.36377 1.00000 0.00075 -999 413.36137
0.02019 0.91440 0.02422 -1.52768 530.51891 0.02051 268.39754 1.00000 0.00092 -999 417.13548
0.02019 0.91440 0.02422 -1.52768 530.51912 0.02051 268.39754 1.00000 0.00092 -999 417.13551
0.01882 0.91440 0.02379 -1.54726 564.21275 0.02569 268.44207 1.00000 0.00116 -999 420.96817
0.01882 0.91440 0.02379 -1.54726 564.21297 0.02569 268.44207 1.00000 0.00116 -999 420.96819
0.01745 0.91440 0.02334 -1.56705 602.13057 0.03156 268.49210 1.00000 0.00143 -999 424.64746
0.01745 0.91440 0.02334 -1.56705 602.13085 0.03156 268.49210 1.00000 0.00143 -999 424.64749
0.01610 0.91440 0.02285 -1.58570 634.16185 0.03641 268.52459 1.00000 0.00166 -999 428.12425
0.01610 0.91440 0.02285 -1.58570 634.16207 0.03641 268.52459 1.00000 0.00166 -999 428.12428
0.01475 0.91440 0.02234 -1.60348 676.64871 0.04341 268.57177 1.00000 0.00200 -999 431.53231
0.01475 0.91440 0.02234 -1.60348 676.64901 0.04341 268.57177 1.00000 0.00200 -999 431.53234
0.01342 0.91440 0.02180 -1.62238 716.02814 0.04983 268.61109 1.00000 0.00231 -999 434.79696
0.01342 0.91440 0.02180 -1.62238 716.02844 0.04983 268.61109 1.00000 0.00231 -999 434.79698
0.01210 0.91440 0.02123 -1.63956 754.99123 0.05670 268.65109 1.00000 0.00264 -999 437.50454
0.01210 0.91440 0.02123 -1.63956 754.99154 0.05670 268.65109 1.00000 0.00264 -999 437.50456
0.01079 0.91440 0.02062 -1.65207 793.71773 0.06430 268.69838 1.00000 0.00301 -999 439.35111
0.01079 0.91440 0.02062 -1.65207 793.71802 0.06430 268.69838 1.00000 0.00301 -999 439.35113
0.00951 0.91440 0.01996 -1.65796 839.81212 0.07527 268.77342 1.00000 0.00353 -999 440.14445
0.00951 0.91440 0.01996 -1.65796 839.81244 0.07527 268.77342 1.00000 0.00353 -999 440.14445
0.00826 0.91440 0.01926 -1.66091 878.70541 0.08579 268.85169 1.00000 0.00403 -999 439.35369
0.00826 0.91440 0.01926 -1.66091 878.70568 0.08579 268.85169 1.00000 0.00403 -999 439.35369
0.00709 0.91440 0.01854 -1.65254 932.91506 0.10836 269.03108 1.00000 0.00507 -999 436.47667
0.00709 0.91440 0.01854 -1.65254 932.91542 0.10837 269.03108 1.00000 0.00507 -999 436.47664
0.00603 0.91440 0.01782 -1.62526 996.78548 0.14870 269.36848 1.00000 0.00689 -999 431.61106
0.00603 0.91440 0.01782 -1.62526 996.78595 0.14870 269.36848 1.00000 0.00689 -999 431.61103
0.00507 0.91440 0.01709 -1.58713 1024.90830 0.19409 269.78151 1.00000 0.00885 -999 425.43077
0.00507 0.91440 0.01709 -1.58713 1024.90852 0.19409 269.78151 1.00000 0.00885 -999 425.43073
0.00423 0.91440 0.01638 -1.53150 1029.76094 0.24392 270.26708 1.00000 0.01087 -999 418.97757
0.00423 0.91440 0.01638 -1.53150 1029.76097 0.24392 270.26708 1.00000 0.01087 -999 418.97752
0.00350 0.91440 0.01567 -1.44710 1024.67754 0.29180 270.76229 1.00000 0.01257 -999 413.25342
0.00350 0.91440 0.01567 -1.44710 1024.67752 0.29180 270.76230 1.00000 0.01257 -999 413.25338
0.00284 0.91440 0.01497 -1.33605 1018.35605 0.34230 271.29296 1.00000 0.01407 -999 409.17528
0.00284 0.91440 0.01497 -1.33605 1018.35600 0.34230 271.29296 1.00000 0.01407 -999 409.17525
0.00228 0.91440 0.01426 -1.20185 1016.00983 0.39165 271.80922 1.00000 0.01517 -999 407.56624
0.00228 0.91440 0.01426 -1.20185 1016.00982 0.39165 271.80923 1.00000 0.01517 -999 407.56622
0.00179 0.91440 0.01356 -1.04343 1019.27357 0.44112 272.31285 1.00000 0.01585 -999 408.57444
0.00179 0.91440 0.01356 -1.04343 1019.27359 0.44112 272.31285 1.00000 0.01585 -999 408.57445
0.00137 0.91440 0.01285 -0.86108 1026.42887 0.48380 272.80958 0.99014 0.01568 -999 411.52278
0.00137 0.91440 0.01285 -0.86107 1026.42892 0.48380 272.80958 0.99014 0.01568 -999 411.52281
0.00104 0.91440 0.01216 -0.65336 1032.32352 0.52960 273.08692 0.91726 0.01408 -999 414.84177
0.00104 0.91440 0.01216 -0.65336 1032.32356 0.52960 273.08692 0.91725 0.01408 -999 414.84180
0.00076 0.91440 0.01145 -0.42606 1030.41318 0.58840 273.15000 0.80187 0.01187 -999 416.86120
0.00076 0.91440 0.01145 -0.42606 1030.41317 0.58840 273.15000 0.80187 0.01187 -999 416.86121
0.00055 0.91440 0.01074 -0.19401 1014.08381 0.62888 273.15000 0.72103 0.00958 -999 417.19402
0.00055 0.91440 0.01074 -0.19401 1014.08369 0.62888 273.15000 0.72103 0.00958 -999 417.19402
0.00041 0.91440 0.01002 0.02938 972.56614 0.67040 273.15000 0.63551 0.00734 -999 416.09475
0.00041 0.91440 0.01002 0.02939 972.56584 0.67040 273.15000 0.63551 0.00734 -999 416.09474
0.00032 0.91440 0.00930 0.24109 887.80301 0.69912 273.15000 0.54994 0.00520 -999 413.12110
0.00032 0.91440 0.00930 0.24109 887.80240 0.69912 273.15000 0.54994 0.00520 -999 413.12107
0.00031 0.91440 0.00858 0.43967 757.91679 0.71841 273.15000 0.45754 0.00332 -999 408.03195
0.00031 0.91440 0.00858 0.43968 757.91585 0.71841 273.15000 0.45754 0.00332 -999 408.03192
0.00035 0.91440 0.00784 0.61291 622.12994 0.73175 273.15000 0.37694 0.00194 -999 401.67877
0.00035 0.91440 0.00784 0.61291 622.12896 0.73175 273.15000 0.37694 0.00194 -999 401.67872
0.00046 0.91440 0.00710 0.75597 517.64120 0.74080 273.15000 0.31715 0.00106 -999 394.51849
0.00046 0.91440 0.00710 0.75597 517.64045 0.74080 273.15000 0.31715 0.00106 -999 394.51844
0.00064 0.91440 0.00636 0.86665 446.14225 0.74031 273.15000 0.28149 0.00052 -999 385.91521
0.00064 0.91440 0.00636 0.86665 446.14174 0.74031 273.15000 0.28149 0.00052 -999 385.91515
0.00087 0.91440 0.00562 0.94727 397.98973 0.73819 273.15000 0.25792 0.00020 -999 375.12606
0.00087 0.91440 0.00562 0.94727 397.98939 0.73819 273.15000 0.25792 0.00020 -999 375.12599
0.00087 0.91440 0.00562 0.94727 397.98915 0.73819 273.15000 0.25792 0.00020 -999 375.12589
0.00119 0.91440 0.00487 0.99864 366.43855 0.71393 273.15000 0.24882 0.00004 -999 362.17820
0.00158 0.91440 0.00410 1.02347 346.30648 0.68259 273.15000 0.24701 0.00000 -999 346.30645
0.00158 0.91440 0.00410 1.02347 346.30635 0.68259 273.15000 0.24701 0.00000 -999 346.30635
0.00158 0.91440 0.00410 1.02347 346.30623 0.68259 273.15000 0.24701 0.00000 -999 346.30623
0.00205 0.91440 0.00332 1.02482 332.48663 0.66173 273.15000 0.24567 0.00000 -999 332.48663
0.00260 0.91440 0.00252 1.00718 318.99824 0.64087 273.15000 0.24518 0.00001 -999 318.18607
0.00260 0.91440 0.00252 1.00718 318.99813 0.64087 273.15000 0.24518 0.00001 -999 318.18595
0.00324 0.91440 0.00172 0.97472 307.23792 0.60582 273.15000 0.25052 0.00007 -999 300.59129
0.00324 0.91440 0.00172 0.97472 307.23784 0.60582 273.15000 0.25052 0.00007 -999 300.59117
0.00398 0.91440 0.00089 0.93119 299.74265 0.56330 273.15000 0.26151 0.00020 -999 283.16685
0.00398 0.91440 0.00089 0.93119 299.74259 0.56330 273.15000 0.26151 0.00020 -999 283.16673
0.00398 0.91440 0.00089 0.93119 299.74255 0.56330 273.15000 0.26151 0.00020 -999 283.16662
0.00483 0.91440 0.00003 0.87888 294.63823 0.53413 273.15000 0.27011 0.00031 -999 269.57443
0.00579 0.91440 -0.00084 0.82135 291.48895 0.50135 273.15000 0.28297 0.00043 -999 257.96933
0.00579 0.91440 -0.00084 0.82135 291.48893 0.50135 273.15000 0.28297 0.00043 -999 257.96924
0.00686 0.91440 -0.00172 0.76167 289.95419 0.46556 273.15000 0.30085 0.00059 -999 246.62020
0.00686 0.91440 -0.00172 0.76167 289.95417 0.46556 273.15000 0.30085 0.00059 -999 246.62013
0.00686 0.91440 -0.00172 0.76167 289.95418 0.46556 273.15000 0.30085 0.00059 -999 246.62007
0.00802 0.91440 -0.00259 0.70296 290.54453 0.43155 273.15000 0.32245 0.00073 -999 238.84474
0.00920 0.91440 -0.00342 0.64791 292.69975 0.40331 273.15000 0.34427 0.00086 -999 233.09737
0.00920 0.91440 -0.00342 0.64791 292.69976 0.40331 273.15000 0.34427 0.00086 -999 233.09732
0.01041 0.91440 -0.00421 0.59715 296.41060 0.37273 273.15000 0.37450 0.00099 -999 229.38352
0.01041 0.91440 -0.00421 0.59715 296.41063 0.37273 273.15000 0.37450 0.00099 -999 229.38349
0.01165 0.91440 -0.00496 0.55085 302.49289 0.34685 273.15000 0.40494 0.00111 -999 227.75309
0.01165 0.91440 -0.00496 0.55085 302.49293 0.34685 273.15000 0.40494 0.00111 -999 227.75308
0.01290 0.91440 -0.00568 0.50837 310.96802 0.32542 273.15000 0.44125 0.00124 -999 227.93078
0.01290 0.91440 -0.00568 0.50837 310.96808 0.32542 273.15000 0.44125 0.00124 -999 227.93078
0.01290 0.91440 -0.00568 0.50837 310.96815 0.32542 273.15000 0.44125 0.00124 -999 227.93079
0.01417 0.91440 -0.00637 0.46898 321.06772 0.29992 273.15000 0.48708 0.00137 -999 229.34971
0.01545 0.91440 -0.00704 0.43268 332.95672 0.28901 273.15000 0.51990 0.00150 -999 231.54782
0.01545 0.91440 -0.00704 0.43268 332.95680 0.28901 273.15000 0.51990 0.00150 -999 231.54783
0.01545 0.91440 -0.00704 0.43268 332.95690 0.28901 273.15000 0.51990 0.00150 -999 231.54785
0.01675 0.91440 -0.00768 0.39950 345.97431 0.27273 273.15000 0.57012 0.00164 -999 234.50066
0.01806 0.91440 -0.00830 0.36892 360.69013 0.25653 273.15000 0.62556 0.00179 -999 238.26729
0.01806 0.91440 -0.00830 0.36892 360.69023 0.25653 273.15000 0.62556 0.00179 -999 238.26732
0.01937 0.91440 -0.00890 0.34034 376.76562 0.24321 273.15000 0.68553 0.00194 -999 242.48717
0.01937 0.91440 -0.00890 0.34034 376.76574 0.24321 273.15000 0.68553 0.00194 -999 242.48720
0.01937 0.91440 -0.00890 0.34034 376.76586 0.24321 273.15000 0.68553 0.00194 -999 242.48723
0.02070 0.91440 -0.00949 0.31367 393.03605 0.23113 273.15000 0.74898 0.00209 -999 246.62153
0.02203 0.91440 -0.01005 0.28900 408.77682 0.21905 273.15000 0.82048 0.00225 -999 250.39028
0.02203 0.91440 -0.01005 0.28900 408.77693 0.21905 273.15000 0.82048 0.00225 -999 250.39030
0.02337 0.91440 -0.01060 0.26609 423.94919 0.20788 273.15000 0.89593 0.00240 -999 253.81178
0.02337 0.91440 -0.01060 0.26609 423.94930 0.20788 273.15000 0.89593 0.00240 -999 253.81181
0.02471 0.91440 -0.01113 0.24464 438.16079 0.19721 273.09281 0.97183 0.00255 -999 257.02357
0.02471 0.91440 -0.01113 0.24464 438.16090 0.19721 273.09281 0.97183 0.00255 -999 257.02359
0.02471 0.91440 -0.01113 0.24464 438.16093 0.19721 273.09280 0.97183 0.00255 -999 257.02362
0.02606 0.91440 -0.01164 0.22441 443.29366 0.18632 272.76241 0.99943 0.00255 -999 260.07137
0.02742 0.91440 -0.01215 0.20535 444.50149 0.17751 272.53558 1.00000 0.00249 -999 262.84654
0.02742 0.91440 -0.01215 0.20535 444.50150 0.17751 272.53558 1.00000 0.00249 -999 262.84656
0.02878 0.91440 -0.01264 0.18750 446.85996 0.17182 272.40143 1.00000 0.00247 -999 265.23076
0.02878 0.91440 -0.01264 0.18750 446.85998 0.17182 272.40143 1.00000 0.00247 -999 265.23078
0.03014 0.91440 -0.01312 0.17073 442.76549 0.16056 272.20309 1.00000 0.00235 -999 267.22139
0.03014 0.91440 -0.01312 0.17073 442.76546 0.16056 272.20308 1.00000 0.00235 -999 267.22140
0.03014 0.91440 -0.01312 0.17073 442.76543 0.16056 272.20308 1.00000 0.00235 -999 267.22141
0.03151 0.91440 -0.01358 0.15499 439.61106 0.15130 272.03973 1.00000 0.00226 -999 268.90368
0.03288 0.91440 -0.01404 0.14000 437.21302 0.14398 271.90381 1.00000 0.00219 -999 270.36907
0.03288 0.91440 -0.01404 0.14000 437.21301 0.14398 271.90380 1.00000 0.00219 -999 270.36908
0.03288 0.91440 -0.01404 0.14000 437.21299 0.14398 271.90380 1.00000 0.00219 -999 270.36909
0.03426 0.91440 -0.01448 0.12576 433.22019 0.13581 271.75943 1.00000 0.00210 -999 271.67119
0.03564 0.91440 -0.01492 0.11226 429.28231 0.12845 271.62766 1.00000 0.00201 -999 272.83807
0.03564 0.91440 -0.01492 0.11226 429.28229 0.12845 271.62765 1.00000 0.00201 -999 272.83808
0.03702 0.91440 -0.01534 0.09948 426.30977 0.12292 271.52660 1.00000 0.00195 -999 273.75529
0.03702 0.91440 -0.01534 0.09948 426.30976 0.12292 271.52660 1.00000 0.00195 -999 273.75530
0.03841 0.91440 -0.01576 0.08745 421.72466 0.11589 271.40212 1.00000 0.00187 -999 274.72516
0.03841 0.91440 -0.01576 0.08745 421.72462 0.11589 271.40212 1.00000 0.00187 -999 274.72517
0.03841 0.91440 -0.01576 0.08745 421.72458 0.11589 271.40212 1.00000 0.00187 -999 274.72517
0.03979 0.91440 -0.01617 0.07599 417.04084 0.10926 271.28204 1.00000 0.00178 -999 275.59492
0.04118 0.91440 -0.01656 0.06501 410.70393 0.10199 271.15538 1.00000 0.00168 -999 276.22710
0.04118 0.91440 -0.01656 0.06501 410.70390 0.10199 271.15538 1.00000 0.00168 -999 276.22711
0.04118 0.91440 -0.01656 0.06501 410.70386 0.10199 271.15538 1.00000 0.00168 -999 276.22711
0.04258 0.91440 -0.01695 0.05451 404.73186 0.09550 271.04068 1.00000 0.00159 -999 276.69821
0.04258 0.91440 -0.01695 0.05451 404.73182 0.09550 271.04068 1.00000 0.00159 -999 276.69821
0.04397 0.91440 -0.01734 0.04447 399.15606 0.08971 270.93758 1.00000 0.00151 -999 277.01569
0.04397 0.91440 -0.01734 0.04447 399.15603 0.08971 270.93758 1.00000 0.00151 -999 277.01569
0.04537 0.91440 -0.01771 0.03491 396.89552 0.08689 270.88105 1.00000 0.00148 -999 277.19828
0.04677 0.91440 -0.01808 0.02583 389.59583 0.08048 270.76619 1.00000 0.00138 -999 277.27265
0.04677 0.91440 -0.01808 0.02583 389.59579 0.08048 270.76619 1.00000 0.00138 -999 277.27265
0.04677 0.91440 -0.01808 0.02583 389.59576 0.08048 270.76618 1.00000 0.00138 -999 277.27265
0.04817 0.91440 -0.01844 0.01718 383.24338 0.07503 270.66691 1.00000 0.00130 -999 277.26984
0.04957 0.91440 -0.01879 0.00888 378.19522 0.07079 270.58501 1.00000 0.00124 -999 277.21794
0.04957 0.91440 -0.01879 0.00888 378.19516 0.07079 270.58500 1.00000 0.00124 -999 277.21794
0.04957 0.91440 -0.01879 0.00888 378.19510 0.07079 270.58500 1.00000 0.00124 -999 277.21794
0.05097 0.91440 -0.01914 0.00085 370.40083 0.06468 270.46996 1.00000 0.00114 -999 277.13521
0.05097 0.91440 -0.01914 0.00085 370.40080 0.06468 270.46996 1.00000 0.00114 -999 277.13521
0.05238 0.91440 -0.01948 -0.00680 364.75528 0.06026 270.38328 1.00000 0.00107 -999 277.03029
0.05238 0.91440 -0.01948 -0.00680 364.75524 0.06026 270.38328 1.00000 0.00107 -999 277.03029
0.05379 0.91440 -0.01981 -0.01416 360.96383 0.05727 270.32224 1.00000 0.00103 -999 276.90745
0.05379 0.91440 -0.01981 -0.01416 360.96378 0.05727 270.32224 1.00000 0.00103 -999 276.90745
0.05519 0.91440 -0.02014 -0.02120 355.11810 0.05295 270.23382 1.00000 0.00096 -999 276.76746
0.05519 0.91440 -0.02014 -0.02120 355.11806 0.05295 270.23382 1.00000 0.00096 -999 276.76746
0.05660 0.91440 -0.02046 -0.02792 352.35899 0.05084 270.18818 1.00000 0.00092 -999 276.60899
0.05660 0.91440 -0.02046 -0.02792 352.35896 0.05084 270.18818 1.00000 0.00092 -999 276.60899
0.05802 0.91440 -0.02078 -0.03439 346.38967 0.04661 270.09877 1.00000 0.00085 -999 276.41339
0.05802 0.91440 -0.02078 -0.03439 346.38968 0.04661 270.09877 1.00000 0.00085 -999 276.41339
0.05943 0.91440 -0.02109 -0.04057 345.82224 0.04611 270.08536 1.00000 0.00085 -999 276.23458
0.06084 0.91440 -0.02139 -0.04656 346.16313 0.04628 270.08557 1.00000 0.00086 -999 276.04274
0.06084 0.91440 -0.02139 -0.04656 346.16311 0.04628 270.08557 1.00000 0.00086 -999 276.04274
0.06084 0.91440 -0.02139 -0.04656 346.16308 0.04628 270.08557 1.00000 0.00086 -999 276.04274
0.06226 0.91440 -0.02169 -0.05236 342.20082 0.04355 270.02696 1.00000 0.00081 -999 275.79180
0.06226 0.91440 -0.02169 -0.05236 342.20083 0.04355 270.02696 1.00000 0.00081 -999 275.79180
0.06367 0.91440 -0.02199 -0.05792 340.68373 0.04252 270.00266 1.00000 0.00079 -999 275.54338
0.06367 0.91440 -0.02199 -0.05792 340.68372 0.04252 270.00266 1.00000 0.00079 -999 275.54338
0.06509 0.91440 -0.02228 -0.06324 340.09143 0.04213 269.99204 1.00000 0.00079 -999 275.27535
0.06651 0.91440 -0.02256 -0.06835 338.44378 0.04108 269.96741 1.00000 0.00078 -999 274.98760
0.06651 0.91440 -0.02256 -0.06835 338.44377 0.04108 269.96741 1.00000 0.00078 -999 274.98759
0.06651 0.91440 -0.02256 -0.06835 338.44375 0.04108 269.96741 1.00000 0.00078 -999 274.98759
0.06793 0.91440 -0.02284 -0.07328 335.85023 0.03944 269.93048 1.00000 0.00075 -999 274.68035
0.06793 0.91440 -0.02284 -0.07328 335.85023 0.03944 269.93048 1.00000 0.00075 -999 274.68034
0.06935 0.91440 -0.02312 -0.07802 335.02498 0.03899 269.91912 1.00000 0.00074 -999 274.35419
0.06935 0.91440 -0.02312 -0.07802 335.02496 0.03899 269.91912 1.00000 0.00074 -999 274.35419
0.07077 0.91440 -0.02339 -0.08260 333.11933 0.03786 269.89263 1.00000 0.00072 -999 274.00991
0.07077 0.91440 -0.02339 -0.08260 333.11931 0.03786 269.89263 1.00000 0.00072 -999 274.00990
0.07219 0.91440 -0.02365 -0.08702 329.58759 0.03570 269.84427 1.00000 0.00069 -999 273.64818
0.07219 0.91440 -0.02365 -0.08702 329.58759 0.03570 269.84427 1.00000 0.00069 -999 273.64818
0.07361 0.91440 -0.02391 -0.09129 331.05451 0.03680 269.86721 1.00000 0.00071 -999 273.26963
0.07361 0.91440 -0.02391 -0.09129 331.05450 0.03680 269.86721 1.00000 0.00071 -999 273.26963
0.07503 0.91440 -0.02417 -0.09541 328.54929 0.03537 269.83419 1.00000 0.00068 -999 272.87486
0.07503 0.91440 -0.02417 -0.09541 328.54927 0.03537 269.83419 1.00000 0.00068 -999 272.87486
0.07646 0.91440 -0.02442 -0.09937 326.03874 0.03394 269.80181 1.00000 0.00066 -999 272.46470
0.07646 0.91440 -0.02442 -0.09937 326.03873 0.03394 269.80181 1.00000 0.00066 -999 272.46470
0.07788 0.91440 -0.02467 -0.10320 325.05350 0.03352 269.79135 1.00000 0.00065 -999 272.04008
0.07788 0.91440 -0.02467 -0.10320 325.05349 0.03352 269.79135 1.00000 0.00065 -999 272.04007
0.07931 0.91440 -0.02492 -0.10689 322.16482 0.03190 269.75366 1.00000 0.00062 -999 271.60207
0.08073 0.91440 -0.02516 -0.11042 320.78158 0.03125 269.73894 1.00000 0.00061 -999 271.15307
0.08073 0.91440 -0.02516 -0.11042 320.78158 0.03125 269.73894 1.00000 0.00061 -999 271.15306
0.08073 0.91440 -0.02516 -0.11042 320.78157 0.03125 269.73894 1.00000 0.00061 -999 271.15306
0.08216 0.91440 -0.02540 -0.11384 320.39080 0.03125 269.73846 1.00000 0.00062 -999 270.69668
0.08216 0.91440 -0.02540 -0.11384 320.39077 0.03125 269.73846 1.00000 0.00062 -999 270.69668
0.08359 0.91440 -0.02563 -0.11714 318.79876 0.03050 269.71974 1.00000 0.00060 -999 270.23677
0.08359 0.91440 -0.02563 -0.11714 318.79874 0.03050 269.71974 1.00000 0.00060 -999 270.23677
0.08501 0.91440 -0.02586 -0.12036 314.25453 0.02788 269.65861 1.00000 0.00055 -999 269.77477
0.08501 0.91440 -0.02586 -0.12036 314.25452 0.02788 269.65861 1.00000 0.00055 -999 269.77477
0.08644 0.91440 -0.02609 -0.12348 314.87544 0.02854 269.67385 1.00000 0.00057 -999 269.30774
0.08787 0.91440 -0.02631 -0.12641 314.23570 0.02841 269.67118 1.00000 0.00057 -999 268.83212
0.08787 0.91440 -0.02631 -0.12641 314.23570 0.02841 269.67118 1.00000 0.00057 -999 268.83212
0.08787 0.91440 -0.02631 -0.12641 314.23568 0.02841 269.67118 1.00000 0.00057 -999 268.83211
0.08937 0.91440 -0.02654 -0.12939 311.32183 0.02686 269.63413 1.00000 0.00054 -999 268.34240
0.08937 0.91440 -0.02654 -0.12939 311.32182 0.02686 269.63413 1.00000 0.00054 -999 268.34240
0.09095 0.91440 -0.02678 -0.13247 309.75019 0.02621 269.61823 1.00000 0.00052 -999 267.77604
0.09095 0.91440 -0.02678 -0.13247 309.75019 0.02621 269.61823 1.00000 0.00052 -999 267.77603
0.09260 0.91440 -0.02702 -0.13546 307.37054 0.02500 269.58941 1.00000 0.00050 -999 267.28400
0.09434 0.91440 -0.02728 -0.13853 306.00036 0.02449 269.57645 1.00000 0.00049 -999 266.71774
0.09434 0.91440 -0.02728 -0.13853 306.00033 0.02449 269.57645 1.00000 0.00049 -999 266.71773
0.09434 0.91440 -0.02728 -0.13853 306.00031 0.02449 269.57645 1.00000 0.00049 -999 266.71773
0.09617 0.91440 -0.02754 -0.14165 303.12375 0.02312 269.54295 1.00000 0.00047 -999 266.00037
0.09617 0.91440 -0.02754 -0.14165 303.12373 0.02312 269.54295 1.00000 0.00047 -999 266.00037
0.09809 0.91440 -0.02780 -0.14479 300.61922 0.02192 269.51325 1.00000 0.00044 -999 265.38978
0.09809 0.91440 -0.02780 -0.14479 300.61921 0.02192 269.51325 1.00000 0.00044 -999 265.38977
0.10011 0.91440 -0.02808 -0.14782 299.75019 0.02177 269.50956 1.00000 0.00044 -999 264.75725
0.10011 0.91440 -0.02808 -0.14782 299.75017 0.02177 269.50956 1.00000 0.00044 -999 264.75725
0.10222 0.91440 -0.02836 -0.15095 297.36679 0.02059 269.47967 1.00000 0.00042 -999 264.24951
0.10445 0.91440 -0.02865 -0.15403 295.51972 0.01986 269.46125 1.00000 0.00040 -999 263.57106
0.10445 0.91440 -0.02865 -0.15403 295.51970 0.01986 269.46125 1.00000 0.00040 -999 263.57105
0.10445 0.91440 -0.02865 -0.15403 295.51969 0.01986 269.46125 1.00000 0.00040 -999 263.57105
0.10679 0.91440 -0.02894 -0.15701 292.84360 0.01873 269.43208 1.00000 0.00038 -999 262.70596
0.10679 0.91440 -0.02894 -0.15701 292.84357 0.01873 269.43208 1.00000 0.00038 -999 262.70596
0.10924 0.91440 -0.02925 -0.15998 289.63955 0.01719 269.39207 1.00000 0.00035 -999 261.97674
0.10924 0.91440 -0.02925 -0.15998 289.63953 0.01719 269.39207 1.00000 0.00035 -999 261.97673
0.11182 0.91440 -0.02956 -0.16290 287.80705 0.01651 269.37436 1.00000 0.00034 -999 261.24581
0.11182 0.91440 -0.02956 -0.16290 287.80703 0.01651 269.37435 1.00000 0.00034 -999 261.24581
0.11438 0.91440 -0.02986 -0.16572 284.47511 0.01489 269.33069 1.00000 0.00031 -999 260.52242
0.11438 0.91440 -0.02986 -0.16572 284.47510 0.01489 269.33069 1.00000 0.00031 -999 260.52242
0.11693 0.91440 -0.03015 -0.16822 282.24533 0.01395 269.30503 1.00000 0.00029 -999 259.81697
0.11693 0.91440 -0.03015 -0.16822 282.24532 0.01395 269.30503 1.00000 0.00029 -999 259.81696
0.11949 0.91440 -0.03043 -0.17062 281.38571 0.01375 269.30009 1.00000 0.00028 -999 259.28063
0.12205 0.91440 -0.03070 -0.17280 279.65513 0.01310 269.28242 1.00000 0.00027 -999 258.61293
0.12205 0.91440 -0.03070 -0.17280 279.65511 0.01310 269.28242 1.00000 0.00027 -999 258.61292
0.12205 0.91440 -0.03070 -0.17280 279.65509 0.01310 269.28242 1.00000 0.00027 -999 258.61292
0.12461 0.91440 -0.03097 -0.17487 276.88895 0.01188 269.24878 1.00000 0.00025 -999 257.82112
0.12461 0.91440 -0.03097 -0.17487 276.88893 0.01188 269.24878 1.00000 0.00025 -999 257.82112
0.12717 0.91440 -0.03123 -0.17679 275.00147 0.01102 269.22433 1.00000 0.00023 -999 257.33212
0.12974 0.91440 -0.03148 -0.17859 273.37681 0.01031 269.20428 1.00000 0.00021 -999 256.85334
0.12974 0.91440 -0.03148 -0.17859 273.37680 0.01031 269.20428 1.00000 0.00021 -999 256.85333
0.13230 0.91440 -0.03172 -0.18020 271.14752 0.00936 269.17669 1.00000 0.00020 -999 256.16757
0.13230 0.91440 -0.03172 -0.18020 271.14751 0.00936 269.17669 1.00000 0.00020 -999 256.16756
0.13230 0.91440 -0.03172 -0.18020 271.14750 0.00936 269.17669 1.00000 0.00020 -999 256.16756
0.13486 0.91440 -0.03196 -0.18167 269.07183 0.00843 269.15005 1.00000 0.00018 -999 255.58592
0.13743 0.91440 -0.03219 -0.18303 268.47969 0.00841 269.14981 1.00000 0.00018 -999 255.03741
0.13743 0.91440 -0.03219 -0.18303 268.47967 0.00841 269.14981 1.00000 0.00018 -999 255.03740
0.13999 0.91440 -0.03242 -0.18430 265.68828 0.00714 269.11239 1.00000 0.00015 -999 254.30152
0.13999 0.91440 -0.03242 -0.18430 265.68826 0.00714 269.11239 1.00000 0.00015 -999 254.30152
0.13999 0.91440 -0.03242 -0.18430 265.68825 0.00714 269.11239 1.00000 0.00015 -999 254.30151
0.14255 0.91440 -0.03263 -0.18551 263.95218 0.00644 269.09122 1.00000 0.00013 -999 253.69410
0.14512 0.91440 -0.03285 -0.18654 261.21969 0.00503 269.04905 1.00000 0.00011 -999 253.21366
0.14512 0.91440 -0.03285 -0.18654 261.21967 0.00503 269.04905 1.00000 0.00011 -999 253.21365
0.14769 0.91440 -0.03305 -0.18744 260.67952 0.00509 269.05165 1.00000 0.00011 -999 252.58511
0.14769 0.91440 -0.03305 -0.18744 260.67951 0.00509 269.05165 1.00000 0.00011 -999 252.58511
0.15025 0.91440 -0.03325 -0.18829 259.31651 0.00470 269.04014 1.00000 0.00010 -999 251.86461
0.15025 0.91440 -0.03325 -0.18829 259.31651 0.00470 269.04014 1.00000 0.00010 -999 251.86461
0.15025 0.91440 -0.03325 -0.18829 259.31648 0.00470 269.04014 0.99999 0.00010 -999 251.86460
0.15282 0.91440 -0.03344 -0.18910 255.01215 0.00357 269.28939 0.00000 0.00005 -999 251.15297
0.15539 0.91440 -0.03363 -0.18973 250.49238 0.00249 269.43204 -0.99999 0.00000 -999 250.49235
0.15539 0.91440 -0.03363 -0.18973 250.49234 0.00249 269.43204 -1.00000 0.00000 -999 250.49234
0.15539 0.91440 -0.03363 -0.18973 250.49234 0.00249 269.43204 -1.00000 0.00000 -999 250.49234
0.15796 0.91440 -0.03381 -0.19029 249.82485 0.00227 269.52930 -1.00000 0.00000 -999 249.82485
0.15796 0.91440 -0.03381 -0.19029 249.82485 0.00227 269.52930 -1.00000 0.00000 -999 249.82484
0.16052 0.91440 -0.03399 -0.19086 249.15329 0.00129 269.95609 -1.00000 0.00000 -999 249.15328
0.16052 0.91440 -0.03399 -0.19086 249.15327 0.00129 269.95609 -1.00000 0.00000 -999 249.15327
0.16309 0.91440 -0.03416 -0.19124 248.47930 0.00059 270.26044 -1.00000 0.00000 -999 248.47930
0.16309 0.91440 -0.03416 -0.19124 248.47929 0.00059 270.26044 -1.00000 0.00000 -999 248.47929
0.16566 0.91440 -0.03432 -0.19157 247.80731 0.00076 270.18740 -1.00000 0.00000 -999 247.80731
0.16823 0.91440 -0.03448 -0.19190 247.14039 0.00000 270.52012 -1.00000 0.00000 -999 247.14039
0.16823 0.91440 -0.03448 -0.19190 247.14039 0.00000 270.52012 -1.00000 0.00000 -999 247.14039
0.16823 0.91440 -0.03448 -0.19190 247.14038 0.00000 270.52012 -1.00000 0.00000 -999 247.14038
0.17080 0.91440 -0.03464 -0.19207 246.48036 0.00000 270.52004 -1.00000 0.00000 -999 246.48036
0.17080 0.91440 -0.03464 -0.19207 246.48036 0.00000 270.52004 -1.00000 0.00000 -999 246.48036
0.17337 0.91440 -0.03479 -0.19221 245.83041 0.00000 270.51999 -1.00000 0.00000 -999 245.83041
0.17337 0.91440 -0.03479 -0.19221 245.83041 0.00000 270.51999 -1.00000 0.00000 -999 245.83041
0.17594 0.91440 -0.03493 -0.19233 245.19193 0.00000 270.51995 -1.00000 0.00000 -999 245.19193
0.17851 0.91440 -0.03507 -0.19230 244.56592 0.00000 270.51995 -1.00000 0.00000 -999 244.56592
0.17851 0.91440 -0.03507 -0.19230 244.56591 0.00000 270.51995 -1.00000 0.00000 -999 244.56591
0.17851 0.91440 -0.03507 -0.19230 244.56591 0.00000 270.51995 -1.00000 0.00000 -999 244.56591
0.18108 0.91440 -0.03521 -0.19229 243.95341 0.00000 270.51996 -1.00000 0.00000 -999 243.95341
0.18108 0.91440 -0.03521 -0.19229 243.95341 0.00000 270.51996 -1.00000 0.00000 -999 243.95341
0.18365 0.91440 -0.03534 -0.19218 243.43300 0.00000 270.51999 -1.00000 0.00000 -999 243.43300
0.18622 0.91440 -0.03546 -0.19202 242.82443 0.00000 270.52006 -1.00000 0.00000 -999 242.82443
0.18622 0.91440 -0.03546 -0.19202 242.82443 0.00000 270.52006 -1.00000 0.00000 -999 242.82443
0.18879 0.91440 -0.03559 -0.19184 242.19656 0.00000 270.52014 -1.00000 0.00000 -999 242.19656
0.18879 0.91440 -0.03559 -0.19184 242.19656 0.00000 270.52014 -1.00000 0.00000 -999 242.19656
0.19137 0.91440 -0.03570 -0.19157 241.63568 0.00000 270.52025 -1.00000 0.00000 -999 241.63568
0.19137 0.91440 -0.03570 -0.19157 241.63568 0.00000 270.52025 -1.00000 0.00000 -999 241.63568
0.19394 0.91440 -0.03582 -0.19129 241.08478 0.00000 270.52036 -1.00000 0.00000 -999 241.08478
0.19394 0.91440 -0.03582 -0.19129 241.08477 0.00000 270.52036 -1.00000 0.00000 -999 241.08477
0.19651 0.91440 -0.03592 -0.19092 240.54225 0.00000 270.52051 -1.00000 0.00000 -999 240.54225
0.19651 0.91440 -0.03592 -0.19092 240.54225 0.00000 270.52051 -1.00000 0.00000 -999 240.54225
0.19908 0.91440 -0.03603 -0.19055 240.00676 0.00000 270.52066 -1.00000 0.00000 -999 240.00676
0.19908 0.91440 -0.03603 -0.19055 240.00676 0.00000 270.52066 -1.00000 0.00000 -999 240.00676
0.20165 0.91440 -0.03613 -0.19011 239.47674 0.00000 270.52084 -1.00000 0.00000 -999 239.47674
0.20165 0.91440 -0.03613 -0.19011 239.47674 0.00000 270.52084 -1.00000 0.00000 -999 239.47674
0.20423 0.91440 -0.03622 -0.18964 238.95080 0.00000 270.52103 -1.00000 0.00000 -999 238.95080
0.20423 0.91440 -0.03622 -0.18964 238.95080 0.00000 270.52103 -1.00000 0.00000 -999 238.95080
0.20680 0.91440 -0.03632 -0.18914 238.42744 0.00000 270.52123 -1.00000 0.00000 -999 238.42744
0.20680 0.91440 -0.03632 -0.18914 238.42743 0.00000 270.52123 -1.00000 0.00000 -999 238.42743
0.20680 0.91440 -0.03632 -0.18914 238.42743 0.00000 270.52123 -1.00000 0.00000 -999 238.42743
0.20937 0.91440 -0.03641 -0.18859 237.90550 0.00000 270.52145 -1.00000 0.00000 -999 237.90550
0.21195 0.91440 -0.03649 -0.18801 237.38410 0.00000 270.52169 -1.00000 0.00000 -999 237.38410
0.21195 0.91440 -0.03649 -0.18801 237.38409 0.00000 270.52169 -1.00000 0.00000 -999 237.38409
0.21452 0.91440 -0.03657 -0.18738 236.86285 0.00000 270.52194 -1.00000 0.00000 -999 236.86285
0.21452 0.91440 -0.03657 -0.18738 236.86285 0.00000 270.52194 -1.00000 0.00000 -999 236.86285
0.21709 0.91440 -0.03665 -0.18674 236.34156 0.00000 270.52220 -1.00000 0.00000 -999 236.34156
0.21709 0.91440 -0.03665 -0.18674 236.34155 0.00000 270.52220 -1.00000 0.00000 -999 236.34155
0.21966 0.91440 -0.03672 -0.18606 235.81984 0.00000 270.52247 -1.00000 0.00000 -999 235.81984
0.21966 0.91440 -0.03672 -0.18606 235.81984 0.00000 270.52247 -1.00000 0.00000 -999 235.81984
0.22224 0.91440 -0.03679 -0.18536 235.29763 0.00000 270.52276 -1.00000 0.00000 -999 235.29763
0.22224 0.91440 -0.03679 -0.18536 235.29763 0.00000 270.52276 -1.00000 0.00000 -999 235.29763
0.22481 0.91440 -0.03686 -0.18462 234.77495 0.00000 270.52306 -1.00000 0.00000 -999 234.77495
0.22481 0.91440 -0.03686 -0.18462 234.77495 0.00000 270.52306 -1.00000 0.00000 -999 234.77495
0.22738 0.91440 -0.03692 -0.18385 234.25218 0.00000 270.52337 -1.00000 0.00000 -999 234.25218
0.22738 0.91440 -0.03692 -0.18385 234.25217 0.00000 270.52337 -1.00000 0.00000 -999 234.25217
0.22738 0.91440 -0.03692 -0.18385 234.25217 0.00000 270.52337 -1.00000 0.00000 -999 234.25217
0.22996 0.91440 -0.03698 -0.18306 233.72999 0.00000 270.52369 -1.00000 0.00000 -999 233.72999
0.23253 0.91440 -0.03703 -0.18224 233.20933 0.00000 270.52402 -1.00000 0.00000 -999 233.20933
0.23253 0.91440 -0.03703 -0.18224 233.20932 0.00000 270.52402 -1.00000 0.00000 -999 233.20932
0.23511 0.91440 -0.03709 -0.18141 232.69066 0.00000 270.52435 -1.00000 0.00000 -999 232.69066
0.23511 0.91440 -0.03709 -0.18141 232.69066 0.00000 270.52435 -1.00000 0.00000 -999 232.69066
0.23768 0.91440 -0.03714 -0.18053 232.17451 0.00000 270.52471 -1.00000 0.00000 -999 232.17451
0.23768 0.91440 -0.03714 -0.18053 232.17450 0.00000 270.52471 -1.00000 0.00000 -999 232.17450
0.23768 0.91440 -0.03714 -0.18053 232.17450 0.00000 270.52471 -1.00000 0.00000 -999 232.17450
0.24025 0.91440 -0.03718 -0.17964 231.66171 0.00000 270.52507 -1.00000 0.00000 -999 231.66171
0.24283 0.91440 -0.03723 -0.17873 231.15299 0.00000 270.52543 -1.00000 0.00000 -999 231.15299
0.24283 0.91440 -0.03723 -0.17873 231.15299 0.00000 270.52543 -1.00000 0.00000 -999 231.15299
0.24540 0.91440 -0.03727 -0.17779 230.64924 0.00000 270.52581 -1.00000 0.00000 -999 230.64924
0.24540 0.91440 -0.03727 -0.17779 230.64923 0.00000 270.52581 -1.00000 0.00000 -999 230.64923
0.24798 0.91440 -0.03730 -0.17684 230.10402 0.00000 270.52624 -1.00000 0.00000 -999 230.10402
0.24798 0.91440 -0.03730 -0.17684 230.10402 0.00000 270.52624 -1.00000 0.00000 -999 230.10402
0.24798 0.91440 -0.03730 -0.17684 230.10402 0.00000 270.52624 -1.00000 0.00000 -999 230.10402
0.25055 0.91440 -0.03734 -0.17586 229.65901 0.00000 270.52659 -1.00000 0.00000 -999 229.65901
0.25312 0.91440 -0.03737 -0.17488 229.28113 0.00000 270.52690 -1.00000 0.00000 -999 229.28113
0.25312 0.91440 -0.03737 -0.17488 229.28113 0.00000 270.52690 -1.00000 0.00000 -999 229.28113
0.25570 0.91440 -0.03740 -0.17385 228.69593 0.00000 270.52740 -1.00000 0.00000 -999 228.69593
0.25570 0.91440 -0.03740 -0.17385 228.69593 0.00000 270.52740 -1.00000 0.00000 -999 228.69593
0.25570 0.91440 -0.03740 -0.17385 228.69593 0.00000 270.52740 -1.00000 0.00000 -999 228.69593
0.25827 0.91440 -0.03742 -0.17283 228.12066 0.00000 270.52791 -1.00000 0.00000 -999 228.12066
0.25827 0.91440 -0.03742 -0.17283 228.12066 0.00000 270.52791 -1.00000 0.00000 -999 228.12066
0.26085 0.91440 -0.03744 -0.17177 227.65836 0.00000 270.52834 -1.00000 0.00000 -999 227.65836
0.26085 0.91440 -0.03744 -0.17177 227.65836 0.00000 270.52834 -1.00000 0.00000 -999 227.65836
0.26342 0.91440 -0.03746 -0.17072 227.20318 0.00000 270.52877 -1.00000 0.00000 -999 227.20318
0.26342 0.91440 -0.03746 -0.17072 227.20318 0.00000 270.52877 -1.00000 0.00000 -999 227.20318
0.26599 0.91440 -0.03748 -0.16962 226.85404 0.00000 270.52911 -1.00000 0.00000 -999 226.85404
0.26857 0.91440 -0.03750 -0.16854 226.41171 0.00000 270.52955 -1.00000 0.00000 -999 226.41171
0.26857 0.91440 -0.03750 -0.16854 226.41171 0.00000 270.52955 -1.00000 0.00000 -999 226.41171
0.26857 0.91440 -0.03750 -0.16854 226.41171 0.00000 270.52955 -1.00000 0.00000 -999 226.41171
0.27114 0.91440 -0.03751 -0.16742 225.87905 0.00000 270.53010 -1.00000 0.00000 -999 225.87905
0.27114 0.91440 -0.03751 -0.16742 225.87905 0.00000 270.53010 -1.00000 0.00000 -999 225.87905
0.27372 0.91440 -0.03752 -0.16629 225.45026 0.00000 270.53056 -1.00000 0.00000 -999 225.45026
0.27372 0.91440 -0.03752 -0.16629 225.45025 0.00000 270.53056 -1.00000 0.00000 -999 225.45025
0.27629 0.91440 -0.03752 -0.16515 225.02696 0.00000 270.53103 -1.00000 0.00000 -999 225.02696
0.27629 0.91440 -0.03752 -0.16515 225.02696 0.00000 270.53103 -1.00000 0.00000 -999 225.02696
0.27887 0.91440 -0.03753 -0.16398 224.60887 0.00000 270.53149 -1.00000 0.00000 -999 224.60887
0.27887 0.91440 -0.03753 -0.16398 224.60887 0.00000 270.53149 -1.00000 0.00000 -999 224.60887
0.28144 0.91440 -0.03753 -0.16282 224.19542 0.00000 270.53197 -1.00000 0.00000 -999 224.19542
0.28144 0.91440 -0.03753 -0.16282 224.19542 0.00000 270.53197 -1.00000 0.00000 -999 224.19542
0.28401 0.91440 -0.03753 -0.16163 223.78611 0.00000 270.53245 -1.00000 0.00000 -999 223.78611
0.28401 0.91440 -0.03753 -0.16163 223.78610 0.00000 270.53245 -1.00000 0.00000 -999 223.78610
0.28659 0.91440 -0.03753 -0.16044 223.38022 0.00000 270.53293 -1.00000 0.00000 -999 223.38022
0.28659 0.91440 -0.03753 -0.16044 223.38022 0.00000 270.53293 -1.00000 0.00000 -999 223.38022
0.28916 0.91440 -0.03752 -0.15922 223.06666 0.00000 270.53331 -1.00000 0.00000 -999 223.06666
0.29174 0.91440 -0.03751 -0.15801 222.75430 0.00000 270.53369 -1.00000 0.00000 -999 222.75430
0.29174 0.91440 -0.03751 -0.15801 222.75429 0.00000 270.53370 -1.00000 0.00000 -999 222.75429
0.29431 0.91440 -0.03750 -0.15676 222.35464 0.00000 270.53419 -1.00000 0.00000 -999 222.35464
0.29431 0.91440 -0.03750 -0.15676 222.35464 0.00000 270.53419 -1.00000 0.00000 -999 222.35464
0.29689 0.91440 -0.03749 -0.15553 221.95648 0.00000 270.53469 -1.00000 0.00000 -999 221.95648
0.29689 0.91440 -0.03749 -0.15553 221.95648 0.00000 270.53469 -1.00000 0.00000 -999 221.95648
0.29946 0.91440 -0.03747 -0.15426 221.55927 0.00000 270.53520 -1.00000 0.00000 -999 221.55927
0.29946 0.91440 -0.03747 -0.15426 221.55927 0.00000 270.53520 -1.00000 0.00000 -999 221.55927
0.30203 0.91440 -0.03746 -0.15300 221.16274 0.00000 270.53571 -1.00000 0.00000 -999 221.16274
0.30203 0.91440 -0.03746 -0.15300 221.16273 0.00000 270.53571 -1.00000 0.00000 -999 221.16273
0.30461 0.91440 -0.03744 -0.15171 220.71601 0.00000 270.53629 -1.00000 0.00000 -999 220.71601
0.30461 0.91440 -0.03744 -0.15171 220.71601 0.00000 270.53629 -1.00000 0.00000 -999 220.71601
0.30718 0.91440 -0.03742 -0.15042 220.28190 0.00000 270.53686 -1.00000 0.00000 -999 220.28190
0.30718 0.91440 -0.03742 -0.15042 220.28190 0.00000 270.53686 -1.00000 0.00000 -999 220.28190
0.30718 0.91440 -0.03742 -0.15042 220.28190 0.00000 270.53686 -1.00000 0.00000 -999 220.28190
0.30976 0.91440 -0.03739 -0.14912 219.88512 0.00000 270.53739 -1.00000 0.00000 -999 219.88512
0.30976 0.91440 -0.03739 -0.14912 219.88512 0.00000 270.53739 -1.00000 0.00000 -999 219.88512
0.31233 0.91440 -0.03737 -0.14780 219.48790 0.00000 270.53792 -1.00000 0.00000 -999 219.48790
0.31233 0.91440 -0.03737 -0.14780 219.48790 0.00000 270.53792 -1.00000 0.00000 -999 219.48790
0.31490 0.91440 -0.03734 -0.14648 219.09007 0.00000 270.53846 -1.00000 0.00000 -999 219.09007
0.31490 0.91440 -0.03734 -0.14648 219.09007 0.00000 270.53846 -1.00000 0.00000 -999 219.09007
0.31748 0.91440 -0.03731 -0.14514 218.69154 0.00000 270.53899 -1.00000 0.00000 -999 218.69154
0.31748 0.91440 -0.03731 -0.14514 218.69154 0.00000 270.53899 -1.00000 0.00000 -999 218.69154
0.32005 0.91440 -0.03728 -0.14379 218.29228 0.00000 270.53954 -1.00000 0.00000 -999 218.29228
0.32005 0.91440 -0.03728 -0.14379 218.29228 0.00000 270.53954 -1.00000 0.00000 -999 218.29228
0.32263 0.91440 -0.03724 -0.14244 217.89223 0.00000 270.54009 -1.00000 0.00000 -999 217.89223
0.32263 0.91440 -0.03724 -0.14244 217.89223 0.00000 270.54009 -1.00000 0.00000 -999 217.89223
0.32520 0.91440 -0.03721 -0.14107 217.49144 0.00000 270.54064 -1.00000 0.00000 -999 217.49144
0.32520 0.91440 -0.03721 -0.14107 217.49144 0.00000 270.54064 -1.00000 0.00000 -999 217.49144
0.32777 0.91440 -0.03717 -0.13969 217.08995 0.00000 270.54119 -1.00000 0.00000 -999 217.08995
0.32777 0.91440 -0.03717 -0.13969 217.08995 0.00000 270.54119 -1.00000 0.00000 -999 217.08995
0.33035 0.91440 -0.03713 -0.13830 216.68799 0.00000 270.54176 -1.00000 0.00000 -999 216.68799
0.33035 0.91440 -0.03713 -0.13830 216.68799 0.00000 270.54176 -1.00000 0.00000 -999 216.68799
0.33292 0.91440 -0.03709 -0.13690 216.28560 0.00000 270.54232 -1.00000 0.00000 -999 216.28560
0.33292 0.91440 -0.03709 -0.13690 216.28560 0.00000 270.54232 -1.00000 0.00000 -999 216.28560
0.33550 0.91440 -0.03704 -0.13548 215.88290 0.00000 270.54289 -1.00000 0.00000 -999 215.88290
0.33550 0.91440 -0.03704 -0.13548 215.88289 0.00000 270.54289 -1.00000 0.00000 -999 215.88289
0.33807 0.91440 -0.03700 -0.13405 215.48015 0.00000 270.54347 -1.00000 0.00000 -999 215.48015
0.33807 0.91440 -0.03700 -0.13405 215.48014 0.00000 270.54347 -1.00000 0.00000 -999 215.48014
0.34064 0.91440 -0.03695 -0.13262 215.07744 0.00000 270.54405 -1.00000 0.00000 -999 215.07744
0.34064 0.91440 -0.03695 -0.13262 215.07743 0.00000 270.54405 -1.00000 0.00000 -999 215.07743
0.34322 0.91440 -0.03690 -0.13116 214.67509 0.00000 270.54463 -1.00000 0.00000 -999 214.67509
0.34322 0.91440 -0.03690 -0.13116 214.67508 0.00000 270.54463 -1.00000 0.00000 -999 214.67508
0.34579 0.91440 -0.03685 -0.12971 214.27341 0.00000 270.54522 -1.00000 0.00000 -999 214.27341
0.34579 0.91440 -0.03685 -0.12971 214.27341 0.00000 270.54522 -1.00000 0.00000 -999 214.27341
0.34837 0.91440 -0.03680 -0.12823 213.87293 0.00000 270.54581 -1.00000 0.00000 -999 213.87293
0.34837 0.91440 -0.03680 -0.12823 213.87293 0.00000 270.54581 -1.00000 0.00000 -999 213.87293
0.35094 0.91440 -0.03674 -0.12676 213.47196 0.00000 270.54641 -1.00000 0.00000 -999 213.47196
0.35094 0.91440 -0.03674 -0.12676 213.47196 0.00000 270.54641 -1.00000 0.00000 -999 213.47196
0.35351 0.91440 -0.03668 -0.12522 213.07062 0.00000 270.54703 -1.00000 0.00000 -999 213.07062
0.35351 0.91440 -0.03668 -0.12522 213.07062 0.00000 270.54703 -1.00000 0.00000 -999 213.07062
0.35609 0.91440 -0.03663 -0.12368 212.67217 0.00000 270.54764 -1.00000 0.00000 -999 212.67217
0.35609 0.91440 -0.03663 -0.12368 212.67216 0.00000 270.54764 -1.00000 0.00000 -999 212.67216
0.35866 0.91440 -0.03657 -0.12220 212.27606 0.00000 270.54825 -1.00000 0.00000 -999 212.27606
0.35866 0.91440 -0.03657 -0.12220 212.27606 0.00000 270.54825 -1.00000 0.00000 -999 212.27606
0.36123 0.91440 -0.03650 -0.12065 211.88033 0.00000 270.54887 -1.00000 0.00000 -999 211.88033
0.36123 0.91440 -0.03650 -0.12065 211.88032 0.00000 270.54887 -1.00000 0.00000 -999 211.88032
0.36381 0.91440 -0.03644 -0.11906 211.48665 0.00000 270.54950 -1.00000 0.00000 -999 211.48665
0.36381 0.91440 -0.03644 -0.11906 211.48665 0.00000 270.54950 -1.00000 0.00000 -999 211.48665
0.36638 0.91440 -0.03637 -0.11751 211.09533 0.00000 270.55014 -1.00000 0.00000 -999 211.09533
0.36638 0.91440 -0.03637 -0.11751 211.09533 0.00000 270.55014 -1.00000 0.00000 -999 211.09533
0.36895 0.91440 -0.03631 -0.11593 210.70431 0.00000 270.55077 -1.00000 0.00000 -999 210.70431
0.36895 0.91440 -0.03631 -0.11593 210.70431 0.00000 270.55077 -1.00000 0.00000 -999 210.70431
0.37153 0.91440 -0.03624 -0.11429 210.31518 0.00000 270.55143 -1.00000 0.00000 -999 210.31518
0.37153 0.91440 -0.03624 -0.11429 210.31518 0.00000 270.55143 -1.00000 0.00000 -999 210.31518
0.37410 0.91440 -0.03617 -0.11268 209.92861 0.00000 270.55208 -1.00000 0.00000 -999 209.92861
0.37410 0.91440 -0.03617 -0.11268 209.92860 0.00000 270.55208 -1.00000 0.00000 -999 209.92860
0.37667 0.91440 -0.03609 -0.11106 209.54248 0.00000 270.55274 -1.00000 0.00000 -999 209.54248
0.37667 0.91440 -0.03609 -0.11106 209.54248 0.00000 270.55274 -1.00000 0.00000 -999 209.54248
0.37925 0.91440 -0.03602 -0.10936 209.15836 0.00000 270.55341 -1.00000 0.00000 -999 209.15836
0.37925 0.91440 -0.03602 -0.10936 209.15836 0.00000 270.55341 -1.00000 0.00000 -999 209.15836
0.38182 0.91440 -0.03594 -0.10771 208.77590 0.00000 270.55408 -1.00000 0.00000 -999 208.77590
0.38182 0.91440 -0.03594 -0.10771 208.77590 0.00000 270.55408 -1.00000 0.00000 -999 208.77590
0.38439 0.91440 -0.03587 -0.10600 208.39374 0.00000 270.55477 -1.00000 0.00000 -999 208.39374
0.38439 0.91440 -0.03587 -0.10600 208.39374 0.00000 270.55477 -1.00000 0.00000 -999 208.39374
0.38697 0.91440 -0.03579 -0.10426 208.01416 0.00000 270.55546 -1.00000 0.00000 -999 208.01416
0.38697 0.91440 -0.03579 -0.10426 208.01416 0.00000 270.55546 -1.00000 0.00000 -999 208.01416
0.38954 0.91440 -0.03571 -0.10257 207.63495 0.00000 270.55616 -1.00000 0.00000 -999 207.63495
0.38954 0.91440 -0.03571 -0.10257 207.63494 0.00000 270.55616 -1.00000 0.00000 -999 207.63494
0.39211 0.91440 -0.03562 -0.10077 207.25542 0.00000 270.55687 -1.00000 0.00000 -999 207.25542
0.39211 0.91440 -0.03562 -0.10077 207.25542 0.00000 270.55687 -1.00000 0.00000 -999 207.25542
0.39468 0.91440 -0.03554 -0.09897 206.84111 0.00000 270.55767 -1.00000 0.00000 -999 206.84111
0.39468 0.91440 -0.03554 -0.09897 206.84111 0.00000 270.55767 -1.00000 0.00000 -999 206.84111
0.39726 0.91440 -0.03545 -0.09718 206.44848 0.00000 270.55842 -1.00000 0.00000 -999 206.44848
0.39983 0.91440 -0.03537 -0.09532 206.17188 0.00000 270.55897 -1.00000 0.00000 -999 206.17188
0.39983 0.91440 -0.03537 -0.09532 206.17187 0.00000 270.55897 -1.00000 0.00000 -999 206.17187
0.40240 0.91440 -0.03528 -0.09349 205.82769 0.00000 270.55964 -1.00000 0.00000 -999 205.82769
0.40240 0.91440 -0.03528 -0.09349 205.82769 0.00000 270.55964 -1.00000 0.00000 -999 205.82769
0.40498 0.91440 -0.03519 -0.09157 205.44813 0.00000 270.56040 -1.00000 0.00000 -999 205.44813
0.40498 0.91440 -0.03519 -0.09157 205.44813 0.00000 270.56040 -1.00000 0.00000 -999 205.44813
0.40755 0.91440 -0.03509 -0.08965 205.06809 0.00000 270.56118 -1.00000 0.00000 -999 205.06809
0.40755 0.91440 -0.03509 -0.08965 205.06809 0.00000 270.56118 -1.00000 0.00000 -999 205.06809
0.41012 0.91440 -0.03500 -0.08771 204.68673 0.00000 270.56196 -1.00000 0.00000 -999 204.68673
0.41012 0.91440 -0.03500 -0.08771 204.68673 0.00000 270.56196 -1.00000 0.00000 -999 204.68673
0.41269 0.91440 -0.03490 -0.08572 204.30372 0.00000 270.56275 -1.00000 0.00000 -999 204.30372
0.41269 0.91440 -0.03490 -0.08572 204.30372 0.00000 270.56275 -1.00000 0.00000 -999 204.30372
0.41527 0.91440 -0.03481 -0.08371 203.91879 0.00000 270.56356 -1.00000 0.00000 -999 203.91879
0.41527 0.91440 -0.03481 -0.08371 203.91878 0.00000 270.56356 -1.00000 0.00000 -999 203.91878
0.41784 0.91440 -0.03471 -0.08165 203.53137 0.00000 270.56438 -1.00000 0.00000 -999 203.53137
0.41784 0.91440 -0.03471 -0.08165 203.53137 0.00000 270.56438 -1.00000 0.00000 -999 203.53137
0.42041 0.91440 -0.03461 -0.07957 203.14110 0.00000 270.56522 -1.00000 0.00000 -999 203.14110
0.42041 0.91440 -0.03461 -0.07957 203.14110 0.00000 270.56522 -1.00000 0.00000 -999 203.14110
0.42298 0.91440 -0.03450 -0.07744 202.69705 0.00000 270.56618 -1.00000 0.00000 -999 202.69705
0.42298 0.91440 -0.03450 -0.07744 202.69704 0.00000 270.56618 -1.00000 0.00000 -999 202.69704
0.42555 0.91440 -0.03440 -0.07528 202.26134 0.00000 270.56713 -1.00000 0.00000 -999 202.26134
0.42555 0.91440 -0.03440 -0.07528 202.26134 0.00000 270.56713 -1.00000 0.00000 -999 202.26134
0.42813 0.91440 -0.03430 -0.07308 201.85866 0.00000 270.56802 -1.00000 0.00000 -999 201.85866
0.42813 0.91440 -0.03430 -0.07308 201.85866 0.00000 270.56802 -1.00000 0.00000 -999 201.85866
0.42813 0.91440 -0.03430 -0.07308 201.85865 0.00000 270.56802 -1.00000 0.00000 -999 201.85865
0.43070 0.91440 -0.03419 -0.07082 201.45163 0.00000 270.56892 -1.00000 0.00000 -999 201.45163
0.43327 0.91440 -0.03408 -0.06854 201.03907 0.00000 270.56984 -1.00000 0.00000 -999 201.03907
0.43327 0.91440 -0.03408 -0.06854 201.03907 0.00000 270.56984 -1.00000 0.00000 -999 201.03907
0.43584 0.91440 -0.03397 -0.06618 200.62072 0.00000 270.57079 -1.00000 0.00000 -999 200.62072
0.43584 0.91440 -0.03397 -0.06618 200.62072 0.00000 270.57079 -1.00000 0.00000 -999 200.62072
0.43841 0.91440 -0.03386 -0.06380 200.19616 0.00000 270.57175 -1.00000 0.00000 -999 200.19616
0.43841 0.91440 -0.03386 -0.06380 200.19616 0.00000 270.57175 -1.00000 0.00000 -999 200.19616
0.44099 0.91440 -0.03374 -0.06135 199.76409 0.00000 270.57273 -1.00000 0.00000 -999 199.76409
0.44099 0.91440 -0.03374 -0.06135 199.76408 0.00000 270.57273 -1.00000 0.00000 -999 199.76408
0.44356 0.91440 -0.03363 -0.05882 199.32602 0.00000 270.57374 -1.00000 0.00000 -999 199.32602
0.44356 0.91440 -0.03363 -0.05882 199.32601 0.00000 270.57374 -1.00000 0.00000 -999 199.32601
0.44613 0.91440 -0.03351 -0.05630 198.87959 0.00000 270.57477 -1.00000 0.00000 -999 198.87959
0.44613 0.91440 -0.03351 -0.05630 198.87958 0.00000 270.57477 -1.00000 0.00000 -999 198.87958
0.44870 0.91440 -0.03339 -0.05365 198.42329 0.00000 270.57582 -1.00000 0.00000 -999 198.42329
0.44870 0.91440 -0.03339 -0.05365 198.42328 0.00000 270.57582 -1.00000 0.00000 -999 198.42328
0.45127 0.91440 -0.03327 -0.05094 197.95908 0.00000 270.57691 -1.00000 0.00000 -999 197.95908
0.45127 0.91440 -0.03327 -0.05094 197.95907 0.00000 270.57691 -1.00000 0.00000 -999 197.95907
0.45384 0.91440 -0.03315 -0.04820 197.48514 0.00000 270.57802 -1.00000 0.00000 -999 197.48514
0.45384 0.91440 -0.03315 -0.04820 197.48513 0.00000 270.57802 -1.00000 0.00000 -999 197.48513
0.45642 0.91440 -0.03303 -0.04536 196.99953 0.00000 270.57916 -1.00000 0.00000 -999 196.99953
0.45642 0.91440 -0.03303 -0.04536 196.99952 0.00000 270.57916 -1.00000 0.00000 -999 196.99952
0.45899 0.91440 -0.03290 -0.04242 196.50262 0.00000 270.58033 -1.00000 0.00000 -999 196.50262
0.45899 0.91440 -0.03290 -0.04242 196.50262 0.00000 270.58033 -1.00000 0.00000 -999 196.50262
0.46156 0.91440 -0.03278 -0.03942 195.99399 0.00000 270.58154 -1.00000 0.00000 -999 195.99399
0.46156 0.91440 -0.03278 -0.03942 195.99399 0.00000 270.58154 -1.00000 0.00000 -999 195.99399
0.46413 0.91440 -0.03265 -0.03634 195.47269 0.00000 270.58278 -1.00000 0.00000 -999 195.47269
0.46413 0.91440 -0.03265 -0.03634 195.47268 0.00000 270.58278 -1.00000 0.00000 -999 195.47268
0.46670 0.91440 -0.03252 -0.03316 194.93750 0.00000 270.58405 -1.00000 0.00000 -999 194.93750
0.46670 0.91440 -0.03252 -0.03316 194.93749 0.00000 270.58405 -1.00000 0.00000 -999 194.93749
0.46927 0.91440 -0.03239 -0.02987 194.38667 0.00000 270.58537 -1.00000 0.00000 -999 194.38667
0.46927 0.91440 -0.03239 -0.02987 194.38667 0.00000 270.58537 -1.00000 0.00000 -999 194.38667
0.47184 0.91440 -0.03225 -0.02647 193.81925 0.00000 270.58674 -1.00000 0.00000 -999 193.81925
0.47184 0.91440 -0.03225 -0.02647 193.81925 0.00000 270.58674 -1.00000 0.00000 -999 193.81925
0.47441 0.91440 -0.03212 -0.02296 193.23414 0.00000 270.58815 -1.00000 0.00000 -999 193.23414
0.47441 0.91440 -0.03212 -0.02296 193.23414 0.00000 270.58815 -1.00000 0.00000 -999 193.23414
0.47698 0.91440 -0.03198 -0.01932 192.62991 0.00000 270.58961 -1.00000 0.00000 -999 192.62991
0.47698 0.91440 -0.03198 -0.01932 192.62991 0.00000 270.58961 -1.00000 0.00000 -999 192.62991
0.47955 0.91440 -0.03184 -0.01555 192.00550 0.00000 270.59112 -1.00000 0.00000 -999 192.00550
0.47955 0.91440 -0.03184 -0.01555 192.00550 0.00000 270.59112 -1.00000 0.00000 -999 192.00550
0.48212 0.91440 -0.03170 -0.01165 191.35925 0.00000 270.59268 -1.00000 0.00000 -999 191.35925
0.48212 0.91440 -0.03170 -0.01165 191.35925 0.00000 270.59268 -1.00000 0.00000 -999 191.35925
0.48469 0.91440 -0.03156 -0.00759 190.68816 0.00000 270.59431 -1.00000 0.00000 -999 190.68816
0.48469 0.91440 -0.03156 -0.00759 190.68816 0.00000 270.59431 -1.00000 0.00000 -999 190.68816
0.48469 0.91440 -0.03156 -0.00759 190.68815 0.00000 270.59431 -1.00000 0.00000 -999 190.68815
0.48726 0.91440 -0.03141 -0.00335 189.98991 0.00000 270.59601 -1.00000 0.00000 -999 189.98991
0.48726 0.91440 -0.03141 -0.00335 189.98990 0.00000 270.59601 -1.00000 0.00000 -999 189.98990
0.48983 0.91440 -0.03127 0.00108 189.26304 0.00000 270.59778 -1.00000 0.00000 -999 189.26304
0.48983 0.91440 -0.03127 0.00108 189.26304 0.00000 270.59778 -1.00000 0.00000 -999 189.26304
0.49240 0.91440 -0.03112 0.00568 188.50462 0.00000 270.59963 -1.00000 0.00000 -999 188.50462
0.49240 0.91440 -0.03112 0.00568 188.50462 0.00000 270.59963 -1.00000 0.00000 -999 188.50462
0.49497 0.91440 -0.03097 0.01050 187.71071 0.00000 270.60156 -1.00000 0.00000 -999 187.71071
0.49497 0.91440 -0.03097 0.01050 187.71071 0.00000 270.60156 -1.00000 0.00000 -999 187.71071
0.49754 0.91440 -0.03082 0.01557 186.87849 0.00000 270.60359 -1.00000 0.00000 -999 186.87849
0.49754 0.91440 -0.03082 0.01557 186.87848 0.00000 270.60359 -1.00000 0.00000 -999 186.87848
0.50011 0.91440 -0.03067 0.02088 186.00199 0.00000 270.60572 -1.00000 0.00000 -999 186.00199
0.50011 0.91440 -0.03067 0.02088 186.00198 0.00000 270.60572 -1.00000 0.00000 -999 186.00198
0.50268 0.91440 -0.03051 0.02649 185.07580 0.00000 270.60797 -1.00000 0.00000 -999 185.07580
0.50268 0.91440 -0.03051 0.02649 185.07579 0.00000 270.60797 -1.00000 0.00000 -999 185.07579
0.50525 0.91440 -0.03035 0.03243 184.09520 0.00000 270.61035 -1.00000 0.00000 -999 184.09520
0.50525 0.91440 -0.03035 0.03243 184.09519 0.00000 270.61035 -1.00000 0.00000 -999 184.09519
0.50782 0.91440 -0.03019 0.03870 183.05377 0.00000 270.61286 -1.00000 0.00000 -999 183.05377
0.50782 0.91440 -0.03019 0.03870 183.05377 0.00000 270.61286 -1.00000 0.00000 -999 183.05377
0.51039 0.91440 -0.03003 0.04536 181.94095 0.00000 270.61553 -1.00000 0.00000 -999 181.94095
0.51039 0.91440 -0.03003 0.04536 181.94094 0.00000 270.61553 -1.00000 0.00000 -999 181.94094
0.51296 0.91440 -0.02987 0.05248 180.74711 0.00000 270.61838 -1.00000 0.00000 -999 180.74711
0.51296 0.91440 -0.02987 0.05248 180.74710 0.00000 270.61838 -1.00000 0.00000 -999 180.74710
0.51553 0.91440 -0.02971 0.06013 179.45907 0.00000 270.62144 -1.00000 0.00000 -999 179.45907
0.51553 0.91440 -0.02971 0.06013 179.45906 0.00000 270.62144 -1.00000 0.00000 -999 179.45906
0.51810 0.91440 -0.02954 0.06831 178.06117 0.00000 270.62472 -1.00000 0.00000 -999 178.06117
0.51810 0.91440 -0.02954 0.06831 178.06115 0.00000 270.62472 -1.00000 0.00000 -999 178.06115
0.52067 0.91440 -0.02937 0.07727 176.52813 0.00000 270.62829 -1.00000 0.00000 -999 176.52813
0.52067 0.91440 -0.02937 0.07727 176.52812 0.00000 270.62829 -1.00000 0.00000 -999 176.52812
0.52324 0.91440 -0.02920 0.08690 174.84055 0.00000 270.63218 -1.00000 0.00000 -999 174.84055
0.52324 0.91440 -0.02920 0.08690 174.84054 0.00000 270.63218 -1.00000 0.00000 -999 174.84054
0.52580 0.91440 -0.02903 0.09770 173.03288 0.00000 270.63646 -1.00000 0.00000 -999 173.03288
0.52580 0.91440 -0.02903 0.09770 173.03286 0.00000 270.63646 -1.00000 0.00000 -999 173.03286
0.52837 0.91440 -0.02885 0.10941 171.33435 0.00000 270.64075 -1.00000 0.00000 -999 171.33435
0.52837 0.91440 -0.02885 0.10941 171.33434 0.00000 270.64075 -1.00000 0.00000 -999 171.33434
0.53003 0.91440 -0.02874 0.11777 169.68628 0.00000 270.64437 -1.00000 0.00000 -999 169.68628
0.53003 0.91440 -0.02874 0.11777 169.68628 0.00000 270.64437 -1.00000 0.00000 -999 169.68628
0.53107 0.91440 -0.02867 0.12330 168.61815 0.00000 270.64645 -1.00000 0.00000 -999 168.61815
0.53107 0.91440 -0.02867 0.12330 168.61817 0.00000 270.64645 -1.00000 0.00000 -999 168.61817
0.53172 0.91440 -0.02862 0.12487 170.45078 0.00000 270.64760 -1.00000 0.00000 -999 170.45078
0.53172 0.91440 -0.02862 0.12487 170.45083 0.00000 270.64760 -1.00000 0.00000 -999 170.45083
0.53213 0.91440 -0.02859 0.13093 177.28673 0.00000 270.64781 -1.00000 0.00000 -999 177.28673
0.53213 0.91440 -0.02859 0.13093 177.28677 0.00000 270.64781 -1.00000 0.00000 -999 177.28677
0.53238 0.91440 -0.02858 0.11657 182.26138 0.00000 270.64644 -1.00000 0.00000 -999 182.26138

ZONE T="SLICE_Y_0p9144_BINS07_KS_VAR_CUTDATA"
0.53247 0.91440 -0.02724 0.11254 163.26994 0.00000 270.64498 -1.00000 0.00000 -999 163.26994
0.53247 0.91440 -0.02724 0.11254 163.26990 0.00000 270.64498 -1.00000 0.00000 -999 163.26990
0.53222 0.91440 -0.02718 0.12601 155.45689 0.00000 270.64646 -1.00000 0.00000 -999 155.45689
0.53222 0.91440 -0.02718 0.12601 155.45683 0.00000 270.64646 -1.00000 0.00000 -999 155.45683
0.53183 0.91440 -0.02710 0.12146 148.28351 0.00000 270.64590 -1.00000 0.00000 -999 148.28351
0.53183 0.91440 -0.02710 0.12146 148.28349 0.00000 270.64590 -1.00000 0.00000 -999 148.28349
0.53119 0.91440 -0.02696 0.12035 146.62391 0.00000 270.64483 -1.00000 0.00000 -999 146.62391
0.53119 0.91440 -0.02696 0.12035 146.62391 0.00000 270.64483 -1.00000 0.00000 -999 146.62391
0.53017 0.91440 -0.02675 0.11561 147.70863 0.00000 270.64264 -1.00000 0.00000 -999 147.70863
0.53017 0.91440 -0.02675 0.11561 147.70864 0.00000 270.64264 -1.00000 0.00000 -999 147.70864
0.52854 0.91440 -0.02640 0.10745 149.09870 0.00000 270.63999 -1.00000 0.00000 -999 149.09870
0.52602 0.91440 -0.02587 0.09515 151.08006 0.00000 270.63584 -1.00000 0.00000 -999 151.08006
0.52602 0.91440 -0.02587 0.09515 151.08007 0.00000 270.63584 -1.00000 0.00000 -999 151.08007
0.52602 0.91440 -0.02587 0.09515 151.08009 0.00000 270.63584 -1.00000 0.00000 -999 151.08009
0.52349 0.91440 -0.02534 0.08302 153.79459 0.00000 270.63059 -1.00000 0.00000 -999 153.79459
0.52349 0.91440 -0.02534 0.08302 153.79460 0.00000 270.63059 -1.00000 0.00000 -999 153.79460
0.52097 0.91440 -0.02482 0.07157 156.18787 0.00000 270.62598 -1.00000 0.00000 -999 156.18787
0.52097 0.91440 -0.02482 0.07157 156.18789 0.00000 270.62598 -1.00000 0.00000 -999 156.18789
0.51845 0.91440 -0.02429 0.06045 158.41706 0.00000 270.62156 -1.00000 0.00000 -999 158.41706
0.51845 0.91440 -0.02429 0.06045 158.41707 0.00000 270.62156 -1.00000 0.00000 -999 158.41707
0.51592 0.91440 -0.02377 0.04983 160.49466 0.00000 270.61730 -1.00000 0.00000 -999 160.49466
0.51592 0.91440 -0.02377 0.04983 160.49467 0.00000 270.61730 -1.00000 0.00000 -999 160.49467
0.51340 0.91440 -0.02325 0.03955 162.44407 0.00000 270.61320 -1.00000 0.00000 -999 162.44407
0.51087 0.91440 -0.02273 0.02964 164.28149 0.00000 270.60923 -1.00000 0.00000 -999 164.28149
0.51087 0.91440 -0.02273 0.02964 164.28150 0.00000 270.60923 -1.00000 0.00000 -999 164.28150
0.51087 0.91440 -0.02273 0.02964 164.28151 0.00000 270.60923 -1.00000 0.00000 -999 164.28151
0.50835 0.91440 -0.02221 0.02006 166.02054 0.00000 270.60540 -1.00000 0.00000 -999 166.02054
0.50835 0.91440 -0.02221 0.02006 166.02056 0.00000 270.60540 -1.00000 0.00000 -999 166.02056
0.50582 0.91440 -0.02169 0.01079 167.66974 0.00000 270.60168 -1.00000 0.00000 -999 167.66974
0.50582 0.91440 -0.02169 0.01079 167.66976 0.00000 270.60168 -1.00000 0.00000 -999 167.66976
0.50329 0.91440 -0.02118 0.00180 169.24048 0.00000 270.59808 -1.00000 0.00000 -999 169.24048
0.50329 0.91440 -0.02118 0.00180 169.24049 0.00000 270.59808 -1.00000 0.00000 -999 169.24049
0.50077 0.91440 -0.02067 -0.00693 170.73959 0.00000 270.59459 -1.00000 0.00000 -999 170.73959
0.50077 0.91440 -0.02067 -0.00693 170.73960 0.00000 270.59459 -1.00000 0.00000 -999 170.73960
0.49824 0.91440 -0.02016 -0.01539 172.17280 0.00000 270.59119 -1.00000 0.00000 -999 172.17280
0.49571 0.91440 -0.01965 -0.02363 173.54547 0.00000 270.58789 -1.00000 0.00000 -999 173.54547
0.49571 0.91440 -0.01965 -0.02363 173.54548 0.00000 270.58789 -1.00000 0.00000 -999 173.54548
0.49571 0.91440 -0.01965 -0.02363 173.54549 0.00000 270.58789 -1.00000 0.00000 -999 173.54549
0.49318 0.91440 -0.01914 -0.03163 174.86352 0.00000 270.58468 -1.00000 0.00000 -999 174.86352
0.49318 0.91440 -0.01914 -0.03163 174.86353 0.00000 270.58468 -1.00000 0.00000 -999 174.86353
0.49066 0.91440 -0.01864 -0.03943 176.12987 0.00000 270.58155 -1.00000 0.00000 -999 176.12987
0.48813 0.91440 -0.01813 -0.04704 177.34957 0.00000 270.57849 -1.00000 0.00000 -999 177.34957
0.48813 0.91440 -0.01813 -0.04704 177.34957 0.00000 270.57849 -1.00000 0.00000 -999 177.34957
0.48813 0.91440 -0.01813 -0.04704 177.34958 0.00000 270.57849 -1.00000 0.00000 -999 177.34958
0.48560 0.91440 -0.01763 -0.05447 178.52613 0.00000 270.57551 -1.00000 0.00000 -999 178.52613
0.48560 0.91440 -0.01763 -0.05447 178.52614 0.00000 270.57551 -1.00000 0.00000 -999 178.52614
0.48307 0.91440 -0.01713 -0.06171 179.66165 0.00000 270.57259 -1.00000 0.00000 -999 179.66165
0.48307 0.91440 -0.01713 -0.06171 179.66166 0.00000 270.57259 -1.00000 0.00000 -999 179.66166
0.48054 0.91440 -0.01664 -0.06880 180.75915 0.00000 270.56975 -1.00000 0.00000 -999 180.75915
0.48054 0.91440 -0.01664 -0.06880 180.75916 0.00000 270.56975 -1.00000 0.00000 -999 180.75916
0.47801 0.91440 -0.01614 -0.07574 181.82208 0.00000 270.56696 -1.00000 0.00000 -999 181.82208
0.47548 0.91440 -0.01565 -0.08253 182.85277 0.00000 270.56422 -1.00000 0.00000 -999 182.85277
0.47548 0.91440 -0.01565 -0.08253 182.85278 0.00000 270.56422 -1.00000 0.00000 -999 182.85278
0.47295 0.91440 -0.01515 -0.08918 183.85307 0.00000 270.56155 -1.00000 0.00000 -999 183.85307
0.47295 0.91440 -0.01515 -0.08918 183.85308 0.00000 270.56155 -1.00000 0.00000 -999 183.85308
0.47295 0.91440 -0.01515 -0.08918 183.85309 0.00000 270.56155 -1.00000 0.00000 -999 183.85309
0.47042 0.91440 -0.01466 -0.09571 184.82480 0.00000 270.55892 -1.00000 0.00000 -999 184.82480
0.46789 0.91440 -0.01417 -0.10213 185.77013 0.00000 270.55634 -1.00000 0.00000 -999 185.77013
0.46789 0.91440 -0.01417 -0.10213 185.77014 0.00000 270.55634 -1.00000 0.00000 -999 185.77014
0.46535 0.91440 -0.01369 -0.10841 186.69057 0.00000 270.55381 -1.00000 0.00000 -999 186.69057
0.46535 0.91440 -0.01369 -0.10841 186.69058 0.00000 270.55381 -1.00000 0.00000 -999 186.69058
0.46282 0.91440 -0.01320 -0.11459 187.58795 0.00000 270.55132 -1.00000 0.00000 -999 187.58795
0.46282 0.91440 -0.01320 -0.11459 187.58795 0.00000 270.55132 -1.00000 0.00000 -999 187.58795
0.46029 0.91440 -0.01272 -0.12066 188.46395 0.00000 270.54887 -1.00000 0.00000 -999 188.46395
0.46029 0.91440 -0.01272 -0.12067 188.46396 0.00000 270.54887 -1.00000 0.00000 -999 188.46396
0.45776 0.91440 -0.01223 -0.12666 189.32012 0.00000 270.54645 -1.00000 0.00000 -999 189.32012
0.45776 0.91440 -0.01223 -0.12666 189.32013 0.00000 270.54645 -1.00000 0.00000 -999 189.32013
0.45522 0.91440 -0.01175 -0.13257 190.15841 0.00000 270.54407 -1.00000 0.00000 -999 190.15841
0.45522 0.91440 -0.01175 -0.13257 190.15842 0.00000 270.54407 -1.00000 0.00000 -999 190.15842
0.45269 0.91440 -0.01127 -0.13836 190.97849 0.00000 270.54173 -1.00000 0.00000 -999 190.97849
0.45269 0.91440 -0.01127 -0.13836 190.97850 0.00000 270.54173 -1.00000 0.00000 -999 190.97850
0.45016 0.91440 -0.01080 -0.14409 191.78149 0.00000 270.53942 -1.00000 0.00000 -999 191.78149
0.45016 0.91440 -0.01080 -0.14409 191.78150 0.00000 270.53942 -1.00000 0.00000 -999 191.78150
0.44762 0.91440 -0.01032 -0.14976 192.57082 0.00000 270.53714 -1.00000 0.00000 -999 192.57082
0.44762 0.91440 -0.01032 -0.14976 192.57082 0.00000 270.53714 -1.00000 0.00000 -999 192.57082
0.44509 0.91440 -0.00985 -0.15532 193.34580 0.00000 270.53489 -1.00000 0.00000 -999 193.34580
0.44509 0.91440 -0.00985 -0.15532 193.34580 0.00000 270.53489 -1.00000 0.00000 -999 193.34580
0.44255 0.91440 -0.00937 -0.16084 194.10672 0.00000 270.53266 -1.00000 0.00000 -999 194.10672
0.44255 0.91440 -0.00937 -0.16084 194.10673 0.00000 270.53266 -1.00000 0.00000 -999 194.10673
0.44255 0.91440 -0.00937 -0.16084 194.10673 0.00000 270.53266 -1.00000 0.00000 -999 194.10673
0.44002 0.91440 -0.00890 -0.16630 194.85652 0.00000 270.53046 -1.00000 0.00000 -999 194.85652
0.43748 0.91440 -0.00843 -0.17167 195.59450 0.00000 270.52829 -1.00000 0.00000 -999 195.59450
0.43748 0.91440 -0.00843 -0.17167 195.59450 0.00000 270.52829 -1.00000 0.00000 -999 195.59450
0.43495 0.91440 -0.00797 -0.17701 196.32153 0.00000 270.52613 -1.00000 0.00000 -999 196.32153
0.43495 0.91440 -0.00797 -0.17702 196.32153 0.00000 270.52613 -1.00000 0.00000 -999 196.32153
0.43241 0.91440 -0.00750 -0.18228 197.03948 0.00000 270.52400 -1.00000 0.00000 -999 197.03948
0.43241 0.91440 -0.00750 -0.18228 197.03949 0.00000 270.52400 -1.00000 0.00000 -999 197.03949
0.42988 0.91440 -0.00704 -0.18752 197.74840 0.00000 270.52189 -1.00000 0.00000 -999 197.74840
0.42988 0.91440 -0.00704 -0.18752 197.74841 0.00000 270.52189 -1.00000 0.00000 -999 197.74841
0.42734 0.91440 -0.00657 -0.19270 198.44916 0.00000 270.51979 -1.00000 0.00000 -999 198.44916
0.42734 0.91440 -0.00657 -0.19270 198.44916 0.00000 270.51979 -1.00000 0.00000 -999 198.44916
0.42480 0.91440 -0.00611 -0.19783 199.14204 0.00000 270.51771 -1.00000 0.00000 -999 199.14204
0.42480 0.91440 -0.00611 -0.19783 199.14205 0.00000 270.51771 -1.00000 0.00000 -999 199.14205
0.42227 0.91440 -0.00565 -0.20293 199.82807 0.00000 270.51565 -1.00000 0.00000 -999 199.82807
0.42227 0.91440 -0.00565 -0.20293 199.82807 0.00000 270.51565 -1.00000 0.00000 -999 199.82807
0.41973 0.91440 -0.00519 -0.20798 200.50770 0.00000 270.51361 -1.00000 0.00000 -999 200.50770
0.41973 0.91440 -0.00519 -0.20798 200.50770 0.00000 270.51361 -1.00000 0.00000 -999 200.50770
0.41973 0.91440 -0.00519 -0.20798 200.50771 0.00000 270.51361 -1.00000 0.00000 -999 200.50771
0.41719 0.91440 -0.00474 -0.21300 201.18133 0.00000 270.51158 -1.00000 0.00000 -999 201.18133
0.41466 0.91440 -0.00428 -0.21798 201.84973 0.00000 270.50956 -1.00000 0.00000 -999 201.84973
0.41466 0.91440 -0.00428 -0.21798 201.84974 0.00000 270.50956 -1.00000 0.00000 -999 201.84974
0.41212 0.91440 -0.00383 -0.22294 202.51338 0.00000 270.50755 -1.00000 0.00000 -999 202.51338
0.41212 0.91440 -0.00383 -0.22294 202.51339 0.00000 270.50755 -1.00000 0.00000 -999 202.51339
0.40958 0.91440 -0.00338 -0.22784 203.17263 0.00000 270.50556 -1.00000 0.00000 -999 203.17263
0.40958 0.91440 -0.00338 -0.22784 203.17264 0.00000 270.50556 -1.00000 0.00000 -999 203.17264
0.40958 0.91440 -0.00338 -0.22784 203.17264 0.00000 270.50556 -1.00000 0.00000 -999 203.17264
0.40704 0.91440 -0.00293 -0.23275 203.82800 0.00000 270.50358 -1.00000 0.00000 -999 203.82800
0.40450 0.91440 -0.00248 -0.23762 204.48042 0.00000 270.50161 -1.00000 0.00000 -999 204.48042
0.40450 0.91440 -0.00248 -0.23762 204.48043 0.00000 270.50161 -1.00000 0.00000 -999 204.48043
0.40196 0.91440 -0.00203 -0.24245 205.12908 0.00000 270.49964 -1.00000 0.00000 -999 205.12908
0.40196 0.91440 -0.00203 -0.24245 205.12909 0.00000 270.49964 -1.00000 0.00000 -999 205.12909
0.40196 0.91440 -0.00203 -0.24245 205.12909 0.00000 270.49964 -1.00000 0.00000 -999 205.12909
0.39942 0.91440 -0.00159 -0.24730 205.77520 0.00000 270.49769 -1.00000 0.00000 -999 205.77520
0.39942 0.91440 -0.00159 -0.24730 205.77521 0.00000 270.49769 -1.00000 0.00000 -999 205.77521
0.39688 0.91440 -0.00114 -0.25207 206.41889 0.00000 270.49574 -1.00000 0.00000 -999 206.41889
0.39434 0.91440 -0.00070 -0.25687 207.05997 0.00000 270.49380 -1.00000 0.00000 -999 207.05997
0.39434 0.91440 -0.00070 -0.25687 207.05998 0.00000 270.49380 -1.00000 0.00000 -999 207.05998
0.39434 0.91440 -0.00070 -0.25687 207.05998 0.00000 270.49380 -1.00000 0.00000 -999 207.05998
0.39180 0.91440 -0.00026 -0.26164 207.70030 0.00000 270.49187 -1.00000 0.00000 -999 207.70030
0.39180 0.91440 -0.00026 -0.26164 207.70031 0.00000 270.49187 -1.00000 0.00000 -999 207.70031
0.38926 0.91440 0.00018 -0.26638 208.33843 0.00000 270.48994 -1.00000 0.00000 -999 208.33843
0.38926 0.91440 0.00018 -0.26638 208.33843 0.00000 270.48994 -1.00000 0.00000 -999 208.33843
0.38672 0.91440 0.00062 -0.27115 208.97575 0.00000 270.48801 -1.00000 0.00000 -999 208.97575
0.38672 0.91440 0.00062 -0.27115 208.97575 0.00000 270.48801 -1.00000 0.00000 -999 208.97575
0.38418 0.91440 0.00105 -0.27585 209.61240 0.00000 270.48610 -1.00000 0.00000 -999 209.61240
0.38418 0.91440 0.00105 -0.27585 209.61241 0.00000 270.48610 -1.00000 0.00000 -999 209.61241
0.38164 0.91440 0.00149 -0.28057 210.24705 0.00000 270.48418 -1.00000 0.00000 -999 210.24705
0.37910 0.91440 0.00192 -0.28532 210.88252 0.00000 270.48226 -1.00000 0.00000 -999 210.88252
0.37910 0.91440 0.00192 -0.28532 210.88253 0.00000 270.48226 -1.00000 0.00000 -999 210.88253
0.37910 0.91440 0.00192 -0.28532 210.88253 0.00000 270.48226 -1.00000 0.00000 -999 210.88253
0.37655 0.91440 0.00235 -0.28996 211.51703 0.00000 270.48036 -1.00000 0.00000 -999 211.51703
0.37655 0.91440 0.00235 -0.28996 211.51703 0.00000 270.48036 -1.00000 0.00000 -999 211.51703
0.37401 0.91440 0.00278 -0.29467 212.14976 0.00000 270.47845 -1.00000 0.00000 -999 212.14976
0.37147 0.91440 0.00320 -0.29941 212.78450 0.00000 270.47654 -1.00000 0.00000 -999 212.78450
0.37147 0.91440 0.00320 -0.29941 212.78451 0.00000 270.47654 -1.00000 0.00000 -999 212.78451
0.36893 0.91440 0.00363 -0.30404 213.41850 0.00000 270.47464 -1.00000 0.00000 -999 213.41850
0.36893 0.91440 0.00363 -0.30404 213.41851 0.00000 270.47464 -1.00000 0.00000 -999 213.41851
0.36893 0.91440 0.00363 -0.30404 213.41851 0.00000 270.47464 -1.00000 0.00000 -999 213.41851
0.36638 0.91440 0.00405 -0.30873 214.05085 0.00000 270.47273 -1.00000 0.00000 -999 214.05085
0.36638 0.91440 0.00405 -0.30873 214.05086 0.00000 270.47273 -1.00000 0.00000 -999 214.05086
0.36384 0.91440 0.00447 -0.31347 214.68536 0.00000 270.47082 -1.00000 0.00000 -999 214.68536
0.36384 0.91440 0.00447 -0.31347 214.68537 0.00000 270.47082 -1.00000 0.00000 -999 214.68537
0.36130 0.91440 0.00489 -0.31809 215.31982 0.00000 270.46892 -1.00000 0.00000 -999 215.31982
0.35875 0.91440 0.00531 -0.32278 215.95361 0.00000 270.46702 -1.00000 0.00000 -999 215.95361
0.35875 0.91440 0.00531 -0.32278 215.95361 0.00000 270.46702 -1.00000 0.00000 -999 215.95361
0.35621 0.91440 0.00573 -0.32750 216.58968 0.00000 270.46510 -1.00000 0.00000 -999 216.58968
0.35621 0.91440 0.00573 -0.32750 216.58969 0.00000 270.46510 -1.00000 0.00000 -999 216.58969
0.35621 0.91440 0.00573 -0.32750 216.58969 0.00000 270.46510 -1.00000 0.00000 -999 216.58969
0.35366 0.91440 0.00615 -0.33219 217.22601 0.00000 270.46319 -1.00000 0.00000 -999 217.22601
0.35366 0.91440 0.00615 -0.33219 217.22602 0.00000 270.46319 -1.00000 0.00000 -999 217.22602
0.35112 0.91440 0.00656 -0.33689 217.86125 0.00000 270.46128 -1.00000 0.00000 -999 217.86125
0.35112 0.91440 0.00656 -0.33689 217.86125 0.00000 270.46128 -1.00000 0.00000 -999 217.86125
0.34857 0.91440 0.00697 -0.34158 218.49658 0.00000 270.45936 -1.00000 0.00000 -999 218.49658
0.34857 0.91440 0.00697 -0.34158 218.49658 0.00000 270.45936 -1.00000 0.00000 -999 218.49658
0.34603 0.91440 0.00738 -0.34630 219.13242 0.00000 270.45745 -1.00000 0.00000 -999 219.13242
0.34603 0.91440 0.00738 -0.34630 219.13243 0.00000 270.45745 -1.00000 0.00000 -999 219.13243
0.34348 0.91440 0.00779 -0.35101 219.76879 0.00000 270.45553 -1.00000 0.00000 -999 219.76879
0.34348 0.91440 0.00779 -0.35101 219.76880 0.00000 270.45553 -1.00000 0.00000 -999 219.76880
0.34094 0.91440 0.00819 -0.35574 220.40551 0.00000 270.45360 -1.00000 0.00000 -999 220.40551
0.33839 0.91440 0.00860 -0.36047 221.04264 0.00000 270.45167 -1.00000 0.00000 -999 221.04264
0.33839 0.91440 0.00860 -0.36047 221.04265 0.00000 270.45167 -1.00000 0.00000 -999 221.04265
0.33584 0.91440 0.00900 -0.36522 221.68015 0.00000 270.44973 -1.00000 0.00000 -999 221.68015
0.33584 0.91440 0.00900 -0.36522 221.68015 0.00000 270.44973 -1.00000 0.00000 -999 221.68015
0.33330 0.91440 0.00940 -0.36997 222.31816 0.00000 270.44779 -1.00000 0.00000 -999 222.31816
0.33330 0.91440 0.00940 -0.36997 222.31816 0.00000 270.44779 -1.00000 0.00000 -999 222.31816
0.33075 0.91440 0.00980 -0.37474 222.95659 0.00000 270.44585 -1.00000 0.00000 -999 222.95659
0.33075 0.91440 0.00980 -0.37474 222.95660 0.00000 270.44585 -1.00000 0.00000 -999 222.95660
0.32820 0.91440 0.01019 -0.37953 223.50983 0.00000 270.44416 -1.00000 0.00000 -999 223.50983
0.32820 0.91440 0.01019 -0.37953 223.50983 0.00000 270.44416 -1.00000 0.00000 -999 223.50983
0.32565 0.91440 0.01059 -0.38433 224.17412 0.00000 270.44212 -1.00000 0.00000 -999 224.17412
0.32565 0.91440 0.01059 -0.38433 224.17412 0.00000 270.44212 -1.00000 0.00000 -999 224.17412
0.32311 0.91440 0.01098 -0.38914 224.78878 0.00000 270.44024 -1.00000 0.00000 -999 224.78878
0.32311 0.91440 0.01098 -0.38914 224.78879 0.00000 270.44024 -1.00000 0.00000 -999 224.78879
0.32056 0.91440 0.01137 -0.39397 225.45418 0.00000 270.43819 -1.00000 0.00000 -999 225.45418
0.32056 0.91440 0.01137 -0.39397 225.45419 0.00000 270.43819 -1.00000 0.00000 -999 225.45419
0.31801 0.91440 0.01176 -0.39881 226.15603 0.00000 270.43602 -1.00000 0.00000 -999 226.15603
0.31801 0.91440 0.01176 -0.39881 226.15603 0.00000 270.43602 -1.00000 0.00000 -999 226.15603
0.31546 0.91440 0.01214 -0.40367 226.79797 0.00000 270.43403 -1.00000 0.00000 -999 226.79797
0.31546 0.91440 0.01214 -0.40367 226.79797 0.00000 270.43403 -1.00000 0.00000 -999 226.79797
0.31291 0.91440 0.01253 -0.40856 227.44087 0.00000 270.43204 -1.00000 0.00000 -999 227.44087
0.31291 0.91440 0.01253 -0.40856 227.44088 0.00000 270.43204 -1.00000 0.00000 -999 227.44088
0.31036 0.91440 0.01291 -0.41346 228.08489 0.00000 270.43004 -1.00000 0.00000 -999 228.08489
0.31036 0.91440 0.01291 -0.41346 228.08489 0.00000 270.43004 -1.00000 0.00000 -999 228.08489
0.30781 0.91440 0.01329 -0.41839 228.73012 0.00000 270.42802 -1.00000 0.00000 -999 228.73012
0.30781 0.91440 0.01329 -0.41839 228.73013 0.00000 270.42802 -1.00000 0.00000 -999 228.73013
0.30526 0.91440 0.01367 -0.42332 229.37686 0.00000 270.42600 -1.00000 0.00000 -999 229.37686
0.30526 0.91440 0.01367 -0.42332 229.37686 0.00000 270.42600 -1.00000 0.00000 -999 229.37686
0.30271 0.91440 0.01404 -0.42829 230.02535 0.00000 270.42397 -1.00000 0.00000 -999 230.02535
0.30271 0.91440 0.01404 -0.42829 230.02535 0.00000 270.42397 -1.00000 0.00000 -999 230.02535
0.30271 0.91440 0.01404 -0.42829 230.02536 0.00000 270.42397 -1.00000 0.00000 -999 230.02536
0.30016 0.91440 0.01442 -0.43327 230.67593 0.00000 270.42193 -1.00000 0.00000 -999 230.67593
0.29761 0.91440 0.01479 -0.43829 231.32888 0.00000 270.41988 -1.00000 0.00000 -999 231.32888
0.29761 0.91440 0.01479 -0.43829 231.32888 0.00000 270.41988 -1.00000 0.00000 -999 231.32888
0.29505 0.91440 0.01516 -0.44332 231.98457 0.00000 270.41782 -1.00000 0.00000 -999 231.98457
0.29505 0.91440 0.01516 -0.44332 231.98457 0.00000 270.41782 -1.00000 0.00000 -999 231.98457
0.29250 0.91440 0.01552 -0.44839 232.64327 0.00000 270.41575 -1.00000 0.00000 -999 232.64327
0.29250 0.91440 0.01552 -0.44839 232.64327 0.00000 270.41575 -1.00000 0.00000 -999 232.64327
0.28995 0.91440 0.01589 -0.45346 233.30542 0.00000 270.41367 -1.00000 0.00000 -999 233.30542
0.28995 0.91440 0.01589 -0.45346 233.30543 0.00000 270.41367 -1.00000 0.00000 -999 233.30543
0.28740 0.91440 0.01625 -0.45858 233.97150 0.00000 270.41157 -1.00000 0.00000 -999 233.97150
0.28740 0.91440 0.01625 -0.45858 233.97150 0.00000 270.41157 -1.00000 0.00000 -999 233.97150
0.28484 0.91440 0.01661 -0.46371 234.64206 0.00000 270.40947 -1.00000 0.00000 -999 234.64206
0.28484 0.91440 0.01661 -0.46371 234.64206 0.00000 270.40947 -1.00000 0.00000 -999 234.64206
0.28484 0.91440 0.01661 -0.46371 234.64207 0.00000 270.40947 -1.00000 0.00000 -999 234.64207
0.28229 0.91440 0.01696 -0.46888 235.31754 0.00000 270.40735 -1.00000 0.00000 -999 235.31754
0.27974 0.91440 0.01732 -0.47408 235.99842 0.00000 270.40522 -1.00000 0.00000 -999 235.99842
0.27974 0.91440 0.01732 -0.47408 235.99843 0.00000 270.40522 -1.00000 0.00000 -999 235.99843
0.27718 0.91440 0.01767 -0.47929 236.68492 0.00000 270.40308 -1.00000 0.00000 -999 236.68492
0.27718 0.91440 0.01767 -0.47929 236.68492 0.00000 270.40308 -1.00000 0.00000 -999 236.68492
0.27463 0.91440 0.01802 -0.48456 237.37763 0.00000 270.40092 -1.00000 0.00000 -999 237.37763
0.27463 0.91440 0.01802 -0.48456 237.37763 0.00000 270.40092 -1.00000 0.00000 -999 237.37763
0.27463 0.91440 0.01802 -0.48456 237.37764 0.00000 270.40092 -1.00000 0.00000 -999 237.37764
0.27207 0.91440 0.01837 -0.48983 238.07720 0.00000 270.39876 -1.00000 0.00000 -999 238.07720
0.26952 0.91440 0.01871 -0.49515 238.78415 0.00000 270.39658 -1.00000 0.00000 -999 238.78415
0.26952 0.91440 0.01871 -0.49515 238.78415 0.00000 270.39658 -1.00000 0.00000 -999 238.78415
0.26696 0.91440 0.01905 -0.50048 239.49915 0.00000 270.39438 -1.00000 0.00000 -999 239.49915
0.26696 0.91440 0.01905 -0.50048 239.49916 0.00000 270.39438 -1.00000 0.00000 -999 239.49916
0.26441 0.91440 0.01939 -0.50587 240.22250 0.00000 270.39218 -1.00000 0.00000 -999 240.22250
0.26441 0.91440 0.01939 -0.50587 240.22251 0.00000 270.39218 -1.00000 0.00000 -999 240.22251
0.26185 0.91440 0.01973 -0.51128 240.95459 0.00000 270.38995 -1.00000 0.00000 -999 240.95459
0.26185 0.91440 0.01973 -0.51128 240.95460 0.00000 270.38995 -1.00000 0.00000 -999 240.95460
0.25929 0.91440 0.02006 -0.51673 241.69566 0.00000 270.38771 -1.00000 0.00000 -999 241.69566
0.25929 0.91440 0.02006 -0.51673 241.69567 0.00000 270.38771 -1.00000 0.00000 -999 241.69567
0.25674 0.91440 0.02039 -0.52220 242.44614 0.00000 270.38546 -1.00000 0.00000 -999 242.44614
0.25674 0.91440 0.02039 -0.52220 242.44614 0.00000 270.38546 -1.00000 0.00000 -999 242.44614
0.25418 0.91440 0.02072 -0.52773 243.20634 0.00000 270.38320 -1.00000 0.00000 -999 243.20634
0.25418 0.91440 0.02072 -0.52773 243.20635 0.00000 270.38320 -1.00000 0.00000 -999 243.20635
0.25418 0.91440 0.02072 -0.52773 243.20635 0.00000 270.38320 -1.00000 0.00000 -999 243.20635
0.25162 0.91440 0.02104 -0.53327 243.97660 0.00000 270.38091 -1.00000 0.00000 -999 243.97660
0.25162 0.91440 0.02104 -0.53327 243.97660 0.00000 270.38091 -1.00000 0.00000 -999 243.97660
0.24906 0.91440 0.02136 -0.53887 244.75686 0.00000 270.37861 -1.00000 0.00000 -999 244.75686
0.24651 0.91440 0.02168 -0.54450 245.54715 0.00000 270.37630 -1.00000 0.00000 -999 245.54715
0.24651 0.91440 0.02168 -0.54450 245.54715 0.00000 270.37630 -1.00000 0.00000 -999 245.54715
0.24395 0.91440 0.02200 -0.55016 246.34722 0.00000 270.37397 -1.00000 0.00000 -999 246.34722
0.24395 0.91440 0.02200 -0.55016 246.34722 0.00000 270.37397 -1.00000 0.00000 -999 246.34722
0.24395 0.91440 0.02200 -0.55016 246.34723 0.00000 270.37397 -1.00000 0.00000 -999 246.34723
0.24139 0.91440 0.02231 -0.55587 247.15700 0.00000 270.37162 -1.00000 0.00000 -999 247.15700
0.23883 0.91440 0.02262 -0.56161 247.97643 0.00000 270.36925 -1.00000 0.00000 -999 247.97643
0.23883 0.91440 0.02262 -0.56161 247.97643 0.00000 270.36925 -1.00000 0.00000 -999 247.97643
0.23627 0.91440 0.02292 -0.56740 248.80530 0.00000 270.36687 -1.00000 0.00000 -999 248.80530
0.23627 0.91440 0.02292 -0.56740 248.80530 0.00000 270.36687 -1.00000 0.00000 -999 248.80530
0.23371 0.91440 0.02323 -0.57322 249.64338 0.00000 270.36447 -1.00000 0.00000 -999 249.64338
0.23371 0.91440 0.02323 -0.57322 249.64338 0.00000 270.36447 -1.00000 0.00000 -999 249.64338
0.23115 0.91440 0.02353 -0.57909 250.49009 0.00000 270.36205 -1.00000 0.00000 -999 250.49009
0.23115 0.91440 0.02353 -0.57909 250.49010 0.00000 270.36205 -1.00000 0.00000 -999 250.49010
0.23115 0.91440 0.02353 -0.57909 250.49010 0.00000 270.36205 -1.00000 0.00000 -999 250.49010
0.22859 0.91440 0.02382 -0.58501 251.34488 0.00000 270.35961 -1.00000 0.00000 -999 251.34488
0.22602 0.91440 0.02411 -0.59097 252.20712 0.00000 270.35715 -1.00000 0.00000 -999 252.20712
0.22602 0.91440 0.02411 -0.59097 252.20713 0.00000 270.35715 -1.00000 0.00000 -999 252.20713
0.22346 0.91440 0.02440 -0.59698 253.07633 0.00000 270.35468 -1.00000 0.00000 -999 253.07633
0.22346 0.91440 0.02440 -0.59698 253.07633 0.00000 270.35468 -1.00000 0.00000 -999 253.07633
0.22090 0.91440 0.02469 -0.60302 253.95200 0.00000 270.35218 -1.00000 0.00000 -999 253.95200
0.22090 0.91440 0.02469 -0.60302 253.95200 0.00000 270.35218 -1.00000 0.00000 -999 253.95200
0.21834 0.91440 0.02497 -0.60913 254.83367 0.00000 270.34966 -1.00000 0.00000 -999 254.83367
0.21834 0.91440 0.02497 -0.60913 254.83368 0.00000 270.34966 -1.00000 0.00000 -999 254.83368
0.21577 0.91440 0.02525 -0.61527 255.72072 0.00000 270.34712 -1.00000 0.00000 -999 255.72072
0.21577 0.91440 0.02525 -0.61527 255.72073 0.00000 270.34712 -1.00000 0.00000 -999 255.72073
0.21321 0.91440 0.02552 -0.62148 256.61257 0.00000 270.34456 -1.00000 0.00000 -999 256.61257
0.21321 0.91440 0.02552 -0.62148 256.61258 0.00000 270.34456 -1.00000 0.00000 -999 256.61258
0.21065 0.91440 0.02579 -0.62772 257.59481 0.00000 270.34173 -1.00000 0.00000 -999 257.59481
0.21065 0.91440 0.02579 -0.62772 257.59481 0.00000 270.34173 -1.00000 0.00000 -999 257.59481
0.21065 0.91440 0.02579 -0.62772 257.59482 0.00000 270.34173 -1.00000 0.00000 -999 257.59482
0.20808 0.91440 0.02606 -0.63402 258.40710 0.00000 270.33938 -1.00000 0.00000 -999 258.40710
0.20552 0.91440 0.02632 -0.64038 259.22745 0.00000 270.33700 -1.00000 0.00000 -999 259.22745
0.20552 0.91440 0.02632 -0.64038 259.22746 0.00000 270.33700 -1.00000 0.00000 -999 259.22746
0.20295 0.91440 0.02658 -0.64677 260.22155 0.00000 270.33410 -1.00000 0.00000 -999 260.22155
0.20295 0.91440 0.02658 -0.64677 260.22155 0.00000 270.33410 -1.00000 0.00000 -999 260.22155
0.20039 0.91440 0.02683 -0.65327 261.13405 0.00000 270.33143 -1.00000 0.00000 -999 261.13405
0.20039 0.91440 0.02683 -0.65327 261.13406 0.00000 270.33143 -1.00000 0.00000 -999 261.13406
0.19782 0.91440 0.02708 -0.65975 262.05090 0.00000 270.32873 -1.00000 0.00000 -999 262.05090
0.19782 0.91440 0.02708 -0.65975 262.05090 0.00000 270.32873 -1.00000 0.00000 -999 262.05090
0.19525 0.91440 0.02733 -0.66635 262.97287 0.00000 270.32601 -1.00000 0.00000 -999 262.97287
0.19525 0.91440 0.02733 -0.66635 262.97287 0.00000 270.32601 -1.00000 0.00000 -999 262.97287
0.19269 0.91440 0.02757 -0.67296 263.90114 0.00000 270.32327 -1.00000 0.00000 -999 263.90114
0.19269 0.91440 0.02757 -0.67296 263.90115 0.00000 270.32327 -1.00000 0.00000 -999 263.90115
0.19012 0.91440 0.02781 -0.67967 264.83692 0.00000 270.32049 -1.00000 0.00000 -999 264.83692
0.19012 0.91440 0.02781 -0.67967 264.83693 0.00000 270.32049 -1.00000 0.00000 -999 264.83693
0.18755 0.91440 0.02804 -0.68641 265.78186 0.00000 270.31770 -1.00000 0.00000 -999 265.78186
0.18755 0.91440 0.02804 -0.68641 265.78187 0.00000 270.31770 -1.00000 0.00000 -999 265.78187
0.18498 0.91440 0.02827 -0.69322 266.73716 0.00000 270.31487 -1.00000 0.00000 -999 266.73716
0.18498 0.91440 0.02827 -0.69322 266.73716 0.00000 270.31487 -1.00000 0.00000 -999 266.73716
0.18498 0.91440 0.02827 -0.69322 266.73717 0.00000 270.31487 -1.00000 0.00000 -999 266.73717
0.18242 0.91440 0.02849 -0.70016 267.70451 0.00000 270.31201 -1.00000 0.00000 -999 267.70451
0.18242 0.91440 0.02849 -0.70016 267.70452 0.00000 270.31201 -1.00000 0.00000 -999 267.70452
0.17985 0.91440 0.02871 -0.70704 268.68535 0.00000 270.30913 -1.00000 0.00000 -999 268.68535
0.17728 0.91440 0.02893 -0.71407 269.77880 0.00000 270.30594 -1.00000 0.00000 -999 269.77880
0.17728 0.91440 0.02893 -0.71408 269.77880 0.00000 270.30594 -1.00000 0.00000 -999 269.77880
0.17728 0.91440 0.02893 -0.71408 269.77881 0.00000 270.30594 -1.00000 0.00000 -999 269.77881
0.17471 0.91440 0.02913 -0.72117 270.83327 0.00000 270.30289 -1.00000 0.00000 -999 270.83327
0.17214 0.91440 0.02934 -0.72827 271.73334 0.00000 270.30032 -1.00000 0.00000 -999 271.73334
0.17214 0.91440 0.02934 -0.72827 271.73335 0.00000 270.30032 -1.00000 0.00000 -999 271.73335
0.16957 0.91440 0.02954 -0.73554 272.64731 0.00000 270.29772 -1.00000 0.00000 -999 272.64731
0.16957 0.91440 0.02954 -0.73554 272.64732 0.00000 270.29772 -1.00000 0.00000 -999 272.64732
0.16700 0.91440 0.02973 -0.74283 273.76971 0.00000 270.29458 -1.00000 0.00000 -999 273.76971
0.16700 0.91440 0.02973 -0.74283 273.76971 0.00000 270.29458 -1.00000 0.00000 -999 273.76971
0.16442 0.91440 0.02992 -0.75015 274.97935 0.00000 270.29123 -1.00000 0.00000 -999 274.97935
0.16442 0.91440 0.02992 -0.75015 274.97936 0.00000 270.29123 -1.00000 0.00000 -999 274.97936
0.16185 0.91440 0.03010 -0.75764 276.11171 0.00000 270.28813 -1.00000 0.00000 -999 276.11171
0.16185 0.91440 0.03010 -0.75764 276.11172 0.00000 270.28813 -1.00000 0.00000 -999 276.11172
0.15928 0.91440 0.03027 -0.76517 277.27015 0.00000 270.28500 -1.00000 0.00000 -999 277.27015
0.15928 0.91440 0.03027 -0.76517 277.27016 0.00000 270.28500 -1.00000 0.00000 -999 277.27016
0.15671 0.91440 0.03045 -0.77271 278.57015 0.00000 270.28154 -1.00000 0.00000 -999 278.57015
0.15671 0.91440 0.03045 -0.77271 278.57016 0.00000 270.28154 -1.00000 0.00000 -999 278.57016
0.15671 0.91440 0.03045 -0.77271 278.57017 0.00000 270.28154 -1.00000 0.00000 -999 278.57017
0.15414 0.91440 0.03061 -0.78042 279.66311 0.00000 270.27864 -1.00000 0.00000 -999 279.66311
0.15156 0.91440 0.03077 -0.78826 280.78477 0.00000 270.27570 -1.00000 0.00000 -999 280.78477
0.15156 0.91440 0.03077 -0.78826 280.78478 0.00000 270.27570 -1.00000 0.00000 -999 280.78478
0.14899 0.91440 0.03092 -0.79608 282.16003 0.00000 270.27212 -1.00000 0.00000 -999 282.16003
0.14899 0.91440 0.03092 -0.79608 282.16004 0.00000 270.27212 -1.00000 0.00000 -999 282.16004
0.14899 0.91440 0.03092 -0.79608 282.16005 0.00000 270.27212 -1.00000 0.00000 -999 282.16005
0.14641 0.91440 0.03107 -0.80399 283.43880 0.00000 270.26882 -1.00000 0.00000 -999 283.43880
0.14641 0.91440 0.03107 -0.80399 283.43881 0.00000 270.26882 -1.00000 0.00000 -999 283.43881
0.14384 0.91440 0.03121 -0.81204 284.73863 0.00000 270.26546 -1.00000 0.00000 -999 284.73863
0.14384 0.91440 0.03121 -0.81204 284.73863 0.00000 270.26546 -1.00000 0.00000 -999 284.73863
0.14127 0.91440 0.03134 -0.82024 286.05628 0.00000 270.26205 -1.00000 0.00000 -999 286.05628
0.14127 0.91440 0.03134 -0.82024 286.05629 0.00000 270.26205 -1.00000 0.00000 -999 286.05629
0.13869 0.91440 0.03147 -0.82849 287.38776 0.00000 270.25861 -1.00000 0.00000 -999 287.38776
0.13611 0.91440 0.03159 -0.83681 288.73145 0.00000 270.25513 -1.00000 0.00000 -999 288.73145
0.13611 0.91440 0.03159 -0.83681 288.73146 0.00000 270.25513 -1.00000 0.00000 -999 288.73146
0.13611 0.91440 0.03159 -0.83681 288.73147 0.00000 270.25513 -1.00000 0.00000 -999 288.73147
0.13354 0.91440 0.03170 -0.84526 290.21888 0.00000 270.25126 -1.00000 0.00000 -999 290.21888
0.13354 0.91440 0.03170 -0.84526 290.21889 0.00000 270.25126 -1.00000 0.00000 -999 290.21889
0.13096 0.91440 0.03181 -0.85381 291.45575 0.00000 270.24802 -1.00000 0.00000 -999 291.45575
0.12839 0.91440 0.03191 -0.86251 292.71328 0.00000 270.24474 -1.00000 0.00000 -999 292.71328
0.12839 0.91440 0.03191 -0.86251 292.71329 0.00000 270.24474 -1.00000 0.00000 -999 292.71329
0.12839 0.91440 0.03191 -0.86251 292.71330 0.00000 270.24474 -1.00000 0.00000 -999 292.71330
0.12581 0.91440 0.03200 -0.87133 294.24864 0.00000 270.24070 -1.00000 0.00000 -999 294.24864
0.12581 0.91440 0.03200 -0.87133 294.24865 0.00000 270.24070 -1.00000 0.00000 -999 294.24865
0.12323 0.91440 0.03208 -0.88030 295.67223 0.00000 270.23695 -1.00000 0.00000 -999 295.67223
0.12323 0.91440 0.03208 -0.88030 295.67224 0.00000 270.23695 -1.00000 0.00000 -999 295.67224
0.12066 0.91440 0.03215 -0.88933 297.12034 0.00000 270.23316 -1.00000 0.00000 -999 297.12034
0.12066 0.91440 0.03215 -0.88933 297.12035 0.00000 270.23316 -1.00000 0.00000 -999 297.12035
0.11808 0.91440 0.03222 -0.89859 298.60003 0.00000 270.22930 -1.00000 0.00000 -999 298.60003
0.11808 0.91440 0.03222 -0.89859 298.60004 0.00000 270.22930 -1.00000 0.00000 -999 298.60004
0.11550 0.91440 0.03228 -0.90783 300.11114 0.00000 270.22540 -1.00000 0.00000 -999 300.11114
0.11292 0.91440 0.03233 -0.91738 301.63754 0.00000 270.22144 -1.00000 0.00000 -999 301.63754
0.11292 0.91440 0.03233 -0.91738 301.63755 0.00000 270.22144 -1.00000 0.00000 -999 301.63755
0.11292 0.91440 0.03233 -0.91738 301.63756 0.00000 270.22144 -1.00000 0.00000 -999 301.63756
0.11046 0.91440 0.03237 -0.92669 303.16273 0.00000 270.21756 -1.00000 0.00000 -999 303.16273
0.11046 0.91440 0.03237 -0.92670 303.16274 0.00000 270.21756 -1.00000 0.00000 -999 303.16274
0.10812 0.91440 0.03240 -0.93553 304.66325 0.00000 270.21383 -1.00000 0.00000 -999 304.66325
0.10812 0.91440 0.03240 -0.93553 304.66326 0.00000 270.21383 -1.00000 0.00000 -999 304.66326
0.10589 0.91440 0.03242 -0.94414 306.13119 0.00000 270.21021 -1.00000 0.00000 -999 306.13119
0.10589 0.91440 0.03242 -0.94414 306.13120 0.00000 270.21021 -1.00000 0.00000 -999 306.13120
0.10376 0.91440 0.03243 -0.95254 307.56637 0.00000 270.20671 -1.00000 0.00000 -999 307.56637
0.10376 0.91440 0.03243 -0.95254 307.56638 0.00000 270.20671 -1.00000 0.00000 -999 307.56638
0.10174 0.91440 0.03244 -0.96049 308.96427 0.00000 270.20333 -1.00000 0.00000 -999 308.96427
0.10174 0.91440 0.03244 -0.96049 308.96428 0.00000 270.20333 -1.00000 0.00000 -999 308.96428
0.09981 0.91440 0.03244 -0.96836 310.31987 0.00000 270.20005 -1.00000 0.00000 -999 310.31987
0.09798 0.91440 0.03244 -0.97588 311.62855 0.00000 270.19689 -1.00000 0.00000 -999 311.62855
0.09798 0.91440 0.03244 -0.97588 311.62856 0.00000 270.19689 -1.00000 0.00000 -999 311.62856
0.09798 0.91440 0.03244 -0.97588 311.62857 0.00000 270.19689 -1.00000 0.00000 -999 311.62857
0.09623 0.91440 0.03243 -0.98308 312.88956 0.00000 270.19385 -1.00000 0.00000 -999 312.88956
0.09623 0.91440 0.03243 -0.98308 312.88957 0.00000 270.19385 -1.00000 0.00000 -999 312.88957
0.09456 0.91440 0.03241 -0.99007 314.10396 0.00000 270.19091 -1.00000 0.00000 -999 314.10396
0.09456 0.91440 0.03241 -0.99007 314.10397 0.00000 270.19091 -1.00000 0.00000 -999 314.10397
0.09298 0.91440 0.03240 -0.99683 315.27098 0.00000 270.18804 -1.00000 0.00000 -999 315.27098
0.09298 0.91440 0.03240 -0.99683 315.27099 0.00000 270.18804 -1.00000 0.00000 -999 315.27099
0.09147 0.91440 0.03238 -1.00356 316.40289 0.00000 270.18526 -1.00000 0.00000 -999 316.40289
0.09147 0.91440 0.03238 -1.00356 316.40289 0.00000 270.18526 -1.00000 0.00000 -999 316.40289
0.09003 0.91440 0.03235 -1.00977 317.64175 0.00000 270.18233 -1.00000 0.00000 -999 317.64175
0.09003 0.91440 0.03235 -1.00977 317.64176 0.00000 270.18233 -1.00000 0.00000 -999 317.64176
0.08859 0.91440 0.03233 -1.01607 318.93996 0.00000 270.17932 -1.00000 0.00000 -999 318.93996
0.08859 0.91440 0.03233 -1.01607 318.93997 0.00000 270.17932 -1.00000 0.00000 -999 318.93997
0.08715 0.91440 0.03230 -1.02255 320.12032 0.00000 270.17660 -1.00000 0.00000 -999 320.12032
0.08715 0.91440 0.03230 -1.02255 320.12032 0.00000 270.17660 -1.00000 0.00000 -999 320.12032
0.08571 0.91440 0.03226 -1.02900 321.31989 0.00000 270.17387 -1.00000 0.00000 -999 321.31989
0.08571 0.91440 0.03226 -1.02900 321.31990 0.00000 270.17387 -1.00000 0.00000 -999 321.31990
0.08428 0.91440 0.03223 -1.03553 322.53625 0.00000 270.17107 -1.00000 0.00000 -999 322.53625
0.08428 0.91440 0.03223 -1.03553 322.53626 0.00000 270.17107 -1.00000 0.00000 -999 322.53626
0.08284 0.91440 0.03218 -1.04239 323.76836 0.00000 270.16820 -1.00000 0.00000 -999 323.76836
0.08284 0.91440 0.03218 -1.04239 323.76837 0.00000 270.16820 -1.00000 0.00000 -999 323.76837
0.08140 0.91440 0.03214 -1.04922 324.73315 0.00000 270.16595 -1.00000 0.00000 -999 324.73315
0.07996 0.91440 0.03209 -1.05610 325.71126 0.00000 270.16369 -1.00000 0.00000 -999 325.71126
0.07996 0.91440 0.03209 -1.05610 325.71127 0.00000 270.16369 -1.00000 0.00000 -999 325.71127
0.07852 0.91440 0.03204 -1.06306 327.26085 0.00000 270.16010 -1.00000 0.00000 -999 327.26085
0.07852 0.91440 0.03204 -1.06306 327.26086 0.00000 270.16010 -1.00000 0.00000 -999 327.26086
0.07852 0.91440 0.03204 -1.06306 327.26087 0.00000 270.16010 -1.00000 0.00000 -999 327.26087
0.07709 0.91440 0.03198 -1.07011 328.82841 0.00000 270.15645 -1.00000 0.00000 -999 328.82841
0.07709 0.91440 0.03198 -1.07011 328.82842 0.00000 270.15645 -1.00000 0.00000 -999 328.82842
0.07565 0.91440 0.03192 -1.07729 330.13207 0.00000 270.15340 -1.00000 0.00000 -999 330.13207
0.07565 0.91440 0.03192 -1.07729 330.13208 0.00000 270.15340 -1.00000 0.00000 -999 330.13208
0.07421 0.91440 0.03185 -1.08461 331.45460 0.00000 270.15029 -1.00000 0.00000 -999 331.45460
0.07421 0.91440 0.03185 -1.08461 331.45461 0.00000 270.15029 -1.00000 0.00000 -999 331.45461
0.07277 0.91440 0.03178 -1.09206 332.49345 0.00000 270.14784 -1.00000 0.00000 -999 332.49345
0.07134 0.91440 0.03170 -1.09965 333.55146 0.00000 270.14535 -1.00000 0.00000 -999 333.55146
0.07134 0.91440 0.03170 -1.09965 333.55147 0.00000 270.14534 -1.00000 0.00000 -999 333.55147
0.06990 0.91440 0.03162 -1.10735 334.92593 0.00000 270.14209 -1.00000 0.00000 -999 334.92593
0.06990 0.91440 0.03162 -1.10735 334.92594 0.00000 270.14209 -1.00000 0.00000 -999 334.92594
0.06846 0.91440 0.03154 -1.11519 336.32217 0.00000 270.13879 -1.00000 0.00000 -999 336.32217
0.06846 0.91440 0.03154 -1.11519 336.32218 0.00000 270.13879 -1.00000 0.00000 -999 336.32218
0.06703 0.91440 0.03144 -1.12312 337.74219 0.00000 270.13544 -1.00000 0.00000 -999 337.74219
0.06703 0.91440 0.03144 -1.12312 337.74220 0.00000 270.13544 -1.00000 0.00000 -999 337.74220
0.06559 0.91440 0.03135 -1.13116 339.73864 0.00006 270.13377 -0.25001 0.00000 -999 339.52045
0.06559 0.91440 0.03135 -1.13116 339.73865 0.00006 270.13377 -0.25000 0.00000 -999 339.52046
0.06559 0.91440 0.03135 -1.13116 339.73866 0.00006 270.13377 -0.25000 0.00000 -999 339.52047
0.06415 0.91440 0.03125 -1.13933 341.00612 0.00000 270.12781 -0.50000 0.00000 -999 341.00534
0.06272 0.91440 0.03114 -1.14774 342.40576 0.00005 270.12734 -0.33333 0.00000 -999 342.19968
0.06272 0.91440 0.03114 -1.14774 342.40577 0.00005 270.12734 -0.33333 0.00000 -999 342.19969
0.06129 0.91440 0.03103 -1.15639 344.26929 0.00013 270.12694 0.99999 0.00000 -999 343.76982
0.06129 0.91440 0.03103 -1.15639 344.26930 0.00013 270.12694 1.00000 0.00000 -999 343.76984
0.05985 0.91440 0.03091 -1.16510 346.26711 0.00013 270.12243 1.00000 0.00000 -999 345.75718
0.05985 0.91440 0.03091 -1.16510 346.26712 0.00013 270.12243 1.00000 0.00000 -999 345.75719
0.05985 0.91440 0.03091 -1.16510 346.26713 0.00013 270.12243 1.00000 0.00000 -999 345.75720
0.05842 0.91440 0.03079 -1.17406 348.63290 0.00020 270.12103 1.00000 0.00001 -999 347.81216
0.05842 0.91440 0.03079 -1.17406 348.63292 0.00020 270.12103 1.00000 0.00001 -999 347.81217
0.05698 0.91440 0.03066 -1.18312 350.56591 0.00025 270.11905 1.00000 0.00001 -999 349.55653
0.05698 0.91440 0.03066 -1.18312 350.56592 0.00025 270.11905 1.00000 0.00001 -999 349.55655
0.05555 0.91440 0.03052 -1.19235 352.48859 0.00028 270.11622 1.00000 0.00001 -999 351.35874
0.05555 0.91440 0.03052 -1.19235 352.48860 0.00028 270.11622 1.00000 0.00001 -999 351.35876
0.05412 0.91440 0.03038 -1.20184 354.34399 0.00027 270.11195 1.00000 0.00001 -999 353.22105
0.05412 0.91440 0.03038 -1.20184 354.34401 0.00027 270.11195 1.00000 0.00001 -999 353.22107
0.05269 0.91440 0.03023 -1.21147 356.37349 0.00034 270.11086 1.00000 0.00001 -999 354.97088
0.05126 0.91440 0.03008 -1.22146 358.29411 0.00038 270.10904 1.00000 0.00002 -999 356.68800
0.05126 0.91440 0.03008 -1.22146 358.29413 0.00038 270.10904 1.00000 0.00002 -999 356.68801
0.04983 0.91440 0.02992 -1.23175 360.63144 0.00045 270.10748 1.00000 0.00002 -999 358.71611
0.04983 0.91440 0.02992 -1.23176 360.63145 0.00045 270.10748 1.00000 0.00002 -999 358.71612
0.04840 0.91440 0.02975 -1.24222 362.94264 0.00050 270.10508 1.00000 0.00002 -999 360.78839
0.04840 0.91440 0.02975 -1.24222 362.94266 0.00050 270.10508 1.00000 0.00002 -999 360.78841
0.04697 0.91440 0.02957 -1.25282 365.10348 0.00051 270.10070 1.00000 0.00002 -999 362.90014
0.04697 0.91440 0.02957 -1.25282 365.10349 0.00051 270.10070 1.00000 0.00002 -999 362.90015
0.04554 0.91440 0.02939 -1.26368 367.33866 0.00052 270.09651 1.00000 0.00002 -999 365.05288
0.04554 0.91440 0.02939 -1.26368 367.33868 0.00052 270.09651 1.00000 0.00002 -999 365.05290
0.04412 0.91440 0.02919 -1.27487 369.86523 0.00059 270.09443 1.00000 0.00002 -999 367.25081
0.04412 0.91440 0.02919 -1.27487 369.86525 0.00059 270.09443 1.00000 0.00002 -999 367.25083
0.04269 0.91440 0.02899 -1.28647 372.59377 0.00069 270.09348 1.00000 0.00003 -999 369.49783
0.04269 0.91440 0.02899 -1.28647 372.59379 0.00069 270.09348 1.00000 0.00003 -999 369.49784
0.04127 0.91440 0.02878 -1.29849 375.13432 0.00074 270.09008 1.00000 0.00003 -999 371.79555
0.04127 0.91440 0.02878 -1.29849 375.13433 0.00074 270.09008 1.00000 0.00003 -999 371.79556
0.03985 0.91440 0.02856 -1.31087 376.42554 0.00149 269.75259 0.33334 0.00002 -999 374.14429
0.03985 0.91440 0.02856 -1.31087 376.42555 0.00149 269.75259 0.33333 0.00002 -999 374.14430
0.03843 0.91440 0.02833 -1.32348 377.15228 0.00234 269.33834 -0.66666 0.00001 -999 376.55090
0.03843 0.91440 0.02833 -1.32348 377.15229 0.00234 269.33834 -0.66667 0.00001 -999 376.55092
0.03701 0.91440 0.02809 -1.33627 379.04016 0.00291 269.10557 -1.00000 0.00000 -999 379.04016
0.03701 0.91440 0.02809 -1.33627 379.04017 0.00291 269.10557 -1.00000 0.00000 -999 379.04017
0.03559 0.91440 0.02784 -1.34950 381.64994 0.00354 268.90154 -1.00000 0.00000 -999 381.64994
0.03559 0.91440 0.02784 -1.34950 381.64996 0.00354 268.90154 -1.00000 0.00000 -999 381.64996
0.03417 0.91440 0.02758 -1.36343 384.40560 0.00439 268.63018 -1.00000 0.00000 -999 384.40560
0.03417 0.91440 0.02758 -1.36343 384.40562 0.00439 268.63018 -1.00000 0.00000 -999 384.40562
0.03276 0.91440 0.02731 -1.37787 387.30458 0.00479 268.50524 -1.00000 0.00000 -999 387.30458
0.03276 0.91440 0.02731 -1.37787 387.30460 0.00479 268.50524 -1.00000 0.00000 -999 387.30460
0.03135 0.91440 0.02703 -1.39266 408.18254 0.00591 268.42819 -0.00001 0.00015 -999 390.32427
0.03135 0.91440 0.02703 -1.39266 408.18269 0.00591 268.42818 0.00000 0.00015 -999 390.32429
0.02994 0.91440 0.02673 -1.40773 427.37416 0.00677 268.28205 0.99999 0.00029 -999 393.43290
0.02994 0.91440 0.02673 -1.40773 427.37431 0.00677 268.28205 1.00000 0.00029 -999 393.43292
0.02854 0.91440 0.02642 -1.42316 434.69095 0.00748 268.28321 1.00000 0.00032 -999 396.60249
0.02854 0.91440 0.02642 -1.42316 434.69101 0.00748 268.28321 1.00000 0.00032 -999 396.60251
0.02713 0.91440 0.02610 -1.43916 443.90733 0.00854 268.28998 1.00000 0.00037 -999 399.81973
0.02713 0.91440 0.02610 -1.43916 443.90739 0.00854 268.28998 1.00000 0.00037 -999 399.81976
0.02574 0.91440 0.02576 -1.45620 452.60009 0.00946 268.29278 1.00000 0.00041 -999 403.07870
0.02574 0.91440 0.02576 -1.45620 452.60015 0.00946 268.29278 1.00000 0.00041 -999 403.07873
0.02434 0.91440 0.02540 -1.47380 462.79574 0.01062 268.29871 1.00000 0.00046 -999 406.38431
0.02434 0.91440 0.02540 -1.47380 462.79582 0.01062 268.29871 1.00000 0.00046 -999 406.38433
0.02434 0.91440 0.02540 -1.47380 462.79594 0.01062 268.29871 1.00000 0.00046 -999 406.38436
0.02295 0.91440 0.02503 -1.49155 482.40626 0.01348 268.32867 1.00000 0.00059 -999 409.78487
0.02157 0.91440 0.02464 -1.50921 510.05638 0.01774 268.37542 1.00000 0.00079 -999 413.36134
0.02157 0.91440 0.02464 -1.50921 510.05659 0.01774 268.37542 1.00000 0.00079 -999 413.36137
0.02019 0.91440 0.02422 -1.52768 542.89540 0.02283 268.42536 1.00000 0.00102 -999 417.13548
0.02019 0.91440 0.02422 -1.52768 542.89564 0.02283 268.42536 1.00000 0.00102 -999 417.13551
0.01882 0.91440 0.02379 -1.54726 573.37597 0.02736 268.46350 1.00000 0.00123 -999 420.96817
0.01882 0.91440 0.02379 -1.54726 573.37620 0.02736 268.46350 1.00000 0.00123 -999 420.96819
0.01745 0.91440 0.02334 -1.56705 603.12851 0.03177 268.49370 1.00000 0.00144 -999 424.64746
0.01745 0.91440 0.02334 -1.56705 603.12876 0.03177 268.49370 1.00000 0.00144 -999 424.64749
0.01610 0.91440 0.02285 -1.58570 645.78664 0.03870 268.54536 1.00000 0.00177 -999 428.12425
0.01610 0.91440 0.02285 -1.58570 645.78691 0.03870 268.54536 1.00000 0.00177 -999 428.12428
0.01475 0.91440 0.02234 -1.60348 680.37565 0.04407 268.57881 1.00000 0.00203 -999 431.53231
0.01475 0.91440 0.02234 -1.60348 680.37594 0.04407 268.57881 1.00000 0.00203 -999 431.53234
0.01342 0.91440 0.02180 -1.62238 723.25477 0.05137 268.62334 1.00000 0.00238 -999 434.79696
0.01342 0.91440 0.02180 -1.62238 723.25507 0.05137 268.62334 1.00000 0.00238 -999 434.79698
0.01210 0.91440 0.02123 -1.63956 786.23611 0.06387 268.70584 1.00000 0.00298 -999 437.50454
0.01210 0.91440 0.02123 -1.63956 786.23657 0.06388 268.70584 1.00000 0.00298 -999 437.50456
0.01079 0.91440 0.02062 -1.65207 853.00960 0.07899 268.80731 1.00000 0.00370 -999 439.35111
0.01079 0.91440 0.02062 -1.65207 853.01011 0.07899 268.80731 1.00000 0.00370 -999 439.35113
0.00951 0.91440 0.01996 -1.65796 912.68031 0.09664 268.92889 1.00000 0.00454 -999 440.14445
0.00951 0.91440 0.01996 -1.65796 912.68077 0.09664 268.92889 1.00000 0.00454 -999 440.14445
0.00826 0.91440 0.01926 -1.66091 966.05116 0.11776 269.08441 1.00000 0.00553 -999 439.35369
0.00826 0.91440 0.01926 -1.66091 966.05153 0.11776 269.08441 1.00000 0.00553 -999 439.35369
0.00709 0.91440 0.01854 -1.65254 999.01652 0.13913 269.25996 1.00000 0.00651 -999 436.47667
0.00709 0.91440 0.01854 -1.65254 999.01676 0.13913 269.25996 1.00000 0.00651 -999 436.47664
0.00603 0.91440 0.01782 -1.62526 1021.74739 0.16820 269.52077 1.00000 0.00779 -999 431.61106
0.00603 0.91440 0.01782 -1.62526 1021.74756 0.16820 269.52077 1.00000 0.00779 -999 431.61103
0.00507 0.91440 0.01709 -1.58713 1032.55456 0.20591 269.87886 1.00000 0.00939 -999 425.43077
0.00507 0.91440 0.01709 -1.58713 1032.55464 0.20591 269.87886 1.00000 0.00939 -999 425.43073
0.00423 0.91440 0.01638 -1.53150 1030.73880 0.24386 270.26564 1.00000 0.01087 -999 418.97757
0.00423 0.91440 0.01638 -1.53150 1030.73878 0.24386 270.26564 1.00000 0.01087 -999 418.97752
0.00350 0.91440 0.01567 -1.44710 1023.49601 0.28293 270.68503 1.00000 0.01219 -999 413.25342
0.00350 0.91440 0.01567 -1.44710 1023.49596 0.28293 270.68503 1.00000 0.01219 -999 413.25338
0.00284 0.91440 0.01497 -1.33605 1016.50368 0.31941 271.09344 1.00000 0.01314 -999 409.17528
0.00284 0.91440 0.01497 -1.33605 1016.50362 0.31942 271.09345 1.00000 0.01314 -999 409.17525
0.00228 0.91440 0.01426 -1.20185 1014.26063 0.36058 271.54032 1.00000 0.01396 -999 407.56624
0.00228 0.91440 0.01426 -1.20185 1014.26061 0.36058 271.54032 1.00000 0.01396 -999 407.56622
0.00179 0.91440 0.01356 -1.04343 1018.21322 0.41577 272.09615 1.00000 0.01493 -999 408.57444
0.00179 0.91440 0.01356 -1.04343 1018.21325 0.41577 272.09616 1.00000 0.01493 -999 408.57445
0.00137 0.91440 0.01285 -0.86108 1026.14166 0.47299 272.78309 0.99290 0.01536 -999 411.52278
0.00137 0.91440 0.01285 -0.86107 1026.14172 0.47299 272.78310 0.99290 0.01536 -999 411.52281
0.00104 0.91440 0.01216 -0.65336 1032.34405 0.52850 273.09352 0.92037 0.01411 -999 414.84177
0.00104 0.91440 0.01216 -0.65336 1032.34409 0.52850 273.09352 0.92037 0.01411 -999 414.84180
0.00076 0.91440 0.01145 -0.42606 1030.37233 0.57332 273.15000 0.82185 0.01187 -999 416.86120
0.00076 0.91440 0.01145 -0.42606 1030.37231 0.57332 273.15000 0.82185 0.01187 -999 416.86121
0.00055 0.91440 0.01074 -0.19401 1014.01515 0.61563 273.15000 0.73721 0.00957 -999 417.19402
0.00055 0.91440 0.01074 -0.19401 1014.01503 0.61563 273.15000 0.73721 0.00957 -999 417.19402
0.00041 0.91440 0.01002 0.02938 972.24538 0.65461 273.15000 0.64962 0.00733 -999 416.09475
0.00041 0.91440 0.01002 0.02939 972.24507 0.65461 273.15000 0.64962 0.00733 -999 416.09474
0.00032 0.91440 0.00930 0.24109 887.28092 0.68519 273.15000 0.56028 0.00519 -999 413.12110
0.00032 0.91440 0.00930 0.24109 887.28031 0.68519 273.15000 0.56028 0.00519 -999 413.12107
0.00031 0.91440 0.00858 0.43967 757.17974 0.70629 273.15000 0.46404 0.00331 -999 408.03195
0.00031 0.91440 0.00858 0.43968 757.17881 0.70629 273.15000 0.46404 0.00331 -999 408.03192
0.00035 0.91440 0.00784 0.61291 621.45572 0.71785 273.15000 0.38170 0.00193 -999 401.67877
0.00035 0.91440 0.00784 0.61291 621.45474 0.71785 273.15000 0.38170 0.00193 -999 401.67872
0.00046 0.91440 0.00710 0.75597 516.99049 0.72786 273.15000 0.32188 0.00105 -999 394.51849
0.00046 0.91440 0.00710 0.75597 516.98974 0.72786 273.15000 0.32188 0.00105 -999 394.51844
0.00064 0.91440 0.00636 0.86665 446.00257 0.72944 273.15000 0.28439 0.00052 -999 385.91521
0.00064 0.91440 0.00636 0.86665 446.00206 0.72944 273.15000 0.28438 0.00052 -999 385.91515
0.00087 0.91440 0.00562 0.94727 397.82057 0.71435 273.15000 0.26427 0.00020 -999 375.12606
0.00087 0.91440 0.00562 0.94727 397.82023 0.71435 273.15000 0.26427 0.00020 -999 375.12599
0.00087 0.91440 0.00562 0.94727 397.82000 0.71435 273.15000 0.26427 0.00020 -999 375.12589
0.00119 0.91440 0.00487 0.99864 366.38556 0.69456 273.15000 0.25372 0.00004 -999 362.17820
0.00158 0.91440 0.00410 1.02347 346.30648 0.67557 273.15000 0.24865 0.00000 -999 346.30645
0.00158 0.91440 0.00410 1.02347 346.30635 0.67557 273.15000 0.24865 0.00000 -999 346.30635
0.00158 0.91440 0.00410 1.02347 346.30623 0.67557 273.15000 0.24865 0.00000 -999 346.30623
0.00205 0.91440 0.00332 1.02482 332.48663 0.65014 273.15000 0.24896 0.00000 -999 332.48663
0.00260 0.91440 0.00252 1.00718 318.98723 0.62174 273.15000 0.25072 0.00001 -999 318.18607
0.00260 0.91440 0.00252 1.00718 318.98713 0.62174 273.15000 0.25072 0.00001 -999 318.18595
0.00324 0.91440 0.00172 0.97472 307.20852 0.58990 273.15000 0.25504 0.00007 -999 300.59129
0.00324 0.91440 0.00172 0.97472 307.20844 0.58990 273.15000 0.25504 0.00007 -999 300.59117
0.00398 0.91440 0.00089 0.93119 299.65822 0.55281 273.15000 0.26499 0.00019 -999 283.16685
0.00398 0.91440 0.00089 0.93119 299.65817 0.55281 273.15000 0.26499 0.00019 -999 283.16673
0.00398 0.91440 0.00089 0.93119 299.65813 0.55281 273.15000 0.26499 0.00019 -999 283.16662
0.00483 0.91440 0.00003 0.87888 294.46158 0.51923 273.15000 0.27588 0.00031 -999 269.57443
0.00579 0.91440 -0.00084 0.82135 291.25650 0.48787 273.15000 0.28921 0.00043 -999 257.96933
0.00579 0.91440 -0.00084 0.82135 291.25647 0.48787 273.15000 0.28921 0.00043 -999 257.96924
0.00686 0.91440 -0.00172 0.76167 289.55747 0.44695 273.15000 0.31052 0.00058 -999 246.62020
0.00686 0.91440 -0.00172 0.76167 289.55746 0.44695 273.15000 0.31052 0.00058 -999 246.62013
0.00686 0.91440 -0.00172 0.76167 289.55747 0.44695 273.15000 0.31052 0.00058 -999 246.62007
0.00802 0.91440 -0.00259 0.70296 290.20248 0.41760 273.15000 0.33046 0.00072 -999 238.84474
0.00920 0.91440 -0.00342 0.64791 292.30858 0.39054 273.15000 0.35347 0.00086 -999 233.09737
0.00920 0.91440 -0.00342 0.64791 292.30860 0.39054 273.15000 0.35347 0.00086 -999 233.09732
0.01041 0.91440 -0.00421 0.59715 296.06854 0.36211 273.15000 0.38247 0.00098 -999 229.38352
0.01041 0.91440 -0.00421 0.59715 296.06857 0.36211 273.15000 0.38247 0.00098 -999 229.38349
0.01165 0.91440 -0.00496 0.55085 302.13478 0.33733 273.15000 0.41507 0.00111 -999 227.75309
0.01165 0.91440 -0.00496 0.55085 302.13482 0.33733 273.15000 0.41507 0.00111 -999 227.75308
0.01290 0.91440 -0.00568 0.50837 310.58052 0.31520 273.15000 0.45169 0.00123 -999 227.93078
0.01290 0.91440 -0.00568 0.50837 310.58058 0.31520 273.15000 0.45169 0.00123 -999 227.93078
0.01290 0.91440 -0.00568 0.50837 310.58066 0.31520 273.15000 0.45169 0.00123 -999 227.93079
0.01417 0.91440 -0.00637 0.46898 320.89132 0.29544 273.15000 0.49387 0.00136 -999 229.34971
0.01545 0.91440 -0.00704 0.43268 332.38080 0.27462 273.15000 0.54539 0.00149 -999 231.54782
0.01545 0.91440 -0.00704 0.43268 332.38089 0.27462 273.15000 0.54539 0.00149 -999 231.54783
0.01545 0.91440 -0.00704 0.43268 332.38098 0.27462 273.15000 0.54539 0.00149 -999 231.54785
0.01675 0.91440 -0.00768 0.39950 345.35297 0.25720 273.15000 0.59915 0.00163 -999 234.50066
0.01806 0.91440 -0.00830 0.36892 360.14428 0.24111 273.15000 0.66376 0.00178 -999 238.26729
0.01806 0.91440 -0.00830 0.36892 360.14439 0.24111 273.15000 0.66376 0.00178 -999 238.26732
0.01937 0.91440 -0.00890 0.34034 376.22978 0.22640 273.15000 0.73283 0.00193 -999 242.48717
0.01937 0.91440 -0.00890 0.34034 376.22990 0.22640 273.15000 0.73283 0.00193 -999 242.48720
0.01937 0.91440 -0.00890 0.34034 376.23002 0.22640 273.15000 0.73283 0.00193 -999 242.48723
0.02070 0.91440 -0.00949 0.31367 392.65416 0.21493 273.15000 0.80424 0.00209 -999 246.62153
0.02203 0.91440 -0.01005 0.28900 408.55286 0.20173 273.15000 0.89085 0.00225 -999 250.39028
0.02203 0.91440 -0.01005 0.28900 408.55298 0.20173 273.15000 0.89085 0.00225 -999 250.39030
0.02337 0.91440 -0.01060 0.26609 421.79753 0.18998 272.97560 0.96490 0.00237 -999 253.81178
0.02337 0.91440 -0.01060 0.26609 421.79763 0.18998 272.97560 0.96490 0.00237 -999 253.81181
0.02471 0.91440 -0.01113 0.24464 432.20555 0.18373 272.76414 1.00000 0.00245 -999 257.02357
0.02471 0.91440 -0.01113 0.24464 432.20562 0.18373 272.76414 1.00000 0.00245 -999 257.02359
0.02471 0.91440 -0.01113 0.24464 432.20564 0.18373 272.76414 1.00000 0.00245 -999 257.02362
0.02606 0.91440 -0.01164 0.22441 434.28205 0.17547 272.57846 1.00000 0.00240 -999 260.07137
0.02742 0.91440 -0.01215 0.20535 435.21526 0.16701 272.39959 1.00000 0.00234 -999 262.84654
0.02742 0.91440 -0.01215 0.20535 435.21528 0.16701 272.39959 1.00000 0.00234 -999 262.84656
0.02878 0.91440 -0.01264 0.18750 436.26120 0.16021 272.25160 1.00000 0.00230 -999 265.23076
0.02878 0.91440 -0.01264 0.18750 436.26121 0.16021 272.25160 1.00000 0.00230 -999 265.23078
0.03014 0.91440 -0.01312 0.17073 437.79926 0.15515 272.13461 1.00000 0.00227 -999 267.22139
0.03014 0.91440 -0.01312 0.17073 437.79926 0.15515 272.13461 1.00000 0.00227 -999 267.22140
0.03014 0.91440 -0.01312 0.17073 437.79925 0.15515 272.13460 1.00000 0.00227 -999 267.22141
0.03151 0.91440 -0.01358 0.15499 436.95323 0.14863 272.00442 1.00000 0.00222 -999 268.90368
0.03288 0.91440 -0.01404 0.14000 434.85686 0.14165 271.87268 1.00000 0.00215 -999 270.36907
0.03288 0.91440 -0.01404 0.14000 434.85685 0.14165 271.87267 1.00000 0.00215 -999 270.36908
0.03288 0.91440 -0.01404 0.14000 434.85684 0.14165 271.87267 1.00000 0.00215 -999 270.36909
0.03426 0.91440 -0.01448 0.12576 431.94146 0.13462 271.74323 1.00000 0.00208 -999 271.67119
0.03564 0.91440 -0.01492 0.11226 429.91126 0.12899 271.63559 1.00000 0.00202 -999 272.83807
0.03564 0.91440 -0.01492 0.11226 429.91124 0.12899 271.63558 1.00000 0.00202 -999 272.83808
0.03702 0.91440 -0.01534 0.09948 428.07787 0.12446 271.54881 1.00000 0.00198 -999 273.75529
0.03702 0.91440 -0.01534 0.09948 428.07787 0.12446 271.54880 1.00000 0.00198 -999 273.75530
0.03841 0.91440 -0.01576 0.08745 424.56978 0.11839 271.43743 1.00000 0.00191 -999 274.72516
0.03841 0.91440 -0.01576 0.08745 424.56975 0.11839 271.43743 1.00000 0.00191 -999 274.72517
0.03841 0.91440 -0.01576 0.08745 424.56973 0.11839 271.43743 1.00000 0.00191 -999 274.72517
0.03979 0.91440 -0.01617 0.07599 421.39585 0.11289 271.33566 1.00000 0.00184 -999 275.59492
0.04118 0.91440 -0.01656 0.06501 419.85082 0.10951 271.26730 1.00000 0.00181 -999 276.22710
0.04118 0.91440 -0.01656 0.06501 419.85079 0.10951 271.26730 1.00000 0.00181 -999 276.22711
0.04118 0.91440 -0.01656 0.06501 419.85075 0.10951 271.26730 1.00000 0.00181 -999 276.22711
0.04258 0.91440 -0.01695 0.05451 416.66406 0.10506 271.18640 1.00000 0.00175 -999 276.69821
0.04258 0.91440 -0.01695 0.05451 416.66405 0.10506 271.18640 1.00000 0.00175 -999 276.69821
0.04397 0.91440 -0.01734 0.04447 412.99748 0.10067 271.10614 1.00000 0.00170 -999 277.01569
0.04397 0.91440 -0.01734 0.04447 412.99744 0.10067 271.10613 1.00000 0.00170 -999 277.01569
0.04537 0.91440 -0.01771 0.03491 407.94679 0.09548 271.01537 1.00000 0.00163 -999 277.19828
0.04677 0.91440 -0.01808 0.02583 402.97694 0.09066 270.93048 1.00000 0.00156 -999 277.27265
0.04677 0.91440 -0.01808 0.02583 402.97690 0.09066 270.93048 1.00000 0.00156 -999 277.27265
0.04677 0.91440 -0.01808 0.02583 402.97688 0.09066 270.93048 1.00000 0.00156 -999 277.27265
0.04817 0.91440 -0.01844 0.01718 398.91621 0.08677 270.86023 1.00000 0.00151 -999 277.26984
0.04957 0.91440 -0.01879 0.00888 395.23851 0.08334 270.79700 1.00000 0.00146 -999 277.21794
0.04957 0.91440 -0.01879 0.00888 395.23849 0.08334 270.79700 1.00000 0.00146 -999 277.21794
0.04957 0.91440 -0.01879 0.00888 395.23845 0.08334 270.79700 1.00000 0.00146 -999 277.21794
0.05097 0.91440 -0.01914 0.00085 391.61202 0.08008 270.73622 1.00000 0.00141 -999 277.13521
0.05097 0.91440 -0.01914 0.00085 391.61198 0.08008 270.73622 1.00000 0.00141 -999 277.13521
0.05238 0.91440 -0.01948 -0.00680 386.64055 0.07596 270.66085 1.00000 0.00135 -999 277.03029
0.05238 0.91440 -0.01948 -0.00680 386.64052 0.07596 270.66085 1.00000 0.00135 -999 277.03029
0.05379 0.91440 -0.01981 -0.01416 383.06116 0.07294 270.60416 1.00000 0.00131 -999 276.90745
0.05379 0.91440 -0.01981 -0.01416 383.06114 0.07294 270.60415 1.00000 0.00131 -999 276.90745
0.05519 0.91440 -0.02014 -0.02120 379.88764 0.07032 270.55335 1.00000 0.00127 -999 276.76746
0.05519 0.91440 -0.02014 -0.02120 379.88761 0.07032 270.55335 1.00000 0.00127 -999 276.76746
0.05660 0.91440 -0.02046 -0.02792 376.62797 0.06771 270.50264 1.00000 0.00123 -999 276.60899
0.05660 0.91440 -0.02046 -0.02792 376.62795 0.06771 270.50264 1.00000 0.00123 -999 276.60899
0.05802 0.91440 -0.02078 -0.03439 375.16655 0.06641 270.47469 1.00000 0.00121 -999 276.41339
0.05802 0.91440 -0.02078 -0.03439 375.16654 0.06641 270.47469 1.00000 0.00121 -999 276.41339
0.05943 0.91440 -0.02109 -0.04057 371.87654 0.06393 270.42687 1.00000 0.00118 -999 276.23458
0.06084 0.91440 -0.02139 -0.04656 368.91770 0.06174 270.38387 1.00000 0.00114 -999 276.04274
0.06084 0.91440 -0.02139 -0.04656 368.91768 0.06174 270.38387 1.00000 0.00114 -999 276.04274
0.06084 0.91440 -0.02139 -0.04656 368.91766 0.06174 270.38387 1.00000 0.00114 -999 276.04274
0.06226 0.91440 -0.02169 -0.05236 365.94343 0.05956 270.34016 1.00000 0.00111 -999 275.79180
0.06226 0.91440 -0.02169 -0.05236 365.94340 0.05956 270.34016 1.00000 0.00111 -999 275.79180
0.06367 0.91440 -0.02199 -0.05792 363.17936 0.05760 270.30054 1.00000 0.00108 -999 275.54338
0.06367 0.91440 -0.02199 -0.05792 363.17935 0.05760 270.30054 1.00000 0.00108 -999 275.54338
0.06509 0.91440 -0.02228 -0.06324 360.26550 0.05558 270.25981 1.00000 0.00104 -999 275.27535
0.06651 0.91440 -0.02256 -0.06835 356.91364 0.05333 270.21405 1.00000 0.00101 -999 274.98760
0.06651 0.91440 -0.02256 -0.06835 356.91362 0.05333 270.21405 1.00000 0.00101 -999 274.98759
0.06651 0.91440 -0.02256 -0.06835 356.91360 0.05333 270.21405 1.00000 0.00101 -999 274.98759
0.06793 0.91440 -0.02284 -0.07328 354.68119 0.05186 270.18364 1.00000 0.00098 -999 274.68035
0.06793 0.91440 -0.02284 -0.07328 354.68117 0.05186 270.18364 1.00000 0.00098 -999 274.68034
0.06935 0.91440 -0.02312 -0.07802 352.75538 0.05064 270.15776 1.00000 0.00096 -999 274.35419
0.06935 0.91440 -0.02312 -0.07802 352.75535 0.05064 270.15776 1.00000 0.00096 -999 274.35419
0.07077 0.91440 -0.02339 -0.08260 349.24549 0.04840 270.11175 1.00000 0.00093 -999 274.00991
0.07077 0.91440 -0.02339 -0.08260 349.24548 0.04840 270.11175 1.00000 0.00093 -999 274.00990
0.07219 0.91440 -0.02365 -0.08702 345.68467 0.04617 270.06554 1.00000 0.00089 -999 273.64818
0.07219 0.91440 -0.02365 -0.08702 345.68464 0.04617 270.06553 1.00000 0.00089 -999 273.64818
0.07361 0.91440 -0.02391 -0.09129 343.80068 0.04507 270.04212 1.00000 0.00087 -999 273.26963
0.07361 0.91440 -0.02391 -0.09129 343.80067 0.04507 270.04212 1.00000 0.00087 -999 273.26963
0.07503 0.91440 -0.02417 -0.09541 341.01379 0.04341 270.00683 1.00000 0.00084 -999 272.87486
0.07503 0.91440 -0.02417 -0.09541 341.01376 0.04341 270.00683 1.00000 0.00084 -999 272.87486
0.07646 0.91440 -0.02442 -0.09937 338.10426 0.04171 269.97022 1.00000 0.00081 -999 272.46470
0.07646 0.91440 -0.02442 -0.09937 338.10424 0.04171 269.97022 1.00000 0.00081 -999 272.46470
0.07788 0.91440 -0.02467 -0.10320 334.75593 0.03974 269.92805 1.00000 0.00077 -999 272.04008
0.07788 0.91440 -0.02467 -0.10320 334.75591 0.03974 269.92805 1.00000 0.00077 -999 272.04007
0.07931 0.91440 -0.02492 -0.10689 332.90480 0.03877 269.90649 1.00000 0.00076 -999 271.60207
0.08073 0.91440 -0.02516 -0.11042 330.45858 0.03743 269.87687 1.00000 0.00073 -999 271.15307
0.08073 0.91440 -0.02516 -0.11042 330.45856 0.03743 269.87687 1.00000 0.00073 -999 271.15306
0.08073 0.91440 -0.02516 -0.11042 330.45854 0.03743 269.87687 1.00000 0.00073 -999 271.15306
0.08216 0.91440 -0.02540 -0.11384 325.92790 0.03478 269.81821 1.00000 0.00068 -999 270.69668
0.08216 0.91440 -0.02540 -0.11384 325.92788 0.03478 269.81821 1.00000 0.00068 -999 270.69668
0.08359 0.91440 -0.02563 -0.11714 324.18585 0.03392 269.79847 1.00000 0.00067 -999 270.23677
0.08359 0.91440 -0.02563 -0.11714 324.18584 0.03392 269.79847 1.00000 0.00067 -999 270.23677
0.08501 0.91440 -0.02586 -0.12036 322.13867 0.03287 269.77461 1.00000 0.00065 -999 269.77477
0.08501 0.91440 -0.02586 -0.12036 322.13865 0.03287 269.77461 1.00000 0.00065 -999 269.77477
0.08644 0.91440 -0.02609 -0.12348 319.84984 0.03168 269.74759 1.00000 0.00063 -999 269.30774
0.08787 0.91440 -0.02631 -0.12641 317.42789 0.03043 269.71856 1.00000 0.00061 -999 268.83212
0.08787 0.91440 -0.02631 -0.12641 317.42788 0.03043 269.71856 1.00000 0.00061 -999 268.83212
0.08787 0.91440 -0.02631 -0.12641 317.42785 0.03043 269.71856 1.00000 0.00061 -999 268.83211
0.08937 0.91440 -0.02654 -0.12939 313.91608 0.02849 269.67313 1.00000 0.00057 -999 268.34240
0.08937 0.91440 -0.02654 -0.12939 313.91606 0.02849 269.67313 1.00000 0.00057 -999 268.34240
0.09095 0.91440 -0.02678 -0.13247 310.40097 0.02661 269.62843 1.00000 0.00053 -999 267.77604
0.09095 0.91440 -0.02678 -0.13247 310.40095 0.02661 269.62843 1.00000 0.00053 -999 267.77603
0.09260 0.91440 -0.02702 -0.13546 308.79688 0.02590 269.61129 1.00000 0.00052 -999 267.28400
0.09434 0.91440 -0.02728 -0.13853 305.37635 0.02409 269.56719 1.00000 0.00048 -999 266.71774
0.09434 0.91440 -0.02728 -0.13853 305.37633 0.02409 269.56719 1.00000 0.00048 -999 266.71773
0.09434 0.91440 -0.02728 -0.13853 305.37631 0.02409 269.56719 1.00000 0.00048 -999 266.71773
0.09617 0.91440 -0.02754 -0.14165 302.94692 0.02301 269.54027 1.00000 0.00046 -999 266.00037
0.09617 0.91440 -0.02754 -0.14165 302.94691 0.02301 269.54027 1.00000 0.00046 -999 266.00037
0.09809 0.91440 -0.02780 -0.14479 300.94517 0.02213 269.51839 1.00000 0.00045 -999 265.38978
0.09809 0.91440 -0.02780 -0.14479 300.94516 0.02213 269.51839 1.00000 0.00045 -999 265.38977
0.10011 0.91440 -0.02808 -0.14782 299.65054 0.02170 269.50804 1.00000 0.00044 -999 264.75725
0.10011 0.91440 -0.02808 -0.14782 299.65052 0.02170 269.50804 1.00000 0.00044 -999 264.75725
0.10222 0.91440 -0.02836 -0.15095 297.59915 0.02074 269.48346 1.00000 0.00042 -999 264.24951
0.10445 0.91440 -0.02865 -0.15403 294.84781 0.01944 269.45039 1.00000 0.00040 -999 263.57106
0.10445 0.91440 -0.02865 -0.15403 294.84779 0.01944 269.45039 1.00000 0.00040 -999 263.57105
0.10445 0.91440 -0.02865 -0.15403 294.84778 0.01944 269.45039 1.00000 0.00040 -999 263.57105
0.10679 0.91440 -0.02894 -0.15701 293.03361 0.01885 269.43550 1.00000 0.00039 -999 262.70596
0.10679 0.91440 -0.02894 -0.15701 293.03359 0.01885 269.43550 1.00000 0.00039 -999 262.70596
0.10924 0.91440 -0.02925 -0.15998 291.18775 0.01816 269.41763 1.00000 0.00037 -999 261.97674
0.10924 0.91440 -0.02925 -0.15998 291.18773 0.01816 269.41763 1.00000 0.00037 -999 261.97673
0.11182 0.91440 -0.02956 -0.16290 288.34660 0.01685 269.38309 1.00000 0.00035 -999 261.24581
0.11182 0.91440 -0.02956 -0.16290 288.34658 0.01685 269.38309 1.00000 0.00035 -999 261.24581
0.11438 0.91440 -0.02986 -0.16572 285.27037 0.01539 269.34430 1.00000 0.00032 -999 260.52242
0.11438 0.91440 -0.02986 -0.16572 285.27036 0.01539 269.34430 1.00000 0.00032 -999 260.52242
0.11693 0.91440 -0.03015 -0.16822 283.90045 0.01498 269.33384 1.00000 0.00031 -999 259.81697
0.11693 0.91440 -0.03015 -0.16822 283.90044 0.01498 269.33384 1.00000 0.00031 -999 259.81696
0.11949 0.91440 -0.03043 -0.17062 281.68638 0.01394 269.30536 1.00000 0.00029 -999 259.28063
0.12205 0.91440 -0.03070 -0.17280 278.96138 0.01267 269.27020 1.00000 0.00026 -999 258.61293
0.12205 0.91440 -0.03070 -0.17280 278.96135 0.01267 269.27019 1.00000 0.00026 -999 258.61292
0.12205 0.91440 -0.03070 -0.17280 278.96134 0.01267 269.27019 1.00000 0.00026 -999 258.61292
0.12461 0.91440 -0.03097 -0.17487 276.92959 0.01191 269.24949 1.00000 0.00025 -999 257.82112
0.12461 0.91440 -0.03097 -0.17487 276.92958 0.01191 269.24949 1.00000 0.00025 -999 257.82112
0.12717 0.91440 -0.03123 -0.17679 275.36315 0.01124 269.23086 1.00000 0.00023 -999 257.33212
0.12974 0.91440 -0.03148 -0.17859 273.82257 0.01059 269.21229 1.00000 0.00022 -999 256.85334
0.12974 0.91440 -0.03148 -0.17859 273.82255 0.01059 269.21229 1.00000 0.00022 -999 256.85333
0.13230 0.91440 -0.03172 -0.18020 271.53166 0.00959 269.18401 1.00000 0.00020 -999 256.16757
0.13230 0.91440 -0.03172 -0.18020 271.53165 0.00959 269.18401 1.00000 0.00020 -999 256.16756
0.13230 0.91440 -0.03172 -0.18020 271.53163 0.00959 269.18400 1.00000 0.00020 -999 256.16756
0.13486 0.91440 -0.03196 -0.18167 269.74194 0.00885 269.16260 1.00000 0.00018 -999 255.58592
0.13743 0.91440 -0.03219 -0.18303 267.96873 0.00809 269.14060 1.00000 0.00017 -999 255.03741
0.13743 0.91440 -0.03219 -0.18303 267.96872 0.00809 269.14060 1.00000 0.00017 -999 255.03740
0.13999 0.91440 -0.03242 -0.18430 266.45265 0.00762 269.12667 1.00000 0.00016 -999 254.30152
0.13999 0.91440 -0.03242 -0.18430 266.45263 0.00762 269.12667 1.00000 0.00016 -999 254.30152
0.13999 0.91440 -0.03242 -0.18430 266.45262 0.00762 269.12667 1.00000 0.00016 -999 254.30151
0.14255 0.91440 -0.03263 -0.18551 264.23652 0.00662 269.09714 1.00000 0.00014 -999 253.69410
0.14512 0.91440 -0.03285 -0.18654 262.38995 0.00576 269.07169 1.00000 0.00012 -999 253.21366
0.14512 0.91440 -0.03285 -0.18654 262.38994 0.00576 269.07169 1.00000 0.00012 -999 253.21365
0.14769 0.91440 -0.03305 -0.18744 260.19998 0.00479 269.04232 1.00000 0.00010 -999 252.58511
0.14769 0.91440 -0.03305 -0.18744 260.19996 0.00479 269.04232 1.00000 0.00010 -999 252.58511
0.15025 0.91440 -0.03325 -0.18829 258.85715 0.00441 269.03115 1.00000 0.00009 -999 251.86461
0.15025 0.91440 -0.03325 -0.18829 258.85714 0.00441 269.03115 1.00000 0.00009 -999 251.86461
0.15025 0.91440 -0.03325 -0.18829 258.85713 0.00441 269.03115 1.00000 0.00009 -999 251.86460
0.15282 0.91440 -0.03344 -0.18910 257.79219 0.00419 269.02568 0.66666 0.00009 -999 251.15297
0.15539 0.91440 -0.03363 -0.18973 256.66667 0.00391 269.01748 0.66666 0.00008 -999 250.49235
0.15539 0.91440 -0.03363 -0.18973 256.66665 0.00391 269.01748 0.66666 0.00008 -999 250.49234
0.15539 0.91440 -0.03363 -0.18973 256.66664 0.00391 269.01748 0.66666 0.00008 -999 250.49234
0.15796 0.91440 -0.03381 -0.19029 252.97419 0.00360 269.06842 0.00000 0.00004 -999 249.82485
0.15796 0.91440 -0.03381 -0.19029 252.97418 0.00360 269.06842 0.00000 0.00004 -999 249.82484
0.16052 0.91440 -0.03399 -0.19086 252.20190 0.00353 269.07065 0.00000 0.00004 -999 249.15328
0.16052 0.91440 -0.03399 -0.19086 252.20190 0.00353 269.07065 0.00000 0.00004 -999 249.15327
0.16309 0.91440 -0.03416 -0.19124 252.42152 0.00345 269.10894 0.00000 0.00005 -999 248.47930
0.16309 0.91440 -0.03416 -0.19124 252.42151 0.00345 269.10894 -0.00000 0.00005 -999 248.47929
0.16566 0.91440 -0.03432 -0.19157 250.56226 0.00317 269.15045 -0.66666 0.00004 -999 247.80731
0.16823 0.91440 -0.03448 -0.19190 249.01762 0.00289 269.27326 -0.33333 0.00003 -999 247.14039
0.16823 0.91440 -0.03448 -0.19190 249.01761 0.00289 269.27326 -0.33333 0.00003 -999 247.14039
0.16823 0.91440 -0.03448 -0.19190 249.01759 0.00289 269.27326 -0.33334 0.00003 -999 247.14038
0.17080 0.91440 -0.03464 -0.19207 246.48036 0.00279 269.28992 -1.00000 0.00000 -999 246.48036
0.17080 0.91440 -0.03464 -0.19207 246.48036 0.00279 269.28992 -1.00000 0.00000 -999 246.48036
0.17337 0.91440 -0.03479 -0.19221 245.83041 0.00271 269.31949 -1.00000 0.00000 -999 245.83041
0.17337 0.91440 -0.03479 -0.19221 245.83041 0.00271 269.31949 -1.00000 0.00000 -999 245.83041
0.17594 0.91440 -0.03493 -0.19233 245.19193 0.00243 269.44296 -1.00000 0.00000 -999 245.19193
0.17851 0.91440 -0.03507 -0.19230 244.56592 0.00216 269.56247 -1.00000 0.00000 -999 244.56592
0.17851 0.91440 -0.03507 -0.19230 244.56591 0.00216 269.56247 -1.00000 0.00000 -999 244.56591
0.17851 0.91440 -0.03507 -0.19230 244.56591 0.00216 269.56247 -1.00000 0.00000 -999 244.56591
0.18108 0.91440 -0.03521 -0.19229 243.95341 0.00206 269.60165 -1.00000 0.00000 -999 243.95341
0.18108 0.91440 -0.03521 -0.19229 243.95341 0.00206 269.60165 -1.00000 0.00000 -999 243.95341
0.18365 0.91440 -0.03534 -0.19218 243.43300 0.00204 269.61283 -1.00000 0.00000 -999 243.43300
0.18622 0.91440 -0.03546 -0.19202 242.82443 0.00169 269.76606 -1.00000 0.00000 -999 242.82443
0.18622 0.91440 -0.03546 -0.19202 242.82443 0.00169 269.76606 -1.00000 0.00000 -999 242.82443
0.18879 0.91440 -0.03559 -0.19184 242.19656 0.00166 269.77803 -1.00000 0.00000 -999 242.19656
0.18879 0.91440 -0.03559 -0.19184 242.19656 0.00166 269.77803 -1.00000 0.00000 -999 242.19656
0.19137 0.91440 -0.03570 -0.19157 241.63568 0.00149 269.85224 -1.00000 0.00000 -999 241.63568
0.19137 0.91440 -0.03570 -0.19157 241.63568 0.00149 269.85224 -1.00000 0.00000 -999 241.63568
0.19394 0.91440 -0.03582 -0.19129 241.08478 0.00134 269.91753 -1.00000 0.00000 -999 241.08478
0.19394 0.91440 -0.03582 -0.19129 241.08477 0.00134 269.91753 -1.00000 0.00000 -999 241.08477
0.19651 0.91440 -0.03592 -0.19092 240.54225 0.00106 270.04280 -1.00000 0.00000 -999 240.54225
0.19651 0.91440 -0.03592 -0.19092 240.54225 0.00106 270.04280 -1.00000 0.00000 -999 240.54225
0.19908 0.91440 -0.03603 -0.19055 240.00676 0.00098 270.07840 -1.00000 0.00000 -999 240.00676
0.19908 0.91440 -0.03603 -0.19055 240.00676 0.00098 270.07840 -1.00000 0.00000 -999 240.00676
0.20165 0.91440 -0.03613 -0.19011 239.47674 0.00091 270.11044 -1.00000 0.00000 -999 239.47674
0.20165 0.91440 -0.03613 -0.19011 239.47674 0.00091 270.11044 -1.00000 0.00000 -999 239.47674
0.20423 0.91440 -0.03622 -0.18964 239.04196 0.00083 270.17678 -0.66667 0.00000 -999 238.95080
0.20423 0.91440 -0.03622 -0.18964 239.04196 0.00083 270.17678 -0.66667 0.00000 -999 238.95080
0.20680 0.91440 -0.03632 -0.18914 238.59885 0.00065 270.28669 -0.00000 0.00000 -999 238.42744
0.20680 0.91440 -0.03632 -0.18914 238.59885 0.00065 270.28669 0.00000 0.00000 -999 238.42743
0.20680 0.91440 -0.03632 -0.18914 238.59884 0.00065 270.28669 0.00001 0.00000 -999 238.42743
0.20937 0.91440 -0.03641 -0.18859 238.22613 0.00021 270.53356 1.00000 0.00000 -999 237.90550
0.21195 0.91440 -0.03649 -0.18801 237.59896 0.00037 270.42939 0.33334 0.00000 -999 237.38410
0.21195 0.91440 -0.03649 -0.18801 237.59895 0.00037 270.42939 0.33334 0.00000 -999 237.38409
0.21452 0.91440 -0.03657 -0.18738 237.09756 0.00038 270.43043 0.33334 0.00000 -999 236.86285
0.21452 0.91440 -0.03657 -0.18738 237.09756 0.00038 270.43043 0.33334 0.00000 -999 236.86285
0.21709 0.91440 -0.03665 -0.18674 236.60642 0.00018 270.53233 1.00000 0.00000 -999 236.34156
0.21709 0.91440 -0.03665 -0.18674 236.60642 0.00018 270.53233 1.00000 0.00000 -999 236.34155
0.21966 0.91440 -0.03672 -0.18606 236.07855 0.00017 270.53240 1.00000 0.00000 -999 235.81984
0.21966 0.91440 -0.03672 -0.18606 236.07855 0.00017 270.53240 1.00000 0.00000 -999 235.81984
0.22224 0.91440 -0.03679 -0.18536 235.51361 0.00015 270.53109 1.00000 0.00000 -999 235.29763
0.22224 0.91440 -0.03679 -0.18536 235.51360 0.00015 270.53109 1.00000 0.00000 -999 235.29763
0.22481 0.91440 -0.03686 -0.18462 234.98468 0.00014 270.53118 1.00000 0.00000 -999 234.77495
0.22481 0.91440 -0.03686 -0.18462 234.98468 0.00014 270.53118 1.00000 0.00000 -999 234.77495
0.22738 0.91440 -0.03692 -0.18385 234.43432 0.00012 270.53045 1.00000 0.00000 -999 234.25218
0.22738 0.91440 -0.03692 -0.18385 234.43431 0.00012 270.53045 1.00000 0.00000 -999 234.25217
0.22738 0.91440 -0.03692 -0.18385 234.43431 0.00012 270.53045 1.00000 0.00000 -999 234.25217
0.22996 0.91440 -0.03698 -0.18306 233.89599 0.00011 270.53017 1.00000 0.00000 -999 233.72999
0.23253 0.91440 -0.03703 -0.18224 233.35480 0.00010 270.52973 1.00000 0.00000 -999 233.20933
0.23253 0.91440 -0.03703 -0.18224 233.35480 0.00010 270.52973 1.00000 0.00000 -999 233.20932
0.23511 0.91440 -0.03709 -0.18141 232.84520 0.00011 270.53045 1.00000 0.00000 -999 232.69066
0.23511 0.91440 -0.03709 -0.18141 232.84519 0.00011 270.53045 1.00000 0.00000 -999 232.69066
0.23768 0.91440 -0.03714 -0.18053 232.31511 0.00010 270.53027 1.00000 0.00000 -999 232.17451
0.23768 0.91440 -0.03714 -0.18053 232.31510 0.00010 270.53027 1.00000 0.00000 -999 232.17450
0.23768 0.91440 -0.03714 -0.18053 232.31510 0.00010 270.53027 1.00000 0.00000 -999 232.17450
0.24025 0.91440 -0.03718 -0.17964 231.76790 0.00007 270.52929 1.00000 0.00000 -999 231.66171
0.24283 0.91440 -0.03723 -0.17873 231.25377 0.00007 270.52946 1.00000 0.00000 -999 231.15299
0.24283 0.91440 -0.03723 -0.17873 231.25377 0.00007 270.52946 1.00000 0.00000 -999 231.15299
0.24540 0.91440 -0.03727 -0.17779 230.71240 0.00004 270.52835 0.00001 0.00000 -999 230.64924
0.24540 0.91440 -0.03727 -0.17779 230.71239 0.00004 270.52835 0.00000 0.00000 -999 230.64923
0.24798 0.91440 -0.03730 -0.17684 230.16293 0.00004 270.52861 0.14286 0.00000 -999 230.10402
0.24798 0.91440 -0.03730 -0.17684 230.16293 0.00004 270.52861 0.14286 0.00000 -999 230.10402
0.24798 0.91440 -0.03730 -0.17684 230.16293 0.00004 270.52861 0.14286 0.00000 -999 230.10402
0.25055 0.91440 -0.03734 -0.17586 229.67463 0.00001 270.52723 0.00000 0.00000 -999 229.65901
0.25312 0.91440 -0.03737 -0.17488 229.31922 0.00003 270.52845 0.33333 0.00000 -999 229.28113
0.25312 0.91440 -0.03737 -0.17488 229.31922 0.00003 270.52845 0.33334 0.00000 -999 229.28113
0.25570 0.91440 -0.03740 -0.17385 228.74579 0.00004 270.52944 0.00000 0.00000 -999 228.69593
0.25570 0.91440 -0.03740 -0.17385 228.74579 0.00004 270.52944 0.00000 0.00000 -999 228.69593
0.25570 0.91440 -0.03740 -0.17385 228.74578 0.00004 270.52944 -0.00001 0.00000 -999 228.69593
0.25827 0.91440 -0.03742 -0.17283 228.12066 0.00000 270.52791 -1.00000 0.00000 -999 228.12066
0.25827 0.91440 -0.03742 -0.17283 228.12066 0.00000 270.52791 -1.00000 0.00000 -999 228.12066
0.26085 0.91440 -0.03744 -0.17177 227.65836 0.00000 270.52834 -1.00000 0.00000 -999 227.65836
0.26085 0.91440 -0.03744 -0.17177 227.65836 0.00000 270.52834 -1.00000 0.00000 -999 227.65836
0.26342 0.91440 -0.03746 -0.17072 227.20318 0.00000 270.52877 -1.00000 0.00000 -999 227.20318
0.26342 0.91440 -0.03746 -0.17072 227.20318 0.00000 270.52877 -1.00000 0.00000 -999 227.20318
0.26599 0.91440 -0.03748 -0.16962 226.85404 0.00000 270.52911 -1.00000 0.00000 -999 226.85404
0.26857 0.91440 -0.03750 -0.16854 226.41171 0.00000 270.52955 -1.00000 0.00000 -999 226.41171
0.26857 0.91440 -0.03750 -0.16854 226.41171 0.00000 270.52955 -1.00000 0.00000 -999 226.41171
0.26857 0.91440 -0.03750 -0.16854 226.41171 0.00000 270.52955 -1.00000 0.00000 -999 226.41171
0.27114 0.91440 -0.03751 -0.16742 225.87905 0.00000 270.53010 -1.00000 0.00000 -999 225.87905
0.27114 0.91440 -0.03751 -0.16742 225.87905 0.00000 270.53010 -1.00000 0.00000 -999 225.87905
0.27372 0.91440 -0.03752 -0.16629 225.45026 0.00000 270.53056 -1.00000 0.00000 -999 225.45026
0.27372 0.91440 -0.03752 -0.16629 225.45025 0.00000 270.53056 -1.00000 0.00000 -999 225.45025
0.27629 0.91440 -0.03752 -0.16515 225.02696 0.00000 270.53103 -1.00000 0.00000 -999 225.02696
0.27629 0.91440 -0.03752 -0.16515 225.02696 0.00000 270.53103 -1.00000 0.00000 -999 225.02696
0.27887 0.91440 -0.03753 -0.16398 224.60887 0.00000 270.53149 -1.00000 0.00000 -999 224.60887
0.27887 0.91440 -0.03753 -0.16398 224.60887 0.00000 270.53149 -1.00000 0.00000 -999 224.60887
0.28144 0.91440 -0.03753 -0.16282 224.19542 0.00000 270.53197 -1.00000 0.00000 -999 224.19542
0.28144 0.91440 -0.03753 -0.16282 224.19542 0.00000 270.53197 -1.00000 0.00000 -999 224.19542
0.28401 0.91440 -0.03753 -0.16163 223.78611 0.00000 270.53245 -1.00000 0.00000 -999 223.78611
0.28401 0.91440 -0.03753 -0.16163 223.78610 0.00000 270.53245 -1.00000 0.00000 -999 223.78610
0.28659 0.91440 -0.03753 -0.16044 223.38022 0.00000 270.53293 -1.00000 0.00000 -999 223.38022
0.28659 0.91440 -0.03753 -0.16044 223.38022 0.00000 270.53293 -1.00000 0.00000 -999 223.38022
0.28916 0.91440 -0.03752 -0.15922 223.06666 0.00000 270.53331 -1.00000 0.00000 -999 223.06666
0.29174 0.91440 -0.03751 -0.15801 222.75430 0.00000 270.53369 -1.00000 0.00000 -999 222.75430
0.29174 0.91440 -0.03751 -0.15801 222.75429 0.00000 270.53370 -1.00000 0.00000 -999 222.75429
0.29431 0.91440 -0.03750 -0.15676 222.35464 0.00000 270.53419 -1.00000 0.00000 -999 222.35464
0.29431 0.91440 -0.03750 -0.15676 222.35464 0.00000 270.53419 -1.00000 0.00000 -999 222.35464
0.29689 0.91440 -0.03749 -0.15553 221.95648 0.00000 270.53469 -1.00000 0.00000 -999 221.95648
0.29689 0.91440 -0.03749 -0.15553 221.95648 0.00000 270.53469 -1.00000 0.00000 -999 221.95648
0.29946 0.91440 -0.03747 -0.15426 221.55927 0.00000 270.53520 -1.00000 0.00000 -999 221.55927
0.29946 0.91440 -0.03747 -0.15426 221.55927 0.00000 270.53520 -1.00000 0.00000 -999 221.55927
0.30203 0.91440 -0.03746 -0.15300 221.16274 0.00000 270.53571 -1.00000 0.00000 -999 221.16274
0.30203 0.91440 -0.03746 -0.15300 221.16273 0.00000 270.53571 -1.00000 0.00000 -999 221.16273
0.30461 0.91440 -0.03744 -0.15171 220.71601 0.00000 270.53629 -1.00000 0.00000 -999 220.71601
0.30461 0.91440 -0.03744 -0.15171 220.71601 0.00000 270.53629 -1.00000 0.00000 -999 220.71601
0.30718 0.91440 -0.03742 -0.15042 220.28190 0.00000 270.53686 -1.00000 0.00000 -999 220.28190
0.30718 0.91440 -0.03742 -0.15042 220.28190 0.00000 270.53686 -1.00000 0.00000 -999 220.28190
0.30718 0.91440 -0.03742 -0.15042 220.28190 0.00000 270.53686 -1.00000 0.00000 -999 220.28190
0.30976 0.91440 -0.03739 -0.14912 219.88512 0.00000 270.53739 -1.00000 0.00000 -999 219.88512
0.30976 0.91440 -0.03739 -0.14912 219.88512 0.00000 270.53739 -1.00000 0.00000 -999 219.88512
0.31233 0.91440 -0.03737 -0.14780 219.48790 0.00000 270.53792 -1.00000 0.00000 -999 219.48790
0.31233 0.91440 -0.03737 -0.14780 219.48790 0.00000 270.53792 -1.00000 0.00000 -999 219.48790
0.31490 0.91440 -0.03734 -0.14648 219.09007 0.00000 270.53846 -1.00000 0.00000 -999 219.09007
0.31490 0.91440 -0.03734 -0.14648 219.09007 0.00000 270.53846 -1.00000 0.00000 -999 219.09007
0.31748 0.91440 -0.03731 -0.14514 218.69154 0.00000 270.53899 -1.00000 0.00000 -999 218.69154
0.31748 0.91440 -0.03731 -0.14514 218.69154 0.00000 270.53899 -1.00000 0.00000 -999 218.69154
0.32005 0.91440 -0.03728 -0.14379 218.29228 0.00000 270.53954 -1.00000 0.00000 -999 218.29228
0.32005 0.91440 -0.03728 -0.14379 218.29228 0.00000 270.53954 -1.00000 0.00000 -999 218.29228
0.32263 0.91440 -0.03724 -0.14244 217.89223 0.00000 270.54009 -1.00000 0.00000 -999 217.89223
0.32263 0.91440 -0.03724 -0.14244 217.89223 0.00000 270.54009 -1.00000 0.00000 -999 217.89223
0.32520 0.91440 -0.03721 -0.14107 217.49144 0.00000 270.54064 -1.00000 0.00000 -999 217.49144
0.32520 0.91440 -0.03721 -0.14107 217.49144 0.00000 270.54064 -1.00000 0.00000 -999 217.49144
0.32777 0.91440 -0.03717 -0.13969 217.08995 0.00000 270.54119 -1.00000 0.00000 -999 217.08995
0.32777 0.91440 -0.03717 -0.13969 217.08995 0.00000 270.54119 -1.00000 0.00000 -999 217.08995
0.33035 0.91440 -0.03713 -0.13830 216.68799 0.00000 270.54176 -1.00000 0.00000 -999 216.68799
0.33035 0.91440 -0.03713 -0.13830 216.68799 0.00000 270.54176 -1.00000 0.00000 -999 216.68799
0.33292 0.91440 -0.03709 -0.13690 216.28560 0.00000 270.54232 -1.00000 0.00000 -999 216.28560
0.33292 0.91440 -0.03709 -0.13690 216.28560 0.00000 270.54232 -1.00000 0.00000 -999 216.28560
0.33550 0.91440 -0.03704 -0.13548 215.88290 0.00000 270.54289 -1.00000 0.00000 -999 215.88290
0.33550 0.91440 -0.03704 -0.13548 215.88289 0.00000 270.54289 -1.00000 0.00000 -999 215.88289
0.33807 0.91440 -0.03700 -0.13405 215.48015 0.00000 270.54347 -1.00000 0.00000 -999 215.48015
0.33807 0.91440 -0.03700 -0.13405 215.48014 0.00000 270.54347 -1.00000 0.00000 -999 215.48014
0.34064 0.91440 -0.03695 -0.13262 215.07744 0.00000 270.54405 -1.00000 0.00000 -999 215.07744
0.34064 0.91440 -0.03695 -0.13262 215.07743 0.00000 270.54405 -1.00000 0.00000 -999 215.07743
0.34322 0.91440 -0.03690 -0.13116 214.67509 0.00000 270.54463 -1.00000 0.00000 -999 214.67509
0.34322 0.91440 -0.03690 -0.13116 214.67508 0.00000 270.54463 -1.00000 0.00000 -999 214.67508
0.34579 0.91440 -0.03685 -0.12971 214.27341 0.00000 270.54522 -1.00000 0.00000 -999 214.27341
0.34579 0.91440 -0.03685 -0.12971 214.27341 0.00000 270.54522 -1.00000 0.00000 -999 214.27341
0.34837 0.91440 -0.03680 -0.12823 213.87293 0.00000 270.54581 -1.00000 0.00000 -999 213.87293
0.34837 0.91440 -0.03680 -0.12823 213.87293 0.00000 270.54581 -1.00000 0.00000 -999 213.87293
0.35094 0.91440 -0.03674 -0.12676 213.47196 0.00000 270.54641 -1.00000 0.00000 -999 213.47196
0.35094 0.91440 -0.03674 -0.12676 213.47196 0.00000 270.54641 -1.00000 0.00000 -999 213.47196
0.35351 0.91440 -0.03668 -0.12522 213.07062 0.00000 270.54703 -1.00000 0.00000 -999 213.07062
0.35351 0.91440 -0.03668 -0.12522 213.07062 0.00000 270.54703 -1.00000 0.00000 -999 213.07062
0.35609 0.91440 -0.03663 -0.12368 212.67217 0.00000 270.54764 -1.00000 0.00000 -999 212.67217
0.35609 0.91440 -0.03663 -0.12368 212.67216 0.00000 270.54764 -1.00000 0.00000 -999 212.67216
0.35866 0.91440 -0.03657 -0.12220 212.27606 0.00000 270.54825 -1.00000 0.00000 -999 212.27606
0.35866 0.91440 -0.03657 -0.12220 212.27606 0.00000 270.54825 -1.00000 0.00000 -999 212.27606
0.36123 0.91440 -0.03650 -0.12065 211.88033 0.00000 270.54887 -1.00000 0.00000 -999 211.88033
0.36123 0.91440 -0.03650 -0.12065 211.88032 0.00000 270.54887 -1.00000 0.00000 -999 211.88032
0.36381 0.91440 -0.03644 -0.11906 211.48665 0.00000 270.54950 -1.00000 0.00000 -999 211.48665
0.36381 0.91440 -0.03644 -0.11906 211.48665 0.00000 270.54950 -1.00000 0.00000 -999 211.48665
0.36638 0.91440 -0.03637 -0.11751 211.09533 0.00000 270.55014 -1.00000 0.00000 -999 211.09533
0.36638 0.91440 -0.03637 -0.11751 211.09533 0.00000 270.55014 -1.00000 0.00000 -999 211.09533
0.36895 0.91440 -0.03631 -0.11593 210.70431 0.00000 270.55077 -1.00000 0.00000 -999 210.70431
0.36895 0.91440 -0.03631 -0.11593 210.70431 0.00000 270.55077 -1.00000 0.00000 -999 210.70431
0.37153 0.91440 -0.03624 -0.11429 210.31518 0.00000 270.55143 -1.00000 0.00000 -999 210.31518
0.37153 0.91440 -0.03624 -0.11429 210.31518 0.00000 270.55143 -1.00000 0.00000 -999 210.31518
0.37410 0.91440 -0.03617 -0.11268 209.92861 0.00000 270.55208 -1.00000 0.00000 -999 209.92861
0.37410 0.91440 -0.03617 -0.11268 209.92860 0.00000 270.55208 -1.00000 0.00000 -999 209.92860
0.37667 0.91440 -0.03609 -0.11106 209.54248 0.00000 270.55274 -1.00000 0.00000 -999 209.54248
0.37667 0.91440 -0.03609 -0.11106 209.54248 0.00000 270.55274 -1.00000 0.00000 -999 209.54248
0.37925 0.91440 -0.03602 -0.10936 209.15836 0.00000 270.55341 -1.00000 0.00000 -999 209.15836
0.37925 0.91440 -0.03602 -0.10936 209.15836 0.00000 270.55341 -1.00000 0.00000 -999 209.15836
0.38182 0.91440 -0.03594 -0.10771 208.77590 0.00000 270.55408 -1.00000 0.00000 -999 208.77590
0.38182 0.91440 -0.03594 -0.10771 208.77590 0.00000 270.55408 -1.00000 0.00000 -999 208.77590
0.38439 0.91440 -0.03587 -0.10600 208.39374 0.00000 270.55477 -1.00000 0.00000 -999 208.39374
0.38439 0.91440 -0.03587 -0.10600 208.39374 0.00000 270.55477 -1.00000 0.00000 -999 208.39374
0.38697 0.91440 -0.03579 -0.10426 208.01416 0.00000 270.55546 -1.00000 0.00000 -999 208.01416
0.38697 0.91440 -0.03579 -0.10426 208.01416 0.00000 270.55546 -1.00000 0.00000 -999 208.01416
0.38954 0.91440 -0.03571 -0.10257 207.63495 0.00000 270.55616 -1.00000 0.00000 -999 207.63495
0.38954 0.91440 -0.03571 -0.10257 207.63494 0.00000 270.55616 -1.00000 0.00000 -999 207.63494
0.39211 0.91440 -0.03562 -0.10077 207.25542 0.00000 270.55687 -1.00000 0.00000 -999 207.25542
0.39211 0.91440 -0.03562 -0.10077 207.25542 0.00000 270.55687 -1.00000 0.00000 -999 207.25542
0.39468 0.91440 -0.03554 -0.09897 206.84111 0.00000 270.55767 -1.00000 0.00000 -999 206.84111
0.39468 0.91440 -0.03554 -0.09897 206.84111 0.00000 270.55767 -1.00000 0.00000 -999 206.84111
0.39726 0.91440 -0.03545 -0.09718 206.44848 0.00000 270.55842 -1.00000 0.00000 -999 206.44848
0.39983 0.91440 -0.03537 -0.09532 206.17188 0.00000 270.55897 -1.00000 0.00000 -999 206.17188
0.39983 0.91440 -0.03537 -0.09532 206.17187 0.00000 270.55897 -1.00000 0.00000 -999 206.17187
0.40240 0.91440 -0.03528 -0.09349 205.82769 0.00000 270.55964 -1.00000 0.00000 -999 205.82769
0.40240 0.91440 -0.03528 -0.09349 205.82769 0.00000 270.55964 -1.00000 0.00000 -999 205.82769
0.40498 0.91440 -0.03519 -0.09157 205.44813 0.00000 270.56040 -1.00000 0.00000 -999 205.44813
0.40498 0.91440 -0.03519 -0.09157 205.44813 0.00000 270.56040 -1.00000 0.00000 -999 205.44813
0.40755 0.91440 -0.03509 -0.08965 205.06809 0.00000 270.56118 -1.00000 0.00000 -999 205.06809
0.40755 0.91440 -0.03509 -0.08965 205.06809 0.00000 270.56118 -1.00000 0.00000 -999 205.06809
0.41012 0.91440 -0.03500 -0.08771 204.68673 0.00000 270.56196 -1.00000 0.00000 -999 204.68673
0.41012 0.91440 -0.03500 -0.08771 204.68673 0.00000 270.56196 -1.00000 0.00000 -999 204.68673
0.41269 0.91440 -0.03490 -0.08572 204.30372 0.00000 270.56275 -1.00000 0.00000 -999 204.30372
0.41269 0.91440 -0.03490 -0.08572 204.30372 0.00000 270.56275 -1.00000 0.00000 -999 204.30372
0.41527 0.91440 -0.03481 -0.08371 203.91879 0.00000 270.56356 -1.00000 0.00000 -999 203.91879
0.41527 0.91440 -0.03481 -0.08371 203.91878 0.00000 270.56356 -1.00000 0.00000 -999 203.91878
0.41784 0.91440 -0.03471 -0.08165 203.53137 0.00000 270.56438 -1.00000 0.00000 -999 203.53137
0.41784 0.91440 -0.03471 -0.08165 203.53137 0.00000 270.56438 -1.00000 0.00000 -999 203.53137
0.42041 0.91440 -0.03461 -0.07957 203.14110 0.00000 270.56522 -1.00000 0.00000 -999 203.14110
0.42041 0.91440 -0.03461 -0.07957 203.14110 0.00000 270.56522 -1.00000 0.00000 -999 203.14110
0.42298 0.91440 -0.03450 -0.07744 202.69705 0.00000 270.56618 -1.00000 0.00000 -999 202.69705
0.42298 0.91440 -0.03450 -0.07744 202.69704 0.00000 270.56618 -1.00000 0.00000 -999 202.69704
0.42555 0.91440 -0.03440 -0.07528 202.26134 0.00000 270.56713 -1.00000 0.00000 -999 202.26134
0.42555 0.91440 -0.03440 -0.07528 202.26134 0.00000 270.56713 -1.00000 0.00000 -999 202.26134
0.42813 0.91440 -0.03430 -0.07308 201.85866 0.00000 270.56802 -1.00000 0.00000 -999 201.85866
0.42813 0.91440 -0.03430 -0.07308 201.85866 0.00000 270.56802 -1.00000 0.00000 -999 201.85866
0.42813 0.91440 -0.03430 -0.07308 201.85865 0.00000 270.56802 -1.00000 0.00000 -999 201.85865
0.43070 0.91440 -0.03419 -0.07082 201.45163 0.00000 270.56892 -1.00000 0.00000 -999 201.45163
0.43327 0.91440 -0.03408 -0.06854 201.03907 0.00000 270.56984 -1.00000 0.00000 -999 201.03907
0.43327 0.91440 -0.03408 -0.06854 201.03907 0.00000 270.56984 -1.00000 0.00000 -999 201.03907
0.43584 0.91440 -0.03397 -0.06618 200.62072 0.00000 270.57079 -1.00000 0.00000 -999 200.62072
0.43584 0.91440 -0.03397 -0.06618 200.62072 0.00000 270.57079 -1.00000 0.00000 -999 200.62072
0.43841 0.91440 -0.03386 -0.06380 200.19616 0.00000 270.57175 -1.00000 0.00000 -999 200.19616
0.43841 0.91440 -0.03386 -0.06380 200.19616 0.00000 270.57175 -1.00000 0.00000 -999 200.19616
0.44099 0.91440 -0.03374 -0.06135 199.76409 0.00000 270.57273 -1.00000 0.00000 -999 199.76409
0.44099 0.91440 -0.03374 -0.06135 199.76408 0.00000 270.57273 -1.00000 0.00000 -999 199.76408
0.44356 0.91440 -0.03363 -0.05882 199.32602 0.00000 270.57374 -1.00000 0.00000 -999 199.32602
0.44356 0.91440 -0.03363 -0.05882 199.32601 0.00000 270.57374 -1.00000 0.00000 -999 199.32601
0.44613 0.91440 -0.03351 -0.05630 198.87959 0.00000 270.57477 -1.00000 0.00000 -999 198.87959
0.44613 0.91440 -0.03351 -0.05630 198.87958 0.00000 270.57477 -1.00000 0.00000 -999 198.87958
0.44870 0.91440 -0.03339 -0.05365 198.42329 0.00000 270.57582 -1.00000 0.00000 -999 198.42329
0.44870 0.91440 -0.03339 -0.05365 198.42328 0.00000 270.57582 -1.00000 0.00000 -999 198.42328
0.45127 0.91440 -0.03327 -0.05094 197.95908 0.00000 270.57691 -1.00000 0.00000 -999 197.95908
0.45127 0.91440 -0.03327 -0.05094 197.95907 0.00000 270.57691 -1.00000 0.00000 -999 197.95907
0.45384 0.91440 -0.03315 -0.04820 197.48514 0.00000 270.57802 -1.00000 0.00000 -999 197.48514
0.45384 0.91440 -0.03315 -0.04820 197.48513 0.00000 270.57802 -1.00000 0.00000 -999 197.48513
0.45642 0.91440 -0.03303 -0.04536 196.99953 0.00000 270.57916 -1.00000 0.00000 -999 196.99953
0.45642 0.91440 -0.03303 -0.04536 196.99952 0.00000 270.57916 -1.00000 0.00000 -999 196.99952
0.45899 0.91440 -0.03290 -0.04242 196.50262 0.00000 270.58033 -1.00000 0.00000 -999 196.50262
0.45899 0.91440 -0.03290 -0.04242 196.50262 0.00000 270.58033 -1.00000 0.00000 -999 196.50262
0.46156 0.91440 -0.03278 -0.03942 195.99399 0.00000 270.58154 -1.00000 0.00000 -999 195.99399
0.46156 0.91440 -0.03278 -0.03942 195.99399 0.00000 270.58154 -1.00000 0.00000 -999 195.99399
0.46413 0.91440 -0.03265 -0.03634 195.47269 0.00000 270.58278 -1.00000 0.00000 -999 195.47269
0.46413 0.91440 -0.03265 -0.03634 195.47268 0.00000 270.58278 -1.00000 0.00000 -999 195.47268
0.46670 0.91440 -0.03252 -0.03316 194.93750 0.00000 270.58405 -1.00000 0.00000 -999 194.93750
0.46670 0.91440 -0.03252 -0.03316 194.93749 0.00000 270.58405 -1.00000 0.00000 -999 194.93749
0.46927 0.91440 -0.03239 -0.02987 194.38667 0.00000 270.58537 -1.00000 0.00000 -999 194.38667
0.46927 0.91440 -0.03239 -0.02987 194.38667 0.00000 270.58537 -1.00000 0.00000 -999 194.38667
0.47184 0.91440 -0.03225 -0.02647 193.81925 0.00000 270.58674 -1.00000 0.00000 -999 193.81925
0.47184 0.91440 -0.03225 -0.02647 193.81925 0.00000 270.58674 -1.00000 0.00000 -999 193.81925
0.47441 0.91440 -0.03212 -0.02296 193.23414 0.00000 270.58815 -1.00000 0.00000 -999 193.23414
0.47441 0.91440 -0.03212 -0.02296 193.23414 0.00000 270.58815 -1.00000 0.00000 -999 193.23414
0.47698 0.91440 -0.03198 -0.01932 192.62991 0.00000 270.58961 -1.00000 0.00000 -999 192.62991
0.47698 0.91440 -0.03198 -0.01932 192.62991 0.00000 270.58961 -1.00000 0.00000 -999 192.62991
0.47955 0.91440 -0.03184 -0.01555 192.00550 0.00000 270.59112 -1.00000 0.00000 -999 192.00550
0.47955 0.91440 -0.03184 -0.01555 192.00550 0.00000 270.59112 -1.00000 0.00000 -999 192.00550
0.48212 0.91440 -0.03170 -0.01165 191.35925 0.00000 270.59268 -1.00000 0.00000 -999 191.35925
0.48212 0.91440 -0.03170 -0.01165 191.35925 0.00000 270.59268 -1.00000 0.00000 -999 191.35925
0.48469 0.91440 -0.03156 -0.00759 190.68816 0.00000 270.59431 -1.00000 0.00000 -999 190.68816
0.48469 0.91440 -0.03156 -0.00759 190.68816 0.00000 270.59431 -1.00000 0.00000 -999 190.68816
0.48469 0.91440 -0.03156 -0.00759 190.68815 0.00000 270.59431 -1.00000 0.00000 -999 190.68815
0.48726 0.91440 -0.03141 -0.00335 189.98991 0.00000 270.59601 -1.00000 0.00000 -999 189.98991
0.48726 0.91440 -0.03141 -0.00335 189.98990 0.00000 270.59601 -1.00000 0.00000 -999 189.98990
0.48983 0.91440 -0.03127 0.00108 189.26304 0.00000 270.59778 -1.00000 0.00000 -999 189.26304
0.48983 0.91440 -0.03127 0.00108 189.26304 0.00000 270.59778 -1.00000 0.00000 -999 189.26304
0.49240 0.91440 -0.03112 0.00568 188.50462 0.00000 270.59963 -1.00000 0.00000 -999 188.50462
0.49240 0.91440 -0.03112 0.00568 188.50462 0.00000 270.59963 -1.00000 0.00000 -999 188.50462
0.49497 0.91440 -0.03097 0.01050 187.71071 0.00000 270.60156 -1.00000 0.00000 -999 187.71071
0.49497 0.91440 -0.03097 0.01050 187.71071 0.00000 270.60156 -1.00000 0.00000 -999 187.71071
0.49754 0.91440 -0.03082 0.01557 186.87849 0.00000 270.60359 -1.00000 0.00000 -999 186.87849
0.49754 0.91440 -0.03082 0.01557 186.87848 0.00000 270.60359 -1.00000 0.00000 -999 186.87848
0.50011 0.91440 -0.03067 0.02088 186.00199 0.00000 270.60572 -1.00000 0.00000 -999 186.00199
0.50011 0.91440 -0.03067 0.02088 186.00198 0.00000 270.60572 -1.00000 0.00000 -999 186.00198
0.50268 0.91440 -0.03051 0.02649 185.07580 0.00000 270.60797 -1.00000 0.00000 -999 185.07580
0.50268 0.91440 -0.03051 0.02649 185.07579 0.00000 270.60797 -1.00000 0.00000 -999 185.07579
0.50525 0.91440 -0.03035 0.03243 184.09520 0.00000 270.61035 -1.00000 0.00000 -999 184.09520
0.50525 0.91440 -0.03035 0.03243 184.09519 0.00000 270.61035 -1.00000 0.00000 -999 184.09519
0.50782 0.91440 -0.03019 0.03870 183.05377 0.00000 270.61286 -1.00000 0.00000 -999 183.05377
0.50782 0.91440 -0.03019 0.03870 183.05377 0.00000 270.61286 -1.00000 0.00000 -999 183.05377
0.51039 0.91440 -0.03003 0.04536 181.94095 0.00000 270.61553 -1.00000 0.00000 -999 181.94095
0.51039 0.91440 -0.03003 0.04536 181.94094 0.00000 270.61553 -1.00000 0.00000 -999 181.94094
0.51296 0.91440 -0.02987 0.05248 180.74711 0.00000 270.61838 -1.00000 0.00000 -999 180.74711
0.51296 0.91440 -0.02987 0.05248 180.74710 0.00000 270.61838 -1.00000 0.00000 -999 180.74710
0.51553 0.91440 -0.02971 0.06013 179.45907 0.00000 270.62144 -1.00000 0.00000 -999 179.45907
0.51553 0.91440 -0.02971 0.06013 179.45906 0.00000 270.62144 -1.00000 0.00000 -999 179.45906
0.51810 0.91440 -0.02954 0.06831 178.06117 0.00000 270.62472 -1.00000 0.00000 -999 178.06117
0.51810 0.91440 -0.02954 0.06831 178.06115 0.00000 270.62472 -1.00000 0.00000 -999 178.06115
0.52067 0.91440 -0.02937 0.07727 176.52813 0.00000 270.62829 -1.00000 0.00000 -999 176.52813
0.52067 0.91440 -0.02937 0.07727 176.52812 0.00000 270.62829 -1.00000 0.00000 -999 176.52812
0.52324 0.91440 -0.02920 0.08690 174.84055 0.00000 270.63218 -1.00000 0.00000 -999 174.84055
0.52324 0.91440 -0.02920 0.08690 174.84054 0.00000 270.63218 -1.00000 0.00000 -999 174.84054
0.52580 0.91440 -0.02903 0.09770 173.03288 0.00000 270.63646 -1.00000 0.00000 -999 173.03288
0.52580 0.91440 -0.02903 0.09770 173.03286 0.00000 270.63646 -1.00000 0.00000 -999 173.03286
0.52837 0.91440 -0.02885 0.10941 171.33435 0.00000 270.64075 -1.00000 0.00000 -999 171.33435
0.52837 0.91440 -0.02885 0.10941 171.33434 0.00000 270.64075 -1.00000 0.00000 -999 171.33434
0.53003 0.91440 -0.02874 0.11777 169.68628 0.00000 270.64437 -1.00000 0.00000 -999 169.68628
0.53003 0.91440 -0.02874 0.11777 169.68628 0.00000 270.64437 -1.00000 0.00000 -999 169.68628
0.53107 0.91440 -0.02867 0.12330 168.61815 0.00000 270.64645 -1.00000 0.00000 -999 168.61815
0.53107 0.91440 -0.02867 0.12330 168.61817 0.00000 270.64645 -1.00000 0.00000 -999 168.61817
0.53172 0.91440 -0.02862 0.12487 170.45078 0.00000 270.64760 -1.00000 0.00000 -999 170.45078
0.53172 0.91440 -0.02862 0.12487 170.45083 0.00000 270.64760 -1.00000 0.00000 -999 170.45083
0.53213 0.91440 -0.02859 0.13093 177.28673 0.00000 270.64781 -1.00000 0.00000 -999 177.28673
0.53213 0.91440 -0.02859 0.13093 177.28677 0.00000 270.64781 -1.00000 0.00000 -999 177.28677
0.53238 0.91440 -0.02858 0.11657 182.26138 0.00000 270.64644 -1.00000 0.00000 -999 182.26138

ZONE T="SLICE_Y_0p9144_BINS15_KS_VAR_CUTDATA"
0.53247 0.91440 -0.02724 0.11254 163.26994 0.00000 270.64498 -1.00000 0.00000 -999 163.26994
0.53247 0.91440 -0.02724 0.11254 163.26990 0.00000 270.64498 -1.00000 0.00000 -999 163.26990
0.53222 0.91440 -0.02718 0.12601 155.45689 0.00000 270.64646 -1.00000 0.00000 -999 155.45689
0.53222 0.91440 -0.02718 0.12601 155.45683 0.00000 270.64646 -1.00000 0.00000 -999 155.45683
0.53183 0.91440 -0.02710 0.12146 148.28351 0.00000 270.64590 -1.00000 0.00000 -999 148.28351
0.53183 0.91440 -0.02710 0.12146 148.28349 0.00000 270.64590 -1.00000 0.00000 -999 148.28349
0.53119 0.91440 -0.02696 0.12035 146.62391 0.00000 270.64483 -1.00000 0.00000 -999 146.62391
0.53119 0.91440 -0.02696 0.12035 146.62391 0.00000 270.64483 -1.00000 0.00000 -999 146.62391
0.53017 0.91440 -0.02675 0.11561 147.70863 0.00000 270.64264 -1.00000 0.00000 -999 147.70863
0.53017 0.91440 -0.02675 0.11561 147.70864 0.00000 270.64264 -1.00000 0.00000 -999 147.70864
0.52854 0.91440 -0.02640 0.10745 149.09870 0.00000 270.63999 -1.00000 0.00000 -999 149.09870
0.52602 0.91440 -0.02587 0.09515 151.08006 0.00000 270.63584 -1.00000 0.00000 -999 151.08006
0.52602 0.91440 -0.02587 0.09515 151.08007 0.00000 270.63584 -1.00000 0.00000 -999 151.08007
0.52602 0.91440 -0.02587 0.09515 151.08009 0.00000 270.63584 -1.00000 0.00000 -999 151.08009
0.52349 0.91440 -0.02534 0.08302 153.79459 0.00000 270.63059 -1.00000 0.00000 -999 153.79459
0.52349 0.91440 -0.02534 0.08302 153.79460 0.00000 270.63059 -1.00000 0.00000 -999 153.79460
0.52097 0.91440 -0.02482 0.07157 156.18787 0.00000 270.62598 -1.00000 0.00000 -999 156.18787
0.52097 0.91440 -0.02482 0.07157 156.18789 0.00000 270.62598 -1.00000 0.00000 -999 156.18789
0.51845 0.91440 -0.02429 0.06045 158.41706 0.00000 270.62156 -1.00000 0.00000 -999 158.41706
0.51845 0.91440 -0.02429 0.06045 158.41707 0.00000 270.62156 -1.00000 0.00000 -999 158.41707
0.51592 0.91440 -0.02377 0.04983 160.49466 0.00000 270.61730 -1.00000 0.00000 -999 160.49466
0.51592 0.91440 -0.02377 0.04983 160.49467 0.00000 270.61730 -1.00000 0.00000 -999 160.49467
0.51340 0.91440 -0.02325 0.03955 162.44407 0.00000 270.61320 -1.00000 0.00000 -999 162.44407
0.51087 0.91440 -0.02273 0.02964 164.28149 0.00000 270.60923 -1.00000 0.00000 -999 164.28149
0.51087 0.91440 -0.02273 0.02964 164.28150 0.00000 270.60923 -1.00000 0.00000 -999 164.28150
0.51087 0.91440 -0.02273 0.02964 164.28151 0.00000 270.60923 -1.00000 0.00000 -999 164.28151
0.50835 0.91440 -0.02221 0.02006 166.02054 0.00000 270.60540 -1.00000 0.00000 -999 166.02054
0.50835 0.91440 -0.02221 0.02006 166.02056 0.00000 270.60540 -1.00000 0.00000 -999 166.02056
0.50582 0.91440 -0.02169 0.01079 167.66974 0.00000 270.60168 -1.00000 0.00000 -999 167.66974
0.50582 0.91440 -0.02169 0.01079 167.66976 0.00000 270.60168 -1.00000 0.00000 -999 167.66976
0.50329 0.91440 -0.02118 0.00180 169.24048 0.00000 270.59808 -1.00000 0.00000 -999 169.24048
0.50329 0.91440 -0.02118 0.00180 169.24049 0.00000 270.59808 -1.00000 0.00000 -999 169.24049
0.50077 0.91440 -0.02067 -0.00693 170.73959 0.00000 270.59459 -1.00000 0.00000 -999 170.73959
0.50077 0.91440 -0.02067 -0.00693 170.73960 0.00000 270.59459 -1.00000 0.00000 -999 170.73960
0.49824 0.91440 -0.02016 -0.01539 172.17280 0.00000 270.59119 -1.00000 0.00000 -999 172.17280
0.49571 0.91440 -0.01965 -0.02363 173.54547 0.00000 270.58789 -1.00000 0.00000 -999 173.54547
0.49571 0.91440 -0.01965 -0.02363 173.54548 0.00000 270.58789 -1.00000 0.00000 -999 173.54548
0.49571 0.91440 -0.01965 -0.02363 173.54549 0.00000 270.58789 -1.00000 0.00000 -999 173.54549
0.49318 0.91440 -0.01914 -0.03163 174.86352 0.00000 270.58468 -1.00000 0.00000 -999 174.86352
0.49318 0.91440 -0.01914 -0.03163 174.86353 0.00000 270.58468 -1.00000 0.00000 -999 174.86353
0.49066 0.91440 -0.01864 -0.03943 176.12987 0.00000 270.58155 -1.00000 0.00000 -999 176.12987
0.48813 0.91440 -0.01813 -0.04704 177.34957 0.00000 270.57849 -1.00000 0.00000 -999 177.34957
0.48813 0.91440 -0.01813 -0.04704 177.34957 0.00000 270.57849 -1.00000 0.00000 -999 177.34957
0.48813 0.91440 -0.01813 -0.04704 177.34958 0.00000 270.57849 -1.00000 0.00000 -999 177.34958
0.48560 0.91440 -0.01763 -0.05447 178.52613 0.00000 270.57551 -1.00000 0.00000 -999 178.52613
0.48560 0.91440 -0.01763 -0.05447 178.52614 0.00000 270.57551 -1.00000 0.00000 -999 178.52614
0.48307 0.91440 -0.01713 -0.06171 179.66165 0.00000 270.57259 -1.00000 0.00000 -999 179.66165
0.48307 0.91440 -0.01713 -0.06171 179.66166 0.00000 270.57259 -1.00000 0.00000 -999 179.66166
0.48054 0.91440 -0.01664 -0.06880 180.75915 0.00000 270.56975 -1.00000 0.00000 -999 180.75915
0.48054 0.91440 -0.01664 -0.06880 180.75916 0.00000 270.56975 -1.00000 0.00000 -999 180.75916
0.47801 0.91440 -0.01614 -0.07574 181.82208 0.00000 270.56696 -1.00000 0.00000 -999 181.82208
0.47548 0.91440 -0.01565 -0.08253 182.85277 0.00000 270.56422 -1.00000 0.00000 -999 182.85277
0.47548 0.91440 -0.01565 -0.08253 182.85278 0.00000 270.56422 -1.00000 0.00000 -999 182.85278
0.47295 0.91440 -0.01515 -0.08918 183.85307 0.00000 270.56155 -1.00000 0.00000 -999 183.85307
0.47295 0.91440 -0.01515 -0.08918 183.85308 0.00000 270.56155 -1.00000 0.00000 -999 183.85308
0.47295 0.91440 -0.01515 -0.08918 183.85309 0.00000 270.56155 -1.00000 0.00000 -999 183.85309
0.47042 0.91440 -0.01466 -0.09571 184.82480 0.00000 270.55892 -1.00000 0.00000 -999 184.82480
0.46789 0.91440 -0.01417 -0.10213 185.77013 0.00000 270.55634 -1.00000 0.00000 -999 185.77013
0.46789 0.91440 -0.01417 -0.10213 185.77014 0.00000 270.55634 -1.00000 0.00000 -999 185.77014
0.46535 0.91440 -0.01369 -0.10841 186.69057 0.00000 270.55381 -1.00000 0.00000 -999 186.69057
0.46535 0.91440 -0.01369 -0.10841 186.69058 0.00000 270.55381 -1.00000 0.00000 -999 186.69058
0.46282 0.91440 -0.01320 -0.11459 187.58795 0.00000 270.55132 -1.00000 0.00000 -999 187.58795
0.46282 0.91440 -0.01320 -0.11459 187.58795 0.00000 270.55132 -1.00000 0.00000 -999 187.58795
0.46029 0.91440 -0.01272 -0.12066 188.46395 0.00000 270.54887 -1.00000 0.00000 -999 188.46395
0.46029 0.91440 -0.01272 -0.12067 188.46396 0.00000 270.54887 -1.00000 0.00000 -999 188.46396
0.45776 0.91440 -0.01223 -0.12666 189.32012 0.00000 270.54645 -1.00000 0.00000 -999 189.32012
0.45776 0.91440 -0.01223 -0.12666 189.32013 0.00000 270.54645 -1.00000 0.00000 -999 189.32013
0.45522 0.91440 -0.01175 -0.13257 190.15841 0.00000 270.54407 -1.00000 0.00000 -999 190.15841
0.45522 0.91440 -0.01175 -0.13257 190.15842 0.00000 270.54407 -1.00000 0.00000 -999 190.15842
0.45269 0.91440 -0.01127 -0.13836 190.97849 0.00000 270.54173 -1.00000 0.00000 -999 190.97849
0.45269 0.91440 -0.01127 -0.13836 190.97850 0.00000 270.54173 -1.00000 0.00000 -999 190.97850
0.45016 0.91440 -0.01080 -0.14409 191.78149 0.00000 270.53942 -1.00000 0.00000 -999 191.78149
0.45016 0.91440 -0.01080 -0.14409 191.78150 0.00000 270.53942 -1.00000 0.00000 -999 191.78150
0.44762 0.91440 -0.01032 -0.14976 192.57082 0.00000 270.53714 -1.00000 0.00000 -999 192.57082
0.44762 0.91440 -0.01032 -0.14976 192.57082 0.00000 270.53714 -1.00000 0.00000 -999 192.57082
0.44509 0.91440 -0.00985 -0.15532 193.34580 0.00000 270.53489 -1.00000 0.00000 -999 193.34580
0.44509 0.91440 -0.00985 -0.15532 193.34580 0.00000 270.53489 -1.00000 0.00000 -999 193.34580
0.44255 0.91440 -0.00937 -0.16084 194.10672 0.00000 270.53266 -1.00000 0.00000 -999 194.10672
0.44255 0.91440 -0.00937 -0.16084 194.10673 0.00000 270.53266 -1.00000 0.00000 -999 194.10673
0.44255 0.91440 -0.00937 -0.16084 194.10673 0.00000 270.53266 -1.00000 0.00000 -999 194.10673
0.44002 0.91440 -0.00890 -0.16630 194.85652 0.00000 270.53046 -1.00000 0.00000 -999 194.85652
0.43748 0.91440 -0.00843 -0.17167 195.59450 0.00000 270.52829 -1.00000 0.00000 -999 195.59450
0.43748 0.91440 -0.00843 -0.17167 195.59450 0.00000 270.52829 -1.00000 0.00000 -999 195.59450
0.43495 0.91440 -0.00797 -0.17701 196.32153 0.00000 270.52613 -1.00000 0.00000 -999 196.32153
0.43495 0.91440 -0.00797 -0.17702 196.32153 0.00000 270.52613 -1.00000 0.00000 -999 196.32153
0.43241 0.91440 -0.00750 -0.18228 197.03948 0.00000 270.52400 -1.00000 0.00000 -999 197.03948
0.43241 0.91440 -0.00750 -0.18228 197.03949 0.00000 270.52400 -1.00000 0.00000 -999 197.03949
0.42988 0.91440 -0.00704 -0.18752 197.74840 0.00000 270.52189 -1.00000 0.00000 -999 197.74840
0.42988 0.91440 -0.00704 -0.18752 197.74841 0.00000 270.52189 -1.00000 0.00000 -999 197.74841
0.42734 0.91440 -0.00657 -0.19270 198.44916 0.00000 270.51979 -1.00000 0.00000 -999 198.44916
0.42734 0.91440 -0.00657 -0.19270 198.44916 0.00000 270.51979 -1.00000 0.00000 -999 198.44916
0.42480 0.91440 -0.00611 -0.19783 199.14204 0.00000 270.51771 -1.00000 0.00000 -999 199.14204
0.42480 0.91440 -0.00611 -0.19783 199.14205 0.00000 270.51771 -1.00000 0.00000 -999 199.14205
0.42227 0.91440 -0.00565 -0.20293 199.82807 0.00000 270.51565 -1.00000 0.00000 -999 199.82807
0.42227 0.91440 -0.00565 -0.20293 199.82807 0.00000 270.51565 -1.00000 0.00000 -999 199.82807
0.41973 0.91440 -0.00519 -0.20798 200.50770 0.00000 270.51361 -1.00000 0.00000 -999 200.50770
0.41973 0.91440 -0.00519 -0.20798 200.50770 0.00000 270.51361 -1.00000 0.00000 -999 200.50770
0.41973 0.91440 -0.00519 -0.20798 200.50771 0.00000 270.51361 -1.00000 0.00000 -999 200.50771
0.41719 0.91440 -0.00474 -0.21300 201.18133 0.00000 270.51158 -1.00000 0.00000 -999 201.18133
0.41466 0.91440 -0.00428 -0.21798 201.84973 0.00000 270.50956 -1.00000 0.00000 -999 201.84973
0.41466 0.91440 -0.00428 -0.21798 201.84974 0.00000 270.50956 -1.00000 0.00000 -999 201.84974
0.41212 0.91440 -0.00383 -0.22294 202.51338 0.00000 270.50755 -1.00000 0.00000 -999 202.51338
0.41212 0.91440 -0.00383 -0.22294 202.51339 0.00000 270.50755 -1.00000 0.00000 -999 202.51339
0.40958 0.91440 -0.00338 -0.22784 203.17263 0.00000 270.50556 -1.00000 0.00000 -999 203.17263
0.40958 0.91440 -0.00338 -0.22784 203.17264 0.00000 270.50556 -1.00000 0.00000 -999 203.17264
0.40958 0.91440 -0.00338 -0.22784 203.17264 0.00000 270.50556 -1.00000 0.00000 -999 203.17264
0.40704 0.91440 -0.00293 -0.23275 203.82800 0.00000 270.50358 -1.00000 0.00000 -999 203.82800
0.40450 0.91440 -0.00248 -0.23762 204.48042 0.00000 270.50161 -1.00000 0.00000 -999 204.48042
0.40450 0.91440 -0.00248 -0.23762 204.48043 0.00000 270.50161 -1.00000 0.00000 -999 204.48043
0.40196 0.91440 -0.00203 -0.24245 205.12908 0.00000 270.49964 -1.00000 0.00000 -999 205.12908
0.40196 0.91440 -0.00203 -0.24245 205.12909 0.00000 270.49964 -1.00000 0.00000 -999 205.12909
0.40196 0.91440 -0.00203 -0.24245 205.12909 0.00000 270.49964 -1.00000 0.00000 -999 205.12909
0.39942 0.91440 -0.00159 -0.24730 205.77520 0.00000 270.49769 -1.00000 0.00000 -999 205.77520
0.39942 0.91440 -0.00159 -0.24730 205.77521 0.00000 270.49769 -1.00000 0.00000 -999 205.77521
0.39688 0.91440 -0.00114 -0.25207 206.41889 0.00000 270.49574 -1.00000 0.00000 -999 206.41889
0.39434 0.91440 -0.00070 -0.25687 207.05997 0.00000 270.49380 -1.00000 0.00000 -999 207.05997
0.39434 0.91440 -0.00070 -0.25687 207.05998 0.00000 270.49380 -1.00000 0.00000 -999 207.05998
0.39434 0.91440 -0.00070 -0.25687 207.05998 0.00000 270.49380 -1.00000 0.00000 -999 207.05998
0.39180 0.91440 -0.00026 -0.26164 207.70030 0.00000 270.49187 -1.00000 0.00000 -999 207.70030
0.39180 0.91440 -0.00026 -0.26164 207.70031 0.00000 270.49187 -1.00000 0.00000 -999 207.70031
0.38926 0.91440 0.00018 -0.26638 208.33843 0.00000 270.48994 -1.00000 0.00000 -999 208.33843
0.38926 0.91440 0.00018 -0.26638 208.33843 0.00000 270.48994 -1.00000 0.00000 -999 208.33843
0.38672 0.91440 0.00062 -0.27115 208.97575 0.00000 270.48801 -1.00000 0.00000 -999 208.97575
0.38672 0.91440 0.00062 -0.27115 208.97575 0.00000 270.48801 -1.00000 0.00000 -999 208.97575
0.38418 0.91440 0.00105 -0.27585 209.61240 0.00000 270.48610 -1.00000 0.00000 -999 209.61240
0.38418 0.91440 0.00105 -0.27585 209.61241 0.00000 270.48610 -1.00000 0.00000 -999 209.61241
0.38164 0.91440 0.00149 -0.28057 210.24705 0.00000 270.48418 -1.00000 0.00000 -999 210.24705
0.37910 0.91440 0.00192 -0.28532 210.88252 0.00000 270.48226 -1.00000 0.00000 -999 210.88252
0.37910 0.91440 0.00192 -0.28532 210.88253 0.00000 270.48226 -1.00000 0.00000 -999 210.88253
0.37910 0.91440 0.00192 -0.28532 210.88253 0.00000 270.48226 -1.00000 0.00000 -999 210.88253
0.37655 0.91440 0.00235 -0.28996 211.51703 0.00000 270.48036 -1.00000 0.00000 -999 211.51703
0.37655 0.91440 0.00235 -0.28996 211.51703 0.00000 270.48036 -1.00000 0.00000 -999 211.51703
0.37401 0.91440 0.00278 -0.29467 212.14976 0.00000 270.47845 -1.00000 0.00000 -999 212.14976
0.37147 0.91440 0.00320 -0.29941 212.78450 0.00000 270.47654 -1.00000 0.00000 -999 212.78450
0.37147 0.91440 0.00320 -0.29941 212.78451 0.00000 270.47654 -1.00000 0.00000 -999 212.78451
0.36893 0.91440 0.00363 -0.30404 213.41850 0.00000 270.47464 -1.00000 0.00000 -999 213.41850
0.36893 0.91440 0.00363 -0.30404 213.41851 0.00000 270.47464 -1.00000 0.00000 -999 213.41851
0.36893 0.91440 0.00363 -0.30404 213.41851 0.00000 270.47464 -1.00000 0.00000 -999 213.41851
0.36638 0.91440 0.00405 -0.30873 214.05085 0.00000 270.47273 -1.00000 0.00000 -999 214.05085
0.36638 0.91440 0.00405 -0.30873 214.05086 0.00000 270.47273 -1.00000 0.00000 -999 214.05086
0.36384 0.91440 0.00447 -0.31347 214.68536 0.00000 270.47082 -1.00000 0.00000 -999 214.68536
0.36384 0.91440 0.00447 -0.31347 214.68537 0.00000 270.47082 -1.00000 0.00000 -999 214.68537
0.36130 0.91440 0.00489 -0.31809 215.31982 0.00000 270.46892 -1.00000 0.00000 -999 215.31982
0.35875 0.91440 0.00531 -0.32278 215.95361 0.00000 270.46702 -1.00000 0.00000 -999 215.95361
0.35875 0.91440 0.00531 -0.32278 215.95361 0.00000 270.46702 -1.00000 0.00000 -999 215.95361
0.35621 0.91440 0.00573 -0.32750 216.58968 0.00000 270.46510 -1.00000 0.00000 -999 216.58968
0.35621 0.91440 0.00573 -0.32750 216.58969 0.00000 270.46510 -1.00000 0.00000 -999 216.58969
0.35621 0.91440 0.00573 -0.32750 216.58969 0.00000 270.46510 -1.00000 0.00000 -999 216.58969
0.35366 0.91440 0.00615 -0.33219 217.22601 0.00000 270.46319 -1.00000 0.00000 -999 217.22601
0.35366 0.91440 0.00615 -0.33219 217.22602 0.00000 270.46319 -1.00000 0.00000 -999 217.22602
0.35112 0.91440 0.00656 -0.33689 217.86125 0.00000 270.46128 -1.00000 0.00000 -999 217.86125
0.35112 0.91440 0.00656 -0.33689 217.86125 0.00000 270.46128 -1.00000 0.00000 -999 217.86125
0.34857 0.91440 0.00697 -0.34158 218.49658 0.00000 270.45936 -1.00000 0.00000 -999 218.49658
0.34857 0.91440 0.00697 -0.34158 218.49658 0.00000 270.45936 -1.00000 0.00000 -999 218.49658
0.34603 0.91440 0.00738 -0.34630 219.13242 0.00000 270.45745 -1.00000 0.00000 -999 219.13242
0.34603 0.91440 0.00738 -0.34630 219.13243 0.00000 270.45745 -1.00000 0.00000 -999 219.13243
0.34348 0.91440 0.00779 -0.35101 219.76879 0.00000 270.45553 -1.00000 0.00000 -999 219.76879
0.34348 0.91440 0.00779 -0.35101 219.76880 0.00000 270.45553 -1.00000 0.00000 -999 219.76880
0.34094 0.91440 0.00819 -0.35574 220.40551 0.00000 270.45360 -1.00000 0.00000 -999 220.40551
0.33839 0.91440 0.00860 -0.36047 221.04264 0.00000 270.45167 -1.00000 0.00000 -999 221.04264
0.33839 0.91440 0.00860 -0.36047 221.04265 0.00000 270.45167 -1.00000 0.00000 -999 221.04265
0.33584 0.91440 0.00900 -0.36522 221.68015 0.00000 270.44973 -1.00000 0.00000 -999 221.68015
0.33584 0.91440 0.00900 -0.36522 221.68015 0.00000 270.44973 -1.00000 0.00000 -999 221.68015
0.33330 0.91440 0.00940 -0.36997 222.31816 0.00000 270.44779 -1.00000 0.00000 -999 222.31816
0.33330 0.91440 0.00940 -0.36997 222.31816 0.00000 270.44779 -1.00000 0.00000 -999 222.31816
0.33075 0.91440 0.00980 -0.37474 222.95659 0.00000 270.44585 -1.00000 0.00000 -999 222.95659
0.33075 0.91440 0.00980 -0.37474 222.95660 0.00000 270.44585 -1.00000 0.00000 -999 222.95660
0.32820 0.91440 0.01019 -0.37953 223.50983 0.00000 270.44416 -1.00000 0.00000 -999 223.50983
0.32820 0.91440 0.01019 -0.37953 223.50983 0.00000 270.44416 -1.00000 0.00000 -999 223.50983
0.32565 0.91440 0.01059 -0.38433 224.17412 0.00000 270.44212 -1.00000 0.00000 -999 224.17412
0.32565 0.91440 0.01059 -0.38433 224.17412 0.00000 270.44212 -1.00000 0.00000 -999 224.17412
0.32311 0.91440 0.01098 -0.38914 224.78878 0.00000 270.44024 -1.00000 0.00000 -999 224.78878
0.32311 0.91440 0.01098 -0.38914 224.78879 0.00000 270.44024 -1.00000 0.00000 -999 224.78879
0.32056 0.91440 0.01137 -0.39397 225.45418 0.00000 270.43819 -1.00000 0.00000 -999 225.45418
0.32056 0.91440 0.01137 -0.39397 225.45419 0.00000 270.43819 -1.00000 0.00000 -999 225.45419
0.31801 0.91440 0.01176 -0.39881 226.15603 0.00000 270.43602 -1.00000 0.00000 -999 226.15603
0.31801 0.91440 0.01176 -0.39881 226.15603 0.00000 270.43602 -1.00000 0.00000 -999 226.15603
0.31546 0.91440 0.01214 -0.40367 226.79797 0.00000 270.43403 -1.00000 0.00000 -999 226.79797
0.31546 0.91440 0.01214 -0.40367 226.79797 0.00000 270.43403 -1.00000 0.00000 -999 226.79797
0.31291 0.91440 0.01253 -0.40856 227.44087 0.00000 270.43204 -1.00000 0.00000 -999 227.44087
0.31291 0.91440 0.01253 -0.40856 227.44088 0.00000 270.43204 -1.00000 0.00000 -999 227.44088
0.31036 0.91440 0.01291 -0.41346 228.08489 0.00000 270.43004 -1.00000 0.00000 -999 228.08489
0.31036 0.91440 0.01291 -0.41346 228.08489 0.00000 270.43004 -1.00000 0.00000 -999 228.08489
0.30781 0.91440 0.01329 -0.41839 228.73012 0.00000 270.42802 -1.00000 0.00000 -999 228.73012
0.30781 0.91440 0.01329 -0.41839 228.73013 0.00000 270.42802 -1.00000 0.00000 -999 228.73013
0.30526 0.91440 0.01367 -0.42332 229.37686 0.00000 270.42600 -1.00000 0.00000 -999 229.37686
0.30526 0.91440 0.01367 -0.42332 229.37686 0.00000 270.42600 -1.00000 0.00000 -999 229.37686
0.30271 0.91440 0.01404 -0.42829 230.02535 0.00000 270.42397 -1.00000 0.00000 -999 230.02535
0.30271 0.91440 0.01404 -0.42829 230.02535 0.00000 270.42397 -1.00000 0.00000 -999 230.02535
0.30271 0.91440 0.01404 -0.42829 230.02536 0.00000 270.42397 -1.00000 0.00000 -999 230.02536
0.30016 0.91440 0.01442 -0.43327 230.67593 0.00000 270.42193 -1.00000 0.00000 -999 230.67593
0.29761 0.91440 0.01479 -0.43829 231.32888 0.00000 270.41988 -1.00000 0.00000 -999 231.32888
0.29761 0.91440 0.01479 -0.43829 231.32888 0.00000 270.41988 -1.00000 0.00000 -999 231.32888
0.29505 0.91440 0.01516 -0.44332 231.98457 0.00000 270.41782 -1.00000 0.00000 -999 231.98457
0.29505 0.91440 0.01516 -0.44332 231.98457 0.00000 270.41782 -1.00000 0.00000 -999 231.98457
0.29250 0.91440 0.01552 -0.44839 232.64327 0.00000 270.41575 -1.00000 0.00000 -999 232.64327
0.29250 0.91440 0.01552 -0.44839 232.64327 0.00000 270.41575 -1.00000 0.00000 -999 232.64327
0.28995 0.91440 0.01589 -0.45346 233.30542 0.00000 270.41367 -1.00000 0.00000 -999 233.30542
0.28995 0.91440 0.01589 -0.45346 233.30543 0.00000 270.41367 -1.00000 0.00000 -999 233.30543
0.28740 0.91440 0.01625 -0.45858 233.97150 0.00000 270.41157 -1.00000 0.00000 -999 233.97150
0.28740 0.91440 0.01625 -0.45858 233.97150 0.00000 270.41157 -1.00000 0.00000 -999 233.97150
0.28484 0.91440 0.01661 -0.46371 234.64206 0.00000 270.40947 -1.00000 0.00000 -999 234.64206
0.28484 0.91440 0.01661 -0.46371 234.64206 0.00000 270.40947 -1.00000 0.00000 -999 234.64206
0.28484 0.91440 0.01661 -0.46371 234.64207 0.00000 270.40947 -1.00000 0.00000 -999 234.64207
0.28229 0.91440 0.01696 -0.46888 235.31754 0.00000 270.40735 -1.00000 0.00000 -999 235.31754
0.27974 0.91440 0.01732 -0.47408 235.99842 0.00000 270.40522 -1.00000 0.00000 -999 235.99842
0.27974 0.91440 0.01732 -0.47408 235.99843 0.00000 270.40522 -1.00000 0.00000 -999 235.99843
0.27718 0.91440 0.01767 -0.47929 236.68492 0.00000 270.40308 -1.00000 0.00000 -999 236.68492
0.27718 0.91440 0.01767 -0.47929 236.68492 0.00000 270.40308 -1.00000 0.00000 -999 236.68492
0.27463 0.91440 0.01802 -0.48456 237.37763 0.00000 270.40092 -1.00000 0.00000 -999 237.37763
0.27463 0.91440 0.01802 -0.48456 237.37763 0.00000 270.40092 -1.00000 0.00000 -999 237.37763
0.27463 0.91440 0.01802 -0.48456 237.37764 0.00000 270.40092 -1.00000 0.00000 -999 237.37764
0.27207 0.91440 0.01837 -0.48983 238.07720 0.00000 270.39876 -1.00000 0.00000 -999 238.07720
0.26952 0.91440 0.01871 -0.49515 238.78415 0.00000 270.39658 -1.00000 0.00000 -999 238.78415
0.26952 0.91440 0.01871 -0.49515 238.78415 0.00000 270.39658 -1.00000 0.00000 -999 238.78415
0.26696 0.91440 0.01905 -0.50048 239.49915 0.00000 270.39438 -1.00000 0.00000 -999 239.49915
0.26696 0.91440 0.01905 -0.50048 239.49916 0.00000 270.39438 -1.00000 0.00000 -999 239.49916
0.26441 0.91440 0.01939 -0.50587 240.22250 0.00000 270.39218 -1.00000 0.00000 -999 240.22250
0.26441 0.91440 0.01939 -0.50587 240.22251 0.00000 270.39218 -1.00000 0.00000 -999 240.22251
0.26185 0.91440 0.01973 -0.51128 240.95459 0.00000 270.38995 -1.00000 0.00000 -999 240.95459
0.26185 0.91440 0.01973 -0.51128 240.95460 0.00000 270.38995 -1.00000 0.00000 -999 240.95460
0.25929 0.91440 0.02006 -0.51673 241.69566 0.00000 270.38771 -1.00000 0.00000 -999 241.69566
0.25929 0.91440 0.02006 -0.51673 241.69567 0.00000 270.38771 -1.00000 0.00000 -999 241.69567
0.25674 0.91440 0.02039 -0.52220 242.44614 0.00000 270.38546 -1.00000 0.00000 -999 242.44614
0.25674 0.91440 0.02039 -0.52220 242.44614 0.00000 270.38546 -1.00000 0.00000 -999 242.44614
0.25418 0.91440 0.02072 -0.52773 243.20634 0.00000 270.38320 -1.00000 0.00000 -999 243.20634
0.25418 0.91440 0.02072 -0.52773 243.20635 0.00000 270.38320 -1.00000 0.00000 -999 243.20635
0.25418 0.91440 0.02072 -0.52773 243.20635 0.00000 270.38320 -1.00000 0.00000 -999 243.20635
0.25162 0.91440 0.02104 -0.53327 243.97660 0.00000 270.38091 -1.00000 0.00000 -999 243.97660
0.25162 0.91440 0.02104 -0.53327 243.97660 0.00000 270.38091 -1.00000 0.00000 -999 243.97660
0.24906 0.91440 0.02136 -0.53887 244.75686 0.00000 270.37861 -1.00000 0.00000 -999 244.75686
0.24651 0.91440 0.02168 -0.54450 245.54715 0.00000 270.37630 -1.00000 0.00000 -999 245.54715
0.24651 0.91440 0.02168 -0.54450 245.54715 0.00000 270.37630 -1.00000 0.00000 -999 245.54715
0.24395 0.91440 0.02200 -0.55016 246.34722 0.00000 270.37397 -1.00000 0.00000 -999 246.34722
0.24395 0.91440 0.02200 -0.55016 246.34722 0.00000 270.37397 -1.00000 0.00000 -999 246.34722
0.24395 0.91440 0.02200 -0.55016 246.34723 0.00000 270.37397 -1.00000 0.00000 -999 246.34723
0.24139 0.91440 0.02231 -0.55587 247.15700 0.00000 270.37162 -1.00000 0.00000 -999 247.15700
0.23883 0.91440 0.02262 -0.56161 247.97643 0.00000 270.36925 -1.00000 0.00000 -999 247.97643
0.23883 0.91440 0.02262 -0.56161 247.97643 0.00000 270.36925 -1.00000 0.00000 -999 247.97643
0.23627 0.91440 0.02292 -0.56740 248.80530 0.00000 270.36687 -1.00000 0.00000 -999 248.80530
0.23627 0.91440 0.02292 -0.56740 248.80530 0.00000 270.36687 -1.00000 0.00000 -999 248.80530
0.23371 0.91440 0.02323 -0.57322 249.64338 0.00000 270.36447 -1.00000 0.00000 -999 249.64338
0.23371 0.91440 0.02323 -0.57322 249.64338 0.00000 270.36447 -1.00000 0.00000 -999 249.64338
0.23115 0.91440 0.02353 -0.57909 250.49009 0.00000 270.36205 -1.00000 0.00000 -999 250.49009
0.23115 0.91440 0.02353 -0.57909 250.49010 0.00000 270.36205 -1.00000 0.00000 -999 250.49010
0.23115 0.91440 0.02353 -0.57909 250.49010 0.00000 270.36205 -1.00000 0.00000 -999 250.49010
0.22859 0.91440 0.02382 -0.58501 251.34488 0.00000 270.35961 -1.00000 0.00000 -999 251.34488
0.22602 0.91440 0.02411 -0.59097 252.20712 0.00000 270.35715 -1.00000 0.00000 -999 252.20712
0.22602 0.91440 0.02411 -0.59097 252.20713 0.00000 270.35715 -1.00000 0.00000 -999 252.20713
0.22346 0.91440 0.02440 -0.59698 253.07633 0.00000 270.35468 -1.00000 0.00000 -999 253.07633
0.22346 0.91440 0.02440 -0.59698 253.07633 0.00000 270.35468 -1.00000 0.00000 -999 253.07633
0.22090 0.91440 0.02469 -0.60302 253.95200 0.00000 270.35218 -1.00000 0.00000 -999 253.95200
0.22090 0.91440 0.02469 -0.60302 253.95200 0.00000 270.35218 -1.00000 0.00000 -999 253.95200
0.21834 0.91440 0.02497 -0.60913 254.83367 0.00000 270.34966 -1.00000 0.00000 -999 254.83367
0.21834 0.91440 0.02497 -0.60913 254.83368 0.00000 270.34966 -1.00000 0.00000 -999 254.83368
0.21577 0.91440 0.02525 -0.61527 255.72072 0.00000 270.34712 -1.00000 0.00000 -999 255.72072
0.21577 0.91440 0.02525 -0.61527 255.72073 0.00000 270.34712 -1.00000 0.00000 -999 255.72073
0.21321 0.91440 0.02552 -0.62148 256.61257 0.00000 270.34456 -1.00000 0.00000 -999 256.61257
0.21321 0.91440 0.02552 -0.62148 256.61258 0.00000 270.34456 -1.00000 0.00000 -999 256.61258
0.21065 0.91440 0.02579 -0.62772 257.59481 0.00000 270.34173 -1.00000 0.00000 -999 257.59481
0.21065 0.91440 0.02579 -0.62772 257.59481 0.00000 270.34173 -1.00000 0.00000 -999 257.59481
0.21065 0.91440 0.02579 -0.62772 257.59482 0.00000 270.34173 -1.00000 0.00000 -999 257.59482
0.20808 0.91440 0.02606 -0.63402 258.40710 0.00000 270.33938 -1.00000 0.00000 -999 258.40710
0.20552 0.91440 0.02632 -0.64038 259.22745 0.00000 270.33700 -1.00000 0.00000 -999 259.22745
0.20552 0.91440 0.02632 -0.64038 259.22746 0.00000 270.33700 -1.00000 0.00000 -999 259.22746
0.20295 0.91440 0.02658 -0.64677 260.22155 0.00000 270.33410 -1.00000 0.00000 -999 260.22155
0.20295 0.91440 0.02658 -0.64677 260.22155 0.00000 270.33410 -1.00000 0.00000 -999 260.22155
0.20039 0.91440 0.02683 -0.65327 261.13405 0.00000 270.33143 -1.00000 0.00000 -999 261.13405
0.20039 0.91440 0.02683 -0.65327 261.13406 0.00000 270.33143 -1.00000 0.00000 -999 261.13406
0.19782 0.91440 0.02708 -0.65975 262.05090 0.00000 270.32873 -1.00000 0.00000 -999 262.05090
0.19782 0.91440 0.02708 -0.65975 262.05090 0.00000 270.32873 -1.00000 0.00000 -999 262.05090
0.19525 0.91440 0.02733 -0.66635 262.97287 0.00000 270.32601 -1.00000 0.00000 -999 262.97287
0.19525 0.91440 0.02733 -0.66635 262.97287 0.00000 270.32601 -1.00000 0.00000 -999 262.97287
0.19269 0.91440 0.02757 -0.67296 263.90114 0.00000 270.32327 -1.00000 0.00000 -999 263.90114
0.19269 0.91440 0.02757 -0.67296 263.90115 0.00000 270.32327 -1.00000 0.00000 -999 263.90115
0.19012 0.91440 0.02781 -0.67967 264.83692 0.00000 270.32049 -1.00000 0.00000 -999 264.83692
0.19012 0.91440 0.02781 -0.67967 264.83693 0.00000 270.32049 -1.00000 0.00000 -999 264.83693
0.18755 0.91440 0.02804 -0.68641 265.78186 0.00000 270.31770 -1.00000 0.00000 -999 265.78186
0.18755 0.91440 0.02804 -0.68641 265.78187 0.00000 270.31770 -1.00000 0.00000 -999 265.78187
0.18498 0.91440 0.02827 -0.69322 266.73716 0.00000 270.31487 -1.00000 0.00000 -999 266.73716
0.18498 0.91440 0.02827 -0.69322 266.73716 0.00000 270.31487 -1.00000 0.00000 -999 266.73716
0.18498 0.91440 0.02827 -0.69322 266.73717 0.00000 270.31487 -1.00000 0.00000 -999 266.73717
0.18242 0.91440 0.02849 -0.70016 267.70451 0.00000 270.31201 -1.00000 0.00000 -999 267.70451
0.18242 0.91440 0.02849 -0.70016 267.70452 0.00000 270.31201 -1.00000 0.00000 -999 267.70452
0.17985 0.91440 0.02871 -0.70704 268.68535 0.00000 270.30913 -1.00000 0.00000 -999 268.68535
0.17728 0.91440 0.02893 -0.71407 269.77880 0.00000 270.30594 -1.00000 0.00000 -999 269.77880
0.17728 0.91440 0.02893 -0.71408 269.77880 0.00000 270.30594 -1.00000 0.00000 -999 269.77880
0.17728 0.91440 0.02893 -0.71408 269.77881 0.00000 270.30594 -1.00000 0.00000 -999 269.77881
0.17471 0.91440 0.02913 -0.72117 270.83327 0.00000 270.30289 -1.00000 0.00000 -999 270.83327
0.17214 0.91440 0.02934 -0.72827 271.73334 0.00000 270.30032 -1.00000 0.00000 -999 271.73334
0.17214 0.91440 0.02934 -0.72827 271.73335 0.00000 270.30032 -1.00000 0.00000 -999 271.73335
0.16957 0.91440 0.02954 -0.73554 272.64731 0.00000 270.29772 -1.00000 0.00000 -999 272.64731
0.16957 0.91440 0.02954 -0.73554 272.64732 0.00000 270.29772 -1.00000 0.00000 -999 272.64732
0.16700 0.91440 0.02973 -0.74283 273.76971 0.00000 270.29458 -1.00000 0.00000 -999 273.76971
0.16700 0.91440 0.02973 -0.74283 273.76971 0.00000 270.29458 -1.00000 0.00000 -999 273.76971
0.16442 0.91440 0.02992 -0.75015 274.97935 0.00000 270.29123 -1.00000 0.00000 -999 274.97935
0.16442 0.91440 0.02992 -0.75015 274.97936 0.00000 270.29123 -1.00000 0.00000 -999 274.97936
0.16185 0.91440 0.03010 -0.75764 276.11171 0.00000 270.28813 -1.00000 0.00000 -999 276.11171
0.16185 0.91440 0.03010 -0.75764 276.11172 0.00000 270.28813 -1.00000 0.00000 -999 276.11172
0.15928 0.91440 0.03027 -0.76517 277.27015 0.00000 270.28500 -1.00000 0.00000 -999 277.27015
0.15928 0.91440 0.03027 -0.76517 277.27016 0.00000 270.28500 -1.00000 0.00000 -999 277.27016
0.15671 0.91440 0.03045 -0.77271 278.57015 0.00000 270.28154 -1.00000 0.00000 -999 278.57015
0.15671 0.91440 0.03045 -0.77271 278.57016 0.00000 270.28154 -1.00000 0.00000 -999 278.57016
0.15671 0.91440 0.03045 -0.77271 278.57017 0.00000 270.28154 -1.00000 0.00000 -999 278.57017
0.15414 0.91440 0.03061 -0.78042 279.66311 0.00000 270.27864 -1.00000 0.00000 -999 279.66311
0.15156 0.91440 0.03077 -0.78826 280.78477 0.00000 270.27570 -1.00000 0.00000 -999 280.78477
0.15156 0.91440 0.03077 -0.78826 280.78478 0.00000 270.27570 -1.00000 0.00000 -999 280.78478
0.14899 0.91440 0.03092 -0.79608 282.16003 0.00000 270.27212 -1.00000 0.00000 -999 282.16003
0.14899 0.91440 0.03092 -0.79608 282.16004 0.00000 270.27212 -1.00000 0.00000 -999 282.16004
0.14899 0.91440 0.03092 -0.79608 282.16005 0.00000 270.27212 -1.00000 0.00000 -999 282.16005
0.14641 0.91440 0.03107 -0.80399 283.43880 0.00000 270.26882 -1.00000 0.00000 -999 283.43880
0.14641 0.91440 0.03107 -0.80399 283.43881 0.00000 270.26882 -1.00000 0.00000 -999 283.43881
0.14384 0.91440 0.03121 -0.81204 284.73863 0.00000 270.26546 -1.00000 0.00000 -999 284.73863
0.14384 0.91440 0.03121 -0.81204 284.73863 0.00000 270.26546 -1.00000 0.00000 -999 284.73863
0.14127 0.91440 0.03134 -0.82024 286.05628 0.00000 270.26205 -1.00000 0.00000 -999 286.05628
0.14127 0.91440 0.03134 -0.82024 286.05629 0.00000 270.26205 -1.00000 0.00000 -999 286.05629
0.13869 0.91440 0.03147 -0.82849 287.38776 0.00000 270.25861 -1.00000 0.00000 -999 287.38776
0.13611 0.91440 0.03159 -0.83681 288.73145 0.00000 270.25513 -1.00000 0.00000 -999 288.73145
0.13611 0.91440 0.03159 -0.83681 288.73146 0.00000 270.25513 -1.00000 0.00000 -999 288.73146
0.13611 0.91440 0.03159 -0.83681 288.73147 0.00000 270.25513 -1.00000 0.00000 -999 288.73147
0.13354 0.91440 0.03170 -0.84526 290.21888 0.00000 270.25126 -1.00000 0.00000 -999 290.21888
0.13354 0.91440 0.03170 -0.84526 290.21889 0.00000 270.25126 -1.00000 0.00000 -999 290.21889
0.13096 0.91440 0.03181 -0.85381 291.45575 0.00000 270.24802 -1.00000 0.00000 -999 291.45575
0.12839 0.91440 0.03191 -0.86251 292.71328 0.00000 270.24474 -1.00000 0.00000 -999 292.71328
0.12839 0.91440 0.03191 -0.86251 292.71329 0.00000 270.24474 -1.00000 0.00000 -999 292.71329
0.12839 0.91440 0.03191 -0.86251 292.71330 0.00000 270.24474 -1.00000 0.00000 -999 292.71330
0.12581 0.91440 0.03200 -0.87133 294.24864 0.00000 270.24070 -1.00000 0.00000 -999 294.24864
0.12581 0.91440 0.03200 -0.87133 294.24865 0.00000 270.24070 -1.00000 0.00000 -999 294.24865
0.12323 0.91440 0.03208 -0.88030 295.67223 0.00000 270.23695 -1.00000 0.00000 -999 295.67223
0.12323 0.91440 0.03208 -0.88030 295.67224 0.00000 270.23695 -1.00000 0.00000 -999 295.67224
0.12066 0.91440 0.03215 -0.88933 297.12034 0.00000 270.23316 -1.00000 0.00000 -999 297.12034
0.12066 0.91440 0.03215 -0.88933 297.12035 0.00000 270.23316 -1.00000 0.00000 -999 297.12035
0.11808 0.91440 0.03222 -0.89859 298.60003 0.00000 270.22930 -1.00000 0.00000 -999 298.60003
0.11808 0.91440 0.03222 -0.89859 298.60004 0.00000 270.22930 -1.00000 0.00000 -999 298.60004
0.11550 0.91440 0.03228 -0.90783 300.11114 0.00000 270.22540 -1.00000 0.00000 -999 300.11114
0.11292 0.91440 0.03233 -0.91738 301.63754 0.00000 270.22144 -1.00000 0.00000 -999 301.63754
0.11292 0.91440 0.03233 -0.91738 301.63755 0.00000 270.22144 -1.00000 0.00000 -999 301.63755
0.11292 0.91440 0.03233 -0.91738 301.63756 0.00000 270.22144 -1.00000 0.00000 -999 301.63756
0.11046 0.91440 0.03237 -0.92669 303.16273 0.00000 270.21756 -1.00000 0.00000 -999 303.16273
0.11046 0.91440 0.03237 -0.92670 303.16274 0.00000 270.21756 -1.00000 0.00000 -999 303.16274
0.10812 0.91440 0.03240 -0.93553 304.66325 0.00000 270.21383 -1.00000 0.00000 -999 304.66325
0.10812 0.91440 0.03240 -0.93553 304.66326 0.00000 270.21383 -1.00000 0.00000 -999 304.66326
0.10589 0.91440 0.03242 -0.94414 306.13119 0.00000 270.21021 -1.00000 0.00000 -999 306.13119
0.10589 0.91440 0.03242 -0.94414 306.13120 0.00000 270.21021 -1.00000 0.00000 -999 306.13120
0.10376 0.91440 0.03243 -0.95254 307.56637 0.00000 270.20671 -1.00000 0.00000 -999 307.56637
0.10376 0.91440 0.03243 -0.95254 307.56638 0.00000 270.20671 -1.00000 0.00000 -999 307.56638
0.10174 0.91440 0.03244 -0.96049 308.96427 0.00000 270.20333 -1.00000 0.00000 -999 308.96427
0.10174 0.91440 0.03244 -0.96049 308.96428 0.00000 270.20333 -1.00000 0.00000 -999 308.96428
0.09981 0.91440 0.03244 -0.96836 310.31987 0.00000 270.20005 -1.00000 0.00000 -999 310.31987
0.09798 0.91440 0.03244 -0.97588 311.62855 0.00000 270.19689 -1.00000 0.00000 -999 311.62855
0.09798 0.91440 0.03244 -0.97588 311.62856 0.00000 270.19689 -1.00000 0.00000 -999 311.62856
0.09798 0.91440 0.03244 -0.97588 311.62857 0.00000 270.19689 -1.00000 0.00000 -999 311.62857
0.09623 0.91440 0.03243 -0.98308 312.88956 0.00000 270.19385 -1.00000 0.00000 -999 312.88956
0.09623 0.91440 0.03243 -0.98308 312.88957 0.00000 270.19385 -1.00000 0.00000 -999 312.88957
0.09456 0.91440 0.03241 -0.99007 314.10396 0.00000 270.19091 -1.00000 0.00000 -999 314.10396
0.09456 0.91440 0.03241 -0.99007 314.10397 0.00000 270.19091 -1.00000 0.00000 -999 314.10397
0.09298 0.91440 0.03240 -0.99683 315.27098 0.00000 270.18804 -1.00000 0.00000 -999 315.27098
0.09298 0.91440 0.03240 -0.99683 315.27099 0.00000 270.18804 -1.00000 0.00000 -999 315.27099
0.09147 0.91440 0.03238 -1.00356 316.40289 0.00000 270.18526 -1.00000 0.00000 -999 316.40289
0.09147 0.91440 0.03238 -1.00356 316.40289 0.00000 270.18526 -1.00000 0.00000 -999 316.40289
0.09003 0.91440 0.03235 -1.00977 317.64175 0.00000 270.18233 -1.00000 0.00000 -999 317.64175
0.09003 0.91440 0.03235 -1.00977 317.64176 0.00000 270.18233 -1.00000 0.00000 -999 317.64176
0.08859 0.91440 0.03233 -1.01607 318.93996 0.00000 270.17932 -1.00000 0.00000 -999 318.93996
0.08859 0.91440 0.03233 -1.01607 318.93997 0.00000 270.17932 -1.00000 0.00000 -999 318.93997
0.08715 0.91440 0.03230 -1.02255 320.12032 0.00000 270.17660 -1.00000 0.00000 -999 320.12032
0.08715 0.91440 0.03230 -1.02255 320.12032 0.00000 270.17660 -1.00000 0.00000 -999 320.12032
0.08571 0.91440 0.03226 -1.02900 321.31989 0.00000 270.17387 -1.00000 0.00000 -999 321.31989
0.08571 0.91440 0.03226 -1.02900 321.31990 0.00000 270.17387 -1.00000 0.00000 -999 321.31990
0.08428 0.91440 0.03223 -1.03553 322.53625 0.00000 270.17107 -1.00000 0.00000 -999 322.53625
0.08428 0.91440 0.03223 -1.03553 322.53626 0.00000 270.17107 -1.00000 0.00000 -999 322.53626
0.08284 0.91440 0.03218 -1.04239 323.76836 0.00000 270.16820 -1.00000 0.00000 -999 323.76836
0.08284 0.91440 0.03218 -1.04239 323.76837 0.00000 270.16820 -1.00000 0.00000 -999 323.76837
0.08140 0.91440 0.03214 -1.04922 324.73315 0.00000 270.16595 -1.00000 0.00000 -999 324.73315
0.07996 0.91440 0.03209 -1.05610 325.71126 0.00000 270.16369 -1.00000 0.00000 -999 325.71126
0.07996 0.91440 0.03209 -1.05610 325.71127 0.00000 270.16369 -1.00000 0.00000 -999 325.71127
0.07852 0.91440 0.03204 -1.06306 327.26085 0.00000 270.16010 -1.00000 0.00000 -999 327.26085
0.07852 0.91440 0.03204 -1.06306 327.26086 0.00000 270.16010 -1.00000 0.00000 -999 327.26086
0.07852 0.91440 0.03204 -1.06306 327.26087 0.00000 270.16010 -1.00000 0.00000 -999 327.26087
0.07709 0.91440 0.03198 -1.07011 328.82841 0.00000 270.15645 -1.00000 0.00000 -999 328.82841
0.07709 0.91440 0.03198 -1.07011 328.82842 0.00000 270.15645 -1.00000 0.00000 -999 328.82842
0.07565 0.91440 0.03192 -1.07729 330.13207 0.00000 270.15340 -1.00000 0.00000 -999 330.13207
0.07565 0.91440 0.03192 -1.07729 330.13208 0.00000 270.15340 -1.00000 0.00000 -999 330.13208
0.07421 0.91440 0.03185 -1.08461 331.45460 0.00000 270.15029 -1.00000 0.00000 -999 331.45460
0.07421 0.91440 0.03185 -1.08461 331.45461 0.00000 270.15029 -1.00000 0.00000 -999 331.45461
0.07277 0.91440 0.03178 -1.09206 332.49345 0.00000 270.14784 -1.00000 0.00000 -999 332.49345
0.07134 0.91440 0.03170 -1.09965 333.55146 0.00000 270.14535 -1.00000 0.00000 -999 333.55146
0.07134 0.91440 0.03170 -1.09965 333.55147 0.00000 270.14534 -1.00000 0.00000 -999 333.55147
0.06990 0.91440 0.03162 -1.10735 334.92593 0.00000 270.14209 -1.00000 0.00000 -999 334.92593
0.06990 0.91440 0.03162 -1.10735 334.92594 0.00000 270.14209 -1.00000 0.00000 -999 334.92594
0.06846 0.91440 0.03154 -1.11519 336.32217 0.00000 270.13879 -1.00000 0.00000 -999 336.32217
0.06846 0.91440 0.03154 -1.11519 336.32218 0.00000 270.13879 -1.00000 0.00000 -999 336.32218
0.06703 0.91440 0.03144 -1.12312 337.74219 0.00000 270.13544 -1.00000 0.00000 -999 337.74219
0.06703 0.91440 0.03144 -1.12312 337.74220 0.00000 270.13544 -1.00000 0.00000 -999 337.74220
0.06559 0.91440 0.03135 -1.13116 339.73864 0.00006 270.13377 -0.25001 0.00000 -999 339.52045
0.06559 0.91440 0.03135 -1.13116 339.73865 0.00006 270.13377 -0.25000 0.00000 -999 339.52046
0.06559 0.91440 0.03135 -1.13116 339.73866 0.00006 270.13377 -0.25000 0.00000 -999 339.52047
0.06415 0.91440 0.03125 -1.13933 341.00612 0.00000 270.12781 -0.50000 0.00000 -999 341.00534
0.06272 0.91440 0.03114 -1.14774 342.40576 0.00005 270.12734 -0.33333 0.00000 -999 342.19968
0.06272 0.91440 0.03114 -1.14774 342.40577 0.00005 270.12734 -0.33333 0.00000 -999 342.19969
0.06129 0.91440 0.03103 -1.15639 344.26929 0.00013 270.12694 0.99999 0.00000 -999 343.76982
0.06129 0.91440 0.03103 -1.15639 344.26930 0.00013 270.12694 1.00000 0.00000 -999 343.76984
0.05985 0.91440 0.03091 -1.16510 346.26711 0.00013 270.12243 1.00000 0.00000 -999 345.75718
0.05985 0.91440 0.03091 -1.16510 346.26712 0.00013 270.12243 1.00000 0.00000 -999 345.75719
0.05985 0.91440 0.03091 -1.16510 346.26713 0.00013 270.12243 1.00000 0.00000 -999 345.75720
0.05842 0.91440 0.03079 -1.17406 348.63290 0.00020 270.12103 1.00000 0.00001 -999 347.81216
0.05842 0.91440 0.03079 -1.17406 348.63292 0.00020 270.12103 1.00000 0.00001 -999 347.81217
0.05698 0.91440 0.03066 -1.18312 350.56591 0.00025 270.11905 1.00000 0.00001 -999 349.55653
0.05698 0.91440 0.03066 -1.18312 350.56592 0.00025 270.11905 1.00000 0.00001 -999 349.55655
0.05555 0.91440 0.03052 -1.19235 352.48859 0.00028 270.11622 1.00000 0.00001 -999 351.35874
0.05555 0.91440 0.03052 -1.19235 352.48860 0.00028 270.11622 1.00000 0.00001 -999 351.35876
0.05412 0.91440 0.03038 -1.20184 354.34399 0.00027 270.11195 1.00000 0.00001 -999 353.22105
0.05412 0.91440 0.03038 -1.20184 354.34401 0.00027 270.11195 1.00000 0.00001 -999 353.22107
0.05269 0.91440 0.03023 -1.21147 356.37349 0.00034 270.11086 1.00000 0.00001 -999 354.97088
0.05126 0.91440 0.03008 -1.22146 358.37039 0.00040 270.10980 1.00000 0.00002 -999 356.68800
0.05126 0.91440 0.03008 -1.22146 358.37041 0.00040 270.10980 1.00000 0.00002 -999 356.68801
0.04983 0.91440 0.02992 -1.23175 360.02646 0.00068 269.97684 0.33334 0.00001 -999 358.71611
0.04983 0.91440 0.02992 -1.23176 360.02647 0.00068 269.97684 0.33333 0.00001 -999 358.71612
0.04840 0.91440 0.02975 -1.24222 363.52321 0.00081 270.05279 0.66666 0.00003 -999 360.78839
0.04840 0.91440 0.02975 -1.24222 363.52323 0.00081 270.05279 0.66667 0.00003 -999 360.78841
0.04697 0.91440 0.02957 -1.25282 364.79623 0.00103 269.90194 0.00000 0.00002 -999 362.90014
0.04697 0.91440 0.02957 -1.25282 364.79624 0.00103 269.90194 0.00000 0.00002 -999 362.90015
0.04554 0.91440 0.02939 -1.26368 366.39536 0.00112 269.81720 -0.33333 0.00001 -999 365.05288
0.04554 0.91440 0.02939 -1.26368 366.39537 0.00112 269.81720 -0.33333 0.00001 -999 365.05290
0.04412 0.91440 0.02919 -1.27487 368.61793 0.00134 269.74274 -0.33333 0.00001 -999 367.25081
0.04412 0.91440 0.02919 -1.27487 368.61794 0.00134 269.74274 -0.33333 0.00001 -999 367.25083
0.04269 0.91440 0.02899 -1.28647 369.49784 0.00159 269.54060 -0.99999 0.00000 -999 369.49783
0.04269 0.91440 0.02899 -1.28647 369.49784 0.00159 269.54060 -1.00000 0.00000 -999 369.49784
0.04127 0.91440 0.02878 -1.29849 371.79555 0.00171 269.49911 -1.00000 0.00000 -999 371.79555
0.04127 0.91440 0.02878 -1.29849 371.79556 0.00171 269.49911 -1.00000 0.00000 -999 371.79556
0.03985 0.91440 0.02856 -1.31087 374.14429 0.00203 269.39366 -1.00000 0.00000 -999 374.14429
0.03985 0.91440 0.02856 -1.31087 374.14430 0.00203 269.39366 -1.00000 0.00000 -999 374.14430
0.03843 0.91440 0.02833 -1.32348 376.55090 0.00257 269.21465 -1.00000 0.00000 -999 376.55090
0.03843 0.91440 0.02833 -1.32348 376.55092 0.00257 269.21465 -1.00000 0.00000 -999 376.55092
0.03701 0.91440 0.02809 -1.33627 379.04016 0.00289 269.11212 -1.00000 0.00000 -999 379.04016
0.03701 0.91440 0.02809 -1.33627 379.04017 0.00289 269.11212 -1.00000 0.00000 -999 379.04017
0.03559 0.91440 0.02784 -1.34950 381.64994 0.00371 268.84890 -1.00000 0.00000 -999 381.64994
0.03559 0.91440 0.02784 -1.34950 381.64996 0.00371 268.84890 -1.00000 0.00000 -999 381.64996
0.03417 0.91440 0.02758 -1.36343 384.40560 0.00435 268.64364 -1.00000 0.00000 -999 384.40560
0.03417 0.91440 0.02758 -1.36343 384.40562 0.00435 268.64363 -1.00000 0.00000 -999 384.40562
0.03276 0.91440 0.02731 -1.37787 387.30458 0.00482 268.49682 -1.00000 0.00000 -999 387.30458
0.03276 0.91440 0.02731 -1.37787 387.30460 0.00482 268.49682 -1.00000 0.00000 -999 387.30460
0.03135 0.91440 0.02703 -1.39266 406.92348 0.00572 268.41970 -0.33334 0.00014 -999 390.32427
0.03135 0.91440 0.02703 -1.39266 406.92362 0.00572 268.41970 -0.33333 0.00014 -999 390.32429
0.02994 0.91440 0.02673 -1.40773 429.51110 0.00719 268.31925 0.33333 0.00031 -999 393.43290
0.02994 0.91440 0.02673 -1.40773 429.51126 0.00719 268.31925 0.33333 0.00031 -999 393.43292
0.02854 0.91440 0.02642 -1.42316 440.30367 0.00859 268.30258 1.00000 0.00037 -999 396.60249
0.02854 0.91440 0.02642 -1.42316 440.30375 0.00859 268.30258 1.00000 0.00037 -999 396.60251
0.02713 0.91440 0.02610 -1.43916 449.78576 0.00969 268.30922 1.00000 0.00042 -999 399.81973
0.02713 0.91440 0.02610 -1.43916 449.78584 0.00969 268.30922 1.00000 0.00042 -999 399.81976
0.02574 0.91440 0.02576 -1.45620 462.34700 0.01133 268.32294 1.00000 0.00049 -999 403.07870
0.02574 0.91440 0.02576 -1.45620 462.34710 0.01133 268.32294 1.00000 0.00049 -999 403.07873
0.02434 0.91440 0.02540 -1.47380 479.18683 0.01373 268.34682 1.00000 0.00060 -999 406.38431
0.02434 0.91440 0.02540 -1.47380 479.18694 0.01373 268.34682 1.00000 0.00060 -999 406.38433
0.02434 0.91440 0.02540 -1.47380 479.18707 0.01373 268.34683 1.00000 0.00060 -999 406.38436
0.02295 0.91440 0.02503 -1.49155 497.27791 0.01628 268.37025 1.00000 0.00072 -999 409.78487
0.02157 0.91440 0.02464 -1.50921 518.87170 0.01938 268.39814 1.00000 0.00086 -999 413.36134
0.02157 0.91440 0.02464 -1.50921 518.87186 0.01938 268.39814 1.00000 0.00086 -999 413.36137
0.02019 0.91440 0.02422 -1.52768 541.44250 0.02254 268.42316 1.00000 0.00101 -999 417.13548
0.02019 0.91440 0.02422 -1.52768 541.44267 0.02254 268.42316 1.00000 0.00101 -999 417.13551
0.01882 0.91440 0.02379 -1.54726 570.11720 0.02675 268.45614 1.00000 0.00120 -999 420.96817
0.01882 0.91440 0.02379 -1.54726 570.11742 0.02675 268.45614 1.00000 0.00120 -999 420.96819
0.01745 0.91440 0.02334 -1.56705 604.90426 0.03210 268.49723 1.00000 0.00146 -999 424.64746
0.01745 0.91440 0.02334 -1.56705 604.90450 0.03210 268.49723 1.00000 0.00146 -999 424.64749
0.01610 0.91440 0.02285 -1.58570 644.14040 0.03835 268.54269 1.00000 0.00175 -999 428.12425
0.01610 0.91440 0.02285 -1.58570 644.14070 0.03835 268.54269 1.00000 0.00175 -999 428.12428
0.01475 0.91440 0.02234 -1.60348 690.81170 0.04618 268.59687 1.00000 0.00213 -999 431.53231
0.01475 0.91440 0.02234 -1.60348 690.81204 0.04618 268.59687 1.00000 0.00213 -999 431.53234
0.01342 0.91440 0.02180 -1.62238 739.59416 0.05476 268.65132 1.00000 0.00254 -999 434.79696
0.01342 0.91440 0.02180 -1.62238 739.59452 0.05476 268.65132 1.00000 0.00254 -999 434.79698
0.01210 0.91440 0.02123 -1.63956 794.05574 0.06551 268.71893 1.00000 0.00305 -999 437.50454
0.01210 0.91440 0.02123 -1.63956 794.05613 0.06551 268.71893 1.00000 0.00305 -999 437.50456
0.01079 0.91440 0.02062 -1.65207 854.89202 0.07963 268.81179 1.00000 0.00373 -999 439.35111
0.01079 0.91440 0.02062 -1.65207 854.89246 0.07963 268.81179 1.00000 0.00373 -999 439.35113
0.00951 0.91440 0.01996 -1.65796 911.34877 0.09579 268.92269 1.00000 0.00450 -999 440.14445
0.00951 0.91440 0.01996 -1.65796 911.34919 0.09579 268.92269 1.00000 0.00450 -999 440.14445
0.00826 0.91440 0.01926 -1.66091 961.74448 0.11592 269.07095 1.00000 0.00544 -999 439.35369
0.00826 0.91440 0.01926 -1.66091 961.74485 0.11593 269.07096 1.00000 0.00544 -999 439.35369
0.00709 0.91440 0.01854 -1.65254 1001.71950 0.14175 269.28067 1.00000 0.00663 -999 436.47667
0.00709 0.91440 0.01854 -1.65254 1001.71979 0.14175 269.28067 1.00000 0.00663 -999 436.47664
0.00603 0.91440 0.01782 -1.62526 1024.88082 0.17098 269.54265 1.00000 0.00792 -999 431.61106
0.00603 0.91440 0.01782 -1.62526 1024.88099 0.17098 269.54265 1.00000 0.00792 -999 431.61103
0.00507 0.91440 0.01709 -1.58713 1031.74168 0.20360 269.85925 1.00000 0.00929 -999 425.43077
0.00507 0.91440 0.01709 -1.58713 1031.74173 0.20360 269.85925 1.00000 0.00929 -999 425.43073
0.00423 0.91440 0.01638 -1.53150 1029.10454 0.23879 270.22237 1.00000 0.01064 -999 418.97757
0.00423 0.91440 0.01638 -1.53150 1029.10452 0.23879 270.22237 1.00000 0.01064 -999 418.97752
0.00350 0.91440 0.01567 -1.44710 1022.73917 0.27973 270.65743 1.00000 0.01205 -999 413.25342
0.00350 0.91440 0.01567 -1.44710 1022.73912 0.27973 270.65743 1.00000 0.01205 -999 413.25338
0.00284 0.91440 0.01497 -1.33605 1016.79016 0.32292 271.12405 1.00000 0.01328 -999 409.17528
0.00284 0.91440 0.01497 -1.33605 1016.79012 0.32292 271.12405 1.00000 0.01328 -999 409.17525
0.00228 0.91440 0.01426 -1.20185 1014.65222 0.36584 271.58605 1.00000 0.01417 -999 407.56624
0.00228 0.91440 0.01426 -1.20185 1014.65220 0.36584 271.58605 1.00000 0.01417 -999 407.56622
0.00179 0.91440 0.01356 -1.04343 1018.17496 0.41346 272.07699 1.00000 0.01485 -999 408.57444
0.00179 0.91440 0.01356 -1.04343 1018.17498 0.41346 272.07699 1.00000 0.01485 -999 408.57445
0.00137 0.91440 0.01285 -0.86108 1026.00366 0.46833 272.69929 0.99474 0.01523 -999 411.52278
0.00137 0.91440 0.01285 -0.86107 1026.00372 0.46833 272.69930 0.99474 0.01523 -999 411.52281
0.00104 0.91440 0.01216 -0.65336 1032.35604 0.52187 273.09603 0.93144 0.01412 -999 414.84177
0.00104 0.91440 0.01216 -0.65336 1032.35608 0.52187 273.09603 0.93144 0.01412 -999 414.84180
0.00076 0.91440 0.01145 -0.42606 1030.38350 0.57183 273.15000 0.82522 0.01187 -999 416.86120
0.00076 0.91440 0.01145 -0.42606 1030.38348 0.57183 273.15000 0.82522 0.01187 -999 416.86121
0.00055 0.91440 0.01074 -0.19401 1013.94887 0.61263 273.15000 0.73879 0.00957 -999 417.19402
0.00055 0.91440 0.01074 -0.19401 1013.94875 0.61263 273.15000 0.73879 0.00957 -999 417.19402
0.00041 0.91440 0.01002 0.02938 972.20673 0.64934 273.15000 0.65543 0.00732 -999 416.09475
0.00041 0.91440 0.01002 0.02939 972.20643 0.64934 273.15000 0.65543 0.00732 -999 416.09474
0.00032 0.91440 0.00930 0.24109 887.12640 0.68230 273.15000 0.56218 0.00518 -999 413.12110
0.00032 0.91440 0.00930 0.24109 887.12578 0.68230 273.15000 0.56218 0.00518 -999 413.12107
0.00031 0.91440 0.00858 0.43967 757.20303 0.70624 273.15000 0.46473 0.00331 -999 408.03195
0.00031 0.91440 0.00858 0.43968 757.20209 0.70624 273.15000 0.46473 0.00331 -999 408.03192
0.00035 0.91440 0.00784 0.61291 621.57301 0.71866 273.15000 0.38085 0.00193 -999 401.67877
0.00035 0.91440 0.00784 0.61291 621.57203 0.71866 273.15000 0.38085 0.00193 -999 401.67872
0.00046 0.91440 0.00710 0.75597 516.81564 0.72423 273.15000 0.32332 0.00105 -999 394.51849
0.00046 0.91440 0.00710 0.75597 516.81489 0.72423 273.15000 0.32332 0.00105 -999 394.51844
0.00064 0.91440 0.00636 0.86665 445.97374 0.72572 273.15000 0.28540 0.00052 -999 385.91521
0.00064 0.91440 0.00636 0.86665 445.97324 0.72572 273.15000 0.28540 0.00052 -999 385.91515
0.00087 0.91440 0.00562 0.94727 397.76440 0.71282 273.15000 0.26473 0.00020 -999 375.12606
0.00087 0.91440 0.00562 0.94727 397.76405 0.71282 273.15000 0.26473 0.00020 -999 375.12599
0.00087 0.91440 0.00562 0.94727 397.76382 0.71282 273.15000 0.26473 0.00020 -999 375.12589
0.00119 0.91440 0.00487 0.99864 366.39959 0.69485 273.15000 0.25365 0.00004 -999 362.17820
0.00158 0.91440 0.00410 1.02347 346.30648 0.67559 273.15000 0.24867 0.00000 -999 346.30645
0.00158 0.91440 0.00410 1.02347 346.30635 0.67559 273.15000 0.24867 0.00000 -999 346.30635
0.00158 0.91440 0.00410 1.02347 346.30623 0.67559 273.15000 0.24867 0.00000 -999 346.30623
0.00205 0.91440 0.00332 1.02482 332.48663 0.64755 273.15000 0.24983 0.00000 -999 332.48663
0.00260 0.91440 0.00252 1.00718 318.99286 0.61918 273.15000 0.25140 0.00001 -999 318.18607
0.00260 0.91440 0.00252 1.00718 318.99275 0.61918 273.15000 0.25140 0.00001 -999 318.18595
0.00324 0.91440 0.00172 0.97472 307.17252 0.58750 273.15000 0.25608 0.00007 -999 300.59129
0.00324 0.91440 0.00172 0.97472 307.17245 0.58750 273.15000 0.25608 0.00007 -999 300.59117
0.00398 0.91440 0.00089 0.93119 299.63878 0.54785 273.15000 0.26654 0.00019 -999 283.16685
0.00398 0.91440 0.00089 0.93119 299.63873 0.54785 273.15000 0.26654 0.00019 -999 283.16673
0.00398 0.91440 0.00089 0.93119 299.63869 0.54785 273.15000 0.26654 0.00019 -999 283.16662
0.00483 0.91440 0.00003 0.87888 294.43791 0.51690 273.15000 0.27677 0.00031 -999 269.57443
0.00579 0.91440 -0.00084 0.82135 291.24160 0.48612 273.15000 0.28968 0.00043 -999 257.96933
0.00579 0.91440 -0.00084 0.82135 291.24157 0.48611 273.15000 0.28968 0.00043 -999 257.96924
0.00686 0.91440 -0.00172 0.76167 289.57427 0.44820 273.15000 0.30996 0.00058 -999 246.62020
0.00686 0.91440 -0.00172 0.76167 289.57426 0.44820 273.15000 0.30996 0.00058 -999 246.62013
0.00686 0.91440 -0.00172 0.76167 289.57426 0.44819 273.15000 0.30996 0.00058 -999 246.62007
0.00802 0.91440 -0.00259 0.70296 290.13391 0.41515 273.15000 0.33217 0.00072 -999 238.84474
0.00920 0.91440 -0.00342 0.64791 292.13249 0.38480 273.15000 0.35792 0.00085 -999 233.09737
0.00920 0.91440 -0.00342 0.64791 292.13251 0.38480 273.15000 0.35792 0.00085 -999 233.09732
0.01041 0.91440 -0.00421 0.59715 295.94388 0.35820 273.15000 0.38542 0.00098 -999 229.38352
0.01041 0.91440 -0.00421 0.59715 295.94391 0.35820 273.15000 0.38542 0.00098 -999 229.38349
0.01165 0.91440 -0.00496 0.55085 302.04968 0.33495 273.15000 0.41724 0.00111 -999 227.75309
0.01165 0.91440 -0.00496 0.55085 302.04972 0.33495 273.15000 0.41724 0.00111 -999 227.75308
0.01290 0.91440 -0.00568 0.50837 310.51901 0.31361 273.15000 0.45341 0.00123 -999 227.93078
0.01290 0.91440 -0.00568 0.50837 310.51907 0.31361 273.15000 0.45341 0.00123 -999 227.93078
0.01290 0.91440 -0.00568 0.50837 310.51914 0.31361 273.15000 0.45341 0.00123 -999 227.93079
0.01417 0.91440 -0.00637 0.46898 320.80977 0.29343 273.15000 0.49661 0.00136 -999 229.34971
0.01545 0.91440 -0.00704 0.43268 332.33931 0.27371 273.15000 0.54604 0.00149 -999 231.54782
0.01545 0.91440 -0.00704 0.43268 332.33940 0.27371 273.15000 0.54604 0.00149 -999 231.54783
0.01545 0.91440 -0.00704 0.43268 332.33949 0.27371 273.15000 0.54604 0.00149 -999 231.54785
0.01675 0.91440 -0.00768 0.39950 345.28910 0.25532 273.15000 0.60411 0.00163 -999 234.50066
0.01806 0.91440 -0.00830 0.36892 360.07055 0.23939 273.15000 0.66687 0.00178 -999 238.26729
0.01806 0.91440 -0.00830 0.36892 360.07066 0.23939 273.15000 0.66687 0.00178 -999 238.26732
0.01937 0.91440 -0.00890 0.34034 376.25063 0.22700 273.15000 0.73126 0.00193 -999 242.48717
0.01937 0.91440 -0.00890 0.34034 376.25074 0.22700 273.15000 0.73126 0.00193 -999 242.48720
0.01937 0.91440 -0.00890 0.34034 376.25086 0.22700 273.15000 0.73126 0.00193 -999 242.48723
0.02070 0.91440 -0.00949 0.31367 392.64968 0.21510 273.15000 0.80306 0.00209 -999 246.62153
0.02203 0.91440 -0.01005 0.28900 408.55880 0.20431 273.15000 0.87858 0.00225 -999 250.39028
0.02203 0.91440 -0.01005 0.28900 408.55891 0.20431 273.15000 0.87858 0.00225 -999 250.39030
0.02337 0.91440 -0.01060 0.26609 423.60785 0.19331 273.00538 0.95975 0.00240 -999 253.81178
0.02337 0.91440 -0.01060 0.26609 423.60796 0.19331 273.00538 0.95975 0.00240 -999 253.81181
0.02471 0.91440 -0.01113 0.24464 432.90714 0.18488 272.82276 0.99924 0.00246 -999 257.02357
0.02471 0.91440 -0.01113 0.24464 432.90720 0.18488 272.82275 0.99924 0.00246 -999 257.02359
0.02471 0.91440 -0.01113 0.24464 432.90722 0.18488 272.82275 0.99924 0.00246 -999 257.02362
0.02606 0.91440 -0.01164 0.22441 435.26159 0.17653 272.59278 1.00000 0.00242 -999 260.07137
0.02742 0.91440 -0.01215 0.20535 436.24608 0.16819 272.41516 1.00000 0.00236 -999 262.84654
0.02742 0.91440 -0.01215 0.20535 436.24609 0.16819 272.41516 1.00000 0.00236 -999 262.84656
0.02878 0.91440 -0.01264 0.18750 436.38958 0.16035 272.25336 1.00000 0.00230 -999 265.23076
0.02878 0.91440 -0.01264 0.18750 436.38958 0.16035 272.25336 1.00000 0.00230 -999 265.23078
0.03014 0.91440 -0.01312 0.17073 436.40659 0.15374 272.11565 1.00000 0.00225 -999 267.22139
0.03014 0.91440 -0.01312 0.17073 436.40659 0.15374 272.11564 1.00000 0.00225 -999 267.22140
0.03014 0.91440 -0.01312 0.17073 436.40657 0.15374 272.11564 1.00000 0.00225 -999 267.22141
0.03151 0.91440 -0.01358 0.15499 433.29014 0.14500 271.95548 1.00000 0.00216 -999 268.90368
0.03288 0.91440 -0.01404 0.14000 431.23592 0.13814 271.82515 1.00000 0.00210 -999 270.36907
0.03288 0.91440 -0.01404 0.14000 431.23591 0.13814 271.82515 1.00000 0.00210 -999 270.36908
0.03288 0.91440 -0.01404 0.14000 431.23590 0.13814 271.82515 1.00000 0.00210 -999 270.36909
0.03426 0.91440 -0.01448 0.12576 429.47912 0.13231 271.71158 1.00000 0.00204 -999 271.67119
0.03564 0.91440 -0.01492 0.11226 427.78453 0.12705 271.60864 1.00000 0.00199 -999 272.83807
0.03564 0.91440 -0.01492 0.11226 427.78451 0.12705 271.60864 1.00000 0.00199 -999 272.83808
0.03702 0.91440 -0.01534 0.09948 425.55815 0.12223 271.51722 1.00000 0.00194 -999 273.75529
0.03702 0.91440 -0.01534 0.09948 425.55813 0.12223 271.51722 1.00000 0.00194 -999 273.75530
0.03841 0.91440 -0.01576 0.08745 422.65354 0.11669 271.41373 1.00000 0.00188 -999 274.72516
0.03841 0.91440 -0.01576 0.08745 422.65352 0.11669 271.41372 1.00000 0.00188 -999 274.72517
0.03841 0.91440 -0.01576 0.08745 422.65350 0.11669 271.41372 1.00000 0.00188 -999 274.72517
0.03979 0.91440 -0.01617 0.07599 419.89584 0.11162 271.31745 1.00000 0.00182 -999 275.59492
0.04118 0.91440 -0.01656 0.06501 418.19833 0.10809 271.24733 1.00000 0.00179 -999 276.22710
0.04118 0.91440 -0.01656 0.06501 418.19831 0.10809 271.24733 1.00000 0.00179 -999 276.22711
0.04118 0.91440 -0.01656 0.06501 418.19831 0.10809 271.24733 1.00000 0.00179 -999 276.22711
0.04258 0.91440 -0.01695 0.05451 415.04185 0.10377 271.16693 1.00000 0.00173 -999 276.69821
0.04258 0.91440 -0.01695 0.05451 415.04180 0.10377 271.16693 1.00000 0.00173 -999 276.69821
0.04397 0.91440 -0.01734 0.04447 411.94422 0.09979 271.09371 1.00000 0.00168 -999 277.01569
0.04397 0.91440 -0.01734 0.04447 411.94421 0.09979 271.09371 1.00000 0.00168 -999 277.01569
0.04537 0.91440 -0.01771 0.03491 408.27654 0.09573 271.01951 1.00000 0.00163 -999 277.19828
0.04677 0.91440 -0.01808 0.02583 404.05792 0.09148 270.94356 1.00000 0.00157 -999 277.27265
0.04677 0.91440 -0.01808 0.02583 404.05788 0.09148 270.94356 1.00000 0.00157 -999 277.27265
0.04677 0.91440 -0.01808 0.02583 404.05785 0.09148 270.94356 1.00000 0.00157 -999 277.27265
0.04817 0.91440 -0.01844 0.01718 400.38231 0.08788 270.87786 1.00000 0.00153 -999 277.26984
0.04957 0.91440 -0.01879 0.00888 396.19277 0.08405 270.80859 1.00000 0.00147 -999 277.21794
0.04957 0.91440 -0.01879 0.00888 396.19274 0.08405 270.80859 1.00000 0.00147 -999 277.21794
0.04957 0.91440 -0.01879 0.00888 396.19272 0.08405 270.80859 1.00000 0.00147 -999 277.21794
0.05097 0.91440 -0.01914 0.00085 392.51065 0.08074 270.74737 1.00000 0.00143 -999 277.13521
0.05097 0.91440 -0.01914 0.00085 392.51062 0.08074 270.74737 1.00000 0.00143 -999 277.13521
0.05238 0.91440 -0.01948 -0.00680 388.61594 0.07739 270.68517 1.00000 0.00138 -999 277.03029
0.05238 0.91440 -0.01948 -0.00680 388.61592 0.07739 270.68517 1.00000 0.00138 -999 277.03029
0.05379 0.91440 -0.01981 -0.01416 385.30005 0.07455 270.63148 1.00000 0.00134 -999 276.90745
0.05379 0.91440 -0.01981 -0.01416 385.30003 0.07455 270.63148 1.00000 0.00134 -999 276.90745
0.05519 0.91440 -0.02014 -0.02120 381.85979 0.07173 270.57745 1.00000 0.00129 -999 276.76746
0.05519 0.91440 -0.02014 -0.02120 381.85977 0.07173 270.57744 1.00000 0.00129 -999 276.76746
0.05660 0.91440 -0.02046 -0.02792 379.13452 0.06947 270.53364 1.00000 0.00126 -999 276.60899
0.05660 0.91440 -0.02046 -0.02792 379.13450 0.06947 270.53364 1.00000 0.00126 -999 276.60899
0.05802 0.91440 -0.02078 -0.03439 375.38489 0.06657 270.47727 1.00000 0.00122 -999 276.41339
0.05802 0.91440 -0.02078 -0.03439 375.38487 0.06657 270.47727 1.00000 0.00122 -999 276.41339
0.05943 0.91440 -0.02109 -0.04057 372.52684 0.06438 270.43507 1.00000 0.00118 -999 276.23458
0.06084 0.91440 -0.02139 -0.04656 369.80716 0.06235 270.39497 1.00000 0.00115 -999 276.04274
0.06084 0.91440 -0.02139 -0.04656 369.80714 0.06235 270.39497 1.00000 0.00115 -999 276.04274
0.06084 0.91440 -0.02139 -0.04656 369.80711 0.06235 270.39497 1.00000 0.00115 -999 276.04274
0.06226 0.91440 -0.02169 -0.05236 366.62349 0.06003 270.34871 1.00000 0.00112 -999 275.79180
0.06226 0.91440 -0.02169 -0.05236 366.62347 0.06003 270.34871 1.00000 0.00112 -999 275.79180
0.06367 0.91440 -0.02199 -0.05792 363.58602 0.05788 270.30562 1.00000 0.00108 -999 275.54338
0.06367 0.91440 -0.02199 -0.05792 363.58600 0.05788 270.30562 1.00000 0.00108 -999 275.54338
0.06509 0.91440 -0.02228 -0.06324 360.56463 0.05578 270.26361 1.00000 0.00105 -999 275.27535
0.06651 0.91440 -0.02256 -0.06835 356.94420 0.05335 270.21449 1.00000 0.00101 -999 274.98760
0.06651 0.91440 -0.02256 -0.06835 356.94419 0.05335 270.21449 1.00000 0.00101 -999 274.98759
0.06651 0.91440 -0.02256 -0.06835 356.94416 0.05335 270.21449 1.00000 0.00101 -999 274.98759
0.06793 0.91440 -0.02284 -0.07328 353.33536 0.05096 270.16630 1.00000 0.00097 -999 274.68035
0.06793 0.91440 -0.02284 -0.07328 353.33533 0.05096 270.16630 1.00000 0.00097 -999 274.68034
0.06935 0.91440 -0.02312 -0.07802 350.33696 0.04904 270.12636 1.00000 0.00093 -999 274.35419
0.06935 0.91440 -0.02312 -0.07802 350.33695 0.04904 270.12636 1.00000 0.00093 -999 274.35419
0.07077 0.91440 -0.02339 -0.08260 346.86853 0.04684 270.08055 1.00000 0.00090 -999 274.00991
0.07077 0.91440 -0.02339 -0.08260 346.86852 0.04684 270.08055 1.00000 0.00090 -999 274.00990
0.07219 0.91440 -0.02365 -0.08702 345.39405 0.04598 270.06165 1.00000 0.00088 -999 273.64818
0.07219 0.91440 -0.02365 -0.08702 345.39403 0.04598 270.06165 1.00000 0.00088 -999 273.64818
0.07361 0.91440 -0.02391 -0.09129 342.61710 0.04430 270.02623 1.00000 0.00085 -999 273.26963
0.07361 0.91440 -0.02391 -0.09129 342.61708 0.04430 270.02623 1.00000 0.00085 -999 273.26963
0.07503 0.91440 -0.02417 -0.09541 339.96185 0.04273 269.99275 1.00000 0.00083 -999 272.87486
0.07503 0.91440 -0.02417 -0.09541 339.96184 0.04273 269.99275 1.00000 0.00083 -999 272.87486
0.07646 0.91440 -0.02442 -0.09937 337.43919 0.04128 269.96132 1.00000 0.00080 -999 272.46470
0.07646 0.91440 -0.02442 -0.09937 337.43917 0.04128 269.96132 1.00000 0.00080 -999 272.46470
0.07788 0.91440 -0.02467 -0.10320 335.68674 0.04034 269.94079 1.00000 0.00079 -999 272.04008
0.07788 0.91440 -0.02467 -0.10320 335.68672 0.04034 269.94079 1.00000 0.00079 -999 272.04007
0.07931 0.91440 -0.02492 -0.10689 332.58151 0.03856 269.90186 1.00000 0.00075 -999 271.60207
0.08073 0.91440 -0.02516 -0.11042 329.79136 0.03700 269.86779 1.00000 0.00073 -999 271.15307
0.08073 0.91440 -0.02516 -0.11042 329.79134 0.03700 269.86779 1.00000 0.00073 -999 271.15306
0.08073 0.91440 -0.02516 -0.11042 329.79132 0.03700 269.86779 1.00000 0.00073 -999 271.15306
0.08216 0.91440 -0.02540 -0.11384 327.32642 0.03567 269.83800 1.00000 0.00070 -999 270.69668
0.08216 0.91440 -0.02540 -0.11384 327.32640 0.03567 269.83800 1.00000 0.00070 -999 270.69668
0.08359 0.91440 -0.02563 -0.11714 324.38181 0.03404 269.80159 1.00000 0.00067 -999 270.23677
0.08359 0.91440 -0.02563 -0.11714 324.38179 0.03404 269.80159 1.00000 0.00067 -999 270.23677
0.08501 0.91440 -0.02586 -0.12036 322.67615 0.03321 269.78257 1.00000 0.00066 -999 269.77477
0.08501 0.91440 -0.02586 -0.12036 322.67614 0.03321 269.78257 1.00000 0.00066 -999 269.77477
0.08644 0.91440 -0.02609 -0.12348 320.16906 0.03188 269.75237 1.00000 0.00063 -999 269.30774
0.08787 0.91440 -0.02631 -0.12641 318.22104 0.03093 269.73007 1.00000 0.00062 -999 268.83212
0.08787 0.91440 -0.02631 -0.12641 318.22102 0.03093 269.73006 1.00000 0.00062 -999 268.83212
0.08787 0.91440 -0.02631 -0.12641 318.22100 0.03093 269.73006 1.00000 0.00062 -999 268.83211
0.08937 0.91440 -0.02654 -0.12939 314.92474 0.02913 269.68827 1.00000 0.00058 -999 268.34240
0.08937 0.91440 -0.02654 -0.12939 314.92473 0.02913 269.68827 1.00000 0.00058 -999 268.34240
0.09095 0.91440 -0.02678 -0.13247 313.50429 0.02857 269.67510 1.00000 0.00057 -999 267.77604
0.09095 0.91440 -0.02678 -0.13247 313.50428 0.02857 269.67510 1.00000 0.00057 -999 267.77603
0.09260 0.91440 -0.02702 -0.13546 311.08025 0.02734 269.64558 1.00000 0.00055 -999 267.28400
0.09434 0.91440 -0.02728 -0.13853 308.70423 0.02618 269.61827 1.00000 0.00053 -999 266.71774
0.09434 0.91440 -0.02728 -0.13853 308.70421 0.02618 269.61827 1.00000 0.00053 -999 266.71773
0.09434 0.91440 -0.02728 -0.13853 308.70420 0.02618 269.61827 1.00000 0.00053 -999 266.71773
0.09617 0.91440 -0.02754 -0.14165 305.95341 0.02489 269.58672 1.00000 0.00050 -999 266.00037
0.09617 0.91440 -0.02754 -0.14165 305.95338 0.02489 269.58672 1.00000 0.00050 -999 266.00037
0.09809 0.91440 -0.02780 -0.14479 303.35193 0.02363 269.55612 1.00000 0.00048 -999 265.38978
0.09809 0.91440 -0.02780 -0.14479 303.35192 0.02363 269.55612 1.00000 0.00048 -999 265.38977
0.10011 0.91440 -0.02808 -0.14782 301.09318 0.02261 269.53079 1.00000 0.00046 -999 264.75725
0.10011 0.91440 -0.02808 -0.14782 301.09315 0.02261 269.53079 1.00000 0.00046 -999 264.75725
0.10222 0.91440 -0.02836 -0.15095 298.69052 0.02142 269.50080 1.00000 0.00044 -999 264.24951
0.10445 0.91440 -0.02865 -0.15403 295.70982 0.01998 269.46438 1.00000 0.00041 -999 263.57106
0.10445 0.91440 -0.02865 -0.15403 295.70980 0.01998 269.46438 1.00000 0.00041 -999 263.57105
0.10445 0.91440 -0.02865 -0.15403 295.70978 0.01998 269.46438 1.00000 0.00041 -999 263.57105
0.10679 0.91440 -0.02894 -0.15701 293.19647 0.01895 269.43818 1.00000 0.00039 -999 262.70596
0.10679 0.91440 -0.02894 -0.15701 293.19645 0.01895 269.43818 1.00000 0.00039 -999 262.70596
0.10924 0.91440 -0.02925 -0.15998 290.61418 0.01780 269.40826 1.00000 0.00037 -999 261.97674
0.10924 0.91440 -0.02925 -0.15998 290.61416 0.01780 269.40826 1.00000 0.00037 -999 261.97673
0.11182 0.91440 -0.02956 -0.16290 288.51868 0.01696 269.38623 1.00000 0.00035 -999 261.24581
0.11182 0.91440 -0.02956 -0.16290 288.51866 0.01696 269.38623 1.00000 0.00035 -999 261.24581
0.11438 0.91440 -0.02986 -0.16572 285.49641 0.01553 269.34804 1.00000 0.00032 -999 260.52242
0.11438 0.91440 -0.02986 -0.16572 285.49639 0.01553 269.34804 1.00000 0.00032 -999 260.52242
0.11693 0.91440 -0.03015 -0.16822 283.23877 0.01457 269.32249 1.00000 0.00030 -999 259.81697
0.11693 0.91440 -0.03015 -0.16822 283.23875 0.01457 269.32249 1.00000 0.00030 -999 259.81696
0.11949 0.91440 -0.03043 -0.17062 280.98517 0.01351 269.29340 1.00000 0.00028 -999 259.28063
0.12205 0.91440 -0.03070 -0.17280 278.94089 0.01266 269.27011 1.00000 0.00026 -999 258.61293
0.12205 0.91440 -0.03070 -0.17280 278.94087 0.01266 269.27011 1.00000 0.00026 -999 258.61292
0.12205 0.91440 -0.03070 -0.17280 278.94086 0.01266 269.27011 1.00000 0.00026 -999 258.61292
0.12461 0.91440 -0.03097 -0.17487 276.82553 0.01184 269.24764 1.00000 0.00025 -999 257.82112
0.12461 0.91440 -0.03097 -0.17487 276.82551 0.01184 269.24764 1.00000 0.00025 -999 257.82112
0.12717 0.91440 -0.03123 -0.17679 275.24795 0.01117 269.22877 1.00000 0.00023 -999 257.33212
0.12974 0.91440 -0.03148 -0.17859 273.65930 0.01048 269.20938 1.00000 0.00022 -999 256.85334
0.12974 0.91440 -0.03148 -0.17859 273.65928 0.01048 269.20938 1.00000 0.00022 -999 256.85333
0.13230 0.91440 -0.03172 -0.18020 271.97129 0.00987 269.19205 1.00000 0.00021 -999 256.16757
0.13230 0.91440 -0.03172 -0.18020 271.97128 0.00987 269.19205 1.00000 0.00021 -999 256.16756
0.13230 0.91440 -0.03172 -0.18020 271.97127 0.00987 269.19205 1.00000 0.00021 -999 256.16756
0.13486 0.91440 -0.03196 -0.18167 270.00249 0.00901 269.16743 1.00000 0.00019 -999 255.58592
0.13743 0.91440 -0.03219 -0.18303 268.59543 0.00848 269.15223 1.00000 0.00018 -999 255.03741
0.13743 0.91440 -0.03219 -0.18303 268.59542 0.00848 269.15223 1.00000 0.00018 -999 255.03740
0.13999 0.91440 -0.03242 -0.18430 266.54740 0.00767 269.12882 1.00000 0.00016 -999 254.30152
0.13999 0.91440 -0.03242 -0.18430 266.54739 0.00767 269.12882 1.00000 0.00016 -999 254.30152
0.13999 0.91440 -0.03242 -0.18430 266.54738 0.00767 269.12882 1.00000 0.00016 -999 254.30151
0.14255 0.91440 -0.03263 -0.18551 265.42048 0.00736 269.11990 1.00000 0.00015 -999 253.69410
0.14512 0.91440 -0.03285 -0.18654 263.81453 0.00666 269.09922 1.00000 0.00014 -999 253.21366
0.14512 0.91440 -0.03285 -0.18654 263.81451 0.00666 269.09922 1.00000 0.00014 -999 253.21365
0.14769 0.91440 -0.03305 -0.18744 262.19829 0.00605 269.08131 1.00000 0.00013 -999 252.58511
0.14769 0.91440 -0.03305 -0.18744 262.19827 0.00605 269.08131 1.00000 0.00013 -999 252.58511
0.15025 0.91440 -0.03325 -0.18829 261.05236 0.00579 269.07429 1.00000 0.00012 -999 251.86461
0.15025 0.91440 -0.03325 -0.18829 261.05235 0.00579 269.07429 1.00000 0.00012 -999 251.86461
0.15025 0.91440 -0.03325 -0.18829 261.05234 0.00579 269.07429 1.00000 0.00012 -999 251.86460
0.15282 0.91440 -0.03344 -0.18910 259.61574 0.00535 269.06135 1.00000 0.00011 -999 251.15297
0.15539 0.91440 -0.03363 -0.18973 258.24879 0.00491 269.04858 1.00000 0.00010 -999 250.49235
0.15539 0.91440 -0.03363 -0.18973 258.24878 0.00491 269.04858 1.00000 0.00010 -999 250.49234
0.15539 0.91440 -0.03363 -0.18973 258.24877 0.00491 269.04858 1.00000 0.00010 -999 250.49234
0.15796 0.91440 -0.03381 -0.19029 256.87257 0.00447 269.03566 1.00000 0.00009 -999 249.82485
0.15796 0.91440 -0.03381 -0.19029 256.87256 0.00447 269.03566 1.00000 0.00009 -999 249.82484
0.16052 0.91440 -0.03399 -0.19086 255.68238 0.00415 269.02647 1.00000 0.00009 -999 249.15328
0.16052 0.91440 -0.03399 -0.19086 255.68236 0.00415 269.02647 1.00000 0.00009 -999 249.15327
0.16309 0.91440 -0.03416 -0.19124 252.70705 0.00381 269.03226 0.33334 0.00006 -999 248.47930
0.16309 0.91440 -0.03416 -0.19124 252.70703 0.00381 269.03226 0.33333 0.00006 -999 248.47929
0.16566 0.91440 -0.03432 -0.19157 250.68921 0.00349 269.04110 -0.00000 0.00004 -999 247.80731
0.16823 0.91440 -0.03448 -0.19190 248.98207 0.00320 269.12865 -0.66666 0.00002 -999 247.14039
0.16823 0.91440 -0.03448 -0.19190 248.98206 0.00320 269.12865 -0.66667 0.00002 -999 247.14039
0.16823 0.91440 -0.03448 -0.19190 248.98204 0.00320 269.12865 -0.66667 0.00002 -999 247.14038
0.17080 0.91440 -0.03464 -0.19207 247.36606 0.00296 269.21634 -1.00000 0.00001 -999 246.48036
0.17080 0.91440 -0.03464 -0.19207 247.36606 0.00296 269.21634 -1.00000 0.00001 -999 246.48036
0.17337 0.91440 -0.03479 -0.19221 246.71378 0.00284 269.26650 -1.00000 0.00001 -999 245.83041
0.17337 0.91440 -0.03479 -0.19221 246.71377 0.00284 269.26650 -1.00000 0.00001 -999 245.83041
0.17594 0.91440 -0.03493 -0.19233 245.19193 0.00249 269.41442 -1.00000 0.00000 -999 245.19193
0.17851 0.91440 -0.03507 -0.19230 244.56592 0.00233 269.48580 -1.00000 0.00000 -999 244.56592
0.17851 0.91440 -0.03507 -0.19230 244.56591 0.00233 269.48580 -1.00000 0.00000 -999 244.56591
0.17851 0.91440 -0.03507 -0.19230 244.56591 0.00233 269.48580 -1.00000 0.00000 -999 244.56591
0.18108 0.91440 -0.03521 -0.19229 243.95341 0.00199 269.63596 -1.00000 0.00000 -999 243.95341
0.18108 0.91440 -0.03521 -0.19229 243.95341 0.00199 269.63596 -1.00000 0.00000 -999 243.95341
0.18365 0.91440 -0.03534 -0.19218 243.43300 0.00188 269.68429 -1.00000 0.00000 -999 243.43300
0.18622 0.91440 -0.03546 -0.19202 242.82443 0.00175 269.73960 -1.00000 0.00000 -999 242.82443
0.18622 0.91440 -0.03546 -0.19202 242.82443 0.00175 269.73960 -1.00000 0.00000 -999 242.82443
0.18879 0.91440 -0.03559 -0.19184 242.19656 0.00161 269.80028 -1.00000 0.00000 -999 242.19656
0.18879 0.91440 -0.03559 -0.19184 242.19656 0.00161 269.80028 -1.00000 0.00000 -999 242.19656
0.19137 0.91440 -0.03570 -0.19157 241.63568 0.00154 269.83291 -1.00000 0.00000 -999 241.63568
0.19137 0.91440 -0.03570 -0.19157 241.63568 0.00154 269.83291 -1.00000 0.00000 -999 241.63568
0.19394 0.91440 -0.03582 -0.19129 241.08478 0.00120 269.98358 -1.00000 0.00000 -999 241.08478
0.19394 0.91440 -0.03582 -0.19129 241.08477 0.00120 269.98358 -1.00000 0.00000 -999 241.08477
0.19651 0.91440 -0.03592 -0.19092 240.54225 0.00112 270.01596 -1.00000 0.00000 -999 240.54225
0.19651 0.91440 -0.03592 -0.19092 240.54225 0.00112 270.01596 -1.00000 0.00000 -999 240.54225
0.19908 0.91440 -0.03603 -0.19055 240.00676 0.00107 270.03923 -1.00000 0.00000 -999 240.00676
0.19908 0.91440 -0.03603 -0.19055 240.00676 0.00107 270.03923 -1.00000 0.00000 -999 240.00676
0.20165 0.91440 -0.03613 -0.19011 239.47674 0.00077 270.17480 -1.00000 0.00000 -999 239.47674
0.20165 0.91440 -0.03613 -0.19011 239.47674 0.00077 270.17480 -1.00000 0.00000 -999 239.47674
0.20423 0.91440 -0.03622 -0.18964 238.95080 0.00066 270.22288 -1.00000 0.00000 -999 238.95080
0.20423 0.91440 -0.03622 -0.18964 238.95080 0.00066 270.22288 -1.00000 0.00000 -999 238.95080
0.20680 0.91440 -0.03632 -0.18914 238.42744 0.00063 270.23457 -1.00000 0.00000 -999 238.42744
0.20680 0.91440 -0.03632 -0.18914 238.42743 0.00063 270.23457 -1.00000 0.00000 -999 238.42743
0.20680 0.91440 -0.03632 -0.18914 238.42743 0.00063 270.23458 -1.00000 0.00000 -999 238.42743
0.20937 0.91440 -0.03641 -0.18859 238.03889 0.00062 270.28747 -0.66667 0.00000 -999 237.90550
0.21195 0.91440 -0.03649 -0.18801 237.69317 0.00054 270.38348 -0.00000 0.00000 -999 237.38410
0.21195 0.91440 -0.03649 -0.18801 237.69317 0.00054 270.38348 0.00000 0.00000 -999 237.38409
0.21452 0.91440 -0.03657 -0.18738 237.43313 0.00049 270.49664 0.66666 0.00001 -999 236.86285
0.21452 0.91440 -0.03657 -0.18738 237.43312 0.00049 270.49664 0.66667 0.00001 -999 236.86285
0.21709 0.91440 -0.03665 -0.18674 236.75876 0.00049 270.44487 0.33334 0.00001 -999 236.34156
0.21709 0.91440 -0.03665 -0.18674 236.75876 0.00049 270.44486 0.33333 0.00001 -999 236.34155
0.21966 0.91440 -0.03672 -0.18606 236.40092 0.00039 270.54476 1.00000 0.00001 -999 235.81984
0.21966 0.91440 -0.03672 -0.18606 236.40091 0.00039 270.54476 1.00000 0.00001 -999 235.81984
0.22224 0.91440 -0.03679 -0.18536 235.82072 0.00035 270.54291 1.00000 0.00001 -999 235.29763
0.22224 0.91440 -0.03679 -0.18536 235.82072 0.00035 270.54291 1.00000 0.00001 -999 235.29763
0.22481 0.91440 -0.03686 -0.18462 235.24487 0.00032 270.54124 1.00000 0.00001 -999 234.77495
0.22481 0.91440 -0.03686 -0.18462 235.24487 0.00032 270.54124 1.00000 0.00001 -999 234.77495
0.22738 0.91440 -0.03692 -0.18385 234.62947 0.00026 270.53803 1.00000 0.00001 -999 234.25218
0.22738 0.91440 -0.03692 -0.18385 234.62946 0.00026 270.53803 1.00000 0.00001 -999 234.25217
0.22738 0.91440 -0.03692 -0.18385 234.62946 0.00026 270.53803 1.00000 0.00001 -999 234.25217
0.22996 0.91440 -0.03698 -0.18306 234.02262 0.00020 270.53512 1.00000 0.00000 -999 233.72999
0.23253 0.91440 -0.03703 -0.18224 233.54600 0.00023 270.53722 1.00000 0.00000 -999 233.20933
0.23253 0.91440 -0.03703 -0.18224 233.54599 0.00023 270.53722 1.00000 0.00000 -999 233.20932
0.23511 0.91440 -0.03709 -0.18141 232.87441 0.00013 270.53160 1.00000 0.00000 -999 232.69066
0.23511 0.91440 -0.03709 -0.18141 232.87441 0.00013 270.53160 1.00000 0.00000 -999 232.69066
0.23768 0.91440 -0.03714 -0.18053 232.31511 0.00010 270.53027 1.00000 0.00000 -999 232.17451
0.23768 0.91440 -0.03714 -0.18053 232.31510 0.00010 270.53027 1.00000 0.00000 -999 232.17450
0.23768 0.91440 -0.03714 -0.18053 232.31510 0.00010 270.53027 1.00000 0.00000 -999 232.17450
0.24025 0.91440 -0.03718 -0.17964 231.76790 0.00007 270.52929 1.00000 0.00000 -999 231.66171
0.24283 0.91440 -0.03723 -0.17873 231.25377 0.00007 270.52946 1.00000 0.00000 -999 231.15299
0.24283 0.91440 -0.03723 -0.17873 231.25377 0.00007 270.52946 1.00000 0.00000 -999 231.15299
0.24540 0.91440 -0.03727 -0.17779 230.71240 0.00004 270.52835 0.00001 0.00000 -999 230.64924
0.24540 0.91440 -0.03727 -0.17779 230.71239 0.00004 270.52835 0.00000 0.00000 -999 230.64923
0.24798 0.91440 -0.03730 -0.17684 230.16293 0.00004 270.52861 0.14286 0.00000 -999 230.10402
0.24798 0.91440 -0.03730 -0.17684 230.16293 0.00004 270.52861 0.14286 0.00000 -999 230.10402
0.24798 0.91440 -0.03730 -0.17684 230.16293 0.00004 270.52861 0.14286 0.00000 -999 230.10402
0.25055 0.91440 -0.03734 -0.17586 229.67463 0.00001 270.52723 0.00000 0.00000 -999 229.65901
0.25312 0.91440 -0.03737 -0.17488 229.31922 0.00003 270.52845 0.33333 0.00000 -999 229.28113
0.25312 0.91440 -0.03737 -0.17488 229.31922 0.00003 270.52845 0.33334 0.00000 -999 229.28113
0.25570 0.91440 -0.03740 -0.17385 228.74579 0.00004 270.52944 0.00000 0.00000 -999 228.69593
0.25570 0.91440 -0.03740 -0.17385 228.74579 0.00004 270.52944 0.00000 0.00000 -999 228.69593
0.25570 0.91440 -0.03740 -0.17385 228.74578 0.00004 270.52944 -0.00001 0.00000 -999 228.69593
0.25827 0.91440 -0.03742 -0.17283 228.12066 0.00000 270.52791 -1.00000 0.00000 -999 228.12066
0.25827 0.91440 -0.03742 -0.17283 228.12066 0.00000 270.52791 -1.00000 0.00000 -999 228.12066
0.26085 0.91440 -0.03744 -0.17177 227.65836 0.00000 270.52834 -1.00000 0.00000 -999 227.65836
0.26085 0.91440 -0.03744 -0.17177 227.65836 0.00000 270.52834 -1.00000 0.00000 -999 227.65836
0.26342 0.91440 -0.03746 -0.17072 227.20318 0.00000 270.52877 -1.00000 0.00000 -999 227.20318
0.26342 0.91440 -0.03746 -0.17072 227.20318 0.00000 270.52877 -1.00000 0.00000 -999 227.20318
0.26599 0.91440 -0.03748 -0.16962 226.85404 0.00000 270.52911 -1.00000 0.00000 -999 226.85404
0.26857 0.91440 -0.03750 -0.16854 226.41171 0.00000 270.52955 -1.00000 0.00000 -999 226.41171
0.26857 0.91440 -0.03750 -0.16854 226.41171 0.00000 270.52955 -1.00000 0.00000 -999 226.41171
0.26857 0.91440 -0.03750 -0.16854 226.41171 0.00000 270.52955 -1.00000 0.00000 -999 226.41171
0.27114 0.91440 -0.03751 -0.16742 225.87905 0.00000 270.53010 -1.00000 0.00000 -999 225.87905
0.27114 0.91440 -0.03751 -0.16742 225.87905 0.00000 270.53010 -1.00000 0.00000 -999 225.87905
0.27372 0.91440 -0.03752 -0.16629 225.45026 0.00000 270.53056 -1.00000 0.00000 -999 225.45026
0.27372 0.91440 -0.03752 -0.16629 225.45025 0.00000 270.53056 -1.00000 0.00000 -999 225.45025
0.27629 0.91440 -0.03752 -0.16515 225.02696 0.00000 270.53103 -1.00000 0.00000 -999 225.02696
0.27629 0.91440 -0.03752 -0.16515 225.02696 0.00000 270.53103 -1.00000 0.00000 -999 225.02696
0.27887 0.91440 -0.03753 -0.16398 224.60887 0.00000 270.53149 -1.00000 0.00000 -999 224.60887
0.27887 0.91440 -0.03753 -0.16398 224.60887 0.00000 270.53149 -1.00000 0.00000 -999 224.60887
0.28144 0.91440 -0.03753 -0.16282 224.19542 0.00000 270.53197 -1.00000 0.00000 -999 224.19542
0.28144 0.91440 -0.03753 -0.16282 224.19542 0.00000 270.53197 -1.00000 0.00000 -999 224.19542
0.28401 0.91440 -0.03753 -0.16163 223.78611 0.00000 270.53245 -1.00000 0.00000 -999 223.78611
0.28401 0.91440 -0.03753 -0.16163 223.78610 0.00000 270.53245 -1.00000 0.00000 -999 223.78610
0.28659 0.91440 -0.03753 -0.16044 223.38022 0.00000 270.53293 -1.00000 0.00000 -999 223.38022
0.28659 0.91440 -0.03753 -0.16044 223.38022 0.00000 270.53293 -1.00000 0.00000 -999 223.38022
0.28916 0.91440 -0.03752 -0.15922 223.06666 0.00000 270.53331 -1.00000 0.00000 -999 223.06666
0.29174 0.91440 -0.03751 -0.15801 222.75430 0.00000 270.53369 -1.00000 0.00000 -999 222.75430
0.29174 0.91440 -0.03751 -0.15801 222.75429 0.00000 270.53370 -1.00000 0.00000 -999 222.75429
0.29431 0.91440 -0.03750 -0.15676 222.35464 0.00000 270.53419 -1.00000 0.00000 -999 222.35464
0.29431 0.91440 -0.03750 -0.15676 222.35464 0.00000 270.53419 -1.00000 0.00000 -999 222.35464
0.29689 0.91440 -0.03749 -0.15553 221.95648 0.00000 270.53469 -1.00000 0.00000 -999 221.95648
0.29689 0.91440 -0.03749 -0.15553 221.95648 0.00000 270.53469 -1.00000 0.00000 -999 221.95648
0.29946 0.91440 -0.03747 -0.15426 221.55927 0.00000 270.53520 -1.00000 0.00000 -999 221.55927
0.29946 0.91440 -0.03747 -0.15426 221.55927 0.00000 270.53520 -1.00000 0.00000 -999 221.55927
0.30203 0.91440 -0.03746 -0.15300 221.16274 0.00000 270.53571 -1.00000 0.00000 -999 221.16274
0.30203 0.91440 -0.03746 -0.15300 221.16273 0.00000 270.53571 -1.00000 0.00000 -999 221.16273
0.30461 0.91440 -0.03744 -0.15171 220.71601 0.00000 270.53629 -1.00000 0.00000 -999 220.71601
0.30461 0.91440 -0.03744 -0.15171 220.71601 0.00000 270.53629 -1.00000 0.00000 -999 220.71601
0.30718 0.91440 -0.03742 -0.15042 220.28190 0.00000 270.53686 -1.00000 0.00000 -999 220.28190
0.30718 0.91440 -0.03742 -0.15042 220.28190 0.00000 270.53686 -1.00000 0.00000 -999 220.28190
0.30718 0.91440 -0.03742 -0.15042 220.28190 0.00000 270.53686 -1.00000 0.00000 -999 220.28190
0.30976 0.91440 -0.03739 -0.14912 219.88512 0.00000 270.53739 -1.00000 0.00000 -999 219.88512
0.30976 0.91440 -0.03739 -0.14912 219.88512 0.00000 270.53739 -1.00000 0.00000 -999 219.88512
0.31233 0.91440 -0.03737 -0.14780 219.48790 0.00000 270.53792 -1.00000 0.00000 -999 219.48790
0.31233 0.91440 -0.03737 -0.14780 219.48790 0.00000 270.53792 -1.00000 0.00000 -999 219.48790
0.31490 0.91440 -0.03734 -0.14648 219.09007 0.00000 270.53846 -1.00000 0.00000 -999 219.09007
0.31490 0.91440 -0.03734 -0.14648 219.09007 0.00000 270.53846 -1.00000 0.00000 -999 219.09007
0.31748 0.91440 -0.03731 -0.14514 218.69154 0.00000 270.53899 -1.00000 0.00000 -999 218.69154
0.31748 0.91440 -0.03731 -0.14514 218.69154 0.00000 270.53899 -1.00000 0.00000 -999 218.69154
0.32005 0.91440 -0.03728 -0.14379 218.29228 0.00000 270.53954 -1.00000 0.00000 -999 218.29228
0.32005 0.91440 -0.03728 -0.14379 218.29228 0.00000 270.53954 -1.00000 0.00000 -999 218.29228
0.32263 0.91440 -0.03724 -0.14244 217.89223 0.00000 270.54009 -1.00000 0.00000 -999 217.89223
0.32263 0.91440 -0.03724 -0.14244 217.89223 0.00000 270.54009 -1.00000 0.00000 -999 217.89223
0.32520 0.91440 -0.03721 -0.14107 217.49144 0.00000 270.54064 -1.00000 0.00000 -999 217.49144
0.32520 0.91440 -0.03721 -0.14107 217.49144 0.00000 270.54064 -1.00000 0.00000 -999 217.49144
0.32777 0.91440 -0.03717 -0.13969 217.08995 0.00000 270.54119 -1.00000 0.00000 -999 217.08995
0.32777 0.91440 -0.03717 -0.13969 217.08995 0.00000 270.54119 -1.00000 0.00000 -999 217.08995
0.33035 0.91440 -0.03713 -0.13830 216.68799 0.00000 270.54176 -1.00000 0.00000 -999 216.68799
0.33035 0.91440 -0.03713 -0.13830 216.68799 0.00000 270.54176 -1.00000 0.00000 -999 216.68799
0.33292 0.91440 -0.03709 -0.13690 216.28560 0.00000 270.54232 -1.00000 0.00000 -999 216.28560
0.33292 0.91440 -0.03709 -0.13690 216.28560 0.00000 270.54232 -1.00000 0.00000 -999 216.28560
0.33550 0.91440 -0.03704 -0.13548 215.88290 0.00000 270.54289 -1.00000 0.00000 -999 215.88290
0.33550 0.91440 -0.03704 -0.13548 215.88289 0.00000 270.54289 -1.00000 0.00000 -999 215.88289
0.33807 0.91440 -0.03700 -0.13405 215.48015 0.00000 270.54347 -1.00000 0.00000 -999 215.48015
0.33807 0.91440 -0.03700 -0.13405 215.48014 0.00000 270.54347 -1.00000 0.00000 -999 215.48014
0.34064 0.91440 -0.03695 -0.13262 215.07744 0.00000 270.54405 -1.00000 0.00000 -999 215.07744
0.34064 0.91440 -0.03695 -0.13262 215.07743 0.00000 270.54405 -1.00000 0.00000 -999 215.07743
0.34322 0.91440 -0.03690 -0.13116 214.67509 0.00000 270.54463 -1.00000 0.00000 -999 214.67509
0.34322 0.91440 -0.03690 -0.13116 214.67508 0.00000 270.54463 -1.00000 0.00000 -999 214.67508
0.34579 0.91440 -0.03685 -0.12971 214.27341 0.00000 270.54522 -1.00000 0.00000 -999 214.27341
0.34579 0.91440 -0.03685 -0.12971 214.27341 0.00000 270.54522 -1.00000 0.00000 -999 214.27341
0.34837 0.91440 -0.03680 -0.12823 213.87293 0.00000 270.54581 -1.00000 0.00000 -999 213.87293
0.34837 0.91440 -0.03680 -0.12823 213.87293 0.00000 270.54581 -1.00000 0.00000 -999 213.87293
0.35094 0.91440 -0.03674 -0.12676 213.47196 0.00000 270.54641 -1.00000 0.00000 -999 213.47196
0.35094 0.91440 -0.03674 -0.12676 213.47196 0.00000 270.54641 -1.00000 0.00000 -999 213.47196
0.35351 0.91440 -0.03668 -0.12522 213.07062 0.00000 270.54703 -1.00000 0.00000 -999 213.07062
0.35351 0.91440 -0.03668 -0.12522 213.07062 0.00000 270.54703 -1.00000 0.00000 -999 213.07062
0.35609 0.91440 -0.03663 -0.12368 212.67217 0.00000 270.54764 -1.00000 0.00000 -999 212.67217
0.35609 0.91440 -0.03663 -0.12368 212.67216 0.00000 270.54764 -1.00000 0.00000 -999 212.67216
0.35866 0.91440 -0.03657 -0.12220 212.27606 0.00000 270.54825 -1.00000 0.00000 -999 212.27606
0.35866 0.91440 -0.03657 -0.12220 212.27606 0.00000 270.54825 -1.00000 0.00000 -999 212.27606
0.36123 0.91440 -0.03650 -0.12065 211.88033 0.00000 270.54887 -1.00000 0.00000 -999 211.88033
0.36123 0.91440 -0.03650 -0.12065 211.88032 0.00000 270.54887 -1.00000 0.00000 -999 211.88032
0.36381 0.91440 -0.03644 -0.11906 211.48665 0.00000 270.54950 -1.00000 0.00000 -999 211.48665
0.36381 0.91440 -0.03644 -0.11906 211.48665 0.00000 270.54950 -1.00000 0.00000 -999 211.48665
0.36638 0.91440 -0.03637 -0.11751 211.09533 0.00000 270.55014 -1.00000 0.00000 -999 211.09533
0.36638 0.91440 -0.03637 -0.11751 211.09533 0.00000 270.55014 -1.00000 0.00000 -999 211.09533
0.36895 0.91440 -0.03631 -0.11593 210.70431 0.00000 270.55077 -1.00000 0.00000 -999 210.70431
0.36895 0.91440 -0.03631 -0.11593 210.70431 0.00000 270.55077 -1.00000 0.00000 -999 210.70431
0.37153 0.91440 -0.03624 -0.11429 210.31518 0.00000 270.55143 -1.00000 0.00000 -999 210.31518
0.37153 0.91440 -0.03624 -0.11429 210.31518 0.00000 270.55143 -1.00000 0.00000 -999 210.31518
0.37410 0.91440 -0.03617 -0.11268 209.92861 0.00000 270.55208 -1.00000 0.00000 -999 209.92861
0.37410 0.91440 -0.03617 -0.11268 209.92860 0.00000 270.55208 -1.00000 0.00000 -999 209.92860
0.37667 0.91440 -0.03609 -0.11106 209.54248 0.00000 270.55274 -1.00000 0.00000 -999 209.54248
0.37667 0.91440 -0.03609 -0.11106 209.54248 0.00000 270.55274 -1.00000 0.00000 -999 209.54248
0.37925 0.91440 -0.03602 -0.10936 209.15836 0.00000 270.55341 -1.00000 0.00000 -999 209.15836
0.37925 0.91440 -0.03602 -0.10936 209.15836 0.00000 270.55341 -1.00000 0.00000 -999 209.15836
0.38182 0.91440 -0.03594 -0.10771 208.77590 0.00000 270.55408 -1.00000 0.00000 -999 208.77590
0.38182 0.91440 -0.03594 -0.10771 208.77590 0.00000 270.55408 -1.00000 0.00000 -999 208.77590
0.38439 0.91440 -0.03587 -0.10600 208.39374 0.00000 270.55477 -1.00000 0.00000 -999 208.39374
0.38439 0.91440 -0.03587 -0.10600 208.39374 0.00000 270.55477 -1.00000 0.00000 -999 208.39374
0.38697 0.91440 -0.03579 -0.10426 208.01416 0.00000 270.55546 -1.00000 0.00000 -999 208.01416
0.38697 0.91440 -0.03579 -0.10426 208.01416 0.00000 270.55546 -1.00000 0.00000 -999 208.01416
0.38954 0.91440 -0.03571 -0.10257 207.63495 0.00000 270.55616 -1.00000 0.00000 -999 207.63495
0.38954 0.91440 -0.03571 -0.10257 207.63494 0.00000 270.55616 -1.00000 0.00000 -999 207.63494
0.39211 0.91440 -0.03562 -0.10077 207.25542 0.00000 270.55687 -1.00000 0.00000 -999 207.25542
0.39211 0.91440 -0.03562 -0.10077 207.25542 0.00000 270.55687 -1.00000 0.00000 -999 207.25542
0.39468 0.91440 -0.03554 -0.09897 206.84111 0.00000 270.55767 -1.00000 0.00000 -999 206.84111
0.39468 0.91440 -0.03554 -0.09897 206.84111 0.00000 270.55767 -1.00000 0.00000 -999 206.84111
0.39726 0.91440 -0.03545 -0.09718 206.44848 0.00000 270.55842 -1.00000 0.00000 -999 206.44848
0.39983 0.91440 -0.03537 -0.09532 206.17188 0.00000 270.55897 -1.00000 0.00000 -999 206.17188
0.39983 0.91440 -0.03537 -0.09532 206.17187 0.00000 270.55897 -1.00000 0.00000 -999 206.17187
0.40240 0.91440 -0.03528 -0.09349 205.82769 0.00000 270.55964 -1.00000 0.00000 -999 205.82769
0.40240 0.91440 -0.03528 -0.09349 205.82769 0.00000 270.55964 -1.00000 0.00000 -999 205.82769
0.40498 0.91440 -0.03519 -0.09157 205.44813 0.00000 270.56040 -1.00000 0.00000 -999 205.44813
0.40498 0.91440 -0.03519 -0.09157 205.44813 0.00000 270.56040 -1.00000 0.00000 -999 205.44813
0.40755 0.91440 -0.03509 -0.08965 205.06809 0.00000 270.56118 -1.00000 0.00000 -999 205.06809
0.40755 0.91440 -0.03509 -0.08965 205.06809 0.00000 270.56118 -1.00000 0.00000 -999 205.06809
0.41012 0.91440 -0.03500 -0.08771 204.68673 0.00000 270.56196 -1.00000 0.00000 -999 204.68673
0.41012 0.91440 -0.03500 -0.08771 204.68673 0.00000 270.56196 -1.00000 0.00000 -999 204.68673
0.41269 0.91440 -0.03490 -0.08572 204.30372 0.00000 270.56275 -1.00000 0.00000 -999 204.30372
0.41269 0.91440 -0.03490 -0.08572 204.30372 0.00000 270.56275 -1.00000 0.00000 -999 204.30372
0.41527 0.91440 -0.03481 -0.08371 203.91879 0.00000 270.56356 -1.00000 0.00000 -999 203.91879
0.41527 0.91440 -0.03481 -0.08371 203.91878 0.00000 270.56356 -1.00000 0.00000 -999 203.91878
0.41784 0.91440 -0.03471 -0.08165 203.53137 0.00000 270.56438 -1.00000 0.00000 -999 203.53137
0.41784 0.91440 -0.03471 -0.08165 203.53137 0.00000 270.56438 -1.00000 0.00000 -999 203.53137
0.42041 0.91440 -0.03461 -0.07957 203.14110 0.00000 270.56522 -1.00000 0.00000 -999 203.14110
0.42041 0.91440 -0.03461 -0.07957 203.14110 0.00000 270.56522 -1.00000 0.00000 -999 203.14110
0.42298 0.91440 -0.03450 -0.07744 202.69705 0.00000 270.56618 -1.00000 0.00000 -999 202.69705
0.42298 0.91440 -0.03450 -0.07744 202.69704 0.00000 270.56618 -1.00000 0.00000 -999 202.69704
0.42555 0.91440 -0.03440 -0.07528 202.26134 0.00000 270.56713 -1.00000 0.00000 -999 202.26134
0.42555 0.91440 -0.03440 -0.07528 202.26134 0.00000 270.56713 -1.00000 0.00000 -999 202.26134
0.42813 0.91440 -0.03430 -0.07308 201.85866 0.00000 270.56802 -1.00000 0.00000 -999 201.85866
0.42813 0.91440 -0.03430 -0.07308 201.85866 0.00000 270.56802 -1.00000 0.00000 -999 201.85866
0.42813 0.91440 -0.03430 -0.07308 201.85865 0.00000 270.56802 -1.00000 0.00000 -999 201.85865
0.43070 0.91440 -0.03419 -0.07082 201.45163 0.00000 270.56892 -1.00000 0.00000 -999 201.45163
0.43327 0.91440 -0.03408 -0.06854 201.03907 0.00000 270.56984 -1.00000 0.00000 -999 201.03907
0.43327 0.91440 -0.03408 -0.06854 201.03907 0.00000 270.56984 -1.00000 0.00000 -999 201.03907
0.43584 0.91440 -0.03397 -0.06618 200.62072 0.00000 270.57079 -1.00000 0.00000 -999 200.62072
0.43584 0.91440 -0.03397 -0.06618 200.62072 0.00000 270.57079 -1.00000 0.00000 -999 200.62072
0.43841 0.91440 -0.03386 -0.06380 200.19616 0.00000 270.57175 -1.00000 0.00000 -999 200.19616
0.43841 0.91440 -0.03386 -0.06380 200.19616 0.00000 270.57175 -1.00000 0.00000 -999 200.19616
0.44099 0.91440 -0.03374 -0.06135 199.76409 0.00000 270.57273 -1.00000 0.00000 -999 199.76409
0.44099 0.91440 -0.03374 -0.06135 199.76408 0.00000 270.57273 -1.00000 0.00000 -999 199.76408
0.44356 0.91440 -0.03363 -0.05882 199.32602 0.00000 270.57374 -1.00000 0.00000 -999 199.32602
0.44356 0.91440 -0.03363 -0.05882 199.32601 0.00000 270.57374 -1.00000 0.00000 -999 199.32601
0.44613 0.91440 -0.03351 -0.05630 198.87959 0.00000 270.57477 -1.00000 0.00000 -999 198.87959
0.44613 0.91440 -0.03351 -0.05630 198.87958 0.00000 270.57477 -1.00000 0.00000 -999 198.87958
0.44870 0.91440 -0.03339 -0.05365 198.42329 0.00000 270.57582 -1.00000 0.00000 -999 198.42329
0.44870 0.91440 -0.03339 -0.05365 198.42328 0.00000 270.57582 -1.00000 0.00000 -999 198.42328
0.45127 0.91440 -0.03327 -0.05094 197.95908 0.00000 270.57691 -1.00000 0.00000 -999 197.95908
0.45127 0.91440 -0.03327 -0.05094 197.95907 0.00000 270.57691 -1.00000 0.00000 -999 197.95907
0.45384 0.91440 -0.03315 -0.04820 197.48514 0.00000 270.57802 -1.00000 0.00000 -999 197.48514
0.45384 0.91440 -0.03315 -0.04820 197.48513 0.00000 270.57802 -1.00000 0.00000 -999 197.48513
0.45642 0.91440 -0.03303 -0.04536 196.99953 0.00000 270.57916 -1.00000 0.00000 -999 196.99953
0.45642 0.91440 -0.03303 -0.04536 196.99952 0.00000 270.57916 -1.00000 0.00000 -999 196.99952
0.45899 0.91440 -0.03290 -0.04242 196.50262 0.00000 270.58033 -1.00000 0.00000 -999 196.50262
0.45899 0.91440 -0.03290 -0.04242 196.50262 0.00000 270.58033 -1.00000 0.00000 -999 196.50262
0.46156 0.91440 -0.03278 -0.03942 195.99399 0.00000 270.58154 -1.00000 0.00000 -999 195.99399
0.46156 0.91440 -0.03278 -0.03942 195.99399 0.00000 270.58154 -1.00000 0.00000 -999 195.99399
0.46413 0.91440 -0.03265 -0.03634 195.47269 0.00000 270.58278 -1.00000 0.00000 -999 195.47269
0.46413 0.91440 -0.03265 -0.03634 195.47268 0.00000 270.58278 -1.00000 0.00000 -999 195.47268
0.46670 0.91440 -0.03252 -0.03316 194.93750 0.00000 270.58405 -1.00000 0.00000 -999 194.93750
0.46670 0.91440 -0.03252 -0.03316 194.93749 0.00000 270.58405 -1.00000 0.00000 -999 194.93749
0.46927 0.91440 -0.03239 -0.02987 194.38667 0.00000 270.58537 -1.00000 0.00000 -999 194.38667
0.46927 0.91440 -0.03239 -0.02987 194.38667 0.00000 270.58537 -1.00000 0.00000 -999 194.38667
0.47184 0.91440 -0.03225 -0.02647 193.81925 0.00000 270.58674 -1.00000 0.00000 -999 193.81925
0.47184 0.91440 -0.03225 -0.02647 193.81925 0.00000 270.58674 -1.00000 0.00000 -999 193.81925
0.47441 0.91440 -0.03212 -0.02296 193.23414 0.00000 270.58815 -1.00000 0.00000 -999 193.23414
0.47441 0.91440 -0.03212 -0.02296 193.23414 0.00000 270.58815 -1.00000 0.00000 -999 193.23414
0.47698 0.91440 -0.03198 -0.01932 192.62991 0.00000 270.58961 -1.00000 0.00000 -999 192.62991
0.47698 0.91440 -0.03198 -0.01932 192.62991 0.00000 270.58961 -1.00000 0.00000 -999 192.62991
0.47955 0.91440 -0.03184 -0.01555 192.00550 0.00000 270.59112 -1.00000 0.00000 -999 192.00550
0.47955 0.91440 -0.03184 -0.01555 192.00550 0.00000 270.59112 -1.00000 0.00000 -999 192.00550
0.48212 0.91440 -0.03170 -0.01165 191.35925 0.00000 270.59268 -1.00000 0.00000 -999 191.35925
0.48212 0.91440 -0.03170 -0.01165 191.35925 0.00000 270.59268 -1.00000 0.00000 -999 191.35925
0.48469 0.91440 -0.03156 -0.00759 190.68816 0.00000 270.59431 -1.00000 0.00000 -999 190.68816
0.48469 0.91440 -0.03156 -0.00759 190.68816 0.00000 270.59431 -1.00000 0.00000 -999 190.68816
0.48469 0.91440 -0.03156 -0.00759 190.68815 0.00000 270.59431 -1.00000 0.00000 -999 190.68815
0.48726 0.91440 -0.03141 -0.00335 189.98991 0.00000 270.59601 -1.00000 0.00000 -999 189.98991
0.48726 0.91440 -0.03141 -0.00335 189.98990 0.00000 270.59601 -1.00000 0.00000 -999 189.98990
0.48983 0.91440 -0.03127 0.00108 189.26304 0.00000 270.59778 -1.00000 0.00000 -999 189.26304
0.48983 0.91440 -0.03127 0.00108 189.26304 0.00000 270.59778 -1.00000 0.00000 -999 189.26304
0.49240 0.91440 -0.03112 0.00568 188.50462 0.00000 270.59963 -1.00000 0.00000 -999 188.50462
0.49240 0.91440 -0.03112 0.00568 188.50462 0.00000 270.59963 -1.00000 0.00000 -999 188.50462
0.49497 0.91440 -0.03097 0.01050 187.71071 0.00000 270.60156 -1.00000 0.00000 -999 187.71071
0.49497 0.91440 -0.03097 0.01050 187.71071 0.00000 270.60156 -1.00000 0.00000 -999 187.71071
0.49754 0.91440 -0.03082 0.01557 186.87849 0.00000 270.60359 -1.00000 0.00000 -999 186.87849
0.49754 0.91440 -0.03082 0.01557 186.87848 0.00000 270.60359 -1.00000 0.00000 -999 186.87848
0.50011 0.91440 -0.03067 0.02088 186.00199 0.00000 270.60572 -1.00000 0.00000 -999 186.00199
0.50011 0.91440 -0.03067 0.02088 186.00198 0.00000 270.60572 -1.00000 0.00000 -999 186.00198
0.50268 0.91440 -0.03051 0.02649 185.07580 0.00000 270.60797 -1.00000 0.00000 -999 185.07580
0.50268 0.91440 -0.03051 0.02649 185.07579 0.00000 270.60797 -1.00000 0.00000 -999 185.07579
0.50525 0.91440 -0.03035 0.03243 184.09520 0.00000 270.61035 -1.00000 0.00000 -999 184.09520
0.50525 0.91440 -0.03035 0.03243 184.09519 0.00000 270.61035 -1.00000 0.00000 -999 184.09519
0.50782 0.91440 -0.03019 0.03870 183.05377 0.00000 270.61286 -1.00000 0.00000 -999 183.05377
0.50782 0.91440 -0.03019 0.03870 183.05377 0.00000 270.61286 -1.00000 0.00000 -999 183.05377
0.51039 0.91440 -0.03003 0.04536 181.94095 0.00000 270.61553 -1.00000 0.00000 -999 181.94095
0.51039 0.91440 -0.03003 0.04536 181.94094 0.00000 270.61553 -1.00000 0.00000 -999 181.94094
0.51296 0.91440 -0.02987 0.05248 180.74711 0.00000 270.61838 -1.00000 0.00000 -999 180.74711
0.51296 0.91440 -0.02987 0.05248 180.74710 0.00000 270.61838 -1.00000 0.00000 -999 180.74710
0.51553 0.91440 -0.02971 0.06013 179.45907 0.00000 270.62144 -1.00000 0.00000 -999 179.45907
0.51553 0.91440 -0.02971 0.06013 179.45906 0.00000 270.62144 -1.00000 0.00000 -999 179.45906
0.51810 0.91440 -0.02954 0.06831 178.06117 0.00000 270.62472 -1.00000 0.00000 -999 178.06117
0.51810 0.91440 -0.02954 0.06831 178.06115 0.00000 270.62472 -1.00000 0.00000 -999 178.06115
0.52067 0.91440 -0.02937 0.07727 176.52813 0.00000 270.62829 -1.00000 0.00000 -999 176.52813
0.52067 0.91440 -0.02937 0.07727 176.52812 0.00000 270.62829 -1.00000 0.00000 -999 176.52812
0.52324 0.91440 -0.02920 0.08690 174.84055 0.00000 270.63218 -1.00000 0.00000 -999 174.84055
0.52324 0.91440 -0.02920 0.08690 174.84054 0.00000 270.63218 -1.00000 0.00000 -999 174.84054
0.52580 0.91440 -0.02903 0.09770 173.03288 0.00000 270.63646 -1.00000 0.00000 -999 173.03288
0.52580 0.91440 -0.02903 0.09770 173.03286 0.00000 270.63646 -1.00000 0.00000 -999 173.03286
0.52837 0.91440 -0.02885 0.10941 171.33435 0.00000 270.64075 -1.00000 0.00000 -999 171.33435
0.52837 0.91440 -0.02885 0.10941 171.33434 0.00000 270.64075 -1.00000 0.00000 -999 171.33434
0.53003 0.91440 -0.02874 0.11777 169.68628 0.00000 270.64437 -1.00000 0.00000 -999 169.68628
0.53003 0.91440 -0.02874 0.11777 169.68628 0.00000 270.64437 -1.00000 0.00000 -999 169.68628
0.53107 0.91440 -0.02867 0.12330 168.61815 0.00000 270.64645 -1.00000 0.00000 -999 168.61815
0.53107 0.91440 -0.02867 0.12330 168.61817 0.00000 270.64645 -1.00000 0.00000 -999 168.61817
0.53172 0.91440 -0.02862 0.12487 170.45078 0.00000 270.64760 -1.00000 0.00000 -999 170.45078
0.53172 0.91440 -0.02862 0.12487 170.45083 0.00000 270.64760 -1.00000 0.00000 -999 170.45083
0.53213 0.91440 -0.02859 0.13093 177.28673 0.00000 270.64781 -1.00000 0.00000 -999 177.28673
0.53213 0.91440 -0.02859 0.13093 177.28677 0.00000 270.64781 -1.00000 0.00000 -999 177.28677
0.53238 0.91440 -0.02858 0.11657 182.26138 0.00000 270.64644 -1.00000 0.00000 -999 182.26138

