VARIABLES = "X" "Y" "Z" "Cp" "HTC" "Beta" "Ts" "FF" "RhoIce"

ZONE T="SLICE_Y_0p9144_BINS01_KS_0p5mm_CUTDATA"
0.533400018 0.914399982 -0.00058247092 0.130735666 157.869598 0 270.477 0 800
0.533400004 0.914399982 -0.000672082119 0.143050954 164.929733 0 270.477 0 800
0.533148466 0.914399982 -0.000707354403 0.147099599 180.712479 0 270.477 0 800
0.532745998 0.914399982 -0.000763745625 0.145698696 190.822479 0 270.477 0 800
0.53210203 0.914399982 -0.000853827126 0.144994646 200.822006 0 270.477 0 800
0.531071666 0.914399982 -0.00099785339 0.142481029 203.443604 0 270.477 0 800
0.529422969 0.914399982 -0.00122746797 0.138313934 199.668167 0 270.477 0 800
0.526873095 0.914399982 -0.00158098831 0.133275494 195.183578 0 270.477 0 800
0.524322926 0.914399982 -0.00193237185 0.127455518 189.727661 0 270.477 0 800
0.521772489 0.914399982 -0.0022818114 0.121918604 178.542496 0 270.477 0 800
0.519221778 0.914399982 -0.00262923523 0.11659202 161.757629 0 270.477 0 800
0.516670797 0.914399982 -0.0029746773 0.111534767 141.138336 0 270.477 0 800
0.514119553 0.914399982 -0.00331817313 0.106683798 114.139648 0 270.477 0 800
0.511568058 0.914399982 -0.00365979377 0.102040984 128.422501 0 270.477 0 800
0.509016294 0.914399982 -0.00399940552 0.0975838751 128.422501 0 270.477 0 800
0.506464287 0.914399982 -0.00433718384 0.0933021381 210.105042 0 270.477 0 800
0.50391203 0.914399982 -0.00467306469 0.0891818851 197.564346 0 270.477 0 800
0.501359535 0.914399982 -0.00500713669 0.0852180272 167.011215 0 270.477 0 800
0.498806784 0.914399982 -0.00533924521 0.081400767 158.133194 0 270.477 0 800
0.496253803 0.914399982 -0.00566957616 0.0777173191 156.397095 0 270.477 0 800
0.49370058 0.914399982 -0.00599804175 0.074158892 157.968246 0 270.477 0 800
0.491147126 0.914399982 -0.00632469778 0.0707168728 161.737015 0 270.477 0 800
0.488593446 0.914399982 -0.00664958131 0.067382805 167.047272 0 270.477 0 800
0.48603954 0.914399982 -0.00697269046 0.0641525984 172.755936 0 270.477 0 800
0.483485406 0.914399982 -0.00729398822 0.0610221364 178.396362 0 270.477 0 800
0.480931051 0.914399982 -0.00761352572 0.0579839237 183.899017 0 270.477 0 800
0.478376479 0.914399982 -0.00793132724 0.0550314859 189.244644 0 270.477 0 800
0.475821692 0.914399982 -0.00824739351 0.0521608591 194.419876 0 270.477 0 800
0.473266692 0.914399982 -0.00856172802 0.0493677408 199.435425 0 270.477 0 800
0.470711482 0.914399982 -0.00887435928 0.0466484576 204.296082 0 270.477 0 800
0.468156063 0.914399982 -0.00918526844 0.0440011285 209.014999 0 270.477 0 800
0.465600434 0.914399982 -0.00949445508 0.0414224416 213.589935 0 270.477 0 800
0.463044603 0.914399982 -0.00980196434 0.0389072783 218.036041 0 270.477 0 800
0.460488571 0.914399982 -0.0101077948 0.0364503413 222.347 0 270.477 0 800
0.457932344 0.914399982 -0.0104119964 0.0340503752 226.537842 0 270.477 0 800
0.455375917 0.914399982 -0.0107145051 0.0317106359 230.612656 0 270.477 0 800
0.452819289 0.914399982 -0.0110153132 0.029427221 234.559479 0 270.477 0 800
0.450262471 0.914399982 -0.0113145094 0.0271910578 238.399628 0 270.477 0 800
0.447705468 0.914399982 -0.0116121166 0.0250041727 242.165161 0 270.477 0 800
0.44514826 0.914399982 -0.01190795 0.0228664968 245.832733 0 270.477 0 800
0.442590872 0.914399982 -0.0122022341 0.0207696781 249.384644 0 270.477 0 800
0.440033299 0.914399982 -0.0124948975 0.0187132023 252.846497 0 270.477 0 800
0.437475532 0.914399982 -0.0127858649 0.0166958906 256.226135 0 270.477 0 800
0.434917592 0.914399982 -0.0130753062 0.0147142196 259.519714 0 270.477 0 800
0.432359457 0.914399982 -0.01336302 0.0127647314 262.730499 0 270.477 0 800
0.42980115 0.914399982 -0.0136492021 0.0108398413 265.874176 0 270.477 0 800
0.427242658 0.914399982 -0.013933718 0.00892991107 268.949982 0 270.477 0 800
0.424683989 0.914399982 -0.0142166417 0.00702227838 271.956848 0 270.477 0 800
0.422125141 0.914399982 -0.0144979481 0.00517276023 274.882416 0 270.477 0 800
0.419566117 0.914399982 -0.0147776435 0.00334951188 277.741699 0 270.477 0 800
0.417006917 0.914399982 -0.0150557235 0.00153657189 280.570312 0 270.477 0 800
0.414447544 0.914399982 -0.0153322065 -0.000214122934 283.330811 0 270.477 0 800
0.411887994 0.914399982 -0.0156070442 -0.00193263439 286.016174 0 270.477 0 800
0.409328275 0.914399982 -0.0158803148 -0.00362411793 288.678864 0 270.477 0 800
0.406768377 0.914399982 -0.0161518946 -0.00529484311 291.28302 0 270.477 0 800
0.404208323 0.914399982 -0.0164219968 -0.00694267778 293.824127 0 270.477 0 800
0.401648078 0.914399982 -0.0166902858 -0.00856601354 296.34549 0 270.477 0 800
0.399087677 0.914399982 -0.0169570843 -0.0101694437 298.817566 0 270.477 0 800
0.396527101 0.914399982 -0.0172221887 -0.0117530758 301.245605 0 270.477 0 800
0.393966355 0.914399982 -0.0174856599 -0.013320839 303.636536 0 270.477 0 800
0.391405453 0.914399982 -0.0177475985 -0.0148684094 305.9935 0 270.477 0 800
0.388844364 0.914399982 -0.0180077128 -0.016393479 308.301117 0 270.477 0 800
0.386283121 0.914399982 -0.0182662943 -0.0179037787 310.568176 0 270.477 0 800
0.383721709 0.914399982 -0.0185232101 -0.0193964709 312.828339 0 270.477 0 800
0.381160124 0.914399982 -0.0187783802 -0.0208723824 315.05661 0 270.477 0 800
0.378598383 0.914399982 -0.0190319891 -0.0223341323 317.256348 0 270.477 0 800
0.376036469 0.914399982 -0.01928384 -0.0237766746 319.428528 0 270.477 0 800
0.373474386 0.914399982 -0.0195339749 -0.0252052918 321.585388 0 270.477 0 800
0.370912148 0.914399982 -0.0197825124 -0.0266218316 323.708313 0 270.477 0 800
0.368349737 0.914399982 -0.0200292581 -0.0280184466 325.805786 0 270.477 0 800
0.365787158 0.914399982 -0.020274252 -0.0294020455 327.893463 0 270.477 0 800
0.363224424 0.914399982 -0.0205176118 -0.0307805613 329.941711 0 270.477 0 800
0.360661519 0.914399982 -0.0207591794 -0.0321471468 331.993225 0 270.477 0 800
0.358098443 0.914399982 -0.020998914 -0.0335129015 334.0159 0 270.477 0 800
0.35553521 0.914399982 -0.0212369703 -0.0349025279 336.011932 0 270.477 0 800
0.352971818 0.914399982 -0.021473304 -0.036250677 338.0112 0 270.477 0 800
0.35040825 0.914399982 -0.0217077242 -0.0375907756 339.969757 0 270.477 0 800
0.347844519 0.914399982 -0.0219403511 -0.0389496572 341.944305 0 270.477 0 800
0.345280622 0.914399982 -0.022171153 -0.040269915 343.899445 0 270.477 0 800
0.342716559 0.914399982 -0.0224000883 -0.0415747128 345.806732 0 270.477 0 800
0.340152332 0.914399982 -0.0226271915 -0.0428645909 347.772491 0 270.477 0 800
0.337587935 0.914399982 -0.0228523647 -0.0441421308 349.716156 0 270.477 0 800
0.335023377 0.914399982 -0.0230756951 -0.0454083569 351.616913 0 270.477 0 800
0.332458647 0.914399982 -0.0232970391 -0.0466641858 353.623077 0 270.477 0 800
0.329893756 0.914399982 -0.0235165074 -0.0479105823 355.704742 0 270.477 0 800
0.327328693 0.914399982 -0.0237339581 -0.0491471924 358.067902 0 270.477 0 800
0.324763467 0.914399982 -0.0239494825 -0.0503741764 361.90448 0 270.477 0 800
0.32219807 0.914399982 -0.0241629526 -0.0515918657 369.847015 0 270.477 0 800
0.319632509 0.914399982 -0.0243744464 -0.052800674 369.249146 0 270.477 0 800
0.317066776 0.914399982 -0.0245838475 -0.0540005118 363.791412 0 270.477 0 800
0.314500879 0.914399982 -0.0247912231 -0.055191271 365.414917 0 270.477 0 800
0.311934809 0.914399982 -0.0249964552 -0.0563731045 367.357208 0 270.477 0 800
0.309368575 0.914399982 -0.0251996226 -0.0575454608 369.123077 0 270.477 0 800
0.306802167 0.914399982 -0.0254005786 -0.0587081574 370.871796 0 270.477 0 800
0.304235595 0.914399982 -0.0255994314 -0.0598606877 372.600891 0 270.477 0 800
0.301668847 0.914399982 -0.0257960025 -0.0610033087 374.322144 0 270.477 0 800
0.299101936 0.914399982 -0.0259904291 -0.0621357113 376.040741 0 270.477 0 800
0.296534849 0.914399982 -0.0261825112 -0.0632572249 377.754822 0 270.477 0 800
0.293967597 0.914399982 -0.026372379 -0.0643683672 379.467072 0 270.477 0 800
0.29140017 0.914399982 -0.0265598687 -0.065468885 381.177643 0 270.477 0 800
0.288832576 0.914399982 -0.0267450536 -0.0665587708 382.887207 0 270.477 0 800
0.286264808 0.914399982 -0.0269278228 -0.0676375851 384.596313 0 270.477 0 800
0.283696871 0.914399982 -0.027108193 -0.0687055364 386.305023 0 270.477 0 800
0.281128764 0.914399982 -0.0272861165 -0.0697620511 388.014648 0 270.477 0 800
0.278560484 0.914399982 -0.0274615405 -0.0708067268 389.729584 0 270.477 0 800
0.275992036 0.914399982 -0.0276344787 -0.0718376637 391.448669 0 270.477 0 800
0.273423413 0.914399982 -0.0278048054 -0.0728544891 393.177307 0 270.477 0 800
0.270854625 0.914399982 -0.0279726101 -0.0738568678 394.915466 0 270.477 0 800
0.268285659 0.914399982 -0.0281376881 -0.0748469755 396.664886 0 270.477 0 800
0.26571653 0.914399982 -0.028300188 -0.0758316517 398.426331 0 270.477 0 800
0.263147224 0.914399982 -0.028459889 -0.0768045112 400.202759 0 270.477 0 800
0.260577754 0.914399982 -0.0286169049 -0.0777835548 401.992798 0 270.477 0 800
0.258008111 0.914399982 -0.028771076 -0.0786937177 403.799347 0 270.477 0 800
0.255438301 0.914399982 -0.028922435 -0.0795654655 405.62262 0 270.477 0 800
0.252868322 0.914399982 -0.0290709003 -0.0806162283 407.46463 0 270.477 0 800
0.250298175 0.914399982 -0.0292164224 -0.0814057887 409.332336 0 270.477 0 800
0.247727863 0.914399982 -0.0293590095 -0.081850417 411.216339 0 270.477 0 800
0.245157382 0.914399982 -0.0294985138 -0.0826405063 413.171234 0 270.477 0 800
0.24258674 0.914399982 -0.0296350232 -0.0835920274 415.163513 0 270.477 0 800
0.240015929 0.914399982 -0.0297683111 -0.0845692679 417.103851 0 270.477 0 800
0.237444962 0.914399982 -0.0298985357 -0.0856532082 419.121124 0 270.477 0 800
0.234873826 0.914399982 -0.0300254017 -0.0865266472 421.235779 0 270.477 0 800
0.232302536 0.914399982 -0.0301491055 -0.0872997046 423.355194 0 270.477 0 800
0.229731084 0.914399982 -0.0302693739 -0.0880378336 425.522461 0 270.477 0 800
0.227159479 0.914399982 -0.0303863483 -0.0886804312 427.754272 0 270.477 0 800
0.224587715 0.914399982 -0.0304997754 -0.0893127695 430.067871 0 270.477 0 800
0.222015803 0.914399982 -0.0306097783 -0.089937754 432.494568 0 270.477 0 800
0.219443737 0.914399982 -0.0307161302 -0.0904760957 435.095581 0 270.477 0 800
0.216871527 0.914399982 -0.0308189225 -0.0910343975 438.07309 0 270.477 0 800
0.214299169 0.914399982 -0.0309179571 -0.0916729271 442.547058 0 270.477 0 800
0.211726672 0.914399982 -0.0310133087 -0.0922248438 454.439301 0 270.477 0 800
0.209154032 0.914399982 -0.0311047418 -0.0927060768 465.374054 0 270.477 0 800
0.206581261 0.914399982 -0.0311923774 -0.0931625962 475.743835 0 270.477 0 800
0.204008353 0.914399982 -0.0312759312 -0.0935895666 481.72998 0 270.477 0 800
0.201435322 0.914399982 -0.0313555734 -0.0939842835 472.510284 0 270.477 0 800
0.198862163 0.914399982 -0.0314309729 -0.094343394 458.990448 0 270.477 0 800
0.196288888 0.914399982 -0.0315023188 -0.0946642905 453.2323 0 270.477 0 800
0.193715495 0.914399982 -0.0315692775 -0.0949427634 455.434998 0 270.477 0 800
0.191141995 0.914399982 -0.0316319752 -0.0951787457 457.792908 0 270.477 0 800
0.18856839 0.914399982 -0.0316902003 -0.0953699052 460.202454 0 270.477 0 800
0.185994687 0.914399982 -0.0317439251 -0.0955158696 462.672852 0 270.477 0 800
0.183420893 0.914399982 -0.0317931001 -0.0956125483 465.210419 0 270.477 0 800
0.180847013 0.914399982 -0.0318375119 -0.0956590995 467.931641 0 270.477 0 800
0.178273056 0.914399982 -0.0318772494 -0.0956519321 470.718811 0 270.477 0 800
0.175699027 0.914399982 -0.0319120219 -0.0955858082 473.907562 0 270.477 0 800
0.173124936 0.914399982 -0.0319418619 -0.0954657495 480.339783 0 270.477 0 800
0.170550793 0.914399982 -0.0319667045 -0.095282957 496.983276 0 270.477 0 800
0.167976603 0.914399982 -0.0319862563 -0.0950303227 494.960968 0 270.477 0 800
0.16540238 0.914399982 -0.0320006355 -0.0947123617 481.874207 0 270.477 0 800
0.162828132 0.914399982 -0.0320096607 -0.0943189636 484.425812 0 270.477 0 800
0.160253871 0.914399982 -0.032013087 -0.0938500613 487.854065 0 270.477 0 800
0.157679608 0.914399982 -0.0320109843 -0.0933211222 493.945221 0 270.477 0 800
0.155105356 0.914399982 -0.032003214 -0.0927055851 518.219177 0 270.477 0 800
0.152531129 0.914399982 -0.0319894713 -0.0920132995 516.780518 0 270.477 0 800
0.14995694 0.914399982 -0.0319698313 -0.0912873745 496.255615 0 270.477 0 800
0.147382805 0.914399982 -0.0319441416 -0.0905603394 498.768311 0 270.477 0 800
0.144808739 0.914399982 -0.0319122149 -0.0896127671 501.753967 0 270.477 0 800
0.142234762 0.914399982 -0.0318738137 -0.088418439 504.760712 0 270.477 0 800
0.13966089 0.914399982 -0.0318289475 -0.0872595906 507.980957 0 270.477 0 800
0.137087141 0.914399982 -0.0317774731 -0.086051248 511.475067 0 270.477 0 800
0.134513537 0.914399982 -0.0317192024 -0.0847549886 515.736938 0 270.477 0 800
0.1319401 0.914399982 -0.0316539416 -0.0833976865 523.289856 0 270.477 0 800
0.129366857 0.914399982 -0.0315814568 -0.081851162 558.03833 0 270.477 0 800
0.126793831 0.914399982 -0.0315016702 -0.0801246911 557.044739 0 270.477 0 800
0.124221046 0.914399982 -0.0314144146 -0.0782519206 528.361023 0 270.477 0 800
0.121648533 0.914399982 -0.0313195134 -0.0762167946 535.2677 0 270.477 0 800
0.119076322 0.914399982 -0.0312167385 -0.0740253702 560.157837 0 270.477 0 800
0.116504447 0.914399982 -0.0311058819 -0.071669586 580.466064 0 270.477 0 800
0.113932942 0.914399982 -0.0309867291 -0.0691456348 579.329773 0 270.477 0 800
0.11133913 0.914399982 -0.0308579003 -0.0665441528 561.057312 0 270.477 0 800
0.108869255 0.914399982 -0.0307269729 -0.0638367906 545.93512 0 270.477 0 800
0.106517412 0.914399982 -0.0305946177 -0.0610834137 549.555786 0 270.477 0 800
0.104277979 0.914399982 -0.0304613467 -0.0582956597 553.506714 0 270.477 0 800
0.102145596 0.914399982 -0.0303277099 -0.0554966107 557.447754 0 270.477 0 800
0.100115146 0.914399982 -0.030194359 -0.0526947565 561.515076 0 270.477 0 800
0.0981817748 0.914399982 -0.0300615229 -0.0498836599 565.664062 0 270.477 0 800
0.0963408429 0.914399982 -0.0299296901 -0.0470784865 569.905273 0 270.477 0 800
0.0945879312 0.914399982 -0.0297992494 -0.0442953221 574.255737 0 270.477 0 800
0.0929188367 0.914399982 -0.0296704632 -0.0415262617 578.739136 0 270.477 0 800
0.0913295575 0.914399982 -0.0295435479 -0.0387650728 583.42334 0 270.477 0 800
0.0898162795 0.914399982 -0.0294187181 -0.036033988 588.434204 0 270.477 0 800
0.0883753581 0.914399982 -0.0292963007 -0.0331322029 594.255371 0 270.477 0 800
0.0869347508 0.914399982 -0.0291702047 -0.0302336141 602.792908 0 270.477 0 800
0.0854944718 0.914399982 -0.0290404139 -0.0273599289 627.842712 0 270.477 0 800
0.0840545311 0.914399982 -0.0289069213 -0.0243466478 647.525024 0 270.477 0 800
0.0826149498 0.914399982 -0.0287696071 -0.0212398302 639.670654 0 270.477 0 800
0.0811757428 0.914399982 -0.0286284242 -0.0180130117 634.889343 0 270.477 0 800
0.079736934 0.914399982 -0.0284832398 -0.014660893 639.917358 0 270.477 0 800
0.0782985409 0.914399982 -0.028333993 -0.0111762621 645.163391 0 270.477 0 800
0.0768605839 0.914399982 -0.0281806008 -0.00755855488 653.540955 0 270.477 0 800
0.0754230847 0.914399982 -0.0280229761 -0.00380347134 658.836609 0 270.477 0 800
0.0739860657 0.914399982 -0.0278610326 9.15821947e-05 649.413635 0 270.477 0 800
0.07254955 0.914399982 -0.0276946831 0.00413016649 647.934387 0 270.477 0 800
0.0711135632 0.914399982 -0.0275238279 0.00831827894 649.622192 0 270.477 0 800
0.069678133 0.914399982 -0.0273483587 0.0126642734 644.531311 0 270.477 0 800
0.0682432886 0.914399982 -0.0271681618 0.0171777457 648.394531 0 270.477 0 800
0.0668090617 0.914399982 -0.0269831137 0.0218691919 652.356384 0 270.477 0 800
0.0653754852 0.914399982 -0.0267930934 0.0267516449 655.786072 0 270.477 0 800
0.0639425964 0.914399982 -0.026597955 0.0318363458 659.304016 0 270.477 0 800
0.06251043 0.914399982 -0.0263975827 0.0371219702 662.903931 0 270.477 0 800
0.0610790202 0.914399982 -0.0261918761 0.0426013693 666.533081 0 270.477 0 800
0.0596484052 0.914399982 -0.0259807118 0.0482886732 670.251587 0 270.477 0 800
0.0582186391 0.914399982 -0.025763875 0.0542094521 674.054626 0 270.477 0 800
0.0567897668 0.914399982 -0.0255412243 0.0603817925 677.91864 0 270.477 0 800
0.0553618424 0.914399982 -0.0253125729 0.0668231323 681.842224 0 270.477 0 800
0.0539349246 0.914399982 -0.0250777222 0.0735428035 685.834717 0 270.477 0 800
0.0525090615 0.914399982 -0.0248365501 0.0805516616 689.903442 0 270.477 0 800
0.0510843283 0.914399982 -0.0245887908 0.0878528208 694.056702 0 270.477 0 800
0.0496607734 0.914399982 -0.0243343484 0.0954489708 698.303406 0 270.477 0 800
0.0482384817 0.914399982 -0.0240729377 0.103374436 702.684387 0 270.477 0 800
0.0468175398 0.914399982 -0.0238042859 0.111699417 707.234619 0 270.477 0 800
0.0453980457 0.914399982 -0.023528087 0.120474562 711.938232 0 270.477 0 800
0.0439800856 0.914399982 -0.0232441178 0.129706666 716.78064 0 270.477 0 800
0.0425637587 0.914399982 -0.0229521117 0.139371023 721.783508 0 270.477 0 800
0.0411491691 0.914399982 -0.0226518022 0.150440753 726.974976 0 270.477 0 800
0.0397364416 0.914399982 -0.022342852 0.162263557 732.404175 0 270.477 0 800
0.0383257175 0.914399982 -0.0220248787 0.172572657 738.139587 0 270.477 0 800
0.0369171746 0.914399982 -0.0216973784 0.182896286 744.608582 0 270.477 0 800
0.0355109695 0.914399982 -0.0213599822 0.195063576 753.252258 0 270.477 0 800
0.0341072749 0.914399982 -0.0210122889 0.208341509 771.70697 0 270.477 0 800
0.0327062875 0.914399982 -0.0206538428 0.222251877 778.656982 0 270.477 0 800
0.0313082232 0.914399982 -0.02028416 0.236823857 787.561646 0 270.477 0 800
0.0299133791 0.914399982 -0.0199025065 0.252244204 799.186279 0 270.477 0 800
0.0285220582 0.914399982 -0.0195082032 0.268730521 803.364319 0 270.477 0 800
0.0271345876 0.914399982 -0.0191005583 0.286424518 837.846191 0 270.477 0 800
0.0257513186 0.914399982 -0.0186788765 0.305367529 838.257935 0 270.477 0 800
0.0243726298 0.914399982 -0.0182424523 0.325452894 806.742126 0 270.477 0 800
0.0229990677 0.914399982 -0.0177901514 0.346750915 804.525146 0 270.477 0 800
0.0216312253 0.914399982 -0.0173208367 0.369566202 810.044861 0 270.477 0 800
0.0202698272 0.914399982 -0.0168331443 0.394139826 815.421204 0 270.477 0 800
0.0189155406 0.914399982 -0.0163260384 0.42070955 821.438354 0 270.477 0 800
0.0175692503 0.914399982 -0.0157980695 0.449492484 827.617859 0 270.477 0 800
0.0162321003 0.914399982 -0.015247362 0.480480731 833.934875 0 270.477 0 800
0.0149055813 0.914399982 -0.0146715184 0.514105558 840.592224 0 270.477 0 800
0.0135911841 0.914399982 -0.0140685188 0.550847054 847.631592 0 270.477 0 800
0.0122907103 0.914399982 -0.0134360502 0.590646863 855.046936 0 270.477 0 800
0.0110067088 0.914399982 -0.0127707766 0.633939803 862.788696 0 270.477 0 800
0.00974255726 0.914399982 -0.0120685174 0.681448638 870.98175 0 270.477 0 800
0.00850202803 0.914399982 -0.0113253253 0.733038545 879.922485 0 270.477 0 800
0.00728978378 0.914399982 -0.0105368381 0.787293911 889.601624 0 270.477 0 800
0.00616084497 0.914399982 -0.00973202403 0.843176067 899.741516 0 270.477 0 800
0.00514277206 0.914399982 -0.00893097999 0.898147166 909.900452 0 270.477 0 800
0.00422996971 0.914399982 -0.00813515341 0.948616147 920.13092 0 270.477 0 800
0.00343643316 0.914399982 -0.00736356438 0.992527783 931.209229 0 270.477 0 800
0.00274285069 0.914399982 -0.00660441773 1.02668977 943.885376 0 270.477 0 800
0.00213648818 0.914399982 -0.00585018865 1.04852176 958.112732 0 270.477 0 800
0.00161211138 0.914399982 -0.00510044783 1.05377543 973.315125 0 270.477 0 800
0.00116988774 0.914399982 -0.00436125254 1.03825438 989.379456 0 270.477 0 800
0.000805392804 0.914399982 -0.00363199488 1.00064147 1007.6991 0 270.477 0 800
0.00051469137 0.914399982 -0.00291212333 0.937591672 1029.55933 0 270.477 0 800
0.000289792079 0.914399982 -0.00218676897 0.846399367 1054.45447 0 270.477 0 800
0.000128627554 0.914399982 -0.00145413345 0.726700127 1082.77783 0 270.477 0 800
3.20963786e-05 0.914399982 -0.000722702615 0.580676615 1116.2356 0.00336535228 270.53 1 800
-8.18412707e-09 0.914399982 -7.8016762e-10 0.411563605 1152.55713 0.0427267291 271.13 1 800
3.17941236e-05 0.914399982 0.000719176834 0.226781651 1189.69702 0.0912546068 271.827 1 800
0.000127329866 0.914399982 0.00144672079 0.0331834294 1227.43921 0.141191438 273.15 0.939220786 800
0.000287011983 0.914399982 0.00217624136 -0.166205525 1265.45178 0.193206519 273.15 0.649117589 800
0.000509847083 0.914399982 0.00289847388 -0.363221526 1303.89355 0.247097701 273.15 0.428450257 800
0.000798755786 0.914399982 0.00361739139 -0.547579527 1338.99414 0.302195787 273.15 0.32690981 800
0.00116083968 0.914399982 0.00434485961 -0.712596357 1368.56946 0.357529014 273.15 0.268643111 800
0.00159974379 0.914399982 0.00508132568 -0.857361913 1392.79492 0.412476897 273.15 0.230415165 800
0.00211753308 0.914399982 0.00582495707 -0.98104918 1406.36975 0.466877311 273.15 0.203403234 800
0.00271975272 0.914399982 0.00657746412 -1.08347189 1406.42932 0.519893944 273.15 0.183153793 800
0.00340675316 0.914399982 0.00733289967 -1.16518748 1391.41418 0.569994092 273.15 0.168798804 800
0.00419414951 0.914399982 0.00810221109 -1.22583675 1351.19971 0.61523968 273.15 0.158394411 800
0.00509625241 0.914399982 0.00889228885 -1.26907313 1286.33679 0.654335439 273.15 0.149418011 800
0.00610047406 0.914399982 0.00968659439 -1.29951334 1210.15063 0.687047601 273.15 0.141835853 800
0.00721725929 0.914399982 0.0104873709 -1.31640613 1117.25574 0.713151813 273.15 0.136499956 800
0.00842161236 0.914399982 0.0112750257 -1.32254958 999.065186 0.731214821 273.15 0.133202866 800
0.00965428513 0.914399982 0.0120175784 -1.32192075 867.077454 0.740134239 273.15 0.131390914 800
0.0109107177 0.914399982 0.0127191791 -1.31617641 734.815491 0.740465701 273.15 0.131667793 800
0.0121870365 0.914399982 0.0133839173 -1.30699873 610.250122 0.733144343 273.15 0.136716187 800
0.0134799311 0.914399982 0.0140158115 -1.29506254 501.347382 0.7197631 273.15 0.153183192 800
0.0147867318 0.914399982 0.0146184215 -1.28196728 403.901184 0.701726139 273.15 0.192776442 800
0.016105753 0.914399982 0.0151937912 -1.26851094 336.888428 0.679644465 273.15 0.273770213 800
0.0174353865 0.914399982 0.0157441928 -1.2544266 348.323975 0.654330254 273.15 0.251698017 800
0.0187742445 0.914399982 0.0162717597 -1.23986161 383.412506 0.626393616 273.15 0.174410388 800
0.0201210962 0.914399982 0.0167785712 -1.2253561 400.176849 0.596211493 273.15 0.138718575 800
0.0214751029 0.914399982 0.0172659452 -1.21120918 425.927063 0.564643323 273.15 0.122897886 800
0.022835535 0.914399982 0.0177350849 -1.19738722 458.664978 0.532375753 273.15 0.115649462 800
0.0242017369 0.914399982 0.0181871468 -1.1837976 495.647552 0.499654561 273.15 0.112748295 800
0.0255730686 0.914399982 0.0186234001 -1.17047894 531.73114 0.467360109 273.15 0.111771166 800
0.0269490089 0.914399982 0.0190448927 -1.15753675 561.87439 0.436902106 273.15 0.109347165 800
0.0283291553 0.914399982 0.0194524012 -1.14494324 586.445374 0.408749223 273.15 0.106360555 800
0.0297131607 0.914399982 0.0198466051 -1.13263547 605.856506 0.382703304 273.15 0.104374513 800
0.0311006962 0.914399982 0.020228198 -1.12057602 620.668396 0.358832836 273.15 0.103109755 800
0.0324914619 0.914399982 0.020597845 -1.10877502 633.632568 0.337037981 273.15 0.102712989 800
0.0338851739 0.914399982 0.0209562226 -1.09730434 644.360535 0.316858202 273.15 0.102972962 800
0.0352815876 0.914399982 0.0213039246 -1.08621395 650.929565 0.297957629 273.15 0.10350962 800
0.0366805184 0.914399982 0.0216413566 -1.07546389 654.273621 0.280371428 273.15 0.104356639 800
0.0380818015 0.914399982 0.0219688835 -1.06499493 656.85614 0.264073759 273.15 0.105801344 800
0.0394852649 0.914399982 0.0222869376 -1.0547986 659.65802 0.248814955 273.15 0.107984163 800
0.0408907416 0.914399982 0.0225959739 -1.04484034 661.78125 0.234364107 273.15 0.110815771 800
0.0422980875 0.914399982 0.0228963829 -1.03522122 662.180603 0.220699728 273.15 0.11418426 800
0.0437071758 0.914399982 0.02318851 -1.02563679 661.034119 0.207856774 273.15 0.118159205 800
0.0451179004 0.914399982 0.0234726299 -1.01512492 658.968018 0.195778891 273.15 0.122913867 800
0.0465301623 0.914399982 0.0237490072 -1.00470603 656.373596 0.184337914 273.15 0.128642842 800
0.0479438761 0.914399982 0.0240178595 -0.996342182 653.759155 0.173390612 273.15 0.135643378 800
0.0493589461 0.914399982 0.0242794793 -0.988665581 651.442383 0.162925348 273.15 0.144298881 800
0.0507752826 0.914399982 0.0245341536 -0.980570078 649.694397 0.1529468 273.15 0.155144095 800
0.0521928037 0.914399982 0.0247821493 -0.972495079 648.454895 0.143479988 273.15 0.168900594 800
0.053611457 0.914399982 0.0250235848 -0.96418047 647.103394 0.134468243 273.15 0.186505586 800
0.0550311681 0.914399982 0.0252587197 -0.956368148 646.24939 0.125821963 273.15 0.209838599 800
0.0564518876 0.914399982 0.025487683 -0.948960662 657.089539 0.117526591 273.15 0.245914668 800
0.0578735603 0.914399982 0.0257106511 -0.941360235 692.676636 0.10954725 273.15 0.309782475 800
0.0592961273 0.914399982 0.0259278406 -0.93386358 685.205444 0.101920746 273.15 0.394643486 800
0.0607195509 0.914399982 0.026139343 -0.926492393 645.756226 0.0947138667 273.15 0.527664065 800
0.0621437714 0.914399982 0.026345411 -0.919248343 635.826172 0.087814942 273.15 0.860380709 800
0.063568751 0.914399982 0.0265461631 -0.912144721 631.298218 0.0810171515 273.15 0.993022799 800
0.064994453 0.914399982 0.0267417178 -0.905163527 627.745789 0.074417688 272.554 1 800
0.066420846 0.914399982 0.0269321681 -0.898284733 624.479431 0.0682163239 272.391 1 800
0.0678478935 0.914399982 0.0271176497 -0.891503036 621.401978 0.0623189472 272.234 1 800
0.0692755612 0.914399982 0.0272982955 -0.884824216 618.541443 0.0566234961 272.081 1 800
0.0707038184 0.914399982 0.0274742205 -0.878249705 615.929626 0.0511479713 271.932 1 800
0.0721326342 0.914399982 0.0276455485 -0.871777892 613.464844 0.0458559953 271.787 1 800
0.0735619812 0.914399982 0.0278123874 -0.865408838 611.060242 0.040747311 271.645 1 800
0.0749918329 0.914399982 0.0279748443 -0.859140158 608.711121 0.0358316712 271.508 1 800
0.076422167 0.914399982 0.028132998 -0.852965057 606.401001 0.0310887415 271.375 1 800
0.0778529609 0.914399982 0.0282869361 -0.846873343 604.131042 0.0265434925 271.247 1 800
0.0792841958 0.914399982 0.0284367182 -0.840854645 601.903198 0.0221793205 271.123 1 800
0.0807158493 0.914399982 0.0285824455 -0.83489573 599.735779 0.0180080067 271.003 1 800
0.0821479085 0.914399982 0.0287241284 -0.829009473 597.649963 0.014027494 270.888 1 800
0.0835803295 0.914399982 0.0288621061 -0.82322073 595.605957 0.0101993084 270.777 1 800
0.085013118 0.914399982 0.028996215 -0.817545295 593.565491 0.00652958127 270.67 1 800
0.0864462491 0.914399982 0.029126612 -0.811916649 591.530212 0.00303186825 270.567 1 800
0.0878797114 0.914399982 0.0292533156 -0.806540191 589.501831 0 270.477 0 800
0.0893124563 0.914399982 0.0293763726 -0.801323056 587.485779 0 270.477 0 800
0.0908171694 0.914399982 0.0295016658 -0.795569777 585.486877 0 270.477 0 800
0.0923974449 0.914399982 0.029629238 -0.789577365 583.505432 0 270.477 0 800
0.0940570855 0.914399982 0.0297587638 -0.783460975 581.541687 0 270.477 0 800
0.0958000717 0.914399982 0.0298900254 -0.776321054 579.594482 0 270.477 0 800
0.0976305922 0.914399982 0.0300226413 -0.769473433 577.664368 0 270.477 0 800
0.0995530378 0.914399982 0.0301562624 -0.763208687 575.749817 0 270.477 0 800
0.101572004 0.914399982 0.0302907139 -0.756299555 573.851074 0 270.477 0 800
0.103692349 0.914399982 0.0304252619 -0.749051809 571.970581 0 270.477 0 800
0.105919135 0.914399982 0.0305597031 -0.741495609 570.117676 0 270.477 0 800
0.108257701 0.914399982 0.0306933597 -0.732926786 568.291138 0 270.477 0 800
0.110713646 0.914399982 0.0308255783 -0.724371672 566.487732 0 270.477 0 800
0.113292837 0.914399982 0.0309558151 -0.716861606 564.762939 0 270.477 0 800
0.115868178 0.914399982 0.0310772345 -0.709001303 562.447449 0 270.477 0 800
0.118443899 0.914399982 0.0311902827 -0.700779498 560.0177 0 270.477 0 800
0.121019967 0.914399982 0.0312951718 -0.692780852 558.125427 0 270.477 0 800
0.123596345 0.914399982 0.0313921188 -0.684879482 556.207947 0 270.477 0 800
0.126173003 0.914399982 0.0314813059 -0.677084386 554.274414 0 270.477 0 800
0.128749911 0.914399982 0.0315629617 -0.669387043 552.247742 0 270.477 0 800
0.131327042 0.914399982 0.0316372545 -0.661785424 550.099365 0 270.477 0 800
0.13390437 0.914399982 0.0317043525 -0.654279888 547.851807 0 270.477 0 800
0.136481871 0.914399982 0.0317644283 -0.646870196 545.483337 0 270.477 0 800
0.139059525 0.914399982 0.031817584 -0.639558375 542.97052 0 270.477 0 800
0.141637309 0.914399982 0.0318639853 -0.632368147 540.419678 0 270.477 0 800
0.144215202 0.914399982 0.0319038691 -0.625440657 537.821716 0 270.477 0 800
0.146793186 0.914399982 0.031937372 -0.618330181 535.144409 0 270.477 0 800
0.149371244 0.914399982 0.0319645981 -0.610714018 532.557373 0 270.477 0 800
0.15194936 0.914399982 0.0319855684 -0.603230834 529.993225 0 270.477 0 800
0.154527518 0.914399982 0.0320005731 -0.596427441 527.438049 0 270.477 0 800
0.157105703 0.914399982 0.032009777 -0.590221643 524.909607 0 270.477 0 800
0.159683902 0.914399982 0.0320131373 -0.584005892 522.436035 0 270.477 0 800
0.162262103 0.914399982 0.0320108359 -0.576820612 519.958374 0 270.477 0 800
0.164840292 0.914399982 0.032003077 -0.569398403 517.286804 0 270.477 0 800
0.16741846 0.914399982 0.0319898652 -0.56328398 514.471741 0 270.477 0 800
0.169996595 0.914399982 0.0319712932 -0.557256341 511.954254 0 270.477 0 800
0.172574688 0.914399982 0.0319476332 -0.550725639 510.018524 0 270.477 0 800
0.175152728 0.914399982 0.0319187767 -0.544374287 508.636444 0 270.477 0 800
0.177730707 0.914399982 0.0318849457 -0.538069725 507.419128 0 270.477 0 800
0.180308619 0.914399982 0.0318462868 -0.531852603 505.877502 0 270.477 0 800
0.182886452 0.914399982 0.0318026742 -0.525717854 503.998169 0 270.477 0 800
0.185464202 0.914399982 0.0317544544 -0.51979965 501.884003 0 270.477 0 800
0.188041861 0.914399982 0.0317015621 -0.513419867 499.702301 0 270.477 0 800
0.190619423 0.914399982 0.0316441414 -0.506790698 497.649872 0 270.477 0 800
0.193196883 0.914399982 0.031582296 -0.501152813 495.693359 0 270.477 0 800
0.195774232 0.914399982 0.0315160055 -0.495623171 493.717102 0 270.477 0 800
0.198351471 0.914399982 0.0314455328 -0.489740491 491.710632 0 270.477 0 800
0.200928586 0.914399982 0.0313706944 -0.484071791 489.75238 0 270.477 0 800
0.203505582 0.914399982 0.0312918604 -0.478143126 487.769287 0 270.477 0 800
0.206082447 0.914399982 0.0312088442 -0.47202599 485.767365 0 270.477 0 800
0.208659183 0.914399982 0.0311219381 -0.466394424 483.828949 0 270.477 0 800
0.211235781 0.914399982 0.0310310196 -0.460860133 481.887817 0 270.477 0 800
0.213812243 0.914399982 0.0309363212 -0.455248773 479.969086 0 270.477 0 800
0.216388561 0.914399982 0.0308377791 -0.449783683 478.11438 0 270.477 0 800
0.218964735 0.914399982 0.0307355713 -0.444241256 476.277618 0 270.477 0 800
0.221540761 0.914399982 0.0306296625 -0.438685387 474.493622 0 270.477 0 800
0.224116638 0.914399982 0.0305202144 -0.433196783 472.749878 0 270.477 0 800
0.226692361 0.914399982 0.0304071745 -0.427774787 471.049408 0 270.477 0 800
0.229267931 0.914399982 0.0302907237 -0.422451645 469.398285 0 270.477 0 800
0.231843342 0.914399982 0.0301707915 -0.417306751 467.786011 0 270.477 0 800
0.234418597 0.914399982 0.0300475797 -0.412144125 466.22348 0 270.477 0 800
0.236993689 0.914399982 0.0299209855 -0.406704813 464.689972 0 270.477 0 800
0.239568624 0.914399982 0.0297912424 -0.401145279 463.19458 0 270.477 0 800
0.242143391 0.914399982 0.0296581954 -0.395867109 461.733398 0 270.477 0 800
0.244717998 0.914399982 0.0295221146 -0.390836209 460.282288 0 270.477 0 800
0.247292435 0.914399982 0.0293828288 -0.385829836 459.051331 0 270.477 0 800
0.24986671 0.914399982 0.0292405987 -0.380952507 459.497467 0 270.477 0 800
0.252440814 0.914399982 0.0290952986 -0.376006186 458.668213 0 270.477 0 800
0.255014754 0.914399982 0.0289471127 -0.370952815 455.731628 0 270.477 0 800
0.257588522 0.914399982 0.0287959881 -0.365956217 453.770782 0 270.477 0 800
0.260162123 0.914399982 0.0286420252 -0.360984325 452.254883 0 270.477 0 800
0.262735553 0.914399982 0.0284852469 -0.356042713 450.801666 0 270.477 0 800
0.265308812 0.914399982 0.0283256815 -0.351129055 449.185944 0 270.477 0 800
0.267881903 0.914399982 0.0281634281 -0.34624368 447.3992 0 270.477 0 800
0.27045482 0.914399982 0.0279984376 -0.341382772 446.274139 0 270.477 0 800
0.273027571 0.914399982 0.0278308701 -0.336542577 456.35498 0 270.477 0 800
0.275600144 0.914399982 0.0276606079 -0.331692755 472.211456 0 270.477 0 800
0.278172552 0.914399982 0.02748786 -0.326819897 478.838287 0 270.477 0 800
0.280744782 0.914399982 0.0273124906 -0.322012991 479.44632 0 270.477 0 800
0.283316846 0.914399982 0.0271346928 -0.317315012 462.966705 0 270.477 0 800
0.285888735 0.914399982 0.0269543875 -0.312655926 443.913208 0 270.477 0 800
0.288460455 0.914399982 0.0267716903 -0.308009177 439.632263 0 270.477 0 800
0.291032003 0.914399982 0.0265865738 -0.303381622 437.580719 0 270.477 0 800
0.29360338 0.914399982 0.026399104 -0.298769712 435.902039 0 270.477 0 800
0.296174586 0.914399982 0.0262093064 -0.29417631 434.196594 0 270.477 0 800
0.29874562 0.914399982 0.0260171953 -0.289601147 432.595612 0 270.477 0 800
0.301316486 0.914399982 0.0258228425 -0.285044968 431.086578 0 270.477 0 800
0.303887178 0.914399982 0.0256262152 -0.280507356 429.642334 0 270.477 0 800
0.306457704 0.914399982 0.0254274166 -0.275988132 428.241852 0 270.477 0 800
0.309028056 0.914399982 0.025226386 -0.271486849 426.884888 0 270.477 0 800
0.311598243 0.914399982 0.0250232499 -0.26700297 425.557739 0 270.477 0 800
0.314168256 0.914399982 0.0248179235 -0.262535959 424.260406 0 270.477 0 800
0.316738104 0.914399982 0.0246105535 -0.258085519 422.992828 0 270.477 0 800
0.319307779 0.914399982 0.0244010446 -0.253650606 421.750977 0 270.477 0 800
0.32187729 0.914399982 0.0241895324 -0.249229595 420.534607 0 270.477 0 800
0.324446629 0.914399982 0.0239759379 -0.244820878 419.341858 0 270.477 0 800
0.327015803 0.914399982 0.0237603734 -0.240423128 418.172852 0 270.477 0 800
0.329584806 0.914399982 0.0235427819 -0.236036122 417.023773 0 270.477 0 800
0.332153644 0.914399982 0.0233232546 -0.231659323 415.893311 0 270.477 0 800
0.334722314 0.914399982 0.0231017543 -0.227291375 414.778656 0 270.477 0 800
0.337290817 0.914399982 0.0228783444 -0.222929627 413.683533 0 270.477 0 800
0.339859154 0.914399982 0.0226530243 -0.218569085 412.599884 0 270.477 0 800
0.342427324 0.914399982 0.0224258003 -0.214204431 411.530945 0 270.477 0 800
0.344995329 0.914399982 0.0221967295 -0.209821552 410.473846 0 270.477 0 800
0.347563164 0.914399982 0.0219657647 -0.205436915 409.427338 0 270.477 0 800
0.350130838 0.914399982 0.0217330137 -0.201108187 408.390472 0 270.477 0 800
0.352698341 0.914399982 0.0214983804 -0.196831539 407.360199 0 270.477 0 800
0.355265681 0.914399982 0.0212619755 -0.192355826 406.338318 0 270.477 0 800
0.357832846 0.914399982 0.0210236648 -0.187778696 405.320496 0 270.477 0 800
0.360399856 0.914399982 0.020783702 -0.183564976 404.307037 0 270.477 0 800
0.362966707 0.914399982 0.0205420412 -0.179440483 403.312225 0 270.477 0 800
0.365533374 0.914399982 0.0202984401 -0.175156221 402.287292 0 270.477 0 800
0.368099885 0.914399982 0.0200531987 -0.170873299 401.249207 0 270.477 0 800
0.37066624 0.914399982 0.0198063264 -0.166580707 400.243622 0 270.477 0 800
0.373232409 0.914399982 0.0195575285 -0.162275717 399.238159 0 270.477 0 800
0.375798423 0.914399982 0.0193071313 -0.157964617 398.227264 0 270.477 0 800
0.378364279 0.914399982 0.019055128 -0.153652668 397.214142 0 270.477 0 800
0.38092995 0.914399982 0.0188012431 -0.149330258 396.194305 0 270.477 0 800
0.383495464 0.914399982 0.0185457892 -0.145000875 395.16803 0 270.477 0 800
0.386060815 0.914399982 0.0182886908 -0.140668109 394.418732 0 270.477 0 800
0.388625987 0.914399982 0.0180298195 -0.136326179 393.09903 0 270.477 0 800
0.391191004 0.914399982 0.0177694106 -0.131976351 391.779633 0 270.477 0 800
0.393755845 0.914399982 0.017507271 -0.127617702 391.009003 0 270.477 0 800
0.396320517 0.914399982 0.0172434929 -0.123248592 389.950439 0 270.477 0 800
0.39888503 0.914399982 0.0169781651 -0.118869819 388.92984 0 270.477 0 800
0.401449356 0.914399982 0.016711047 -0.114477292 387.911102 0 270.477 0 800
0.404013528 0.914399982 0.0164424431 -0.110071316 386.845001 0 270.477 0 800
0.406577516 0.914399982 0.0161720962 -0.105651386 385.795837 0 270.477 0 800
0.409141339 0.914399982 0.0159001827 -0.101215996 384.759644 0 270.477 0 800
0.41170499 0.914399982 0.0156266566 -0.0967660099 383.67981 0 270.477 0 800
0.414268464 0.914399982 0.015351477 -0.0922987163 382.613831 0 270.477 0 800
0.416831768 0.914399982 0.0150747174 -0.0878129303 381.557159 0 270.477 0 800
0.419394891 0.914399982 0.0147962876 -0.0833081529 380.467712 0 270.477 0 800
0.421957846 0.914399982 0.0145163095 -0.0787834153 379.4021 0 270.477 0 800
0.424520615 0.914399982 0.0142346401 -0.0742376149 378.318542 0 270.477 0 800
0.427083212 0.914399982 0.0139514141 -0.0696699545 377.213776 0 270.477 0 800
0.429645627 0.914399982 0.0136665334 -0.0650786906 376.146057 0 270.477 0 800
0.432207861 0.914399982 0.0133800351 -0.0604621917 375.049042 0 270.477 0 800
0.434769915 0.914399982 0.0130919408 -0.0558203608 373.947815 0 270.477 0 800
0.437331782 0.914399982 0.0128021761 -0.051152315 372.845764 0 270.477 0 800
0.439893474 0.914399982 0.0125108748 -0.0464568213 371.728088 0 270.477 0 800
0.442454967 0.914399982 0.0122178211 -0.0417307168 370.634338 0 270.477 0 800
0.445016278 0.914399982 0.0119231912 -0.0369744003 369.519257 0 270.477 0 800
0.447577404 0.914399982 0.011626955 -0.0321884677 368.394287 0 270.477 0 800
0.45013833 0.914399982 0.0113289909 -0.0273689553 367.268127 0 270.477 0 800
0.452699069 0.914399982 0.0110294258 -0.0225167461 366.129883 0 270.477 0 800
0.455259619 0.914399982 0.0107282484 -0.0176321957 365.34317 0 270.477 0 800
0.457819962 0.914399982 0.0104253199 -0.0127106216 363.831665 0 270.477 0 800
0.460380109 0.914399982 0.0101207367 -0.00775193051 362.272156 0 270.477 0 800
0.462940061 0.914399982 0.00981451781 -0.00275849202 361.422668 0 270.477 0 800
0.46549981 0.914399982 0.00950660895 0.00227112509 360.258118 0 270.477 0 800
0.468059357 0.914399982 0.00919701723 0.00733929174 359.070557 0 270.477 0 800
0.47061869 0.914399982 0.0088856712 0.0124473162 357.864319 0 270.477 0 800
0.473177816 0.914399982 0.0085726292 0.0175946746 356.651947 0 270.477 0 800
0.475736732 0.914399982 0.00825786855 0.0227804855 355.41156 0 270.477 0 800
0.478295434 0.914399982 0.00794137496 0.0280050114 354.167725 0 270.477 0 800
0.480853921 0.914399982 0.00762314525 0.033267986 352.891205 0 270.477 0 800
0.483412189 0.914399982 0.00730316753 0.0385691337 351.578766 0 270.477 0 800
0.485970238 0.914399982 0.00698143863 0.0439086817 350.280487 0 270.477 0 800
0.488528057 0.914399982 0.00665788786 0.049286779 348.937347 0 270.477 0 800
0.491085649 0.914399982 0.0063325434 0.0547024123 347.541382 0 270.477 0 800
0.493643014 0.914399982 0.00600542351 0.0601534508 346.139221 0 270.477 0 800
0.496200149 0.914399982 0.0056765146 0.0656394586 344.70929 0 270.477 0 800
0.498757039 0.914399982 0.00534570177 0.0711606145 343.229614 0 270.477 0 800
0.501313699 0.914399982 0.00501311406 0.0767155662 341.709076 0 270.477 0 800
0.503870103 0.914399982 0.00467856306 0.0823027268 340.150421 0 270.477 0 800
0.50642627 0.914399982 0.0043422108 0.0879203752 338.555206 0 270.477 0 800
0.508982184 0.914399982 0.0040039379 0.0935636386 336.914551 0 270.477 0 800
0.511537855 0.914399982 0.00366384071 0.0992331505 335.217468 0 270.477 0 800
0.514093255 0.914399982 0.00332170415 0.104922794 333.46814 0 270.477 0 800
0.516648403 0.914399982 0.00297770244 0.110637523 331.65979 0 270.477 0 800
0.519203289 0.914399982 0.00263174854 0.116353154 329.779572 0 270.477 0 800
0.521757904 0.914399982 0.00228380711 0.122094125 327.83371 0 270.477 0 800
0.524312244 0.914399982 0.00193384576 0.127778098 325.823975 0 270.477 0 800
0.526866315 0.914399982 0.00158192817 0.133411393 323.726074 0 270.477 0 800
0.52942009 0.914399982 0.00122787388 0.138040081 321.526825 0 270.477 0 800
0.531069981 0.914399982 0.000998093031 0.141670078 319.240723 0 270.477 0 800
0.532101091 0.914399982 0.000853961954 0.143584982 316.84436 0 270.477 0 800
0.532745525 0.914399982 0.000763814193 0.144108891 314.324493 0 270.477 0 800
0.533148284 0.914399982 0.000707382481 0.144281775 311.691345 0 270.477 0 800
0.533400004 0.914399982 0.000672085901 0.140992299 308.910461 0 270.477 0 800
0.533400001 0.914399982 0.000582474699 0.133648947 305.957184 0 270.477 0 800
0.533399997 0.914399982 0.000492863497 0.137768522 302.838776 0 270.477 0 800
0.533399993 0.914399982 0.000403252296 0.137671769 299.554047 0 270.477 0 800
0.533399989 0.914399982 0.000313641094 0.138662681 296.043427 0 270.477 0 800
0.533399987 0.914399982 0.000224029892 0.139365599 292.277557 0 270.477 0 800
0.533399989 0.914399982 0.000134418691 0.140064493 288.24469 0 270.477 0 800
0.53339999 0.914399982 4.48074889e-05 0.140482619 283.87851 0 270.477 0 800
0.533399991 0.914399982 -4.48037127e-05 0.140569583 279.483734 0 270.477 0 800
0.533399993 0.914399982 -0.000134414914 0.140322626 275.982025 0 270.477 0 800
0.533399994 0.914399982 -0.000224026116 0.139632747 273.771912 0 270.477 0 800
0.533399998 0.914399982 -0.000313637317 0.138982832 273.567108 0 270.477 0 800
0.533400005 0.914399982 -0.000403248519 0.137475193 276.224426 0 270.477 0 800
0.533400012 0.914399982 -0.00049285972 0.138106555 297.263 0 270.477 0 800
0.533400018 0.914399982 -0.00058247092 0.130735666 282.117615 0 270.477 0 800

ZONE T="SLICE_Y_0p9144_BINS03_KS_0p5mm_CUTDATA"
0.533400018 0.914399982 -0.00058247092 0.130735666 157.869598 0 270.477 0 800
0.533400004 0.914399982 -0.000672082119 0.143050954 164.929733 0 270.477 0 800
0.533148466 0.914399982 -0.000707354403 0.147099599 180.712479 0 270.477 0 800
0.532745998 0.914399982 -0.000763745625 0.145698696 190.822479 0 270.477 0 800
0.53210203 0.914399982 -0.000853827126 0.144994646 200.822006 0 270.477 0 800
0.531071666 0.914399982 -0.00099785339 0.142481029 203.443604 0 270.477 0 800
0.529422969 0.914399982 -0.00122746797 0.138313934 199.668167 0 270.477 0 800
0.526873095 0.914399982 -0.00158098831 0.133275494 195.183578 0 270.477 0 800
0.524322926 0.914399982 -0.00193237185 0.127455518 189.727661 0 270.477 0 800
0.521772489 0.914399982 -0.0022818114 0.121918604 178.542496 0 270.477 0 800
0.519221778 0.914399982 -0.00262923523 0.11659202 161.757629 0 270.477 0 800
0.516670797 0.914399982 -0.0029746773 0.111534767 141.138336 0 270.477 0 800
0.514119553 0.914399982 -0.00331817313 0.106683798 114.139648 0 270.477 0 800
0.511568058 0.914399982 -0.00365979377 0.102040984 128.422501 0 270.477 0 800
0.509016294 0.914399982 -0.00399940552 0.0975838751 128.422501 0 270.477 0 800
0.506464287 0.914399982 -0.00433718384 0.0933021381 210.105042 0 270.477 0 800
0.50391203 0.914399982 -0.00467306469 0.0891818851 197.564346 0 270.477 0 800
0.501359535 0.914399982 -0.00500713669 0.0852180272 167.011215 0 270.477 0 800
0.498806784 0.914399982 -0.00533924521 0.081400767 158.133194 0 270.477 0 800
0.496253803 0.914399982 -0.00566957616 0.0777173191 156.397095 0 270.477 0 800
0.49370058 0.914399982 -0.00599804175 0.074158892 157.968246 0 270.477 0 800
0.491147126 0.914399982 -0.00632469778 0.0707168728 161.737015 0 270.477 0 800
0.488593446 0.914399982 -0.00664958131 0.067382805 167.047272 0 270.477 0 800
0.48603954 0.914399982 -0.00697269046 0.0641525984 172.755936 0 270.477 0 800
0.483485406 0.914399982 -0.00729398822 0.0610221364 178.396362 0 270.477 0 800
0.480931051 0.914399982 -0.00761352572 0.0579839237 183.899017 0 270.477 0 800
0.478376479 0.914399982 -0.00793132724 0.0550314859 189.244644 0 270.477 0 800
0.475821692 0.914399982 -0.00824739351 0.0521608591 194.419876 0 270.477 0 800
0.473266692 0.914399982 -0.00856172802 0.0493677408 199.435425 0 270.477 0 800
0.470711482 0.914399982 -0.00887435928 0.0466484576 204.296082 0 270.477 0 800
0.468156063 0.914399982 -0.00918526844 0.0440011285 209.014999 0 270.477 0 800
0.465600434 0.914399982 -0.00949445508 0.0414224416 213.589935 0 270.477 0 800
0.463044603 0.914399982 -0.00980196434 0.0389072783 218.036041 0 270.477 0 800
0.460488571 0.914399982 -0.0101077948 0.0364503413 222.347 0 270.477 0 800
0.457932344 0.914399982 -0.0104119964 0.0340503752 226.537842 0 270.477 0 800
0.455375917 0.914399982 -0.0107145051 0.0317106359 230.612656 0 270.477 0 800
0.452819289 0.914399982 -0.0110153132 0.029427221 234.559479 0 270.477 0 800
0.450262471 0.914399982 -0.0113145094 0.0271910578 238.399628 0 270.477 0 800
0.447705468 0.914399982 -0.0116121166 0.0250041727 242.165161 0 270.477 0 800
0.44514826 0.914399982 -0.01190795 0.0228664968 245.832733 0 270.477 0 800
0.442590872 0.914399982 -0.0122022341 0.0207696781 249.384644 0 270.477 0 800
0.440033299 0.914399982 -0.0124948975 0.0187132023 252.846497 0 270.477 0 800
0.437475532 0.914399982 -0.0127858649 0.0166958906 256.226135 0 270.477 0 800
0.434917592 0.914399982 -0.0130753062 0.0147142196 259.519714 0 270.477 0 800
0.432359457 0.914399982 -0.01336302 0.0127647314 262.730499 0 270.477 0 800
0.42980115 0.914399982 -0.0136492021 0.0108398413 265.874176 0 270.477 0 800
0.427242658 0.914399982 -0.013933718 0.00892991107 268.949982 0 270.477 0 800
0.424683989 0.914399982 -0.0142166417 0.00702227838 271.956848 0 270.477 0 800
0.422125141 0.914399982 -0.0144979481 0.00517276023 274.882416 0 270.477 0 800
0.419566117 0.914399982 -0.0147776435 0.00334951188 277.741699 0 270.477 0 800
0.417006917 0.914399982 -0.0150557235 0.00153657189 280.570312 0 270.477 0 800
0.414447544 0.914399982 -0.0153322065 -0.000214122934 283.330811 0 270.477 0 800
0.411887994 0.914399982 -0.0156070442 -0.00193263439 286.016174 0 270.477 0 800
0.409328275 0.914399982 -0.0158803148 -0.00362411793 288.678864 0 270.477 0 800
0.406768377 0.914399982 -0.0161518946 -0.00529484311 291.28302 0 270.477 0 800
0.404208323 0.914399982 -0.0164219968 -0.00694267778 293.824127 0 270.477 0 800
0.401648078 0.914399982 -0.0166902858 -0.00856601354 296.34549 0 270.477 0 800
0.399087677 0.914399982 -0.0169570843 -0.0101694437 298.817566 0 270.477 0 800
0.396527101 0.914399982 -0.0172221887 -0.0117530758 301.245605 0 270.477 0 800
0.393966355 0.914399982 -0.0174856599 -0.013320839 303.636536 0 270.477 0 800
0.391405453 0.914399982 -0.0177475985 -0.0148684094 305.9935 0 270.477 0 800
0.388844364 0.914399982 -0.0180077128 -0.016393479 308.301117 0 270.477 0 800
0.386283121 0.914399982 -0.0182662943 -0.0179037787 310.568176 0 270.477 0 800
0.383721709 0.914399982 -0.0185232101 -0.0193964709 312.828339 0 270.477 0 800
0.381160124 0.914399982 -0.0187783802 -0.0208723824 315.05661 0 270.477 0 800
0.378598383 0.914399982 -0.0190319891 -0.0223341323 317.256348 0 270.477 0 800
0.376036469 0.914399982 -0.01928384 -0.0237766746 319.428528 0 270.477 0 800
0.373474386 0.914399982 -0.0195339749 -0.0252052918 321.585388 0 270.477 0 800
0.370912148 0.914399982 -0.0197825124 -0.0266218316 323.708313 0 270.477 0 800
0.368349737 0.914399982 -0.0200292581 -0.0280184466 325.805786 0 270.477 0 800
0.365787158 0.914399982 -0.020274252 -0.0294020455 327.893463 0 270.477 0 800
0.363224424 0.914399982 -0.0205176118 -0.0307805613 329.941711 0 270.477 0 800
0.360661519 0.914399982 -0.0207591794 -0.0321471468 331.993225 0 270.477 0 800
0.358098443 0.914399982 -0.020998914 -0.0335129015 334.0159 0 270.477 0 800
0.35553521 0.914399982 -0.0212369703 -0.0349025279 336.011932 0 270.477 0 800
0.352971818 0.914399982 -0.021473304 -0.036250677 338.0112 0 270.477 0 800
0.35040825 0.914399982 -0.0217077242 -0.0375907756 339.969757 0 270.477 0 800
0.347844519 0.914399982 -0.0219403511 -0.0389496572 341.944305 0 270.477 0 800
0.345280622 0.914399982 -0.022171153 -0.040269915 343.899445 0 270.477 0 800
0.342716559 0.914399982 -0.0224000883 -0.0415747128 345.806732 0 270.477 0 800
0.340152332 0.914399982 -0.0226271915 -0.0428645909 347.772491 0 270.477 0 800
0.337587935 0.914399982 -0.0228523647 -0.0441421308 349.716156 0 270.477 0 800
0.335023377 0.914399982 -0.0230756951 -0.0454083569 351.616913 0 270.477 0 800
0.332458647 0.914399982 -0.0232970391 -0.0466641858 353.623077 0 270.477 0 800
0.329893756 0.914399982 -0.0235165074 -0.0479105823 355.704742 0 270.477 0 800
0.327328693 0.914399982 -0.0237339581 -0.0491471924 358.067902 0 270.477 0 800
0.324763467 0.914399982 -0.0239494825 -0.0503741764 361.90448 0 270.477 0 800
0.32219807 0.914399982 -0.0241629526 -0.0515918657 369.847015 0 270.477 0 800
0.319632509 0.914399982 -0.0243744464 -0.052800674 369.249146 0 270.477 0 800
0.317066776 0.914399982 -0.0245838475 -0.0540005118 363.791412 0 270.477 0 800
0.314500879 0.914399982 -0.0247912231 -0.055191271 365.414917 0 270.477 0 800
0.311934809 0.914399982 -0.0249964552 -0.0563731045 367.357208 0 270.477 0 800
0.309368575 0.914399982 -0.0251996226 -0.0575454608 369.123077 0 270.477 0 800
0.306802167 0.914399982 -0.0254005786 -0.0587081574 370.871796 0 270.477 0 800
0.304235595 0.914399982 -0.0255994314 -0.0598606877 372.600891 0 270.477 0 800
0.301668847 0.914399982 -0.0257960025 -0.0610033087 374.322144 0 270.477 0 800
0.299101936 0.914399982 -0.0259904291 -0.0621357113 376.040741 0 270.477 0 800
0.296534849 0.914399982 -0.0261825112 -0.0632572249 377.754822 0 270.477 0 800
0.293967597 0.914399982 -0.026372379 -0.0643683672 379.467072 0 270.477 0 800
0.29140017 0.914399982 -0.0265598687 -0.065468885 381.177643 0 270.477 0 800
0.288832576 0.914399982 -0.0267450536 -0.0665587708 382.887207 0 270.477 0 800
0.286264808 0.914399982 -0.0269278228 -0.0676375851 384.596313 0 270.477 0 800
0.283696871 0.914399982 -0.027108193 -0.0687055364 386.305023 0 270.477 0 800
0.281128764 0.914399982 -0.0272861165 -0.0697620511 388.014648 0 270.477 0 800
0.278560484 0.914399982 -0.0274615405 -0.0708067268 389.729584 0 270.477 0 800
0.275992036 0.914399982 -0.0276344787 -0.0718376637 391.448669 0 270.477 0 800
0.273423413 0.914399982 -0.0278048054 -0.0728544891 393.177307 0 270.477 0 800
0.270854625 0.914399982 -0.0279726101 -0.0738568678 394.915466 0 270.477 0 800
0.268285659 0.914399982 -0.0281376881 -0.0748469755 396.664886 0 270.477 0 800
0.26571653 0.914399982 -0.028300188 -0.0758316517 398.426331 0 270.477 0 800
0.263147224 0.914399982 -0.028459889 -0.0768045112 400.202759 0 270.477 0 800
0.260577754 0.914399982 -0.0286169049 -0.0777835548 401.992798 0 270.477 0 800
0.258008111 0.914399982 -0.028771076 -0.0786937177 403.799347 0 270.477 0 800
0.255438301 0.914399982 -0.028922435 -0.0795654655 405.62262 0 270.477 0 800
0.252868322 0.914399982 -0.0290709003 -0.0806162283 407.46463 0 270.477 0 800
0.250298175 0.914399982 -0.0292164224 -0.0814057887 409.332336 0 270.477 0 800
0.247727863 0.914399982 -0.0293590095 -0.081850417 411.216339 0 270.477 0 800
0.245157382 0.914399982 -0.0294985138 -0.0826405063 413.171234 0 270.477 0 800
0.24258674 0.914399982 -0.0296350232 -0.0835920274 415.163513 0 270.477 0 800
0.240015929 0.914399982 -0.0297683111 -0.0845692679 417.103851 0 270.477 0 800
0.237444962 0.914399982 -0.0298985357 -0.0856532082 419.121124 0 270.477 0 800
0.234873826 0.914399982 -0.0300254017 -0.0865266472 421.235779 0 270.477 0 800
0.232302536 0.914399982 -0.0301491055 -0.0872997046 423.355194 0 270.477 0 800
0.229731084 0.914399982 -0.0302693739 -0.0880378336 425.522461 0 270.477 0 800
0.227159479 0.914399982 -0.0303863483 -0.0886804312 427.754272 0 270.477 0 800
0.224587715 0.914399982 -0.0304997754 -0.0893127695 430.067871 0 270.477 0 800
0.222015803 0.914399982 -0.0306097783 -0.089937754 432.494568 0 270.477 0 800
0.219443737 0.914399982 -0.0307161302 -0.0904760957 435.095581 0 270.477 0 800
0.216871527 0.914399982 -0.0308189225 -0.0910343975 438.07309 0 270.477 0 800
0.214299169 0.914399982 -0.0309179571 -0.0916729271 442.547058 0 270.477 0 800
0.211726672 0.914399982 -0.0310133087 -0.0922248438 454.439301 0 270.477 0 800
0.209154032 0.914399982 -0.0311047418 -0.0927060768 465.374054 0 270.477 0 800
0.206581261 0.914399982 -0.0311923774 -0.0931625962 475.743835 0 270.477 0 800
0.204008353 0.914399982 -0.0312759312 -0.0935895666 481.72998 0 270.477 0 800
0.201435322 0.914399982 -0.0313555734 -0.0939842835 472.510284 0 270.477 0 800
0.198862163 0.914399982 -0.0314309729 -0.094343394 458.990448 0 270.477 0 800
0.196288888 0.914399982 -0.0315023188 -0.0946642905 453.2323 0 270.477 0 800
0.193715495 0.914399982 -0.0315692775 -0.0949427634 455.434998 0 270.477 0 800
0.191141995 0.914399982 -0.0316319752 -0.0951787457 457.792908 0 270.477 0 800
0.18856839 0.914399982 -0.0316902003 -0.0953699052 460.202454 0 270.477 0 800
0.185994687 0.914399982 -0.0317439251 -0.0955158696 462.672852 0 270.477 0 800
0.183420893 0.914399982 -0.0317931001 -0.0956125483 465.210419 0 270.477 0 800
0.180847013 0.914399982 -0.0318375119 -0.0956590995 467.931641 0 270.477 0 800
0.178273056 0.914399982 -0.0318772494 -0.0956519321 470.718811 0 270.477 0 800
0.175699027 0.914399982 -0.0319120219 -0.0955858082 473.907562 0 270.477 0 800
0.173124936 0.914399982 -0.0319418619 -0.0954657495 480.339783 0 270.477 0 800
0.170550793 0.914399982 -0.0319667045 -0.095282957 496.983276 0 270.477 0 800
0.167976603 0.914399982 -0.0319862563 -0.0950303227 494.960968 0 270.477 0 800
0.16540238 0.914399982 -0.0320006355 -0.0947123617 481.874207 0 270.477 0 800
0.162828132 0.914399982 -0.0320096607 -0.0943189636 484.425812 0 270.477 0 800
0.160253871 0.914399982 -0.032013087 -0.0938500613 487.854065 0 270.477 0 800
0.157679608 0.914399982 -0.0320109843 -0.0933211222 493.945221 0 270.477 0 800
0.155105356 0.914399982 -0.032003214 -0.0927055851 518.219177 0 270.477 0 800
0.152531129 0.914399982 -0.0319894713 -0.0920132995 516.780518 0 270.477 0 800
0.14995694 0.914399982 -0.0319698313 -0.0912873745 496.255615 0 270.477 0 800
0.147382805 0.914399982 -0.0319441416 -0.0905603394 498.768311 0 270.477 0 800
0.144808739 0.914399982 -0.0319122149 -0.0896127671 501.753967 0 270.477 0 800
0.142234762 0.914399982 -0.0318738137 -0.088418439 504.760712 0 270.477 0 800
0.13966089 0.914399982 -0.0318289475 -0.0872595906 507.980957 0 270.477 0 800
0.137087141 0.914399982 -0.0317774731 -0.086051248 511.475067 0 270.477 0 800
0.134513537 0.914399982 -0.0317192024 -0.0847549886 515.736938 0 270.477 0 800
0.1319401 0.914399982 -0.0316539416 -0.0833976865 523.289856 0 270.477 0 800
0.129366857 0.914399982 -0.0315814568 -0.081851162 558.03833 0 270.477 0 800
0.126793831 0.914399982 -0.0315016702 -0.0801246911 557.044739 0 270.477 0 800
0.124221046 0.914399982 -0.0314144146 -0.0782519206 528.361023 0 270.477 0 800
0.121648533 0.914399982 -0.0313195134 -0.0762167946 535.2677 0 270.477 0 800
0.119076322 0.914399982 -0.0312167385 -0.0740253702 560.157837 0 270.477 0 800
0.116504447 0.914399982 -0.0311058819 -0.071669586 580.466064 0 270.477 0 800
0.113932942 0.914399982 -0.0309867291 -0.0691456348 579.329773 0 270.477 0 800
0.11133913 0.914399982 -0.0308579003 -0.0665441528 561.057312 0 270.477 0 800
0.108869255 0.914399982 -0.0307269729 -0.0638367906 545.93512 0 270.477 0 800
0.106517412 0.914399982 -0.0305946177 -0.0610834137 549.555786 0 270.477 0 800
0.104277979 0.914399982 -0.0304613467 -0.0582956597 553.506714 0 270.477 0 800
0.102145596 0.914399982 -0.0303277099 -0.0554966107 557.447754 0 270.477 0 800
0.100115146 0.914399982 -0.030194359 -0.0526947565 561.515076 0 270.477 0 800
0.0981817748 0.914399982 -0.0300615229 -0.0498836599 565.664062 0 270.477 0 800
0.0963408429 0.914399982 -0.0299296901 -0.0470784865 569.905273 0 270.477 0 800
0.0945879312 0.914399982 -0.0297992494 -0.0442953221 574.255737 0 270.477 0 800
0.0929188367 0.914399982 -0.0296704632 -0.0415262617 578.739136 0 270.477 0 800
0.0913295575 0.914399982 -0.0295435479 -0.0387650728 583.42334 0 270.477 0 800
0.0898162795 0.914399982 -0.0294187181 -0.036033988 588.434204 0 270.477 0 800
0.0883753581 0.914399982 -0.0292963007 -0.0331322029 594.255371 0 270.477 0 800
0.0869347508 0.914399982 -0.0291702047 -0.0302336141 602.792908 0 270.477 0 800
0.0854944718 0.914399982 -0.0290404139 -0.0273599289 627.842712 0 270.477 0 800
0.0840545311 0.914399982 -0.0289069213 -0.0243466478 647.525024 0 270.477 0 800
0.0826149498 0.914399982 -0.0287696071 -0.0212398302 639.670654 0 270.477 0 800
0.0811757428 0.914399982 -0.0286284242 -0.0180130117 634.889343 0 270.477 0 800
0.079736934 0.914399982 -0.0284832398 -0.014660893 639.917358 0 270.477 0 800
0.0782985409 0.914399982 -0.028333993 -0.0111762621 645.163391 0 270.477 0 800
0.0768605839 0.914399982 -0.0281806008 -0.00755855488 653.540955 0 270.477 0 800
0.0754230847 0.914399982 -0.0280229761 -0.00380347134 658.836609 0 270.477 0 800
0.0739860657 0.914399982 -0.0278610326 9.15821947e-05 649.413635 0 270.477 0 800
0.07254955 0.914399982 -0.0276946831 0.00413016649 647.934387 0 270.477 0 800
0.0711135632 0.914399982 -0.0275238279 0.00831827894 649.622192 0 270.477 0 800
0.069678133 0.914399982 -0.0273483587 0.0126642734 644.531311 0 270.477 0 800
0.0682432886 0.914399982 -0.0271681618 0.0171777457 648.394531 0 270.477 0 800
0.0668090617 0.914399982 -0.0269831137 0.0218691919 652.356384 0 270.477 0 800
0.0653754852 0.914399982 -0.0267930934 0.0267516449 655.786072 0 270.477 0 800
0.0639425964 0.914399982 -0.026597955 0.0318363458 659.304016 0 270.477 0 800
0.06251043 0.914399982 -0.0263975827 0.0371219702 662.903931 0 270.477 0 800
0.0610790202 0.914399982 -0.0261918761 0.0426013693 666.533081 0 270.477 0 800
0.0596484052 0.914399982 -0.0259807118 0.0482886732 670.251587 0 270.477 0 800
0.0582186391 0.914399982 -0.025763875 0.0542094521 674.054626 0 270.477 0 800
0.0567897668 0.914399982 -0.0255412243 0.0603817925 677.91864 0 270.477 0 800
0.0553618424 0.914399982 -0.0253125729 0.0668231323 681.842224 0 270.477 0 800
0.0539349246 0.914399982 -0.0250777222 0.0735428035 685.834717 0 270.477 0 800
0.0525090615 0.914399982 -0.0248365501 0.0805516616 689.903442 0 270.477 0 800
0.0510843283 0.914399982 -0.0245887908 0.0878528208 694.056702 0 270.477 0 800
0.0496607734 0.914399982 -0.0243343484 0.0954489708 698.303406 0 270.477 0 800
0.0482384817 0.914399982 -0.0240729377 0.103374436 702.684387 0 270.477 0 800
0.0468175398 0.914399982 -0.0238042859 0.111699417 707.234619 0 270.477 0 800
0.0453980457 0.914399982 -0.023528087 0.120474562 711.938232 0 270.477 0 800
0.0439800856 0.914399982 -0.0232441178 0.129706666 716.78064 0 270.477 0 800
0.0425637587 0.914399982 -0.0229521117 0.139371023 721.783508 0 270.477 0 800
0.0411491691 0.914399982 -0.0226518022 0.150440753 726.974976 0 270.477 0 800
0.0397364416 0.914399982 -0.022342852 0.162263557 732.404175 0 270.477 0 800
0.0383257175 0.914399982 -0.0220248787 0.172572657 738.139587 0 270.477 0 800
0.0369171746 0.914399982 -0.0216973784 0.182896286 744.608582 0 270.477 0 800
0.0355109695 0.914399982 -0.0213599822 0.195063576 753.252258 0 270.477 0 800
0.0341072749 0.914399982 -0.0210122889 0.208341509 771.70697 0 270.477 0 800
0.0327062875 0.914399982 -0.0206538428 0.222251877 778.656982 0 270.477 0 800
0.0313082232 0.914399982 -0.02028416 0.236823857 787.561646 0 270.477 0 800
0.0299133791 0.914399982 -0.0199025065 0.252244204 799.186279 0 270.477 0 800
0.0285220582 0.914399982 -0.0195082032 0.268730521 803.364319 0 270.477 0 800
0.0271345876 0.914399982 -0.0191005583 0.286424518 837.846191 0 270.477 0 800
0.0257513186 0.914399982 -0.0186788765 0.305367529 838.257935 0 270.477 0 800
0.0243726298 0.914399982 -0.0182424523 0.325452894 806.742126 0 270.477 0 800
0.0229990677 0.914399982 -0.0177901514 0.346750915 804.525146 0 270.477 0 800
0.0216312253 0.914399982 -0.0173208367 0.369566202 810.044861 0 270.477 0 800
0.0202698272 0.914399982 -0.0168331443 0.394139826 815.421204 0 270.477 0 800
0.0189155406 0.914399982 -0.0163260384 0.42070955 821.438354 0 270.477 0 800
0.0175692503 0.914399982 -0.0157980695 0.449492484 827.617859 0 270.477 0 800
0.0162321003 0.914399982 -0.015247362 0.480480731 833.934875 0 270.477 0 800
0.0149055813 0.914399982 -0.0146715184 0.514105558 840.592224 0 270.477 0 800
0.0135911841 0.914399982 -0.0140685188 0.550847054 847.631592 0 270.477 0 800
0.0122907103 0.914399982 -0.0134360502 0.590646863 855.046936 0 270.477 0 800
0.0110067088 0.914399982 -0.0127707766 0.633939803 862.788696 0 270.477 0 800
0.00974255726 0.914399982 -0.0120685174 0.681448638 870.98175 0 270.477 0 800
0.00850202803 0.914399982 -0.0113253253 0.733038545 879.922485 0 270.477 0 800
0.00728978378 0.914399982 -0.0105368381 0.787293911 889.601624 0 270.477 0 800
0.00616084497 0.914399982 -0.00973202403 0.843176067 899.741516 0 270.477 0 800
0.00514277206 0.914399982 -0.00893097999 0.898147166 909.900452 0 270.477 0 800
0.00422996971 0.914399982 -0.00813515341 0.948616147 920.13092 0 270.477 0 800
0.00343643316 0.914399982 -0.00736356438 0.992527783 931.209229 0 270.477 0 800
0.00274285069 0.914399982 -0.00660441773 1.02668977 943.885376 0.000637648569 270.49 1 800
0.00213648818 0.914399982 -0.00585018865 1.04852176 958.112732 0.0114485333 270.692 1 800
0.00161211138 0.914399982 -0.00510044783 1.05377543 973.315125 0.0235025864 270.903 1 800
0.00116988774 0.914399982 -0.00436125254 1.03825438 989.379456 0.0338608362 271.081 1 800
0.000805392804 0.914399982 -0.00363199488 1.00064147 1007.6991 0.0428065099 271.224 1 800
0.00051469137 0.914399982 -0.00291212333 0.937591672 1029.55933 0.0508904085 271.346 1 800
0.000289792079 0.914399982 -0.00218676897 0.846399367 1054.45447 0.0593910962 271.466 1 800
0.000128627554 0.914399982 -0.00145413345 0.726700127 1082.77783 0.0680762306 271.581 1 800
3.20963786e-05 0.914399982 -0.000722702615 0.580676615 1116.2356 0.0771518052 271.69 1 800
-8.18412707e-09 0.914399982 -7.8016762e-10 0.411563605 1152.55713 0.0870318338 271.803 1 800
3.17941236e-05 0.914399982 0.000719176834 0.226781651 1189.69702 0.117666885 272.217 1 800
0.000127329866 0.914399982 0.00144672079 0.0331834294 1227.43921 0.161607295 273.097 1 800
0.000287011983 0.914399982 0.00217624136 -0.166205525 1265.45178 0.206170097 273.15 0.887541056 800
0.000509847083 0.914399982 0.00289847388 -0.363221526 1303.89355 0.252437025 273.15 0.532641292 800
0.000798755786 0.914399982 0.00361739139 -0.547579527 1338.99414 0.298806816 273.15 0.387931854 800
0.00116083968 0.914399982 0.00434485961 -0.712596357 1368.56946 0.345075905 273.15 0.309370995 800
0.00159974379 0.914399982 0.00508132568 -0.857361913 1392.79492 0.390972376 273.15 0.259492725 800
0.00211753308 0.914399982 0.00582495707 -0.98104918 1406.36975 0.43631196 273.15 0.224921212 800
0.00271975272 0.914399982 0.00657746412 -1.08347189 1406.42932 0.483870089 273.15 0.199259087 800
0.00340675316 0.914399982 0.00733289967 -1.16518748 1391.41418 0.536600053 273.15 0.181228548 800
0.00419414951 0.914399982 0.00810221109 -1.22583675 1351.19971 0.5847435 273.15 0.168348327 800
0.00509625241 0.914399982 0.00889228885 -1.26907313 1286.33679 0.626174986 273.15 0.157587096 800
0.00610047406 0.914399982 0.00968659439 -1.29951334 1210.15063 0.660810173 273.15 0.148691058 800
0.00721725929 0.914399982 0.0104873709 -1.31640613 1117.25574 0.688563764 273.15 0.142400637 800
0.00842161236 0.914399982 0.0112750257 -1.32254958 999.065186 0.707999885 273.15 0.138392448 800
0.00965428513 0.914399982 0.0120175784 -1.32192075 867.077454 0.718110144 273.15 0.136034921 800
0.0109107177 0.914399982 0.0127191791 -1.31617641 734.815491 0.719843149 273.15 0.135912895 800
0.0121870365 0.914399982 0.0133839173 -1.30699873 610.250122 0.714167118 273.15 0.14076069 800
0.0134799311 0.914399982 0.0140158115 -1.29506254 501.347382 0.702024043 273.15 0.157339111 800
0.0147867318 0.914399982 0.0146184215 -1.28196728 403.901184 0.684502006 273.15 0.1974684 800
0.016105753 0.914399982 0.0151937912 -1.26851094 336.888428 0.662506938 273.15 0.279445738 800
0.0174353865 0.914399982 0.0157441928 -1.2544266 348.323975 0.636944354 273.15 0.257437319 800
0.0187742445 0.914399982 0.0162717597 -1.23986161 383.412506 0.608488619 273.15 0.179159865 800
0.0201210962 0.914399982 0.0167785712 -1.2253561 400.176849 0.577735305 273.15 0.142935693 800
0.0214751029 0.914399982 0.0172659452 -1.21120918 425.927063 0.545644403 273.15 0.127003849 800
0.022835535 0.914399982 0.0177350849 -1.19738722 458.664978 0.512871504 273.15 0.119895354 800
0.0242017369 0.914399982 0.0181871468 -1.1837976 495.647552 0.479619354 273.15 0.117317185 800
0.0255730686 0.914399982 0.0186234001 -1.17047894 531.73114 0.446804613 273.15 0.116795979 800
0.0269490089 0.914399982 0.0190448927 -1.15753675 561.87439 0.415931106 273.15 0.11482197 800
0.0283291553 0.914399982 0.0194524012 -1.14494324 586.445374 0.38752535 273.15 0.112290718 800
0.0297131607 0.914399982 0.0198466051 -1.13263547 605.856506 0.361428261 273.15 0.11083848 800
0.0311006962 0.914399982 0.020228198 -1.12057602 620.668396 0.337759703 273.15 0.11018306 800
0.0324914619 0.914399982 0.020597845 -1.10877502 633.632568 0.316502452 273.15 0.110495292 800
0.0338851739 0.914399982 0.0209562226 -1.09730434 644.360535 0.29719761 273.15 0.111558586 800
0.0352815876 0.914399982 0.0213039246 -1.08621395 650.929565 0.279624373 273.15 0.112972885 800
0.0366805184 0.914399982 0.0216413566 -1.07546389 654.273621 0.265495628 273.15 0.114754267 800
0.0380818015 0.914399982 0.0219688835 -1.06499493 656.85614 0.2525765 273.15 0.117157102 800
0.0394852649 0.914399982 0.0222869376 -1.0547986 659.65802 0.240538001 273.15 0.120356306 800
0.0408907416 0.914399982 0.0225959739 -1.04484034 661.78125 0.229122758 273.15 0.124279045 800
0.0422980875 0.914399982 0.0228963829 -1.03522122 662.180603 0.218327284 273.15 0.128823027 800
0.0437071758 0.914399982 0.02318851 -1.02563679 661.034119 0.20818463 273.15 0.134085119 800
0.0451179004 0.914399982 0.0234726299 -1.01512492 658.968018 0.198620811 273.15 0.140281558 800
0.0465301623 0.914399982 0.0237490072 -1.00470603 656.373596 0.189495176 273.15 0.147663504 800
0.0479438761 0.914399982 0.0240178595 -0.996342182 653.759155 0.180630088 273.15 0.156614289 800
0.0493589461 0.914399982 0.0242794793 -0.988665581 651.442383 0.171983719 273.15 0.167642817 800
0.0507752826 0.914399982 0.0245341536 -0.980570078 649.694397 0.163568109 273.15 0.181478143 800
0.0521928037 0.914399982 0.0247821493 -0.972495079 648.454895 0.155439764 273.15 0.199137643 800
0.053611457 0.914399982 0.0250235848 -0.96418047 647.103394 0.147570938 273.15 0.222016335 800
0.0550311681 0.914399982 0.0252587197 -0.956368148 646.24939 0.139848754 273.15 0.25288251 800
0.0564518876 0.914399982 0.025487683 -0.948960662 657.089539 0.13228184 273.15 0.301331609 800
0.0578735603 0.914399982 0.0257106511 -0.941360235 692.676636 0.124836802 273.15 0.389436811 800
0.0592961273 0.914399982 0.0259278406 -0.93386358 685.205444 0.117488794 273.15 0.521067798 800
0.0607195509 0.914399982 0.026139343 -0.926492393 645.756226 0.110474065 273.15 0.768657565 800
0.0621437714 0.914399982 0.026345411 -0.919248343 635.826172 0.103830248 273.15 0.952960014 800
0.063568751 0.914399982 0.0265461631 -0.912144721 631.298218 0.0970736891 273.15 0.999332547 800
0.064994453 0.914399982 0.0267417178 -0.905163527 627.745789 0.0902143344 272.992 1 800
0.066420846 0.914399982 0.0269321681 -0.898284733 624.479431 0.0838336796 272.827 1 800
0.0678478935 0.914399982 0.0271176497 -0.891503036 621.401978 0.07793805 272.674 1 800
0.0692755612 0.914399982 0.0272982955 -0.884824216 618.541443 0.0723519027 272.526 1 800
0.0707038184 0.914399982 0.0274742205 -0.878249705 615.929626 0.0667446628 272.377 1 800
0.0721326342 0.914399982 0.0276455485 -0.871777892 613.464844 0.0616395548 272.241 1 800
0.0735619812 0.914399982 0.0278123874 -0.865408838 611.060242 0.0603215322 272.209 1 800
0.0749918329 0.914399982 0.0279748443 -0.859140158 608.711121 0.0589649789 272.175 1 800
0.076422167 0.914399982 0.028132998 -0.852965057 606.401001 0.0575460829 272.139 1 800
0.0778529609 0.914399982 0.0282869361 -0.846873343 604.131042 0.0560508706 272.101 1 800
0.0792841958 0.914399982 0.0284367182 -0.840854645 601.903198 0.0544462465 272.06 1 800
0.0807158493 0.914399982 0.0285824455 -0.83489573 599.735779 0.0527085029 272.015 1 800
0.0821479085 0.914399982 0.0287241284 -0.829009473 597.649963 0.0508112386 271.965 1 800
0.0835803295 0.914399982 0.0288621061 -0.82322073 595.605957 0.0487194322 271.909 1 800
0.085013118 0.914399982 0.028996215 -0.817545295 593.565491 0.0464157015 271.847 1 800
0.0864462491 0.914399982 0.029126612 -0.811916649 591.530212 0.0438934527 271.778 1 800
0.0878797114 0.914399982 0.0292533156 -0.806540191 589.501831 0.0411462262 271.702 1 800
0.0893124563 0.914399982 0.0293763726 -0.801323056 587.485779 0.0381626226 271.618 1 800
0.0908171694 0.914399982 0.0295016658 -0.795569777 585.486877 0.034922041 271.527 1 800
0.0923974449 0.914399982 0.029629238 -0.789577365 583.505432 0.0314154141 271.427 1 800
0.0940570855 0.914399982 0.0297587638 -0.783460975 581.541687 0.0275838543 271.317 1 800
0.0958000717 0.914399982 0.0298900254 -0.776321054 579.594482 0.0232241042 271.19 1 800
0.0976305922 0.914399982 0.0300226413 -0.769473433 577.664368 0.0181569308 271.041 1 800
0.0995530378 0.914399982 0.0301562624 -0.763208687 575.749817 0.0126517946 270.876 1 800
0.101572004 0.914399982 0.0302907139 -0.756299555 573.851074 0.00727685913 270.711 1 800
0.103692349 0.914399982 0.0304252619 -0.749051809 571.970581 0.00218866998 270.551 1 800
0.105919135 0.914399982 0.0305597031 -0.741495609 570.117676 0 270.477 0 800
0.108257701 0.914399982 0.0306933597 -0.732926786 568.291138 0 270.477 0 800
0.110713646 0.914399982 0.0308255783 -0.724371672 566.487732 0 270.477 0 800
0.113292837 0.914399982 0.0309558151 -0.716861606 564.762939 0 270.477 0 800
0.115868178 0.914399982 0.0310772345 -0.709001303 562.447449 0 270.477 0 800
0.118443899 0.914399982 0.0311902827 -0.700779498 560.0177 0 270.477 0 800
0.121019967 0.914399982 0.0312951718 -0.692780852 558.125427 0 270.477 0 800
0.123596345 0.914399982 0.0313921188 -0.684879482 556.207947 0 270.477 0 800
0.126173003 0.914399982 0.0314813059 -0.677084386 554.274414 0 270.477 0 800
0.128749911 0.914399982 0.0315629617 -0.669387043 552.247742 0 270.477 0 800
0.131327042 0.914399982 0.0316372545 -0.661785424 550.099365 0 270.477 0 800
0.13390437 0.914399982 0.0317043525 -0.654279888 547.851807 0 270.477 0 800
0.136481871 0.914399982 0.0317644283 -0.646870196 545.483337 0 270.477 0 800
0.139059525 0.914399982 0.031817584 -0.639558375 542.97052 0 270.477 0 800
0.141637309 0.914399982 0.0318639853 -0.632368147 540.419678 0 270.477 0 800
0.144215202 0.914399982 0.0319038691 -0.625440657 537.821716 0 270.477 0 800
0.146793186 0.914399982 0.031937372 -0.618330181 535.144409 0 270.477 0 800
0.149371244 0.914399982 0.0319645981 -0.610714018 532.557373 0 270.477 0 800
0.15194936 0.914399982 0.0319855684 -0.603230834 529.993225 0 270.477 0 800
0.154527518 0.914399982 0.0320005731 -0.596427441 527.438049 0 270.477 0 800
0.157105703 0.914399982 0.032009777 -0.590221643 524.909607 0 270.477 0 800
0.159683902 0.914399982 0.0320131373 -0.584005892 522.436035 0 270.477 0 800
0.162262103 0.914399982 0.0320108359 -0.576820612 519.958374 0 270.477 0 800
0.164840292 0.914399982 0.032003077 -0.569398403 517.286804 0 270.477 0 800
0.16741846 0.914399982 0.0319898652 -0.56328398 514.471741 0 270.477 0 800
0.169996595 0.914399982 0.0319712932 -0.557256341 511.954254 0 270.477 0 800
0.172574688 0.914399982 0.0319476332 -0.550725639 510.018524 0 270.477 0 800
0.175152728 0.914399982 0.0319187767 -0.544374287 508.636444 0 270.477 0 800
0.177730707 0.914399982 0.0318849457 -0.538069725 507.419128 0 270.477 0 800
0.180308619 0.914399982 0.0318462868 -0.531852603 505.877502 0 270.477 0 800
0.182886452 0.914399982 0.0318026742 -0.525717854 503.998169 0 270.477 0 800
0.185464202 0.914399982 0.0317544544 -0.51979965 501.884003 0 270.477 0 800
0.188041861 0.914399982 0.0317015621 -0.513419867 499.702301 0 270.477 0 800
0.190619423 0.914399982 0.0316441414 -0.506790698 497.649872 0 270.477 0 800
0.193196883 0.914399982 0.031582296 -0.501152813 495.693359 0 270.477 0 800
0.195774232 0.914399982 0.0315160055 -0.495623171 493.717102 0 270.477 0 800
0.198351471 0.914399982 0.0314455328 -0.489740491 491.710632 0 270.477 0 800
0.200928586 0.914399982 0.0313706944 -0.484071791 489.75238 0 270.477 0 800
0.203505582 0.914399982 0.0312918604 -0.478143126 487.769287 0 270.477 0 800
0.206082447 0.914399982 0.0312088442 -0.47202599 485.767365 0 270.477 0 800
0.208659183 0.914399982 0.0311219381 -0.466394424 483.828949 0 270.477 0 800
0.211235781 0.914399982 0.0310310196 -0.460860133 481.887817 0 270.477 0 800
0.213812243 0.914399982 0.0309363212 -0.455248773 479.969086 0 270.477 0 800
0.216388561 0.914399982 0.0308377791 -0.449783683 478.11438 0 270.477 0 800
0.218964735 0.914399982 0.0307355713 -0.444241256 476.277618 0 270.477 0 800
0.221540761 0.914399982 0.0306296625 -0.438685387 474.493622 0 270.477 0 800
0.224116638 0.914399982 0.0305202144 -0.433196783 472.749878 0 270.477 0 800
0.226692361 0.914399982 0.0304071745 -0.427774787 471.049408 0 270.477 0 800
0.229267931 0.914399982 0.0302907237 -0.422451645 469.398285 0 270.477 0 800
0.231843342 0.914399982 0.0301707915 -0.417306751 467.786011 0 270.477 0 800
0.234418597 0.914399982 0.0300475797 -0.412144125 466.22348 0 270.477 0 800
0.236993689 0.914399982 0.0299209855 -0.406704813 464.689972 0 270.477 0 800
0.239568624 0.914399982 0.0297912424 -0.401145279 463.19458 0 270.477 0 800
0.242143391 0.914399982 0.0296581954 -0.395867109 461.733398 0 270.477 0 800
0.244717998 0.914399982 0.0295221146 -0.390836209 460.282288 0 270.477 0 800
0.247292435 0.914399982 0.0293828288 -0.385829836 459.051331 0 270.477 0 800
0.24986671 0.914399982 0.0292405987 -0.380952507 459.497467 0 270.477 0 800
0.252440814 0.914399982 0.0290952986 -0.376006186 458.668213 0 270.477 0 800
0.255014754 0.914399982 0.0289471127 -0.370952815 455.731628 0 270.477 0 800
0.257588522 0.914399982 0.0287959881 -0.365956217 453.770782 0 270.477 0 800
0.260162123 0.914399982 0.0286420252 -0.360984325 452.254883 0 270.477 0 800
0.262735553 0.914399982 0.0284852469 -0.356042713 450.801666 0 270.477 0 800
0.265308812 0.914399982 0.0283256815 -0.351129055 449.185944 0 270.477 0 800
0.267881903 0.914399982 0.0281634281 -0.34624368 447.3992 0 270.477 0 800
0.27045482 0.914399982 0.0279984376 -0.341382772 446.274139 0 270.477 0 800
0.273027571 0.914399982 0.0278308701 -0.336542577 456.35498 0 270.477 0 800
0.275600144 0.914399982 0.0276606079 -0.331692755 472.211456 0 270.477 0 800
0.278172552 0.914399982 0.02748786 -0.326819897 478.838287 0 270.477 0 800
0.280744782 0.914399982 0.0273124906 -0.322012991 479.44632 0 270.477 0 800
0.283316846 0.914399982 0.0271346928 -0.317315012 462.966705 0 270.477 0 800
0.285888735 0.914399982 0.0269543875 -0.312655926 443.913208 0 270.477 0 800
0.288460455 0.914399982 0.0267716903 -0.308009177 439.632263 0 270.477 0 800
0.291032003 0.914399982 0.0265865738 -0.303381622 437.580719 0 270.477 0 800
0.29360338 0.914399982 0.026399104 -0.298769712 435.902039 0 270.477 0 800
0.296174586 0.914399982 0.0262093064 -0.29417631 434.196594 0 270.477 0 800
0.29874562 0.914399982 0.0260171953 -0.289601147 432.595612 0 270.477 0 800
0.301316486 0.914399982 0.0258228425 -0.285044968 431.086578 0 270.477 0 800
0.303887178 0.914399982 0.0256262152 -0.280507356 429.642334 0 270.477 0 800
0.306457704 0.914399982 0.0254274166 -0.275988132 428.241852 0 270.477 0 800
0.309028056 0.914399982 0.025226386 -0.271486849 426.884888 0 270.477 0 800
0.311598243 0.914399982 0.0250232499 -0.26700297 425.557739 0 270.477 0 800
0.314168256 0.914399982 0.0248179235 -0.262535959 424.260406 0 270.477 0 800
0.316738104 0.914399982 0.0246105535 -0.258085519 422.992828 0 270.477 0 800
0.319307779 0.914399982 0.0244010446 -0.253650606 421.750977 0 270.477 0 800
0.32187729 0.914399982 0.0241895324 -0.249229595 420.534607 0 270.477 0 800
0.324446629 0.914399982 0.0239759379 -0.244820878 419.341858 0 270.477 0 800
0.327015803 0.914399982 0.0237603734 -0.240423128 418.172852 0 270.477 0 800
0.329584806 0.914399982 0.0235427819 -0.236036122 417.023773 0 270.477 0 800
0.332153644 0.914399982 0.0233232546 -0.231659323 415.893311 0 270.477 0 800
0.334722314 0.914399982 0.0231017543 -0.227291375 414.778656 0 270.477 0 800
0.337290817 0.914399982 0.0228783444 -0.222929627 413.683533 0 270.477 0 800
0.339859154 0.914399982 0.0226530243 -0.218569085 412.599884 0 270.477 0 800
0.342427324 0.914399982 0.0224258003 -0.214204431 411.530945 0 270.477 0 800
0.344995329 0.914399982 0.0221967295 -0.209821552 410.473846 0 270.477 0 800
0.347563164 0.914399982 0.0219657647 -0.205436915 409.427338 0 270.477 0 800
0.350130838 0.914399982 0.0217330137 -0.201108187 408.390472 0 270.477 0 800
0.352698341 0.914399982 0.0214983804 -0.196831539 407.360199 0 270.477 0 800
0.355265681 0.914399982 0.0212619755 -0.192355826 406.338318 0 270.477 0 800
0.357832846 0.914399982 0.0210236648 -0.187778696 405.320496 0 270.477 0 800
0.360399856 0.914399982 0.020783702 -0.183564976 404.307037 0 270.477 0 800
0.362966707 0.914399982 0.0205420412 -0.179440483 403.312225 0 270.477 0 800
0.365533374 0.914399982 0.0202984401 -0.175156221 402.287292 0 270.477 0 800
0.368099885 0.914399982 0.0200531987 -0.170873299 401.249207 0 270.477 0 800
0.37066624 0.914399982 0.0198063264 -0.166580707 400.243622 0 270.477 0 800
0.373232409 0.914399982 0.0195575285 -0.162275717 399.238159 0 270.477 0 800
0.375798423 0.914399982 0.0193071313 -0.157964617 398.227264 0 270.477 0 800
0.378364279 0.914399982 0.019055128 -0.153652668 397.214142 0 270.477 0 800
0.38092995 0.914399982 0.0188012431 -0.149330258 396.194305 0 270.477 0 800
0.383495464 0.914399982 0.0185457892 -0.145000875 395.16803 0 270.477 0 800
0.386060815 0.914399982 0.0182886908 -0.140668109 394.418732 0 270.477 0 800
0.388625987 0.914399982 0.0180298195 -0.136326179 393.09903 0 270.477 0 800
0.391191004 0.914399982 0.0177694106 -0.131976351 391.779633 0 270.477 0 800
0.393755845 0.914399982 0.017507271 -0.127617702 391.009003 0 270.477 0 800
0.396320517 0.914399982 0.0172434929 -0.123248592 389.950439 0 270.477 0 800
0.39888503 0.914399982 0.0169781651 -0.118869819 388.92984 0 270.477 0 800
0.401449356 0.914399982 0.016711047 -0.114477292 387.911102 0 270.477 0 800
0.404013528 0.914399982 0.0164424431 -0.110071316 386.845001 0 270.477 0 800
0.406577516 0.914399982 0.0161720962 -0.105651386 385.795837 0 270.477 0 800
0.409141339 0.914399982 0.0159001827 -0.101215996 384.759644 0 270.477 0 800
0.41170499 0.914399982 0.0156266566 -0.0967660099 383.67981 0 270.477 0 800
0.414268464 0.914399982 0.015351477 -0.0922987163 382.613831 0 270.477 0 800
0.416831768 0.914399982 0.0150747174 -0.0878129303 381.557159 0 270.477 0 800
0.419394891 0.914399982 0.0147962876 -0.0833081529 380.467712 0 270.477 0 800
0.421957846 0.914399982 0.0145163095 -0.0787834153 379.4021 0 270.477 0 800
0.424520615 0.914399982 0.0142346401 -0.0742376149 378.318542 0 270.477 0 800
0.427083212 0.914399982 0.0139514141 -0.0696699545 377.213776 0 270.477 0 800
0.429645627 0.914399982 0.0136665334 -0.0650786906 376.146057 0 270.477 0 800
0.432207861 0.914399982 0.0133800351 -0.0604621917 375.049042 0 270.477 0 800
0.434769915 0.914399982 0.0130919408 -0.0558203608 373.947815 0 270.477 0 800
0.437331782 0.914399982 0.0128021761 -0.051152315 372.845764 0 270.477 0 800
0.439893474 0.914399982 0.0125108748 -0.0464568213 371.728088 0 270.477 0 800
0.442454967 0.914399982 0.0122178211 -0.0417307168 370.634338 0 270.477 0 800
0.445016278 0.914399982 0.0119231912 -0.0369744003 369.519257 0 270.477 0 800
0.447577404 0.914399982 0.011626955 -0.0321884677 368.394287 0 270.477 0 800
0.45013833 0.914399982 0.0113289909 -0.0273689553 367.268127 0 270.477 0 800
0.452699069 0.914399982 0.0110294258 -0.0225167461 366.129883 0 270.477 0 800
0.455259619 0.914399982 0.0107282484 -0.0176321957 365.34317 0 270.477 0 800
0.457819962 0.914399982 0.0104253199 -0.0127106216 363.831665 0 270.477 0 800
0.460380109 0.914399982 0.0101207367 -0.00775193051 362.272156 0 270.477 0 800
0.462940061 0.914399982 0.00981451781 -0.00275849202 361.422668 0 270.477 0 800
0.46549981 0.914399982 0.00950660895 0.00227112509 360.258118 0 270.477 0 800
0.468059357 0.914399982 0.00919701723 0.00733929174 359.070557 0 270.477 0 800
0.47061869 0.914399982 0.0088856712 0.0124473162 357.864319 0 270.477 0 800
0.473177816 0.914399982 0.0085726292 0.0175946746 356.651947 0 270.477 0 800
0.475736732 0.914399982 0.00825786855 0.0227804855 355.41156 0 270.477 0 800
0.478295434 0.914399982 0.00794137496 0.0280050114 354.167725 0 270.477 0 800
0.480853921 0.914399982 0.00762314525 0.033267986 352.891205 0 270.477 0 800
0.483412189 0.914399982 0.00730316753 0.0385691337 351.578766 0 270.477 0 800
0.485970238 0.914399982 0.00698143863 0.0439086817 350.280487 0 270.477 0 800
0.488528057 0.914399982 0.00665788786 0.049286779 348.937347 0 270.477 0 800
0.491085649 0.914399982 0.0063325434 0.0547024123 347.541382 0 270.477 0 800
0.493643014 0.914399982 0.00600542351 0.0601534508 346.139221 0 270.477 0 800
0.496200149 0.914399982 0.0056765146 0.0656394586 344.70929 0 270.477 0 800
0.498757039 0.914399982 0.00534570177 0.0711606145 343.229614 0 270.477 0 800
0.501313699 0.914399982 0.00501311406 0.0767155662 341.709076 0 270.477 0 800
0.503870103 0.914399982 0.00467856306 0.0823027268 340.150421 0 270.477 0 800
0.50642627 0.914399982 0.0043422108 0.0879203752 338.555206 0 270.477 0 800
0.508982184 0.914399982 0.0040039379 0.0935636386 336.914551 0 270.477 0 800
0.511537855 0.914399982 0.00366384071 0.0992331505 335.217468 0 270.477 0 800
0.514093255 0.914399982 0.00332170415 0.104922794 333.46814 0 270.477 0 800
0.516648403 0.914399982 0.00297770244 0.110637523 331.65979 0 270.477 0 800
0.519203289 0.914399982 0.00263174854 0.116353154 329.779572 0 270.477 0 800
0.521757904 0.914399982 0.00228380711 0.122094125 327.83371 0 270.477 0 800
0.524312244 0.914399982 0.00193384576 0.127778098 325.823975 0 270.477 0 800
0.526866315 0.914399982 0.00158192817 0.133411393 323.726074 0 270.477 0 800
0.52942009 0.914399982 0.00122787388 0.138040081 321.526825 0 270.477 0 800
0.531069981 0.914399982 0.000998093031 0.141670078 319.240723 0 270.477 0 800
0.532101091 0.914399982 0.000853961954 0.143584982 316.84436 0 270.477 0 800
0.532745525 0.914399982 0.000763814193 0.144108891 314.324493 0 270.477 0 800
0.533148284 0.914399982 0.000707382481 0.144281775 311.691345 0 270.477 0 800
0.533400004 0.914399982 0.000672085901 0.140992299 308.910461 0 270.477 0 800
0.533400001 0.914399982 0.000582474699 0.133648947 305.957184 0 270.477 0 800
0.533399997 0.914399982 0.000492863497 0.137768522 302.838776 0 270.477 0 800
0.533399993 0.914399982 0.000403252296 0.137671769 299.554047 0 270.477 0 800
0.533399989 0.914399982 0.000313641094 0.138662681 296.043427 0 270.477 0 800
0.533399987 0.914399982 0.000224029892 0.139365599 292.277557 0 270.477 0 800
0.533399989 0.914399982 0.000134418691 0.140064493 288.24469 0 270.477 0 800
0.53339999 0.914399982 4.48074889e-05 0.140482619 283.87851 0 270.477 0 800
0.533399991 0.914399982 -4.48037127e-05 0.140569583 279.483734 0 270.477 0 800
0.533399993 0.914399982 -0.000134414914 0.140322626 275.982025 0 270.477 0 800
0.533399994 0.914399982 -0.000224026116 0.139632747 273.771912 0 270.477 0 800
0.533399998 0.914399982 -0.000313637317 0.138982832 273.567108 0 270.477 0 800
0.533400005 0.914399982 -0.000403248519 0.137475193 276.224426 0 270.477 0 800
0.533400012 0.914399982 -0.00049285972 0.138106555 297.263 0 270.477 0 800
0.533400018 0.914399982 -0.00058247092 0.130735666 282.117615 0 270.477 0 800

ZONE T="SLICE_Y_0p9144_BINS07_KS_0p5mm_CUTDATA"
0.533400018 0.914399982 -0.00058247092 0.130735666 157.869598 0 270.477 0 800
0.533400004 0.914399982 -0.000672082119 0.143050954 164.929733 0 270.477 0 800
0.533148466 0.914399982 -0.000707354403 0.147099599 180.712479 0 270.477 0 800
0.532745998 0.914399982 -0.000763745625 0.145698696 190.822479 0 270.477 0 800
0.53210203 0.914399982 -0.000853827126 0.144994646 200.822006 0 270.477 0 800
0.531071666 0.914399982 -0.00099785339 0.142481029 203.443604 0 270.477 0 800
0.529422969 0.914399982 -0.00122746797 0.138313934 199.668167 0 270.477 0 800
0.526873095 0.914399982 -0.00158098831 0.133275494 195.183578 0 270.477 0 800
0.524322926 0.914399982 -0.00193237185 0.127455518 189.727661 0 270.477 0 800
0.521772489 0.914399982 -0.0022818114 0.121918604 178.542496 0 270.477 0 800
0.519221778 0.914399982 -0.00262923523 0.11659202 161.757629 0 270.477 0 800
0.516670797 0.914399982 -0.0029746773 0.111534767 141.138336 0 270.477 0 800
0.514119553 0.914399982 -0.00331817313 0.106683798 114.139648 0 270.477 0 800
0.511568058 0.914399982 -0.00365979377 0.102040984 128.422501 0 270.477 0 800
0.509016294 0.914399982 -0.00399940552 0.0975838751 128.422501 0 270.477 0 800
0.506464287 0.914399982 -0.00433718384 0.0933021381 210.105042 0 270.477 0 800
0.50391203 0.914399982 -0.00467306469 0.0891818851 197.564346 0 270.477 0 800
0.501359535 0.914399982 -0.00500713669 0.0852180272 167.011215 0 270.477 0 800
0.498806784 0.914399982 -0.00533924521 0.081400767 158.133194 0 270.477 0 800
0.496253803 0.914399982 -0.00566957616 0.0777173191 156.397095 0 270.477 0 800
0.49370058 0.914399982 -0.00599804175 0.074158892 157.968246 0 270.477 0 800
0.491147126 0.914399982 -0.00632469778 0.0707168728 161.737015 0 270.477 0 800
0.488593446 0.914399982 -0.00664958131 0.067382805 167.047272 0 270.477 0 800
0.48603954 0.914399982 -0.00697269046 0.0641525984 172.755936 0 270.477 0 800
0.483485406 0.914399982 -0.00729398822 0.0610221364 178.396362 0 270.477 0 800
0.480931051 0.914399982 -0.00761352572 0.0579839237 183.899017 0 270.477 0 800
0.478376479 0.914399982 -0.00793132724 0.0550314859 189.244644 0 270.477 0 800
0.475821692 0.914399982 -0.00824739351 0.0521608591 194.419876 0 270.477 0 800
0.473266692 0.914399982 -0.00856172802 0.0493677408 199.435425 0 270.477 0 800
0.470711482 0.914399982 -0.00887435928 0.0466484576 204.296082 0 270.477 0 800
0.468156063 0.914399982 -0.00918526844 0.0440011285 209.014999 0 270.477 0 800
0.465600434 0.914399982 -0.00949445508 0.0414224416 213.589935 0 270.477 0 800
0.463044603 0.914399982 -0.00980196434 0.0389072783 218.036041 0 270.477 0 800
0.460488571 0.914399982 -0.0101077948 0.0364503413 222.347 0 270.477 0 800
0.457932344 0.914399982 -0.0104119964 0.0340503752 226.537842 0 270.477 0 800
0.455375917 0.914399982 -0.0107145051 0.0317106359 230.612656 0 270.477 0 800
0.452819289 0.914399982 -0.0110153132 0.029427221 234.559479 0 270.477 0 800
0.450262471 0.914399982 -0.0113145094 0.0271910578 238.399628 0 270.477 0 800
0.447705468 0.914399982 -0.0116121166 0.0250041727 242.165161 0 270.477 0 800
0.44514826 0.914399982 -0.01190795 0.0228664968 245.832733 0 270.477 0 800
0.442590872 0.914399982 -0.0122022341 0.0207696781 249.384644 0 270.477 0 800
0.440033299 0.914399982 -0.0124948975 0.0187132023 252.846497 0 270.477 0 800
0.437475532 0.914399982 -0.0127858649 0.0166958906 256.226135 0 270.477 0 800
0.434917592 0.914399982 -0.0130753062 0.0147142196 259.519714 0 270.477 0 800
0.432359457 0.914399982 -0.01336302 0.0127647314 262.730499 0 270.477 0 800
0.42980115 0.914399982 -0.0136492021 0.0108398413 265.874176 0 270.477 0 800
0.427242658 0.914399982 -0.013933718 0.00892991107 268.949982 0 270.477 0 800
0.424683989 0.914399982 -0.0142166417 0.00702227838 271.956848 0 270.477 0 800
0.422125141 0.914399982 -0.0144979481 0.00517276023 274.882416 0 270.477 0 800
0.419566117 0.914399982 -0.0147776435 0.00334951188 277.741699 0 270.477 0 800
0.417006917 0.914399982 -0.0150557235 0.00153657189 280.570312 0 270.477 0 800
0.414447544 0.914399982 -0.0153322065 -0.000214122934 283.330811 0 270.477 0 800
0.411887994 0.914399982 -0.0156070442 -0.00193263439 286.016174 0 270.477 0 800
0.409328275 0.914399982 -0.0158803148 -0.00362411793 288.678864 0 270.477 0 800
0.406768377 0.914399982 -0.0161518946 -0.00529484311 291.28302 0 270.477 0 800
0.404208323 0.914399982 -0.0164219968 -0.00694267778 293.824127 0 270.477 0 800
0.401648078 0.914399982 -0.0166902858 -0.00856601354 296.34549 0 270.477 0 800
0.399087677 0.914399982 -0.0169570843 -0.0101694437 298.817566 0 270.477 0 800
0.396527101 0.914399982 -0.0172221887 -0.0117530758 301.245605 0 270.477 0 800
0.393966355 0.914399982 -0.0174856599 -0.013320839 303.636536 0 270.477 0 800
0.391405453 0.914399982 -0.0177475985 -0.0148684094 305.9935 0 270.477 0 800
0.388844364 0.914399982 -0.0180077128 -0.016393479 308.301117 0 270.477 0 800
0.386283121 0.914399982 -0.0182662943 -0.0179037787 310.568176 0 270.477 0 800
0.383721709 0.914399982 -0.0185232101 -0.0193964709 312.828339 0 270.477 0 800
0.381160124 0.914399982 -0.0187783802 -0.0208723824 315.05661 0 270.477 0 800
0.378598383 0.914399982 -0.0190319891 -0.0223341323 317.256348 0 270.477 0 800
0.376036469 0.914399982 -0.01928384 -0.0237766746 319.428528 0 270.477 0 800
0.373474386 0.914399982 -0.0195339749 -0.0252052918 321.585388 0 270.477 0 800
0.370912148 0.914399982 -0.0197825124 -0.0266218316 323.708313 0 270.477 0 800
0.368349737 0.914399982 -0.0200292581 -0.0280184466 325.805786 0 270.477 0 800
0.365787158 0.914399982 -0.020274252 -0.0294020455 327.893463 0 270.477 0 800
0.363224424 0.914399982 -0.0205176118 -0.0307805613 329.941711 0 270.477 0 800
0.360661519 0.914399982 -0.0207591794 -0.0321471468 331.993225 0 270.477 0 800
0.358098443 0.914399982 -0.020998914 -0.0335129015 334.0159 0 270.477 0 800
0.35553521 0.914399982 -0.0212369703 -0.0349025279 336.011932 0 270.477 0 800
0.352971818 0.914399982 -0.021473304 -0.036250677 338.0112 0 270.477 0 800
0.35040825 0.914399982 -0.0217077242 -0.0375907756 339.969757 0 270.477 0 800
0.347844519 0.914399982 -0.0219403511 -0.0389496572 341.944305 0 270.477 0 800
0.345280622 0.914399982 -0.022171153 -0.040269915 343.899445 0 270.477 0 800
0.342716559 0.914399982 -0.0224000883 -0.0415747128 345.806732 0 270.477 0 800
0.340152332 0.914399982 -0.0226271915 -0.0428645909 347.772491 0 270.477 0 800
0.337587935 0.914399982 -0.0228523647 -0.0441421308 349.716156 0 270.477 0 800
0.335023377 0.914399982 -0.0230756951 -0.0454083569 351.616913 0 270.477 0 800
0.332458647 0.914399982 -0.0232970391 -0.0466641858 353.623077 0 270.477 0 800
0.329893756 0.914399982 -0.0235165074 -0.0479105823 355.704742 0 270.477 0 800
0.327328693 0.914399982 -0.0237339581 -0.0491471924 358.067902 0 270.477 0 800
0.324763467 0.914399982 -0.0239494825 -0.0503741764 361.90448 0 270.477 0 800
0.32219807 0.914399982 -0.0241629526 -0.0515918657 369.847015 0 270.477 0 800
0.319632509 0.914399982 -0.0243744464 -0.052800674 369.249146 0 270.477 0 800
0.317066776 0.914399982 -0.0245838475 -0.0540005118 363.791412 0 270.477 0 800
0.314500879 0.914399982 -0.0247912231 -0.055191271 365.414917 0 270.477 0 800
0.311934809 0.914399982 -0.0249964552 -0.0563731045 367.357208 0 270.477 0 800
0.309368575 0.914399982 -0.0251996226 -0.0575454608 369.123077 0 270.477 0 800
0.306802167 0.914399982 -0.0254005786 -0.0587081574 370.871796 0 270.477 0 800
0.304235595 0.914399982 -0.0255994314 -0.0598606877 372.600891 0 270.477 0 800
0.301668847 0.914399982 -0.0257960025 -0.0610033087 374.322144 0 270.477 0 800
0.299101936 0.914399982 -0.0259904291 -0.0621357113 376.040741 0 270.477 0 800
0.296534849 0.914399982 -0.0261825112 -0.0632572249 377.754822 0 270.477 0 800
0.293967597 0.914399982 -0.026372379 -0.0643683672 379.467072 0 270.477 0 800
0.29140017 0.914399982 -0.0265598687 -0.065468885 381.177643 0 270.477 0 800
0.288832576 0.914399982 -0.0267450536 -0.0665587708 382.887207 0 270.477 0 800
0.286264808 0.914399982 -0.0269278228 -0.0676375851 384.596313 0 270.477 0 800
0.283696871 0.914399982 -0.027108193 -0.0687055364 386.305023 0 270.477 0 800
0.281128764 0.914399982 -0.0272861165 -0.0697620511 388.014648 0 270.477 0 800
0.278560484 0.914399982 -0.0274615405 -0.0708067268 389.729584 0 270.477 0 800
0.275992036 0.914399982 -0.0276344787 -0.0718376637 391.448669 0 270.477 0 800
0.273423413 0.914399982 -0.0278048054 -0.0728544891 393.177307 0 270.477 0 800
0.270854625 0.914399982 -0.0279726101 -0.0738568678 394.915466 0 270.477 0 800
0.268285659 0.914399982 -0.0281376881 -0.0748469755 396.664886 0 270.477 0 800
0.26571653 0.914399982 -0.028300188 -0.0758316517 398.426331 0 270.477 0 800
0.263147224 0.914399982 -0.028459889 -0.0768045112 400.202759 0 270.477 0 800
0.260577754 0.914399982 -0.0286169049 -0.0777835548 401.992798 0 270.477 0 800
0.258008111 0.914399982 -0.028771076 -0.0786937177 403.799347 0 270.477 0 800
0.255438301 0.914399982 -0.028922435 -0.0795654655 405.62262 0 270.477 0 800
0.252868322 0.914399982 -0.0290709003 -0.0806162283 407.46463 0 270.477 0 800
0.250298175 0.914399982 -0.0292164224 -0.0814057887 409.332336 0 270.477 0 800
0.247727863 0.914399982 -0.0293590095 -0.081850417 411.216339 0 270.477 0 800
0.245157382 0.914399982 -0.0294985138 -0.0826405063 413.171234 0 270.477 0 800
0.24258674 0.914399982 -0.0296350232 -0.0835920274 415.163513 0 270.477 0 800
0.240015929 0.914399982 -0.0297683111 -0.0845692679 417.103851 0 270.477 0 800
0.237444962 0.914399982 -0.0298985357 -0.0856532082 419.121124 0 270.477 0 800
0.234873826 0.914399982 -0.0300254017 -0.0865266472 421.235779 0 270.477 0 800
0.232302536 0.914399982 -0.0301491055 -0.0872997046 423.355194 0 270.477 0 800
0.229731084 0.914399982 -0.0302693739 -0.0880378336 425.522461 0 270.477 0 800
0.227159479 0.914399982 -0.0303863483 -0.0886804312 427.754272 0 270.477 0 800
0.224587715 0.914399982 -0.0304997754 -0.0893127695 430.067871 0 270.477 0 800
0.222015803 0.914399982 -0.0306097783 -0.089937754 432.494568 0 270.477 0 800
0.219443737 0.914399982 -0.0307161302 -0.0904760957 435.095581 0 270.477 0 800
0.216871527 0.914399982 -0.0308189225 -0.0910343975 438.07309 0 270.477 0 800
0.214299169 0.914399982 -0.0309179571 -0.0916729271 442.547058 0 270.477 0 800
0.211726672 0.914399982 -0.0310133087 -0.0922248438 454.439301 0 270.477 0 800
0.209154032 0.914399982 -0.0311047418 -0.0927060768 465.374054 0 270.477 0 800
0.206581261 0.914399982 -0.0311923774 -0.0931625962 475.743835 0 270.477 0 800
0.204008353 0.914399982 -0.0312759312 -0.0935895666 481.72998 0 270.477 0 800
0.201435322 0.914399982 -0.0313555734 -0.0939842835 472.510284 0 270.477 0 800
0.198862163 0.914399982 -0.0314309729 -0.094343394 458.990448 0 270.477 0 800
0.196288888 0.914399982 -0.0315023188 -0.0946642905 453.2323 0 270.477 0 800
0.193715495 0.914399982 -0.0315692775 -0.0949427634 455.434998 0 270.477 0 800
0.191141995 0.914399982 -0.0316319752 -0.0951787457 457.792908 0 270.477 0 800
0.18856839 0.914399982 -0.0316902003 -0.0953699052 460.202454 0 270.477 0 800
0.185994687 0.914399982 -0.0317439251 -0.0955158696 462.672852 0 270.477 0 800
0.183420893 0.914399982 -0.0317931001 -0.0956125483 465.210419 0 270.477 0 800
0.180847013 0.914399982 -0.0318375119 -0.0956590995 467.931641 0 270.477 0 800
0.178273056 0.914399982 -0.0318772494 -0.0956519321 470.718811 0 270.477 0 800
0.175699027 0.914399982 -0.0319120219 -0.0955858082 473.907562 0 270.477 0 800
0.173124936 0.914399982 -0.0319418619 -0.0954657495 480.339783 0 270.477 0 800
0.170550793 0.914399982 -0.0319667045 -0.095282957 496.983276 0 270.477 0 800
0.167976603 0.914399982 -0.0319862563 -0.0950303227 494.960968 0 270.477 0 800
0.16540238 0.914399982 -0.0320006355 -0.0947123617 481.874207 0 270.477 0 800
0.162828132 0.914399982 -0.0320096607 -0.0943189636 484.425812 0 270.477 0 800
0.160253871 0.914399982 -0.032013087 -0.0938500613 487.854065 0 270.477 0 800
0.157679608 0.914399982 -0.0320109843 -0.0933211222 493.945221 0 270.477 0 800
0.155105356 0.914399982 -0.032003214 -0.0927055851 518.219177 0 270.477 0 800
0.152531129 0.914399982 -0.0319894713 -0.0920132995 516.780518 0 270.477 0 800
0.14995694 0.914399982 -0.0319698313 -0.0912873745 496.255615 0 270.477 0 800
0.147382805 0.914399982 -0.0319441416 -0.0905603394 498.768311 0 270.477 0 800
0.144808739 0.914399982 -0.0319122149 -0.0896127671 501.753967 0 270.477 0 800
0.142234762 0.914399982 -0.0318738137 -0.088418439 504.760712 0 270.477 0 800
0.13966089 0.914399982 -0.0318289475 -0.0872595906 507.980957 0 270.477 0 800
0.137087141 0.914399982 -0.0317774731 -0.086051248 511.475067 0 270.477 0 800
0.134513537 0.914399982 -0.0317192024 -0.0847549886 515.736938 0 270.477 0 800
0.1319401 0.914399982 -0.0316539416 -0.0833976865 523.289856 0 270.477 0 800
0.129366857 0.914399982 -0.0315814568 -0.081851162 558.03833 0 270.477 0 800
0.126793831 0.914399982 -0.0315016702 -0.0801246911 557.044739 0 270.477 0 800
0.124221046 0.914399982 -0.0314144146 -0.0782519206 528.361023 0 270.477 0 800
0.121648533 0.914399982 -0.0313195134 -0.0762167946 535.2677 0 270.477 0 800
0.119076322 0.914399982 -0.0312167385 -0.0740253702 560.157837 0 270.477 0 800
0.116504447 0.914399982 -0.0311058819 -0.071669586 580.466064 0 270.477 0 800
0.113932942 0.914399982 -0.0309867291 -0.0691456348 579.329773 0 270.477 0 800
0.11133913 0.914399982 -0.0308579003 -0.0665441528 561.057312 0 270.477 0 800
0.108869255 0.914399982 -0.0307269729 -0.0638367906 545.93512 0 270.477 0 800
0.106517412 0.914399982 -0.0305946177 -0.0610834137 549.555786 0 270.477 0 800
0.104277979 0.914399982 -0.0304613467 -0.0582956597 553.506714 0 270.477 0 800
0.102145596 0.914399982 -0.0303277099 -0.0554966107 557.447754 0 270.477 0 800
0.100115146 0.914399982 -0.030194359 -0.0526947565 561.515076 0 270.477 0 800
0.0981817748 0.914399982 -0.0300615229 -0.0498836599 565.664062 0 270.477 0 800
0.0963408429 0.914399982 -0.0299296901 -0.0470784865 569.905273 0 270.477 0 800
0.0945879312 0.914399982 -0.0297992494 -0.0442953221 574.255737 0 270.477 0 800
0.0929188367 0.914399982 -0.0296704632 -0.0415262617 578.739136 0 270.477 0 800
0.0913295575 0.914399982 -0.0295435479 -0.0387650728 583.42334 0 270.477 0 800
0.0898162795 0.914399982 -0.0294187181 -0.036033988 588.434204 0 270.477 0 800
0.0883753581 0.914399982 -0.0292963007 -0.0331322029 594.255371 0 270.477 0 800
0.0869347508 0.914399982 -0.0291702047 -0.0302336141 602.792908 0 270.477 0 800
0.0854944718 0.914399982 -0.0290404139 -0.0273599289 627.842712 0 270.477 0 800
0.0840545311 0.914399982 -0.0289069213 -0.0243466478 647.525024 0 270.477 0 800
0.0826149498 0.914399982 -0.0287696071 -0.0212398302 639.670654 0 270.477 0 800
0.0811757428 0.914399982 -0.0286284242 -0.0180130117 634.889343 0 270.477 0 800
0.079736934 0.914399982 -0.0284832398 -0.014660893 639.917358 0 270.477 0 800
0.0782985409 0.914399982 -0.028333993 -0.0111762621 645.163391 0 270.477 0 800
0.0768605839 0.914399982 -0.0281806008 -0.00755855488 653.540955 0 270.477 0 800
0.0754230847 0.914399982 -0.0280229761 -0.00380347134 658.836609 0 270.477 0 800
0.0739860657 0.914399982 -0.0278610326 9.15821947e-05 649.413635 0 270.477 0 800
0.07254955 0.914399982 -0.0276946831 0.00413016649 647.934387 0 270.477 0 800
0.0711135632 0.914399982 -0.0275238279 0.00831827894 649.622192 0 270.477 0 800
0.069678133 0.914399982 -0.0273483587 0.0126642734 644.531311 0 270.477 0 800
0.0682432886 0.914399982 -0.0271681618 0.0171777457 648.394531 0 270.477 0 800
0.0668090617 0.914399982 -0.0269831137 0.0218691919 652.356384 0 270.477 0 800
0.0653754852 0.914399982 -0.0267930934 0.0267516449 655.786072 0 270.477 0 800
0.0639425964 0.914399982 -0.026597955 0.0318363458 659.304016 0 270.477 0 800
0.06251043 0.914399982 -0.0263975827 0.0371219702 662.903931 0 270.477 0 800
0.0610790202 0.914399982 -0.0261918761 0.0426013693 666.533081 0 270.477 0 800
0.0596484052 0.914399982 -0.0259807118 0.0482886732 670.251587 0 270.477 0 800
0.0582186391 0.914399982 -0.025763875 0.0542094521 674.054626 0 270.477 0 800
0.0567897668 0.914399982 -0.0255412243 0.0603817925 677.91864 0 270.477 0 800
0.0553618424 0.914399982 -0.0253125729 0.0668231323 681.842224 0 270.477 0 800
0.0539349246 0.914399982 -0.0250777222 0.0735428035 685.834717 0 270.477 0 800
0.0525090615 0.914399982 -0.0248365501 0.0805516616 689.903442 0 270.477 0 800
0.0510843283 0.914399982 -0.0245887908 0.0878528208 694.056702 0 270.477 0 800
0.0496607734 0.914399982 -0.0243343484 0.0954489708 698.303406 0 270.477 0 800
0.0482384817 0.914399982 -0.0240729377 0.103374436 702.684387 0 270.477 0 800
0.0468175398 0.914399982 -0.0238042859 0.111699417 707.234619 0 270.477 0 800
0.0453980457 0.914399982 -0.023528087 0.120474562 711.938232 0 270.477 0 800
0.0439800856 0.914399982 -0.0232441178 0.129706666 716.78064 0 270.477 0 800
0.0425637587 0.914399982 -0.0229521117 0.139371023 721.783508 0 270.477 0 800
0.0411491691 0.914399982 -0.0226518022 0.150440753 726.974976 0 270.477 0 800
0.0397364416 0.914399982 -0.022342852 0.162263557 732.404175 0 270.477 0 800
0.0383257175 0.914399982 -0.0220248787 0.172572657 738.139587 0 270.477 0 800
0.0369171746 0.914399982 -0.0216973784 0.182896286 744.608582 0 270.477 0 800
0.0355109695 0.914399982 -0.0213599822 0.195063576 753.252258 0 270.477 0 800
0.0341072749 0.914399982 -0.0210122889 0.208341509 771.70697 0 270.477 0 800
0.0327062875 0.914399982 -0.0206538428 0.222251877 778.656982 0 270.477 0 800
0.0313082232 0.914399982 -0.02028416 0.236823857 787.561646 0 270.477 0 800
0.0299133791 0.914399982 -0.0199025065 0.252244204 799.186279 0 270.477 0 800
0.0285220582 0.914399982 -0.0195082032 0.268730521 803.364319 7.61074771e-05 270.479 1 800
0.0271345876 0.914399982 -0.0191005583 0.286424518 837.846191 0.000203841322 270.482 1 800
0.0257513186 0.914399982 -0.0186788765 0.305367529 838.257935 0.000306310016 270.484 1 800
0.0243726298 0.914399982 -0.0182424523 0.325452894 806.742126 0.000394497096 270.486 1 800
0.0229990677 0.914399982 -0.0177901514 0.346750915 804.525146 0.000473191438 270.488 1 800
0.0216312253 0.914399982 -0.0173208367 0.369566202 810.044861 0.000551330973 270.489 1 800
0.0202698272 0.914399982 -0.0168331443 0.394139826 815.421204 0.000628028705 270.491 1 800
0.0189155406 0.914399982 -0.0163260384 0.42070955 821.438354 0.000703062396 270.493 1 800
0.0175692503 0.914399982 -0.0157980695 0.449492484 827.617859 0.000777704758 270.494 1 800
0.0162321003 0.914399982 -0.015247362 0.480480731 833.934875 0.000851631397 270.496 1 800
0.0149055813 0.914399982 -0.0146715184 0.514105558 840.592224 0.0012750579 270.504 1 800
0.0135911841 0.914399982 -0.0140685188 0.550847054 847.631592 0.00264098379 270.533 1 800
0.0122907103 0.914399982 -0.0134360502 0.590646863 855.046936 0.00383484573 270.557 1 800
0.0110067088 0.914399982 -0.0127707766 0.633939803 862.788696 0.00496652722 270.579 1 800
0.00974255726 0.914399982 -0.0120685174 0.681448638 870.98175 0.00609532045 270.601 1 800
0.00850202803 0.914399982 -0.0113253253 0.733038545 879.922485 0.00723610027 270.622 1 800
0.00728978378 0.914399982 -0.0105368381 0.787293911 889.601624 0.00837376341 270.643 1 800
0.00616084497 0.914399982 -0.00973202403 0.843176067 899.741516 0.00951176789 270.664 1 800
0.00514277206 0.914399982 -0.00893097999 0.898147166 909.900452 0.0106865941 270.684 1 800
0.00422996971 0.914399982 -0.00813515341 0.948616147 920.13092 0.0119624566 270.707 1 800
0.00343643316 0.914399982 -0.00736356438 0.992527783 931.209229 0.0168237276 270.796 1 800
0.00274285069 0.914399982 -0.00660441773 1.02668977 943.885376 0.0219479837 270.887 1 800
0.00213648818 0.914399982 -0.00585018865 1.04852176 958.112732 0.0273450036 270.979 1 800
0.00161211138 0.914399982 -0.00510044783 1.05377543 973.315125 0.0331089683 271.076 1 800
0.00116988774 0.914399982 -0.00436125254 1.03825438 989.379456 0.0391586237 271.173 1 800
0.000805392804 0.914399982 -0.00363199488 1.00064147 1007.6991 0.0454712696 271.27 1 800
0.00051469137 0.914399982 -0.00291212333 0.937591672 1029.55933 0.0522062629 271.369 1 800
0.000289792079 0.914399982 -0.00218676897 0.846399367 1054.45447 0.0657255799 271.574 1 800
0.000128627554 0.914399982 -0.00145413345 0.726700127 1082.77783 0.0821442828 271.811 1 800
3.20963786e-05 0.914399982 -0.000722702615 0.580676615 1116.2356 0.0998567343 272.049 1 800
-8.18412707e-09 0.914399982 -7.8016762e-10 0.411563605 1152.55713 0.119269252 272.294 1 800
3.17941236e-05 0.914399982 0.000719176834 0.226781651 1189.69702 0.143149227 272.592 1 800
0.000127329866 0.914399982 0.00144672079 0.0331834294 1227.43921 0.175713971 272.993 1 800
0.000287011983 0.914399982 0.00217624136 -0.166205525 1265.45178 0.210108042 273.15 0.930870712 800
0.000509847083 0.914399982 0.00289847388 -0.363221526 1303.89355 0.245699286 273.15 0.639992237 800
0.000798755786 0.914399982 0.00361739139 -0.547579527 1338.99414 0.282060176 273.15 0.441796303 800
0.00116083968 0.914399982 0.00434485961 -0.712596357 1368.56946 0.318692207 273.15 0.340433866 800
0.00159974379 0.914399982 0.00508132568 -0.857361913 1392.79492 0.36975354 273.15 0.278561115 800
0.00211753308 0.914399982 0.00582495707 -0.98104918 1406.36975 0.424321234 273.15 0.237977535 800
0.00271975272 0.914399982 0.00657746412 -1.08347189 1406.42932 0.476520181 273.15 0.209309205 800
0.00340675316 0.914399982 0.00733289967 -1.16518748 1391.41418 0.525634348 273.15 0.189440787 800
0.00419414951 0.914399982 0.00810221109 -1.22583675 1351.19971 0.569778323 273.15 0.175151542 800
0.00509625241 0.914399982 0.00889228885 -1.26907313 1286.33679 0.611163974 273.15 0.163248926 800
0.00610047406 0.914399982 0.00968659439 -1.29951334 1210.15063 0.646413207 273.15 0.153501093 800
0.00721725929 0.914399982 0.0104873709 -1.31640613 1117.25574 0.6745314 273.15 0.146600157 800
0.00842161236 0.914399982 0.0112750257 -1.32254958 999.065186 0.694210291 273.15 0.142144099 800
0.00965428513 0.914399982 0.0120175784 -1.32192075 867.077454 0.704488218 273.15 0.139448524 800
0.0109107177 0.914399982 0.0127191791 -1.31617641 734.815491 0.706395447 273.15 0.139087722 800
0.0121870365 0.914399982 0.0133839173 -1.30699873 610.250122 0.70090282 273.15 0.143828169 800
0.0134799311 0.914399982 0.0140158115 -1.29506254 501.347382 0.688800335 273.15 0.160516128 800
0.0147867318 0.914399982 0.0146184215 -1.28196728 403.901184 0.671098053 273.15 0.201056942 800
0.016105753 0.914399982 0.0151937912 -1.26851094 336.888428 0.648905039 273.15 0.283774465 800
0.0174353865 0.914399982 0.0157441928 -1.2544266 348.323975 0.623211503 273.15 0.261859536 800
0.0187742445 0.914399982 0.0162717597 -1.23986161 383.412506 0.594590485 273.15 0.182868376 800
0.0201210962 0.914399982 0.0167785712 -1.2253561 400.176849 0.563653708 273.15 0.146247596 800
0.0214751029 0.914399982 0.0172659452 -1.21120918 425.927063 0.531423628 273.15 0.130241409 800
0.022835535 0.914399982 0.0177350849 -1.19738722 458.664978 0.498544961 273.15 0.123253144 800
0.0242017369 0.914399982 0.0181871468 -1.1837976 495.647552 0.465205967 273.15 0.120937884 800
0.0255730686 0.914399982 0.0186234001 -1.17047894 531.73114 0.432327598 273.15 0.120782465 800
0.0269490089 0.914399982 0.0190448927 -1.15753675 561.87439 0.401462376 273.15 0.119168639 800
0.0283291553 0.914399982 0.0194524012 -1.14494324 586.445374 0.373147398 273.15 0.11699985 800
0.0297131607 0.914399982 0.0198466051 -1.13263547 605.856506 0.347298026 273.15 0.115969211 800
0.0311006962 0.914399982 0.020228198 -1.12057602 620.668396 0.32461971 273.15 0.115785278 800
0.0324914619 0.914399982 0.020597845 -1.10877502 633.632568 0.304023176 273.15 0.116626263 800
0.0338851739 0.914399982 0.0209562226 -1.09730434 644.360535 0.285059273 273.15 0.11830657 800
0.0352815876 0.914399982 0.0213039246 -1.08621395 650.929565 0.267402023 273.15 0.120433874 800
0.0366805184 0.914399982 0.0216413566 -1.07546389 654.273621 0.251107156 273.15 0.123082697 800
0.0380818015 0.914399982 0.0219688835 -1.06499493 656.85614 0.236171916 273.15 0.126640871 800
0.0394852649 0.914399982 0.0222869376 -1.0547986 659.65802 0.222358286 273.15 0.131355077 800
0.0408907416 0.914399982 0.0225959739 -1.04484034 661.78125 0.209453866 273.15 0.137222335 800
0.0422980875 0.914399982 0.0228963829 -1.03522122 662.180603 0.197456673 273.15 0.144226015 800
0.0437071758 0.914399982 0.02318851 -1.02563679 661.034119 0.186448008 273.15 0.152602017 800
0.0451179004 0.914399982 0.0234726299 -1.01512492 658.968018 0.178046569 273.15 0.162714809 800
0.0465301623 0.914399982 0.0237490072 -1.00470603 656.373596 0.170691073 273.15 0.174973398 800
0.0479438761 0.914399982 0.0240178595 -0.996342182 653.759155 0.163671091 273.15 0.190118521 800
0.0493589461 0.914399982 0.0242794793 -0.988665581 651.442383 0.156972721 273.15 0.209279701 800
0.0507752826 0.914399982 0.0245341536 -0.980570078 649.694397 0.150585458 273.15 0.234206855 800
0.0521928037 0.914399982 0.0247821493 -0.972495079 648.454895 0.144520953 273.15 0.267708272 800
0.053611457 0.914399982 0.0250235848 -0.96418047 647.103394 0.138739035 273.15 0.314517021 800
0.0550311681 0.914399982 0.0252587197 -0.956368148 646.24939 0.133178741 273.15 0.384602189 800
0.0564518876 0.914399982 0.025487683 -0.948960662 657.089539 0.127817705 273.15 0.508645594 800
0.0578735603 0.914399982 0.0257106511 -0.941360235 692.676636 0.12262547 273.15 0.78720212 800
0.0592961273 0.914399982 0.0259278406 -0.93386358 685.205444 0.117615007 273.15 0.954677343 800
0.0607195509 0.914399982 0.026139343 -0.926492393 645.756226 0.112789102 273.15 0.986324072 800
0.0621437714 0.914399982 0.026345411 -0.919248343 635.826172 0.10813345 273.15 0.988906324 800
0.063568751 0.914399982 0.0265461631 -0.912144721 631.298218 0.103619404 273.15 0.992462218 800
0.064994453 0.914399982 0.0267417178 -0.905163527 627.745789 0.0992148444 273.15 0.996385813 800
0.066420846 0.914399982 0.0269321681 -0.898284733 624.479431 0.0949371904 273.136 1 800
0.0678478935 0.914399982 0.0271176497 -0.891503036 621.401978 0.0908056051 273.033 1 800
0.0692755612 0.914399982 0.0272982955 -0.884824216 618.541443 0.0868169814 272.932 1 800
0.0707038184 0.914399982 0.0274742205 -0.878249705 615.929626 0.0829749554 272.833 1 800
0.0721326342 0.914399982 0.0276455485 -0.871777892 613.464844 0.079226397 272.736 1 800
0.0735619812 0.914399982 0.0278123874 -0.865408838 611.060242 0.0759950504 272.652 1 800
0.0749918329 0.914399982 0.0279748443 -0.859140158 608.711121 0.0734269097 272.586 1 800
0.076422167 0.914399982 0.028132998 -0.852965057 606.401001 0.070864208 272.52 1 800
0.0778529609 0.914399982 0.0282869361 -0.846873343 604.131042 0.0683148727 272.454 1 800
0.0792841958 0.914399982 0.0284367182 -0.840854645 601.903198 0.0657638982 272.387 1 800
0.0807158493 0.914399982 0.0285824455 -0.83489573 599.735779 0.0632165372 272.32 1 800
0.0821479085 0.914399982 0.0287241284 -0.829009473 597.649963 0.0606694929 272.252 1 800
0.0835803295 0.914399982 0.0288621061 -0.82322073 595.605957 0.0580997355 272.183 1 800
0.085013118 0.914399982 0.028996215 -0.817545295 593.565491 0.0555107854 272.113 1 800
0.0864462491 0.914399982 0.029126612 -0.811916649 591.530212 0.0529209897 272.042 1 800
0.0878797114 0.914399982 0.0292533156 -0.806540191 589.501831 0.0503420942 271.972 1 800
0.0893124563 0.914399982 0.0293763726 -0.801323056 587.485779 0.0477852561 271.901 1 800
0.0908171694 0.914399982 0.0295016658 -0.795569777 585.486877 0.0452624708 271.831 1 800
0.0923974449 0.914399982 0.029629238 -0.789577365 583.505432 0.0427735671 271.761 1 800
0.0940570855 0.914399982 0.0297587638 -0.783460975 581.541687 0.0403222404 271.692 1 800
0.0958000717 0.914399982 0.0298900254 -0.776321054 579.594482 0.0378063768 271.62 1 800
0.0976305922 0.914399982 0.0300226413 -0.769473433 577.664368 0.0354083255 271.552 1 800
0.0995530378 0.914399982 0.0301562624 -0.763208687 575.749817 0.0341781415 271.518 1 800
0.101572004 0.914399982 0.0302907139 -0.756299555 573.851074 0.0329237916 271.482 1 800
0.103692349 0.914399982 0.0304252619 -0.749051809 571.970581 0.0316419974 271.446 1 800
0.105919135 0.914399982 0.0305597031 -0.741495609 570.117676 0.0303415265 271.409 1 800
0.108257701 0.914399982 0.0306933597 -0.732926786 568.291138 0.0290235076 271.372 1 800
0.110713646 0.914399982 0.0308255783 -0.724371672 566.487732 0.0276881009 271.333 1 800
0.113292837 0.914399982 0.0309558151 -0.716861606 564.762939 0.0263289008 271.294 1 800
0.115868178 0.914399982 0.0310772345 -0.709001303 562.447449 0.0249378011 271.254 1 800
0.118443899 0.914399982 0.0311902827 -0.700779498 560.0177 0.0235439651 271.214 1 800
0.121019967 0.914399982 0.0312951718 -0.692780852 558.125427 0.0221142843 271.172 1 800
0.123596345 0.914399982 0.0313921188 -0.684879482 556.207947 0.0206184816 271.127 1 800
0.126173003 0.914399982 0.0314813059 -0.677084386 554.274414 0.019087635 271.081 1 800
0.128749911 0.914399982 0.0315629617 -0.669387043 552.247742 0.0175306443 271.034 1 800
0.131327042 0.914399982 0.0316372545 -0.661785424 550.099365 0.0159533303 270.986 1 800
0.13390437 0.914399982 0.0317043525 -0.654279888 547.851807 0.014350581 270.937 1 800
0.136481871 0.914399982 0.0317644283 -0.646870196 545.483337 0.0127654141 270.889 1 800
0.139059525 0.914399982 0.031817584 -0.639558375 542.97052 0.0111621805 270.839 1 800
0.141637309 0.914399982 0.0318639853 -0.632368147 540.419678 0.00928202737 270.78 1 800
0.144215202 0.914399982 0.0319038691 -0.625440657 537.821716 0.00840691291 270.753 1 800
0.146793186 0.914399982 0.031937372 -0.618330181 535.144409 0.00795234181 270.739 1 800
0.149371244 0.914399982 0.0319645981 -0.610714018 532.557373 0.00748392148 270.724 1 800
0.15194936 0.914399982 0.0319855684 -0.603230834 529.993225 0.00701082917 270.71 1 800
0.154527518 0.914399982 0.0320005731 -0.596427441 527.438049 0.00653575687 270.695 1 800
0.157105703 0.914399982 0.032009777 -0.590221643 524.909607 0.00605701655 270.68 1 800
0.159683902 0.914399982 0.0320131373 -0.584005892 522.436035 0.0055751903 270.665 1 800
0.162262103 0.914399982 0.0320108359 -0.576820612 519.958374 0.0050912383 270.649 1 800
0.164840292 0.914399982 0.032003077 -0.569398403 517.286804 0.00460459618 270.634 1 800
0.16741846 0.914399982 0.0319898652 -0.56328398 514.471741 0.00411134306 270.618 1 800
0.169996595 0.914399982 0.0319712932 -0.557256341 511.954254 0.0036194257 270.602 1 800
0.172574688 0.914399982 0.0319476332 -0.550725639 510.018524 0.00313232024 270.586 1 800
0.175152728 0.914399982 0.0319187767 -0.544374287 508.636444 0.00261275843 270.568 1 800
0.177730707 0.914399982 0.0318849457 -0.538069725 507.419128 0.00203982973 270.548 1 800
0.180308619 0.914399982 0.0318462868 -0.531852603 505.877502 0.00136574905 270.525 1 800
0.182886452 0.914399982 0.0318026742 -0.525717854 503.998169 0.000653303345 270.5 1 800
0.185464202 0.914399982 0.0317544544 -0.51979965 501.884003 0.000622747466 270.499 1 800
0.188041861 0.914399982 0.0317015621 -0.513419867 499.702301 0.000592438446 270.498 1 800
0.190619423 0.914399982 0.0316441414 -0.506790698 497.649872 0.000560984539 270.497 1 800
0.193196883 0.914399982 0.031582296 -0.501152813 495.693359 0.000528563571 270.496 1 800
0.195774232 0.914399982 0.0315160055 -0.495623171 493.717102 0.00049540872 270.495 1 800
0.198351471 0.914399982 0.0314455328 -0.489740491 491.710632 0.000460717973 270.494 1 800
0.200928586 0.914399982 0.0313706944 -0.484071791 489.75238 0.000424671627 270.493 1 800
0.203505582 0.914399982 0.0312918604 -0.478143126 487.769287 0.000387573091 270.491 1 800
0.206082447 0.914399982 0.0312088442 -0.47202599 485.767365 0.000348274945 270.49 1 800
0.208659183 0.914399982 0.0311219381 -0.466394424 483.828949 0.000304055517 270.488 1 800
0.211235781 0.914399982 0.0310310196 -0.460860133 481.887817 0.000249027129 270.486 1 800
0.213812243 0.914399982 0.0309363212 -0.455248773 479.969086 0.000181958007 270.484 1 800
0.216388561 0.914399982 0.0308377791 -0.449783683 478.11438 0.000109667038 270.481 1 800
0.218964735 0.914399982 0.0307355713 -0.444241256 476.277618 3.36636549e-05 270.479 1 800
0.221540761 0.914399982 0.0306296625 -0.438685387 474.493622 0 270.477 0 800
0.224116638 0.914399982 0.0305202144 -0.433196783 472.749878 0 270.477 0 800
0.226692361 0.914399982 0.0304071745 -0.427774787 471.049408 0 270.477 0 800
0.229267931 0.914399982 0.0302907237 -0.422451645 469.398285 0 270.477 0 800
0.231843342 0.914399982 0.0301707915 -0.417306751 467.786011 0 270.477 0 800
0.234418597 0.914399982 0.0300475797 -0.412144125 466.22348 0 270.477 0 800
0.236993689 0.914399982 0.0299209855 -0.406704813 464.689972 0 270.477 0 800
0.239568624 0.914399982 0.0297912424 -0.401145279 463.19458 0 270.477 0 800
0.242143391 0.914399982 0.0296581954 -0.395867109 461.733398 0 270.477 0 800
0.244717998 0.914399982 0.0295221146 -0.390836209 460.282288 0 270.477 0 800
0.247292435 0.914399982 0.0293828288 -0.385829836 459.051331 0 270.477 0 800
0.24986671 0.914399982 0.0292405987 -0.380952507 459.497467 0 270.477 0 800
0.252440814 0.914399982 0.0290952986 -0.376006186 458.668213 0 270.477 0 800
0.255014754 0.914399982 0.0289471127 -0.370952815 455.731628 0 270.477 0 800
0.257588522 0.914399982 0.0287959881 -0.365956217 453.770782 0 270.477 0 800
0.260162123 0.914399982 0.0286420252 -0.360984325 452.254883 0 270.477 0 800
0.262735553 0.914399982 0.0284852469 -0.356042713 450.801666 0 270.477 0 800
0.265308812 0.914399982 0.0283256815 -0.351129055 449.185944 0 270.477 0 800
0.267881903 0.914399982 0.0281634281 -0.34624368 447.3992 0 270.477 0 800
0.27045482 0.914399982 0.0279984376 -0.341382772 446.274139 0 270.477 0 800
0.273027571 0.914399982 0.0278308701 -0.336542577 456.35498 0 270.477 0 800
0.275600144 0.914399982 0.0276606079 -0.331692755 472.211456 0 270.477 0 800
0.278172552 0.914399982 0.02748786 -0.326819897 478.838287 0 270.477 0 800
0.280744782 0.914399982 0.0273124906 -0.322012991 479.44632 0 270.477 0 800
0.283316846 0.914399982 0.0271346928 -0.317315012 462.966705 0 270.477 0 800
0.285888735 0.914399982 0.0269543875 -0.312655926 443.913208 0 270.477 0 800
0.288460455 0.914399982 0.0267716903 -0.308009177 439.632263 0 270.477 0 800
0.291032003 0.914399982 0.0265865738 -0.303381622 437.580719 0 270.477 0 800
0.29360338 0.914399982 0.026399104 -0.298769712 435.902039 0 270.477 0 800
0.296174586 0.914399982 0.0262093064 -0.29417631 434.196594 0 270.477 0 800
0.29874562 0.914399982 0.0260171953 -0.289601147 432.595612 0 270.477 0 800
0.301316486 0.914399982 0.0258228425 -0.285044968 431.086578 0 270.477 0 800
0.303887178 0.914399982 0.0256262152 -0.280507356 429.642334 0 270.477 0 800
0.306457704 0.914399982 0.0254274166 -0.275988132 428.241852 0 270.477 0 800
0.309028056 0.914399982 0.025226386 -0.271486849 426.884888 0 270.477 0 800
0.311598243 0.914399982 0.0250232499 -0.26700297 425.557739 0 270.477 0 800
0.314168256 0.914399982 0.0248179235 -0.262535959 424.260406 0 270.477 0 800
0.316738104 0.914399982 0.0246105535 -0.258085519 422.992828 0 270.477 0 800
0.319307779 0.914399982 0.0244010446 -0.253650606 421.750977 0 270.477 0 800
0.32187729 0.914399982 0.0241895324 -0.249229595 420.534607 0 270.477 0 800
0.324446629 0.914399982 0.0239759379 -0.244820878 419.341858 0 270.477 0 800
0.327015803 0.914399982 0.0237603734 -0.240423128 418.172852 0 270.477 0 800
0.329584806 0.914399982 0.0235427819 -0.236036122 417.023773 0 270.477 0 800
0.332153644 0.914399982 0.0233232546 -0.231659323 415.893311 0 270.477 0 800
0.334722314 0.914399982 0.0231017543 -0.227291375 414.778656 0 270.477 0 800
0.337290817 0.914399982 0.0228783444 -0.222929627 413.683533 0 270.477 0 800
0.339859154 0.914399982 0.0226530243 -0.218569085 412.599884 0 270.477 0 800
0.342427324 0.914399982 0.0224258003 -0.214204431 411.530945 0 270.477 0 800
0.344995329 0.914399982 0.0221967295 -0.209821552 410.473846 0 270.477 0 800
0.347563164 0.914399982 0.0219657647 -0.205436915 409.427338 0 270.477 0 800
0.350130838 0.914399982 0.0217330137 -0.201108187 408.390472 0 270.477 0 800
0.352698341 0.914399982 0.0214983804 -0.196831539 407.360199 0 270.477 0 800
0.355265681 0.914399982 0.0212619755 -0.192355826 406.338318 0 270.477 0 800
0.357832846 0.914399982 0.0210236648 -0.187778696 405.320496 0 270.477 0 800
0.360399856 0.914399982 0.020783702 -0.183564976 404.307037 0 270.477 0 800
0.362966707 0.914399982 0.0205420412 -0.179440483 403.312225 0 270.477 0 800
0.365533374 0.914399982 0.0202984401 -0.175156221 402.287292 0 270.477 0 800
0.368099885 0.914399982 0.0200531987 -0.170873299 401.249207 0 270.477 0 800
0.37066624 0.914399982 0.0198063264 -0.166580707 400.243622 0 270.477 0 800
0.373232409 0.914399982 0.0195575285 -0.162275717 399.238159 0 270.477 0 800
0.375798423 0.914399982 0.0193071313 -0.157964617 398.227264 0 270.477 0 800
0.378364279 0.914399982 0.019055128 -0.153652668 397.214142 0 270.477 0 800
0.38092995 0.914399982 0.0188012431 -0.149330258 396.194305 0 270.477 0 800
0.383495464 0.914399982 0.0185457892 -0.145000875 395.16803 0 270.477 0 800
0.386060815 0.914399982 0.0182886908 -0.140668109 394.418732 0 270.477 0 800
0.388625987 0.914399982 0.0180298195 -0.136326179 393.09903 0 270.477 0 800
0.391191004 0.914399982 0.0177694106 -0.131976351 391.779633 0 270.477 0 800
0.393755845 0.914399982 0.017507271 -0.127617702 391.009003 0 270.477 0 800
0.396320517 0.914399982 0.0172434929 -0.123248592 389.950439 0 270.477 0 800
0.39888503 0.914399982 0.0169781651 -0.118869819 388.92984 0 270.477 0 800
0.401449356 0.914399982 0.016711047 -0.114477292 387.911102 0 270.477 0 800
0.404013528 0.914399982 0.0164424431 -0.110071316 386.845001 0 270.477 0 800
0.406577516 0.914399982 0.0161720962 -0.105651386 385.795837 0 270.477 0 800
0.409141339 0.914399982 0.0159001827 -0.101215996 384.759644 0 270.477 0 800
0.41170499 0.914399982 0.0156266566 -0.0967660099 383.67981 0 270.477 0 800
0.414268464 0.914399982 0.015351477 -0.0922987163 382.613831 0 270.477 0 800
0.416831768 0.914399982 0.0150747174 -0.0878129303 381.557159 0 270.477 0 800
0.419394891 0.914399982 0.0147962876 -0.0833081529 380.467712 0 270.477 0 800
0.421957846 0.914399982 0.0145163095 -0.0787834153 379.4021 0 270.477 0 800
0.424520615 0.914399982 0.0142346401 -0.0742376149 378.318542 0 270.477 0 800
0.427083212 0.914399982 0.0139514141 -0.0696699545 377.213776 0 270.477 0 800
0.429645627 0.914399982 0.0136665334 -0.0650786906 376.146057 0 270.477 0 800
0.432207861 0.914399982 0.0133800351 -0.0604621917 375.049042 0 270.477 0 800
0.434769915 0.914399982 0.0130919408 -0.0558203608 373.947815 0 270.477 0 800
0.437331782 0.914399982 0.0128021761 -0.051152315 372.845764 0 270.477 0 800
0.439893474 0.914399982 0.0125108748 -0.0464568213 371.728088 0 270.477 0 800
0.442454967 0.914399982 0.0122178211 -0.0417307168 370.634338 0 270.477 0 800
0.445016278 0.914399982 0.0119231912 -0.0369744003 369.519257 0 270.477 0 800
0.447577404 0.914399982 0.011626955 -0.0321884677 368.394287 0 270.477 0 800
0.45013833 0.914399982 0.0113289909 -0.0273689553 367.268127 0 270.477 0 800
0.452699069 0.914399982 0.0110294258 -0.0225167461 366.129883 0 270.477 0 800
0.455259619 0.914399982 0.0107282484 -0.0176321957 365.34317 0 270.477 0 800
0.457819962 0.914399982 0.0104253199 -0.0127106216 363.831665 0 270.477 0 800
0.460380109 0.914399982 0.0101207367 -0.00775193051 362.272156 0 270.477 0 800
0.462940061 0.914399982 0.00981451781 -0.00275849202 361.422668 0 270.477 0 800
0.46549981 0.914399982 0.00950660895 0.00227112509 360.258118 0 270.477 0 800
0.468059357 0.914399982 0.00919701723 0.00733929174 359.070557 0 270.477 0 800
0.47061869 0.914399982 0.0088856712 0.0124473162 357.864319 0 270.477 0 800
0.473177816 0.914399982 0.0085726292 0.0175946746 356.651947 0 270.477 0 800
0.475736732 0.914399982 0.00825786855 0.0227804855 355.41156 0 270.477 0 800
0.478295434 0.914399982 0.00794137496 0.0280050114 354.167725 0 270.477 0 800
0.480853921 0.914399982 0.00762314525 0.033267986 352.891205 0 270.477 0 800
0.483412189 0.914399982 0.00730316753 0.0385691337 351.578766 0 270.477 0 800
0.485970238 0.914399982 0.00698143863 0.0439086817 350.280487 0 270.477 0 800
0.488528057 0.914399982 0.00665788786 0.049286779 348.937347 0 270.477 0 800
0.491085649 0.914399982 0.0063325434 0.0547024123 347.541382 0 270.477 0 800
0.493643014 0.914399982 0.00600542351 0.0601534508 346.139221 0 270.477 0 800
0.496200149 0.914399982 0.0056765146 0.0656394586 344.70929 0 270.477 0 800
0.498757039 0.914399982 0.00534570177 0.0711606145 343.229614 0 270.477 0 800
0.501313699 0.914399982 0.00501311406 0.0767155662 341.709076 0 270.477 0 800
0.503870103 0.914399982 0.00467856306 0.0823027268 340.150421 0 270.477 0 800
0.50642627 0.914399982 0.0043422108 0.0879203752 338.555206 0 270.477 0 800
0.508982184 0.914399982 0.0040039379 0.0935636386 336.914551 0 270.477 0 800
0.511537855 0.914399982 0.00366384071 0.0992331505 335.217468 0 270.477 0 800
0.514093255 0.914399982 0.00332170415 0.104922794 333.46814 0 270.477 0 800
0.516648403 0.914399982 0.00297770244 0.110637523 331.65979 0 270.477 0 800
0.519203289 0.914399982 0.00263174854 0.116353154 329.779572 0 270.477 0 800
0.521757904 0.914399982 0.00228380711 0.122094125 327.83371 0 270.477 0 800
0.524312244 0.914399982 0.00193384576 0.127778098 325.823975 0 270.477 0 800
0.526866315 0.914399982 0.00158192817 0.133411393 323.726074 0 270.477 0 800
0.52942009 0.914399982 0.00122787388 0.138040081 321.526825 0 270.477 0 800
0.531069981 0.914399982 0.000998093031 0.141670078 319.240723 0 270.477 0 800
0.532101091 0.914399982 0.000853961954 0.143584982 316.84436 0 270.477 0 800
0.532745525 0.914399982 0.000763814193 0.144108891 314.324493 0 270.477 0 800
0.533148284 0.914399982 0.000707382481 0.144281775 311.691345 0 270.477 0 800
0.533400004 0.914399982 0.000672085901 0.140992299 308.910461 0 270.477 0 800
0.533400001 0.914399982 0.000582474699 0.133648947 305.957184 0 270.477 0 800
0.533399997 0.914399982 0.000492863497 0.137768522 302.838776 0 270.477 0 800
0.533399993 0.914399982 0.000403252296 0.137671769 299.554047 0 270.477 0 800
0.533399989 0.914399982 0.000313641094 0.138662681 296.043427 0 270.477 0 800
0.533399987 0.914399982 0.000224029892 0.139365599 292.277557 0 270.477 0 800
0.533399989 0.914399982 0.000134418691 0.140064493 288.24469 0 270.477 0 800
0.53339999 0.914399982 4.48074889e-05 0.140482619 283.87851 0 270.477 0 800
0.533399991 0.914399982 -4.48037127e-05 0.140569583 279.483734 0 270.477 0 800
0.533399993 0.914399982 -0.000134414914 0.140322626 275.982025 0 270.477 0 800
0.533399994 0.914399982 -0.000224026116 0.139632747 273.771912 0 270.477 0 800
0.533399998 0.914399982 -0.000313637317 0.138982832 273.567108 0 270.477 0 800
0.533400005 0.914399982 -0.000403248519 0.137475193 276.224426 0 270.477 0 800
0.533400012 0.914399982 -0.00049285972 0.138106555 297.263 0 270.477 0 800
0.533400018 0.914399982 -0.00058247092 0.130735666 282.117615 0 270.477 0 800

ZONE T="SLICE_Y_0p9144_BINS15_KS_0p5mm_CUTDATA"
0.533400018 0.914399982 -0.00058247092 0.130735666 157.869598 0 270.477 0 800
0.533400004 0.914399982 -0.000672082119 0.143050954 164.929733 0 270.477 0 800
0.533148466 0.914399982 -0.000707354403 0.147099599 180.712479 0 270.477 0 800
0.532745998 0.914399982 -0.000763745625 0.145698696 190.822479 0 270.477 0 800
0.53210203 0.914399982 -0.000853827126 0.144994646 200.822006 0 270.477 0 800
0.531071666 0.914399982 -0.00099785339 0.142481029 203.443604 0 270.477 0 800
0.529422969 0.914399982 -0.00122746797 0.138313934 199.668167 0 270.477 0 800
0.526873095 0.914399982 -0.00158098831 0.133275494 195.183578 0 270.477 0 800
0.524322926 0.914399982 -0.00193237185 0.127455518 189.727661 0 270.477 0 800
0.521772489 0.914399982 -0.0022818114 0.121918604 178.542496 0 270.477 0 800
0.519221778 0.914399982 -0.00262923523 0.11659202 161.757629 0 270.477 0 800
0.516670797 0.914399982 -0.0029746773 0.111534767 141.138336 0 270.477 0 800
0.514119553 0.914399982 -0.00331817313 0.106683798 114.139648 0 270.477 0 800
0.511568058 0.914399982 -0.00365979377 0.102040984 128.422501 0 270.477 0 800
0.509016294 0.914399982 -0.00399940552 0.0975838751 128.422501 0 270.477 0 800
0.506464287 0.914399982 -0.00433718384 0.0933021381 210.105042 0 270.477 0 800
0.50391203 0.914399982 -0.00467306469 0.0891818851 197.564346 0 270.477 0 800
0.501359535 0.914399982 -0.00500713669 0.0852180272 167.011215 0 270.477 0 800
0.498806784 0.914399982 -0.00533924521 0.081400767 158.133194 0 270.477 0 800
0.496253803 0.914399982 -0.00566957616 0.0777173191 156.397095 0 270.477 0 800
0.49370058 0.914399982 -0.00599804175 0.074158892 157.968246 0 270.477 0 800
0.491147126 0.914399982 -0.00632469778 0.0707168728 161.737015 0 270.477 0 800
0.488593446 0.914399982 -0.00664958131 0.067382805 167.047272 0 270.477 0 800
0.48603954 0.914399982 -0.00697269046 0.0641525984 172.755936 0 270.477 0 800
0.483485406 0.914399982 -0.00729398822 0.0610221364 178.396362 0 270.477 0 800
0.480931051 0.914399982 -0.00761352572 0.0579839237 183.899017 0 270.477 0 800
0.478376479 0.914399982 -0.00793132724 0.0550314859 189.244644 0 270.477 0 800
0.475821692 0.914399982 -0.00824739351 0.0521608591 194.419876 0 270.477 0 800
0.473266692 0.914399982 -0.00856172802 0.0493677408 199.435425 0 270.477 0 800
0.470711482 0.914399982 -0.00887435928 0.0466484576 204.296082 0 270.477 0 800
0.468156063 0.914399982 -0.00918526844 0.0440011285 209.014999 0 270.477 0 800
0.465600434 0.914399982 -0.00949445508 0.0414224416 213.589935 0 270.477 0 800
0.463044603 0.914399982 -0.00980196434 0.0389072783 218.036041 0 270.477 0 800
0.460488571 0.914399982 -0.0101077948 0.0364503413 222.347 0 270.477 0 800
0.457932344 0.914399982 -0.0104119964 0.0340503752 226.537842 0 270.477 0 800
0.455375917 0.914399982 -0.0107145051 0.0317106359 230.612656 0 270.477 0 800
0.452819289 0.914399982 -0.0110153132 0.029427221 234.559479 0 270.477 0 800
0.450262471 0.914399982 -0.0113145094 0.0271910578 238.399628 0 270.477 0 800
0.447705468 0.914399982 -0.0116121166 0.0250041727 242.165161 0 270.477 0 800
0.44514826 0.914399982 -0.01190795 0.0228664968 245.832733 0 270.477 0 800
0.442590872 0.914399982 -0.0122022341 0.0207696781 249.384644 0 270.477 0 800
0.440033299 0.914399982 -0.0124948975 0.0187132023 252.846497 0 270.477 0 800
0.437475532 0.914399982 -0.0127858649 0.0166958906 256.226135 0 270.477 0 800
0.434917592 0.914399982 -0.0130753062 0.0147142196 259.519714 0 270.477 0 800
0.432359457 0.914399982 -0.01336302 0.0127647314 262.730499 0 270.477 0 800
0.42980115 0.914399982 -0.0136492021 0.0108398413 265.874176 0 270.477 0 800
0.427242658 0.914399982 -0.013933718 0.00892991107 268.949982 0 270.477 0 800
0.424683989 0.914399982 -0.0142166417 0.00702227838 271.956848 0 270.477 0 800
0.422125141 0.914399982 -0.0144979481 0.00517276023 274.882416 0 270.477 0 800
0.419566117 0.914399982 -0.0147776435 0.00334951188 277.741699 0 270.477 0 800
0.417006917 0.914399982 -0.0150557235 0.00153657189 280.570312 0 270.477 0 800
0.414447544 0.914399982 -0.0153322065 -0.000214122934 283.330811 0 270.477 0 800
0.411887994 0.914399982 -0.0156070442 -0.00193263439 286.016174 0 270.477 0 800
0.409328275 0.914399982 -0.0158803148 -0.00362411793 288.678864 0 270.477 0 800
0.406768377 0.914399982 -0.0161518946 -0.00529484311 291.28302 0 270.477 0 800
0.404208323 0.914399982 -0.0164219968 -0.00694267778 293.824127 0 270.477 0 800
0.401648078 0.914399982 -0.0166902858 -0.00856601354 296.34549 0 270.477 0 800
0.399087677 0.914399982 -0.0169570843 -0.0101694437 298.817566 0 270.477 0 800
0.396527101 0.914399982 -0.0172221887 -0.0117530758 301.245605 0 270.477 0 800
0.393966355 0.914399982 -0.0174856599 -0.013320839 303.636536 0 270.477 0 800
0.391405453 0.914399982 -0.0177475985 -0.0148684094 305.9935 0 270.477 0 800
0.388844364 0.914399982 -0.0180077128 -0.016393479 308.301117 0 270.477 0 800
0.386283121 0.914399982 -0.0182662943 -0.0179037787 310.568176 0 270.477 0 800
0.383721709 0.914399982 -0.0185232101 -0.0193964709 312.828339 0 270.477 0 800
0.381160124 0.914399982 -0.0187783802 -0.0208723824 315.05661 0 270.477 0 800
0.378598383 0.914399982 -0.0190319891 -0.0223341323 317.256348 0 270.477 0 800
0.376036469 0.914399982 -0.01928384 -0.0237766746 319.428528 0 270.477 0 800
0.373474386 0.914399982 -0.0195339749 -0.0252052918 321.585388 0 270.477 0 800
0.370912148 0.914399982 -0.0197825124 -0.0266218316 323.708313 0 270.477 0 800
0.368349737 0.914399982 -0.0200292581 -0.0280184466 325.805786 0 270.477 0 800
0.365787158 0.914399982 -0.020274252 -0.0294020455 327.893463 0 270.477 0 800
0.363224424 0.914399982 -0.0205176118 -0.0307805613 329.941711 0 270.477 0 800
0.360661519 0.914399982 -0.0207591794 -0.0321471468 331.993225 0 270.477 0 800
0.358098443 0.914399982 -0.020998914 -0.0335129015 334.0159 0 270.477 0 800
0.35553521 0.914399982 -0.0212369703 -0.0349025279 336.011932 0 270.477 0 800
0.352971818 0.914399982 -0.021473304 -0.036250677 338.0112 0 270.477 0 800
0.35040825 0.914399982 -0.0217077242 -0.0375907756 339.969757 0 270.477 0 800
0.347844519 0.914399982 -0.0219403511 -0.0389496572 341.944305 0 270.477 0 800
0.345280622 0.914399982 -0.022171153 -0.040269915 343.899445 0 270.477 0 800
0.342716559 0.914399982 -0.0224000883 -0.0415747128 345.806732 0 270.477 0 800
0.340152332 0.914399982 -0.0226271915 -0.0428645909 347.772491 0 270.477 0 800
0.337587935 0.914399982 -0.0228523647 -0.0441421308 349.716156 0 270.477 0 800
0.335023377 0.914399982 -0.0230756951 -0.0454083569 351.616913 0 270.477 0 800
0.332458647 0.914399982 -0.0232970391 -0.0466641858 353.623077 0 270.477 0 800
0.329893756 0.914399982 -0.0235165074 -0.0479105823 355.704742 0 270.477 0 800
0.327328693 0.914399982 -0.0237339581 -0.0491471924 358.067902 0 270.477 0 800
0.324763467 0.914399982 -0.0239494825 -0.0503741764 361.90448 0 270.477 0 800
0.32219807 0.914399982 -0.0241629526 -0.0515918657 369.847015 0 270.477 0 800
0.319632509 0.914399982 -0.0243744464 -0.052800674 369.249146 0 270.477 0 800
0.317066776 0.914399982 -0.0245838475 -0.0540005118 363.791412 0 270.477 0 800
0.314500879 0.914399982 -0.0247912231 -0.055191271 365.414917 0 270.477 0 800
0.311934809 0.914399982 -0.0249964552 -0.0563731045 367.357208 0 270.477 0 800
0.309368575 0.914399982 -0.0251996226 -0.0575454608 369.123077 0 270.477 0 800
0.306802167 0.914399982 -0.0254005786 -0.0587081574 370.871796 0 270.477 0 800
0.304235595 0.914399982 -0.0255994314 -0.0598606877 372.600891 0 270.477 0 800
0.301668847 0.914399982 -0.0257960025 -0.0610033087 374.322144 0 270.477 0 800
0.299101936 0.914399982 -0.0259904291 -0.0621357113 376.040741 0 270.477 0 800
0.296534849 0.914399982 -0.0261825112 -0.0632572249 377.754822 0 270.477 0 800
0.293967597 0.914399982 -0.026372379 -0.0643683672 379.467072 0 270.477 0 800
0.29140017 0.914399982 -0.0265598687 -0.065468885 381.177643 0 270.477 0 800
0.288832576 0.914399982 -0.0267450536 -0.0665587708 382.887207 0 270.477 0 800
0.286264808 0.914399982 -0.0269278228 -0.0676375851 384.596313 0 270.477 0 800
0.283696871 0.914399982 -0.027108193 -0.0687055364 386.305023 0 270.477 0 800
0.281128764 0.914399982 -0.0272861165 -0.0697620511 388.014648 0 270.477 0 800
0.278560484 0.914399982 -0.0274615405 -0.0708067268 389.729584 0 270.477 0 800
0.275992036 0.914399982 -0.0276344787 -0.0718376637 391.448669 0 270.477 0 800
0.273423413 0.914399982 -0.0278048054 -0.0728544891 393.177307 0 270.477 0 800
0.270854625 0.914399982 -0.0279726101 -0.0738568678 394.915466 0 270.477 0 800
0.268285659 0.914399982 -0.0281376881 -0.0748469755 396.664886 0 270.477 0 800
0.26571653 0.914399982 -0.028300188 -0.0758316517 398.426331 0 270.477 0 800
0.263147224 0.914399982 -0.028459889 -0.0768045112 400.202759 0 270.477 0 800
0.260577754 0.914399982 -0.0286169049 -0.0777835548 401.992798 0 270.477 0 800
0.258008111 0.914399982 -0.028771076 -0.0786937177 403.799347 0 270.477 0 800
0.255438301 0.914399982 -0.028922435 -0.0795654655 405.62262 0 270.477 0 800
0.252868322 0.914399982 -0.0290709003 -0.0806162283 407.46463 0 270.477 0 800
0.250298175 0.914399982 -0.0292164224 -0.0814057887 409.332336 0 270.477 0 800
0.247727863 0.914399982 -0.0293590095 -0.081850417 411.216339 0 270.477 0 800
0.245157382 0.914399982 -0.0294985138 -0.0826405063 413.171234 0 270.477 0 800
0.24258674 0.914399982 -0.0296350232 -0.0835920274 415.163513 0 270.477 0 800
0.240015929 0.914399982 -0.0297683111 -0.0845692679 417.103851 0 270.477 0 800
0.237444962 0.914399982 -0.0298985357 -0.0856532082 419.121124 0 270.477 0 800
0.234873826 0.914399982 -0.0300254017 -0.0865266472 421.235779 0 270.477 0 800
0.232302536 0.914399982 -0.0301491055 -0.0872997046 423.355194 0 270.477 0 800
0.229731084 0.914399982 -0.0302693739 -0.0880378336 425.522461 0 270.477 0 800
0.227159479 0.914399982 -0.0303863483 -0.0886804312 427.754272 0 270.477 0 800
0.224587715 0.914399982 -0.0304997754 -0.0893127695 430.067871 0 270.477 0 800
0.222015803 0.914399982 -0.0306097783 -0.089937754 432.494568 0 270.477 0 800
0.219443737 0.914399982 -0.0307161302 -0.0904760957 435.095581 0 270.477 0 800
0.216871527 0.914399982 -0.0308189225 -0.0910343975 438.07309 0 270.477 0 800
0.214299169 0.914399982 -0.0309179571 -0.0916729271 442.547058 0 270.477 0 800
0.211726672 0.914399982 -0.0310133087 -0.0922248438 454.439301 0 270.477 0 800
0.209154032 0.914399982 -0.0311047418 -0.0927060768 465.374054 0 270.477 0 800
0.206581261 0.914399982 -0.0311923774 -0.0931625962 475.743835 0 270.477 0 800
0.204008353 0.914399982 -0.0312759312 -0.0935895666 481.72998 0 270.477 0 800
0.201435322 0.914399982 -0.0313555734 -0.0939842835 472.510284 0 270.477 0 800
0.198862163 0.914399982 -0.0314309729 -0.094343394 458.990448 0 270.477 0 800
0.196288888 0.914399982 -0.0315023188 -0.0946642905 453.2323 0 270.477 0 800
0.193715495 0.914399982 -0.0315692775 -0.0949427634 455.434998 0 270.477 0 800
0.191141995 0.914399982 -0.0316319752 -0.0951787457 457.792908 0 270.477 0 800
0.18856839 0.914399982 -0.0316902003 -0.0953699052 460.202454 0 270.477 0 800
0.185994687 0.914399982 -0.0317439251 -0.0955158696 462.672852 0 270.477 0 800
0.183420893 0.914399982 -0.0317931001 -0.0956125483 465.210419 0 270.477 0 800
0.180847013 0.914399982 -0.0318375119 -0.0956590995 467.931641 0 270.477 0 800
0.178273056 0.914399982 -0.0318772494 -0.0956519321 470.718811 0 270.477 0 800
0.175699027 0.914399982 -0.0319120219 -0.0955858082 473.907562 0 270.477 0 800
0.173124936 0.914399982 -0.0319418619 -0.0954657495 480.339783 0 270.477 0 800
0.170550793 0.914399982 -0.0319667045 -0.095282957 496.983276 0 270.477 0 800
0.167976603 0.914399982 -0.0319862563 -0.0950303227 494.960968 0 270.477 0 800
0.16540238 0.914399982 -0.0320006355 -0.0947123617 481.874207 0 270.477 0 800
0.162828132 0.914399982 -0.0320096607 -0.0943189636 484.425812 0 270.477 0 800
0.160253871 0.914399982 -0.032013087 -0.0938500613 487.854065 0 270.477 0 800
0.157679608 0.914399982 -0.0320109843 -0.0933211222 493.945221 0 270.477 0 800
0.155105356 0.914399982 -0.032003214 -0.0927055851 518.219177 0 270.477 0 800
0.152531129 0.914399982 -0.0319894713 -0.0920132995 516.780518 0 270.477 0 800
0.14995694 0.914399982 -0.0319698313 -0.0912873745 496.255615 0 270.477 0 800
0.147382805 0.914399982 -0.0319441416 -0.0905603394 498.768311 0 270.477 0 800
0.144808739 0.914399982 -0.0319122149 -0.0896127671 501.753967 0 270.477 0 800
0.142234762 0.914399982 -0.0318738137 -0.088418439 504.760712 0 270.477 0 800
0.13966089 0.914399982 -0.0318289475 -0.0872595906 507.980957 0 270.477 0 800
0.137087141 0.914399982 -0.0317774731 -0.086051248 511.475067 0 270.477 0 800
0.134513537 0.914399982 -0.0317192024 -0.0847549886 515.736938 0 270.477 0 800
0.1319401 0.914399982 -0.0316539416 -0.0833976865 523.289856 0 270.477 0 800
0.129366857 0.914399982 -0.0315814568 -0.081851162 558.03833 0 270.477 0 800
0.126793831 0.914399982 -0.0315016702 -0.0801246911 557.044739 0 270.477 0 800
0.124221046 0.914399982 -0.0314144146 -0.0782519206 528.361023 0 270.477 0 800
0.121648533 0.914399982 -0.0313195134 -0.0762167946 535.2677 0 270.477 0 800
0.119076322 0.914399982 -0.0312167385 -0.0740253702 560.157837 0 270.477 0 800
0.116504447 0.914399982 -0.0311058819 -0.071669586 580.466064 0 270.477 0 800
0.113932942 0.914399982 -0.0309867291 -0.0691456348 579.329773 0 270.477 0 800
0.11133913 0.914399982 -0.0308579003 -0.0665441528 561.057312 0 270.477 0 800
0.108869255 0.914399982 -0.0307269729 -0.0638367906 545.93512 0 270.477 0 800
0.106517412 0.914399982 -0.0305946177 -0.0610834137 549.555786 0 270.477 0 800
0.104277979 0.914399982 -0.0304613467 -0.0582956597 553.506714 0 270.477 0 800
0.102145596 0.914399982 -0.0303277099 -0.0554966107 557.447754 0 270.477 0 800
0.100115146 0.914399982 -0.030194359 -0.0526947565 561.515076 0 270.477 0 800
0.0981817748 0.914399982 -0.0300615229 -0.0498836599 565.664062 0 270.477 0 800
0.0963408429 0.914399982 -0.0299296901 -0.0470784865 569.905273 0 270.477 0 800
0.0945879312 0.914399982 -0.0297992494 -0.0442953221 574.255737 0 270.477 0 800
0.0929188367 0.914399982 -0.0296704632 -0.0415262617 578.739136 0 270.477 0 800
0.0913295575 0.914399982 -0.0295435479 -0.0387650728 583.42334 0 270.477 0 800
0.0898162795 0.914399982 -0.0294187181 -0.036033988 588.434204 0 270.477 0 800
0.0883753581 0.914399982 -0.0292963007 -0.0331322029 594.255371 0 270.477 0 800
0.0869347508 0.914399982 -0.0291702047 -0.0302336141 602.792908 0 270.477 0 800
0.0854944718 0.914399982 -0.0290404139 -0.0273599289 627.842712 0 270.477 0 800
0.0840545311 0.914399982 -0.0289069213 -0.0243466478 647.525024 0 270.477 0 800
0.0826149498 0.914399982 -0.0287696071 -0.0212398302 639.670654 0 270.477 0 800
0.0811757428 0.914399982 -0.0286284242 -0.0180130117 634.889343 0 270.477 0 800
0.079736934 0.914399982 -0.0284832398 -0.014660893 639.917358 0 270.477 0 800
0.0782985409 0.914399982 -0.028333993 -0.0111762621 645.163391 0 270.477 0 800
0.0768605839 0.914399982 -0.0281806008 -0.00755855488 653.540955 0 270.477 0 800
0.0754230847 0.914399982 -0.0280229761 -0.00380347134 658.836609 0 270.477 0 800
0.0739860657 0.914399982 -0.0278610326 9.15821947e-05 649.413635 0 270.477 0 800
0.07254955 0.914399982 -0.0276946831 0.00413016649 647.934387 0 270.477 0 800
0.0711135632 0.914399982 -0.0275238279 0.00831827894 649.622192 0 270.477 0 800
0.069678133 0.914399982 -0.0273483587 0.0126642734 644.531311 0 270.477 0 800
0.0682432886 0.914399982 -0.0271681618 0.0171777457 648.394531 0 270.477 0 800
0.0668090617 0.914399982 -0.0269831137 0.0218691919 652.356384 0 270.477 0 800
0.0653754852 0.914399982 -0.0267930934 0.0267516449 655.786072 0 270.477 0 800
0.0639425964 0.914399982 -0.026597955 0.0318363458 659.304016 0 270.477 0 800
0.06251043 0.914399982 -0.0263975827 0.0371219702 662.903931 0 270.477 0 800
0.0610790202 0.914399982 -0.0261918761 0.0426013693 666.533081 0 270.477 0 800
0.0596484052 0.914399982 -0.0259807118 0.0482886732 670.251587 0 270.477 0 800
0.0582186391 0.914399982 -0.025763875 0.0542094521 674.054626 0 270.477 0 800
0.0567897668 0.914399982 -0.0255412243 0.0603817925 677.91864 0 270.477 0 800
0.0553618424 0.914399982 -0.0253125729 0.0668231323 681.842224 0 270.477 0 800
0.0539349246 0.914399982 -0.0250777222 0.0735428035 685.834717 0 270.477 0 800
0.0525090615 0.914399982 -0.0248365501 0.0805516616 689.903442 0 270.477 0 800
0.0510843283 0.914399982 -0.0245887908 0.0878528208 694.056702 0 270.477 0 800
0.0496607734 0.914399982 -0.0243343484 0.0954489708 698.303406 0 270.477 0 800
0.0482384817 0.914399982 -0.0240729377 0.103374436 702.684387 0 270.477 0 800
0.0468175398 0.914399982 -0.0238042859 0.111699417 707.234619 0 270.477 0 800
0.0453980457 0.914399982 -0.023528087 0.120474562 711.938232 0 270.477 0 800
0.0439800856 0.914399982 -0.0232441178 0.129706666 716.78064 0 270.477 0 800
0.0425637587 0.914399982 -0.0229521117 0.139371023 721.783508 0 270.477 0 800
0.0411491691 0.914399982 -0.0226518022 0.150440753 726.974976 0 270.477 0 800
0.0397364416 0.914399982 -0.022342852 0.162263557 732.404175 0 270.477 0 800
0.0383257175 0.914399982 -0.0220248787 0.172572657 738.139587 0 270.477 0 800
0.0369171746 0.914399982 -0.0216973784 0.182896286 744.608582 4.36671944e-05 270.478 1 800
0.0355109695 0.914399982 -0.0213599822 0.195063576 753.252258 9.54719071e-05 270.48 1 800
0.0341072749 0.914399982 -0.0210122889 0.208341509 771.70697 0.000148627936 270.481 1 800
0.0327062875 0.914399982 -0.0206538428 0.222251877 778.656982 0.000203623305 270.482 1 800
0.0313082232 0.914399982 -0.02028416 0.236823857 787.561646 0.000259610621 270.483 1 800
0.0299133791 0.914399982 -0.0199025065 0.252244204 799.186279 0.000316326361 270.484 1 800
0.0285220582 0.914399982 -0.0195082032 0.268730521 803.364319 0.000374037772 270.486 1 800
0.0271345876 0.914399982 -0.0191005583 0.286424518 837.846191 0.000432713801 270.486 1 800
0.0257513186 0.914399982 -0.0186788765 0.305367529 838.257935 0.000603766646 270.49 1 800
0.0243726298 0.914399982 -0.0182424523 0.325452894 806.742126 0.000846192881 270.496 1 800
0.0229990677 0.914399982 -0.0177901514 0.346750915 804.525146 0.00109342311 270.501 1 800
0.0216312253 0.914399982 -0.0173208367 0.369566202 810.044861 0.00134907977 270.507 1 800
0.0202698272 0.914399982 -0.0168331443 0.394139826 815.421204 0.001610926 270.512 1 800
0.0189155406 0.914399982 -0.0163260384 0.42070955 821.438354 0.00187931536 270.518 1 800
0.0175692503 0.914399982 -0.0157980695 0.449492484 827.617859 0.00215343246 270.523 1 800
0.0162321003 0.914399982 -0.015247362 0.480480731 833.934875 0.00257229502 270.532 1 800
0.0149055813 0.914399982 -0.0146715184 0.514105558 840.592224 0.00335342879 270.547 1 800
0.0135911841 0.914399982 -0.0140685188 0.550847054 847.631592 0.00416542729 270.564 1 800
0.0122907103 0.914399982 -0.0134360502 0.590646863 855.046936 0.00501709664 270.58 1 800
0.0110067088 0.914399982 -0.0127707766 0.633939803 862.788696 0.00590348523 270.598 1 800
0.00974255726 0.914399982 -0.0120685174 0.681448638 870.98175 0.00694516674 270.618 1 800
0.00850202803 0.914399982 -0.0113253253 0.733038545 879.922485 0.00850308966 270.647 1 800
0.00728978378 0.914399982 -0.0105368381 0.787293911 889.601624 0.0101376483 270.678 1 800
0.00616084497 0.914399982 -0.00973202403 0.843176067 899.741516 0.0120772654 270.713 1 800
0.00514277206 0.914399982 -0.00893097999 0.898147166 909.900452 0.0142923081 270.754 1 800
0.00422996971 0.914399982 -0.00813515341 0.948616147 920.13092 0.0170784537 270.804 1 800
0.00343643316 0.914399982 -0.00736356438 0.992527783 931.209229 0.0201818105 270.859 1 800
0.00274285069 0.914399982 -0.00660441773 1.02668977 943.885376 0.0240339451 270.925 1 800
0.00213648818 0.914399982 -0.00585018865 1.04852176 958.112732 0.0283350144 270.998 1 800
0.00161211138 0.914399982 -0.00510044783 1.05377543 973.315125 0.033860676 271.089 1 800
0.00116988774 0.914399982 -0.00436125254 1.03825438 989.379456 0.0400896817 271.19 1 800
0.000805392804 0.914399982 -0.00363199488 1.00064147 1007.6991 0.047808934 271.312 1 800
0.00051469137 0.914399982 -0.00291212333 0.937591672 1029.55933 0.0568463765 271.449 1 800
0.000289792079 0.914399982 -0.00218676897 0.846399367 1054.45447 0.0684099421 271.619 1 800
0.000128627554 0.914399982 -0.00145413345 0.726700127 1082.77783 0.0825057551 271.817 1 800
3.20963786e-05 0.914399982 -0.000722702615 0.580676615 1116.2356 0.0995699689 272.046 1 800
-8.18412707e-09 0.914399982 -7.8016762e-10 0.411563605 1152.55713 0.121022478 272.323 1 800
3.17941236e-05 0.914399982 0.000719176834 0.226781651 1189.69702 0.146076053 272.636 1 800
0.000127329866 0.914399982 0.00144672079 0.0331834294 1227.43921 0.17627719 273.001 1 800
0.000287011983 0.914399982 0.00217624136 -0.166205525 1265.45178 0.207845107 273.15 0.931888819 800
0.000509847083 0.914399982 0.00289847388 -0.363221526 1303.89355 0.243564293 273.15 0.645398915 800
0.000798755786 0.914399982 0.00361739139 -0.547579527 1338.99414 0.28461802 273.15 0.443829954 800
0.00116083968 0.914399982 0.00434485961 -0.712596357 1368.56946 0.32598272 273.15 0.34244436 800
0.00159974379 0.914399982 0.00508132568 -0.857361913 1392.79492 0.369119078 273.15 0.28072089 800
0.00211753308 0.914399982 0.00582495707 -0.98104918 1406.36975 0.421990991 273.15 0.239525571 800
0.00271975272 0.914399982 0.00657746412 -1.08347189 1406.42932 0.474995553 273.15 0.210405648 800
0.00340675316 0.914399982 0.00733289967 -1.16518748 1391.41418 0.52436316 273.15 0.190301105 800
0.00419414951 0.914399982 0.00810221109 -1.22583675 1351.19971 0.568623781 273.15 0.175860673 800
0.00509625241 0.914399982 0.00889228885 -1.26907313 1286.33679 0.610151529 273.15 0.163854763 800
0.00610047406 0.914399982 0.00968659439 -1.29951334 1210.15063 0.645496309 273.15 0.154037848 800
0.00721725929 0.914399982 0.0104873709 -1.31640613 1117.25574 0.673652589 273.15 0.147093639 800
0.00842161236 0.914399982 0.0112750257 -1.32254958 999.065186 0.69329524 273.15 0.14261283 800
0.00965428513 0.914399982 0.0120175784 -1.32192075 867.077454 0.703415096 273.15 0.139903694 800
0.0109107177 0.914399982 0.0127191791 -1.31617641 734.815491 0.705067098 273.15 0.139537796 800
0.0121870365 0.914399982 0.0133839173 -1.30699873 610.250122 0.699326634 273.15 0.144285485 800
0.0134799311 0.914399982 0.0140158115 -1.29506254 501.347382 0.687003076 273.15 0.161008716 800
0.0147867318 0.914399982 0.0146184215 -1.28196728 403.901184 0.669076204 273.15 0.201629579 800
0.016105753 0.914399982 0.0151937912 -1.26851094 336.888428 0.646692097 273.15 0.284482241 800
0.0174353865 0.914399982 0.0157441928 -1.2544266 348.323975 0.62084955 273.15 0.262616903 800
0.0187742445 0.914399982 0.0162717597 -1.23986161 383.412506 0.592096806 273.15 0.183519438 800
0.0201210962 0.914399982 0.0167785712 -1.2253561 400.176849 0.561047196 273.15 0.146841601 800
0.0214751029 0.914399982 0.0172659452 -1.21120918 425.927063 0.528727055 273.15 0.130834162 800
0.022835535 0.914399982 0.0177350849 -1.19738722 458.664978 0.495778978 273.15 0.12388014 800
0.0242017369 0.914399982 0.0181871468 -1.1837976 495.647552 0.462385982 273.15 0.121626422 800
0.0255730686 0.914399982 0.0186234001 -1.17047894 531.73114 0.429459035 273.15 0.121553414 800
0.0269490089 0.914399982 0.0190448927 -1.15753675 561.87439 0.398546904 273.15 0.120022684 800
0.0283291553 0.914399982 0.0194524012 -1.14494324 586.445374 0.370181739 273.15 0.11794015 800
0.0297131607 0.914399982 0.0198466051 -1.13263547 605.856506 0.344336241 273.15 0.11701151 800
0.0311006962 0.914399982 0.020228198 -1.12057602 620.668396 0.321577191 273.15 0.116946116 800
0.0324914619 0.914399982 0.020597845 -1.10877502 633.632568 0.300901502 273.15 0.117932029 800
0.0338851739 0.914399982 0.0209562226 -1.09730434 644.360535 0.281865656 273.15 0.119787909 800
0.0352815876 0.914399982 0.0213039246 -1.08621395 650.929565 0.264149994 273.15 0.122122616 800
0.0366805184 0.914399982 0.0216413566 -1.07546389 654.273621 0.247813404 273.15 0.125017568 800
0.0380818015 0.914399982 0.0219688835 -1.06499493 656.85614 0.232866719 273.15 0.1288753 800
0.0394852649 0.914399982 0.0222869376 -1.0547986 659.65802 0.21907784 273.15 0.133957833 800
0.0408907416 0.914399982 0.0225959739 -1.04484034 661.78125 0.206263453 273.15 0.140279636 800
0.0422980875 0.914399982 0.0228963829 -1.03522122 662.180603 0.195839033 273.15 0.147805929 800
0.0437071758 0.914399982 0.02318851 -1.02563679 661.034119 0.186449364 273.15 0.156709149 800
0.0451179004 0.914399982 0.0234726299 -1.01512492 658.968018 0.177645892 273.15 0.167418823 800
0.0465301623 0.914399982 0.0237490072 -1.00470603 656.373596 0.169327796 273.15 0.180533379 800
0.0479438761 0.914399982 0.0240178595 -0.996342182 653.759155 0.161389858 273.15 0.196975783 800
0.0493589461 0.914399982 0.0242794793 -0.988665581 651.442383 0.153829664 273.15 0.218120098 800
0.0507752826 0.914399982 0.0245341536 -0.980570078 649.694397 0.146649823 273.15 0.246164799 800
0.0521928037 0.914399982 0.0247821493 -0.972495079 648.454895 0.139866427 273.15 0.284784734 800
0.053611457 0.914399982 0.0250235848 -0.96418047 647.103394 0.133443341 273.15 0.340575516 800
0.0550311681 0.914399982 0.0252587197 -0.956368148 646.24939 0.127317339 273.15 0.428192765 800
0.0564518876 0.914399982 0.025487683 -0.948960662 657.089539 0.121778995 273.15 0.593965888 800
0.0578735603 0.914399982 0.0257106511 -0.941360235 692.676636 0.116929084 273.15 0.926222026 800
0.0592961273 0.914399982 0.0259278406 -0.93386358 685.205444 0.112264097 273.15 0.992611289 800
0.0607195509 0.914399982 0.026139343 -0.926492393 645.756226 0.107786 273.15 0.990728915 800
0.0621437714 0.914399982 0.026345411 -0.919248343 635.826172 0.103476405 273.15 0.993293405 800
0.063568751 0.914399982 0.0265461631 -0.912144721 631.298218 0.0993051976 273.15 0.996847868 800
0.064994453 0.914399982 0.0267417178 -0.905163527 627.745789 0.0952403471 273.132 1 800
0.066420846 0.914399982 0.0269321681 -0.898284733 624.479431 0.0912931636 273.035 1 800
0.0678478935 0.914399982 0.0271176497 -0.891503036 621.401978 0.0874849856 272.941 1 800
0.0692755612 0.914399982 0.0272982955 -0.884824216 618.541443 0.0838163197 272.849 1 800
0.0707038184 0.914399982 0.0274742205 -0.878249705 615.929626 0.0802830011 272.758 1 800
0.0721326342 0.914399982 0.0276455485 -0.871777892 613.464844 0.0768466368 272.67 1 800
0.0735619812 0.914399982 0.0278123874 -0.865408838 611.060242 0.0735839382 272.585 1 800
0.0749918329 0.914399982 0.0279748443 -0.859140158 608.711121 0.0708708093 272.515 1 800
0.076422167 0.914399982 0.028132998 -0.852965057 606.401001 0.0682108179 272.446 1 800
0.0778529609 0.914399982 0.0282869361 -0.846873343 604.131042 0.0656168684 272.378 1 800
0.0792841958 0.914399982 0.0284367182 -0.840854645 601.903198 0.063079685 272.311 1 800
0.0807158493 0.914399982 0.0285824455 -0.83489573 599.735779 0.0606060103 272.246 1 800
0.0821479085 0.914399982 0.0287241284 -0.829009473 597.649963 0.0581949651 272.182 1 800
0.0835803295 0.914399982 0.0288621061 -0.82322073 595.605957 0.0558267087 272.118 1 800
0.085013118 0.914399982 0.028996215 -0.817545295 593.565491 0.0535026751 272.055 1 800
0.0864462491 0.914399982 0.029126612 -0.811916649 591.530212 0.0512296595 271.994 1 800
0.0878797114 0.914399982 0.0292533156 -0.806540191 589.501831 0.0491071567 271.936 1 800
0.0893124563 0.914399982 0.0293763726 -0.801323056 587.485779 0.0473200344 271.888 1 800
0.0908171694 0.914399982 0.0295016658 -0.795569777 585.486877 0.0455629155 271.84 1 800
0.0923974449 0.914399982 0.029629238 -0.789577365 583.505432 0.0438352451 271.793 1 800
0.0940570855 0.914399982 0.0297587638 -0.783460975 581.541687 0.0421368182 271.746 1 800
0.0958000717 0.914399982 0.0298900254 -0.776321054 579.594482 0.0404666364 271.7 1 800
0.0976305922 0.914399982 0.0300226413 -0.769473433 577.664368 0.0388244539 271.655 1 800
0.0995530378 0.914399982 0.0301562624 -0.763208687 575.749817 0.037211258 271.609 1 800
0.101572004 0.914399982 0.0302907139 -0.756299555 573.851074 0.0356267951 271.565 1 800
0.103692349 0.914399982 0.0304252619 -0.749051809 571.970581 0.0340622626 271.521 1 800
0.105919135 0.914399982 0.0305597031 -0.741495609 570.117676 0.032774128 271.485 1 800
0.108257701 0.914399982 0.0306933597 -0.732926786 568.291138 0.0315686129 271.451 1 800
0.110713646 0.914399982 0.0308255783 -0.724371672 566.487732 0.0303825941 271.417 1 800
0.113292837 0.914399982 0.0309558151 -0.716861606 564.762939 0.0292118378 271.384 1 800
0.115868178 0.914399982 0.0310772345 -0.709001303 562.447449 0.0280441754 271.351 1 800
0.118443899 0.914399982 0.0311902827 -0.700779498 560.0177 0.026899552 271.319 1 800
0.121019967 0.914399982 0.0312951718 -0.692780852 558.125427 0.0257415976 271.286 1 800
0.123596345 0.914399982 0.0313921188 -0.684879482 556.207947 0.0245376211 271.251 1 800
0.126173003 0.914399982 0.0314813059 -0.677084386 554.274414 0.0233091805 271.214 1 800
0.128749911 0.914399982 0.0315629617 -0.669387043 552.247742 0.0222166535 271.183 1 800
0.131327042 0.914399982 0.0316372545 -0.661785424 550.099365 0.0211654678 271.152 1 800
0.13390437 0.914399982 0.0317043525 -0.654279888 547.851807 0.0200760122 271.12 1 800
0.136481871 0.914399982 0.0317644283 -0.646870196 545.483337 0.0189699735 271.087 1 800
0.139059525 0.914399982 0.031817584 -0.639558375 542.97052 0.0178438164 271.053 1 800
0.141637309 0.914399982 0.0318639853 -0.632368147 540.419678 0.0166825335 271.018 1 800
0.144215202 0.914399982 0.0319038691 -0.625440657 537.821716 0.0155052058 270.983 1 800
0.146793186 0.914399982 0.031937372 -0.618330181 535.144409 0.01450135 270.952 1 800
0.149371244 0.914399982 0.0319645981 -0.610714018 532.557373 0.0135073867 270.922 1 800
0.15194936 0.914399982 0.0319855684 -0.603230834 529.993225 0.0125313001 270.892 1 800
0.154527518 0.914399982 0.0320005731 -0.596427441 527.438049 0.0115835704 270.862 1 800
0.157105703 0.914399982 0.032009777 -0.590221643 524.909607 0.010660721 270.833 1 800
0.159683902 0.914399982 0.0320131373 -0.584005892 522.436035 0.00984493643 270.808 1 800
0.162262103 0.914399982 0.0320108359 -0.576820612 519.958374 0.00911429431 270.785 1 800
0.164840292 0.914399982 0.032003077 -0.569398403 517.286804 0.00840088166 270.762 1 800
0.16741846 0.914399982 0.0319898652 -0.56328398 514.471741 0.00770060765 270.74 1 800
0.169996595 0.914399982 0.0319712932 -0.557256341 511.954254 0.00701613119 270.718 1 800
0.172574688 0.914399982 0.0319476332 -0.550725639 510.018524 0.00643872516 270.699 1 800
0.175152728 0.914399982 0.0319187767 -0.544374287 508.636444 0.00590817584 270.681 1 800
0.177730707 0.914399982 0.0318849457 -0.538069725 507.419128 0.00539092254 270.664 1 800
0.180308619 0.914399982 0.0318462868 -0.531852603 505.877502 0.00487979501 270.646 1 800
0.182886452 0.914399982 0.0318026742 -0.525717854 503.998169 0.00439930521 270.63 1 800
0.185464202 0.914399982 0.0317544544 -0.51979965 501.884003 0.00399059244 270.617 1 800
0.188041861 0.914399982 0.0317015621 -0.513419867 499.702301 0.00359318103 270.603 1 800
0.190619423 0.914399982 0.0316441414 -0.506790698 497.649872 0.00319942902 270.59 1 800
0.193196883 0.914399982 0.031582296 -0.501152813 495.693359 0.00281364284 270.577 1 800
0.195774232 0.914399982 0.0315160055 -0.495623171 493.717102 0.00252114981 270.567 1 800
0.198351471 0.914399982 0.0314455328 -0.489740491 491.710632 0.00228651799 270.559 1 800
0.200928586 0.914399982 0.0313706944 -0.484071791 489.75238 0.00205558143 270.551 1 800
0.203505582 0.914399982 0.0312918604 -0.478143126 487.769287 0.00183321105 270.543 1 800
0.206082447 0.914399982 0.0312088442 -0.47202599 485.767365 0.00161223416 270.535 1 800
0.208659183 0.914399982 0.0311219381 -0.466394424 483.828949 0.00139570341 270.528 1 800
0.211235781 0.914399982 0.0310310196 -0.460860133 481.887817 0.00118619588 270.52 1 800
0.213812243 0.914399982 0.0309363212 -0.455248773 479.969086 0.00102970388 270.515 1 800
0.216388561 0.914399982 0.0308377791 -0.449783683 478.11438 0.000950229063 270.512 1 800
0.218964735 0.914399982 0.0307355713 -0.444241256 476.277618 0.000871738303 270.509 1 800
0.221540761 0.914399982 0.0306296625 -0.438685387 474.493622 0.000793742656 270.507 1 800
0.224116638 0.914399982 0.0305202144 -0.433196783 472.749878 0.000717365416 270.504 1 800
0.226692361 0.914399982 0.0304071745 -0.427774787 471.049408 0.000641326536 270.501 1 800
0.229267931 0.914399982 0.0302907237 -0.422451645 469.398285 0.000566889765 270.498 1 800
0.231843342 0.914399982 0.0301707915 -0.417306751 467.786011 0.000492906198 270.496 1 800
0.234418597 0.914399982 0.0300475797 -0.412144125 466.22348 0.000420499127 270.493 1 800
0.236993689 0.914399982 0.0299209855 -0.406704813 464.689972 0.000349501992 270.49 1 800
0.239568624 0.914399982 0.0297912424 -0.401145279 463.19458 0.000279628905 270.488 1 800
0.242143391 0.914399982 0.0296581954 -0.395867109 461.733398 0.000214579486 270.485 1 800
0.244717998 0.914399982 0.0295221146 -0.390836209 460.282288 0.000196478228 270.485 1 800
0.247292435 0.914399982 0.0293828288 -0.385829836 459.051331 0.000178543909 270.484 1 800
0.24986671 0.914399982 0.0292405987 -0.380952507 459.497467 0.000160691721 270.483 1 800
0.252440814 0.914399982 0.0290952986 -0.376006186 458.668213 0.000143028912 270.483 1 800
0.255014754 0.914399982 0.0289471127 -0.370952815 455.731628 0.000125526509 270.482 1 800
0.257588522 0.914399982 0.0287959881 -0.365956217 453.770782 0.000108180779 270.482 1 800
0.260162123 0.914399982 0.0286420252 -0.360984325 452.254883 9.10524468e-05 270.481 1 800
0.262735553 0.914399982 0.0284852469 -0.356042713 450.801666 7.40866235e-05 270.48 1 800
0.265308812 0.914399982 0.0283256815 -0.351129055 449.185944 5.74092846e-05 270.48 1 800
0.267881903 0.914399982 0.0281634281 -0.34624368 447.3992 4.10475077e-05 270.479 1 800
0.27045482 0.914399982 0.0279984376 -0.341382772 446.274139 2.51368838e-05 270.478 1 800
0.273027571 0.914399982 0.0278308701 -0.336542577 456.35498 9.28633472e-06 270.478 1 800
0.275600144 0.914399982 0.0276606079 -0.331692755 472.211456 0 270.477 0 800
0.278172552 0.914399982 0.02748786 -0.326819897 478.838287 0 270.477 0 800
0.280744782 0.914399982 0.0273124906 -0.322012991 479.44632 0 270.477 0 800
0.283316846 0.914399982 0.0271346928 -0.317315012 462.966705 0 270.477 0 800
0.285888735 0.914399982 0.0269543875 -0.312655926 443.913208 0 270.477 0 800
0.288460455 0.914399982 0.0267716903 -0.308009177 439.632263 0 270.477 0 800
0.291032003 0.914399982 0.0265865738 -0.303381622 437.580719 0 270.477 0 800
0.29360338 0.914399982 0.026399104 -0.298769712 435.902039 0 270.477 0 800
0.296174586 0.914399982 0.0262093064 -0.29417631 434.196594 0 270.477 0 800
0.29874562 0.914399982 0.0260171953 -0.289601147 432.595612 0 270.477 0 800
0.301316486 0.914399982 0.0258228425 -0.285044968 431.086578 0 270.477 0 800
0.303887178 0.914399982 0.0256262152 -0.280507356 429.642334 0 270.477 0 800
0.306457704 0.914399982 0.0254274166 -0.275988132 428.241852 0 270.477 0 800
0.309028056 0.914399982 0.025226386 -0.271486849 426.884888 0 270.477 0 800
0.311598243 0.914399982 0.0250232499 -0.26700297 425.557739 0 270.477 0 800
0.314168256 0.914399982 0.0248179235 -0.262535959 424.260406 0 270.477 0 800
0.316738104 0.914399982 0.0246105535 -0.258085519 422.992828 0 270.477 0 800
0.319307779 0.914399982 0.0244010446 -0.253650606 421.750977 0 270.477 0 800
0.32187729 0.914399982 0.0241895324 -0.249229595 420.534607 0 270.477 0 800
0.324446629 0.914399982 0.0239759379 -0.244820878 419.341858 0 270.477 0 800
0.327015803 0.914399982 0.0237603734 -0.240423128 418.172852 0 270.477 0 800
0.329584806 0.914399982 0.0235427819 -0.236036122 417.023773 0 270.477 0 800
0.332153644 0.914399982 0.0233232546 -0.231659323 415.893311 0 270.477 0 800
0.334722314 0.914399982 0.0231017543 -0.227291375 414.778656 0 270.477 0 800
0.337290817 0.914399982 0.0228783444 -0.222929627 413.683533 0 270.477 0 800
0.339859154 0.914399982 0.0226530243 -0.218569085 412.599884 0 270.477 0 800
0.342427324 0.914399982 0.0224258003 -0.214204431 411.530945 0 270.477 0 800
0.344995329 0.914399982 0.0221967295 -0.209821552 410.473846 0 270.477 0 800
0.347563164 0.914399982 0.0219657647 -0.205436915 409.427338 0 270.477 0 800
0.350130838 0.914399982 0.0217330137 -0.201108187 408.390472 0 270.477 0 800
0.352698341 0.914399982 0.0214983804 -0.196831539 407.360199 0 270.477 0 800
0.355265681 0.914399982 0.0212619755 -0.192355826 406.338318 0 270.477 0 800
0.357832846 0.914399982 0.0210236648 -0.187778696 405.320496 0 270.477 0 800
0.360399856 0.914399982 0.020783702 -0.183564976 404.307037 0 270.477 0 800
0.362966707 0.914399982 0.0205420412 -0.179440483 403.312225 0 270.477 0 800
0.365533374 0.914399982 0.0202984401 -0.175156221 402.287292 0 270.477 0 800
0.368099885 0.914399982 0.0200531987 -0.170873299 401.249207 0 270.477 0 800
0.37066624 0.914399982 0.0198063264 -0.166580707 400.243622 0 270.477 0 800
0.373232409 0.914399982 0.0195575285 -0.162275717 399.238159 0 270.477 0 800
0.375798423 0.914399982 0.0193071313 -0.157964617 398.227264 0 270.477 0 800
0.378364279 0.914399982 0.019055128 -0.153652668 397.214142 0 270.477 0 800
0.38092995 0.914399982 0.0188012431 -0.149330258 396.194305 0 270.477 0 800
0.383495464 0.914399982 0.0185457892 -0.145000875 395.16803 0 270.477 0 800
0.386060815 0.914399982 0.0182886908 -0.140668109 394.418732 0 270.477 0 800
0.388625987 0.914399982 0.0180298195 -0.136326179 393.09903 0 270.477 0 800
0.391191004 0.914399982 0.0177694106 -0.131976351 391.779633 0 270.477 0 800
0.393755845 0.914399982 0.017507271 -0.127617702 391.009003 0 270.477 0 800
0.396320517 0.914399982 0.0172434929 -0.123248592 389.950439 0 270.477 0 800
0.39888503 0.914399982 0.0169781651 -0.118869819 388.92984 0 270.477 0 800
0.401449356 0.914399982 0.016711047 -0.114477292 387.911102 0 270.477 0 800
0.404013528 0.914399982 0.0164424431 -0.110071316 386.845001 0 270.477 0 800
0.406577516 0.914399982 0.0161720962 -0.105651386 385.795837 0 270.477 0 800
0.409141339 0.914399982 0.0159001827 -0.101215996 384.759644 0 270.477 0 800
0.41170499 0.914399982 0.0156266566 -0.0967660099 383.67981 0 270.477 0 800
0.414268464 0.914399982 0.015351477 -0.0922987163 382.613831 0 270.477 0 800
0.416831768 0.914399982 0.0150747174 -0.0878129303 381.557159 0 270.477 0 800
0.419394891 0.914399982 0.0147962876 -0.0833081529 380.467712 0 270.477 0 800
0.421957846 0.914399982 0.0145163095 -0.0787834153 379.4021 0 270.477 0 800
0.424520615 0.914399982 0.0142346401 -0.0742376149 378.318542 0 270.477 0 800
0.427083212 0.914399982 0.0139514141 -0.0696699545 377.213776 0 270.477 0 800
0.429645627 0.914399982 0.0136665334 -0.0650786906 376.146057 0 270.477 0 800
0.432207861 0.914399982 0.0133800351 -0.0604621917 375.049042 0 270.477 0 800
0.434769915 0.914399982 0.0130919408 -0.0558203608 373.947815 0 270.477 0 800
0.437331782 0.914399982 0.0128021761 -0.051152315 372.845764 0 270.477 0 800
0.439893474 0.914399982 0.0125108748 -0.0464568213 371.728088 0 270.477 0 800
0.442454967 0.914399982 0.0122178211 -0.0417307168 370.634338 0 270.477 0 800
0.445016278 0.914399982 0.0119231912 -0.0369744003 369.519257 0 270.477 0 800
0.447577404 0.914399982 0.011626955 -0.0321884677 368.394287 0 270.477 0 800
0.45013833 0.914399982 0.0113289909 -0.0273689553 367.268127 0 270.477 0 800
0.452699069 0.914399982 0.0110294258 -0.0225167461 366.129883 0 270.477 0 800
0.455259619 0.914399982 0.0107282484 -0.0176321957 365.34317 0 270.477 0 800
0.457819962 0.914399982 0.0104253199 -0.0127106216 363.831665 0 270.477 0 800
0.460380109 0.914399982 0.0101207367 -0.00775193051 362.272156 0 270.477 0 800
0.462940061 0.914399982 0.00981451781 -0.00275849202 361.422668 0 270.477 0 800
0.46549981 0.914399982 0.00950660895 0.00227112509 360.258118 0 270.477 0 800
0.468059357 0.914399982 0.00919701723 0.00733929174 359.070557 0 270.477 0 800
0.47061869 0.914399982 0.0088856712 0.0124473162 357.864319 0 270.477 0 800
0.473177816 0.914399982 0.0085726292 0.0175946746 356.651947 0 270.477 0 800
0.475736732 0.914399982 0.00825786855 0.0227804855 355.41156 0 270.477 0 800
0.478295434 0.914399982 0.00794137496 0.0280050114 354.167725 0 270.477 0 800
0.480853921 0.914399982 0.00762314525 0.033267986 352.891205 0 270.477 0 800
0.483412189 0.914399982 0.00730316753 0.0385691337 351.578766 0 270.477 0 800
0.485970238 0.914399982 0.00698143863 0.0439086817 350.280487 0 270.477 0 800
0.488528057 0.914399982 0.00665788786 0.049286779 348.937347 0 270.477 0 800
0.491085649 0.914399982 0.0063325434 0.0547024123 347.541382 0 270.477 0 800
0.493643014 0.914399982 0.00600542351 0.0601534508 346.139221 0 270.477 0 800
0.496200149 0.914399982 0.0056765146 0.0656394586 344.70929 0 270.477 0 800
0.498757039 0.914399982 0.00534570177 0.0711606145 343.229614 0 270.477 0 800
0.501313699 0.914399982 0.00501311406 0.0767155662 341.709076 0 270.477 0 800
0.503870103 0.914399982 0.00467856306 0.0823027268 340.150421 0 270.477 0 800
0.50642627 0.914399982 0.0043422108 0.0879203752 338.555206 0 270.477 0 800
0.508982184 0.914399982 0.0040039379 0.0935636386 336.914551 0 270.477 0 800
0.511537855 0.914399982 0.00366384071 0.0992331505 335.217468 0 270.477 0 800
0.514093255 0.914399982 0.00332170415 0.104922794 333.46814 0 270.477 0 800
0.516648403 0.914399982 0.00297770244 0.110637523 331.65979 0 270.477 0 800
0.519203289 0.914399982 0.00263174854 0.116353154 329.779572 0 270.477 0 800
0.521757904 0.914399982 0.00228380711 0.122094125 327.83371 0 270.477 0 800
0.524312244 0.914399982 0.00193384576 0.127778098 325.823975 0 270.477 0 800
0.526866315 0.914399982 0.00158192817 0.133411393 323.726074 0 270.477 0 800
0.52942009 0.914399982 0.00122787388 0.138040081 321.526825 0 270.477 0 800
0.531069981 0.914399982 0.000998093031 0.141670078 319.240723 0 270.477 0 800
0.532101091 0.914399982 0.000853961954 0.143584982 316.84436 0 270.477 0 800
0.532745525 0.914399982 0.000763814193 0.144108891 314.324493 0 270.477 0 800
0.533148284 0.914399982 0.000707382481 0.144281775 311.691345 0 270.477 0 800
0.533400004 0.914399982 0.000672085901 0.140992299 308.910461 0 270.477 0 800
0.533400001 0.914399982 0.000582474699 0.133648947 305.957184 0 270.477 0 800
0.533399997 0.914399982 0.000492863497 0.137768522 302.838776 0 270.477 0 800
0.533399993 0.914399982 0.000403252296 0.137671769 299.554047 0 270.477 0 800
0.533399989 0.914399982 0.000313641094 0.138662681 296.043427 0 270.477 0 800
0.533399987 0.914399982 0.000224029892 0.139365599 292.277557 0 270.477 0 800
0.533399989 0.914399982 0.000134418691 0.140064493 288.24469 0 270.477 0 800
0.53339999 0.914399982 4.48074889e-05 0.140482619 283.87851 0 270.477 0 800
0.533399991 0.914399982 -4.48037127e-05 0.140569583 279.483734 0 270.477 0 800
0.533399993 0.914399982 -0.000134414914 0.140322626 275.982025 0 270.477 0 800
0.533399994 0.914399982 -0.000224026116 0.139632747 273.771912 0 270.477 0 800
0.533399998 0.914399982 -0.000313637317 0.138982832 273.567108 0 270.477 0 800
0.533400005 0.914399982 -0.000403248519 0.137475193 276.224426 0 270.477 0 800
0.533400012 0.914399982 -0.00049285972 0.138106555 297.263 0 270.477 0 800
0.533400018 0.914399982 -0.00058247092 0.130735666 282.117615 0 270.477 0 800

ZONE T="SLICE_Y_0p9144_BINS01_KS_0p5mm_CUTDATA_VAR_DENSITY"
0.533400018 0.914399982 -0.00058247092 0.130735666 157.869598 0 270.477 0 200
0.533400004 0.914399982 -0.000672082119 0.143050954 164.929733 0 270.477 0 200
0.533148466 0.914399982 -0.000707354403 0.147099599 180.712479 0 270.477 0 200
0.532745998 0.914399982 -0.000763745625 0.145698696 190.822479 0 270.477 0 200
0.53210203 0.914399982 -0.000853827126 0.144994646 200.822006 0 270.477 0 200
0.531071666 0.914399982 -0.00099785339 0.142481029 203.443604 0 270.477 0 200
0.529422969 0.914399982 -0.00122746797 0.138313934 199.668167 0 270.477 0 200
0.526873095 0.914399982 -0.00158098831 0.133275494 195.183578 0 270.477 0 200
0.524322926 0.914399982 -0.00193237185 0.127455518 189.727661 0 270.477 0 200
0.521772489 0.914399982 -0.0022818114 0.121918604 178.542496 0 270.477 0 200
0.519221778 0.914399982 -0.00262923523 0.11659202 161.757629 0 270.477 0 200
0.516670797 0.914399982 -0.0029746773 0.111534767 141.138336 0 270.477 0 200
0.514119553 0.914399982 -0.00331817313 0.106683798 114.139648 0 270.477 0 200
0.511568058 0.914399982 -0.00365979377 0.102040984 128.422501 0 270.477 0 200
0.509016294 0.914399982 -0.00399940552 0.0975838751 128.422501 0 270.477 0 200
0.506464287 0.914399982 -0.00433718384 0.0933021381 210.105042 0 270.477 0 200
0.50391203 0.914399982 -0.00467306469 0.0891818851 197.564346 0 270.477 0 200
0.501359535 0.914399982 -0.00500713669 0.0852180272 167.011215 0 270.477 0 200
0.498806784 0.914399982 -0.00533924521 0.081400767 158.133194 0 270.477 0 200
0.496253803 0.914399982 -0.00566957616 0.0777173191 156.397095 0 270.477 0 200
0.49370058 0.914399982 -0.00599804175 0.074158892 157.968246 0 270.477 0 200
0.491147126 0.914399982 -0.00632469778 0.0707168728 161.737015 0 270.477 0 200
0.488593446 0.914399982 -0.00664958131 0.067382805 167.047272 0 270.477 0 200
0.48603954 0.914399982 -0.00697269046 0.0641525984 172.755936 0 270.477 0 200
0.483485406 0.914399982 -0.00729398822 0.0610221364 178.396362 0 270.477 0 200
0.480931051 0.914399982 -0.00761352572 0.0579839237 183.899017 0 270.477 0 200
0.478376479 0.914399982 -0.00793132724 0.0550314859 189.244644 0 270.477 0 200
0.475821692 0.914399982 -0.00824739351 0.0521608591 194.419876 0 270.477 0 200
0.473266692 0.914399982 -0.00856172802 0.0493677408 199.435425 0 270.477 0 200
0.470711482 0.914399982 -0.00887435928 0.0466484576 204.296082 0 270.477 0 200
0.468156063 0.914399982 -0.00918526844 0.0440011285 209.014999 0 270.477 0 200
0.465600434 0.914399982 -0.00949445508 0.0414224416 213.589935 0 270.477 0 200
0.463044603 0.914399982 -0.00980196434 0.0389072783 218.036041 0 270.477 0 200
0.460488571 0.914399982 -0.0101077948 0.0364503413 222.347 0 270.477 0 200
0.457932344 0.914399982 -0.0104119964 0.0340503752 226.537842 0 270.477 0 200
0.455375917 0.914399982 -0.0107145051 0.0317106359 230.612656 0 270.477 0 200
0.452819289 0.914399982 -0.0110153132 0.029427221 234.559479 0 270.477 0 200
0.450262471 0.914399982 -0.0113145094 0.0271910578 238.399628 0 270.477 0 200
0.447705468 0.914399982 -0.0116121166 0.0250041727 242.165161 0 270.477 0 200
0.44514826 0.914399982 -0.01190795 0.0228664968 245.832733 0 270.477 0 200
0.442590872 0.914399982 -0.0122022341 0.0207696781 249.384644 0 270.477 0 200
0.440033299 0.914399982 -0.0124948975 0.0187132023 252.846497 0 270.477 0 200
0.437475532 0.914399982 -0.0127858649 0.0166958906 256.226135 0 270.477 0 200
0.434917592 0.914399982 -0.0130753062 0.0147142196 259.519714 0 270.477 0 200
0.432359457 0.914399982 -0.01336302 0.0127647314 262.730499 0 270.477 0 200
0.42980115 0.914399982 -0.0136492021 0.0108398413 265.874176 0 270.477 0 200
0.427242658 0.914399982 -0.013933718 0.00892991107 268.949982 0 270.477 0 200
0.424683989 0.914399982 -0.0142166417 0.00702227838 271.956848 0 270.477 0 200
0.422125141 0.914399982 -0.0144979481 0.00517276023 274.882416 0 270.477 0 200
0.419566117 0.914399982 -0.0147776435 0.00334951188 277.741699 0 270.477 0 200
0.417006917 0.914399982 -0.0150557235 0.00153657189 280.570312 0 270.477 0 200
0.414447544 0.914399982 -0.0153322065 -0.000214122934 283.330811 0 270.477 0 200
0.411887994 0.914399982 -0.0156070442 -0.00193263439 286.016174 0 270.477 0 200
0.409328275 0.914399982 -0.0158803148 -0.00362411793 288.678864 0 270.477 0 200
0.406768377 0.914399982 -0.0161518946 -0.00529484311 291.28302 0 270.477 0 200
0.404208323 0.914399982 -0.0164219968 -0.00694267778 293.824127 0 270.477 0 200
0.401648078 0.914399982 -0.0166902858 -0.00856601354 296.34549 0 270.477 0 200
0.399087677 0.914399982 -0.0169570843 -0.0101694437 298.817566 0 270.477 0 200
0.396527101 0.914399982 -0.0172221887 -0.0117530758 301.245605 0 270.477 0 200
0.393966355 0.914399982 -0.0174856599 -0.013320839 303.636536 0 270.477 0 200
0.391405453 0.914399982 -0.0177475985 -0.0148684094 305.9935 0 270.477 0 200
0.388844364 0.914399982 -0.0180077128 -0.016393479 308.301117 0 270.477 0 200
0.386283121 0.914399982 -0.0182662943 -0.0179037787 310.568176 0 270.477 0 200
0.383721709 0.914399982 -0.0185232101 -0.0193964709 312.828339 0 270.477 0 200
0.381160124 0.914399982 -0.0187783802 -0.0208723824 315.05661 0 270.477 0 200
0.378598383 0.914399982 -0.0190319891 -0.0223341323 317.256348 0 270.477 0 200
0.376036469 0.914399982 -0.01928384 -0.0237766746 319.428528 0 270.477 0 200
0.373474386 0.914399982 -0.0195339749 -0.0252052918 321.585388 0 270.477 0 200
0.370912148 0.914399982 -0.0197825124 -0.0266218316 323.708313 0 270.477 0 200
0.368349737 0.914399982 -0.0200292581 -0.0280184466 325.805786 0 270.477 0 200
0.365787158 0.914399982 -0.020274252 -0.0294020455 327.893463 0 270.477 0 200
0.363224424 0.914399982 -0.0205176118 -0.0307805613 329.941711 0 270.477 0 200
0.360661519 0.914399982 -0.0207591794 -0.0321471468 331.993225 0 270.477 0 200
0.358098443 0.914399982 -0.020998914 -0.0335129015 334.0159 0 270.477 0 200
0.35553521 0.914399982 -0.0212369703 -0.0349025279 336.011932 0 270.477 0 200
0.352971818 0.914399982 -0.021473304 -0.036250677 338.0112 0 270.477 0 200
0.35040825 0.914399982 -0.0217077242 -0.0375907756 339.969757 0 270.477 0 200
0.347844519 0.914399982 -0.0219403511 -0.0389496572 341.944305 0 270.477 0 200
0.345280622 0.914399982 -0.022171153 -0.040269915 343.899445 0 270.477 0 200
0.342716559 0.914399982 -0.0224000883 -0.0415747128 345.806732 0 270.477 0 200
0.340152332 0.914399982 -0.0226271915 -0.0428645909 347.772491 0 270.477 0 200
0.337587935 0.914399982 -0.0228523647 -0.0441421308 349.716156 0 270.477 0 200
0.335023377 0.914399982 -0.0230756951 -0.0454083569 351.616913 0 270.477 0 200
0.332458647 0.914399982 -0.0232970391 -0.0466641858 353.623077 0 270.477 0 200
0.329893756 0.914399982 -0.0235165074 -0.0479105823 355.704742 0 270.477 0 200
0.327328693 0.914399982 -0.0237339581 -0.0491471924 358.067902 0 270.477 0 200
0.324763467 0.914399982 -0.0239494825 -0.0503741764 361.90448 0 270.477 0 200
0.32219807 0.914399982 -0.0241629526 -0.0515918657 369.847015 0 270.477 0 200
0.319632509 0.914399982 -0.0243744464 -0.052800674 369.249146 0 270.477 0 200
0.317066776 0.914399982 -0.0245838475 -0.0540005118 363.791412 0 270.477 0 200
0.314500879 0.914399982 -0.0247912231 -0.055191271 365.414917 0 270.477 0 200
0.311934809 0.914399982 -0.0249964552 -0.0563731045 367.357208 0 270.477 0 200
0.309368575 0.914399982 -0.0251996226 -0.0575454608 369.123077 0 270.477 0 200
0.306802167 0.914399982 -0.0254005786 -0.0587081574 370.871796 0 270.477 0 200
0.304235595 0.914399982 -0.0255994314 -0.0598606877 372.600891 0 270.477 0 200
0.301668847 0.914399982 -0.0257960025 -0.0610033087 374.322144 0 270.477 0 200
0.299101936 0.914399982 -0.0259904291 -0.0621357113 376.040741 0 270.477 0 200
0.296534849 0.914399982 -0.0261825112 -0.0632572249 377.754822 0 270.477 0 200
0.293967597 0.914399982 -0.026372379 -0.0643683672 379.467072 0 270.477 0 200
0.29140017 0.914399982 -0.0265598687 -0.065468885 381.177643 0 270.477 0 200
0.288832576 0.914399982 -0.0267450536 -0.0665587708 382.887207 0 270.477 0 200
0.286264808 0.914399982 -0.0269278228 -0.0676375851 384.596313 0 270.477 0 200
0.283696871 0.914399982 -0.027108193 -0.0687055364 386.305023 0 270.477 0 200
0.281128764 0.914399982 -0.0272861165 -0.0697620511 388.014648 0 270.477 0 200
0.278560484 0.914399982 -0.0274615405 -0.0708067268 389.729584 0 270.477 0 200
0.275992036 0.914399982 -0.0276344787 -0.0718376637 391.448669 0 270.477 0 200
0.273423413 0.914399982 -0.0278048054 -0.0728544891 393.177307 0 270.477 0 200
0.270854625 0.914399982 -0.0279726101 -0.0738568678 394.915466 0 270.477 0 200
0.268285659 0.914399982 -0.0281376881 -0.0748469755 396.664886 0 270.477 0 200
0.26571653 0.914399982 -0.028300188 -0.0758316517 398.426331 0 270.477 0 200
0.263147224 0.914399982 -0.028459889 -0.0768045112 400.202759 0 270.477 0 200
0.260577754 0.914399982 -0.0286169049 -0.0777835548 401.992798 0 270.477 0 200
0.258008111 0.914399982 -0.028771076 -0.0786937177 403.799347 0 270.477 0 200
0.255438301 0.914399982 -0.028922435 -0.0795654655 405.62262 0 270.477 0 200
0.252868322 0.914399982 -0.0290709003 -0.0806162283 407.46463 0 270.477 0 200
0.250298175 0.914399982 -0.0292164224 -0.0814057887 409.332336 0 270.477 0 200
0.247727863 0.914399982 -0.0293590095 -0.081850417 411.216339 0 270.477 0 200
0.245157382 0.914399982 -0.0294985138 -0.0826405063 413.171234 0 270.477 0 200
0.24258674 0.914399982 -0.0296350232 -0.0835920274 415.163513 0 270.477 0 200
0.240015929 0.914399982 -0.0297683111 -0.0845692679 417.103851 0 270.477 0 200
0.237444962 0.914399982 -0.0298985357 -0.0856532082 419.121124 0 270.477 0 200
0.234873826 0.914399982 -0.0300254017 -0.0865266472 421.235779 0 270.477 0 200
0.232302536 0.914399982 -0.0301491055 -0.0872997046 423.355194 0 270.477 0 200
0.229731084 0.914399982 -0.0302693739 -0.0880378336 425.522461 0 270.477 0 200
0.227159479 0.914399982 -0.0303863483 -0.0886804312 427.754272 0 270.477 0 200
0.224587715 0.914399982 -0.0304997754 -0.0893127695 430.067871 0 270.477 0 200
0.222015803 0.914399982 -0.0306097783 -0.089937754 432.494568 0 270.477 0 200
0.219443737 0.914399982 -0.0307161302 -0.0904760957 435.095581 0 270.477 0 200
0.216871527 0.914399982 -0.0308189225 -0.0910343975 438.07309 0 270.477 0 200
0.214299169 0.914399982 -0.0309179571 -0.0916729271 442.547058 0 270.477 0 200
0.211726672 0.914399982 -0.0310133087 -0.0922248438 454.439301 0 270.477 0 200
0.209154032 0.914399982 -0.0311047418 -0.0927060768 465.374054 0 270.477 0 200
0.206581261 0.914399982 -0.0311923774 -0.0931625962 475.743835 0 270.477 0 200
0.204008353 0.914399982 -0.0312759312 -0.0935895666 481.72998 0 270.477 0 200
0.201435322 0.914399982 -0.0313555734 -0.0939842835 472.510284 0 270.477 0 200
0.198862163 0.914399982 -0.0314309729 -0.094343394 458.990448 0 270.477 0 200
0.196288888 0.914399982 -0.0315023188 -0.0946642905 453.2323 0 270.477 0 200
0.193715495 0.914399982 -0.0315692775 -0.0949427634 455.434998 0 270.477 0 200
0.191141995 0.914399982 -0.0316319752 -0.0951787457 457.792908 0 270.477 0 200
0.18856839 0.914399982 -0.0316902003 -0.0953699052 460.202454 0 270.477 0 200
0.185994687 0.914399982 -0.0317439251 -0.0955158696 462.672852 0 270.477 0 200
0.183420893 0.914399982 -0.0317931001 -0.0956125483 465.210419 0 270.477 0 200
0.180847013 0.914399982 -0.0318375119 -0.0956590995 467.931641 0 270.477 0 200
0.178273056 0.914399982 -0.0318772494 -0.0956519321 470.718811 0 270.477 0 200
0.175699027 0.914399982 -0.0319120219 -0.0955858082 473.907562 0 270.477 0 200
0.173124936 0.914399982 -0.0319418619 -0.0954657495 480.339783 0 270.477 0 200
0.170550793 0.914399982 -0.0319667045 -0.095282957 496.983276 0 270.477 0 200
0.167976603 0.914399982 -0.0319862563 -0.0950303227 494.960968 0 270.477 0 200
0.16540238 0.914399982 -0.0320006355 -0.0947123617 481.874207 0 270.477 0 200
0.162828132 0.914399982 -0.0320096607 -0.0943189636 484.425812 0 270.477 0 200
0.160253871 0.914399982 -0.032013087 -0.0938500613 487.854065 0 270.477 0 200
0.157679608 0.914399982 -0.0320109843 -0.0933211222 493.945221 0 270.477 0 200
0.155105356 0.914399982 -0.032003214 -0.0927055851 518.219177 0 270.477 0 200
0.152531129 0.914399982 -0.0319894713 -0.0920132995 516.780518 0 270.477 0 200
0.14995694 0.914399982 -0.0319698313 -0.0912873745 496.255615 0 270.477 0 200
0.147382805 0.914399982 -0.0319441416 -0.0905603394 498.768311 0 270.477 0 200
0.144808739 0.914399982 -0.0319122149 -0.0896127671 501.753967 0 270.477 0 200
0.142234762 0.914399982 -0.0318738137 -0.088418439 504.760712 0 270.477 0 200
0.13966089 0.914399982 -0.0318289475 -0.0872595906 507.980957 0 270.477 0 200
0.137087141 0.914399982 -0.0317774731 -0.086051248 511.475067 0 270.477 0 200
0.134513537 0.914399982 -0.0317192024 -0.0847549886 515.736938 0 270.477 0 200
0.1319401 0.914399982 -0.0316539416 -0.0833976865 523.289856 0 270.477 0 200
0.129366857 0.914399982 -0.0315814568 -0.081851162 558.03833 0 270.477 0 200
0.126793831 0.914399982 -0.0315016702 -0.0801246911 557.044739 0 270.477 0 200
0.124221046 0.914399982 -0.0314144146 -0.0782519206 528.361023 0 270.477 0 200
0.121648533 0.914399982 -0.0313195134 -0.0762167946 535.2677 0 270.477 0 200
0.119076322 0.914399982 -0.0312167385 -0.0740253702 560.157837 0 270.477 0 200
0.116504447 0.914399982 -0.0311058819 -0.071669586 580.466064 0 270.477 0 200
0.113932942 0.914399982 -0.0309867291 -0.0691456348 579.329773 0 270.477 0 200
0.11133913 0.914399982 -0.0308579003 -0.0665441528 561.057312 0 270.477 0 200
0.108869255 0.914399982 -0.0307269729 -0.0638367906 545.93512 0 270.477 0 200
0.106517412 0.914399982 -0.0305946177 -0.0610834137 549.555786 0 270.477 0 200
0.104277979 0.914399982 -0.0304613467 -0.0582956597 553.506714 0 270.477 0 200
0.102145596 0.914399982 -0.0303277099 -0.0554966107 557.447754 0 270.477 0 200
0.100115146 0.914399982 -0.030194359 -0.0526947565 561.515076 0 270.477 0 200
0.0981817748 0.914399982 -0.0300615229 -0.0498836599 565.664062 0 270.477 0 200
0.0963408429 0.914399982 -0.0299296901 -0.0470784865 569.905273 0 270.477 0 200
0.0945879312 0.914399982 -0.0297992494 -0.0442953221 574.255737 0 270.477 0 200
0.0929188367 0.914399982 -0.0296704632 -0.0415262617 578.739136 0 270.477 0 200
0.0913295575 0.914399982 -0.0295435479 -0.0387650728 583.42334 0 270.477 0 200
0.0898162795 0.914399982 -0.0294187181 -0.036033988 588.434204 0 270.477 0 200
0.0883753581 0.914399982 -0.0292963007 -0.0331322029 594.255371 0 270.477 0 200
0.0869347508 0.914399982 -0.0291702047 -0.0302336141 602.792908 0 270.477 0 200
0.0854944718 0.914399982 -0.0290404139 -0.0273599289 627.842712 0 270.477 0 200
0.0840545311 0.914399982 -0.0289069213 -0.0243466478 647.525024 0 270.477 0 200
0.0826149498 0.914399982 -0.0287696071 -0.0212398302 639.670654 0 270.477 0 200
0.0811757428 0.914399982 -0.0286284242 -0.0180130117 634.889343 0 270.477 0 200
0.079736934 0.914399982 -0.0284832398 -0.014660893 639.917358 0 270.477 0 200
0.0782985409 0.914399982 -0.028333993 -0.0111762621 645.163391 0 270.477 0 200
0.0768605839 0.914399982 -0.0281806008 -0.00755855488 653.540955 0 270.477 0 200
0.0754230847 0.914399982 -0.0280229761 -0.00380347134 658.836609 0 270.477 0 200
0.0739860657 0.914399982 -0.0278610326 9.15821947e-05 649.413635 0 270.477 0 200
0.07254955 0.914399982 -0.0276946831 0.00413016649 647.934387 0 270.477 0 200
0.0711135632 0.914399982 -0.0275238279 0.00831827894 649.622192 0 270.477 0 200
0.069678133 0.914399982 -0.0273483587 0.0126642734 644.531311 0 270.477 0 200
0.0682432886 0.914399982 -0.0271681618 0.0171777457 648.394531 0 270.477 0 200
0.0668090617 0.914399982 -0.0269831137 0.0218691919 652.356384 0 270.477 0 200
0.0653754852 0.914399982 -0.0267930934 0.0267516449 655.786072 0 270.477 0 200
0.0639425964 0.914399982 -0.026597955 0.0318363458 659.304016 0 270.477 0 200
0.06251043 0.914399982 -0.0263975827 0.0371219702 662.903931 0 270.477 0 200
0.0610790202 0.914399982 -0.0261918761 0.0426013693 666.533081 0 270.477 0 200
0.0596484052 0.914399982 -0.0259807118 0.0482886732 670.251587 0 270.477 0 200
0.0582186391 0.914399982 -0.025763875 0.0542094521 674.054626 0 270.477 0 200
0.0567897668 0.914399982 -0.0255412243 0.0603817925 677.91864 0 270.477 0 200
0.0553618424 0.914399982 -0.0253125729 0.0668231323 681.842224 0 270.477 0 200
0.0539349246 0.914399982 -0.0250777222 0.0735428035 685.834717 0 270.477 0 200
0.0525090615 0.914399982 -0.0248365501 0.0805516616 689.903442 0 270.477 0 200
0.0510843283 0.914399982 -0.0245887908 0.0878528208 694.056702 0 270.477 0 200
0.0496607734 0.914399982 -0.0243343484 0.0954489708 698.303406 0 270.477 0 200
0.0482384817 0.914399982 -0.0240729377 0.103374436 702.684387 0 270.477 0 200
0.0468175398 0.914399982 -0.0238042859 0.111699417 707.234619 0 270.477 0 200
0.0453980457 0.914399982 -0.023528087 0.120474562 711.938232 0 270.477 0 200
0.0439800856 0.914399982 -0.0232441178 0.129706666 716.78064 0 270.477 0 200
0.0425637587 0.914399982 -0.0229521117 0.139371023 721.783508 0 270.477 0 200
0.0411491691 0.914399982 -0.0226518022 0.150440753 726.974976 0 270.477 0 200
0.0397364416 0.914399982 -0.022342852 0.162263557 732.404175 0 270.477 0 200
0.0383257175 0.914399982 -0.0220248787 0.172572657 738.139587 0 270.477 0 200
0.0369171746 0.914399982 -0.0216973784 0.182896286 744.608582 0 270.477 0 200
0.0355109695 0.914399982 -0.0213599822 0.195063576 753.252258 0 270.477 0 200
0.0341072749 0.914399982 -0.0210122889 0.208341509 771.70697 0 270.477 0 200
0.0327062875 0.914399982 -0.0206538428 0.222251877 778.656982 0 270.477 0 200
0.0313082232 0.914399982 -0.02028416 0.236823857 787.561646 0 270.477 0 200
0.0299133791 0.914399982 -0.0199025065 0.252244204 799.186279 0 270.477 0 200
0.0285220582 0.914399982 -0.0195082032 0.268730521 803.364319 0 270.477 0 200
0.0271345876 0.914399982 -0.0191005583 0.286424518 837.846191 0 270.477 0 200
0.0257513186 0.914399982 -0.0186788765 0.305367529 838.257935 0 270.477 0 200
0.0243726298 0.914399982 -0.0182424523 0.325452894 806.742126 0 270.477 0 200
0.0229990677 0.914399982 -0.0177901514 0.346750915 804.525146 0 270.477 0 200
0.0216312253 0.914399982 -0.0173208367 0.369566202 810.044861 0 270.477 0 200
0.0202698272 0.914399982 -0.0168331443 0.394139826 815.421204 0 270.477 0 200
0.0189155406 0.914399982 -0.0163260384 0.42070955 821.438354 0 270.477 0 200
0.0175692503 0.914399982 -0.0157980695 0.449492484 827.617859 0 270.477 0 200
0.0162321003 0.914399982 -0.015247362 0.480480731 833.934875 0 270.477 0 200
0.0149055813 0.914399982 -0.0146715184 0.514105558 840.592224 0 270.477 0 200
0.0135911841 0.914399982 -0.0140685188 0.550847054 847.631592 0 270.477 0 200
0.0122907103 0.914399982 -0.0134360502 0.590646863 855.046936 0 270.477 0 200
0.0110067088 0.914399982 -0.0127707766 0.633939803 862.788696 0 270.477 0 200
0.00974255726 0.914399982 -0.0120685174 0.681448638 870.98175 0 270.477 0 200
0.00850202803 0.914399982 -0.0113253253 0.733038545 879.922485 0 270.477 0 200
0.00728978378 0.914399982 -0.0105368381 0.787293911 889.601624 0 270.477 0 200
0.00616084497 0.914399982 -0.00973202403 0.843176067 899.741516 0 270.477 0 200
0.00514277206 0.914399982 -0.00893097999 0.898147166 909.900452 0 270.477 0 200
0.00422996971 0.914399982 -0.00813515341 0.948616147 920.13092 0 270.477 0 200
0.00343643316 0.914399982 -0.00736356438 0.992527783 931.209229 0 270.477 0 200
0.00274285069 0.914399982 -0.00660441773 1.02668977 943.885376 0 270.477 0 200
0.00213648818 0.914399982 -0.00585018865 1.04852176 958.112732 0 270.477 0 200
0.00161211138 0.914399982 -0.00510044783 1.05377543 973.315125 0 270.477 0 200
0.00116988774 0.914399982 -0.00436125254 1.03825438 989.379456 0 270.477 0 200
0.000805392804 0.914399982 -0.00363199488 1.00064147 1007.6991 0 270.477 0 200
0.00051469137 0.914399982 -0.00291212333 0.937591672 1029.55933 0 270.477 0 200
0.000289792079 0.914399982 -0.00218676897 0.846399367 1054.45447 0 270.477 0 200
0.000128627554 0.914399982 -0.00145413345 0.726700127 1082.77783 0 270.477 0 200
3.20963786e-05 0.914399982 -0.000722702615 0.580676615 1116.2356 0.00336535228 270.53 1 200
-8.18412707e-09 0.914399982 -7.8016762e-10 0.411563605 1152.55713 0.0427267291 271.13 1 204.632233
3.17941236e-05 0.914399982 0.000719176834 0.226781651 1189.69702 0.0912546068 271.827 1 221.255157
0.000127329866 0.914399982 0.00144672079 0.0331834294 1227.43921 0.141191438 273.15 0.939220786 292.700043
0.000287011983 0.914399982 0.00217624136 -0.166205525 1265.45178 0.193206519 273.15 0.649117589 515.739685
0.000509847083 0.914399982 0.00289847388 -0.363221526 1303.89355 0.247097701 273.15 0.428450257 678.770752
0.000798755786 0.914399982 0.00361739139 -0.547579527 1338.99414 0.302195787 273.15 0.32690981 759.539429
0.00116083968 0.914399982 0.00434485961 -0.712596357 1368.56946 0.357529014 273.15 0.268643111 809.151062
0.00159974379 0.914399982 0.00508132568 -0.857361913 1392.79492 0.412476897 273.15 0.230415165 842.559753
0.00211753308 0.914399982 0.00582495707 -0.98104918 1406.36975 0.466877311 273.15 0.203403234 865.447449
0.00271975272 0.914399982 0.00657746412 -1.08347189 1406.42932 0.519893944 273.15 0.183153793 880.662964
0.00340675316 0.914399982 0.00733289967 -1.16518748 1391.41418 0.569994092 273.15 0.168798804 889.940674
0.00419414951 0.914399982 0.00810221109 -1.22583675 1351.19971 0.61523968 273.15 0.158394411 895.222534
0.00509625241 0.914399982 0.00889228885 -1.26907313 1286.33679 0.654335439 273.15 0.149418011 898.231812
0.00610047406 0.914399982 0.00968659439 -1.29951334 1210.15063 0.687047601 273.15 0.141835853 899.954956
0.00721725929 0.914399982 0.0104873709 -1.31640613 1117.25574 0.713151813 273.15 0.136499956 900.89093
0.00842161236 0.914399982 0.0112750257 -1.32254958 999.065186 0.731214821 273.15 0.133202866 901.37738
0.00965428513 0.914399982 0.0120175784 -1.32192075 867.077454 0.740134239 273.15 0.131390914 901.61792
0.0109107177 0.914399982 0.0127191791 -1.31617641 734.815491 0.740465701 273.15 0.131667793 901.592773
0.0121870365 0.914399982 0.0133839173 -1.30699873 610.250122 0.733144343 273.15 0.136716187 901.003784
0.0134799311 0.914399982 0.0140158115 -1.29506254 501.347382 0.7197631 273.15 0.153183192 899.075928
0.0147867318 0.914399982 0.0146184215 -1.28196728 403.901184 0.701726139 273.15 0.192776442 894.436157
0.016105753 0.914399982 0.0151937912 -1.26851094 336.888428 0.679644465 273.15 0.273770213 884.921753
0.0174353865 0.914399982 0.0157441928 -1.2544266 348.323975 0.654330254 273.15 0.251698017 887.413025
0.0187742445 0.914399982 0.0162717597 -1.23986161 383.412506 0.626393616 273.15 0.174410388 896.324951
0.0201210962 0.914399982 0.0167785712 -1.2253561 400.176849 0.596211493 273.15 0.138718575 900.238037
0.0214751029 0.914399982 0.0172659452 -1.21120918 425.927063 0.564643323 273.15 0.122897886 901.577881
0.022835535 0.914399982 0.0177350849 -1.19738722 458.664978 0.532375753 273.15 0.115649462 901.513672
0.0242017369 0.914399982 0.0181871468 -1.1837976 495.647552 0.499654561 273.15 0.112748295 900.348938
0.0255730686 0.914399982 0.0186234001 -1.17047894 531.73114 0.467360109 273.15 0.111771166 898.222717
0.0269490089 0.914399982 0.0190448927 -1.15753675 561.87439 0.436902106 273.15 0.109347165 895.743591
0.0283291553 0.914399982 0.0194524012 -1.14494324 586.445374 0.408749223 273.15 0.106360555 893.034912
0.0297131607 0.914399982 0.0198466051 -1.13263547 605.856506 0.382703304 273.15 0.104374513 889.917358
0.0311006962 0.914399982 0.020228198 -1.12057602 620.668396 0.358832836 273.15 0.103109755 886.568176
0.0324914619 0.914399982 0.020597845 -1.10877502 633.632568 0.337037981 273.15 0.102712989 883.018494
0.0338851739 0.914399982 0.0209562226 -1.09730434 644.360535 0.316858202 273.15 0.102972962 879.323181
0.0352815876 0.914399982 0.0213039246 -1.08621395 650.929565 0.297957629 273.15 0.10350962 875.615662
0.0366805184 0.914399982 0.0216413566 -1.07546389 654.273621 0.280371428 273.15 0.104356639 871.934509
0.0380818015 0.914399982 0.0219688835 -1.06499493 656.85614 0.264073759 273.15 0.105801344 868.172302
0.0394852649 0.914399982 0.0222869376 -1.0547986 659.65802 0.248814955 273.15 0.107984163 864.210205
0.0408907416 0.914399982 0.0225959739 -1.04484034 661.78125 0.234364107 273.15 0.110815771 860.03064
0.0422980875 0.914399982 0.0228963829 -1.03522122 662.180603 0.220699728 273.15 0.11418426 855.669922
0.0437071758 0.914399982 0.02318851 -1.02563679 661.034119 0.207856774 273.15 0.118159205 851.081299
0.0451179004 0.914399982 0.0234726299 -1.01512492 658.968018 0.195778891 273.15 0.122913867 846.13855
0.0465301623 0.914399982 0.0237490072 -1.00470603 656.373596 0.184337914 273.15 0.128642842 840.684631
0.0479438761 0.914399982 0.0240178595 -0.996342182 653.759155 0.173390612 273.15 0.135643378 834.490112
0.0493589461 0.914399982 0.0242794793 -0.988665581 651.442383 0.162925348 273.15 0.144298881 827.278625
0.0507752826 0.914399982 0.0245341536 -0.980570078 649.694397 0.1529468 273.15 0.155144095 818.671692
0.0521928037 0.914399982 0.0247821493 -0.972495079 648.454895 0.143479988 273.15 0.168900594 808.154541
0.053611457 0.914399982 0.0250235848 -0.96418047 647.103394 0.134468243 273.15 0.186505586 795.05188
0.0550311681 0.914399982 0.0252587197 -0.956368148 646.24939 0.125821963 273.15 0.209838599 778.035156
0.0564518876 0.914399982 0.025487683 -0.948960662 657.089539 0.117526591 273.15 0.245914668 752.314575
0.0578735603 0.914399982 0.0257106511 -0.941360235 692.676636 0.10954725 273.15 0.309782475 707.498901
0.0592961273 0.914399982 0.0259278406 -0.93386358 685.205444 0.101920746 273.15 0.394643486 647.824951
0.0607195509 0.914399982 0.026139343 -0.926492393 645.756226 0.0947138667 273.15 0.527664065 554.377808
0.0621437714 0.914399982 0.026345411 -0.919248343 635.826172 0.087814942 273.15 0.860380709 321.968872
0.063568751 0.914399982 0.0265461631 -0.912144721 631.298218 0.0810171515 273.15 0.993022799 226.195618
0.064994453 0.914399982 0.0267417178 -0.905163527 627.745789 0.074417688 272.554 1 218.265625
0.066420846 0.914399982 0.0269321681 -0.898284733 624.479431 0.0682163239 272.391 1 214.933701
0.0678478935 0.914399982 0.0271176497 -0.891503036 621.401978 0.0623189472 272.234 1 212.395767
0.0692755612 0.914399982 0.0272982955 -0.884824216 618.541443 0.0566234961 272.081 1 210.146606
0.0707038184 0.914399982 0.0274742205 -0.878249705 615.929626 0.0511479713 271.932 1 208.205109
0.0721326342 0.914399982 0.0276455485 -0.871777892 613.464844 0.0458559953 271.787 1 206.549667
0.0735619812 0.914399982 0.0278123874 -0.865408838 611.060242 0.040747311 271.645 1 205.138962
0.0749918329 0.914399982 0.0279748443 -0.859140158 608.711121 0.0358316712 271.508 1 203.957947
0.076422167 0.914399982 0.028132998 -0.852965057 606.401001 0.0310887415 271.375 1 202.967651
0.0778529609 0.914399982 0.0282869361 -0.846873343 604.131042 0.0265434925 271.247 1 202.156906
0.0792841958 0.914399982 0.0284367182 -0.840854645 601.903198 0.0221793205 271.123 1 201.502914
0.0807158493 0.914399982 0.0285824455 -0.83489573 599.735779 0.0180080067 271.003 1 200.989532
0.0821479085 0.914399982 0.0287241284 -0.829009473 597.649963 0.014027494 270.888 1 200.600296
0.0835803295 0.914399982 0.0288621061 -0.82322073 595.605957 0.0101993084 270.777 1 200.317474
0.085013118 0.914399982 0.028996215 -0.817545295 593.565491 0.00652958127 270.67 1 200.129883
0.0864462491 0.914399982 0.029126612 -0.811916649 591.530212 0.00303186825 270.567 1 200.027908
0.0878797114 0.914399982 0.0292533156 -0.806540191 589.501831 0 270.477 0 200
0.0893124563 0.914399982 0.0293763726 -0.801323056 587.485779 0 270.477 0 200
0.0908171694 0.914399982 0.0295016658 -0.795569777 585.486877 0 270.477 0 200
0.0923974449 0.914399982 0.029629238 -0.789577365 583.505432 0 270.477 0 200
0.0940570855 0.914399982 0.0297587638 -0.783460975 581.541687 0 270.477 0 200
0.0958000717 0.914399982 0.0298900254 -0.776321054 579.594482 0 270.477 0 200
0.0976305922 0.914399982 0.0300226413 -0.769473433 577.664368 0 270.477 0 200
0.0995530378 0.914399982 0.0301562624 -0.763208687 575.749817 0 270.477 0 200
0.101572004 0.914399982 0.0302907139 -0.756299555 573.851074 0 270.477 0 200
0.103692349 0.914399982 0.0304252619 -0.749051809 571.970581 0 270.477 0 200
0.105919135 0.914399982 0.0305597031 -0.741495609 570.117676 0 270.477 0 200
0.108257701 0.914399982 0.0306933597 -0.732926786 568.291138 0 270.477 0 200
0.110713646 0.914399982 0.0308255783 -0.724371672 566.487732 0 270.477 0 200
0.113292837 0.914399982 0.0309558151 -0.716861606 564.762939 0 270.477 0 200
0.115868178 0.914399982 0.0310772345 -0.709001303 562.447449 0 270.477 0 200
0.118443899 0.914399982 0.0311902827 -0.700779498 560.0177 0 270.477 0 200
0.121019967 0.914399982 0.0312951718 -0.692780852 558.125427 0 270.477 0 200
0.123596345 0.914399982 0.0313921188 -0.684879482 556.207947 0 270.477 0 200
0.126173003 0.914399982 0.0314813059 -0.677084386 554.274414 0 270.477 0 200
0.128749911 0.914399982 0.0315629617 -0.669387043 552.247742 0 270.477 0 200
0.131327042 0.914399982 0.0316372545 -0.661785424 550.099365 0 270.477 0 200
0.13390437 0.914399982 0.0317043525 -0.654279888 547.851807 0 270.477 0 200
0.136481871 0.914399982 0.0317644283 -0.646870196 545.483337 0 270.477 0 200
0.139059525 0.914399982 0.031817584 -0.639558375 542.97052 0 270.477 0 200
0.141637309 0.914399982 0.0318639853 -0.632368147 540.419678 0 270.477 0 200
0.144215202 0.914399982 0.0319038691 -0.625440657 537.821716 0 270.477 0 200
0.146793186 0.914399982 0.031937372 -0.618330181 535.144409 0 270.477 0 200
0.149371244 0.914399982 0.0319645981 -0.610714018 532.557373 0 270.477 0 200
0.15194936 0.914399982 0.0319855684 -0.603230834 529.993225 0 270.477 0 200
0.154527518 0.914399982 0.0320005731 -0.596427441 527.438049 0 270.477 0 200
0.157105703 0.914399982 0.032009777 -0.590221643 524.909607 0 270.477 0 200
0.159683902 0.914399982 0.0320131373 -0.584005892 522.436035 0 270.477 0 200
0.162262103 0.914399982 0.0320108359 -0.576820612 519.958374 0 270.477 0 200
0.164840292 0.914399982 0.032003077 -0.569398403 517.286804 0 270.477 0 200
0.16741846 0.914399982 0.0319898652 -0.56328398 514.471741 0 270.477 0 200
0.169996595 0.914399982 0.0319712932 -0.557256341 511.954254 0 270.477 0 200
0.172574688 0.914399982 0.0319476332 -0.550725639 510.018524 0 270.477 0 200
0.175152728 0.914399982 0.0319187767 -0.544374287 508.636444 0 270.477 0 200
0.177730707 0.914399982 0.0318849457 -0.538069725 507.419128 0 270.477 0 200
0.180308619 0.914399982 0.0318462868 -0.531852603 505.877502 0 270.477 0 200
0.182886452 0.914399982 0.0318026742 -0.525717854 503.998169 0 270.477 0 200
0.185464202 0.914399982 0.0317544544 -0.51979965 501.884003 0 270.477 0 200
0.188041861 0.914399982 0.0317015621 -0.513419867 499.702301 0 270.477 0 200
0.190619423 0.914399982 0.0316441414 -0.506790698 497.649872 0 270.477 0 200
0.193196883 0.914399982 0.031582296 -0.501152813 495.693359 0 270.477 0 200
0.195774232 0.914399982 0.0315160055 -0.495623171 493.717102 0 270.477 0 200
0.198351471 0.914399982 0.0314455328 -0.489740491 491.710632 0 270.477 0 200
0.200928586 0.914399982 0.0313706944 -0.484071791 489.75238 0 270.477 0 200
0.203505582 0.914399982 0.0312918604 -0.478143126 487.769287 0 270.477 0 200
0.206082447 0.914399982 0.0312088442 -0.47202599 485.767365 0 270.477 0 200
0.208659183 0.914399982 0.0311219381 -0.466394424 483.828949 0 270.477 0 200
0.211235781 0.914399982 0.0310310196 -0.460860133 481.887817 0 270.477 0 200
0.213812243 0.914399982 0.0309363212 -0.455248773 479.969086 0 270.477 0 200
0.216388561 0.914399982 0.0308377791 -0.449783683 478.11438 0 270.477 0 200
0.218964735 0.914399982 0.0307355713 -0.444241256 476.277618 0 270.477 0 200
0.221540761 0.914399982 0.0306296625 -0.438685387 474.493622 0 270.477 0 200
0.224116638 0.914399982 0.0305202144 -0.433196783 472.749878 0 270.477 0 200
0.226692361 0.914399982 0.0304071745 -0.427774787 471.049408 0 270.477 0 200
0.229267931 0.914399982 0.0302907237 -0.422451645 469.398285 0 270.477 0 200
0.231843342 0.914399982 0.0301707915 -0.417306751 467.786011 0 270.477 0 200
0.234418597 0.914399982 0.0300475797 -0.412144125 466.22348 0 270.477 0 200
0.236993689 0.914399982 0.0299209855 -0.406704813 464.689972 0 270.477 0 200
0.239568624 0.914399982 0.0297912424 -0.401145279 463.19458 0 270.477 0 200
0.242143391 0.914399982 0.0296581954 -0.395867109 461.733398 0 270.477 0 200
0.244717998 0.914399982 0.0295221146 -0.390836209 460.282288 0 270.477 0 200
0.247292435 0.914399982 0.0293828288 -0.385829836 459.051331 0 270.477 0 200
0.24986671 0.914399982 0.0292405987 -0.380952507 459.497467 0 270.477 0 200
0.252440814 0.914399982 0.0290952986 -0.376006186 458.668213 0 270.477 0 200
0.255014754 0.914399982 0.0289471127 -0.370952815 455.731628 0 270.477 0 200
0.257588522 0.914399982 0.0287959881 -0.365956217 453.770782 0 270.477 0 200
0.260162123 0.914399982 0.0286420252 -0.360984325 452.254883 0 270.477 0 200
0.262735553 0.914399982 0.0284852469 -0.356042713 450.801666 0 270.477 0 200
0.265308812 0.914399982 0.0283256815 -0.351129055 449.185944 0 270.477 0 200
0.267881903 0.914399982 0.0281634281 -0.34624368 447.3992 0 270.477 0 200
0.27045482 0.914399982 0.0279984376 -0.341382772 446.274139 0 270.477 0 200
0.273027571 0.914399982 0.0278308701 -0.336542577 456.35498 0 270.477 0 200
0.275600144 0.914399982 0.0276606079 -0.331692755 472.211456 0 270.477 0 200
0.278172552 0.914399982 0.02748786 -0.326819897 478.838287 0 270.477 0 200
0.280744782 0.914399982 0.0273124906 -0.322012991 479.44632 0 270.477 0 200
0.283316846 0.914399982 0.0271346928 -0.317315012 462.966705 0 270.477 0 200
0.285888735 0.914399982 0.0269543875 -0.312655926 443.913208 0 270.477 0 200
0.288460455 0.914399982 0.0267716903 -0.308009177 439.632263 0 270.477 0 200
0.291032003 0.914399982 0.0265865738 -0.303381622 437.580719 0 270.477 0 200
0.29360338 0.914399982 0.026399104 -0.298769712 435.902039 0 270.477 0 200
0.296174586 0.914399982 0.0262093064 -0.29417631 434.196594 0 270.477 0 200
0.29874562 0.914399982 0.0260171953 -0.289601147 432.595612 0 270.477 0 200
0.301316486 0.914399982 0.0258228425 -0.285044968 431.086578 0 270.477 0 200
0.303887178 0.914399982 0.0256262152 -0.280507356 429.642334 0 270.477 0 200
0.306457704 0.914399982 0.0254274166 -0.275988132 428.241852 0 270.477 0 200
0.309028056 0.914399982 0.025226386 -0.271486849 426.884888 0 270.477 0 200
0.311598243 0.914399982 0.0250232499 -0.26700297 425.557739 0 270.477 0 200
0.314168256 0.914399982 0.0248179235 -0.262535959 424.260406 0 270.477 0 200
0.316738104 0.914399982 0.0246105535 -0.258085519 422.992828 0 270.477 0 200
0.319307779 0.914399982 0.0244010446 -0.253650606 421.750977 0 270.477 0 200
0.32187729 0.914399982 0.0241895324 -0.249229595 420.534607 0 270.477 0 200
0.324446629 0.914399982 0.0239759379 -0.244820878 419.341858 0 270.477 0 200
0.327015803 0.914399982 0.0237603734 -0.240423128 418.172852 0 270.477 0 200
0.329584806 0.914399982 0.0235427819 -0.236036122 417.023773 0 270.477 0 200
0.332153644 0.914399982 0.0233232546 -0.231659323 415.893311 0 270.477 0 200
0.334722314 0.914399982 0.0231017543 -0.227291375 414.778656 0 270.477 0 200
0.337290817 0.914399982 0.0228783444 -0.222929627 413.683533 0 270.477 0 200
0.339859154 0.914399982 0.0226530243 -0.218569085 412.599884 0 270.477 0 200
0.342427324 0.914399982 0.0224258003 -0.214204431 411.530945 0 270.477 0 200
0.344995329 0.914399982 0.0221967295 -0.209821552 410.473846 0 270.477 0 200
0.347563164 0.914399982 0.0219657647 -0.205436915 409.427338 0 270.477 0 200
0.350130838 0.914399982 0.0217330137 -0.201108187 408.390472 0 270.477 0 200
0.352698341 0.914399982 0.0214983804 -0.196831539 407.360199 0 270.477 0 200
0.355265681 0.914399982 0.0212619755 -0.192355826 406.338318 0 270.477 0 200
0.357832846 0.914399982 0.0210236648 -0.187778696 405.320496 0 270.477 0 200
0.360399856 0.914399982 0.020783702 -0.183564976 404.307037 0 270.477 0 200
0.362966707 0.914399982 0.0205420412 -0.179440483 403.312225 0 270.477 0 200
0.365533374 0.914399982 0.0202984401 -0.175156221 402.287292 0 270.477 0 200
0.368099885 0.914399982 0.0200531987 -0.170873299 401.249207 0 270.477 0 200
0.37066624 0.914399982 0.0198063264 -0.166580707 400.243622 0 270.477 0 200
0.373232409 0.914399982 0.0195575285 -0.162275717 399.238159 0 270.477 0 200
0.375798423 0.914399982 0.0193071313 -0.157964617 398.227264 0 270.477 0 200
0.378364279 0.914399982 0.019055128 -0.153652668 397.214142 0 270.477 0 200
0.38092995 0.914399982 0.0188012431 -0.149330258 396.194305 0 270.477 0 200
0.383495464 0.914399982 0.0185457892 -0.145000875 395.16803 0 270.477 0 200
0.386060815 0.914399982 0.0182886908 -0.140668109 394.418732 0 270.477 0 200
0.388625987 0.914399982 0.0180298195 -0.136326179 393.09903 0 270.477 0 200
0.391191004 0.914399982 0.0177694106 -0.131976351 391.779633 0 270.477 0 200
0.393755845 0.914399982 0.017507271 -0.127617702 391.009003 0 270.477 0 200
0.396320517 0.914399982 0.0172434929 -0.123248592 389.950439 0 270.477 0 200
0.39888503 0.914399982 0.0169781651 -0.118869819 388.92984 0 270.477 0 200
0.401449356 0.914399982 0.016711047 -0.114477292 387.911102 0 270.477 0 200
0.404013528 0.914399982 0.0164424431 -0.110071316 386.845001 0 270.477 0 200
0.406577516 0.914399982 0.0161720962 -0.105651386 385.795837 0 270.477 0 200
0.409141339 0.914399982 0.0159001827 -0.101215996 384.759644 0 270.477 0 200
0.41170499 0.914399982 0.0156266566 -0.0967660099 383.67981 0 270.477 0 200
0.414268464 0.914399982 0.015351477 -0.0922987163 382.613831 0 270.477 0 200
0.416831768 0.914399982 0.0150747174 -0.0878129303 381.557159 0 270.477 0 200
0.419394891 0.914399982 0.0147962876 -0.0833081529 380.467712 0 270.477 0 200
0.421957846 0.914399982 0.0145163095 -0.0787834153 379.4021 0 270.477 0 200
0.424520615 0.914399982 0.0142346401 -0.0742376149 378.318542 0 270.477 0 200
0.427083212 0.914399982 0.0139514141 -0.0696699545 377.213776 0 270.477 0 200
0.429645627 0.914399982 0.0136665334 -0.0650786906 376.146057 0 270.477 0 200
0.432207861 0.914399982 0.0133800351 -0.0604621917 375.049042 0 270.477 0 200
0.434769915 0.914399982 0.0130919408 -0.0558203608 373.947815 0 270.477 0 200
0.437331782 0.914399982 0.0128021761 -0.051152315 372.845764 0 270.477 0 200
0.439893474 0.914399982 0.0125108748 -0.0464568213 371.728088 0 270.477 0 200
0.442454967 0.914399982 0.0122178211 -0.0417307168 370.634338 0 270.477 0 200
0.445016278 0.914399982 0.0119231912 -0.0369744003 369.519257 0 270.477 0 200
0.447577404 0.914399982 0.011626955 -0.0321884677 368.394287 0 270.477 0 200
0.45013833 0.914399982 0.0113289909 -0.0273689553 367.268127 0 270.477 0 200
0.452699069 0.914399982 0.0110294258 -0.0225167461 366.129883 0 270.477 0 200
0.455259619 0.914399982 0.0107282484 -0.0176321957 365.34317 0 270.477 0 200
0.457819962 0.914399982 0.0104253199 -0.0127106216 363.831665 0 270.477 0 200
0.460380109 0.914399982 0.0101207367 -0.00775193051 362.272156 0 270.477 0 200
0.462940061 0.914399982 0.00981451781 -0.00275849202 361.422668 0 270.477 0 200
0.46549981 0.914399982 0.00950660895 0.00227112509 360.258118 0 270.477 0 200
0.468059357 0.914399982 0.00919701723 0.00733929174 359.070557 0 270.477 0 200
0.47061869 0.914399982 0.0088856712 0.0124473162 357.864319 0 270.477 0 200
0.473177816 0.914399982 0.0085726292 0.0175946746 356.651947 0 270.477 0 200
0.475736732 0.914399982 0.00825786855 0.0227804855 355.41156 0 270.477 0 200
0.478295434 0.914399982 0.00794137496 0.0280050114 354.167725 0 270.477 0 200
0.480853921 0.914399982 0.00762314525 0.033267986 352.891205 0 270.477 0 200
0.483412189 0.914399982 0.00730316753 0.0385691337 351.578766 0 270.477 0 200
0.485970238 0.914399982 0.00698143863 0.0439086817 350.280487 0 270.477 0 200
0.488528057 0.914399982 0.00665788786 0.049286779 348.937347 0 270.477 0 200
0.491085649 0.914399982 0.0063325434 0.0547024123 347.541382 0 270.477 0 200
0.493643014 0.914399982 0.00600542351 0.0601534508 346.139221 0 270.477 0 200
0.496200149 0.914399982 0.0056765146 0.0656394586 344.70929 0 270.477 0 200
0.498757039 0.914399982 0.00534570177 0.0711606145 343.229614 0 270.477 0 200
0.501313699 0.914399982 0.00501311406 0.0767155662 341.709076 0 270.477 0 200
0.503870103 0.914399982 0.00467856306 0.0823027268 340.150421 0 270.477 0 200
0.50642627 0.914399982 0.0043422108 0.0879203752 338.555206 0 270.477 0 200
0.508982184 0.914399982 0.0040039379 0.0935636386 336.914551 0 270.477 0 200
0.511537855 0.914399982 0.00366384071 0.0992331505 335.217468 0 270.477 0 200
0.514093255 0.914399982 0.00332170415 0.104922794 333.46814 0 270.477 0 200
0.516648403 0.914399982 0.00297770244 0.110637523 331.65979 0 270.477 0 200
0.519203289 0.914399982 0.00263174854 0.116353154 329.779572 0 270.477 0 200
0.521757904 0.914399982 0.00228380711 0.122094125 327.83371 0 270.477 0 200
0.524312244 0.914399982 0.00193384576 0.127778098 325.823975 0 270.477 0 200
0.526866315 0.914399982 0.00158192817 0.133411393 323.726074 0 270.477 0 200
0.52942009 0.914399982 0.00122787388 0.138040081 321.526825 0 270.477 0 200
0.531069981 0.914399982 0.000998093031 0.141670078 319.240723 0 270.477 0 200
0.532101091 0.914399982 0.000853961954 0.143584982 316.84436 0 270.477 0 200
0.532745525 0.914399982 0.000763814193 0.144108891 314.324493 0 270.477 0 200
0.533148284 0.914399982 0.000707382481 0.144281775 311.691345 0 270.477 0 200
0.533400004 0.914399982 0.000672085901 0.140992299 308.910461 0 270.477 0 200
0.533400001 0.914399982 0.000582474699 0.133648947 305.957184 0 270.477 0 200
0.533399997 0.914399982 0.000492863497 0.137768522 302.838776 0 270.477 0 200
0.533399993 0.914399982 0.000403252296 0.137671769 299.554047 0 270.477 0 200
0.533399989 0.914399982 0.000313641094 0.138662681 296.043427 0 270.477 0 200
0.533399987 0.914399982 0.000224029892 0.139365599 292.277557 0 270.477 0 200
0.533399989 0.914399982 0.000134418691 0.140064493 288.24469 0 270.477 0 200
0.53339999 0.914399982 4.48074889e-05 0.140482619 283.87851 0 270.477 0 200
0.533399991 0.914399982 -4.48037127e-05 0.140569583 279.483734 0 270.477 0 200
0.533399993 0.914399982 -0.000134414914 0.140322626 275.982025 0 270.477 0 200
0.533399994 0.914399982 -0.000224026116 0.139632747 273.771912 0 270.477 0 200
0.533399998 0.914399982 -0.000313637317 0.138982832 273.567108 0 270.477 0 200
0.533400005 0.914399982 -0.000403248519 0.137475193 276.224426 0 270.477 0 200
0.533400012 0.914399982 -0.00049285972 0.138106555 297.263 0 270.477 0 200
0.533400018 0.914399982 -0.00058247092 0.130735666 282.117615 0 270.477 0 200

ZONE T="SLICE_Y_0p9144_BINS03_KS_0p5mm_CUTDATA_VAR_DENSITY"
0.533400018 0.914399982 -0.00058247092 0.130735666 157.869598 0 270.477 0 200
0.533400004 0.914399982 -0.000672082119 0.143050954 164.929733 0 270.477 0 200
0.533148466 0.914399982 -0.000707354403 0.147099599 180.712479 0 270.477 0 200
0.532745998 0.914399982 -0.000763745625 0.145698696 190.822479 0 270.477 0 200
0.53210203 0.914399982 -0.000853827126 0.144994646 200.822006 0 270.477 0 200
0.531071666 0.914399982 -0.00099785339 0.142481029 203.443604 0 270.477 0 200
0.529422969 0.914399982 -0.00122746797 0.138313934 199.668167 0 270.477 0 200
0.526873095 0.914399982 -0.00158098831 0.133275494 195.183578 0 270.477 0 200
0.524322926 0.914399982 -0.00193237185 0.127455518 189.727661 0 270.477 0 200
0.521772489 0.914399982 -0.0022818114 0.121918604 178.542496 0 270.477 0 200
0.519221778 0.914399982 -0.00262923523 0.11659202 161.757629 0 270.477 0 200
0.516670797 0.914399982 -0.0029746773 0.111534767 141.138336 0 270.477 0 200
0.514119553 0.914399982 -0.00331817313 0.106683798 114.139648 0 270.477 0 200
0.511568058 0.914399982 -0.00365979377 0.102040984 128.422501 0 270.477 0 200
0.509016294 0.914399982 -0.00399940552 0.0975838751 128.422501 0 270.477 0 200
0.506464287 0.914399982 -0.00433718384 0.0933021381 210.105042 0 270.477 0 200
0.50391203 0.914399982 -0.00467306469 0.0891818851 197.564346 0 270.477 0 200
0.501359535 0.914399982 -0.00500713669 0.0852180272 167.011215 0 270.477 0 200
0.498806784 0.914399982 -0.00533924521 0.081400767 158.133194 0 270.477 0 200
0.496253803 0.914399982 -0.00566957616 0.0777173191 156.397095 0 270.477 0 200
0.49370058 0.914399982 -0.00599804175 0.074158892 157.968246 0 270.477 0 200
0.491147126 0.914399982 -0.00632469778 0.0707168728 161.737015 0 270.477 0 200
0.488593446 0.914399982 -0.00664958131 0.067382805 167.047272 0 270.477 0 200
0.48603954 0.914399982 -0.00697269046 0.0641525984 172.755936 0 270.477 0 200
0.483485406 0.914399982 -0.00729398822 0.0610221364 178.396362 0 270.477 0 200
0.480931051 0.914399982 -0.00761352572 0.0579839237 183.899017 0 270.477 0 200
0.478376479 0.914399982 -0.00793132724 0.0550314859 189.244644 0 270.477 0 200
0.475821692 0.914399982 -0.00824739351 0.0521608591 194.419876 0 270.477 0 200
0.473266692 0.914399982 -0.00856172802 0.0493677408 199.435425 0 270.477 0 200
0.470711482 0.914399982 -0.00887435928 0.0466484576 204.296082 0 270.477 0 200
0.468156063 0.914399982 -0.00918526844 0.0440011285 209.014999 0 270.477 0 200
0.465600434 0.914399982 -0.00949445508 0.0414224416 213.589935 0 270.477 0 200
0.463044603 0.914399982 -0.00980196434 0.0389072783 218.036041 0 270.477 0 200
0.460488571 0.914399982 -0.0101077948 0.0364503413 222.347 0 270.477 0 200
0.457932344 0.914399982 -0.0104119964 0.0340503752 226.537842 0 270.477 0 200
0.455375917 0.914399982 -0.0107145051 0.0317106359 230.612656 0 270.477 0 200
0.452819289 0.914399982 -0.0110153132 0.029427221 234.559479 0 270.477 0 200
0.450262471 0.914399982 -0.0113145094 0.0271910578 238.399628 0 270.477 0 200
0.447705468 0.914399982 -0.0116121166 0.0250041727 242.165161 0 270.477 0 200
0.44514826 0.914399982 -0.01190795 0.0228664968 245.832733 0 270.477 0 200
0.442590872 0.914399982 -0.0122022341 0.0207696781 249.384644 0 270.477 0 200
0.440033299 0.914399982 -0.0124948975 0.0187132023 252.846497 0 270.477 0 200
0.437475532 0.914399982 -0.0127858649 0.0166958906 256.226135 0 270.477 0 200
0.434917592 0.914399982 -0.0130753062 0.0147142196 259.519714 0 270.477 0 200
0.432359457 0.914399982 -0.01336302 0.0127647314 262.730499 0 270.477 0 200
0.42980115 0.914399982 -0.0136492021 0.0108398413 265.874176 0 270.477 0 200
0.427242658 0.914399982 -0.013933718 0.00892991107 268.949982 0 270.477 0 200
0.424683989 0.914399982 -0.0142166417 0.00702227838 271.956848 0 270.477 0 200
0.422125141 0.914399982 -0.0144979481 0.00517276023 274.882416 0 270.477 0 200
0.419566117 0.914399982 -0.0147776435 0.00334951188 277.741699 0 270.477 0 200
0.417006917 0.914399982 -0.0150557235 0.00153657189 280.570312 0 270.477 0 200
0.414447544 0.914399982 -0.0153322065 -0.000214122934 283.330811 0 270.477 0 200
0.411887994 0.914399982 -0.0156070442 -0.00193263439 286.016174 0 270.477 0 200
0.409328275 0.914399982 -0.0158803148 -0.00362411793 288.678864 0 270.477 0 200
0.406768377 0.914399982 -0.0161518946 -0.00529484311 291.28302 0 270.477 0 200
0.404208323 0.914399982 -0.0164219968 -0.00694267778 293.824127 0 270.477 0 200
0.401648078 0.914399982 -0.0166902858 -0.00856601354 296.34549 0 270.477 0 200
0.399087677 0.914399982 -0.0169570843 -0.0101694437 298.817566 0 270.477 0 200
0.396527101 0.914399982 -0.0172221887 -0.0117530758 301.245605 0 270.477 0 200
0.393966355 0.914399982 -0.0174856599 -0.013320839 303.636536 0 270.477 0 200
0.391405453 0.914399982 -0.0177475985 -0.0148684094 305.9935 0 270.477 0 200
0.388844364 0.914399982 -0.0180077128 -0.016393479 308.301117 0 270.477 0 200
0.386283121 0.914399982 -0.0182662943 -0.0179037787 310.568176 0 270.477 0 200
0.383721709 0.914399982 -0.0185232101 -0.0193964709 312.828339 0 270.477 0 200
0.381160124 0.914399982 -0.0187783802 -0.0208723824 315.05661 0 270.477 0 200
0.378598383 0.914399982 -0.0190319891 -0.0223341323 317.256348 0 270.477 0 200
0.376036469 0.914399982 -0.01928384 -0.0237766746 319.428528 0 270.477 0 200
0.373474386 0.914399982 -0.0195339749 -0.0252052918 321.585388 0 270.477 0 200
0.370912148 0.914399982 -0.0197825124 -0.0266218316 323.708313 0 270.477 0 200
0.368349737 0.914399982 -0.0200292581 -0.0280184466 325.805786 0 270.477 0 200
0.365787158 0.914399982 -0.020274252 -0.0294020455 327.893463 0 270.477 0 200
0.363224424 0.914399982 -0.0205176118 -0.0307805613 329.941711 0 270.477 0 200
0.360661519 0.914399982 -0.0207591794 -0.0321471468 331.993225 0 270.477 0 200
0.358098443 0.914399982 -0.020998914 -0.0335129015 334.0159 0 270.477 0 200
0.35553521 0.914399982 -0.0212369703 -0.0349025279 336.011932 0 270.477 0 200
0.352971818 0.914399982 -0.021473304 -0.036250677 338.0112 0 270.477 0 200
0.35040825 0.914399982 -0.0217077242 -0.0375907756 339.969757 0 270.477 0 200
0.347844519 0.914399982 -0.0219403511 -0.0389496572 341.944305 0 270.477 0 200
0.345280622 0.914399982 -0.022171153 -0.040269915 343.899445 0 270.477 0 200
0.342716559 0.914399982 -0.0224000883 -0.0415747128 345.806732 0 270.477 0 200
0.340152332 0.914399982 -0.0226271915 -0.0428645909 347.772491 0 270.477 0 200
0.337587935 0.914399982 -0.0228523647 -0.0441421308 349.716156 0 270.477 0 200
0.335023377 0.914399982 -0.0230756951 -0.0454083569 351.616913 0 270.477 0 200
0.332458647 0.914399982 -0.0232970391 -0.0466641858 353.623077 0 270.477 0 200
0.329893756 0.914399982 -0.0235165074 -0.0479105823 355.704742 0 270.477 0 200
0.327328693 0.914399982 -0.0237339581 -0.0491471924 358.067902 0 270.477 0 200
0.324763467 0.914399982 -0.0239494825 -0.0503741764 361.90448 0 270.477 0 200
0.32219807 0.914399982 -0.0241629526 -0.0515918657 369.847015 0 270.477 0 200
0.319632509 0.914399982 -0.0243744464 -0.052800674 369.249146 0 270.477 0 200
0.317066776 0.914399982 -0.0245838475 -0.0540005118 363.791412 0 270.477 0 200
0.314500879 0.914399982 -0.0247912231 -0.055191271 365.414917 0 270.477 0 200
0.311934809 0.914399982 -0.0249964552 -0.0563731045 367.357208 0 270.477 0 200
0.309368575 0.914399982 -0.0251996226 -0.0575454608 369.123077 0 270.477 0 200
0.306802167 0.914399982 -0.0254005786 -0.0587081574 370.871796 0 270.477 0 200
0.304235595 0.914399982 -0.0255994314 -0.0598606877 372.600891 0 270.477 0 200
0.301668847 0.914399982 -0.0257960025 -0.0610033087 374.322144 0 270.477 0 200
0.299101936 0.914399982 -0.0259904291 -0.0621357113 376.040741 0 270.477 0 200
0.296534849 0.914399982 -0.0261825112 -0.0632572249 377.754822 0 270.477 0 200
0.293967597 0.914399982 -0.026372379 -0.0643683672 379.467072 0 270.477 0 200
0.29140017 0.914399982 -0.0265598687 -0.065468885 381.177643 0 270.477 0 200
0.288832576 0.914399982 -0.0267450536 -0.0665587708 382.887207 0 270.477 0 200
0.286264808 0.914399982 -0.0269278228 -0.0676375851 384.596313 0 270.477 0 200
0.283696871 0.914399982 -0.027108193 -0.0687055364 386.305023 0 270.477 0 200
0.281128764 0.914399982 -0.0272861165 -0.0697620511 388.014648 0 270.477 0 200
0.278560484 0.914399982 -0.0274615405 -0.0708067268 389.729584 0 270.477 0 200
0.275992036 0.914399982 -0.0276344787 -0.0718376637 391.448669 0 270.477 0 200
0.273423413 0.914399982 -0.0278048054 -0.0728544891 393.177307 0 270.477 0 200
0.270854625 0.914399982 -0.0279726101 -0.0738568678 394.915466 0 270.477 0 200
0.268285659 0.914399982 -0.0281376881 -0.0748469755 396.664886 0 270.477 0 200
0.26571653 0.914399982 -0.028300188 -0.0758316517 398.426331 0 270.477 0 200
0.263147224 0.914399982 -0.028459889 -0.0768045112 400.202759 0 270.477 0 200
0.260577754 0.914399982 -0.0286169049 -0.0777835548 401.992798 0 270.477 0 200
0.258008111 0.914399982 -0.028771076 -0.0786937177 403.799347 0 270.477 0 200
0.255438301 0.914399982 -0.028922435 -0.0795654655 405.62262 0 270.477 0 200
0.252868322 0.914399982 -0.0290709003 -0.0806162283 407.46463 0 270.477 0 200
0.250298175 0.914399982 -0.0292164224 -0.0814057887 409.332336 0 270.477 0 200
0.247727863 0.914399982 -0.0293590095 -0.081850417 411.216339 0 270.477 0 200
0.245157382 0.914399982 -0.0294985138 -0.0826405063 413.171234 0 270.477 0 200
0.24258674 0.914399982 -0.0296350232 -0.0835920274 415.163513 0 270.477 0 200
0.240015929 0.914399982 -0.0297683111 -0.0845692679 417.103851 0 270.477 0 200
0.237444962 0.914399982 -0.0298985357 -0.0856532082 419.121124 0 270.477 0 200
0.234873826 0.914399982 -0.0300254017 -0.0865266472 421.235779 0 270.477 0 200
0.232302536 0.914399982 -0.0301491055 -0.0872997046 423.355194 0 270.477 0 200
0.229731084 0.914399982 -0.0302693739 -0.0880378336 425.522461 0 270.477 0 200
0.227159479 0.914399982 -0.0303863483 -0.0886804312 427.754272 0 270.477 0 200
0.224587715 0.914399982 -0.0304997754 -0.0893127695 430.067871 0 270.477 0 200
0.222015803 0.914399982 -0.0306097783 -0.089937754 432.494568 0 270.477 0 200
0.219443737 0.914399982 -0.0307161302 -0.0904760957 435.095581 0 270.477 0 200
0.216871527 0.914399982 -0.0308189225 -0.0910343975 438.07309 0 270.477 0 200
0.214299169 0.914399982 -0.0309179571 -0.0916729271 442.547058 0 270.477 0 200
0.211726672 0.914399982 -0.0310133087 -0.0922248438 454.439301 0 270.477 0 200
0.209154032 0.914399982 -0.0311047418 -0.0927060768 465.374054 0 270.477 0 200
0.206581261 0.914399982 -0.0311923774 -0.0931625962 475.743835 0 270.477 0 200
0.204008353 0.914399982 -0.0312759312 -0.0935895666 481.72998 0 270.477 0 200
0.201435322 0.914399982 -0.0313555734 -0.0939842835 472.510284 0 270.477 0 200
0.198862163 0.914399982 -0.0314309729 -0.094343394 458.990448 0 270.477 0 200
0.196288888 0.914399982 -0.0315023188 -0.0946642905 453.2323 0 270.477 0 200
0.193715495 0.914399982 -0.0315692775 -0.0949427634 455.434998 0 270.477 0 200
0.191141995 0.914399982 -0.0316319752 -0.0951787457 457.792908 0 270.477 0 200
0.18856839 0.914399982 -0.0316902003 -0.0953699052 460.202454 0 270.477 0 200
0.185994687 0.914399982 -0.0317439251 -0.0955158696 462.672852 0 270.477 0 200
0.183420893 0.914399982 -0.0317931001 -0.0956125483 465.210419 0 270.477 0 200
0.180847013 0.914399982 -0.0318375119 -0.0956590995 467.931641 0 270.477 0 200
0.178273056 0.914399982 -0.0318772494 -0.0956519321 470.718811 0 270.477 0 200
0.175699027 0.914399982 -0.0319120219 -0.0955858082 473.907562 0 270.477 0 200
0.173124936 0.914399982 -0.0319418619 -0.0954657495 480.339783 0 270.477 0 200
0.170550793 0.914399982 -0.0319667045 -0.095282957 496.983276 0 270.477 0 200
0.167976603 0.914399982 -0.0319862563 -0.0950303227 494.960968 0 270.477 0 200
0.16540238 0.914399982 -0.0320006355 -0.0947123617 481.874207 0 270.477 0 200
0.162828132 0.914399982 -0.0320096607 -0.0943189636 484.425812 0 270.477 0 200
0.160253871 0.914399982 -0.032013087 -0.0938500613 487.854065 0 270.477 0 200
0.157679608 0.914399982 -0.0320109843 -0.0933211222 493.945221 0 270.477 0 200
0.155105356 0.914399982 -0.032003214 -0.0927055851 518.219177 0 270.477 0 200
0.152531129 0.914399982 -0.0319894713 -0.0920132995 516.780518 0 270.477 0 200
0.14995694 0.914399982 -0.0319698313 -0.0912873745 496.255615 0 270.477 0 200
0.147382805 0.914399982 -0.0319441416 -0.0905603394 498.768311 0 270.477 0 200
0.144808739 0.914399982 -0.0319122149 -0.0896127671 501.753967 0 270.477 0 200
0.142234762 0.914399982 -0.0318738137 -0.088418439 504.760712 0 270.477 0 200
0.13966089 0.914399982 -0.0318289475 -0.0872595906 507.980957 0 270.477 0 200
0.137087141 0.914399982 -0.0317774731 -0.086051248 511.475067 0 270.477 0 200
0.134513537 0.914399982 -0.0317192024 -0.0847549886 515.736938 0 270.477 0 200
0.1319401 0.914399982 -0.0316539416 -0.0833976865 523.289856 0 270.477 0 200
0.129366857 0.914399982 -0.0315814568 -0.081851162 558.03833 0 270.477 0 200
0.126793831 0.914399982 -0.0315016702 -0.0801246911 557.044739 0 270.477 0 200
0.124221046 0.914399982 -0.0314144146 -0.0782519206 528.361023 0 270.477 0 200
0.121648533 0.914399982 -0.0313195134 -0.0762167946 535.2677 0 270.477 0 200
0.119076322 0.914399982 -0.0312167385 -0.0740253702 560.157837 0 270.477 0 200
0.116504447 0.914399982 -0.0311058819 -0.071669586 580.466064 0 270.477 0 200
0.113932942 0.914399982 -0.0309867291 -0.0691456348 579.329773 0 270.477 0 200
0.11133913 0.914399982 -0.0308579003 -0.0665441528 561.057312 0 270.477 0 200
0.108869255 0.914399982 -0.0307269729 -0.0638367906 545.93512 0 270.477 0 200
0.106517412 0.914399982 -0.0305946177 -0.0610834137 549.555786 0 270.477 0 200
0.104277979 0.914399982 -0.0304613467 -0.0582956597 553.506714 0 270.477 0 200
0.102145596 0.914399982 -0.0303277099 -0.0554966107 557.447754 0 270.477 0 200
0.100115146 0.914399982 -0.030194359 -0.0526947565 561.515076 0 270.477 0 200
0.0981817748 0.914399982 -0.0300615229 -0.0498836599 565.664062 0 270.477 0 200
0.0963408429 0.914399982 -0.0299296901 -0.0470784865 569.905273 0 270.477 0 200
0.0945879312 0.914399982 -0.0297992494 -0.0442953221 574.255737 0 270.477 0 200
0.0929188367 0.914399982 -0.0296704632 -0.0415262617 578.739136 0 270.477 0 200
0.0913295575 0.914399982 -0.0295435479 -0.0387650728 583.42334 0 270.477 0 200
0.0898162795 0.914399982 -0.0294187181 -0.036033988 588.434204 0 270.477 0 200
0.0883753581 0.914399982 -0.0292963007 -0.0331322029 594.255371 0 270.477 0 200
0.0869347508 0.914399982 -0.0291702047 -0.0302336141 602.792908 0 270.477 0 200
0.0854944718 0.914399982 -0.0290404139 -0.0273599289 627.842712 0 270.477 0 200
0.0840545311 0.914399982 -0.0289069213 -0.0243466478 647.525024 0 270.477 0 200
0.0826149498 0.914399982 -0.0287696071 -0.0212398302 639.670654 0 270.477 0 200
0.0811757428 0.914399982 -0.0286284242 -0.0180130117 634.889343 0 270.477 0 200
0.079736934 0.914399982 -0.0284832398 -0.014660893 639.917358 0 270.477 0 200
0.0782985409 0.914399982 -0.028333993 -0.0111762621 645.163391 0 270.477 0 200
0.0768605839 0.914399982 -0.0281806008 -0.00755855488 653.540955 0 270.477 0 200
0.0754230847 0.914399982 -0.0280229761 -0.00380347134 658.836609 0 270.477 0 200
0.0739860657 0.914399982 -0.0278610326 9.15821947e-05 649.413635 0 270.477 0 200
0.07254955 0.914399982 -0.0276946831 0.00413016649 647.934387 0 270.477 0 200
0.0711135632 0.914399982 -0.0275238279 0.00831827894 649.622192 0 270.477 0 200
0.069678133 0.914399982 -0.0273483587 0.0126642734 644.531311 0 270.477 0 200
0.0682432886 0.914399982 -0.0271681618 0.0171777457 648.394531 0 270.477 0 200
0.0668090617 0.914399982 -0.0269831137 0.0218691919 652.356384 0 270.477 0 200
0.0653754852 0.914399982 -0.0267930934 0.0267516449 655.786072 0 270.477 0 200
0.0639425964 0.914399982 -0.026597955 0.0318363458 659.304016 0 270.477 0 200
0.06251043 0.914399982 -0.0263975827 0.0371219702 662.903931 0 270.477 0 200
0.0610790202 0.914399982 -0.0261918761 0.0426013693 666.533081 0 270.477 0 200
0.0596484052 0.914399982 -0.0259807118 0.0482886732 670.251587 0 270.477 0 200
0.0582186391 0.914399982 -0.025763875 0.0542094521 674.054626 0 270.477 0 200
0.0567897668 0.914399982 -0.0255412243 0.0603817925 677.91864 0 270.477 0 200
0.0553618424 0.914399982 -0.0253125729 0.0668231323 681.842224 0 270.477 0 200
0.0539349246 0.914399982 -0.0250777222 0.0735428035 685.834717 0 270.477 0 200
0.0525090615 0.914399982 -0.0248365501 0.0805516616 689.903442 0 270.477 0 200
0.0510843283 0.914399982 -0.0245887908 0.0878528208 694.056702 0 270.477 0 200
0.0496607734 0.914399982 -0.0243343484 0.0954489708 698.303406 0 270.477 0 200
0.0482384817 0.914399982 -0.0240729377 0.103374436 702.684387 0 270.477 0 200
0.0468175398 0.914399982 -0.0238042859 0.111699417 707.234619 0 270.477 0 200
0.0453980457 0.914399982 -0.023528087 0.120474562 711.938232 0 270.477 0 200
0.0439800856 0.914399982 -0.0232441178 0.129706666 716.78064 0 270.477 0 200
0.0425637587 0.914399982 -0.0229521117 0.139371023 721.783508 0 270.477 0 200
0.0411491691 0.914399982 -0.0226518022 0.150440753 726.974976 0 270.477 0 200
0.0397364416 0.914399982 -0.022342852 0.162263557 732.404175 0 270.477 0 200
0.0383257175 0.914399982 -0.0220248787 0.172572657 738.139587 0 270.477 0 200
0.0369171746 0.914399982 -0.0216973784 0.182896286 744.608582 0 270.477 0 200
0.0355109695 0.914399982 -0.0213599822 0.195063576 753.252258 0 270.477 0 200
0.0341072749 0.914399982 -0.0210122889 0.208341509 771.70697 0 270.477 0 200
0.0327062875 0.914399982 -0.0206538428 0.222251877 778.656982 0 270.477 0 200
0.0313082232 0.914399982 -0.02028416 0.236823857 787.561646 0 270.477 0 200
0.0299133791 0.914399982 -0.0199025065 0.252244204 799.186279 0 270.477 0 200
0.0285220582 0.914399982 -0.0195082032 0.268730521 803.364319 0 270.477 0 200
0.0271345876 0.914399982 -0.0191005583 0.286424518 837.846191 0 270.477 0 200
0.0257513186 0.914399982 -0.0186788765 0.305367529 838.257935 0 270.477 0 200
0.0243726298 0.914399982 -0.0182424523 0.325452894 806.742126 0 270.477 0 200
0.0229990677 0.914399982 -0.0177901514 0.346750915 804.525146 0 270.477 0 200
0.0216312253 0.914399982 -0.0173208367 0.369566202 810.044861 0 270.477 0 200
0.0202698272 0.914399982 -0.0168331443 0.394139826 815.421204 0 270.477 0 200
0.0189155406 0.914399982 -0.0163260384 0.42070955 821.438354 0 270.477 0 200
0.0175692503 0.914399982 -0.0157980695 0.449492484 827.617859 0 270.477 0 200
0.0162321003 0.914399982 -0.015247362 0.480480731 833.934875 0 270.477 0 200
0.0149055813 0.914399982 -0.0146715184 0.514105558 840.592224 0 270.477 0 200
0.0135911841 0.914399982 -0.0140685188 0.550847054 847.631592 0 270.477 0 200
0.0122907103 0.914399982 -0.0134360502 0.590646863 855.046936 0 270.477 0 200
0.0110067088 0.914399982 -0.0127707766 0.633939803 862.788696 0 270.477 0 200
0.00974255726 0.914399982 -0.0120685174 0.681448638 870.98175 0 270.477 0 200
0.00850202803 0.914399982 -0.0113253253 0.733038545 879.922485 0 270.477 0 200
0.00728978378 0.914399982 -0.0105368381 0.787293911 889.601624 0 270.477 0 200
0.00616084497 0.914399982 -0.00973202403 0.843176067 899.741516 0 270.477 0 200
0.00514277206 0.914399982 -0.00893097999 0.898147166 909.900452 0 270.477 0 200
0.00422996971 0.914399982 -0.00813515341 0.948616147 920.13092 0 270.477 0 200
0.00343643316 0.914399982 -0.00736356438 0.992527783 931.209229 0 270.477 0 200
0.00274285069 0.914399982 -0.00660441773 1.02668977 943.885376 0.000637648569 270.49 1 200
0.00213648818 0.914399982 -0.00585018865 1.04852176 958.112732 0.0114485333 270.692 1 204.450439
0.00161211138 0.914399982 -0.00510044783 1.05377543 973.315125 0.0235025864 270.903 1 219.154343
0.00116988774 0.914399982 -0.00436125254 1.03825438 989.379456 0.0338608362 271.081 1 231.77829
0.000805392804 0.914399982 -0.00363199488 1.00064147 1007.6991 0.0428065099 271.224 1 246.397034
0.00051469137 0.914399982 -0.00291212333 0.937591672 1029.55933 0.0508904085 271.346 1 262.698334
0.000289792079 0.914399982 -0.00218676897 0.846399367 1054.45447 0.0593910962 271.466 1 281.682343
0.000128627554 0.914399982 -0.00145413345 0.726700127 1082.77783 0.0680762306 271.581 1 304.711151
3.20963786e-05 0.914399982 -0.000722702615 0.580676615 1116.2356 0.0771518052 271.69 1 312.039734
-8.18412707e-09 0.914399982 -7.8016762e-10 0.411563605 1152.55713 0.0870318338 271.803 1 238.57579
3.17941236e-05 0.914399982 0.000719176834 0.226781651 1189.69702 0.117666885 272.217 1 241.709946
0.000127329866 0.914399982 0.00144672079 0.0331834294 1227.43921 0.161607295 273.097 1 284.882019
0.000287011983 0.914399982 0.00217624136 -0.166205525 1265.45178 0.206170097 273.15 0.887541056 403.482117
0.000509847083 0.914399982 0.00289847388 -0.363221526 1303.89355 0.252437025 273.15 0.532641292 645.213562
0.000798755786 0.914399982 0.00361739139 -0.547579527 1338.99414 0.298806816 273.15 0.387931854 748.774048
0.00116083968 0.914399982 0.00434485961 -0.712596357 1368.56946 0.345075905 273.15 0.309370995 806.641296
0.00159974379 0.914399982 0.00508132568 -0.857361913 1392.79492 0.390972376 273.15 0.259492725 841.802185
0.00211753308 0.914399982 0.00582495707 -0.98104918 1406.36975 0.43631196 273.15 0.224921212 860.154785
0.00271975272 0.914399982 0.00657746412 -1.08347189 1406.42932 0.483870089 273.15 0.199259087 869.980652
0.00340675316 0.914399982 0.00733289967 -1.16518748 1391.41418 0.536600053 273.15 0.181228548 883.51947
0.00419414951 0.914399982 0.00810221109 -1.22583675 1351.19971 0.5847435 273.15 0.168348327 891.740906
0.00509625241 0.914399982 0.00889228885 -1.26907313 1286.33679 0.626174986 273.15 0.157587096 896.333618
0.00610047406 0.914399982 0.00968659439 -1.29951334 1210.15063 0.660810173 273.15 0.148691058 898.82782
0.00721725929 0.914399982 0.0104873709 -1.31640613 1117.25574 0.688563764 273.15 0.142400637 900.105042
0.00842161236 0.914399982 0.0112750257 -1.32254958 999.065186 0.707999885 273.15 0.138392448 900.746643
0.00965428513 0.914399982 0.0120175784 -1.32192075 867.077454 0.718110144 273.15 0.136034921 901.069641
0.0109107177 0.914399982 0.0127191791 -1.31617641 734.815491 0.719843149 273.15 0.135912895 901.095276
0.0121870365 0.914399982 0.0133839173 -1.30699873 610.250122 0.714167118 273.15 0.14076069 900.530457
0.0134799311 0.914399982 0.0140158115 -1.29506254 501.347382 0.702024043 273.15 0.157339111 898.589722
0.0147867318 0.914399982 0.0146184215 -1.28196728 403.901184 0.684502006 273.15 0.1974684 893.886597
0.016105753 0.914399982 0.0151937912 -1.26851094 336.888428 0.662506938 273.15 0.279445738 884.249939
0.0174353865 0.914399982 0.0157441928 -1.2544266 348.323975 0.636944354 273.15 0.257437319 886.706299
0.0187742445 0.914399982 0.0162717597 -1.23986161 383.412506 0.608488619 273.15 0.179159865 895.679688
0.0201210962 0.914399982 0.0167785712 -1.2253561 400.176849 0.577735305 273.15 0.142935693 899.536316
0.0214751029 0.914399982 0.0172659452 -1.21120918 425.927063 0.545644403 273.15 0.127003849 900.646118
0.022835535 0.914399982 0.0177350849 -1.19738722 458.664978 0.512871504 273.15 0.119895354 900.123718
0.0242017369 0.914399982 0.0181871468 -1.1837976 495.647552 0.479619354 273.15 0.117317185 898.208801
0.0255730686 0.914399982 0.0186234001 -1.17047894 531.73114 0.446804613 273.15 0.116795979 895.024597
0.0269490089 0.914399982 0.0190448927 -1.15753675 561.87439 0.415931106 273.15 0.11482197 891.358398
0.0283291553 0.914399982 0.0194524012 -1.14494324 586.445374 0.38752535 273.15 0.112290718 887.484497
0.0297131607 0.914399982 0.0198466051 -1.13263547 605.856506 0.361428261 273.15 0.11083848 883.261719
0.0311006962 0.914399982 0.020228198 -1.12057602 620.668396 0.337759703 273.15 0.11018306 878.90918
0.0324914619 0.914399982 0.020597845 -1.10877502 633.632568 0.316502452 273.15 0.110495292 874.539001
0.0338851739 0.914399982 0.0209562226 -1.09730434 644.360535 0.29719761 273.15 0.111558586 869.975342
0.0352815876 0.914399982 0.0213039246 -1.08621395 650.929565 0.279624373 273.15 0.112972885 866.221008
0.0366805184 0.914399982 0.0216413566 -1.07546389 654.273621 0.265495628 273.15 0.114754267 863.664795
0.0380818015 0.914399982 0.0219688835 -1.06499493 656.85614 0.2525765 273.15 0.117157102 860.904053
0.0394852649 0.914399982 0.0222869376 -1.0547986 659.65802 0.240538001 273.15 0.120356306 857.328735
0.0408907416 0.914399982 0.0225959739 -1.04484034 661.78125 0.229122758 273.15 0.124279045 853.095886
0.0422980875 0.914399982 0.0228963829 -1.03522122 662.180603 0.218327284 273.15 0.128823027 848.349304
0.0437071758 0.914399982 0.02318851 -1.02563679 661.034119 0.20818463 273.15 0.134085119 843.127747
0.0451179004 0.914399982 0.0234726299 -1.01512492 658.968018 0.198620811 273.15 0.140281558 837.327148
0.0465301623 0.914399982 0.0237490072 -1.00470603 656.373596 0.189495176 273.15 0.147663504 830.802917
0.0479438761 0.914399982 0.0240178595 -0.996342182 653.759155 0.180630088 273.15 0.156614289 823.289429
0.0493589461 0.914399982 0.0242794793 -0.988665581 651.442383 0.171983719 273.15 0.167642817 814.439758
0.0507752826 0.914399982 0.0245341536 -0.980570078 649.694397 0.163568109 273.15 0.181478143 803.77417
0.0521928037 0.914399982 0.0247821493 -0.972495079 648.454895 0.155439764 273.15 0.199137643 790.571289
0.053611457 0.914399982 0.0250235848 -0.96418047 647.103394 0.147570938 273.15 0.222016335 773.84137
0.0550311681 0.914399982 0.0252587197 -0.956368148 646.24939 0.139848754 273.15 0.25288251 751.761597
0.0564518876 0.914399982 0.025487683 -0.948960662 657.089539 0.13228184 273.15 0.301331609 717.724915
0.0578735603 0.914399982 0.0257106511 -0.941360235 692.676636 0.124836802 273.15 0.389436811 656.747498
0.0592961273 0.914399982 0.0259278406 -0.93386358 685.205444 0.117488794 273.15 0.521067798 565.398743
0.0607195509 0.914399982 0.026139343 -0.926492393 645.756226 0.110474065 273.15 0.768657565 394.061066
0.0621437714 0.914399982 0.026345411 -0.919248343 635.826172 0.103830248 273.15 0.952960014 263.080597
0.063568751 0.914399982 0.0265461631 -0.912144721 631.298218 0.0970736891 273.15 0.999332547 227.522385
0.064994453 0.914399982 0.0267417178 -0.905163527 627.745789 0.0902143344 272.992 1 221.999252
0.066420846 0.914399982 0.0269321681 -0.898284733 624.479431 0.0838336796 272.827 1 220.266281
0.0678478935 0.914399982 0.0271176497 -0.891503036 621.401978 0.07793805 272.674 1 217.31282
0.0692755612 0.914399982 0.0272982955 -0.884824216 618.541443 0.0723519027 272.526 1 215.444763
0.0707038184 0.914399982 0.0274742205 -0.878249705 615.929626 0.0667446628 272.377 1 213.589828
0.0721326342 0.914399982 0.0276455485 -0.871777892 613.464844 0.0616395548 272.241 1 212.292358
0.0735619812 0.914399982 0.0278123874 -0.865408838 611.060242 0.0603215322 272.209 1 216.626434
0.0749918329 0.914399982 0.0279748443 -0.859140158 608.711121 0.0589649789 272.175 1 225.250977
0.076422167 0.914399982 0.028132998 -0.852965057 606.401001 0.0575460829 272.139 1 235.791885
0.0778529609 0.914399982 0.0282869361 -0.846873343 604.131042 0.0560508706 272.101 1 244.682327
0.0792841958 0.914399982 0.0284367182 -0.840854645 601.903198 0.0544462465 272.06 1 247.114868
0.0807158493 0.914399982 0.0285824455 -0.83489573 599.735779 0.0527085029 272.015 1 244.786362
0.0821479085 0.914399982 0.0287241284 -0.829009473 597.649963 0.0508112386 271.965 1 241.288864
0.0835803295 0.914399982 0.0288621061 -0.82322073 595.605957 0.0487194322 271.909 1 237.393707
0.085013118 0.914399982 0.028996215 -0.817545295 593.565491 0.0464157015 271.847 1 233.375519
0.0864462491 0.914399982 0.029126612 -0.811916649 591.530212 0.0438934527 271.778 1 229.354584
0.0878797114 0.914399982 0.0292533156 -0.806540191 589.501831 0.0411462262 271.702 1 225.404541
0.0893124563 0.914399982 0.0293763726 -0.801323056 587.485779 0.0381626226 271.618 1 221.592239
0.0908171694 0.914399982 0.0295016658 -0.795569777 585.486877 0.034922041 271.527 1 217.945786
0.0923974449 0.914399982 0.029629238 -0.789577365 583.505432 0.0314154141 271.427 1 214.477692
0.0940570855 0.914399982 0.0297587638 -0.783460975 581.541687 0.0275838543 271.317 1 211.267624
0.0958000717 0.914399982 0.0298900254 -0.776321054 579.594482 0.0232241042 271.19 1 208.124466
0.0976305922 0.914399982 0.0300226413 -0.769473433 577.664368 0.0181569308 271.041 1 204.941727
0.0995530378 0.914399982 0.0301562624 -0.763208687 575.749817 0.0126517946 270.876 1 202.270111
0.101572004 0.914399982 0.0302907139 -0.756299555 573.851074 0.00727685913 270.711 1 200.68515
0.103692349 0.914399982 0.0304252619 -0.749051809 571.970581 0.00218866998 270.551 1 200.021622
0.105919135 0.914399982 0.0305597031 -0.741495609 570.117676 0 270.477 0 200
0.108257701 0.914399982 0.0306933597 -0.732926786 568.291138 0 270.477 0 200
0.110713646 0.914399982 0.0308255783 -0.724371672 566.487732 0 270.477 0 200
0.113292837 0.914399982 0.0309558151 -0.716861606 564.762939 0 270.477 0 200
0.115868178 0.914399982 0.0310772345 -0.709001303 562.447449 0 270.477 0 200
0.118443899 0.914399982 0.0311902827 -0.700779498 560.0177 0 270.477 0 200
0.121019967 0.914399982 0.0312951718 -0.692780852 558.125427 0 270.477 0 200
0.123596345 0.914399982 0.0313921188 -0.684879482 556.207947 0 270.477 0 200
0.126173003 0.914399982 0.0314813059 -0.677084386 554.274414 0 270.477 0 200
0.128749911 0.914399982 0.0315629617 -0.669387043 552.247742 0 270.477 0 200
0.131327042 0.914399982 0.0316372545 -0.661785424 550.099365 0 270.477 0 200
0.13390437 0.914399982 0.0317043525 -0.654279888 547.851807 0 270.477 0 200
0.136481871 0.914399982 0.0317644283 -0.646870196 545.483337 0 270.477 0 200
0.139059525 0.914399982 0.031817584 -0.639558375 542.97052 0 270.477 0 200
0.141637309 0.914399982 0.0318639853 -0.632368147 540.419678 0 270.477 0 200
0.144215202 0.914399982 0.0319038691 -0.625440657 537.821716 0 270.477 0 200
0.146793186 0.914399982 0.031937372 -0.618330181 535.144409 0 270.477 0 200
0.149371244 0.914399982 0.0319645981 -0.610714018 532.557373 0 270.477 0 200
0.15194936 0.914399982 0.0319855684 -0.603230834 529.993225 0 270.477 0 200
0.154527518 0.914399982 0.0320005731 -0.596427441 527.438049 0 270.477 0 200
0.157105703 0.914399982 0.032009777 -0.590221643 524.909607 0 270.477 0 200
0.159683902 0.914399982 0.0320131373 -0.584005892 522.436035 0 270.477 0 200
0.162262103 0.914399982 0.0320108359 -0.576820612 519.958374 0 270.477 0 200
0.164840292 0.914399982 0.032003077 -0.569398403 517.286804 0 270.477 0 200
0.16741846 0.914399982 0.0319898652 -0.56328398 514.471741 0 270.477 0 200
0.169996595 0.914399982 0.0319712932 -0.557256341 511.954254 0 270.477 0 200
0.172574688 0.914399982 0.0319476332 -0.550725639 510.018524 0 270.477 0 200
0.175152728 0.914399982 0.0319187767 -0.544374287 508.636444 0 270.477 0 200
0.177730707 0.914399982 0.0318849457 -0.538069725 507.419128 0 270.477 0 200
0.180308619 0.914399982 0.0318462868 -0.531852603 505.877502 0 270.477 0 200
0.182886452 0.914399982 0.0318026742 -0.525717854 503.998169 0 270.477 0 200
0.185464202 0.914399982 0.0317544544 -0.51979965 501.884003 0 270.477 0 200
0.188041861 0.914399982 0.0317015621 -0.513419867 499.702301 0 270.477 0 200
0.190619423 0.914399982 0.0316441414 -0.506790698 497.649872 0 270.477 0 200
0.193196883 0.914399982 0.031582296 -0.501152813 495.693359 0 270.477 0 200
0.195774232 0.914399982 0.0315160055 -0.495623171 493.717102 0 270.477 0 200
0.198351471 0.914399982 0.0314455328 -0.489740491 491.710632 0 270.477 0 200
0.200928586 0.914399982 0.0313706944 -0.484071791 489.75238 0 270.477 0 200
0.203505582 0.914399982 0.0312918604 -0.478143126 487.769287 0 270.477 0 200
0.206082447 0.914399982 0.0312088442 -0.47202599 485.767365 0 270.477 0 200
0.208659183 0.914399982 0.0311219381 -0.466394424 483.828949 0 270.477 0 200
0.211235781 0.914399982 0.0310310196 -0.460860133 481.887817 0 270.477 0 200
0.213812243 0.914399982 0.0309363212 -0.455248773 479.969086 0 270.477 0 200
0.216388561 0.914399982 0.0308377791 -0.449783683 478.11438 0 270.477 0 200
0.218964735 0.914399982 0.0307355713 -0.444241256 476.277618 0 270.477 0 200
0.221540761 0.914399982 0.0306296625 -0.438685387 474.493622 0 270.477 0 200
0.224116638 0.914399982 0.0305202144 -0.433196783 472.749878 0 270.477 0 200
0.226692361 0.914399982 0.0304071745 -0.427774787 471.049408 0 270.477 0 200
0.229267931 0.914399982 0.0302907237 -0.422451645 469.398285 0 270.477 0 200
0.231843342 0.914399982 0.0301707915 -0.417306751 467.786011 0 270.477 0 200
0.234418597 0.914399982 0.0300475797 -0.412144125 466.22348 0 270.477 0 200
0.236993689 0.914399982 0.0299209855 -0.406704813 464.689972 0 270.477 0 200
0.239568624 0.914399982 0.0297912424 -0.401145279 463.19458 0 270.477 0 200
0.242143391 0.914399982 0.0296581954 -0.395867109 461.733398 0 270.477 0 200
0.244717998 0.914399982 0.0295221146 -0.390836209 460.282288 0 270.477 0 200
0.247292435 0.914399982 0.0293828288 -0.385829836 459.051331 0 270.477 0 200
0.24986671 0.914399982 0.0292405987 -0.380952507 459.497467 0 270.477 0 200
0.252440814 0.914399982 0.0290952986 -0.376006186 458.668213 0 270.477 0 200
0.255014754 0.914399982 0.0289471127 -0.370952815 455.731628 0 270.477 0 200
0.257588522 0.914399982 0.0287959881 -0.365956217 453.770782 0 270.477 0 200
0.260162123 0.914399982 0.0286420252 -0.360984325 452.254883 0 270.477 0 200
0.262735553 0.914399982 0.0284852469 -0.356042713 450.801666 0 270.477 0 200
0.265308812 0.914399982 0.0283256815 -0.351129055 449.185944 0 270.477 0 200
0.267881903 0.914399982 0.0281634281 -0.34624368 447.3992 0 270.477 0 200
0.27045482 0.914399982 0.0279984376 -0.341382772 446.274139 0 270.477 0 200
0.273027571 0.914399982 0.0278308701 -0.336542577 456.35498 0 270.477 0 200
0.275600144 0.914399982 0.0276606079 -0.331692755 472.211456 0 270.477 0 200
0.278172552 0.914399982 0.02748786 -0.326819897 478.838287 0 270.477 0 200
0.280744782 0.914399982 0.0273124906 -0.322012991 479.44632 0 270.477 0 200
0.283316846 0.914399982 0.0271346928 -0.317315012 462.966705 0 270.477 0 200
0.285888735 0.914399982 0.0269543875 -0.312655926 443.913208 0 270.477 0 200
0.288460455 0.914399982 0.0267716903 -0.308009177 439.632263 0 270.477 0 200
0.291032003 0.914399982 0.0265865738 -0.303381622 437.580719 0 270.477 0 200
0.29360338 0.914399982 0.026399104 -0.298769712 435.902039 0 270.477 0 200
0.296174586 0.914399982 0.0262093064 -0.29417631 434.196594 0 270.477 0 200
0.29874562 0.914399982 0.0260171953 -0.289601147 432.595612 0 270.477 0 200
0.301316486 0.914399982 0.0258228425 -0.285044968 431.086578 0 270.477 0 200
0.303887178 0.914399982 0.0256262152 -0.280507356 429.642334 0 270.477 0 200
0.306457704 0.914399982 0.0254274166 -0.275988132 428.241852 0 270.477 0 200
0.309028056 0.914399982 0.025226386 -0.271486849 426.884888 0 270.477 0 200
0.311598243 0.914399982 0.0250232499 -0.26700297 425.557739 0 270.477 0 200
0.314168256 0.914399982 0.0248179235 -0.262535959 424.260406 0 270.477 0 200
0.316738104 0.914399982 0.0246105535 -0.258085519 422.992828 0 270.477 0 200
0.319307779 0.914399982 0.0244010446 -0.253650606 421.750977 0 270.477 0 200
0.32187729 0.914399982 0.0241895324 -0.249229595 420.534607 0 270.477 0 200
0.324446629 0.914399982 0.0239759379 -0.244820878 419.341858 0 270.477 0 200
0.327015803 0.914399982 0.0237603734 -0.240423128 418.172852 0 270.477 0 200
0.329584806 0.914399982 0.0235427819 -0.236036122 417.023773 0 270.477 0 200
0.332153644 0.914399982 0.0233232546 -0.231659323 415.893311 0 270.477 0 200
0.334722314 0.914399982 0.0231017543 -0.227291375 414.778656 0 270.477 0 200
0.337290817 0.914399982 0.0228783444 -0.222929627 413.683533 0 270.477 0 200
0.339859154 0.914399982 0.0226530243 -0.218569085 412.599884 0 270.477 0 200
0.342427324 0.914399982 0.0224258003 -0.214204431 411.530945 0 270.477 0 200
0.344995329 0.914399982 0.0221967295 -0.209821552 410.473846 0 270.477 0 200
0.347563164 0.914399982 0.0219657647 -0.205436915 409.427338 0 270.477 0 200
0.350130838 0.914399982 0.0217330137 -0.201108187 408.390472 0 270.477 0 200
0.352698341 0.914399982 0.0214983804 -0.196831539 407.360199 0 270.477 0 200
0.355265681 0.914399982 0.0212619755 -0.192355826 406.338318 0 270.477 0 200
0.357832846 0.914399982 0.0210236648 -0.187778696 405.320496 0 270.477 0 200
0.360399856 0.914399982 0.020783702 -0.183564976 404.307037 0 270.477 0 200
0.362966707 0.914399982 0.0205420412 -0.179440483 403.312225 0 270.477 0 200
0.365533374 0.914399982 0.0202984401 -0.175156221 402.287292 0 270.477 0 200
0.368099885 0.914399982 0.0200531987 -0.170873299 401.249207 0 270.477 0 200
0.37066624 0.914399982 0.0198063264 -0.166580707 400.243622 0 270.477 0 200
0.373232409 0.914399982 0.0195575285 -0.162275717 399.238159 0 270.477 0 200
0.375798423 0.914399982 0.0193071313 -0.157964617 398.227264 0 270.477 0 200
0.378364279 0.914399982 0.019055128 -0.153652668 397.214142 0 270.477 0 200
0.38092995 0.914399982 0.0188012431 -0.149330258 396.194305 0 270.477 0 200
0.383495464 0.914399982 0.0185457892 -0.145000875 395.16803 0 270.477 0 200
0.386060815 0.914399982 0.0182886908 -0.140668109 394.418732 0 270.477 0 200
0.388625987 0.914399982 0.0180298195 -0.136326179 393.09903 0 270.477 0 200
0.391191004 0.914399982 0.0177694106 -0.131976351 391.779633 0 270.477 0 200
0.393755845 0.914399982 0.017507271 -0.127617702 391.009003 0 270.477 0 200
0.396320517 0.914399982 0.0172434929 -0.123248592 389.950439 0 270.477 0 200
0.39888503 0.914399982 0.0169781651 -0.118869819 388.92984 0 270.477 0 200
0.401449356 0.914399982 0.016711047 -0.114477292 387.911102 0 270.477 0 200
0.404013528 0.914399982 0.0164424431 -0.110071316 386.845001 0 270.477 0 200
0.406577516 0.914399982 0.0161720962 -0.105651386 385.795837 0 270.477 0 200
0.409141339 0.914399982 0.0159001827 -0.101215996 384.759644 0 270.477 0 200
0.41170499 0.914399982 0.0156266566 -0.0967660099 383.67981 0 270.477 0 200
0.414268464 0.914399982 0.015351477 -0.0922987163 382.613831 0 270.477 0 200
0.416831768 0.914399982 0.0150747174 -0.0878129303 381.557159 0 270.477 0 200
0.419394891 0.914399982 0.0147962876 -0.0833081529 380.467712 0 270.477 0 200
0.421957846 0.914399982 0.0145163095 -0.0787834153 379.4021 0 270.477 0 200
0.424520615 0.914399982 0.0142346401 -0.0742376149 378.318542 0 270.477 0 200
0.427083212 0.914399982 0.0139514141 -0.0696699545 377.213776 0 270.477 0 200
0.429645627 0.914399982 0.0136665334 -0.0650786906 376.146057 0 270.477 0 200
0.432207861 0.914399982 0.0133800351 -0.0604621917 375.049042 0 270.477 0 200
0.434769915 0.914399982 0.0130919408 -0.0558203608 373.947815 0 270.477 0 200
0.437331782 0.914399982 0.0128021761 -0.051152315 372.845764 0 270.477 0 200
0.439893474 0.914399982 0.0125108748 -0.0464568213 371.728088 0 270.477 0 200
0.442454967 0.914399982 0.0122178211 -0.0417307168 370.634338 0 270.477 0 200
0.445016278 0.914399982 0.0119231912 -0.0369744003 369.519257 0 270.477 0 200
0.447577404 0.914399982 0.011626955 -0.0321884677 368.394287 0 270.477 0 200
0.45013833 0.914399982 0.0113289909 -0.0273689553 367.268127 0 270.477 0 200
0.452699069 0.914399982 0.0110294258 -0.0225167461 366.129883 0 270.477 0 200
0.455259619 0.914399982 0.0107282484 -0.0176321957 365.34317 0 270.477 0 200
0.457819962 0.914399982 0.0104253199 -0.0127106216 363.831665 0 270.477 0 200
0.460380109 0.914399982 0.0101207367 -0.00775193051 362.272156 0 270.477 0 200
0.462940061 0.914399982 0.00981451781 -0.00275849202 361.422668 0 270.477 0 200
0.46549981 0.914399982 0.00950660895 0.00227112509 360.258118 0 270.477 0 200
0.468059357 0.914399982 0.00919701723 0.00733929174 359.070557 0 270.477 0 200
0.47061869 0.914399982 0.0088856712 0.0124473162 357.864319 0 270.477 0 200
0.473177816 0.914399982 0.0085726292 0.0175946746 356.651947 0 270.477 0 200
0.475736732 0.914399982 0.00825786855 0.0227804855 355.41156 0 270.477 0 200
0.478295434 0.914399982 0.00794137496 0.0280050114 354.167725 0 270.477 0 200
0.480853921 0.914399982 0.00762314525 0.033267986 352.891205 0 270.477 0 200
0.483412189 0.914399982 0.00730316753 0.0385691337 351.578766 0 270.477 0 200
0.485970238 0.914399982 0.00698143863 0.0439086817 350.280487 0 270.477 0 200
0.488528057 0.914399982 0.00665788786 0.049286779 348.937347 0 270.477 0 200
0.491085649 0.914399982 0.0063325434 0.0547024123 347.541382 0 270.477 0 200
0.493643014 0.914399982 0.00600542351 0.0601534508 346.139221 0 270.477 0 200
0.496200149 0.914399982 0.0056765146 0.0656394586 344.70929 0 270.477 0 200
0.498757039 0.914399982 0.00534570177 0.0711606145 343.229614 0 270.477 0 200
0.501313699 0.914399982 0.00501311406 0.0767155662 341.709076 0 270.477 0 200
0.503870103 0.914399982 0.00467856306 0.0823027268 340.150421 0 270.477 0 200
0.50642627 0.914399982 0.0043422108 0.0879203752 338.555206 0 270.477 0 200
0.508982184 0.914399982 0.0040039379 0.0935636386 336.914551 0 270.477 0 200
0.511537855 0.914399982 0.00366384071 0.0992331505 335.217468 0 270.477 0 200
0.514093255 0.914399982 0.00332170415 0.104922794 333.46814 0 270.477 0 200
0.516648403 0.914399982 0.00297770244 0.110637523 331.65979 0 270.477 0 200
0.519203289 0.914399982 0.00263174854 0.116353154 329.779572 0 270.477 0 200
0.521757904 0.914399982 0.00228380711 0.122094125 327.83371 0 270.477 0 200
0.524312244 0.914399982 0.00193384576 0.127778098 325.823975 0 270.477 0 200
0.526866315 0.914399982 0.00158192817 0.133411393 323.726074 0 270.477 0 200
0.52942009 0.914399982 0.00122787388 0.138040081 321.526825 0 270.477 0 200
0.531069981 0.914399982 0.000998093031 0.141670078 319.240723 0 270.477 0 200
0.532101091 0.914399982 0.000853961954 0.143584982 316.84436 0 270.477 0 200
0.532745525 0.914399982 0.000763814193 0.144108891 314.324493 0 270.477 0 200
0.533148284 0.914399982 0.000707382481 0.144281775 311.691345 0 270.477 0 200
0.533400004 0.914399982 0.000672085901 0.140992299 308.910461 0 270.477 0 200
0.533400001 0.914399982 0.000582474699 0.133648947 305.957184 0 270.477 0 200
0.533399997 0.914399982 0.000492863497 0.137768522 302.838776 0 270.477 0 200
0.533399993 0.914399982 0.000403252296 0.137671769 299.554047 0 270.477 0 200
0.533399989 0.914399982 0.000313641094 0.138662681 296.043427 0 270.477 0 200
0.533399987 0.914399982 0.000224029892 0.139365599 292.277557 0 270.477 0 200
0.533399989 0.914399982 0.000134418691 0.140064493 288.24469 0 270.477 0 200
0.53339999 0.914399982 4.48074889e-05 0.140482619 283.87851 0 270.477 0 200
0.533399991 0.914399982 -4.48037127e-05 0.140569583 279.483734 0 270.477 0 200
0.533399993 0.914399982 -0.000134414914 0.140322626 275.982025 0 270.477 0 200
0.533399994 0.914399982 -0.000224026116 0.139632747 273.771912 0 270.477 0 200
0.533399998 0.914399982 -0.000313637317 0.138982832 273.567108 0 270.477 0 200
0.533400005 0.914399982 -0.000403248519 0.137475193 276.224426 0 270.477 0 200
0.533400012 0.914399982 -0.00049285972 0.138106555 297.263 0 270.477 0 200
0.533400018 0.914399982 -0.00058247092 0.130735666 282.117615 0 270.477 0 200

ZONE T="SLICE_Y_0p9144_BINS07_KS_0p5mm_CUTDATA_VAR_DENSITY"
0.533400018 0.914399982 -0.00058247092 0.130735666 157.869598 0 270.477 0 200
0.533400004 0.914399982 -0.000672082119 0.143050954 164.929733 0 270.477 0 200
0.533148466 0.914399982 -0.000707354403 0.147099599 180.712479 0 270.477 0 200
0.532745998 0.914399982 -0.000763745625 0.145698696 190.822479 0 270.477 0 200
0.53210203 0.914399982 -0.000853827126 0.144994646 200.822006 0 270.477 0 200
0.531071666 0.914399982 -0.00099785339 0.142481029 203.443604 0 270.477 0 200
0.529422969 0.914399982 -0.00122746797 0.138313934 199.668167 0 270.477 0 200
0.526873095 0.914399982 -0.00158098831 0.133275494 195.183578 0 270.477 0 200
0.524322926 0.914399982 -0.00193237185 0.127455518 189.727661 0 270.477 0 200
0.521772489 0.914399982 -0.0022818114 0.121918604 178.542496 0 270.477 0 200
0.519221778 0.914399982 -0.00262923523 0.11659202 161.757629 0 270.477 0 200
0.516670797 0.914399982 -0.0029746773 0.111534767 141.138336 0 270.477 0 200
0.514119553 0.914399982 -0.00331817313 0.106683798 114.139648 0 270.477 0 200
0.511568058 0.914399982 -0.00365979377 0.102040984 128.422501 0 270.477 0 200
0.509016294 0.914399982 -0.00399940552 0.0975838751 128.422501 0 270.477 0 200
0.506464287 0.914399982 -0.00433718384 0.0933021381 210.105042 0 270.477 0 200
0.50391203 0.914399982 -0.00467306469 0.0891818851 197.564346 0 270.477 0 200
0.501359535 0.914399982 -0.00500713669 0.0852180272 167.011215 0 270.477 0 200
0.498806784 0.914399982 -0.00533924521 0.081400767 158.133194 0 270.477 0 200
0.496253803 0.914399982 -0.00566957616 0.0777173191 156.397095 0 270.477 0 200
0.49370058 0.914399982 -0.00599804175 0.074158892 157.968246 0 270.477 0 200
0.491147126 0.914399982 -0.00632469778 0.0707168728 161.737015 0 270.477 0 200
0.488593446 0.914399982 -0.00664958131 0.067382805 167.047272 0 270.477 0 200
0.48603954 0.914399982 -0.00697269046 0.0641525984 172.755936 0 270.477 0 200
0.483485406 0.914399982 -0.00729398822 0.0610221364 178.396362 0 270.477 0 200
0.480931051 0.914399982 -0.00761352572 0.0579839237 183.899017 0 270.477 0 200
0.478376479 0.914399982 -0.00793132724 0.0550314859 189.244644 0 270.477 0 200
0.475821692 0.914399982 -0.00824739351 0.0521608591 194.419876 0 270.477 0 200
0.473266692 0.914399982 -0.00856172802 0.0493677408 199.435425 0 270.477 0 200
0.470711482 0.914399982 -0.00887435928 0.0466484576 204.296082 0 270.477 0 200
0.468156063 0.914399982 -0.00918526844 0.0440011285 209.014999 0 270.477 0 200
0.465600434 0.914399982 -0.00949445508 0.0414224416 213.589935 0 270.477 0 200
0.463044603 0.914399982 -0.00980196434 0.0389072783 218.036041 0 270.477 0 200
0.460488571 0.914399982 -0.0101077948 0.0364503413 222.347 0 270.477 0 200
0.457932344 0.914399982 -0.0104119964 0.0340503752 226.537842 0 270.477 0 200
0.455375917 0.914399982 -0.0107145051 0.0317106359 230.612656 0 270.477 0 200
0.452819289 0.914399982 -0.0110153132 0.029427221 234.559479 0 270.477 0 200
0.450262471 0.914399982 -0.0113145094 0.0271910578 238.399628 0 270.477 0 200
0.447705468 0.914399982 -0.0116121166 0.0250041727 242.165161 0 270.477 0 200
0.44514826 0.914399982 -0.01190795 0.0228664968 245.832733 0 270.477 0 200
0.442590872 0.914399982 -0.0122022341 0.0207696781 249.384644 0 270.477 0 200
0.440033299 0.914399982 -0.0124948975 0.0187132023 252.846497 0 270.477 0 200
0.437475532 0.914399982 -0.0127858649 0.0166958906 256.226135 0 270.477 0 200
0.434917592 0.914399982 -0.0130753062 0.0147142196 259.519714 0 270.477 0 200
0.432359457 0.914399982 -0.01336302 0.0127647314 262.730499 0 270.477 0 200
0.42980115 0.914399982 -0.0136492021 0.0108398413 265.874176 0 270.477 0 200
0.427242658 0.914399982 -0.013933718 0.00892991107 268.949982 0 270.477 0 200
0.424683989 0.914399982 -0.0142166417 0.00702227838 271.956848 0 270.477 0 200
0.422125141 0.914399982 -0.0144979481 0.00517276023 274.882416 0 270.477 0 200
0.419566117 0.914399982 -0.0147776435 0.00334951188 277.741699 0 270.477 0 200
0.417006917 0.914399982 -0.0150557235 0.00153657189 280.570312 0 270.477 0 200
0.414447544 0.914399982 -0.0153322065 -0.000214122934 283.330811 0 270.477 0 200
0.411887994 0.914399982 -0.0156070442 -0.00193263439 286.016174 0 270.477 0 200
0.409328275 0.914399982 -0.0158803148 -0.00362411793 288.678864 0 270.477 0 200
0.406768377 0.914399982 -0.0161518946 -0.00529484311 291.28302 0 270.477 0 200
0.404208323 0.914399982 -0.0164219968 -0.00694267778 293.824127 0 270.477 0 200
0.401648078 0.914399982 -0.0166902858 -0.00856601354 296.34549 0 270.477 0 200
0.399087677 0.914399982 -0.0169570843 -0.0101694437 298.817566 0 270.477 0 200
0.396527101 0.914399982 -0.0172221887 -0.0117530758 301.245605 0 270.477 0 200
0.393966355 0.914399982 -0.0174856599 -0.013320839 303.636536 0 270.477 0 200
0.391405453 0.914399982 -0.0177475985 -0.0148684094 305.9935 0 270.477 0 200
0.388844364 0.914399982 -0.0180077128 -0.016393479 308.301117 0 270.477 0 200
0.386283121 0.914399982 -0.0182662943 -0.0179037787 310.568176 0 270.477 0 200
0.383721709 0.914399982 -0.0185232101 -0.0193964709 312.828339 0 270.477 0 200
0.381160124 0.914399982 -0.0187783802 -0.0208723824 315.05661 0 270.477 0 200
0.378598383 0.914399982 -0.0190319891 -0.0223341323 317.256348 0 270.477 0 200
0.376036469 0.914399982 -0.01928384 -0.0237766746 319.428528 0 270.477 0 200
0.373474386 0.914399982 -0.0195339749 -0.0252052918 321.585388 0 270.477 0 200
0.370912148 0.914399982 -0.0197825124 -0.0266218316 323.708313 0 270.477 0 200
0.368349737 0.914399982 -0.0200292581 -0.0280184466 325.805786 0 270.477 0 200
0.365787158 0.914399982 -0.020274252 -0.0294020455 327.893463 0 270.477 0 200
0.363224424 0.914399982 -0.0205176118 -0.0307805613 329.941711 0 270.477 0 200
0.360661519 0.914399982 -0.0207591794 -0.0321471468 331.993225 0 270.477 0 200
0.358098443 0.914399982 -0.020998914 -0.0335129015 334.0159 0 270.477 0 200
0.35553521 0.914399982 -0.0212369703 -0.0349025279 336.011932 0 270.477 0 200
0.352971818 0.914399982 -0.021473304 -0.036250677 338.0112 0 270.477 0 200
0.35040825 0.914399982 -0.0217077242 -0.0375907756 339.969757 0 270.477 0 200
0.347844519 0.914399982 -0.0219403511 -0.0389496572 341.944305 0 270.477 0 200
0.345280622 0.914399982 -0.022171153 -0.040269915 343.899445 0 270.477 0 200
0.342716559 0.914399982 -0.0224000883 -0.0415747128 345.806732 0 270.477 0 200
0.340152332 0.914399982 -0.0226271915 -0.0428645909 347.772491 0 270.477 0 200
0.337587935 0.914399982 -0.0228523647 -0.0441421308 349.716156 0 270.477 0 200
0.335023377 0.914399982 -0.0230756951 -0.0454083569 351.616913 0 270.477 0 200
0.332458647 0.914399982 -0.0232970391 -0.0466641858 353.623077 0 270.477 0 200
0.329893756 0.914399982 -0.0235165074 -0.0479105823 355.704742 0 270.477 0 200
0.327328693 0.914399982 -0.0237339581 -0.0491471924 358.067902 0 270.477 0 200
0.324763467 0.914399982 -0.0239494825 -0.0503741764 361.90448 0 270.477 0 200
0.32219807 0.914399982 -0.0241629526 -0.0515918657 369.847015 0 270.477 0 200
0.319632509 0.914399982 -0.0243744464 -0.052800674 369.249146 0 270.477 0 200
0.317066776 0.914399982 -0.0245838475 -0.0540005118 363.791412 0 270.477 0 200
0.314500879 0.914399982 -0.0247912231 -0.055191271 365.414917 0 270.477 0 200
0.311934809 0.914399982 -0.0249964552 -0.0563731045 367.357208 0 270.477 0 200
0.309368575 0.914399982 -0.0251996226 -0.0575454608 369.123077 0 270.477 0 200
0.306802167 0.914399982 -0.0254005786 -0.0587081574 370.871796 0 270.477 0 200
0.304235595 0.914399982 -0.0255994314 -0.0598606877 372.600891 0 270.477 0 200
0.301668847 0.914399982 -0.0257960025 -0.0610033087 374.322144 0 270.477 0 200
0.299101936 0.914399982 -0.0259904291 -0.0621357113 376.040741 0 270.477 0 200
0.296534849 0.914399982 -0.0261825112 -0.0632572249 377.754822 0 270.477 0 200
0.293967597 0.914399982 -0.026372379 -0.0643683672 379.467072 0 270.477 0 200
0.29140017 0.914399982 -0.0265598687 -0.065468885 381.177643 0 270.477 0 200
0.288832576 0.914399982 -0.0267450536 -0.0665587708 382.887207 0 270.477 0 200
0.286264808 0.914399982 -0.0269278228 -0.0676375851 384.596313 0 270.477 0 200
0.283696871 0.914399982 -0.027108193 -0.0687055364 386.305023 0 270.477 0 200
0.281128764 0.914399982 -0.0272861165 -0.0697620511 388.014648 0 270.477 0 200
0.278560484 0.914399982 -0.0274615405 -0.0708067268 389.729584 0 270.477 0 200
0.275992036 0.914399982 -0.0276344787 -0.0718376637 391.448669 0 270.477 0 200
0.273423413 0.914399982 -0.0278048054 -0.0728544891 393.177307 0 270.477 0 200
0.270854625 0.914399982 -0.0279726101 -0.0738568678 394.915466 0 270.477 0 200
0.268285659 0.914399982 -0.0281376881 -0.0748469755 396.664886 0 270.477 0 200
0.26571653 0.914399982 -0.028300188 -0.0758316517 398.426331 0 270.477 0 200
0.263147224 0.914399982 -0.028459889 -0.0768045112 400.202759 0 270.477 0 200
0.260577754 0.914399982 -0.0286169049 -0.0777835548 401.992798 0 270.477 0 200
0.258008111 0.914399982 -0.028771076 -0.0786937177 403.799347 0 270.477 0 200
0.255438301 0.914399982 -0.028922435 -0.0795654655 405.62262 0 270.477 0 200
0.252868322 0.914399982 -0.0290709003 -0.0806162283 407.46463 0 270.477 0 200
0.250298175 0.914399982 -0.0292164224 -0.0814057887 409.332336 0 270.477 0 200
0.247727863 0.914399982 -0.0293590095 -0.081850417 411.216339 0 270.477 0 200
0.245157382 0.914399982 -0.0294985138 -0.0826405063 413.171234 0 270.477 0 200
0.24258674 0.914399982 -0.0296350232 -0.0835920274 415.163513 0 270.477 0 200
0.240015929 0.914399982 -0.0297683111 -0.0845692679 417.103851 0 270.477 0 200
0.237444962 0.914399982 -0.0298985357 -0.0856532082 419.121124 0 270.477 0 200
0.234873826 0.914399982 -0.0300254017 -0.0865266472 421.235779 0 270.477 0 200
0.232302536 0.914399982 -0.0301491055 -0.0872997046 423.355194 0 270.477 0 200
0.229731084 0.914399982 -0.0302693739 -0.0880378336 425.522461 0 270.477 0 200
0.227159479 0.914399982 -0.0303863483 -0.0886804312 427.754272 0 270.477 0 200
0.224587715 0.914399982 -0.0304997754 -0.0893127695 430.067871 0 270.477 0 200
0.222015803 0.914399982 -0.0306097783 -0.089937754 432.494568 0 270.477 0 200
0.219443737 0.914399982 -0.0307161302 -0.0904760957 435.095581 0 270.477 0 200
0.216871527 0.914399982 -0.0308189225 -0.0910343975 438.07309 0 270.477 0 200
0.214299169 0.914399982 -0.0309179571 -0.0916729271 442.547058 0 270.477 0 200
0.211726672 0.914399982 -0.0310133087 -0.0922248438 454.439301 0 270.477 0 200
0.209154032 0.914399982 -0.0311047418 -0.0927060768 465.374054 0 270.477 0 200
0.206581261 0.914399982 -0.0311923774 -0.0931625962 475.743835 0 270.477 0 200
0.204008353 0.914399982 -0.0312759312 -0.0935895666 481.72998 0 270.477 0 200
0.201435322 0.914399982 -0.0313555734 -0.0939842835 472.510284 0 270.477 0 200
0.198862163 0.914399982 -0.0314309729 -0.094343394 458.990448 0 270.477 0 200
0.196288888 0.914399982 -0.0315023188 -0.0946642905 453.2323 0 270.477 0 200
0.193715495 0.914399982 -0.0315692775 -0.0949427634 455.434998 0 270.477 0 200
0.191141995 0.914399982 -0.0316319752 -0.0951787457 457.792908 0 270.477 0 200
0.18856839 0.914399982 -0.0316902003 -0.0953699052 460.202454 0 270.477 0 200
0.185994687 0.914399982 -0.0317439251 -0.0955158696 462.672852 0 270.477 0 200
0.183420893 0.914399982 -0.0317931001 -0.0956125483 465.210419 0 270.477 0 200
0.180847013 0.914399982 -0.0318375119 -0.0956590995 467.931641 0 270.477 0 200
0.178273056 0.914399982 -0.0318772494 -0.0956519321 470.718811 0 270.477 0 200
0.175699027 0.914399982 -0.0319120219 -0.0955858082 473.907562 0 270.477 0 200
0.173124936 0.914399982 -0.0319418619 -0.0954657495 480.339783 0 270.477 0 200
0.170550793 0.914399982 -0.0319667045 -0.095282957 496.983276 0 270.477 0 200
0.167976603 0.914399982 -0.0319862563 -0.0950303227 494.960968 0 270.477 0 200
0.16540238 0.914399982 -0.0320006355 -0.0947123617 481.874207 0 270.477 0 200
0.162828132 0.914399982 -0.0320096607 -0.0943189636 484.425812 0 270.477 0 200
0.160253871 0.914399982 -0.032013087 -0.0938500613 487.854065 0 270.477 0 200
0.157679608 0.914399982 -0.0320109843 -0.0933211222 493.945221 0 270.477 0 200
0.155105356 0.914399982 -0.032003214 -0.0927055851 518.219177 0 270.477 0 200
0.152531129 0.914399982 -0.0319894713 -0.0920132995 516.780518 0 270.477 0 200
0.14995694 0.914399982 -0.0319698313 -0.0912873745 496.255615 0 270.477 0 200
0.147382805 0.914399982 -0.0319441416 -0.0905603394 498.768311 0 270.477 0 200
0.144808739 0.914399982 -0.0319122149 -0.0896127671 501.753967 0 270.477 0 200
0.142234762 0.914399982 -0.0318738137 -0.088418439 504.760712 0 270.477 0 200
0.13966089 0.914399982 -0.0318289475 -0.0872595906 507.980957 0 270.477 0 200
0.137087141 0.914399982 -0.0317774731 -0.086051248 511.475067 0 270.477 0 200
0.134513537 0.914399982 -0.0317192024 -0.0847549886 515.736938 0 270.477 0 200
0.1319401 0.914399982 -0.0316539416 -0.0833976865 523.289856 0 270.477 0 200
0.129366857 0.914399982 -0.0315814568 -0.081851162 558.03833 0 270.477 0 200
0.126793831 0.914399982 -0.0315016702 -0.0801246911 557.044739 0 270.477 0 200
0.124221046 0.914399982 -0.0314144146 -0.0782519206 528.361023 0 270.477 0 200
0.121648533 0.914399982 -0.0313195134 -0.0762167946 535.2677 0 270.477 0 200
0.119076322 0.914399982 -0.0312167385 -0.0740253702 560.157837 0 270.477 0 200
0.116504447 0.914399982 -0.0311058819 -0.071669586 580.466064 0 270.477 0 200
0.113932942 0.914399982 -0.0309867291 -0.0691456348 579.329773 0 270.477 0 200
0.11133913 0.914399982 -0.0308579003 -0.0665441528 561.057312 0 270.477 0 200
0.108869255 0.914399982 -0.0307269729 -0.0638367906 545.93512 0 270.477 0 200
0.106517412 0.914399982 -0.0305946177 -0.0610834137 549.555786 0 270.477 0 200
0.104277979 0.914399982 -0.0304613467 -0.0582956597 553.506714 0 270.477 0 200
0.102145596 0.914399982 -0.0303277099 -0.0554966107 557.447754 0 270.477 0 200
0.100115146 0.914399982 -0.030194359 -0.0526947565 561.515076 0 270.477 0 200
0.0981817748 0.914399982 -0.0300615229 -0.0498836599 565.664062 0 270.477 0 200
0.0963408429 0.914399982 -0.0299296901 -0.0470784865 569.905273 0 270.477 0 200
0.0945879312 0.914399982 -0.0297992494 -0.0442953221 574.255737 0 270.477 0 200
0.0929188367 0.914399982 -0.0296704632 -0.0415262617 578.739136 0 270.477 0 200
0.0913295575 0.914399982 -0.0295435479 -0.0387650728 583.42334 0 270.477 0 200
0.0898162795 0.914399982 -0.0294187181 -0.036033988 588.434204 0 270.477 0 200
0.0883753581 0.914399982 -0.0292963007 -0.0331322029 594.255371 0 270.477 0 200
0.0869347508 0.914399982 -0.0291702047 -0.0302336141 602.792908 0 270.477 0 200
0.0854944718 0.914399982 -0.0290404139 -0.0273599289 627.842712 0 270.477 0 200
0.0840545311 0.914399982 -0.0289069213 -0.0243466478 647.525024 0 270.477 0 200
0.0826149498 0.914399982 -0.0287696071 -0.0212398302 639.670654 0 270.477 0 200
0.0811757428 0.914399982 -0.0286284242 -0.0180130117 634.889343 0 270.477 0 200
0.079736934 0.914399982 -0.0284832398 -0.014660893 639.917358 0 270.477 0 200
0.0782985409 0.914399982 -0.028333993 -0.0111762621 645.163391 0 270.477 0 200
0.0768605839 0.914399982 -0.0281806008 -0.00755855488 653.540955 0 270.477 0 200
0.0754230847 0.914399982 -0.0280229761 -0.00380347134 658.836609 0 270.477 0 200
0.0739860657 0.914399982 -0.0278610326 9.15821947e-05 649.413635 0 270.477 0 200
0.07254955 0.914399982 -0.0276946831 0.00413016649 647.934387 0 270.477 0 200
0.0711135632 0.914399982 -0.0275238279 0.00831827894 649.622192 0 270.477 0 200
0.069678133 0.914399982 -0.0273483587 0.0126642734 644.531311 0 270.477 0 200
0.0682432886 0.914399982 -0.0271681618 0.0171777457 648.394531 0 270.477 0 200
0.0668090617 0.914399982 -0.0269831137 0.0218691919 652.356384 0 270.477 0 200
0.0653754852 0.914399982 -0.0267930934 0.0267516449 655.786072 0 270.477 0 200
0.0639425964 0.914399982 -0.026597955 0.0318363458 659.304016 0 270.477 0 200
0.06251043 0.914399982 -0.0263975827 0.0371219702 662.903931 0 270.477 0 200
0.0610790202 0.914399982 -0.0261918761 0.0426013693 666.533081 0 270.477 0 200
0.0596484052 0.914399982 -0.0259807118 0.0482886732 670.251587 0 270.477 0 200
0.0582186391 0.914399982 -0.025763875 0.0542094521 674.054626 0 270.477 0 200
0.0567897668 0.914399982 -0.0255412243 0.0603817925 677.91864 0 270.477 0 200
0.0553618424 0.914399982 -0.0253125729 0.0668231323 681.842224 0 270.477 0 200
0.0539349246 0.914399982 -0.0250777222 0.0735428035 685.834717 0 270.477 0 200
0.0525090615 0.914399982 -0.0248365501 0.0805516616 689.903442 0 270.477 0 200
0.0510843283 0.914399982 -0.0245887908 0.0878528208 694.056702 0 270.477 0 200
0.0496607734 0.914399982 -0.0243343484 0.0954489708 698.303406 0 270.477 0 200
0.0482384817 0.914399982 -0.0240729377 0.103374436 702.684387 0 270.477 0 200
0.0468175398 0.914399982 -0.0238042859 0.111699417 707.234619 0 270.477 0 200
0.0453980457 0.914399982 -0.023528087 0.120474562 711.938232 0 270.477 0 200
0.0439800856 0.914399982 -0.0232441178 0.129706666 716.78064 0 270.477 0 200
0.0425637587 0.914399982 -0.0229521117 0.139371023 721.783508 0 270.477 0 200
0.0411491691 0.914399982 -0.0226518022 0.150440753 726.974976 0 270.477 0 200
0.0397364416 0.914399982 -0.022342852 0.162263557 732.404175 0 270.477 0 200
0.0383257175 0.914399982 -0.0220248787 0.172572657 738.139587 0 270.477 0 200
0.0369171746 0.914399982 -0.0216973784 0.182896286 744.608582 0 270.477 0 200
0.0355109695 0.914399982 -0.0213599822 0.195063576 753.252258 0 270.477 0 200
0.0341072749 0.914399982 -0.0210122889 0.208341509 771.70697 0 270.477 0 200
0.0327062875 0.914399982 -0.0206538428 0.222251877 778.656982 0 270.477 0 200
0.0313082232 0.914399982 -0.02028416 0.236823857 787.561646 0 270.477 0 200
0.0299133791 0.914399982 -0.0199025065 0.252244204 799.186279 0 270.477 0 200
0.0285220582 0.914399982 -0.0195082032 0.268730521 803.364319 7.61074771e-05 270.479 1 200
0.0271345876 0.914399982 -0.0191005583 0.286424518 837.846191 0.000203841322 270.482 1 200.117676
0.0257513186 0.914399982 -0.0186788765 0.305367529 838.257935 0.000306310016 270.484 1 200.34404
0.0243726298 0.914399982 -0.0182424523 0.325452894 806.742126 0.000394497096 270.486 1 200.353516
0.0229990677 0.914399982 -0.0177901514 0.346750915 804.525146 0.000473191438 270.488 1 200.22287
0.0216312253 0.914399982 -0.0173208367 0.369566202 810.044861 0.000551330973 270.489 1 200.08403
0.0202698272 0.914399982 -0.0168331443 0.394139826 815.421204 0.000628028705 270.491 1 200.022964
0.0189155406 0.914399982 -0.0163260384 0.42070955 821.438354 0.000703062396 270.493 1 200.022095
0.0175692503 0.914399982 -0.0157980695 0.449492484 827.617859 0.000777704758 270.494 1 200.129242
0.0162321003 0.914399982 -0.015247362 0.480480731 833.934875 0.000851631397 270.496 1 200.000183
0.0149055813 0.914399982 -0.0146715184 0.514105558 840.592224 0.0012750579 270.504 1 200.322388
0.0135911841 0.914399982 -0.0140685188 0.550847054 847.631592 0.00264098379 270.533 1 201.590347
0.0122907103 0.914399982 -0.0134360502 0.590646863 855.046936 0.00383484573 270.557 1 202.787827
0.0110067088 0.914399982 -0.0127707766 0.633939803 862.788696 0.00496652722 270.579 1 204.214264
0.00974255726 0.914399982 -0.0120685174 0.681448638 870.98175 0.00609532045 270.601 1 205.872421
0.00850202803 0.914399982 -0.0113253253 0.733038545 879.922485 0.00723610027 270.622 1 207.750458
0.00728978378 0.914399982 -0.0105368381 0.787293911 889.601624 0.00837376341 270.643 1 210.01825
0.00616084497 0.914399982 -0.00973202403 0.843176067 899.741516 0.00951176789 270.664 1 211.143951
0.00514277206 0.914399982 -0.00893097999 0.898147166 909.900452 0.0106865941 270.684 1 205.774002
0.00422996971 0.914399982 -0.00813515341 0.948616147 920.13092 0.0119624566 270.707 1 203.785522
0.00343643316 0.914399982 -0.00736356438 0.992527783 931.209229 0.0168237276 270.796 1 207.021469
0.00274285069 0.914399982 -0.00660441773 1.02668977 943.885376 0.0219479837 270.887 1 211.500168
0.00213648818 0.914399982 -0.00585018865 1.04852176 958.112732 0.0273450036 270.979 1 217.717026
0.00161211138 0.914399982 -0.00510044783 1.05377543 973.315125 0.0331089683 271.076 1 226.433121
0.00116988774 0.914399982 -0.00436125254 1.03825438 989.379456 0.0391586237 271.173 1 235.14061
0.000805392804 0.914399982 -0.00363199488 1.00064147 1007.6991 0.0454712696 271.27 1 235.161362
0.00051469137 0.914399982 -0.00291212333 0.937591672 1029.55933 0.0522062629 271.369 1 226.793701
0.000289792079 0.914399982 -0.00218676897 0.846399367 1054.45447 0.0657255799 271.574 1 238.449371
0.000128627554 0.914399982 -0.00145413345 0.726700127 1082.77783 0.0821442828 271.811 1 261.265015
3.20963786e-05 0.914399982 -0.000722702615 0.580676615 1116.2356 0.0998567343 272.049 1 286.694153
-8.18412707e-09 0.914399982 -7.8016762e-10 0.411563605 1152.55713 0.119269252 272.294 1 301.028931
3.17941236e-05 0.914399982 0.000719176834 0.226781651 1189.69702 0.143149227 272.592 1 303.961182
0.000127329866 0.914399982 0.00144672079 0.0331834294 1227.43921 0.175713971 272.993 1 353.923096
0.000287011983 0.914399982 0.00217624136 -0.166205525 1265.45178 0.210108042 273.15 0.930870712 450.406891
0.000509847083 0.914399982 0.00289847388 -0.363221526 1303.89355 0.245699286 273.15 0.639992237 638.721619
0.000798755786 0.914399982 0.00361739139 -0.547579527 1338.99414 0.282060176 273.15 0.441796303 747.732056
0.00116083968 0.914399982 0.00434485961 -0.712596357 1368.56946 0.318692207 273.15 0.340433866 779.639832
0.00159974379 0.914399982 0.00508132568 -0.857361913 1392.79492 0.36975354 273.15 0.278561115 814.972656
0.00211753308 0.914399982 0.00582495707 -0.98104918 1406.36975 0.424321234 273.15 0.237977535 849.33551
0.00271975272 0.914399982 0.00657746412 -1.08347189 1406.42932 0.476520181 273.15 0.209309205 870.841309
0.00340675316 0.914399982 0.00733289967 -1.16518748 1391.41418 0.525634348 273.15 0.189440787 883.318665
0.00419414951 0.914399982 0.00810221109 -1.22583675 1351.19971 0.569778323 273.15 0.175151542 890.115662
0.00509625241 0.914399982 0.00889228885 -1.26907313 1286.33679 0.611163974 273.15 0.163248926 895.101562
0.00610047406 0.914399982 0.00968659439 -1.29951334 1210.15063 0.646413207 273.15 0.153501093 898.077087
0.00721725929 0.914399982 0.0104873709 -1.31640613 1117.25574 0.6745314 273.15 0.146600157 899.557129
0.00842161236 0.914399982 0.0112750257 -1.32254958 999.065186 0.694210291 273.15 0.142144099 900.293762
0.00965428513 0.914399982 0.0120175784 -1.32192075 867.077454 0.704488218 273.15 0.139448524 900.667419
0.0109107177 0.914399982 0.0127191791 -1.31617641 734.815491 0.706395447 273.15 0.139087722 900.723328
0.0121870365 0.914399982 0.0133839173 -1.30699873 610.250122 0.70090282 273.15 0.143828169 900.171509
0.0134799311 0.914399982 0.0140158115 -1.29506254 501.347382 0.688800335 273.15 0.160516128 898.218079
0.0147867318 0.914399982 0.0146184215 -1.28196728 403.901184 0.671098053 273.15 0.201056942 893.466492
0.016105753 0.914399982 0.0151937912 -1.26851094 336.888428 0.648905039 273.15 0.283774465 883.740051
0.0174353865 0.914399982 0.0157441928 -1.2544266 348.323975 0.623211503 273.15 0.261859536 886.171753
0.0187742445 0.914399982 0.0162717597 -1.23986161 383.412506 0.594590485 273.15 0.182868376 895.199341
0.0201210962 0.914399982 0.0167785712 -1.2253561 400.176849 0.563653708 273.15 0.146247596 899.037292
0.0214751029 0.914399982 0.0172659452 -1.21120918 425.927063 0.531423628 273.15 0.130241409 900.021912
0.022835535 0.914399982 0.0177350849 -1.19738722 458.664978 0.498544961 273.15 0.123253144 899.242493
0.0242017369 0.914399982 0.0181871468 -1.1837976 495.647552 0.465205967 273.15 0.120937884 896.91272
0.0255730686 0.914399982 0.0186234001 -1.17047894 531.73114 0.432327598 273.15 0.120782465 893.155151
0.0269490089 0.914399982 0.0190448927 -1.15753675 561.87439 0.401462376 273.15 0.119168639 888.903687
0.0283291553 0.914399982 0.0194524012 -1.14494324 586.445374 0.373147398 273.15 0.11699985 884.401611
0.0297131607 0.914399982 0.0198466051 -1.13263547 605.856506 0.347298026 273.15 0.115969211 880.05542
0.0311006962 0.914399982 0.020228198 -1.12057602 620.668396 0.32461971 273.15 0.115785278 876.110962
0.0324914619 0.914399982 0.020597845 -1.10877502 633.632568 0.304023176 273.15 0.116626263 871.900269
0.0338851739 0.914399982 0.0209562226 -1.09730434 644.360535 0.285059273 273.15 0.11830657 867.299316
0.0352815876 0.914399982 0.0213039246 -1.08621395 650.929565 0.267402023 273.15 0.120433874 862.551819
0.0366805184 0.914399982 0.0216413566 -1.07546389 654.273621 0.251107156 273.15 0.123082697 857.705566
0.0380818015 0.914399982 0.0219688835 -1.06499493 656.85614 0.236171916 273.15 0.126640871 852.608643
0.0394852649 0.914399982 0.0222869376 -1.0547986 659.65802 0.222358286 273.15 0.131355077 847.069763
0.0408907416 0.914399982 0.0225959739 -1.04484034 661.78125 0.209453866 273.15 0.137222335 841.032898
0.0422980875 0.914399982 0.0228963829 -1.03522122 662.180603 0.197456673 273.15 0.144226015 834.43158
0.0437071758 0.914399982 0.02318851 -1.02563679 661.034119 0.186448008 273.15 0.152602017 827.313293
0.0451179004 0.914399982 0.0234726299 -1.01512492 658.968018 0.178046569 273.15 0.162714809 820.455383
0.0465301623 0.914399982 0.0237490072 -1.00470603 656.373596 0.170691073 273.15 0.174973398 813.237854
0.0479438761 0.914399982 0.0240178595 -0.996342182 653.759155 0.163671091 273.15 0.190118521 803.880737
0.0493589461 0.914399982 0.0242794793 -0.988665581 651.442383 0.156972721 273.15 0.209279701 791.70105
0.0507752826 0.914399982 0.0245341536 -0.980570078 649.694397 0.150585458 273.15 0.234206855 775.471008
0.0521928037 0.914399982 0.0247821493 -0.972495079 648.454895 0.144520953 273.15 0.267708272 753.47522
0.053611457 0.914399982 0.0250235848 -0.96418047 647.103394 0.138739035 273.15 0.314517021 722.671997
0.0550311681 0.914399982 0.0252587197 -0.956368148 646.24939 0.133178741 273.15 0.384602189 676.622314
0.0564518876 0.914399982 0.025487683 -0.948960662 657.089539 0.127817705 273.15 0.508645594 595.43988
0.0578735603 0.914399982 0.0257106511 -0.941360235 692.676636 0.12262547 273.15 0.78720212 413.985077
0.0592961273 0.914399982 0.0259278406 -0.93386358 685.205444 0.117615007 273.15 0.954677343 300.52298
0.0607195509 0.914399982 0.026139343 -0.926492393 645.756226 0.112789102 273.15 0.986324072 274.209717
0.0621437714 0.914399982 0.026345411 -0.919248343 635.826172 0.10813345 273.15 0.988906324 266.657043
0.063568751 0.914399982 0.0265461631 -0.912144721 631.298218 0.103619404 273.15 0.992462218 259.106079
0.064994453 0.914399982 0.0267417178 -0.905163527 627.745789 0.0992148444 273.15 0.996385813 250.773972
0.066420846 0.914399982 0.0269321681 -0.898284733 624.479431 0.0949371904 273.136 1 243.982208
0.0678478935 0.914399982 0.0271176497 -0.891503036 621.401978 0.0908056051 273.033 1 239.683121
0.0692755612 0.914399982 0.0272982955 -0.884824216 618.541443 0.0868169814 272.932 1 235.759964
0.0707038184 0.914399982 0.0274742205 -0.878249705 615.929626 0.0829749554 272.833 1 232.297607
0.0721326342 0.914399982 0.0276455485 -0.871777892 613.464844 0.079226397 272.736 1 228.937592
0.0735619812 0.914399982 0.0278123874 -0.865408838 611.060242 0.0759950504 272.652 1 226.679535
0.0749918329 0.914399982 0.0279748443 -0.859140158 608.711121 0.0734269097 272.586 1 225.698898
0.076422167 0.914399982 0.028132998 -0.852965057 606.401001 0.070864208 272.52 1 224.854706
0.0778529609 0.914399982 0.0282869361 -0.846873343 604.131042 0.0683148727 272.454 1 224.029877
0.0792841958 0.914399982 0.0284367182 -0.840854645 601.903198 0.0657638982 272.387 1 223.085846
0.0807158493 0.914399982 0.0285824455 -0.83489573 599.735779 0.0632165372 272.32 1 222.025864
0.0821479085 0.914399982 0.0287241284 -0.829009473 597.649963 0.0606694929 272.252 1 220.773239
0.0835803295 0.914399982 0.0288621061 -0.82322073 595.605957 0.0580997355 272.183 1 219.339935
0.085013118 0.914399982 0.028996215 -0.817545295 593.565491 0.0555107854 272.113 1 217.835953
0.0864462491 0.914399982 0.029126612 -0.811916649 591.530212 0.0529209897 272.042 1 216.324478
0.0878797114 0.914399982 0.0292533156 -0.806540191 589.501831 0.0503420942 271.972 1 214.84935
0.0893124563 0.914399982 0.0293763726 -0.801323056 587.485779 0.0477852561 271.901 1 213.442642
0.0908171694 0.914399982 0.0295016658 -0.795569777 585.486877 0.0452624708 271.831 1 212.12059
0.0923974449 0.914399982 0.029629238 -0.789577365 583.505432 0.0427735671 271.761 1 210.912964
0.0940570855 0.914399982 0.0297587638 -0.783460975 581.541687 0.0403222404 271.692 1 209.882446
0.0958000717 0.914399982 0.0298900254 -0.776321054 579.594482 0.0378063768 271.62 1 208.718399
0.0976305922 0.914399982 0.0300226413 -0.769473433 577.664368 0.0354083255 271.552 1 207.85614
0.0995530378 0.914399982 0.0301562624 -0.763208687 575.749817 0.0341781415 271.518 1 208.217789
0.101572004 0.914399982 0.0302907139 -0.756299555 573.851074 0.0329237916 271.482 1 209.212173
0.103692349 0.914399982 0.0304252619 -0.749051809 571.970581 0.0316419974 271.446 1 209.98497
0.105919135 0.914399982 0.0305597031 -0.741495609 570.117676 0.0303415265 271.409 1 210.409943
0.108257701 0.914399982 0.0306933597 -0.732926786 568.291138 0.0290235076 271.372 1 210.481018
0.110713646 0.914399982 0.0308255783 -0.724371672 566.487732 0.0276881009 271.333 1 210.244476
0.113292837 0.914399982 0.0309558151 -0.716861606 564.762939 0.0263289008 271.294 1 209.723495
0.115868178 0.914399982 0.0310772345 -0.709001303 562.447449 0.0249378011 271.254 1 209.01857
0.118443899 0.914399982 0.0311902827 -0.700779498 560.0177 0.0235439651 271.214 1 208.175766
0.121019967 0.914399982 0.0312951718 -0.692780852 558.125427 0.0221142843 271.172 1 207.19574
0.123596345 0.914399982 0.0313921188 -0.684879482 556.207947 0.0206184816 271.127 1 206.184967
0.126173003 0.914399982 0.0314813059 -0.677084386 554.274414 0.019087635 271.081 1 205.235092
0.128749911 0.914399982 0.0315629617 -0.669387043 552.247742 0.0175306443 271.034 1 204.377548
0.131327042 0.914399982 0.0316372545 -0.661785424 550.099365 0.0159533303 270.986 1 203.605759
0.13390437 0.914399982 0.0317043525 -0.654279888 547.851807 0.014350581 270.937 1 202.915039
0.136481871 0.914399982 0.0317644283 -0.646870196 545.483337 0.0127654141 270.889 1 202.349594
0.139059525 0.914399982 0.031817584 -0.639558375 542.97052 0.0111621805 270.839 1 201.872421
0.141637309 0.914399982 0.0318639853 -0.632368147 540.419678 0.00928202737 270.78 1 201.329895
0.144215202 0.914399982 0.0319038691 -0.625440657 537.821716 0.00840691291 270.753 1 201.20462
0.146793186 0.914399982 0.031937372 -0.618330181 535.144409 0.00795234181 270.739 1 201.719818
0.149371244 0.914399982 0.0319645981 -0.610714018 532.557373 0.00748392148 270.724 1 202.648438
0.15194936 0.914399982 0.0319855684 -0.603230834 529.993225 0.00701082917 270.71 1 203.447433
0.154527518 0.914399982 0.0320005731 -0.596427441 527.438049 0.00653575687 270.695 1 203.3517
0.157105703 0.914399982 0.032009777 -0.590221643 524.909607 0.00605701655 270.68 1 202.928482
0.159683902 0.914399982 0.0320131373 -0.584005892 522.436035 0.0055751903 270.665 1 202.492722
0.162262103 0.914399982 0.0320108359 -0.576820612 519.958374 0.0050912383 270.649 1 202.088501
0.164840292 0.914399982 0.032003077 -0.569398403 517.286804 0.00460459618 270.634 1 201.718506
0.16741846 0.914399982 0.0319898652 -0.56328398 514.471741 0.00411134306 270.618 1 201.378159
0.169996595 0.914399982 0.0319712932 -0.557256341 511.954254 0.0036194257 270.602 1 201.070267
0.172574688 0.914399982 0.0319476332 -0.550725639 510.018524 0.00313232024 270.586 1 200.807007
0.175152728 0.914399982 0.0319187767 -0.544374287 508.636444 0.00261275843 270.568 1 200.562363
0.177730707 0.914399982 0.0318849457 -0.538069725 507.419128 0.00203982973 270.548 1 200.31813
0.180308619 0.914399982 0.0318462868 -0.531852603 505.877502 0.00136574905 270.525 1 200.104721
0.182886452 0.914399982 0.0318026742 -0.525717854 503.998169 0.000653303345 270.5 1 200
0.185464202 0.914399982 0.0317544544 -0.51979965 501.884003 0.000622747466 270.499 1 200
0.188041861 0.914399982 0.0317015621 -0.513419867 499.702301 0.000592438446 270.498 1 200
0.190619423 0.914399982 0.0316441414 -0.506790698 497.649872 0.000560984539 270.497 1 200
0.193196883 0.914399982 0.031582296 -0.501152813 495.693359 0.000528563571 270.496 1 200
0.195774232 0.914399982 0.0315160055 -0.495623171 493.717102 0.00049540872 270.495 1 200
0.198351471 0.914399982 0.0314455328 -0.489740491 491.710632 0.000460717973 270.494 1 200
0.200928586 0.914399982 0.0313706944 -0.484071791 489.75238 0.000424671627 270.493 1 200
0.203505582 0.914399982 0.0312918604 -0.478143126 487.769287 0.000387573091 270.491 1 200
0.206082447 0.914399982 0.0312088442 -0.47202599 485.767365 0.000348274945 270.49 1 200
0.208659183 0.914399982 0.0311219381 -0.466394424 483.828949 0.000304055517 270.488 1 200
0.211235781 0.914399982 0.0310310196 -0.460860133 481.887817 0.000249027129 270.486 1 200
0.213812243 0.914399982 0.0309363212 -0.455248773 479.969086 0.000181958007 270.484 1 200
0.216388561 0.914399982 0.0308377791 -0.449783683 478.11438 0.000109667038 270.481 1 200
0.218964735 0.914399982 0.0307355713 -0.444241256 476.277618 3.36636549e-05 270.479 1 200
0.221540761 0.914399982 0.0306296625 -0.438685387 474.493622 0 270.477 0 200
0.224116638 0.914399982 0.0305202144 -0.433196783 472.749878 0 270.477 0 200
0.226692361 0.914399982 0.0304071745 -0.427774787 471.049408 0 270.477 0 200
0.229267931 0.914399982 0.0302907237 -0.422451645 469.398285 0 270.477 0 200
0.231843342 0.914399982 0.0301707915 -0.417306751 467.786011 0 270.477 0 200
0.234418597 0.914399982 0.0300475797 -0.412144125 466.22348 0 270.477 0 200
0.236993689 0.914399982 0.0299209855 -0.406704813 464.689972 0 270.477 0 200
0.239568624 0.914399982 0.0297912424 -0.401145279 463.19458 0 270.477 0 200
0.242143391 0.914399982 0.0296581954 -0.395867109 461.733398 0 270.477 0 200
0.244717998 0.914399982 0.0295221146 -0.390836209 460.282288 0 270.477 0 200
0.247292435 0.914399982 0.0293828288 -0.385829836 459.051331 0 270.477 0 200
0.24986671 0.914399982 0.0292405987 -0.380952507 459.497467 0 270.477 0 200
0.252440814 0.914399982 0.0290952986 -0.376006186 458.668213 0 270.477 0 200
0.255014754 0.914399982 0.0289471127 -0.370952815 455.731628 0 270.477 0 200
0.257588522 0.914399982 0.0287959881 -0.365956217 453.770782 0 270.477 0 200
0.260162123 0.914399982 0.0286420252 -0.360984325 452.254883 0 270.477 0 200
0.262735553 0.914399982 0.0284852469 -0.356042713 450.801666 0 270.477 0 200
0.265308812 0.914399982 0.0283256815 -0.351129055 449.185944 0 270.477 0 200
0.267881903 0.914399982 0.0281634281 -0.34624368 447.3992 0 270.477 0 200
0.27045482 0.914399982 0.0279984376 -0.341382772 446.274139 0 270.477 0 200
0.273027571 0.914399982 0.0278308701 -0.336542577 456.35498 0 270.477 0 200
0.275600144 0.914399982 0.0276606079 -0.331692755 472.211456 0 270.477 0 200
0.278172552 0.914399982 0.02748786 -0.326819897 478.838287 0 270.477 0 200
0.280744782 0.914399982 0.0273124906 -0.322012991 479.44632 0 270.477 0 200
0.283316846 0.914399982 0.0271346928 -0.317315012 462.966705 0 270.477 0 200
0.285888735 0.914399982 0.0269543875 -0.312655926 443.913208 0 270.477 0 200
0.288460455 0.914399982 0.0267716903 -0.308009177 439.632263 0 270.477 0 200
0.291032003 0.914399982 0.0265865738 -0.303381622 437.580719 0 270.477 0 200
0.29360338 0.914399982 0.026399104 -0.298769712 435.902039 0 270.477 0 200
0.296174586 0.914399982 0.0262093064 -0.29417631 434.196594 0 270.477 0 200
0.29874562 0.914399982 0.0260171953 -0.289601147 432.595612 0 270.477 0 200
0.301316486 0.914399982 0.0258228425 -0.285044968 431.086578 0 270.477 0 200
0.303887178 0.914399982 0.0256262152 -0.280507356 429.642334 0 270.477 0 200
0.306457704 0.914399982 0.0254274166 -0.275988132 428.241852 0 270.477 0 200
0.309028056 0.914399982 0.025226386 -0.271486849 426.884888 0 270.477 0 200
0.311598243 0.914399982 0.0250232499 -0.26700297 425.557739 0 270.477 0 200
0.314168256 0.914399982 0.0248179235 -0.262535959 424.260406 0 270.477 0 200
0.316738104 0.914399982 0.0246105535 -0.258085519 422.992828 0 270.477 0 200
0.319307779 0.914399982 0.0244010446 -0.253650606 421.750977 0 270.477 0 200
0.32187729 0.914399982 0.0241895324 -0.249229595 420.534607 0 270.477 0 200
0.324446629 0.914399982 0.0239759379 -0.244820878 419.341858 0 270.477 0 200
0.327015803 0.914399982 0.0237603734 -0.240423128 418.172852 0 270.477 0 200
0.329584806 0.914399982 0.0235427819 -0.236036122 417.023773 0 270.477 0 200
0.332153644 0.914399982 0.0233232546 -0.231659323 415.893311 0 270.477 0 200
0.334722314 0.914399982 0.0231017543 -0.227291375 414.778656 0 270.477 0 200
0.337290817 0.914399982 0.0228783444 -0.222929627 413.683533 0 270.477 0 200
0.339859154 0.914399982 0.0226530243 -0.218569085 412.599884 0 270.477 0 200
0.342427324 0.914399982 0.0224258003 -0.214204431 411.530945 0 270.477 0 200
0.344995329 0.914399982 0.0221967295 -0.209821552 410.473846 0 270.477 0 200
0.347563164 0.914399982 0.0219657647 -0.205436915 409.427338 0 270.477 0 200
0.350130838 0.914399982 0.0217330137 -0.201108187 408.390472 0 270.477 0 200
0.352698341 0.914399982 0.0214983804 -0.196831539 407.360199 0 270.477 0 200
0.355265681 0.914399982 0.0212619755 -0.192355826 406.338318 0 270.477 0 200
0.357832846 0.914399982 0.0210236648 -0.187778696 405.320496 0 270.477 0 200
0.360399856 0.914399982 0.020783702 -0.183564976 404.307037 0 270.477 0 200
0.362966707 0.914399982 0.0205420412 -0.179440483 403.312225 0 270.477 0 200
0.365533374 0.914399982 0.0202984401 -0.175156221 402.287292 0 270.477 0 200
0.368099885 0.914399982 0.0200531987 -0.170873299 401.249207 0 270.477 0 200
0.37066624 0.914399982 0.0198063264 -0.166580707 400.243622 0 270.477 0 200
0.373232409 0.914399982 0.0195575285 -0.162275717 399.238159 0 270.477 0 200
0.375798423 0.914399982 0.0193071313 -0.157964617 398.227264 0 270.477 0 200
0.378364279 0.914399982 0.019055128 -0.153652668 397.214142 0 270.477 0 200
0.38092995 0.914399982 0.0188012431 -0.149330258 396.194305 0 270.477 0 200
0.383495464 0.914399982 0.0185457892 -0.145000875 395.16803 0 270.477 0 200
0.386060815 0.914399982 0.0182886908 -0.140668109 394.418732 0 270.477 0 200
0.388625987 0.914399982 0.0180298195 -0.136326179 393.09903 0 270.477 0 200
0.391191004 0.914399982 0.0177694106 -0.131976351 391.779633 0 270.477 0 200
0.393755845 0.914399982 0.017507271 -0.127617702 391.009003 0 270.477 0 200
0.396320517 0.914399982 0.0172434929 -0.123248592 389.950439 0 270.477 0 200
0.39888503 0.914399982 0.0169781651 -0.118869819 388.92984 0 270.477 0 200
0.401449356 0.914399982 0.016711047 -0.114477292 387.911102 0 270.477 0 200
0.404013528 0.914399982 0.0164424431 -0.110071316 386.845001 0 270.477 0 200
0.406577516 0.914399982 0.0161720962 -0.105651386 385.795837 0 270.477 0 200
0.409141339 0.914399982 0.0159001827 -0.101215996 384.759644 0 270.477 0 200
0.41170499 0.914399982 0.0156266566 -0.0967660099 383.67981 0 270.477 0 200
0.414268464 0.914399982 0.015351477 -0.0922987163 382.613831 0 270.477 0 200
0.416831768 0.914399982 0.0150747174 -0.0878129303 381.557159 0 270.477 0 200
0.419394891 0.914399982 0.0147962876 -0.0833081529 380.467712 0 270.477 0 200
0.421957846 0.914399982 0.0145163095 -0.0787834153 379.4021 0 270.477 0 200
0.424520615 0.914399982 0.0142346401 -0.0742376149 378.318542 0 270.477 0 200
0.427083212 0.914399982 0.0139514141 -0.0696699545 377.213776 0 270.477 0 200
0.429645627 0.914399982 0.0136665334 -0.0650786906 376.146057 0 270.477 0 200
0.432207861 0.914399982 0.0133800351 -0.0604621917 375.049042 0 270.477 0 200
0.434769915 0.914399982 0.0130919408 -0.0558203608 373.947815 0 270.477 0 200
0.437331782 0.914399982 0.0128021761 -0.051152315 372.845764 0 270.477 0 200
0.439893474 0.914399982 0.0125108748 -0.0464568213 371.728088 0 270.477 0 200
0.442454967 0.914399982 0.0122178211 -0.0417307168 370.634338 0 270.477 0 200
0.445016278 0.914399982 0.0119231912 -0.0369744003 369.519257 0 270.477 0 200
0.447577404 0.914399982 0.011626955 -0.0321884677 368.394287 0 270.477 0 200
0.45013833 0.914399982 0.0113289909 -0.0273689553 367.268127 0 270.477 0 200
0.452699069 0.914399982 0.0110294258 -0.0225167461 366.129883 0 270.477 0 200
0.455259619 0.914399982 0.0107282484 -0.0176321957 365.34317 0 270.477 0 200
0.457819962 0.914399982 0.0104253199 -0.0127106216 363.831665 0 270.477 0 200
0.460380109 0.914399982 0.0101207367 -0.00775193051 362.272156 0 270.477 0 200
0.462940061 0.914399982 0.00981451781 -0.00275849202 361.422668 0 270.477 0 200
0.46549981 0.914399982 0.00950660895 0.00227112509 360.258118 0 270.477 0 200
0.468059357 0.914399982 0.00919701723 0.00733929174 359.070557 0 270.477 0 200
0.47061869 0.914399982 0.0088856712 0.0124473162 357.864319 0 270.477 0 200
0.473177816 0.914399982 0.0085726292 0.0175946746 356.651947 0 270.477 0 200
0.475736732 0.914399982 0.00825786855 0.0227804855 355.41156 0 270.477 0 200
0.478295434 0.914399982 0.00794137496 0.0280050114 354.167725 0 270.477 0 200
0.480853921 0.914399982 0.00762314525 0.033267986 352.891205 0 270.477 0 200
0.483412189 0.914399982 0.00730316753 0.0385691337 351.578766 0 270.477 0 200
0.485970238 0.914399982 0.00698143863 0.0439086817 350.280487 0 270.477 0 200
0.488528057 0.914399982 0.00665788786 0.049286779 348.937347 0 270.477 0 200
0.491085649 0.914399982 0.0063325434 0.0547024123 347.541382 0 270.477 0 200
0.493643014 0.914399982 0.00600542351 0.0601534508 346.139221 0 270.477 0 200
0.496200149 0.914399982 0.0056765146 0.0656394586 344.70929 0 270.477 0 200
0.498757039 0.914399982 0.00534570177 0.0711606145 343.229614 0 270.477 0 200
0.501313699 0.914399982 0.00501311406 0.0767155662 341.709076 0 270.477 0 200
0.503870103 0.914399982 0.00467856306 0.0823027268 340.150421 0 270.477 0 200
0.50642627 0.914399982 0.0043422108 0.0879203752 338.555206 0 270.477 0 200
0.508982184 0.914399982 0.0040039379 0.0935636386 336.914551 0 270.477 0 200
0.511537855 0.914399982 0.00366384071 0.0992331505 335.217468 0 270.477 0 200
0.514093255 0.914399982 0.00332170415 0.104922794 333.46814 0 270.477 0 200
0.516648403 0.914399982 0.00297770244 0.110637523 331.65979 0 270.477 0 200
0.519203289 0.914399982 0.00263174854 0.116353154 329.779572 0 270.477 0 200
0.521757904 0.914399982 0.00228380711 0.122094125 327.83371 0 270.477 0 200
0.524312244 0.914399982 0.00193384576 0.127778098 325.823975 0 270.477 0 200
0.526866315 0.914399982 0.00158192817 0.133411393 323.726074 0 270.477 0 200
0.52942009 0.914399982 0.00122787388 0.138040081 321.526825 0 270.477 0 200
0.531069981 0.914399982 0.000998093031 0.141670078 319.240723 0 270.477 0 200
0.532101091 0.914399982 0.000853961954 0.143584982 316.84436 0 270.477 0 200
0.532745525 0.914399982 0.000763814193 0.144108891 314.324493 0 270.477 0 200
0.533148284 0.914399982 0.000707382481 0.144281775 311.691345 0 270.477 0 200
0.533400004 0.914399982 0.000672085901 0.140992299 308.910461 0 270.477 0 200
0.533400001 0.914399982 0.000582474699 0.133648947 305.957184 0 270.477 0 200
0.533399997 0.914399982 0.000492863497 0.137768522 302.838776 0 270.477 0 200
0.533399993 0.914399982 0.000403252296 0.137671769 299.554047 0 270.477 0 200
0.533399989 0.914399982 0.000313641094 0.138662681 296.043427 0 270.477 0 200
0.533399987 0.914399982 0.000224029892 0.139365599 292.277557 0 270.477 0 200
0.533399989 0.914399982 0.000134418691 0.140064493 288.24469 0 270.477 0 200
0.53339999 0.914399982 4.48074889e-05 0.140482619 283.87851 0 270.477 0 200
0.533399991 0.914399982 -4.48037127e-05 0.140569583 279.483734 0 270.477 0 200
0.533399993 0.914399982 -0.000134414914 0.140322626 275.982025 0 270.477 0 200
0.533399994 0.914399982 -0.000224026116 0.139632747 273.771912 0 270.477 0 200
0.533399998 0.914399982 -0.000313637317 0.138982832 273.567108 0 270.477 0 200
0.533400005 0.914399982 -0.000403248519 0.137475193 276.224426 0 270.477 0 200
0.533400012 0.914399982 -0.00049285972 0.138106555 297.263 0 270.477 0 200
0.533400018 0.914399982 -0.00058247092 0.130735666 282.117615 0 270.477 0 200

ZONE T="SLICE_Y_0p9144_BINS15_KS_0p5mm_CUTDATA_VAR_DENSITY"
0.533400018 0.914399982 -0.00058247092 0.130735666 157.869598 0 270.477 0 200
0.533400004 0.914399982 -0.000672082119 0.143050954 164.929733 0 270.477 0 200
0.533148466 0.914399982 -0.000707354403 0.147099599 180.712479 0 270.477 0 200
0.532745998 0.914399982 -0.000763745625 0.145698696 190.822479 0 270.477 0 200
0.53210203 0.914399982 -0.000853827126 0.144994646 200.822006 0 270.477 0 200
0.531071666 0.914399982 -0.00099785339 0.142481029 203.443604 0 270.477 0 200
0.529422969 0.914399982 -0.00122746797 0.138313934 199.668167 0 270.477 0 200
0.526873095 0.914399982 -0.00158098831 0.133275494 195.183578 0 270.477 0 200
0.524322926 0.914399982 -0.00193237185 0.127455518 189.727661 0 270.477 0 200
0.521772489 0.914399982 -0.0022818114 0.121918604 178.542496 0 270.477 0 200
0.519221778 0.914399982 -0.00262923523 0.11659202 161.757629 0 270.477 0 200
0.516670797 0.914399982 -0.0029746773 0.111534767 141.138336 0 270.477 0 200
0.514119553 0.914399982 -0.00331817313 0.106683798 114.139648 0 270.477 0 200
0.511568058 0.914399982 -0.00365979377 0.102040984 128.422501 0 270.477 0 200
0.509016294 0.914399982 -0.00399940552 0.0975838751 128.422501 0 270.477 0 200
0.506464287 0.914399982 -0.00433718384 0.0933021381 210.105042 0 270.477 0 200
0.50391203 0.914399982 -0.00467306469 0.0891818851 197.564346 0 270.477 0 200
0.501359535 0.914399982 -0.00500713669 0.0852180272 167.011215 0 270.477 0 200
0.498806784 0.914399982 -0.00533924521 0.081400767 158.133194 0 270.477 0 200
0.496253803 0.914399982 -0.00566957616 0.0777173191 156.397095 0 270.477 0 200
0.49370058 0.914399982 -0.00599804175 0.074158892 157.968246 0 270.477 0 200
0.491147126 0.914399982 -0.00632469778 0.0707168728 161.737015 0 270.477 0 200
0.488593446 0.914399982 -0.00664958131 0.067382805 167.047272 0 270.477 0 200
0.48603954 0.914399982 -0.00697269046 0.0641525984 172.755936 0 270.477 0 200
0.483485406 0.914399982 -0.00729398822 0.0610221364 178.396362 0 270.477 0 200
0.480931051 0.914399982 -0.00761352572 0.0579839237 183.899017 0 270.477 0 200
0.478376479 0.914399982 -0.00793132724 0.0550314859 189.244644 0 270.477 0 200
0.475821692 0.914399982 -0.00824739351 0.0521608591 194.419876 0 270.477 0 200
0.473266692 0.914399982 -0.00856172802 0.0493677408 199.435425 0 270.477 0 200
0.470711482 0.914399982 -0.00887435928 0.0466484576 204.296082 0 270.477 0 200
0.468156063 0.914399982 -0.00918526844 0.0440011285 209.014999 0 270.477 0 200
0.465600434 0.914399982 -0.00949445508 0.0414224416 213.589935 0 270.477 0 200
0.463044603 0.914399982 -0.00980196434 0.0389072783 218.036041 0 270.477 0 200
0.460488571 0.914399982 -0.0101077948 0.0364503413 222.347 0 270.477 0 200
0.457932344 0.914399982 -0.0104119964 0.0340503752 226.537842 0 270.477 0 200
0.455375917 0.914399982 -0.0107145051 0.0317106359 230.612656 0 270.477 0 200
0.452819289 0.914399982 -0.0110153132 0.029427221 234.559479 0 270.477 0 200
0.450262471 0.914399982 -0.0113145094 0.0271910578 238.399628 0 270.477 0 200
0.447705468 0.914399982 -0.0116121166 0.0250041727 242.165161 0 270.477 0 200
0.44514826 0.914399982 -0.01190795 0.0228664968 245.832733 0 270.477 0 200
0.442590872 0.914399982 -0.0122022341 0.0207696781 249.384644 0 270.477 0 200
0.440033299 0.914399982 -0.0124948975 0.0187132023 252.846497 0 270.477 0 200
0.437475532 0.914399982 -0.0127858649 0.0166958906 256.226135 0 270.477 0 200
0.434917592 0.914399982 -0.0130753062 0.0147142196 259.519714 0 270.477 0 200
0.432359457 0.914399982 -0.01336302 0.0127647314 262.730499 0 270.477 0 200
0.42980115 0.914399982 -0.0136492021 0.0108398413 265.874176 0 270.477 0 200
0.427242658 0.914399982 -0.013933718 0.00892991107 268.949982 0 270.477 0 200
0.424683989 0.914399982 -0.0142166417 0.00702227838 271.956848 0 270.477 0 200
0.422125141 0.914399982 -0.0144979481 0.00517276023 274.882416 0 270.477 0 200
0.419566117 0.914399982 -0.0147776435 0.00334951188 277.741699 0 270.477 0 200
0.417006917 0.914399982 -0.0150557235 0.00153657189 280.570312 0 270.477 0 200
0.414447544 0.914399982 -0.0153322065 -0.000214122934 283.330811 0 270.477 0 200
0.411887994 0.914399982 -0.0156070442 -0.00193263439 286.016174 0 270.477 0 200
0.409328275 0.914399982 -0.0158803148 -0.00362411793 288.678864 0 270.477 0 200
0.406768377 0.914399982 -0.0161518946 -0.00529484311 291.28302 0 270.477 0 200
0.404208323 0.914399982 -0.0164219968 -0.00694267778 293.824127 0 270.477 0 200
0.401648078 0.914399982 -0.0166902858 -0.00856601354 296.34549 0 270.477 0 200
0.399087677 0.914399982 -0.0169570843 -0.0101694437 298.817566 0 270.477 0 200
0.396527101 0.914399982 -0.0172221887 -0.0117530758 301.245605 0 270.477 0 200
0.393966355 0.914399982 -0.0174856599 -0.013320839 303.636536 0 270.477 0 200
0.391405453 0.914399982 -0.0177475985 -0.0148684094 305.9935 0 270.477 0 200
0.388844364 0.914399982 -0.0180077128 -0.016393479 308.301117 0 270.477 0 200
0.386283121 0.914399982 -0.0182662943 -0.0179037787 310.568176 0 270.477 0 200
0.383721709 0.914399982 -0.0185232101 -0.0193964709 312.828339 0 270.477 0 200
0.381160124 0.914399982 -0.0187783802 -0.0208723824 315.05661 0 270.477 0 200
0.378598383 0.914399982 -0.0190319891 -0.0223341323 317.256348 0 270.477 0 200
0.376036469 0.914399982 -0.01928384 -0.0237766746 319.428528 0 270.477 0 200
0.373474386 0.914399982 -0.0195339749 -0.0252052918 321.585388 0 270.477 0 200
0.370912148 0.914399982 -0.0197825124 -0.0266218316 323.708313 0 270.477 0 200
0.368349737 0.914399982 -0.0200292581 -0.0280184466 325.805786 0 270.477 0 200
0.365787158 0.914399982 -0.020274252 -0.0294020455 327.893463 0 270.477 0 200
0.363224424 0.914399982 -0.0205176118 -0.0307805613 329.941711 0 270.477 0 200
0.360661519 0.914399982 -0.0207591794 -0.0321471468 331.993225 0 270.477 0 200
0.358098443 0.914399982 -0.020998914 -0.0335129015 334.0159 0 270.477 0 200
0.35553521 0.914399982 -0.0212369703 -0.0349025279 336.011932 0 270.477 0 200
0.352971818 0.914399982 -0.021473304 -0.036250677 338.0112 0 270.477 0 200
0.35040825 0.914399982 -0.0217077242 -0.0375907756 339.969757 0 270.477 0 200
0.347844519 0.914399982 -0.0219403511 -0.0389496572 341.944305 0 270.477 0 200
0.345280622 0.914399982 -0.022171153 -0.040269915 343.899445 0 270.477 0 200
0.342716559 0.914399982 -0.0224000883 -0.0415747128 345.806732 0 270.477 0 200
0.340152332 0.914399982 -0.0226271915 -0.0428645909 347.772491 0 270.477 0 200
0.337587935 0.914399982 -0.0228523647 -0.0441421308 349.716156 0 270.477 0 200
0.335023377 0.914399982 -0.0230756951 -0.0454083569 351.616913 0 270.477 0 200
0.332458647 0.914399982 -0.0232970391 -0.0466641858 353.623077 0 270.477 0 200
0.329893756 0.914399982 -0.0235165074 -0.0479105823 355.704742 0 270.477 0 200
0.327328693 0.914399982 -0.0237339581 -0.0491471924 358.067902 0 270.477 0 200
0.324763467 0.914399982 -0.0239494825 -0.0503741764 361.90448 0 270.477 0 200
0.32219807 0.914399982 -0.0241629526 -0.0515918657 369.847015 0 270.477 0 200
0.319632509 0.914399982 -0.0243744464 -0.052800674 369.249146 0 270.477 0 200
0.317066776 0.914399982 -0.0245838475 -0.0540005118 363.791412 0 270.477 0 200
0.314500879 0.914399982 -0.0247912231 -0.055191271 365.414917 0 270.477 0 200
0.311934809 0.914399982 -0.0249964552 -0.0563731045 367.357208 0 270.477 0 200
0.309368575 0.914399982 -0.0251996226 -0.0575454608 369.123077 0 270.477 0 200
0.306802167 0.914399982 -0.0254005786 -0.0587081574 370.871796 0 270.477 0 200
0.304235595 0.914399982 -0.0255994314 -0.0598606877 372.600891 0 270.477 0 200
0.301668847 0.914399982 -0.0257960025 -0.0610033087 374.322144 0 270.477 0 200
0.299101936 0.914399982 -0.0259904291 -0.0621357113 376.040741 0 270.477 0 200
0.296534849 0.914399982 -0.0261825112 -0.0632572249 377.754822 0 270.477 0 200
0.293967597 0.914399982 -0.026372379 -0.0643683672 379.467072 0 270.477 0 200
0.29140017 0.914399982 -0.0265598687 -0.065468885 381.177643 0 270.477 0 200
0.288832576 0.914399982 -0.0267450536 -0.0665587708 382.887207 0 270.477 0 200
0.286264808 0.914399982 -0.0269278228 -0.0676375851 384.596313 0 270.477 0 200
0.283696871 0.914399982 -0.027108193 -0.0687055364 386.305023 0 270.477 0 200
0.281128764 0.914399982 -0.0272861165 -0.0697620511 388.014648 0 270.477 0 200
0.278560484 0.914399982 -0.0274615405 -0.0708067268 389.729584 0 270.477 0 200
0.275992036 0.914399982 -0.0276344787 -0.0718376637 391.448669 0 270.477 0 200
0.273423413 0.914399982 -0.0278048054 -0.0728544891 393.177307 0 270.477 0 200
0.270854625 0.914399982 -0.0279726101 -0.0738568678 394.915466 0 270.477 0 200
0.268285659 0.914399982 -0.0281376881 -0.0748469755 396.664886 0 270.477 0 200
0.26571653 0.914399982 -0.028300188 -0.0758316517 398.426331 0 270.477 0 200
0.263147224 0.914399982 -0.028459889 -0.0768045112 400.202759 0 270.477 0 200
0.260577754 0.914399982 -0.0286169049 -0.0777835548 401.992798 0 270.477 0 200
0.258008111 0.914399982 -0.028771076 -0.0786937177 403.799347 0 270.477 0 200
0.255438301 0.914399982 -0.028922435 -0.0795654655 405.62262 0 270.477 0 200
0.252868322 0.914399982 -0.0290709003 -0.0806162283 407.46463 0 270.477 0 200
0.250298175 0.914399982 -0.0292164224 -0.0814057887 409.332336 0 270.477 0 200
0.247727863 0.914399982 -0.0293590095 -0.081850417 411.216339 0 270.477 0 200
0.245157382 0.914399982 -0.0294985138 -0.0826405063 413.171234 0 270.477 0 200
0.24258674 0.914399982 -0.0296350232 -0.0835920274 415.163513 0 270.477 0 200
0.240015929 0.914399982 -0.0297683111 -0.0845692679 417.103851 0 270.477 0 200
0.237444962 0.914399982 -0.0298985357 -0.0856532082 419.121124 0 270.477 0 200
0.234873826 0.914399982 -0.0300254017 -0.0865266472 421.235779 0 270.477 0 200
0.232302536 0.914399982 -0.0301491055 -0.0872997046 423.355194 0 270.477 0 200
0.229731084 0.914399982 -0.0302693739 -0.0880378336 425.522461 0 270.477 0 200
0.227159479 0.914399982 -0.0303863483 -0.0886804312 427.754272 0 270.477 0 200
0.224587715 0.914399982 -0.0304997754 -0.0893127695 430.067871 0 270.477 0 200
0.222015803 0.914399982 -0.0306097783 -0.089937754 432.494568 0 270.477 0 200
0.219443737 0.914399982 -0.0307161302 -0.0904760957 435.095581 0 270.477 0 200
0.216871527 0.914399982 -0.0308189225 -0.0910343975 438.07309 0 270.477 0 200
0.214299169 0.914399982 -0.0309179571 -0.0916729271 442.547058 0 270.477 0 200
0.211726672 0.914399982 -0.0310133087 -0.0922248438 454.439301 0 270.477 0 200
0.209154032 0.914399982 -0.0311047418 -0.0927060768 465.374054 0 270.477 0 200
0.206581261 0.914399982 -0.0311923774 -0.0931625962 475.743835 0 270.477 0 200
0.204008353 0.914399982 -0.0312759312 -0.0935895666 481.72998 0 270.477 0 200
0.201435322 0.914399982 -0.0313555734 -0.0939842835 472.510284 0 270.477 0 200
0.198862163 0.914399982 -0.0314309729 -0.094343394 458.990448 0 270.477 0 200
0.196288888 0.914399982 -0.0315023188 -0.0946642905 453.2323 0 270.477 0 200
0.193715495 0.914399982 -0.0315692775 -0.0949427634 455.434998 0 270.477 0 200
0.191141995 0.914399982 -0.0316319752 -0.0951787457 457.792908 0 270.477 0 200
0.18856839 0.914399982 -0.0316902003 -0.0953699052 460.202454 0 270.477 0 200
0.185994687 0.914399982 -0.0317439251 -0.0955158696 462.672852 0 270.477 0 200
0.183420893 0.914399982 -0.0317931001 -0.0956125483 465.210419 0 270.477 0 200
0.180847013 0.914399982 -0.0318375119 -0.0956590995 467.931641 0 270.477 0 200
0.178273056 0.914399982 -0.0318772494 -0.0956519321 470.718811 0 270.477 0 200
0.175699027 0.914399982 -0.0319120219 -0.0955858082 473.907562 0 270.477 0 200
0.173124936 0.914399982 -0.0319418619 -0.0954657495 480.339783 0 270.477 0 200
0.170550793 0.914399982 -0.0319667045 -0.095282957 496.983276 0 270.477 0 200
0.167976603 0.914399982 -0.0319862563 -0.0950303227 494.960968 0 270.477 0 200
0.16540238 0.914399982 -0.0320006355 -0.0947123617 481.874207 0 270.477 0 200
0.162828132 0.914399982 -0.0320096607 -0.0943189636 484.425812 0 270.477 0 200
0.160253871 0.914399982 -0.032013087 -0.0938500613 487.854065 0 270.477 0 200
0.157679608 0.914399982 -0.0320109843 -0.0933211222 493.945221 0 270.477 0 200
0.155105356 0.914399982 -0.032003214 -0.0927055851 518.219177 0 270.477 0 200
0.152531129 0.914399982 -0.0319894713 -0.0920132995 516.780518 0 270.477 0 200
0.14995694 0.914399982 -0.0319698313 -0.0912873745 496.255615 0 270.477 0 200
0.147382805 0.914399982 -0.0319441416 -0.0905603394 498.768311 0 270.477 0 200
0.144808739 0.914399982 -0.0319122149 -0.0896127671 501.753967 0 270.477 0 200
0.142234762 0.914399982 -0.0318738137 -0.088418439 504.760712 0 270.477 0 200
0.13966089 0.914399982 -0.0318289475 -0.0872595906 507.980957 0 270.477 0 200
0.137087141 0.914399982 -0.0317774731 -0.086051248 511.475067 0 270.477 0 200
0.134513537 0.914399982 -0.0317192024 -0.0847549886 515.736938 0 270.477 0 200
0.1319401 0.914399982 -0.0316539416 -0.0833976865 523.289856 0 270.477 0 200
0.129366857 0.914399982 -0.0315814568 -0.081851162 558.03833 0 270.477 0 200
0.126793831 0.914399982 -0.0315016702 -0.0801246911 557.044739 0 270.477 0 200
0.124221046 0.914399982 -0.0314144146 -0.0782519206 528.361023 0 270.477 0 200
0.121648533 0.914399982 -0.0313195134 -0.0762167946 535.2677 0 270.477 0 200
0.119076322 0.914399982 -0.0312167385 -0.0740253702 560.157837 0 270.477 0 200
0.116504447 0.914399982 -0.0311058819 -0.071669586 580.466064 0 270.477 0 200
0.113932942 0.914399982 -0.0309867291 -0.0691456348 579.329773 0 270.477 0 200
0.11133913 0.914399982 -0.0308579003 -0.0665441528 561.057312 0 270.477 0 200
0.108869255 0.914399982 -0.0307269729 -0.0638367906 545.93512 0 270.477 0 200
0.106517412 0.914399982 -0.0305946177 -0.0610834137 549.555786 0 270.477 0 200
0.104277979 0.914399982 -0.0304613467 -0.0582956597 553.506714 0 270.477 0 200
0.102145596 0.914399982 -0.0303277099 -0.0554966107 557.447754 0 270.477 0 200
0.100115146 0.914399982 -0.030194359 -0.0526947565 561.515076 0 270.477 0 200
0.0981817748 0.914399982 -0.0300615229 -0.0498836599 565.664062 0 270.477 0 200
0.0963408429 0.914399982 -0.0299296901 -0.0470784865 569.905273 0 270.477 0 200
0.0945879312 0.914399982 -0.0297992494 -0.0442953221 574.255737 0 270.477 0 200
0.0929188367 0.914399982 -0.0296704632 -0.0415262617 578.739136 0 270.477 0 200
0.0913295575 0.914399982 -0.0295435479 -0.0387650728 583.42334 0 270.477 0 200
0.0898162795 0.914399982 -0.0294187181 -0.036033988 588.434204 0 270.477 0 200
0.0883753581 0.914399982 -0.0292963007 -0.0331322029 594.255371 0 270.477 0 200
0.0869347508 0.914399982 -0.0291702047 -0.0302336141 602.792908 0 270.477 0 200
0.0854944718 0.914399982 -0.0290404139 -0.0273599289 627.842712 0 270.477 0 200
0.0840545311 0.914399982 -0.0289069213 -0.0243466478 647.525024 0 270.477 0 200
0.0826149498 0.914399982 -0.0287696071 -0.0212398302 639.670654 0 270.477 0 200
0.0811757428 0.914399982 -0.0286284242 -0.0180130117 634.889343 0 270.477 0 200
0.079736934 0.914399982 -0.0284832398 -0.014660893 639.917358 0 270.477 0 200
0.0782985409 0.914399982 -0.028333993 -0.0111762621 645.163391 0 270.477 0 200
0.0768605839 0.914399982 -0.0281806008 -0.00755855488 653.540955 0 270.477 0 200
0.0754230847 0.914399982 -0.0280229761 -0.00380347134 658.836609 0 270.477 0 200
0.0739860657 0.914399982 -0.0278610326 9.15821947e-05 649.413635 0 270.477 0 200
0.07254955 0.914399982 -0.0276946831 0.00413016649 647.934387 0 270.477 0 200
0.0711135632 0.914399982 -0.0275238279 0.00831827894 649.622192 0 270.477 0 200
0.069678133 0.914399982 -0.0273483587 0.0126642734 644.531311 0 270.477 0 200
0.0682432886 0.914399982 -0.0271681618 0.0171777457 648.394531 0 270.477 0 200
0.0668090617 0.914399982 -0.0269831137 0.0218691919 652.356384 0 270.477 0 200
0.0653754852 0.914399982 -0.0267930934 0.0267516449 655.786072 0 270.477 0 200
0.0639425964 0.914399982 -0.026597955 0.0318363458 659.304016 0 270.477 0 200
0.06251043 0.914399982 -0.0263975827 0.0371219702 662.903931 0 270.477 0 200
0.0610790202 0.914399982 -0.0261918761 0.0426013693 666.533081 0 270.477 0 200
0.0596484052 0.914399982 -0.0259807118 0.0482886732 670.251587 0 270.477 0 200
0.0582186391 0.914399982 -0.025763875 0.0542094521 674.054626 0 270.477 0 200
0.0567897668 0.914399982 -0.0255412243 0.0603817925 677.91864 0 270.477 0 200
0.0553618424 0.914399982 -0.0253125729 0.0668231323 681.842224 0 270.477 0 200
0.0539349246 0.914399982 -0.0250777222 0.0735428035 685.834717 0 270.477 0 200
0.0525090615 0.914399982 -0.0248365501 0.0805516616 689.903442 0 270.477 0 200
0.0510843283 0.914399982 -0.0245887908 0.0878528208 694.056702 0 270.477 0 200
0.0496607734 0.914399982 -0.0243343484 0.0954489708 698.303406 0 270.477 0 200
0.0482384817 0.914399982 -0.0240729377 0.103374436 702.684387 0 270.477 0 200
0.0468175398 0.914399982 -0.0238042859 0.111699417 707.234619 0 270.477 0 200
0.0453980457 0.914399982 -0.023528087 0.120474562 711.938232 0 270.477 0 200
0.0439800856 0.914399982 -0.0232441178 0.129706666 716.78064 0 270.477 0 200
0.0425637587 0.914399982 -0.0229521117 0.139371023 721.783508 0 270.477 0 200
0.0411491691 0.914399982 -0.0226518022 0.150440753 726.974976 0 270.477 0 200
0.0397364416 0.914399982 -0.022342852 0.162263557 732.404175 0 270.477 0 200
0.0383257175 0.914399982 -0.0220248787 0.172572657 738.139587 0 270.477 0 200
0.0369171746 0.914399982 -0.0216973784 0.182896286 744.608582 4.36671944e-05 270.478 1 200
0.0355109695 0.914399982 -0.0213599822 0.195063576 753.252258 9.54719071e-05 270.48 1 200
0.0341072749 0.914399982 -0.0210122889 0.208341509 771.70697 0.000148627936 270.481 1 200
0.0327062875 0.914399982 -0.0206538428 0.222251877 778.656982 0.000203623305 270.482 1 200
0.0313082232 0.914399982 -0.02028416 0.236823857 787.561646 0.000259610621 270.483 1 200
0.0299133791 0.914399982 -0.0199025065 0.252244204 799.186279 0.000316326361 270.484 1 200
0.0285220582 0.914399982 -0.0195082032 0.268730521 803.364319 0.000374037772 270.486 1 200
0.0271345876 0.914399982 -0.0191005583 0.286424518 837.846191 0.000432713801 270.486 1 200
0.0257513186 0.914399982 -0.0186788765 0.305367529 838.257935 0.000603766646 270.49 1 200
0.0243726298 0.914399982 -0.0182424523 0.325452894 806.742126 0.000846192881 270.496 1 200.000275
0.0229990677 0.914399982 -0.0177901514 0.346750915 804.525146 0.00109342311 270.501 1 200.01413
0.0216312253 0.914399982 -0.0173208367 0.369566202 810.044861 0.00134907977 270.507 1 200.043457
0.0202698272 0.914399982 -0.0168331443 0.394139826 815.421204 0.001610926 270.512 1 200.0811
0.0189155406 0.914399982 -0.0163260384 0.42070955 821.438354 0.00187931536 270.518 1 200.137177
0.0175692503 0.914399982 -0.0157980695 0.449492484 827.617859 0.00215343246 270.523 1 200.236481
0.0162321003 0.914399982 -0.015247362 0.480480731 833.934875 0.00257229502 270.532 1 200.469803
0.0149055813 0.914399982 -0.0146715184 0.514105558 840.592224 0.00335342879 270.547 1 200.828323
0.0135911841 0.914399982 -0.0140685188 0.550847054 847.631592 0.00416542729 270.564 1 201.236267
0.0122907103 0.914399982 -0.0134360502 0.590646863 855.046936 0.00501709664 270.58 1 201.648087
0.0110067088 0.914399982 -0.0127707766 0.633939803 862.788696 0.00590348523 270.598 1 202.028458
0.00974255726 0.914399982 -0.0120685174 0.681448638 870.98175 0.00694516674 270.618 1 202.679871
0.00850202803 0.914399982 -0.0113253253 0.733038545 879.922485 0.00850308966 270.647 1 203.669647
0.00728978378 0.914399982 -0.0105368381 0.787293911 889.601624 0.0101376483 270.678 1 204.665161
0.00616084497 0.914399982 -0.00973202403 0.843176067 899.741516 0.0120772654 270.713 1 205.955322
0.00514277206 0.914399982 -0.00893097999 0.898147166 909.900452 0.0142923081 270.754 1 207.354507
0.00422996971 0.914399982 -0.00813515341 0.948616147 920.13092 0.0170784537 270.804 1 209.37146
0.00343643316 0.914399982 -0.00736356438 0.992527783 931.209229 0.0201818105 270.859 1 211.58252
0.00274285069 0.914399982 -0.00660441773 1.02668977 943.885376 0.0240339451 270.925 1 214.494095
0.00213648818 0.914399982 -0.00585018865 1.04852176 958.112732 0.0283350144 270.998 1 217.616013
0.00161211138 0.914399982 -0.00510044783 1.05377543 973.315125 0.033860676 271.089 1 222.421432
0.00116988774 0.914399982 -0.00436125254 1.03825438 989.379456 0.0400896817 271.19 1 226.440201
0.000805392804 0.914399982 -0.00363199488 1.00064147 1007.6991 0.047808934 271.312 1 233.457535
0.00051469137 0.914399982 -0.00291212333 0.937591672 1029.55933 0.0568463765 271.449 1 239.333771
0.000289792079 0.914399982 -0.00218676897 0.846399367 1054.45447 0.0684099421 271.619 1 250.30928
0.000128627554 0.914399982 -0.00145413345 0.726700127 1082.77783 0.0825057551 271.817 1 263.460693
3.20963786e-05 0.914399982 -0.000722702615 0.580676615 1116.2356 0.0995699689 272.046 1 278.33374
-8.18412707e-09 0.914399982 -7.8016762e-10 0.411563605 1152.55713 0.121022478 272.323 1 304.534851
3.17941236e-05 0.914399982 0.000719176834 0.226781651 1189.69702 0.146076053 272.636 1 324.958832
0.000127329866 0.914399982 0.00144672079 0.0331834294 1227.43921 0.17627719 273.001 1 374.964233
0.000287011983 0.914399982 0.00217624136 -0.166205525 1265.45178 0.207845107 273.15 0.931888819 446.219727
0.000509847083 0.914399982 0.00289847388 -0.363221526 1303.89355 0.243564293 273.15 0.645398915 609.897461
0.000798755786 0.914399982 0.00361739139 -0.547579527 1338.99414 0.28461802 273.15 0.443829954 737.916687
0.00116083968 0.914399982 0.00434485961 -0.712596357 1368.56946 0.32598272 273.15 0.34244436 795.983276
0.00159974379 0.914399982 0.00508132568 -0.857361913 1392.79492 0.369119078 273.15 0.28072089 818.386719
0.00211753308 0.914399982 0.00582495707 -0.98104918 1406.36975 0.421990991 273.15 0.239525571 848.222473
0.00271975272 0.914399982 0.00657746412 -1.08347189 1406.42932 0.474995553 273.15 0.210405648 870.12616
0.00340675316 0.914399982 0.00733289967 -1.16518748 1391.41418 0.52436316 273.15 0.190301105 883.026428
0.00419414951 0.914399982 0.00810221109 -1.22583675 1351.19971 0.568623781 273.15 0.175860673 889.906799
0.00509625241 0.914399982 0.00889228885 -1.26907313 1286.33679 0.610151529 273.15 0.163854763 894.94812
0.00610047406 0.914399982 0.00968659439 -1.29951334 1210.15063 0.645496309 273.15 0.154037848 897.987854
0.00721725929 0.914399982 0.0104873709 -1.31640613 1117.25574 0.673652589 273.15 0.147093639 899.491577
0.00842161236 0.914399982 0.0112750257 -1.32254958 999.065186 0.69329524 273.15 0.14261283 900.237061
0.00965428513 0.914399982 0.0120175784 -1.32192075 867.077454 0.703415096 273.15 0.139903694 900.61377
0.0109107177 0.914399982 0.0127191791 -1.31617641 734.815491 0.705067098 273.15 0.139537796 900.670593
0.0121870365 0.914399982 0.0133839173 -1.30699873 610.250122 0.699326634 273.15 0.144285485 900.117981
0.0134799311 0.914399982 0.0140158115 -1.29506254 501.347382 0.687003076 273.15 0.161008716 898.1604
0.0147867318 0.914399982 0.0146184215 -1.28196728 403.901184 0.669076204 273.15 0.201629579 893.399414
0.016105753 0.914399982 0.0151937912 -1.26851094 336.888428 0.646692097 273.15 0.284482241 883.65625
0.0174353865 0.914399982 0.0157441928 -1.2544266 348.323975 0.62084955 273.15 0.262616903 886.078979
0.0187742445 0.914399982 0.0162717597 -1.23986161 383.412506 0.592096806 273.15 0.183519438 895.112488
0.0201210962 0.914399982 0.0167785712 -1.2253561 400.176849 0.561047196 273.15 0.146841601 898.94281
0.0214751029 0.914399982 0.0172659452 -1.21120918 425.927063 0.528727055 273.15 0.130834162 899.898438
0.022835535 0.914399982 0.0177350849 -1.19738722 458.664978 0.495778978 273.15 0.12388014 899.062561
0.0242017369 0.914399982 0.0181871468 -1.1837976 495.647552 0.462385982 273.15 0.121626422 896.642822
0.0255730686 0.914399982 0.0186234001 -1.17047894 531.73114 0.429459035 273.15 0.121553414 892.761353
0.0269490089 0.914399982 0.0190448927 -1.15753675 561.87439 0.398546904 273.15 0.120022684 888.378845
0.0283291553 0.914399982 0.0194524012 -1.14494324 586.445374 0.370181739 273.15 0.11794015 883.737305
0.0297131607 0.914399982 0.0198466051 -1.13263547 605.856506 0.344336241 273.15 0.11701151 879.316101
0.0311006962 0.914399982 0.020228198 -1.12057602 620.668396 0.321577191 273.15 0.116946116 875.287598
0.0324914619 0.914399982 0.020597845 -1.10877502 633.632568 0.300901502 273.15 0.117932029 870.926331
0.0338851739 0.914399982 0.0209562226 -1.09730434 644.360535 0.281865656 273.15 0.119787909 866.18042
0.0352815876 0.914399982 0.0213039246 -1.08621395 650.929565 0.264149994 273.15 0.122122616 861.283936
0.0366805184 0.914399982 0.0216413566 -1.07546389 654.273621 0.247813404 273.15 0.125017568 856.275146
0.0380818015 0.914399982 0.0219688835 -1.06499493 656.85614 0.232866719 273.15 0.1288753 851.016418
0.0394852649 0.914399982 0.0222869376 -1.0547986 659.65802 0.21907784 273.15 0.133957833 845.236023
0.0408907416 0.914399982 0.0225959739 -1.04484034 661.78125 0.206263453 273.15 0.140279636 839.148438
0.0422980875 0.914399982 0.0228963829 -1.03522122 662.180603 0.195839033 273.15 0.147805929 833.573242
0.0437071758 0.914399982 0.02318851 -1.02563679 661.034119 0.186449364 273.15 0.156709149 827.822632
0.0451179004 0.914399982 0.0234726299 -1.01512492 658.968018 0.177645892 273.15 0.167418823 820.568298
0.0465301623 0.914399982 0.0237490072 -1.00470603 656.373596 0.169327796 273.15 0.180533379 811.522278
0.0479438761 0.914399982 0.0240178595 -0.996342182 653.759155 0.161389858 273.15 0.196975783 800.072205
0.0493589461 0.914399982 0.0242794793 -0.988665581 651.442383 0.153829664 273.15 0.218120098 785.420044
0.0507752826 0.914399982 0.0245341536 -0.980570078 649.694397 0.146649823 273.15 0.246164799 766.193298
0.0521928037 0.914399982 0.0247821493 -0.972495079 648.454895 0.139866427 273.15 0.284784734 739.972534
0.053611457 0.914399982 0.0250235848 -0.96418047 647.103394 0.133443341 273.15 0.340575516 702.497498
0.0550311681 0.914399982 0.0252587197 -0.956368148 646.24939 0.127317339 273.15 0.428192765 643.844116
0.0564518876 0.914399982 0.025487683 -0.948960662 657.089539 0.121778995 273.15 0.593965888 534.612244
0.0578735603 0.914399982 0.0257106511 -0.941360235 692.676636 0.116929084 273.15 0.926222026 317.681519
0.0592961273 0.914399982 0.0259278406 -0.93386358 685.205444 0.112264097 273.15 0.992611289 271.50592
0.0607195509 0.914399982 0.026139343 -0.926492393 645.756226 0.107786 273.15 0.990728915 269.492859
0.0621437714 0.914399982 0.026345411 -0.919248343 635.826172 0.103476405 273.15 0.993293405 264.339539
0.063568751 0.914399982 0.0265461631 -0.912144721 631.298218 0.0993051976 273.15 0.996847868 258.468384
0.064994453 0.914399982 0.0267417178 -0.905163527 627.745789 0.0952403471 273.132 1 252.179779
0.066420846 0.914399982 0.0269321681 -0.898284733 624.479431 0.0912931636 273.035 1 248.61821
0.0678478935 0.914399982 0.0271176497 -0.891503036 621.401978 0.0874849856 272.941 1 244.863174
0.0692755612 0.914399982 0.0272982955 -0.884824216 618.541443 0.0838163197 272.849 1 241.320114
0.0707038184 0.914399982 0.0274742205 -0.878249705 615.929626 0.0802830011 272.758 1 238.070877
0.0721326342 0.914399982 0.0276455485 -0.871777892 613.464844 0.0768466368 272.67 1 234.853638
0.0735619812 0.914399982 0.0278123874 -0.865408838 611.060242 0.0735839382 272.585 1 232.18161
0.0749918329 0.914399982 0.0279748443 -0.859140158 608.711121 0.0708708093 272.515 1 230.436951
0.076422167 0.914399982 0.028132998 -0.852965057 606.401001 0.0682108179 272.446 1 229.010559
0.0778529609 0.914399982 0.0282869361 -0.846873343 604.131042 0.0656168684 272.378 1 227.629272
0.0792841958 0.914399982 0.0284367182 -0.840854645 601.903198 0.063079685 272.311 1 226.238708
0.0807158493 0.914399982 0.0285824455 -0.83489573 599.735779 0.0606060103 272.246 1 224.825882
0.0821479085 0.914399982 0.0287241284 -0.829009473 597.649963 0.0581949651 272.182 1 223.394547
0.0835803295 0.914399982 0.0288621061 -0.82322073 595.605957 0.0558267087 272.118 1 221.908188
0.085013118 0.914399982 0.028996215 -0.817545295 593.565491 0.0535026751 272.055 1 220.438431
0.0864462491 0.914399982 0.029126612 -0.811916649 591.530212 0.0512296595 271.994 1 218.930054
0.0878797114 0.914399982 0.0292533156 -0.806540191 589.501831 0.0491071567 271.936 1 217.666214
0.0893124563 0.914399982 0.0293763726 -0.801323056 587.485779 0.0473200344 271.888 1 216.855759
0.0908171694 0.914399982 0.0295016658 -0.795569777 585.486877 0.0455629155 271.84 1 216.205444
0.0923974449 0.914399982 0.029629238 -0.789577365 583.505432 0.0438352451 271.793 1 215.610168
0.0940570855 0.914399982 0.0297587638 -0.783460975 581.541687 0.0421368182 271.746 1 215.010742
0.0958000717 0.914399982 0.0298900254 -0.776321054 579.594482 0.0404666364 271.7 1 214.388458
0.0976305922 0.914399982 0.0300226413 -0.769473433 577.664368 0.0388244539 271.655 1 213.68158
0.0995530378 0.914399982 0.0301562624 -0.763208687 575.749817 0.037211258 271.609 1 212.924286
0.101572004 0.914399982 0.0302907139 -0.756299555 573.851074 0.0356267951 271.565 1 212.130585
0.103692349 0.914399982 0.0304252619 -0.749051809 571.970581 0.0340622626 271.521 1 211.338394
0.105919135 0.914399982 0.0305597031 -0.741495609 570.117676 0.032774128 271.485 1 210.752167
0.108257701 0.914399982 0.0306933597 -0.732926786 568.291138 0.0315686129 271.451 1 210.333862
0.110713646 0.914399982 0.0308255783 -0.724371672 566.487732 0.0303825941 271.417 1 209.975098
0.113292837 0.914399982 0.0309558151 -0.716861606 564.762939 0.0292118378 271.384 1 209.602432
0.115868178 0.914399982 0.0310772345 -0.709001303 562.447449 0.0280441754 271.351 1 209.234787
0.118443899 0.914399982 0.0311902827 -0.700779498 560.0177 0.026899552 271.319 1 208.845856
0.121019967 0.914399982 0.0312951718 -0.692780852 558.125427 0.0257415976 271.286 1 208.390701
0.123596345 0.914399982 0.0313921188 -0.684879482 556.207947 0.0245376211 271.251 1 207.867966
0.126173003 0.914399982 0.0314813059 -0.677084386 554.274414 0.0233091805 271.214 1 207.295364
0.128749911 0.914399982 0.0315629617 -0.669387043 552.247742 0.0222166535 271.183 1 206.796997
0.131327042 0.914399982 0.0316372545 -0.661785424 550.099365 0.0211654678 271.152 1 206.393784
0.13390437 0.914399982 0.0317043525 -0.654279888 547.851807 0.0200760122 271.12 1 205.997696
0.136481871 0.914399982 0.0317644283 -0.646870196 545.483337 0.0189699735 271.087 1 205.602142
0.139059525 0.914399982 0.031817584 -0.639558375 542.97052 0.0178438164 271.053 1 205.192413
0.141637309 0.914399982 0.0318639853 -0.632368147 540.419678 0.0166825335 271.018 1 204.736771
0.144215202 0.914399982 0.0319038691 -0.625440657 537.821716 0.0155052058 270.983 1 204.255264
0.146793186 0.914399982 0.031937372 -0.618330181 535.144409 0.01450135 270.952 1 203.830902
0.149371244 0.914399982 0.0319645981 -0.610714018 532.557373 0.0135073867 270.922 1 203.458603
0.15194936 0.914399982 0.0319855684 -0.603230834 529.993225 0.0125313001 270.892 1 203.102676
0.154527518 0.914399982 0.0320005731 -0.596427441 527.438049 0.0115835704 270.862 1 202.765686
0.157105703 0.914399982 0.032009777 -0.590221643 524.909607 0.010660721 270.833 1 202.433212
0.159683902 0.914399982 0.0320131373 -0.584005892 522.436035 0.00984493643 270.808 1 202.134384
0.162262103 0.914399982 0.0320108359 -0.576820612 519.958374 0.00911429431 270.785 1 201.887512
0.164840292 0.914399982 0.032003077 -0.569398403 517.286804 0.00840088166 270.762 1 201.652542
0.16741846 0.914399982 0.0319898652 -0.56328398 514.471741 0.00770060765 270.74 1 201.424301
0.169996595 0.914399982 0.0319712932 -0.557256341 511.954254 0.00701613119 270.718 1 201.208908
0.172574688 0.914399982 0.0319476332 -0.550725639 510.018524 0.00643872516 270.699 1 201.024673
0.175152728 0.914399982 0.0319187767 -0.544374287 508.636444 0.00590817584 270.681 1 200.869293
0.177730707 0.914399982 0.0318849457 -0.538069725 507.419128 0.00539092254 270.664 1 200.730255
0.180308619 0.914399982 0.0318462868 -0.531852603 505.877502 0.00487979501 270.646 1 200.601624
0.182886452 0.914399982 0.0318026742 -0.525717854 503.998169 0.00439930521 270.63 1 200.487183
0.185464202 0.914399982 0.0317544544 -0.51979965 501.884003 0.00399059244 270.617 1 200.389816
0.188041861 0.914399982 0.0317015621 -0.513419867 499.702301 0.00359318103 270.603 1 200.30275
0.190619423 0.914399982 0.0316441414 -0.506790698 497.649872 0.00319942902 270.59 1 200.225067
0.193196883 0.914399982 0.031582296 -0.501152813 495.693359 0.00281364284 270.577 1 200.159378
0.195774232 0.914399982 0.0315160055 -0.495623171 493.717102 0.00252114981 270.567 1 200.108444
0.198351471 0.914399982 0.0314455328 -0.489740491 491.710632 0.00228651799 270.559 1 200.069839
0.200928586 0.914399982 0.0313706944 -0.484071791 489.75238 0.00205558143 270.551 1 200.04097
0.203505582 0.914399982 0.0312918604 -0.478143126 487.769287 0.00183321105 270.543 1 200.020889
0.206082447 0.914399982 0.0312088442 -0.47202599 485.767365 0.00161223416 270.535 1 200.007446
0.208659183 0.914399982 0.0311219381 -0.466394424 483.828949 0.00139570341 270.528 1 200.000839
0.211235781 0.914399982 0.0310310196 -0.460860133 481.887817 0.00118619588 270.52 1 200
0.213812243 0.914399982 0.0309363212 -0.455248773 479.969086 0.00102970388 270.515 1 200
0.216388561 0.914399982 0.0308377791 -0.449783683 478.11438 0.000950229063 270.512 1 200
0.218964735 0.914399982 0.0307355713 -0.444241256 476.277618 0.000871738303 270.509 1 200
0.221540761 0.914399982 0.0306296625 -0.438685387 474.493622 0.000793742656 270.507 1 200
0.224116638 0.914399982 0.0305202144 -0.433196783 472.749878 0.000717365416 270.504 1 200
0.226692361 0.914399982 0.0304071745 -0.427774787 471.049408 0.000641326536 270.501 1 200
0.229267931 0.914399982 0.0302907237 -0.422451645 469.398285 0.000566889765 270.498 1 200
0.231843342 0.914399982 0.0301707915 -0.417306751 467.786011 0.000492906198 270.496 1 200
0.234418597 0.914399982 0.0300475797 -0.412144125 466.22348 0.000420499127 270.493 1 200
0.236993689 0.914399982 0.0299209855 -0.406704813 464.689972 0.000349501992 270.49 1 200
0.239568624 0.914399982 0.0297912424 -0.401145279 463.19458 0.000279628905 270.488 1 200
0.242143391 0.914399982 0.0296581954 -0.395867109 461.733398 0.000214579486 270.485 1 200
0.244717998 0.914399982 0.0295221146 -0.390836209 460.282288 0.000196478228 270.485 1 200
0.247292435 0.914399982 0.0293828288 -0.385829836 459.051331 0.000178543909 270.484 1 200
0.24986671 0.914399982 0.0292405987 -0.380952507 459.497467 0.000160691721 270.483 1 200
0.252440814 0.914399982 0.0290952986 -0.376006186 458.668213 0.000143028912 270.483 1 200
0.255014754 0.914399982 0.0289471127 -0.370952815 455.731628 0.000125526509 270.482 1 200
0.257588522 0.914399982 0.0287959881 -0.365956217 453.770782 0.000108180779 270.482 1 200
0.260162123 0.914399982 0.0286420252 -0.360984325 452.254883 9.10524468e-05 270.481 1 200
0.262735553 0.914399982 0.0284852469 -0.356042713 450.801666 7.40866235e-05 270.48 1 200
0.265308812 0.914399982 0.0283256815 -0.351129055 449.185944 5.74092846e-05 270.48 1 200
0.267881903 0.914399982 0.0281634281 -0.34624368 447.3992 4.10475077e-05 270.479 1 200
0.27045482 0.914399982 0.0279984376 -0.341382772 446.274139 2.51368838e-05 270.478 1 200
0.273027571 0.914399982 0.0278308701 -0.336542577 456.35498 9.28633472e-06 270.478 1 200
0.275600144 0.914399982 0.0276606079 -0.331692755 472.211456 0 270.477 0 200
0.278172552 0.914399982 0.02748786 -0.326819897 478.838287 0 270.477 0 200
0.280744782 0.914399982 0.0273124906 -0.322012991 479.44632 0 270.477 0 200
0.283316846 0.914399982 0.0271346928 -0.317315012 462.966705 0 270.477 0 200
0.285888735 0.914399982 0.0269543875 -0.312655926 443.913208 0 270.477 0 200
0.288460455 0.914399982 0.0267716903 -0.308009177 439.632263 0 270.477 0 200
0.291032003 0.914399982 0.0265865738 -0.303381622 437.580719 0 270.477 0 200
0.29360338 0.914399982 0.026399104 -0.298769712 435.902039 0 270.477 0 200
0.296174586 0.914399982 0.0262093064 -0.29417631 434.196594 0 270.477 0 200
0.29874562 0.914399982 0.0260171953 -0.289601147 432.595612 0 270.477 0 200
0.301316486 0.914399982 0.0258228425 -0.285044968 431.086578 0 270.477 0 200
0.303887178 0.914399982 0.0256262152 -0.280507356 429.642334 0 270.477 0 200
0.306457704 0.914399982 0.0254274166 -0.275988132 428.241852 0 270.477 0 200
0.309028056 0.914399982 0.025226386 -0.271486849 426.884888 0 270.477 0 200
0.311598243 0.914399982 0.0250232499 -0.26700297 425.557739 0 270.477 0 200
0.314168256 0.914399982 0.0248179235 -0.262535959 424.260406 0 270.477 0 200
0.316738104 0.914399982 0.0246105535 -0.258085519 422.992828 0 270.477 0 200
0.319307779 0.914399982 0.0244010446 -0.253650606 421.750977 0 270.477 0 200
0.32187729 0.914399982 0.0241895324 -0.249229595 420.534607 0 270.477 0 200
0.324446629 0.914399982 0.0239759379 -0.244820878 419.341858 0 270.477 0 200
0.327015803 0.914399982 0.0237603734 -0.240423128 418.172852 0 270.477 0 200
0.329584806 0.914399982 0.0235427819 -0.236036122 417.023773 0 270.477 0 200
0.332153644 0.914399982 0.0233232546 -0.231659323 415.893311 0 270.477 0 200
0.334722314 0.914399982 0.0231017543 -0.227291375 414.778656 0 270.477 0 200
0.337290817 0.914399982 0.0228783444 -0.222929627 413.683533 0 270.477 0 200
0.339859154 0.914399982 0.0226530243 -0.218569085 412.599884 0 270.477 0 200
0.342427324 0.914399982 0.0224258003 -0.214204431 411.530945 0 270.477 0 200
0.344995329 0.914399982 0.0221967295 -0.209821552 410.473846 0 270.477 0 200
0.347563164 0.914399982 0.0219657647 -0.205436915 409.427338 0 270.477 0 200
0.350130838 0.914399982 0.0217330137 -0.201108187 408.390472 0 270.477 0 200
0.352698341 0.914399982 0.0214983804 -0.196831539 407.360199 0 270.477 0 200
0.355265681 0.914399982 0.0212619755 -0.192355826 406.338318 0 270.477 0 200
0.357832846 0.914399982 0.0210236648 -0.187778696 405.320496 0 270.477 0 200
0.360399856 0.914399982 0.020783702 -0.183564976 404.307037 0 270.477 0 200
0.362966707 0.914399982 0.0205420412 -0.179440483 403.312225 0 270.477 0 200
0.365533374 0.914399982 0.0202984401 -0.175156221 402.287292 0 270.477 0 200
0.368099885 0.914399982 0.0200531987 -0.170873299 401.249207 0 270.477 0 200
0.37066624 0.914399982 0.0198063264 -0.166580707 400.243622 0 270.477 0 200
0.373232409 0.914399982 0.0195575285 -0.162275717 399.238159 0 270.477 0 200
0.375798423 0.914399982 0.0193071313 -0.157964617 398.227264 0 270.477 0 200
0.378364279 0.914399982 0.019055128 -0.153652668 397.214142 0 270.477 0 200
0.38092995 0.914399982 0.0188012431 -0.149330258 396.194305 0 270.477 0 200
0.383495464 0.914399982 0.0185457892 -0.145000875 395.16803 0 270.477 0 200
0.386060815 0.914399982 0.0182886908 -0.140668109 394.418732 0 270.477 0 200
0.388625987 0.914399982 0.0180298195 -0.136326179 393.09903 0 270.477 0 200
0.391191004 0.914399982 0.0177694106 -0.131976351 391.779633 0 270.477 0 200
0.393755845 0.914399982 0.017507271 -0.127617702 391.009003 0 270.477 0 200
0.396320517 0.914399982 0.0172434929 -0.123248592 389.950439 0 270.477 0 200
0.39888503 0.914399982 0.0169781651 -0.118869819 388.92984 0 270.477 0 200
0.401449356 0.914399982 0.016711047 -0.114477292 387.911102 0 270.477 0 200
0.404013528 0.914399982 0.0164424431 -0.110071316 386.845001 0 270.477 0 200
0.406577516 0.914399982 0.0161720962 -0.105651386 385.795837 0 270.477 0 200
0.409141339 0.914399982 0.0159001827 -0.101215996 384.759644 0 270.477 0 200
0.41170499 0.914399982 0.0156266566 -0.0967660099 383.67981 0 270.477 0 200
0.414268464 0.914399982 0.015351477 -0.0922987163 382.613831 0 270.477 0 200
0.416831768 0.914399982 0.0150747174 -0.0878129303 381.557159 0 270.477 0 200
0.419394891 0.914399982 0.0147962876 -0.0833081529 380.467712 0 270.477 0 200
0.421957846 0.914399982 0.0145163095 -0.0787834153 379.4021 0 270.477 0 200
0.424520615 0.914399982 0.0142346401 -0.0742376149 378.318542 0 270.477 0 200
0.427083212 0.914399982 0.0139514141 -0.0696699545 377.213776 0 270.477 0 200
0.429645627 0.914399982 0.0136665334 -0.0650786906 376.146057 0 270.477 0 200
0.432207861 0.914399982 0.0133800351 -0.0604621917 375.049042 0 270.477 0 200
0.434769915 0.914399982 0.0130919408 -0.0558203608 373.947815 0 270.477 0 200
0.437331782 0.914399982 0.0128021761 -0.051152315 372.845764 0 270.477 0 200
0.439893474 0.914399982 0.0125108748 -0.0464568213 371.728088 0 270.477 0 200
0.442454967 0.914399982 0.0122178211 -0.0417307168 370.634338 0 270.477 0 200
0.445016278 0.914399982 0.0119231912 -0.0369744003 369.519257 0 270.477 0 200
0.447577404 0.914399982 0.011626955 -0.0321884677 368.394287 0 270.477 0 200
0.45013833 0.914399982 0.0113289909 -0.0273689553 367.268127 0 270.477 0 200
0.452699069 0.914399982 0.0110294258 -0.0225167461 366.129883 0 270.477 0 200
0.455259619 0.914399982 0.0107282484 -0.0176321957 365.34317 0 270.477 0 200
0.457819962 0.914399982 0.0104253199 -0.0127106216 363.831665 0 270.477 0 200
0.460380109 0.914399982 0.0101207367 -0.00775193051 362.272156 0 270.477 0 200
0.462940061 0.914399982 0.00981451781 -0.00275849202 361.422668 0 270.477 0 200
0.46549981 0.914399982 0.00950660895 0.00227112509 360.258118 0 270.477 0 200
0.468059357 0.914399982 0.00919701723 0.00733929174 359.070557 0 270.477 0 200
0.47061869 0.914399982 0.0088856712 0.0124473162 357.864319 0 270.477 0 200
0.473177816 0.914399982 0.0085726292 0.0175946746 356.651947 0 270.477 0 200
0.475736732 0.914399982 0.00825786855 0.0227804855 355.41156 0 270.477 0 200
0.478295434 0.914399982 0.00794137496 0.0280050114 354.167725 0 270.477 0 200
0.480853921 0.914399982 0.00762314525 0.033267986 352.891205 0 270.477 0 200
0.483412189 0.914399982 0.00730316753 0.0385691337 351.578766 0 270.477 0 200
0.485970238 0.914399982 0.00698143863 0.0439086817 350.280487 0 270.477 0 200
0.488528057 0.914399982 0.00665788786 0.049286779 348.937347 0 270.477 0 200
0.491085649 0.914399982 0.0063325434 0.0547024123 347.541382 0 270.477 0 200
0.493643014 0.914399982 0.00600542351 0.0601534508 346.139221 0 270.477 0 200
0.496200149 0.914399982 0.0056765146 0.0656394586 344.70929 0 270.477 0 200
0.498757039 0.914399982 0.00534570177 0.0711606145 343.229614 0 270.477 0 200
0.501313699 0.914399982 0.00501311406 0.0767155662 341.709076 0 270.477 0 200
0.503870103 0.914399982 0.00467856306 0.0823027268 340.150421 0 270.477 0 200
0.50642627 0.914399982 0.0043422108 0.0879203752 338.555206 0 270.477 0 200
0.508982184 0.914399982 0.0040039379 0.0935636386 336.914551 0 270.477 0 200
0.511537855 0.914399982 0.00366384071 0.0992331505 335.217468 0 270.477 0 200
0.514093255 0.914399982 0.00332170415 0.104922794 333.46814 0 270.477 0 200
0.516648403 0.914399982 0.00297770244 0.110637523 331.65979 0 270.477 0 200
0.519203289 0.914399982 0.00263174854 0.116353154 329.779572 0 270.477 0 200
0.521757904 0.914399982 0.00228380711 0.122094125 327.83371 0 270.477 0 200
0.524312244 0.914399982 0.00193384576 0.127778098 325.823975 0 270.477 0 200
0.526866315 0.914399982 0.00158192817 0.133411393 323.726074 0 270.477 0 200
0.52942009 0.914399982 0.00122787388 0.138040081 321.526825 0 270.477 0 200
0.531069981 0.914399982 0.000998093031 0.141670078 319.240723 0 270.477 0 200
0.532101091 0.914399982 0.000853961954 0.143584982 316.84436 0 270.477 0 200
0.532745525 0.914399982 0.000763814193 0.144108891 314.324493 0 270.477 0 200
0.533148284 0.914399982 0.000707382481 0.144281775 311.691345 0 270.477 0 200
0.533400004 0.914399982 0.000672085901 0.140992299 308.910461 0 270.477 0 200
0.533400001 0.914399982 0.000582474699 0.133648947 305.957184 0 270.477 0 200
0.533399997 0.914399982 0.000492863497 0.137768522 302.838776 0 270.477 0 200
0.533399993 0.914399982 0.000403252296 0.137671769 299.554047 0 270.477 0 200
0.533399989 0.914399982 0.000313641094 0.138662681 296.043427 0 270.477 0 200
0.533399987 0.914399982 0.000224029892 0.139365599 292.277557 0 270.477 0 200
0.533399989 0.914399982 0.000134418691 0.140064493 288.24469 0 270.477 0 200
0.53339999 0.914399982 4.48074889e-05 0.140482619 283.87851 0 270.477 0 200
0.533399991 0.914399982 -4.48037127e-05 0.140569583 279.483734 0 270.477 0 200
0.533399993 0.914399982 -0.000134414914 0.140322626 275.982025 0 270.477 0 200
0.533399994 0.914399982 -0.000224026116 0.139632747 273.771912 0 270.477 0 200
0.533399998 0.914399982 -0.000313637317 0.138982832 273.567108 0 270.477 0 200
0.533400005 0.914399982 -0.000403248519 0.137475193 276.224426 0 270.477 0 200
0.533400012 0.914399982 -0.00049285972 0.138106555 297.263 0 270.477 0 200
0.533400018 0.914399982 -0.00058247092 0.130735666 282.117615 0 270.477 0 200

