#+++++++++++++++++++++++++++++++++++++++++++++++++++++++++++++++++++++++++++++++++++++++++++++++++++++++++++++++++++++++++++++++++
#
#   IPW-3 Cut/Slice DATA SUBMITTAL FORM for Test Case NACA0012_AE3932, May 18th 2026
#
#       NOMENCLATURE:
#                  X [m]:  X-coordinate of the surface (clean for reference)
#                  Y [m]:  Y-coordinate of the surface (clean for reference)
#                  Z [m]:  Z-coordinate of the surface (clean for reference)
#                 Cp [-]:  Pressure coefficient
#            HTC [W/m2K]:  Convective Heat Transfer Coefficient (on the rough surface)
#               Beta [-]:  Collection efficiency
#                 Ts [K]:  Surface temperature
#                 FF [-]:  Freezing fraction
#                  k [m]:  Surface roughness height if variable (OPTIONAL)
#         RhoIce [kg/m3]:  Ice density (OPTIONAL)
#      HTC_CLEAN [W/m2K]:  Convective Heat Transfer Coefficient on the surface without roughness (OPTIONAL)
#
#                XXmm:  Roughness height used for the case, in mm.
#                       In the zone name, use the format KS_XXmm.
#                       For example, if k_s = 1.5 mm, use KS_1p5mm.
#                       For Variable roughness, use KS_VAR
#
#    FLOW CONDITIONS:
#                                   AOA: 4.0 deg
#                           Mach Number: 0.3151 [-]
#       Mean aerodynamic chord (M.A.C.): 0.5334 [m]
#                       Reynolds Number: 3.9795 million (based on MAC)
#                       Freestream Temp: 267.55 [K]
#                        Reference area: 0.97548 [m2]
#               Moment Reference Center: 0.13335, 0, 0 [m] (X, Y, Z)
#
#    ICING CONDITIONS:
#                           Icing Time: 420 [s]
#                                  LWC: 0.55 [g/m3]
#                                  MVD: 20 [μm]
#
#              NOTES: 1. Please use at least 5 decimal places in the numerical values
#                     2. If data are NOT provided, please fill data fields with a numerical value of "-999"
#
#++++++++++++++++++++++++++++++++++++++++++++++++++++++++++++++++++++++++++++++++++++++++++++++++++++++++++++++++++++

VARIABLES = "X" "Y" "Z" "Cp" "HTC" "Beta" "Ts" "FF" "k" "RhoIce" "HTC_CLEAN"

ZONE T="SLICE_Y_0p9144_BINS01_KS_VAR_CUTDATA"
0.53247 0.91440 -0.02724 0.10435 149.72343 0.00000 267.08432 -1.00000 0.00000 -999 149.72343
0.53177 0.91440 -0.02709 0.12132 149.06833 0.00000 267.08568 -1.00000 0.00000 -999 149.06833
0.53177 0.91440 -0.02709 0.12132 149.06833 0.00000 267.08568 -1.00000 0.00000 -999 149.06833
0.53064 0.91440 -0.02685 0.11148 148.09279 0.00000 267.08442 -1.00000 0.00000 -999 148.09279
0.53064 0.91440 -0.02685 0.11148 148.09279 0.00000 267.08442 -1.00000 0.00000 -999 148.09279
0.52883 0.91440 -0.02646 0.10466 149.14349 0.00000 267.08085 -1.00000 0.00000 -999 149.14349
0.52883 0.91440 -0.02646 0.10466 149.14349 0.00000 267.08085 -1.00000 0.00000 -999 149.14349
0.52594 0.91440 -0.02586 0.09063 152.46170 0.00000 267.07535 -1.00000 0.00000 -999 152.46170
0.52594 0.91440 -0.02586 0.09063 152.46171 0.00000 267.07535 -1.00000 0.00000 -999 152.46171
0.52131 0.91440 -0.02489 0.06939 156.92733 0.00000 267.06683 -1.00000 0.00000 -999 156.92733
0.52131 0.91440 -0.02489 0.06939 156.92734 0.00000 267.06683 -1.00000 0.00000 -999 156.92734
0.51391 0.91440 -0.02335 0.03898 161.90305 0.00000 267.05566 -1.00000 0.00000 -999 161.90305
0.51391 0.91440 -0.02335 0.03897 161.90306 0.00000 267.05566 -1.00000 0.00000 -999 161.90306
0.50577 0.91440 -0.02168 0.00842 166.98294 0.00000 267.04391 -1.00000 0.00000 -999 166.98294
0.50577 0.91440 -0.02168 0.00842 166.98296 0.00000 267.04391 -1.00000 0.00000 -999 166.98296
0.49762 0.91440 -0.02003 -0.01908 172.06137 0.00000 267.03200 -1.00000 0.00000 -999 172.06137
0.49762 0.91440 -0.02003 -0.01909 172.06138 0.00000 267.03200 -1.00000 0.00000 -999 172.06138
0.49762 0.91440 -0.02003 -0.01909 172.06139 0.00000 267.03200 -1.00000 0.00000 -999 172.06139
0.48947 0.91440 -0.01840 -0.04444 176.27712 0.00000 267.02166 -1.00000 0.00000 -999 176.27712
0.48132 0.91440 -0.01679 -0.06781 179.37975 0.00000 267.01368 -1.00000 0.00000 -999 179.37975
0.48132 0.91440 -0.01679 -0.06781 179.37976 0.00000 267.01368 -1.00000 0.00000 -999 179.37976
0.47317 0.91440 -0.01520 -0.08967 182.22772 0.00000 267.00612 -1.00000 0.00000 -999 182.22772
0.47317 0.91440 -0.01520 -0.08967 182.22773 0.00000 267.00612 -1.00000 0.00000 -999 182.22773
0.46501 0.91440 -0.01362 -0.11019 185.32551 0.00000 266.99762 -1.00000 0.00000 -999 185.32551
0.46501 0.91440 -0.01362 -0.11019 185.32552 0.00000 266.99762 -1.00000 0.00000 -999 185.32552
0.45685 0.91440 -0.01206 -0.12964 188.33228 0.00000 266.98914 -1.00000 0.00000 -999 188.33228
0.45685 0.91440 -0.01206 -0.12964 188.33228 0.00000 266.98914 -1.00000 0.00000 -999 188.33228
0.44868 0.91440 -0.01052 -0.14817 190.88229 0.00000 266.98177 -1.00000 0.00000 -999 190.88229
0.44868 0.91440 -0.01052 -0.14817 190.88230 0.00000 266.98177 -1.00000 0.00000 -999 190.88230
0.44052 0.91440 -0.00900 -0.16596 193.28603 0.00000 266.97469 -1.00000 0.00000 -999 193.28603
0.44052 0.91440 -0.00900 -0.16596 193.28604 0.00000 266.97469 -1.00000 0.00000 -999 193.28604
0.43235 0.91440 -0.00749 -0.18313 195.57230 0.00000 266.96785 -1.00000 0.00000 -999 195.57230
0.43235 0.91440 -0.00749 -0.18313 195.57231 0.00000 266.96785 -1.00000 0.00000 -999 195.57231
0.42417 0.91440 -0.00600 -0.19978 197.76544 0.00000 266.96122 -1.00000 0.00000 -999 197.76544
0.42417 0.91440 -0.00600 -0.19978 197.76545 0.00000 266.96122 -1.00000 0.00000 -999 197.76545
0.41599 0.91440 -0.00452 -0.21601 199.88734 0.00000 266.95475 -1.00000 0.00000 -999 199.88734
0.41599 0.91440 -0.00452 -0.21601 199.88734 0.00000 266.95475 -1.00000 0.00000 -999 199.88734
0.40781 0.91440 -0.00306 -0.23190 201.95619 0.00000 266.94841 -1.00000 0.00000 -999 201.95619
0.40781 0.91440 -0.00306 -0.23190 201.95619 0.00000 266.94841 -1.00000 0.00000 -999 201.95619
0.40781 0.91440 -0.00306 -0.23190 201.95620 0.00000 266.94841 -1.00000 0.00000 -999 201.95620
0.39963 0.91440 -0.00162 -0.24753 203.98588 0.00000 266.94217 -1.00000 0.00000 -999 203.98588
0.39144 0.91440 -0.00020 -0.26293 205.99125 0.00000 266.93602 -1.00000 0.00000 -999 205.99125
0.39144 0.91440 -0.00020 -0.26293 205.99126 0.00000 266.93602 -1.00000 0.00000 -999 205.99126
0.38326 0.91440 0.00121 -0.27821 207.98519 0.00000 266.92991 -1.00000 0.00000 -999 207.98519
0.38326 0.91440 0.00121 -0.27821 207.98519 0.00000 266.92991 -1.00000 0.00000 -999 207.98519
0.37506 0.91440 0.00260 -0.29338 209.97448 0.00000 266.92384 -1.00000 0.00000 -999 209.97448
0.37506 0.91440 0.00260 -0.29338 209.97448 0.00000 266.92384 -1.00000 0.00000 -999 209.97448
0.36687 0.91440 0.00397 -0.30848 211.96863 0.00000 266.91780 -1.00000 0.00000 -999 211.96863
0.36687 0.91440 0.00397 -0.30848 211.96864 0.00000 266.91780 -1.00000 0.00000 -999 211.96864
0.35867 0.91440 0.00533 -0.32358 213.97953 0.00000 266.91175 -1.00000 0.00000 -999 213.97953
0.35867 0.91440 0.00533 -0.32358 213.97954 0.00000 266.91175 -1.00000 0.00000 -999 213.97954
0.35047 0.91440 0.00666 -0.33873 216.01075 0.00000 266.90568 -1.00000 0.00000 -999 216.01075
0.35047 0.91440 0.00666 -0.33873 216.01076 0.00000 266.90568 -1.00000 0.00000 -999 216.01076
0.34227 0.91440 0.00798 -0.35391 218.06356 0.00000 266.89959 -1.00000 0.00000 -999 218.06356
0.34227 0.91440 0.00798 -0.35391 218.06356 0.00000 266.89959 -1.00000 0.00000 -999 218.06356
0.33406 0.91440 0.00928 -0.36920 220.14249 0.00000 266.89345 -1.00000 0.00000 -999 220.14249
0.33406 0.91440 0.00928 -0.36920 220.14249 0.00000 266.89345 -1.00000 0.00000 -999 220.14249
0.33406 0.91440 0.00928 -0.36920 220.14250 0.00000 266.89345 -1.00000 0.00000 -999 220.14250
0.32585 0.91440 0.01056 -0.38460 222.25101 0.00000 266.88726 -1.00000 0.00000 -999 222.25101
0.32585 0.91440 0.01056 -0.38460 222.25101 0.00000 266.88726 -1.00000 0.00000 -999 222.25101
0.31763 0.91440 0.01181 -0.40016 224.39121 0.00000 266.88101 -1.00000 0.00000 -999 224.39121
0.31763 0.91440 0.01181 -0.40016 224.39121 0.00000 266.88101 -1.00000 0.00000 -999 224.39121
0.30942 0.91440 0.01305 -0.41591 226.56455 0.00000 266.87467 -1.00000 0.00000 -999 226.56455
0.30942 0.91440 0.01305 -0.41591 226.56456 0.00000 266.87467 -1.00000 0.00000 -999 226.56456
0.30120 0.91440 0.01426 -0.43187 228.77156 0.00000 266.86825 -1.00000 0.00000 -999 228.77156
0.30120 0.91440 0.01426 -0.43187 228.77157 0.00000 266.86825 -1.00000 0.00000 -999 228.77157
0.29297 0.91440 0.01545 -0.44806 231.01110 0.00000 266.86172 -1.00000 0.00000 -999 231.01110
0.29297 0.91440 0.01545 -0.44806 231.01111 0.00000 266.86172 -1.00000 0.00000 -999 231.01111
0.28475 0.91440 0.01662 -0.46452 233.28231 0.00000 266.85508 -1.00000 0.00000 -999 233.28231
0.28475 0.91440 0.01662 -0.46452 233.28232 0.00000 266.85508 -1.00000 0.00000 -999 233.28232
0.27652 0.91440 0.01776 -0.48127 235.58844 0.00000 266.84832 -1.00000 0.00000 -999 235.58844
0.27652 0.91440 0.01776 -0.48127 235.58845 0.00000 266.84832 -1.00000 0.00000 -999 235.58845
0.26828 0.91440 0.01888 -0.49834 237.93743 0.00000 266.84143 -1.00000 0.00000 -999 237.93743
0.26828 0.91440 0.01888 -0.49834 237.93744 0.00000 266.84143 -1.00000 0.00000 -999 237.93744
0.26005 0.91440 0.01996 -0.51573 240.34103 0.00000 266.83440 -1.00000 0.00000 -999 240.34103
0.26005 0.91440 0.01996 -0.51573 240.34104 0.00000 266.83440 -1.00000 0.00000 -999 240.34104
0.25180 0.91440 0.02102 -0.53348 242.81551 0.00000 266.82721 -1.00000 0.00000 -999 242.81551
0.25180 0.91440 0.02102 -0.53348 242.81551 0.00000 266.82721 -1.00000 0.00000 -999 242.81551
0.24356 0.91440 0.02204 -0.55162 245.37930 0.00000 266.81987 -1.00000 0.00000 -999 245.37930
0.23531 0.91440 0.02304 -0.57017 248.04890 0.00000 266.81235 -1.00000 0.00000 -999 248.04890
0.23531 0.91440 0.02304 -0.57017 248.04891 0.00000 266.81235 -1.00000 0.00000 -999 248.04891
0.23531 0.91440 0.02304 -0.57017 248.04891 0.00000 266.81235 -1.00000 0.00000 -999 248.04891
0.22706 0.91440 0.02400 -0.58914 250.83642 0.00000 266.80465 -1.00000 0.00000 -999 250.83642
0.22706 0.91440 0.02400 -0.58914 250.83643 0.00000 266.80465 -1.00000 0.00000 -999 250.83643
0.21880 0.91440 0.02492 -0.60859 253.74506 0.00000 266.79675 -1.00000 0.00000 -999 253.74506
0.21880 0.91440 0.02492 -0.60859 253.74507 0.00000 266.79675 -1.00000 0.00000 -999 253.74507
0.21054 0.91440 0.02580 -0.62852 256.76349 0.00000 266.78865 -1.00000 0.00000 -999 256.76349
0.20227 0.91440 0.02665 -0.64899 259.86537 0.00000 266.78032 -1.00000 0.00000 -999 259.86537
0.20227 0.91440 0.02665 -0.64899 259.86538 0.00000 266.78032 -1.00000 0.00000 -999 259.86538
0.19400 0.91440 0.02745 -0.66993 263.00342 0.00000 266.77178 -1.00000 0.00000 -999 263.00342
0.19400 0.91440 0.02745 -0.66993 263.00342 0.00000 266.77178 -1.00000 0.00000 -999 263.00342
0.18572 0.91440 0.02820 -0.69156 266.10578 0.00000 266.76300 -1.00000 0.00000 -999 266.10578
0.18572 0.91440 0.02820 -0.69156 266.10578 0.00000 266.76300 -1.00000 0.00000 -999 266.10578
0.17766 0.91440 0.02889 -0.71338 269.11343 0.00000 266.75416 -1.00000 0.00000 -999 269.11343
0.17766 0.91440 0.02889 -0.71338 269.11344 0.00000 266.75416 -1.00000 0.00000 -999 269.11344
0.16997 0.91440 0.02950 -0.73472 272.00175 0.00000 266.74543 -1.00000 0.00000 -999 272.00175
0.16997 0.91440 0.02950 -0.73472 272.00176 0.00000 266.74543 -1.00000 0.00000 -999 272.00176
0.16265 0.91440 0.03004 -0.75567 274.78045 0.00000 266.73686 -1.00000 0.00000 -999 274.78045
0.16265 0.91440 0.03004 -0.75567 274.78046 0.00000 266.73686 -1.00000 0.00000 -999 274.78046
0.15567 0.91440 0.03051 -0.77624 277.48649 0.00000 266.72844 -1.00000 0.00000 -999 277.48649
0.15567 0.91440 0.03051 -0.77624 277.48650 0.00000 266.72844 -1.00000 0.00000 -999 277.48650
0.14903 0.91440 0.03092 -0.79641 280.16292 0.00000 266.72017 -1.00000 0.00000 -999 280.16292
0.14903 0.91440 0.03092 -0.79641 280.16292 0.00000 266.72017 -1.00000 0.00000 -999 280.16292
0.14269 0.91440 0.03127 -0.81618 282.84579 0.00000 266.71205 -1.00000 0.00000 -999 282.84579
0.14269 0.91440 0.03127 -0.81618 282.84579 0.00000 266.71205 -1.00000 0.00000 -999 282.84579
0.13666 0.91440 0.03156 -0.83561 285.55371 0.00000 266.70408 -1.00000 0.00000 -999 285.55371
0.13666 0.91440 0.03156 -0.83561 285.55372 0.00000 266.70408 -1.00000 0.00000 -999 285.55372
0.13091 0.91440 0.03181 -0.85462 288.28640 0.00000 266.69626 -1.00000 0.00000 -999 288.28640
0.13091 0.91440 0.03181 -0.85462 288.28640 0.00000 266.69626 -1.00000 0.00000 -999 288.28640
0.12544 0.91440 0.03201 -0.87328 291.03279 0.00000 266.68858 -1.00000 0.00000 -999 291.03279
0.12544 0.91440 0.03201 -0.87328 291.03279 0.00000 266.68858 -1.00000 0.00000 -999 291.03279
0.12022 0.91440 0.03217 -0.89161 293.77606 0.00000 266.68103 -1.00000 0.00000 -999 293.77606
0.12022 0.91440 0.03217 -0.89161 293.77607 0.00000 266.68103 -1.00000 0.00000 -999 293.77607
0.11525 0.91440 0.03228 -0.90952 296.50463 0.00000 266.67362 -1.00000 0.00000 -999 296.50463
0.11525 0.91440 0.03228 -0.90952 296.50464 0.00000 266.67362 -1.00000 0.00000 -999 296.50464
0.11525 0.91440 0.03228 -0.90952 296.50465 0.00000 266.67362 -1.00000 0.00000 -999 296.50465
0.11052 0.91440 0.03237 -0.92728 299.21274 0.00000 266.66634 -1.00000 0.00000 -999 299.21274
0.10601 0.91440 0.03242 -0.94443 301.90482 0.00000 266.65920 -1.00000 0.00000 -999 301.90482
0.10601 0.91440 0.03242 -0.94443 301.90483 0.00000 266.65920 -1.00000 0.00000 -999 301.90483
0.10172 0.91440 0.03244 -0.96156 304.59616 0.00000 266.65218 -1.00000 0.00000 -999 304.59616
0.10172 0.91440 0.03244 -0.96156 304.59616 0.00000 266.65218 -1.00000 0.00000 -999 304.59616
0.09763 0.91440 0.03244 -0.97799 307.29286 0.00000 266.64528 -1.00000 0.00000 -999 307.29286
0.09763 0.91440 0.03244 -0.97799 307.29287 0.00000 266.64528 -1.00000 0.00000 -999 307.29287
0.09374 0.91440 0.03241 -0.99481 310.00120 0.00000 266.63845 -1.00000 0.00000 -999 310.00120
0.09374 0.91440 0.03241 -0.99481 310.00121 0.00000 266.63845 -1.00000 0.00000 -999 310.00121
0.09003 0.91440 0.03235 -1.01057 312.70757 0.00000 266.63169 -1.00000 0.00000 -999 312.70757
0.09003 0.91440 0.03235 -1.01057 312.70758 0.00000 266.63169 -1.00000 0.00000 -999 312.70758
0.09003 0.91440 0.03235 -1.01057 312.70758 0.00000 266.63169 -1.00000 0.00000 -999 312.70758
0.08618 0.91440 0.03227 -1.02769 315.39710 0.00000 266.62465 -1.00000 0.00000 -999 315.39710
0.08234 0.91440 0.03217 -1.04559 318.21466 0.00000 266.61723 -1.00000 0.00000 -999 318.21466
0.08234 0.91440 0.03217 -1.04559 318.21467 0.00000 266.61723 -1.00000 0.00000 -999 318.21467
0.07849 0.91440 0.03203 -1.06405 321.30675 0.00000 266.60954 -1.00000 0.00000 -999 321.30675
0.07849 0.91440 0.03203 -1.06405 321.30676 0.00000 266.60954 -1.00000 0.00000 -999 321.30676
0.07465 0.91440 0.03187 -1.08328 324.72632 0.00000 266.60153 -1.00000 0.00000 -999 324.72632
0.07465 0.91440 0.03187 -1.08328 324.72633 0.00000 266.60153 -1.00000 0.00000 -999 324.72633
0.07080 0.91440 0.03167 -1.10338 328.45784 0.00000 266.59316 -1.00000 0.00000 -999 328.45784
0.07080 0.91440 0.03167 -1.10338 328.45785 0.00000 266.59316 -1.00000 0.00000 -999 328.45785
0.06696 0.91440 0.03144 -1.12438 332.44692 0.00000 266.58440 -1.00000 0.00000 -999 332.44692
0.06696 0.91440 0.03144 -1.12438 332.44693 0.00000 266.58440 -1.00000 0.00000 -999 332.44693
0.06312 0.91440 0.03117 -1.14633 336.64005 0.00000 266.57520 -1.00000 0.00000 -999 336.64005
0.06312 0.91440 0.03117 -1.14633 336.64006 0.00000 266.57520 -1.00000 0.00000 -999 336.64006
0.05929 0.91440 0.03087 -1.16967 341.42778 0.00000 266.56452 -1.00000 0.00000 -999 341.42778
0.05929 0.91440 0.03087 -1.16967 341.42779 0.00000 266.56452 -1.00000 0.00000 -999 341.42779
0.05929 0.91440 0.03087 -1.16967 341.42780 0.00000 266.56452 -1.00000 0.00000 -999 341.42780
0.05545 0.91440 0.03052 -1.19405 346.55511 0.00000 266.55286 -1.00000 0.00000 -999 346.55511
0.05545 0.91440 0.03052 -1.19405 346.55513 0.00000 266.55286 -1.00000 0.00000 -999 346.55513
0.05163 0.91440 0.03012 -1.22018 351.34262 0.00000 266.54178 -1.00000 0.00000 -999 351.34262
0.05163 0.91440 0.03012 -1.22018 351.34263 0.00000 266.54178 -1.00000 0.00000 -999 351.34263
0.04780 0.91440 0.02967 -1.24782 356.43467 0.00000 266.52995 -1.00000 0.00000 -999 356.43467
0.04780 0.91440 0.02967 -1.24782 356.43469 0.00000 266.52995 -1.00000 0.00000 -999 356.43469
0.04399 0.91440 0.02917 -1.27758 360.65391 0.00000 266.52019 -1.00000 0.00000 -999 360.65391
0.04018 0.91440 0.02861 -1.30932 365.18575 0.00000 266.50979 -1.00000 0.00000 -999 365.18575
0.04018 0.91440 0.02861 -1.30932 365.18577 0.00000 266.50979 -1.00000 0.00000 -999 365.18577
0.03638 0.91440 0.02798 -1.34413 371.41822 0.00000 266.49546 -1.00000 0.00000 -999 371.41822
0.03638 0.91440 0.02798 -1.34413 371.41823 0.00000 266.49546 -1.00000 0.00000 -999 371.41823
0.03260 0.91440 0.02728 -1.38100 378.15941 0.00000 266.47995 -1.00000 0.00000 -999 378.15941
0.03260 0.91440 0.02728 -1.38100 378.15943 0.00000 266.47995 -1.00000 0.00000 -999 378.15943
0.02883 0.91440 0.02649 -1.42282 385.53898 0.00000 266.46290 -1.00000 0.00000 -999 385.53898
0.02883 0.91440 0.02649 -1.42282 385.53900 0.00000 266.46290 -1.00000 0.00000 -999 385.53900
0.02509 0.91440 0.02559 -1.46565 393.79119 0.00000 266.44451 -1.00000 0.00000 -999 393.79119
0.02509 0.91440 0.02559 -1.46565 393.79122 0.00000 266.44451 -1.00000 0.00000 -999 393.79122
0.02138 0.91440 0.02458 -1.51632 403.05264 0.00000 266.42428 -1.00000 0.00000 -999 403.05264
0.02138 0.91440 0.02458 -1.51632 403.05266 0.00000 266.42428 -1.00000 0.00000 -999 403.05266
0.01771 0.91440 0.02342 -1.56284 413.40592 0.00000 266.40333 -1.00000 0.00000 -999 413.40592
0.01771 0.91440 0.02342 -1.56284 413.40595 0.00000 266.40333 -1.00000 0.00000 -999 413.40595
0.01410 0.91440 0.02208 -1.62062 425.15215 0.00000 266.38186 -1.00000 0.00000 -999 425.15215
0.01410 0.91440 0.02208 -1.62062 425.15219 0.00000 266.38186 -1.00000 0.00000 -999 425.15219
0.01059 0.91440 0.02051 -1.64441 437.11337 0.00000 266.36790 -1.00000 0.00000 -999 437.11337
0.01059 0.91440 0.02051 -1.64441 437.11340 0.00000 266.36790 -1.00000 0.00000 -999 437.11340
0.00723 0.91440 0.01863 -1.64549 594.82275 0.04827 266.37467 -0.33334 0.00134 -999 446.38941
0.00723 0.91440 0.01863 -1.64549 594.82350 0.04827 266.37467 -0.33333 0.00134 -999 446.38943
0.00464 0.91440 0.01674 -1.55766 953.53315 0.19168 266.76951 1.00000 0.00515 -999 456.05525
0.00464 0.91440 0.01674 -1.55766 953.53391 0.19168 266.76951 1.00000 0.00515 -999 456.05528
0.00277 0.91440 0.01488 -1.31970 1141.38445 0.34518 267.97811 1.00000 0.00853 -999 475.77250
0.00277 0.91440 0.01488 -1.31970 1141.38485 0.34518 267.97812 1.00000 0.00853 -999 475.77256
0.00147 0.91440 0.01304 -0.90474 1226.24590 0.48654 269.11018 1.00000 0.01008 -999 501.06752
0.00147 0.91440 0.01304 -0.90474 1226.24604 0.48654 269.11019 1.00000 0.01008 -999 501.06757
0.00068 0.91440 0.01119 -0.33557 1217.49969 0.63263 270.58619 1.00000 0.00912 -999 503.72498
0.00068 0.91440 0.01119 -0.33557 1217.49959 0.63263 270.58619 1.00000 0.00912 -999 503.72496
0.00032 0.91440 0.00930 0.25495 1003.77827 0.74038 272.37963 0.91636 0.00568 -999 467.47656
0.00032 0.91440 0.00930 0.25495 1003.77778 0.74038 272.37963 0.91636 0.00568 -999 467.47648
0.00041 0.91440 0.00737 0.72797 632.88082 0.77978 273.15000 0.63877 0.00195 -999 415.88227
0.00041 0.91440 0.00737 0.72797 632.87996 0.77978 273.15000 0.63877 0.00195 -999 415.88214
0.00041 0.91440 0.00737 0.72797 632.87931 0.77978 273.15000 0.63877 0.00195 -999 415.88201
0.00095 0.91440 0.00542 0.97872 401.46778 0.75055 273.15000 0.45531 0.00031 -999 367.48873
0.00199 0.91440 0.00341 1.03921 330.36273 0.68583 273.15000 0.42569 0.00002 -999 328.28706
0.00199 0.91440 0.00341 1.03921 330.36256 0.68583 273.15000 0.42569 0.00002 -999 328.28696
0.00360 0.91440 0.00130 0.96041 311.86313 0.62166 273.15000 0.44336 0.00019 -999 294.77381
0.00360 0.91440 0.00130 0.96041 311.86308 0.62166 273.15000 0.44336 0.00019 -999 294.77373
0.00592 0.91440 -0.00095 0.81669 311.42572 0.54154 273.15000 0.50140 0.00057 -999 266.42275
0.00592 0.91440 -0.00095 0.81669 311.42571 0.54154 273.15000 0.50140 0.00057 -999 266.42268
0.00901 0.91440 -0.00328 0.65660 317.74430 0.44299 273.15000 0.61173 0.00098 -999 246.26631
0.00901 0.91440 -0.00328 0.65660 317.74431 0.44299 273.15000 0.61173 0.00098 -999 246.26625
0.01229 0.91440 -0.00533 0.52719 331.60391 0.37265 273.15000 0.73063 0.00137 -999 236.59617
0.01229 0.91440 -0.00533 0.52718 331.60394 0.37265 273.15000 0.73063 0.00137 -999 236.59615
0.01569 0.91440 -0.00716 0.42565 356.39885 0.32031 273.03392 0.89178 0.00174 -999 237.45767
0.01569 0.91440 -0.00716 0.42565 356.39891 0.32031 273.03392 0.89178 0.00174 -999 237.45767
0.01569 0.91440 -0.00716 0.42565 356.39896 0.32031 273.03392 0.89178 0.00174 -999 237.45769
0.01919 0.91440 -0.00882 0.34290 377.98361 0.27223 272.27222 0.99620 0.00190 -999 244.86893
0.02274 0.91440 -0.01034 0.27561 385.52622 0.23421 271.30020 1.00000 0.00181 -999 253.69305
0.02274 0.91440 -0.01034 0.27561 385.52624 0.23421 271.30020 1.00000 0.00181 -999 253.69307
0.02634 0.91440 -0.01175 0.21911 384.91510 0.19647 270.45234 1.00000 0.00163 -999 261.28323
0.02634 0.91440 -0.01175 0.21911 384.91510 0.19647 270.45234 1.00000 0.00163 -999 261.28325
0.02634 0.91440 -0.01175 0.21911 384.91510 0.19647 270.45234 1.00000 0.00163 -999 261.28327
0.02998 0.91440 -0.01306 0.17164 382.36488 0.17032 269.87506 1.00000 0.00150 -999 266.34291
0.03365 0.91440 -0.01429 0.13078 377.39207 0.14820 269.38307 1.00000 0.00136 -999 269.97812
0.03365 0.91440 -0.01429 0.13078 377.39204 0.14820 269.38307 1.00000 0.00136 -999 269.97813
0.03734 0.91440 -0.01544 0.09559 365.07658 0.12039 268.79707 1.00000 0.00115 -999 272.58254
0.03734 0.91440 -0.01544 0.09559 365.07655 0.12039 268.79707 1.00000 0.00115 -999 272.58255
0.04105 0.91440 -0.01653 0.06487 352.80103 0.09667 268.25954 1.00000 0.00096 -999 274.55263
0.04106 0.91440 -0.01653 0.06487 352.80101 0.09667 268.25954 1.00000 0.00096 -999 274.55263
0.04106 0.91440 -0.01653 0.06487 352.80098 0.09667 268.25954 1.00000 0.00096 -999 274.55264
0.04478 0.91440 -0.01755 0.03784 341.77918 0.07893 267.85347 1.00000 0.00081 -999 275.45560
0.04853 0.91440 -0.01853 0.01394 332.69747 0.06655 267.55109 1.00000 0.00070 -999 275.59022
0.04853 0.91440 -0.01853 0.01394 332.69744 0.06655 267.55109 1.00000 0.00070 -999 275.59022
0.05228 0.91440 -0.01945 -0.00730 318.57311 0.04926 267.11562 1.00000 0.00053 -999 275.28958
0.05228 0.91440 -0.01945 -0.00730 318.57307 0.04926 267.11562 1.00000 0.00053 -999 275.28958
0.05605 0.91440 -0.02033 -0.02634 306.82622 0.03592 266.75474 1.00000 0.00039 -999 274.67405
0.05605 0.91440 -0.02033 -0.02634 306.82619 0.03592 266.75474 1.00000 0.00039 -999 274.67405
0.05982 0.91440 -0.02117 -0.04329 294.28814 0.02237 266.36689 1.00000 0.00025 -999 273.94159
0.05982 0.91440 -0.02117 -0.04329 294.28811 0.02237 266.36688 1.00000 0.00025 -999 273.94159
0.06361 0.91440 -0.02197 -0.05865 281.44019 0.00914 266.53175 0.14286 0.00010 -999 273.06294
0.06361 0.91440 -0.02197 -0.05865 281.44016 0.00914 266.53175 0.14286 0.00010 -999 273.06294
0.06361 0.91440 -0.02197 -0.05865 281.44015 0.00914 266.53175 0.14285 0.00010 -999 273.06294
0.06740 0.91440 -0.02274 -0.07247 272.15150 0.00000 267.01182 -1.00000 0.00000 -999 272.15150
0.06740 0.91440 -0.02274 -0.07247 272.15149 0.00000 267.01182 -1.00000 0.00000 -999 272.15149
0.07120 0.91440 -0.02347 -0.08495 271.15736 0.00000 267.00643 -1.00000 0.00000 -999 271.15736
0.07120 0.91440 -0.02347 -0.08495 271.15736 0.00000 267.00643 -1.00000 0.00000 -999 271.15736
0.07500 0.91440 -0.02417 -0.09626 270.13454 0.00000 267.00180 -1.00000 0.00000 -999 270.13454
0.07881 0.91440 -0.02483 -0.10657 269.21443 0.00000 266.99829 -1.00000 0.00000 -999 269.21443
0.07881 0.91440 -0.02483 -0.10657 269.21442 0.00000 266.99829 -1.00000 0.00000 -999 269.21442
0.08262 0.91440 -0.02547 -0.11585 268.10301 0.00000 266.99459 -1.00000 0.00000 -999 268.10301
0.08262 0.91440 -0.02547 -0.11585 268.10301 0.00000 266.99459 -1.00000 0.00000 -999 268.10301
0.08644 0.91440 -0.02609 -0.12440 266.95852 0.00000 266.99121 -1.00000 0.00000 -999 266.95852
0.08644 0.91440 -0.02609 -0.12440 266.95852 0.00000 266.99121 -1.00000 0.00000 -999 266.95852
0.09021 0.91440 -0.02667 -0.13205 265.79276 0.00000 266.98815 -1.00000 0.00000 -999 265.79276
0.09021 0.91440 -0.02667 -0.13205 265.79275 0.00000 266.98815 -1.00000 0.00000 -999 265.79275
0.09416 0.91440 -0.02725 -0.13908 264.61437 0.00000 266.98532 -1.00000 0.00000 -999 264.61437
0.09416 0.91440 -0.02725 -0.13908 264.61437 0.00000 266.98532 -1.00000 0.00000 -999 264.61437
0.09416 0.91440 -0.02725 -0.13908 264.61437 0.00000 266.98532 -1.00000 0.00000 -999 264.61437
0.09832 0.91440 -0.02783 -0.14603 263.40786 0.00000 266.98260 -1.00000 0.00000 -999 263.40786
0.09832 0.91440 -0.02783 -0.14603 263.40786 0.00000 266.98260 -1.00000 0.00000 -999 263.40786
0.10270 0.91440 -0.02842 -0.15245 262.16038 0.00000 266.98003 -1.00000 0.00000 -999 262.16038
0.10270 0.91440 -0.02842 -0.15245 262.16038 0.00000 266.98003 -1.00000 0.00000 -999 262.16038
0.10729 0.91440 -0.02901 -0.15852 260.86401 0.00000 266.97763 -1.00000 0.00000 -999 260.86401
0.11212 0.91440 -0.02959 -0.16416 259.51050 0.00000 266.97539 -1.00000 0.00000 -999 259.51050
0.11212 0.91440 -0.02959 -0.16416 259.51050 0.00000 266.97539 -1.00000 0.00000 -999 259.51050
0.11212 0.91440 -0.02959 -0.16416 259.51049 0.00000 266.97539 -1.00000 0.00000 -999 259.51049
0.11719 0.91440 -0.03017 -0.16935 258.09968 0.00000 266.97333 -1.00000 0.00000 -999 258.09968
0.11719 0.91440 -0.03017 -0.16935 258.09968 0.00000 266.97333 -1.00000 0.00000 -999 258.09968
0.12252 0.91440 -0.03075 -0.17406 256.64647 0.00000 266.97146 -1.00000 0.00000 -999 256.64647
0.12812 0.91440 -0.03132 -0.17828 255.17640 0.00000 266.96978 -1.00000 0.00000 -999 255.17640
0.12812 0.91440 -0.03132 -0.17828 255.17639 0.00000 266.96978 -1.00000 0.00000 -999 255.17639
0.13400 0.91440 -0.03188 -0.18200 253.71628 0.00000 266.96830 -1.00000 0.00000 -999 253.71628
0.13400 0.91440 -0.03188 -0.18200 253.71628 0.00000 266.96830 -1.00000 0.00000 -999 253.71628
0.14019 0.91440 -0.03243 -0.18521 252.47054 0.00000 266.96718 -1.00000 0.00000 -999 252.47054
0.14019 0.91440 -0.03243 -0.18521 252.47053 0.00000 266.96718 -1.00000 0.00000 -999 252.47053
0.14668 0.91440 -0.03297 -0.18787 250.86452 0.00000 266.96597 -1.00000 0.00000 -999 250.86452
0.14668 0.91440 -0.03297 -0.18787 250.86451 0.00000 266.96597 -1.00000 0.00000 -999 250.86451
0.14668 0.91440 -0.03297 -0.18787 250.86451 0.00000 266.96597 -1.00000 0.00000 -999 250.86451
0.15350 0.91440 -0.03349 -0.19002 249.11141 0.00000 266.96496 -1.00000 0.00000 -999 249.11141
0.15350 0.91440 -0.03349 -0.19002 249.11141 0.00000 266.96496 -1.00000 0.00000 -999 249.11141
0.16067 0.91440 -0.03400 -0.19157 247.94894 0.00000 266.96449 -1.00000 0.00000 -999 247.94894
0.16820 0.91440 -0.03448 -0.19259 246.71967 0.00000 266.96416 -1.00000 0.00000 -999 246.71967
0.16820 0.91440 -0.03448 -0.19259 246.71966 0.00000 266.96416 -1.00000 0.00000 -999 246.71966
0.17610 0.91440 -0.03494 -0.19299 244.64522 0.00000 266.96395 -1.00000 0.00000 -999 244.64522
0.17610 0.91440 -0.03494 -0.19299 244.64521 0.00000 266.96395 -1.00000 0.00000 -999 244.64521
0.17610 0.91440 -0.03494 -0.19299 244.64521 0.00000 266.96395 -1.00000 0.00000 -999 244.64521
0.18433 0.91440 -0.03537 -0.19277 242.59827 0.00000 266.96402 -1.00000 0.00000 -999 242.59827
0.18433 0.91440 -0.03537 -0.19277 242.59827 0.00000 266.96402 -1.00000 0.00000 -999 242.59827
0.19255 0.91440 -0.03576 -0.19220 240.98316 0.00000 266.96426 -1.00000 0.00000 -999 240.98316
0.19255 0.91440 -0.03576 -0.19220 240.98316 0.00000 266.96426 -1.00000 0.00000 -999 240.98316
0.20078 0.91440 -0.03609 -0.19099 239.13599 0.00000 266.96471 -1.00000 0.00000 -999 239.13599
0.20078 0.91440 -0.03609 -0.19099 239.13598 0.00000 266.96471 -1.00000 0.00000 -999 239.13598
0.20900 0.91440 -0.03639 -0.18944 237.34905 0.00000 266.96534 -1.00000 0.00000 -999 237.34905
0.20900 0.91440 -0.03639 -0.18944 237.34904 0.00000 266.96534 -1.00000 0.00000 -999 237.34904
0.21723 0.91440 -0.03665 -0.18746 235.63911 0.00000 266.96611 -1.00000 0.00000 -999 235.63911
0.21723 0.91440 -0.03665 -0.18746 235.63911 0.00000 266.96611 -1.00000 0.00000 -999 235.63911
0.22546 0.91440 -0.03687 -0.18519 234.00261 0.00000 266.96702 -1.00000 0.00000 -999 234.00261
0.23369 0.91440 -0.03706 -0.18261 232.42359 0.00000 266.96804 -1.00000 0.00000 -999 232.42359
0.23369 0.91440 -0.03706 -0.18261 232.42359 0.00000 266.96804 -1.00000 0.00000 -999 232.42359
0.24193 0.91440 -0.03721 -0.17979 230.88067 0.00000 266.96916 -1.00000 0.00000 -999 230.88067
0.24193 0.91440 -0.03721 -0.17979 230.88066 0.00000 266.96916 -1.00000 0.00000 -999 230.88066
0.24193 0.91440 -0.03721 -0.17979 230.88066 0.00000 266.96916 -1.00000 0.00000 -999 230.88066
0.25016 0.91440 -0.03733 -0.17674 229.35402 0.00000 266.97037 -1.00000 0.00000 -999 229.35402
0.25839 0.91440 -0.03742 -0.17350 227.83068 0.00000 266.97165 -1.00000 0.00000 -999 227.83068
0.25839 0.91440 -0.03742 -0.17350 227.83068 0.00000 266.97165 -1.00000 0.00000 -999 227.83068
0.26662 0.91440 -0.03749 -0.17009 226.30617 0.00000 266.97301 -1.00000 0.00000 -999 226.30617
0.26662 0.91440 -0.03749 -0.17009 226.30616 0.00000 266.97301 -1.00000 0.00000 -999 226.30616
0.27486 0.91440 -0.03752 -0.16651 224.78180 0.00000 266.97443 -1.00000 0.00000 -999 224.78180
0.27486 0.91440 -0.03752 -0.16651 224.78179 0.00000 266.97443 -1.00000 0.00000 -999 224.78179
0.27486 0.91440 -0.03752 -0.16651 224.78179 0.00000 266.97443 -1.00000 0.00000 -999 224.78179
0.28309 0.91440 -0.03753 -0.16278 223.26266 0.00000 266.97591 -1.00000 0.00000 -999 223.26266
0.29132 0.91440 -0.03751 -0.15892 221.75807 0.00000 266.97744 -1.00000 0.00000 -999 221.75807
0.29132 0.91440 -0.03751 -0.15892 221.75807 0.00000 266.97744 -1.00000 0.00000 -999 221.75807
0.29956 0.91440 -0.03747 -0.15494 220.27986 0.00000 266.97902 -1.00000 0.00000 -999 220.27986
0.29956 0.91440 -0.03747 -0.15494 220.27986 0.00000 266.97902 -1.00000 0.00000 -999 220.27986
0.29956 0.91440 -0.03747 -0.15494 220.27985 0.00000 266.97902 -1.00000 0.00000 -999 220.27985
0.30779 0.91440 -0.03741 -0.15084 218.83856 0.00000 266.98065 -1.00000 0.00000 -999 218.83856
0.31602 0.91440 -0.03733 -0.14662 217.44083 0.00000 266.98233 -1.00000 0.00000 -999 217.44083
0.31602 0.91440 -0.03733 -0.14662 217.44082 0.00000 266.98233 -1.00000 0.00000 -999 217.44082
0.31602 0.91440 -0.03733 -0.14662 217.44082 0.00000 266.98233 -1.00000 0.00000 -999 217.44082
0.32425 0.91440 -0.03722 -0.14228 216.08837 0.00000 266.98405 -1.00000 0.00000 -999 216.08837
0.32425 0.91440 -0.03722 -0.14228 216.08837 0.00000 266.98405 -1.00000 0.00000 -999 216.08837
0.33249 0.91440 -0.03709 -0.13783 214.77960 0.00000 266.98582 -1.00000 0.00000 -999 214.77960
0.33249 0.91440 -0.03709 -0.13783 214.77960 0.00000 266.98582 -1.00000 0.00000 -999 214.77960
0.34072 0.91440 -0.03695 -0.13326 213.51103 0.00000 266.98763 -1.00000 0.00000 -999 213.51103
0.34072 0.91440 -0.03695 -0.13326 213.51102 0.00000 266.98763 -1.00000 0.00000 -999 213.51102
0.34895 0.91440 -0.03678 -0.12857 212.27678 0.00000 266.98949 -1.00000 0.00000 -999 212.27678
0.34895 0.91440 -0.03678 -0.12857 212.27678 0.00000 266.98949 -1.00000 0.00000 -999 212.27678
0.35718 0.91440 -0.03660 -0.12374 211.06811 0.00000 266.99141 -1.00000 0.00000 -999 211.06811
0.35718 0.91440 -0.03660 -0.12374 211.06810 0.00000 266.99141 -1.00000 0.00000 -999 211.06810
0.36541 0.91440 -0.03640 -0.11875 209.87674 0.00000 266.99339 -1.00000 0.00000 -999 209.87674
0.36541 0.91440 -0.03640 -0.11875 209.87674 0.00000 266.99339 -1.00000 0.00000 -999 209.87674
0.37364 0.91440 -0.03618 -0.11361 208.69728 0.00000 266.99543 -1.00000 0.00000 -999 208.69728
0.37364 0.91440 -0.03618 -0.11361 208.69728 0.00000 266.99543 -1.00000 0.00000 -999 208.69728
0.38187 0.91440 -0.03594 -0.10831 207.52280 0.00000 266.99753 -1.00000 0.00000 -999 207.52280
0.38187 0.91440 -0.03594 -0.10831 207.52280 0.00000 266.99753 -1.00000 0.00000 -999 207.52280
0.39010 0.91440 -0.03569 -0.10278 206.34183 0.00000 266.99972 -1.00000 0.00000 -999 206.34183
0.39010 0.91440 -0.03569 -0.10278 206.34183 0.00000 266.99972 -1.00000 0.00000 -999 206.34183
0.39833 0.91440 -0.03542 -0.09703 205.14562 0.00000 267.00201 -1.00000 0.00000 -999 205.14562
0.39833 0.91440 -0.03542 -0.09703 205.14561 0.00000 267.00201 -1.00000 0.00000 -999 205.14561
0.40656 0.91440 -0.03513 -0.09102 203.92887 0.00000 267.00439 -1.00000 0.00000 -999 203.92887
0.40656 0.91440 -0.03513 -0.09102 203.92887 0.00000 267.00439 -1.00000 0.00000 -999 203.92887
0.41478 0.91440 -0.03482 -0.08472 202.68424 0.00000 267.00689 -1.00000 0.00000 -999 202.68424
0.41478 0.91440 -0.03482 -0.08472 202.68423 0.00000 267.00689 -1.00000 0.00000 -999 202.68423
0.42301 0.91440 -0.03450 -0.07805 201.40094 0.00000 267.00953 -1.00000 0.00000 -999 201.40094
0.42301 0.91440 -0.03450 -0.07805 201.40094 0.00000 267.00953 -1.00000 0.00000 -999 201.40094
0.43124 0.91440 -0.03417 -0.07096 199.94002 0.00000 267.01262 -1.00000 0.00000 -999 199.94002
0.43124 0.91440 -0.03417 -0.07096 199.94002 0.00000 267.01262 -1.00000 0.00000 -999 199.94002
0.43946 0.91440 -0.03381 -0.06343 198.49787 0.00000 267.01574 -1.00000 0.00000 -999 198.49787
0.43946 0.91440 -0.03381 -0.06343 198.49787 0.00000 267.01574 -1.00000 0.00000 -999 198.49787
0.44769 0.91440 -0.03344 -0.05533 197.23271 0.00000 267.01854 -1.00000 0.00000 -999 197.23271
0.44769 0.91440 -0.03344 -0.05533 197.23271 0.00000 267.01854 -1.00000 0.00000 -999 197.23271
0.45591 0.91440 -0.03305 -0.04655 195.69617 0.00000 267.02202 -1.00000 0.00000 -999 195.69617
0.45591 0.91440 -0.03305 -0.04655 195.69617 0.00000 267.02202 -1.00000 0.00000 -999 195.69617
0.46413 0.91440 -0.03265 -0.03697 194.05695 0.00000 267.02582 -1.00000 0.00000 -999 194.05695
0.46413 0.91440 -0.03265 -0.03697 194.05694 0.00000 267.02582 -1.00000 0.00000 -999 194.05694
0.47236 0.91440 -0.03223 -0.02645 192.28984 0.00000 267.03000 -1.00000 0.00000 -999 192.28984
0.47236 0.91440 -0.03223 -0.02645 192.28984 0.00000 267.03000 -1.00000 0.00000 -999 192.28984
0.48058 0.91440 -0.03179 -0.01469 190.35785 0.00000 267.03466 -1.00000 0.00000 -999 190.35785
0.48058 0.91440 -0.03179 -0.01469 190.35785 0.00000 267.03466 -1.00000 0.00000 -999 190.35785
0.48880 0.91440 -0.03133 -0.00149 188.20933 0.00000 267.03992 -1.00000 0.00000 -999 188.20933
0.48880 0.91440 -0.03133 -0.00149 188.20933 0.00000 267.03992 -1.00000 0.00000 -999 188.20933
0.49702 0.91440 -0.03085 0.01375 185.76695 0.00000 267.04595 -1.00000 0.00000 -999 185.76695
0.49702 0.91440 -0.03085 0.01375 185.76694 0.00000 267.04595 -1.00000 0.00000 -999 185.76694
0.50524 0.91440 -0.03035 0.03142 182.64512 0.00000 267.05379 -1.00000 0.00000 -999 182.64512
0.50524 0.91440 -0.03035 0.03142 182.64512 0.00000 267.05379 -1.00000 0.00000 -999 182.64512
0.51345 0.91440 -0.02984 0.05292 179.78983 0.00000 267.06132 -1.00000 0.00000 -999 179.78983
0.52100 0.91440 -0.02935 0.07694 176.86528 0.00000 267.06932 -1.00000 0.00000 -999 176.86528
0.52100 0.91440 -0.02935 0.07694 176.86527 0.00000 267.06932 -1.00000 0.00000 -999 176.86527
0.52100 0.91440 -0.02935 0.07694 176.86526 0.00000 267.06932 -1.00000 0.00000 -999 176.86526
0.52572 0.91440 -0.02903 0.09592 173.49580 0.00000 267.07759 -1.00000 0.00000 -999 173.49580
0.52572 0.91440 -0.02903 0.09592 173.49579 0.00000 267.07759 -1.00000 0.00000 -999 173.49579
0.52867 0.91440 -0.02883 0.10962 171.21698 0.00000 267.08294 -1.00000 0.00000 -999 171.21698
0.52867 0.91440 -0.02883 0.10962 171.21698 0.00000 267.08294 -1.00000 0.00000 -999 171.21698
0.53051 0.91440 -0.02871 0.11776 170.14524 0.00000 267.08692 -1.00000 0.00000 -999 170.14524
0.53051 0.91440 -0.02871 0.11776 170.14523 0.00000 267.08692 -1.00000 0.00000 -999 170.14523
0.53166 0.91440 -0.02863 0.12935 168.47047 0.00000 267.08870 -1.00000 0.00000 -999 168.47047
0.53166 0.91440 -0.02863 0.12935 168.47047 0.00000 267.08870 -1.00000 0.00000 -999 168.47047
0.53238 0.91440 -0.02858 0.11269 166.67029 0.00000 267.08753 -1.00000 0.00000 -999 166.67029

ZONE T="SLICE_Y_0p9144_BINS03_KS_VAR_CUTDATA"
0.53247 0.91440 -0.02724 0.10435 149.72343 0.00000 267.08432 -1.00000 0.00000 -999 149.72343
0.53177 0.91440 -0.02709 0.12132 149.06833 0.00000 267.08568 -1.00000 0.00000 -999 149.06833
0.53177 0.91440 -0.02709 0.12132 149.06833 0.00000 267.08568 -1.00000 0.00000 -999 149.06833
0.53064 0.91440 -0.02685 0.11148 148.09279 0.00000 267.08442 -1.00000 0.00000 -999 148.09279
0.53064 0.91440 -0.02685 0.11148 148.09279 0.00000 267.08442 -1.00000 0.00000 -999 148.09279
0.52883 0.91440 -0.02646 0.10466 149.14349 0.00000 267.08085 -1.00000 0.00000 -999 149.14349
0.52883 0.91440 -0.02646 0.10466 149.14349 0.00000 267.08085 -1.00000 0.00000 -999 149.14349
0.52594 0.91440 -0.02586 0.09063 152.46170 0.00000 267.07535 -1.00000 0.00000 -999 152.46170
0.52594 0.91440 -0.02586 0.09063 152.46171 0.00000 267.07535 -1.00000 0.00000 -999 152.46171
0.52131 0.91440 -0.02489 0.06939 156.92733 0.00000 267.06683 -1.00000 0.00000 -999 156.92733
0.52131 0.91440 -0.02489 0.06939 156.92734 0.00000 267.06683 -1.00000 0.00000 -999 156.92734
0.51391 0.91440 -0.02335 0.03898 161.90305 0.00000 267.05566 -1.00000 0.00000 -999 161.90305
0.51391 0.91440 -0.02335 0.03897 161.90306 0.00000 267.05566 -1.00000 0.00000 -999 161.90306
0.50577 0.91440 -0.02168 0.00842 166.98294 0.00000 267.04391 -1.00000 0.00000 -999 166.98294
0.50577 0.91440 -0.02168 0.00842 166.98296 0.00000 267.04391 -1.00000 0.00000 -999 166.98296
0.49762 0.91440 -0.02003 -0.01908 172.06137 0.00000 267.03200 -1.00000 0.00000 -999 172.06137
0.49762 0.91440 -0.02003 -0.01909 172.06138 0.00000 267.03200 -1.00000 0.00000 -999 172.06138
0.49762 0.91440 -0.02003 -0.01909 172.06139 0.00000 267.03200 -1.00000 0.00000 -999 172.06139
0.48947 0.91440 -0.01840 -0.04444 176.27712 0.00000 267.02166 -1.00000 0.00000 -999 176.27712
0.48132 0.91440 -0.01679 -0.06781 179.37975 0.00000 267.01368 -1.00000 0.00000 -999 179.37975
0.48132 0.91440 -0.01679 -0.06781 179.37976 0.00000 267.01368 -1.00000 0.00000 -999 179.37976
0.47317 0.91440 -0.01520 -0.08967 182.22772 0.00000 267.00612 -1.00000 0.00000 -999 182.22772
0.47317 0.91440 -0.01520 -0.08967 182.22773 0.00000 267.00612 -1.00000 0.00000 -999 182.22773
0.46501 0.91440 -0.01362 -0.11019 185.32551 0.00000 266.99762 -1.00000 0.00000 -999 185.32551
0.46501 0.91440 -0.01362 -0.11019 185.32552 0.00000 266.99762 -1.00000 0.00000 -999 185.32552
0.45685 0.91440 -0.01206 -0.12964 188.33228 0.00000 266.98914 -1.00000 0.00000 -999 188.33228
0.45685 0.91440 -0.01206 -0.12964 188.33228 0.00000 266.98914 -1.00000 0.00000 -999 188.33228
0.44868 0.91440 -0.01052 -0.14817 190.88229 0.00000 266.98177 -1.00000 0.00000 -999 190.88229
0.44868 0.91440 -0.01052 -0.14817 190.88230 0.00000 266.98177 -1.00000 0.00000 -999 190.88230
0.44052 0.91440 -0.00900 -0.16596 193.28603 0.00000 266.97469 -1.00000 0.00000 -999 193.28603
0.44052 0.91440 -0.00900 -0.16596 193.28604 0.00000 266.97469 -1.00000 0.00000 -999 193.28604
0.43235 0.91440 -0.00749 -0.18313 195.57230 0.00000 266.96785 -1.00000 0.00000 -999 195.57230
0.43235 0.91440 -0.00749 -0.18313 195.57231 0.00000 266.96785 -1.00000 0.00000 -999 195.57231
0.42417 0.91440 -0.00600 -0.19978 197.76544 0.00000 266.96122 -1.00000 0.00000 -999 197.76544
0.42417 0.91440 -0.00600 -0.19978 197.76545 0.00000 266.96122 -1.00000 0.00000 -999 197.76545
0.41599 0.91440 -0.00452 -0.21601 199.88734 0.00000 266.95475 -1.00000 0.00000 -999 199.88734
0.41599 0.91440 -0.00452 -0.21601 199.88734 0.00000 266.95475 -1.00000 0.00000 -999 199.88734
0.40781 0.91440 -0.00306 -0.23190 201.95619 0.00000 266.94841 -1.00000 0.00000 -999 201.95619
0.40781 0.91440 -0.00306 -0.23190 201.95619 0.00000 266.94841 -1.00000 0.00000 -999 201.95619
0.40781 0.91440 -0.00306 -0.23190 201.95620 0.00000 266.94841 -1.00000 0.00000 -999 201.95620
0.39963 0.91440 -0.00162 -0.24753 203.98588 0.00000 266.94217 -1.00000 0.00000 -999 203.98588
0.39144 0.91440 -0.00020 -0.26293 205.99125 0.00000 266.93602 -1.00000 0.00000 -999 205.99125
0.39144 0.91440 -0.00020 -0.26293 205.99126 0.00000 266.93602 -1.00000 0.00000 -999 205.99126
0.38326 0.91440 0.00121 -0.27821 207.98519 0.00000 266.92991 -1.00000 0.00000 -999 207.98519
0.38326 0.91440 0.00121 -0.27821 207.98519 0.00000 266.92991 -1.00000 0.00000 -999 207.98519
0.37506 0.91440 0.00260 -0.29338 209.97448 0.00000 266.92384 -1.00000 0.00000 -999 209.97448
0.37506 0.91440 0.00260 -0.29338 209.97448 0.00000 266.92384 -1.00000 0.00000 -999 209.97448
0.36687 0.91440 0.00397 -0.30848 211.96863 0.00000 266.91780 -1.00000 0.00000 -999 211.96863
0.36687 0.91440 0.00397 -0.30848 211.96864 0.00000 266.91780 -1.00000 0.00000 -999 211.96864
0.35867 0.91440 0.00533 -0.32358 213.97953 0.00000 266.91175 -1.00000 0.00000 -999 213.97953
0.35867 0.91440 0.00533 -0.32358 213.97954 0.00000 266.91175 -1.00000 0.00000 -999 213.97954
0.35047 0.91440 0.00666 -0.33873 216.01075 0.00000 266.90568 -1.00000 0.00000 -999 216.01075
0.35047 0.91440 0.00666 -0.33873 216.01076 0.00000 266.90568 -1.00000 0.00000 -999 216.01076
0.34227 0.91440 0.00798 -0.35391 218.06356 0.00000 266.89959 -1.00000 0.00000 -999 218.06356
0.34227 0.91440 0.00798 -0.35391 218.06356 0.00000 266.89959 -1.00000 0.00000 -999 218.06356
0.33406 0.91440 0.00928 -0.36920 220.14249 0.00000 266.89345 -1.00000 0.00000 -999 220.14249
0.33406 0.91440 0.00928 -0.36920 220.14249 0.00000 266.89345 -1.00000 0.00000 -999 220.14249
0.33406 0.91440 0.00928 -0.36920 220.14250 0.00000 266.89345 -1.00000 0.00000 -999 220.14250
0.32585 0.91440 0.01056 -0.38460 222.25101 0.00000 266.88726 -1.00000 0.00000 -999 222.25101
0.32585 0.91440 0.01056 -0.38460 222.25101 0.00000 266.88726 -1.00000 0.00000 -999 222.25101
0.31763 0.91440 0.01181 -0.40016 224.39121 0.00000 266.88101 -1.00000 0.00000 -999 224.39121
0.31763 0.91440 0.01181 -0.40016 224.39121 0.00000 266.88101 -1.00000 0.00000 -999 224.39121
0.30942 0.91440 0.01305 -0.41591 226.56455 0.00000 266.87467 -1.00000 0.00000 -999 226.56455
0.30942 0.91440 0.01305 -0.41591 226.56456 0.00000 266.87467 -1.00000 0.00000 -999 226.56456
0.30120 0.91440 0.01426 -0.43187 228.77156 0.00000 266.86825 -1.00000 0.00000 -999 228.77156
0.30120 0.91440 0.01426 -0.43187 228.77157 0.00000 266.86825 -1.00000 0.00000 -999 228.77157
0.29297 0.91440 0.01545 -0.44806 231.01110 0.00000 266.86172 -1.00000 0.00000 -999 231.01110
0.29297 0.91440 0.01545 -0.44806 231.01111 0.00000 266.86172 -1.00000 0.00000 -999 231.01111
0.28475 0.91440 0.01662 -0.46452 233.28231 0.00000 266.85508 -1.00000 0.00000 -999 233.28231
0.28475 0.91440 0.01662 -0.46452 233.28232 0.00000 266.85508 -1.00000 0.00000 -999 233.28232
0.27652 0.91440 0.01776 -0.48127 235.58844 0.00000 266.84832 -1.00000 0.00000 -999 235.58844
0.27652 0.91440 0.01776 -0.48127 235.58845 0.00000 266.84832 -1.00000 0.00000 -999 235.58845
0.26828 0.91440 0.01888 -0.49834 237.93743 0.00000 266.84143 -1.00000 0.00000 -999 237.93743
0.26828 0.91440 0.01888 -0.49834 237.93744 0.00000 266.84143 -1.00000 0.00000 -999 237.93744
0.26005 0.91440 0.01996 -0.51573 240.34103 0.00000 266.83440 -1.00000 0.00000 -999 240.34103
0.26005 0.91440 0.01996 -0.51573 240.34104 0.00000 266.83440 -1.00000 0.00000 -999 240.34104
0.25180 0.91440 0.02102 -0.53348 242.81551 0.00000 266.82721 -1.00000 0.00000 -999 242.81551
0.25180 0.91440 0.02102 -0.53348 242.81551 0.00000 266.82721 -1.00000 0.00000 -999 242.81551
0.24356 0.91440 0.02204 -0.55162 245.37930 0.00000 266.81987 -1.00000 0.00000 -999 245.37930
0.23531 0.91440 0.02304 -0.57017 248.04890 0.00000 266.81235 -1.00000 0.00000 -999 248.04890
0.23531 0.91440 0.02304 -0.57017 248.04891 0.00000 266.81235 -1.00000 0.00000 -999 248.04891
0.23531 0.91440 0.02304 -0.57017 248.04891 0.00000 266.81235 -1.00000 0.00000 -999 248.04891
0.22706 0.91440 0.02400 -0.58914 250.83642 0.00000 266.80465 -1.00000 0.00000 -999 250.83642
0.22706 0.91440 0.02400 -0.58914 250.83643 0.00000 266.80465 -1.00000 0.00000 -999 250.83643
0.21880 0.91440 0.02492 -0.60859 253.74506 0.00000 266.79675 -1.00000 0.00000 -999 253.74506
0.21880 0.91440 0.02492 -0.60859 253.74507 0.00000 266.79675 -1.00000 0.00000 -999 253.74507
0.21054 0.91440 0.02580 -0.62852 256.76349 0.00000 266.78865 -1.00000 0.00000 -999 256.76349
0.20227 0.91440 0.02665 -0.64899 259.86537 0.00000 266.78032 -1.00000 0.00000 -999 259.86537
0.20227 0.91440 0.02665 -0.64899 259.86538 0.00000 266.78032 -1.00000 0.00000 -999 259.86538
0.19400 0.91440 0.02745 -0.66993 263.00342 0.00000 266.77178 -1.00000 0.00000 -999 263.00342
0.19400 0.91440 0.02745 -0.66993 263.00342 0.00000 266.77178 -1.00000 0.00000 -999 263.00342
0.18572 0.91440 0.02820 -0.69156 266.10578 0.00000 266.76300 -1.00000 0.00000 -999 266.10578
0.18572 0.91440 0.02820 -0.69156 266.10578 0.00000 266.76300 -1.00000 0.00000 -999 266.10578
0.17766 0.91440 0.02889 -0.71338 269.11343 0.00000 266.75416 -1.00000 0.00000 -999 269.11343
0.17766 0.91440 0.02889 -0.71338 269.11344 0.00000 266.75416 -1.00000 0.00000 -999 269.11344
0.16997 0.91440 0.02950 -0.73472 272.00175 0.00000 266.74543 -1.00000 0.00000 -999 272.00175
0.16997 0.91440 0.02950 -0.73472 272.00176 0.00000 266.74543 -1.00000 0.00000 -999 272.00176
0.16265 0.91440 0.03004 -0.75567 274.78045 0.00000 266.73686 -1.00000 0.00000 -999 274.78045
0.16265 0.91440 0.03004 -0.75567 274.78046 0.00000 266.73686 -1.00000 0.00000 -999 274.78046
0.15567 0.91440 0.03051 -0.77624 277.48649 0.00000 266.72844 -1.00000 0.00000 -999 277.48649
0.15567 0.91440 0.03051 -0.77624 277.48650 0.00000 266.72844 -1.00000 0.00000 -999 277.48650
0.14903 0.91440 0.03092 -0.79641 280.16292 0.00000 266.72017 -1.00000 0.00000 -999 280.16292
0.14903 0.91440 0.03092 -0.79641 280.16292 0.00000 266.72017 -1.00000 0.00000 -999 280.16292
0.14269 0.91440 0.03127 -0.81618 282.84579 0.00000 266.71205 -1.00000 0.00000 -999 282.84579
0.14269 0.91440 0.03127 -0.81618 282.84579 0.00000 266.71205 -1.00000 0.00000 -999 282.84579
0.13666 0.91440 0.03156 -0.83561 285.55371 0.00000 266.70408 -1.00000 0.00000 -999 285.55371
0.13666 0.91440 0.03156 -0.83561 285.55372 0.00000 266.70408 -1.00000 0.00000 -999 285.55372
0.13091 0.91440 0.03181 -0.85462 288.28640 0.00000 266.69626 -1.00000 0.00000 -999 288.28640
0.13091 0.91440 0.03181 -0.85462 288.28640 0.00000 266.69626 -1.00000 0.00000 -999 288.28640
0.12544 0.91440 0.03201 -0.87328 291.03279 0.00000 266.68858 -1.00000 0.00000 -999 291.03279
0.12544 0.91440 0.03201 -0.87328 291.03279 0.00000 266.68858 -1.00000 0.00000 -999 291.03279
0.12022 0.91440 0.03217 -0.89161 293.77606 0.00000 266.68103 -1.00000 0.00000 -999 293.77606
0.12022 0.91440 0.03217 -0.89161 293.77607 0.00000 266.68103 -1.00000 0.00000 -999 293.77607
0.11525 0.91440 0.03228 -0.90952 296.50463 0.00000 266.67362 -1.00000 0.00000 -999 296.50463
0.11525 0.91440 0.03228 -0.90952 296.50464 0.00000 266.67362 -1.00000 0.00000 -999 296.50464
0.11525 0.91440 0.03228 -0.90952 296.50465 0.00000 266.67362 -1.00000 0.00000 -999 296.50465
0.11052 0.91440 0.03237 -0.92728 299.21274 0.00000 266.66634 -1.00000 0.00000 -999 299.21274
0.10601 0.91440 0.03242 -0.94443 301.90482 0.00000 266.65920 -1.00000 0.00000 -999 301.90482
0.10601 0.91440 0.03242 -0.94443 301.90483 0.00000 266.65920 -1.00000 0.00000 -999 301.90483
0.10172 0.91440 0.03244 -0.96156 304.59616 0.00000 266.65218 -1.00000 0.00000 -999 304.59616
0.10172 0.91440 0.03244 -0.96156 304.59616 0.00000 266.65218 -1.00000 0.00000 -999 304.59616
0.09763 0.91440 0.03244 -0.97799 307.29286 0.00000 266.64528 -1.00000 0.00000 -999 307.29286
0.09763 0.91440 0.03244 -0.97799 307.29287 0.00000 266.64528 -1.00000 0.00000 -999 307.29287
0.09374 0.91440 0.03241 -0.99481 310.00120 0.00000 266.63845 -1.00000 0.00000 -999 310.00120
0.09374 0.91440 0.03241 -0.99481 310.00121 0.00000 266.63845 -1.00000 0.00000 -999 310.00121
0.09003 0.91440 0.03235 -1.01057 312.70757 0.00000 266.63169 -1.00000 0.00000 -999 312.70757
0.09003 0.91440 0.03235 -1.01057 312.70758 0.00000 266.63169 -1.00000 0.00000 -999 312.70758
0.09003 0.91440 0.03235 -1.01057 312.70758 0.00000 266.63169 -1.00000 0.00000 -999 312.70758
0.08618 0.91440 0.03227 -1.02769 315.39710 0.00000 266.62465 -1.00000 0.00000 -999 315.39710
0.08234 0.91440 0.03217 -1.04559 318.21466 0.00000 266.61723 -1.00000 0.00000 -999 318.21466
0.08234 0.91440 0.03217 -1.04559 318.21467 0.00000 266.61723 -1.00000 0.00000 -999 318.21467
0.07849 0.91440 0.03203 -1.06405 321.30675 0.00000 266.60954 -1.00000 0.00000 -999 321.30675
0.07849 0.91440 0.03203 -1.06405 321.30676 0.00000 266.60954 -1.00000 0.00000 -999 321.30676
0.07465 0.91440 0.03187 -1.08328 324.72632 0.00000 266.60153 -1.00000 0.00000 -999 324.72632
0.07465 0.91440 0.03187 -1.08328 324.72633 0.00000 266.60153 -1.00000 0.00000 -999 324.72633
0.07080 0.91440 0.03167 -1.10338 328.45784 0.00000 266.59316 -1.00000 0.00000 -999 328.45784
0.07080 0.91440 0.03167 -1.10338 328.45785 0.00000 266.59316 -1.00000 0.00000 -999 328.45785
0.06696 0.91440 0.03144 -1.12438 332.44692 0.00000 266.58440 -1.00000 0.00000 -999 332.44692
0.06696 0.91440 0.03144 -1.12438 332.44693 0.00000 266.58440 -1.00000 0.00000 -999 332.44693
0.06312 0.91440 0.03117 -1.14633 336.64005 0.00000 266.57520 -1.00000 0.00000 -999 336.64005
0.06312 0.91440 0.03117 -1.14633 336.64006 0.00000 266.57520 -1.00000 0.00000 -999 336.64006
0.05929 0.91440 0.03087 -1.16967 341.42778 0.00000 266.56452 -1.00000 0.00000 -999 341.42778
0.05929 0.91440 0.03087 -1.16967 341.42779 0.00000 266.56452 -1.00000 0.00000 -999 341.42779
0.05929 0.91440 0.03087 -1.16967 341.42780 0.00000 266.56452 -1.00000 0.00000 -999 341.42780
0.05545 0.91440 0.03052 -1.19405 346.55511 0.00000 266.55286 -1.00000 0.00000 -999 346.55511
0.05545 0.91440 0.03052 -1.19405 346.55513 0.00000 266.55286 -1.00000 0.00000 -999 346.55513
0.05163 0.91440 0.03012 -1.22018 351.34262 0.00000 266.54178 -1.00000 0.00000 -999 351.34262
0.05163 0.91440 0.03012 -1.22018 351.34263 0.00000 266.54178 -1.00000 0.00000 -999 351.34263
0.04780 0.91440 0.02967 -1.24782 356.43467 0.00000 266.52995 -1.00000 0.00000 -999 356.43467
0.04780 0.91440 0.02967 -1.24782 356.43469 0.00000 266.52995 -1.00000 0.00000 -999 356.43469
0.04399 0.91440 0.02917 -1.27758 360.65391 0.00000 266.52019 -1.00000 0.00000 -999 360.65391
0.04018 0.91440 0.02861 -1.30932 365.18575 0.00000 266.50979 -1.00000 0.00000 -999 365.18575
0.04018 0.91440 0.02861 -1.30932 365.18577 0.00000 266.50979 -1.00000 0.00000 -999 365.18577
0.03638 0.91440 0.02798 -1.34413 371.41822 0.00000 266.49546 -1.00000 0.00000 -999 371.41822
0.03638 0.91440 0.02798 -1.34413 371.41823 0.00000 266.49546 -1.00000 0.00000 -999 371.41823
0.03260 0.91440 0.02728 -1.38100 378.15941 0.00000 266.47995 -1.00000 0.00000 -999 378.15941
0.03260 0.91440 0.02728 -1.38100 378.15943 0.00000 266.47995 -1.00000 0.00000 -999 378.15943
0.02883 0.91440 0.02649 -1.42282 385.53898 0.00125 266.07231 -1.00000 0.00000 -999 385.53898
0.02883 0.91440 0.02649 -1.42282 385.53901 0.00125 266.07231 -1.00000 0.00000 -999 385.53900
0.02509 0.91440 0.02559 -1.46565 404.17778 0.00531 265.38550 -0.33333 0.00009 -999 393.79119
0.02509 0.91440 0.02559 -1.46565 404.17786 0.00531 265.38550 -0.33333 0.00009 -999 393.79122
0.02138 0.91440 0.02458 -1.51632 451.07160 0.01498 265.17470 1.00000 0.00040 -999 403.05264
0.02138 0.91440 0.02458 -1.51632 451.07173 0.01498 265.17470 1.00000 0.00040 -999 403.05266
0.01771 0.91440 0.02342 -1.56284 505.42792 0.02765 265.35129 1.00000 0.00075 -999 413.40592
0.01771 0.91440 0.02342 -1.56284 505.42806 0.02765 265.35129 1.00000 0.00075 -999 413.40595
0.01410 0.91440 0.02208 -1.62062 575.71188 0.04373 265.52910 1.00000 0.00121 -999 425.15215
0.01410 0.91440 0.02208 -1.62062 575.71209 0.04373 265.52910 1.00000 0.00121 -999 425.15219
0.01059 0.91440 0.02051 -1.64441 662.39522 0.06439 265.72334 1.00000 0.00180 -999 437.11337
0.01059 0.91440 0.02051 -1.64441 662.39542 0.06439 265.72334 1.00000 0.00180 -999 437.11340
0.00723 0.91440 0.01863 -1.64549 783.53156 0.10271 266.04435 1.00000 0.00286 -999 446.38941
0.00723 0.91440 0.01863 -1.64549 783.53198 0.10271 266.04436 1.00000 0.00286 -999 446.38943
0.00464 0.91440 0.01674 -1.55766 978.00063 0.19681 266.80841 1.00000 0.00530 -999 456.05525
0.00464 0.91440 0.01674 -1.55766 978.00111 0.19681 266.80842 1.00000 0.00530 -999 456.05528
0.00277 0.91440 0.01488 -1.31970 1130.73601 0.32475 267.82228 1.00000 0.00802 -999 475.77250
0.00277 0.91440 0.01488 -1.31970 1130.73633 0.32475 267.82228 1.00000 0.00802 -999 475.77256
0.00147 0.91440 0.01304 -0.90474 1216.76273 0.45006 268.84720 1.00000 0.00932 -999 501.06752
0.00147 0.91440 0.01304 -0.90474 1216.76288 0.45007 268.84720 1.00000 0.00932 -999 501.06757
0.00068 0.91440 0.01119 -0.33557 1207.46128 0.59200 270.31486 1.00000 0.00854 -999 503.72498
0.00068 0.91440 0.01119 -0.33557 1207.46118 0.59200 270.31486 1.00000 0.00854 -999 503.72496
0.00032 0.91440 0.00930 0.25495 996.14290 0.69443 272.21700 0.93754 0.00539 -999 467.47656
0.00032 0.91440 0.00930 0.25495 996.14242 0.69443 272.21700 0.93754 0.00539 -999 467.47648
0.00041 0.91440 0.00737 0.72797 631.55396 0.73794 273.15000 0.66805 0.00194 -999 415.88227
0.00041 0.91440 0.00737 0.72797 631.55311 0.73794 273.15000 0.66805 0.00194 -999 415.88214
0.00041 0.91440 0.00737 0.72797 631.55247 0.73794 273.15000 0.66805 0.00194 -999 415.88201
0.00095 0.91440 0.00542 0.97872 401.05277 0.72267 273.15000 0.46888 0.00031 -999 367.48873
0.00199 0.91440 0.00341 1.03921 330.35712 0.66315 273.15000 0.43757 0.00002 -999 328.28706
0.00199 0.91440 0.00341 1.03921 330.35695 0.66315 273.15000 0.43757 0.00002 -999 328.28696
0.00360 0.91440 0.00130 0.96041 311.61048 0.58544 273.15000 0.46495 0.00019 -999 294.77381
0.00360 0.91440 0.00130 0.96041 311.61042 0.58544 273.15000 0.46495 0.00019 -999 294.77373
0.00592 0.91440 -0.00095 0.81669 310.58604 0.49633 273.15000 0.53937 0.00056 -999 266.42275
0.00592 0.91440 -0.00095 0.81669 310.58603 0.49633 273.15000 0.53937 0.00056 -999 266.42268
0.00901 0.91440 -0.00328 0.65660 316.88479 0.40914 273.15000 0.64895 0.00097 -999 246.26631
0.00901 0.91440 -0.00328 0.65660 316.88480 0.40914 273.15000 0.64895 0.00097 -999 246.26625
0.01229 0.91440 -0.00533 0.52719 330.42588 0.33634 273.15000 0.80820 0.00136 -999 236.59617
0.01229 0.91440 -0.00533 0.52718 330.42592 0.33634 273.15000 0.80820 0.00136 -999 236.59615
0.01569 0.91440 -0.00716 0.42565 350.95793 0.28457 272.74361 0.94971 0.00165 -999 237.45767
0.01569 0.91440 -0.00716 0.42565 350.95798 0.28457 272.74361 0.94971 0.00165 -999 237.45767
0.01569 0.91440 -0.00716 0.42565 350.95802 0.28457 272.74360 0.94971 0.00165 -999 237.45769
0.01919 0.91440 -0.00882 0.34290 366.48215 0.24585 271.82366 1.00000 0.00172 -999 244.86893
0.02274 0.91440 -0.01034 0.27561 374.34093 0.21279 270.95971 1.00000 0.00164 -999 253.69305
0.02274 0.91440 -0.01034 0.27561 374.34095 0.21279 270.95971 1.00000 0.00164 -999 253.69307
0.02634 0.91440 -0.01175 0.21911 377.86121 0.18422 270.25337 1.00000 0.00153 -999 261.28323
0.02634 0.91440 -0.01175 0.21911 377.86121 0.18422 270.25337 1.00000 0.00153 -999 261.28325
0.02634 0.91440 -0.01175 0.21911 377.86122 0.18422 270.25337 1.00000 0.00153 -999 261.28327
0.02998 0.91440 -0.01306 0.17164 377.33030 0.16271 269.74209 1.00000 0.00143 -999 266.34291
0.03365 0.91440 -0.01429 0.13078 372.61839 0.14116 269.25971 1.00000 0.00130 -999 269.97812
0.03365 0.91440 -0.01429 0.13078 372.61838 0.14116 269.25971 1.00000 0.00130 -999 269.97813
0.03734 0.91440 -0.01544 0.09559 366.70315 0.12245 268.83887 1.00000 0.00117 -999 272.58254
0.03734 0.91440 -0.01544 0.09559 366.70314 0.12245 268.83887 1.00000 0.00117 -999 272.58255
0.04105 0.91440 -0.01653 0.06487 360.44893 0.10625 268.46037 1.00000 0.00106 -999 274.55263
0.04106 0.91440 -0.01653 0.06487 360.44891 0.10625 268.46036 1.00000 0.00106 -999 274.55263
0.04106 0.91440 -0.01653 0.06487 360.44889 0.10625 268.46036 1.00000 0.00106 -999 274.55264
0.04478 0.91440 -0.01755 0.03784 349.61650 0.08851 268.05833 1.00000 0.00091 -999 275.45560
0.04853 0.91440 -0.01853 0.01394 340.16830 0.07531 267.75618 1.00000 0.00079 -999 275.59022
0.04853 0.91440 -0.01853 0.01394 340.16827 0.07531 267.75618 1.00000 0.00079 -999 275.59022
0.05228 0.91440 -0.01945 -0.00730 331.76744 0.06439 267.48965 1.00000 0.00069 -999 275.28958
0.05228 0.91440 -0.01945 -0.00730 331.76742 0.06439 267.48965 1.00000 0.00069 -999 275.28958
0.05605 0.91440 -0.02033 -0.02634 323.90827 0.05514 267.25409 1.00000 0.00060 -999 274.67405
0.05605 0.91440 -0.02033 -0.02634 323.90825 0.05514 267.25408 1.00000 0.00060 -999 274.67405
0.05982 0.91440 -0.02117 -0.04329 315.55021 0.04585 267.01452 1.00000 0.00051 -999 273.94159
0.05982 0.91440 -0.02117 -0.04329 315.55020 0.04585 267.01452 1.00000 0.00051 -999 273.94159
0.06361 0.91440 -0.02197 -0.05865 312.32090 0.04267 266.92515 1.00000 0.00048 -999 273.06294
0.06361 0.91440 -0.02197 -0.05865 312.32089 0.04267 266.92515 1.00000 0.00048 -999 273.06294
0.06361 0.91440 -0.02197 -0.05865 312.32089 0.04267 266.92515 1.00000 0.00048 -999 273.06294
0.06740 0.91440 -0.02274 -0.07247 308.95729 0.03956 266.83795 1.00000 0.00045 -999 272.15150
0.06740 0.91440 -0.02274 -0.07247 308.95728 0.03956 266.83795 1.00000 0.00045 -999 272.15149
0.07120 0.91440 -0.02347 -0.08495 307.00500 0.03818 266.79755 1.00000 0.00044 -999 271.15736
0.07120 0.91440 -0.02347 -0.08495 307.00499 0.03818 266.79755 1.00000 0.00044 -999 271.15736
0.07500 0.91440 -0.02417 -0.09626 303.70017 0.03551 266.72110 1.00000 0.00042 -999 270.13454
0.07881 0.91440 -0.02483 -0.10657 299.69666 0.03209 266.62615 1.00000 0.00038 -999 269.21443
0.07881 0.91440 -0.02483 -0.10657 299.69665 0.03209 266.62615 1.00000 0.00038 -999 269.21442
0.08262 0.91440 -0.02547 -0.11585 297.01119 0.03029 266.57574 1.00000 0.00036 -999 268.10301
0.08262 0.91440 -0.02547 -0.11585 297.01118 0.03029 266.57574 1.00000 0.00036 -999 268.10301
0.08644 0.91440 -0.02609 -0.12440 293.59949 0.02782 266.50453 1.00000 0.00033 -999 266.95852
0.08644 0.91440 -0.02609 -0.12440 293.59948 0.02782 266.50453 1.00000 0.00033 -999 266.95852
0.09021 0.91440 -0.02667 -0.13205 291.38226 0.02665 266.47107 1.00000 0.00032 -999 265.79276
0.09021 0.91440 -0.02667 -0.13205 291.38226 0.02665 266.47107 1.00000 0.00032 -999 265.79275
0.09416 0.91440 -0.02725 -0.13908 288.97147 0.02533 266.43241 1.00000 0.00031 -999 264.61437
0.09416 0.91440 -0.02725 -0.13908 288.97147 0.02533 266.43241 1.00000 0.00031 -999 264.61437
0.09416 0.91440 -0.02725 -0.13908 288.97146 0.02533 266.43241 1.00000 0.00031 -999 264.61437
0.09832 0.91440 -0.02783 -0.14603 284.34643 0.02174 266.32611 1.00000 0.00027 -999 263.40786
0.09832 0.91440 -0.02783 -0.14603 284.34642 0.02174 266.32611 1.00000 0.00027 -999 263.40786
0.10270 0.91440 -0.02842 -0.15245 281.61883 0.02018 266.27995 1.00000 0.00025 -999 262.16038
0.10270 0.91440 -0.02842 -0.15245 281.61883 0.02018 266.27995 1.00000 0.00025 -999 262.16038
0.10729 0.91440 -0.02901 -0.15852 278.39149 0.01817 266.21899 1.00000 0.00022 -999 260.86401
0.11212 0.91440 -0.02959 -0.16416 275.38039 0.01645 266.16659 1.00000 0.00020 -999 259.51050
0.11212 0.91440 -0.02959 -0.16416 275.38038 0.01645 266.16659 1.00000 0.00020 -999 259.51050
0.11212 0.91440 -0.02959 -0.16416 275.38038 0.01645 266.16659 1.00000 0.00020 -999 259.51049
0.11719 0.91440 -0.03017 -0.16935 272.84389 0.01530 266.13144 1.00000 0.00019 -999 258.09968
0.11719 0.91440 -0.03017 -0.16935 272.84388 0.01530 266.13144 1.00000 0.00019 -999 258.09968
0.12252 0.91440 -0.03075 -0.17406 269.38477 0.01324 266.06617 1.00000 0.00017 -999 256.64647
0.12812 0.91440 -0.03132 -0.17828 265.01395 0.01025 265.96966 1.00000 0.00013 -999 255.17640
0.12812 0.91440 -0.03132 -0.17828 265.01394 0.01025 265.96966 1.00000 0.00013 -999 255.17639
0.13400 0.91440 -0.03188 -0.18200 261.69059 0.00833 265.90732 1.00000 0.00010 -999 253.71628
0.13400 0.91440 -0.03188 -0.18200 261.69058 0.00833 265.90732 1.00000 0.00010 -999 253.71628
0.14019 0.91440 -0.03243 -0.18521 259.55086 0.00741 265.87747 1.00000 0.00009 -999 252.47054
0.14019 0.91440 -0.03243 -0.18521 259.55085 0.00741 265.87747 1.00000 0.00009 -999 252.47053
0.14668 0.91440 -0.03297 -0.18787 255.39680 0.00542 265.83793 0.50000 0.00006 -999 250.86452
0.14668 0.91440 -0.03297 -0.18787 255.39679 0.00542 265.83793 0.50000 0.00006 -999 250.86451
0.14668 0.91440 -0.03297 -0.18787 255.39678 0.00542 265.83793 0.50000 0.00006 -999 250.86451
0.15350 0.91440 -0.03349 -0.19002 250.85423 0.00310 265.80667 0.00000 0.00002 -999 249.11141
0.15350 0.91440 -0.03349 -0.19002 250.85422 0.00310 265.80667 -0.00000 0.00002 -999 249.11141
0.16067 0.91440 -0.03400 -0.19157 247.94894 0.00175 266.19659 -1.00000 0.00000 -999 247.94894
0.16820 0.91440 -0.03448 -0.19259 246.71967 0.00064 266.68064 -1.00000 0.00000 -999 246.71967
0.16820 0.91440 -0.03448 -0.19259 246.71966 0.00064 266.68064 -1.00000 0.00000 -999 246.71966
0.17610 0.91440 -0.03494 -0.19299 244.64522 0.00000 266.96395 -1.00000 0.00000 -999 244.64522
0.17610 0.91440 -0.03494 -0.19299 244.64521 0.00000 266.96395 -1.00000 0.00000 -999 244.64521
0.17610 0.91440 -0.03494 -0.19299 244.64521 0.00000 266.96395 -1.00000 0.00000 -999 244.64521
0.18433 0.91440 -0.03537 -0.19277 242.59827 0.00000 266.96402 -1.00000 0.00000 -999 242.59827
0.18433 0.91440 -0.03537 -0.19277 242.59827 0.00000 266.96402 -1.00000 0.00000 -999 242.59827
0.19255 0.91440 -0.03576 -0.19220 240.98316 0.00000 266.96426 -1.00000 0.00000 -999 240.98316
0.19255 0.91440 -0.03576 -0.19220 240.98316 0.00000 266.96426 -1.00000 0.00000 -999 240.98316
0.20078 0.91440 -0.03609 -0.19099 239.13599 0.00000 266.96471 -1.00000 0.00000 -999 239.13599
0.20078 0.91440 -0.03609 -0.19099 239.13598 0.00000 266.96471 -1.00000 0.00000 -999 239.13598
0.20900 0.91440 -0.03639 -0.18944 237.34905 0.00000 266.96534 -1.00000 0.00000 -999 237.34905
0.20900 0.91440 -0.03639 -0.18944 237.34904 0.00000 266.96534 -1.00000 0.00000 -999 237.34904
0.21723 0.91440 -0.03665 -0.18746 235.63911 0.00000 266.96611 -1.00000 0.00000 -999 235.63911
0.21723 0.91440 -0.03665 -0.18746 235.63911 0.00000 266.96611 -1.00000 0.00000 -999 235.63911
0.22546 0.91440 -0.03687 -0.18519 234.00261 0.00000 266.96702 -1.00000 0.00000 -999 234.00261
0.23369 0.91440 -0.03706 -0.18261 232.42359 0.00000 266.96804 -1.00000 0.00000 -999 232.42359
0.23369 0.91440 -0.03706 -0.18261 232.42359 0.00000 266.96804 -1.00000 0.00000 -999 232.42359
0.24193 0.91440 -0.03721 -0.17979 230.88067 0.00000 266.96916 -1.00000 0.00000 -999 230.88067
0.24193 0.91440 -0.03721 -0.17979 230.88066 0.00000 266.96916 -1.00000 0.00000 -999 230.88066
0.24193 0.91440 -0.03721 -0.17979 230.88066 0.00000 266.96916 -1.00000 0.00000 -999 230.88066
0.25016 0.91440 -0.03733 -0.17674 229.35402 0.00000 266.97037 -1.00000 0.00000 -999 229.35402
0.25839 0.91440 -0.03742 -0.17350 227.83068 0.00000 266.97165 -1.00000 0.00000 -999 227.83068
0.25839 0.91440 -0.03742 -0.17350 227.83068 0.00000 266.97165 -1.00000 0.00000 -999 227.83068
0.26662 0.91440 -0.03749 -0.17009 226.30617 0.00000 266.97301 -1.00000 0.00000 -999 226.30617
0.26662 0.91440 -0.03749 -0.17009 226.30616 0.00000 266.97301 -1.00000 0.00000 -999 226.30616
0.27486 0.91440 -0.03752 -0.16651 224.78180 0.00000 266.97443 -1.00000 0.00000 -999 224.78180
0.27486 0.91440 -0.03752 -0.16651 224.78179 0.00000 266.97443 -1.00000 0.00000 -999 224.78179
0.27486 0.91440 -0.03752 -0.16651 224.78179 0.00000 266.97443 -1.00000 0.00000 -999 224.78179
0.28309 0.91440 -0.03753 -0.16278 223.26266 0.00000 266.97591 -1.00000 0.00000 -999 223.26266
0.29132 0.91440 -0.03751 -0.15892 221.75807 0.00000 266.97744 -1.00000 0.00000 -999 221.75807
0.29132 0.91440 -0.03751 -0.15892 221.75807 0.00000 266.97744 -1.00000 0.00000 -999 221.75807
0.29956 0.91440 -0.03747 -0.15494 220.27986 0.00000 266.97902 -1.00000 0.00000 -999 220.27986
0.29956 0.91440 -0.03747 -0.15494 220.27986 0.00000 266.97902 -1.00000 0.00000 -999 220.27986
0.29956 0.91440 -0.03747 -0.15494 220.27985 0.00000 266.97902 -1.00000 0.00000 -999 220.27985
0.30779 0.91440 -0.03741 -0.15084 218.83856 0.00000 266.98065 -1.00000 0.00000 -999 218.83856
0.31602 0.91440 -0.03733 -0.14662 217.44083 0.00000 266.98233 -1.00000 0.00000 -999 217.44083
0.31602 0.91440 -0.03733 -0.14662 217.44082 0.00000 266.98233 -1.00000 0.00000 -999 217.44082
0.31602 0.91440 -0.03733 -0.14662 217.44082 0.00000 266.98233 -1.00000 0.00000 -999 217.44082
0.32425 0.91440 -0.03722 -0.14228 216.08837 0.00000 266.98405 -1.00000 0.00000 -999 216.08837
0.32425 0.91440 -0.03722 -0.14228 216.08837 0.00000 266.98405 -1.00000 0.00000 -999 216.08837
0.33249 0.91440 -0.03709 -0.13783 214.77960 0.00000 266.98582 -1.00000 0.00000 -999 214.77960
0.33249 0.91440 -0.03709 -0.13783 214.77960 0.00000 266.98582 -1.00000 0.00000 -999 214.77960
0.34072 0.91440 -0.03695 -0.13326 213.51103 0.00000 266.98763 -1.00000 0.00000 -999 213.51103
0.34072 0.91440 -0.03695 -0.13326 213.51102 0.00000 266.98763 -1.00000 0.00000 -999 213.51102
0.34895 0.91440 -0.03678 -0.12857 212.27678 0.00000 266.98949 -1.00000 0.00000 -999 212.27678
0.34895 0.91440 -0.03678 -0.12857 212.27678 0.00000 266.98949 -1.00000 0.00000 -999 212.27678
0.35718 0.91440 -0.03660 -0.12374 211.06811 0.00000 266.99141 -1.00000 0.00000 -999 211.06811
0.35718 0.91440 -0.03660 -0.12374 211.06810 0.00000 266.99141 -1.00000 0.00000 -999 211.06810
0.36541 0.91440 -0.03640 -0.11875 209.87674 0.00000 266.99339 -1.00000 0.00000 -999 209.87674
0.36541 0.91440 -0.03640 -0.11875 209.87674 0.00000 266.99339 -1.00000 0.00000 -999 209.87674
0.37364 0.91440 -0.03618 -0.11361 208.69728 0.00000 266.99543 -1.00000 0.00000 -999 208.69728
0.37364 0.91440 -0.03618 -0.11361 208.69728 0.00000 266.99543 -1.00000 0.00000 -999 208.69728
0.38187 0.91440 -0.03594 -0.10831 207.52280 0.00000 266.99753 -1.00000 0.00000 -999 207.52280
0.38187 0.91440 -0.03594 -0.10831 207.52280 0.00000 266.99753 -1.00000 0.00000 -999 207.52280
0.39010 0.91440 -0.03569 -0.10278 206.34183 0.00000 266.99972 -1.00000 0.00000 -999 206.34183
0.39010 0.91440 -0.03569 -0.10278 206.34183 0.00000 266.99972 -1.00000 0.00000 -999 206.34183
0.39833 0.91440 -0.03542 -0.09703 205.14562 0.00000 267.00201 -1.00000 0.00000 -999 205.14562
0.39833 0.91440 -0.03542 -0.09703 205.14561 0.00000 267.00201 -1.00000 0.00000 -999 205.14561
0.40656 0.91440 -0.03513 -0.09102 203.92887 0.00000 267.00439 -1.00000 0.00000 -999 203.92887
0.40656 0.91440 -0.03513 -0.09102 203.92887 0.00000 267.00439 -1.00000 0.00000 -999 203.92887
0.41478 0.91440 -0.03482 -0.08472 202.68424 0.00000 267.00689 -1.00000 0.00000 -999 202.68424
0.41478 0.91440 -0.03482 -0.08472 202.68423 0.00000 267.00689 -1.00000 0.00000 -999 202.68423
0.42301 0.91440 -0.03450 -0.07805 201.40094 0.00000 267.00953 -1.00000 0.00000 -999 201.40094
0.42301 0.91440 -0.03450 -0.07805 201.40094 0.00000 267.00953 -1.00000 0.00000 -999 201.40094
0.43124 0.91440 -0.03417 -0.07096 199.94002 0.00000 267.01262 -1.00000 0.00000 -999 199.94002
0.43124 0.91440 -0.03417 -0.07096 199.94002 0.00000 267.01262 -1.00000 0.00000 -999 199.94002
0.43946 0.91440 -0.03381 -0.06343 198.49787 0.00000 267.01574 -1.00000 0.00000 -999 198.49787
0.43946 0.91440 -0.03381 -0.06343 198.49787 0.00000 267.01574 -1.00000 0.00000 -999 198.49787
0.44769 0.91440 -0.03344 -0.05533 197.23271 0.00000 267.01854 -1.00000 0.00000 -999 197.23271
0.44769 0.91440 -0.03344 -0.05533 197.23271 0.00000 267.01854 -1.00000 0.00000 -999 197.23271
0.45591 0.91440 -0.03305 -0.04655 195.69617 0.00000 267.02202 -1.00000 0.00000 -999 195.69617
0.45591 0.91440 -0.03305 -0.04655 195.69617 0.00000 267.02202 -1.00000 0.00000 -999 195.69617
0.46413 0.91440 -0.03265 -0.03697 194.05695 0.00000 267.02582 -1.00000 0.00000 -999 194.05695
0.46413 0.91440 -0.03265 -0.03697 194.05694 0.00000 267.02582 -1.00000 0.00000 -999 194.05694
0.47236 0.91440 -0.03223 -0.02645 192.28984 0.00000 267.03000 -1.00000 0.00000 -999 192.28984
0.47236 0.91440 -0.03223 -0.02645 192.28984 0.00000 267.03000 -1.00000 0.00000 -999 192.28984
0.48058 0.91440 -0.03179 -0.01469 190.35785 0.00000 267.03466 -1.00000 0.00000 -999 190.35785
0.48058 0.91440 -0.03179 -0.01469 190.35785 0.00000 267.03466 -1.00000 0.00000 -999 190.35785
0.48880 0.91440 -0.03133 -0.00149 188.20933 0.00000 267.03992 -1.00000 0.00000 -999 188.20933
0.48880 0.91440 -0.03133 -0.00149 188.20933 0.00000 267.03992 -1.00000 0.00000 -999 188.20933
0.49702 0.91440 -0.03085 0.01375 185.76695 0.00000 267.04595 -1.00000 0.00000 -999 185.76695
0.49702 0.91440 -0.03085 0.01375 185.76694 0.00000 267.04595 -1.00000 0.00000 -999 185.76694
0.50524 0.91440 -0.03035 0.03142 182.64512 0.00000 267.05379 -1.00000 0.00000 -999 182.64512
0.50524 0.91440 -0.03035 0.03142 182.64512 0.00000 267.05379 -1.00000 0.00000 -999 182.64512
0.51345 0.91440 -0.02984 0.05292 179.78983 0.00000 267.06132 -1.00000 0.00000 -999 179.78983
0.52100 0.91440 -0.02935 0.07694 176.86528 0.00000 267.06932 -1.00000 0.00000 -999 176.86528
0.52100 0.91440 -0.02935 0.07694 176.86527 0.00000 267.06932 -1.00000 0.00000 -999 176.86527
0.52100 0.91440 -0.02935 0.07694 176.86526 0.00000 267.06932 -1.00000 0.00000 -999 176.86526
0.52572 0.91440 -0.02903 0.09592 173.49580 0.00000 267.07759 -1.00000 0.00000 -999 173.49580
0.52572 0.91440 -0.02903 0.09592 173.49579 0.00000 267.07759 -1.00000 0.00000 -999 173.49579
0.52867 0.91440 -0.02883 0.10962 171.21698 0.00000 267.08294 -1.00000 0.00000 -999 171.21698
0.52867 0.91440 -0.02883 0.10962 171.21698 0.00000 267.08294 -1.00000 0.00000 -999 171.21698
0.53051 0.91440 -0.02871 0.11776 170.14524 0.00000 267.08692 -1.00000 0.00000 -999 170.14524
0.53051 0.91440 -0.02871 0.11776 170.14523 0.00000 267.08692 -1.00000 0.00000 -999 170.14523
0.53166 0.91440 -0.02863 0.12935 168.47047 0.00000 267.08870 -1.00000 0.00000 -999 168.47047
0.53166 0.91440 -0.02863 0.12935 168.47047 0.00000 267.08870 -1.00000 0.00000 -999 168.47047
0.53238 0.91440 -0.02858 0.11269 166.67029 0.00000 267.08753 -1.00000 0.00000 -999 166.67029

ZONE T="SLICE_Y_0p9144_BINS07_KS_VAR_CUTDATA"
0.53247 0.91440 -0.02724 0.10435 149.72343 0.00000 267.08432 -1.00000 0.00000 -999 149.72343
0.53177 0.91440 -0.02709 0.12132 149.06833 0.00000 267.08568 -1.00000 0.00000 -999 149.06833
0.53177 0.91440 -0.02709 0.12132 149.06833 0.00000 267.08568 -1.00000 0.00000 -999 149.06833
0.53064 0.91440 -0.02685 0.11148 148.09279 0.00000 267.08442 -1.00000 0.00000 -999 148.09279
0.53064 0.91440 -0.02685 0.11148 148.09279 0.00000 267.08442 -1.00000 0.00000 -999 148.09279
0.52883 0.91440 -0.02646 0.10466 149.14349 0.00000 267.08085 -1.00000 0.00000 -999 149.14349
0.52883 0.91440 -0.02646 0.10466 149.14349 0.00000 267.08085 -1.00000 0.00000 -999 149.14349
0.52594 0.91440 -0.02586 0.09063 152.46170 0.00000 267.07535 -1.00000 0.00000 -999 152.46170
0.52594 0.91440 -0.02586 0.09063 152.46171 0.00000 267.07535 -1.00000 0.00000 -999 152.46171
0.52131 0.91440 -0.02489 0.06939 156.92733 0.00000 267.06683 -1.00000 0.00000 -999 156.92733
0.52131 0.91440 -0.02489 0.06939 156.92734 0.00000 267.06683 -1.00000 0.00000 -999 156.92734
0.51391 0.91440 -0.02335 0.03898 161.90305 0.00000 267.05566 -1.00000 0.00000 -999 161.90305
0.51391 0.91440 -0.02335 0.03897 161.90306 0.00000 267.05566 -1.00000 0.00000 -999 161.90306
0.50577 0.91440 -0.02168 0.00842 166.98294 0.00000 267.04391 -1.00000 0.00000 -999 166.98294
0.50577 0.91440 -0.02168 0.00842 166.98296 0.00000 267.04391 -1.00000 0.00000 -999 166.98296
0.49762 0.91440 -0.02003 -0.01908 172.06137 0.00000 267.03200 -1.00000 0.00000 -999 172.06137
0.49762 0.91440 -0.02003 -0.01909 172.06138 0.00000 267.03200 -1.00000 0.00000 -999 172.06138
0.49762 0.91440 -0.02003 -0.01909 172.06139 0.00000 267.03200 -1.00000 0.00000 -999 172.06139
0.48947 0.91440 -0.01840 -0.04444 176.27712 0.00000 267.02166 -1.00000 0.00000 -999 176.27712
0.48132 0.91440 -0.01679 -0.06781 179.37975 0.00000 267.01368 -1.00000 0.00000 -999 179.37975
0.48132 0.91440 -0.01679 -0.06781 179.37976 0.00000 267.01368 -1.00000 0.00000 -999 179.37976
0.47317 0.91440 -0.01520 -0.08967 182.22772 0.00000 267.00612 -1.00000 0.00000 -999 182.22772
0.47317 0.91440 -0.01520 -0.08967 182.22773 0.00000 267.00612 -1.00000 0.00000 -999 182.22773
0.46501 0.91440 -0.01362 -0.11019 185.32551 0.00000 266.99762 -1.00000 0.00000 -999 185.32551
0.46501 0.91440 -0.01362 -0.11019 185.32552 0.00000 266.99762 -1.00000 0.00000 -999 185.32552
0.45685 0.91440 -0.01206 -0.12964 188.33228 0.00000 266.98914 -1.00000 0.00000 -999 188.33228
0.45685 0.91440 -0.01206 -0.12964 188.33228 0.00000 266.98914 -1.00000 0.00000 -999 188.33228
0.44868 0.91440 -0.01052 -0.14817 190.88229 0.00000 266.98177 -1.00000 0.00000 -999 190.88229
0.44868 0.91440 -0.01052 -0.14817 190.88230 0.00000 266.98177 -1.00000 0.00000 -999 190.88230
0.44052 0.91440 -0.00900 -0.16596 193.28603 0.00000 266.97469 -1.00000 0.00000 -999 193.28603
0.44052 0.91440 -0.00900 -0.16596 193.28604 0.00000 266.97469 -1.00000 0.00000 -999 193.28604
0.43235 0.91440 -0.00749 -0.18313 195.57230 0.00000 266.96785 -1.00000 0.00000 -999 195.57230
0.43235 0.91440 -0.00749 -0.18313 195.57231 0.00000 266.96785 -1.00000 0.00000 -999 195.57231
0.42417 0.91440 -0.00600 -0.19978 197.76544 0.00000 266.96122 -1.00000 0.00000 -999 197.76544
0.42417 0.91440 -0.00600 -0.19978 197.76545 0.00000 266.96122 -1.00000 0.00000 -999 197.76545
0.41599 0.91440 -0.00452 -0.21601 199.88734 0.00000 266.95475 -1.00000 0.00000 -999 199.88734
0.41599 0.91440 -0.00452 -0.21601 199.88734 0.00000 266.95475 -1.00000 0.00000 -999 199.88734
0.40781 0.91440 -0.00306 -0.23190 201.95619 0.00000 266.94841 -1.00000 0.00000 -999 201.95619
0.40781 0.91440 -0.00306 -0.23190 201.95619 0.00000 266.94841 -1.00000 0.00000 -999 201.95619
0.40781 0.91440 -0.00306 -0.23190 201.95620 0.00000 266.94841 -1.00000 0.00000 -999 201.95620
0.39963 0.91440 -0.00162 -0.24753 203.98588 0.00000 266.94217 -1.00000 0.00000 -999 203.98588
0.39144 0.91440 -0.00020 -0.26293 205.99125 0.00000 266.93602 -1.00000 0.00000 -999 205.99125
0.39144 0.91440 -0.00020 -0.26293 205.99126 0.00000 266.93602 -1.00000 0.00000 -999 205.99126
0.38326 0.91440 0.00121 -0.27821 207.98519 0.00000 266.92991 -1.00000 0.00000 -999 207.98519
0.38326 0.91440 0.00121 -0.27821 207.98519 0.00000 266.92991 -1.00000 0.00000 -999 207.98519
0.37506 0.91440 0.00260 -0.29338 209.97448 0.00000 266.92384 -1.00000 0.00000 -999 209.97448
0.37506 0.91440 0.00260 -0.29338 209.97448 0.00000 266.92384 -1.00000 0.00000 -999 209.97448
0.36687 0.91440 0.00397 -0.30848 211.96863 0.00000 266.91780 -1.00000 0.00000 -999 211.96863
0.36687 0.91440 0.00397 -0.30848 211.96864 0.00000 266.91780 -1.00000 0.00000 -999 211.96864
0.35867 0.91440 0.00533 -0.32358 213.97953 0.00000 266.91175 -1.00000 0.00000 -999 213.97953
0.35867 0.91440 0.00533 -0.32358 213.97954 0.00000 266.91175 -1.00000 0.00000 -999 213.97954
0.35047 0.91440 0.00666 -0.33873 216.01075 0.00000 266.90568 -1.00000 0.00000 -999 216.01075
0.35047 0.91440 0.00666 -0.33873 216.01076 0.00000 266.90568 -1.00000 0.00000 -999 216.01076
0.34227 0.91440 0.00798 -0.35391 218.06356 0.00000 266.89959 -1.00000 0.00000 -999 218.06356
0.34227 0.91440 0.00798 -0.35391 218.06356 0.00000 266.89959 -1.00000 0.00000 -999 218.06356
0.33406 0.91440 0.00928 -0.36920 220.14249 0.00000 266.89345 -1.00000 0.00000 -999 220.14249
0.33406 0.91440 0.00928 -0.36920 220.14249 0.00000 266.89345 -1.00000 0.00000 -999 220.14249
0.33406 0.91440 0.00928 -0.36920 220.14250 0.00000 266.89345 -1.00000 0.00000 -999 220.14250
0.32585 0.91440 0.01056 -0.38460 222.25101 0.00000 266.88726 -1.00000 0.00000 -999 222.25101
0.32585 0.91440 0.01056 -0.38460 222.25101 0.00000 266.88726 -1.00000 0.00000 -999 222.25101
0.31763 0.91440 0.01181 -0.40016 224.39121 0.00000 266.88101 -1.00000 0.00000 -999 224.39121
0.31763 0.91440 0.01181 -0.40016 224.39121 0.00000 266.88101 -1.00000 0.00000 -999 224.39121
0.30942 0.91440 0.01305 -0.41591 226.56455 0.00000 266.87467 -1.00000 0.00000 -999 226.56455
0.30942 0.91440 0.01305 -0.41591 226.56456 0.00000 266.87467 -1.00000 0.00000 -999 226.56456
0.30120 0.91440 0.01426 -0.43187 228.77156 0.00000 266.86825 -1.00000 0.00000 -999 228.77156
0.30120 0.91440 0.01426 -0.43187 228.77157 0.00000 266.86825 -1.00000 0.00000 -999 228.77157
0.29297 0.91440 0.01545 -0.44806 231.01110 0.00000 266.86172 -1.00000 0.00000 -999 231.01110
0.29297 0.91440 0.01545 -0.44806 231.01111 0.00000 266.86172 -1.00000 0.00000 -999 231.01111
0.28475 0.91440 0.01662 -0.46452 233.28231 0.00000 266.85508 -1.00000 0.00000 -999 233.28231
0.28475 0.91440 0.01662 -0.46452 233.28232 0.00000 266.85508 -1.00000 0.00000 -999 233.28232
0.27652 0.91440 0.01776 -0.48127 235.58844 0.00000 266.84832 -1.00000 0.00000 -999 235.58844
0.27652 0.91440 0.01776 -0.48127 235.58845 0.00000 266.84832 -1.00000 0.00000 -999 235.58845
0.26828 0.91440 0.01888 -0.49834 237.93743 0.00000 266.84143 -1.00000 0.00000 -999 237.93743
0.26828 0.91440 0.01888 -0.49834 237.93744 0.00000 266.84143 -1.00000 0.00000 -999 237.93744
0.26005 0.91440 0.01996 -0.51573 240.34103 0.00000 266.83440 -1.00000 0.00000 -999 240.34103
0.26005 0.91440 0.01996 -0.51573 240.34104 0.00000 266.83440 -1.00000 0.00000 -999 240.34104
0.25180 0.91440 0.02102 -0.53348 242.81551 0.00000 266.82721 -1.00000 0.00000 -999 242.81551
0.25180 0.91440 0.02102 -0.53348 242.81551 0.00000 266.82721 -1.00000 0.00000 -999 242.81551
0.24356 0.91440 0.02204 -0.55162 245.37930 0.00000 266.81987 -1.00000 0.00000 -999 245.37930
0.23531 0.91440 0.02304 -0.57017 248.04890 0.00000 266.81235 -1.00000 0.00000 -999 248.04890
0.23531 0.91440 0.02304 -0.57017 248.04891 0.00000 266.81235 -1.00000 0.00000 -999 248.04891
0.23531 0.91440 0.02304 -0.57017 248.04891 0.00000 266.81235 -1.00000 0.00000 -999 248.04891
0.22706 0.91440 0.02400 -0.58914 250.83642 0.00000 266.80465 -1.00000 0.00000 -999 250.83642
0.22706 0.91440 0.02400 -0.58914 250.83643 0.00000 266.80465 -1.00000 0.00000 -999 250.83643
0.21880 0.91440 0.02492 -0.60859 253.74506 0.00000 266.79675 -1.00000 0.00000 -999 253.74506
0.21880 0.91440 0.02492 -0.60859 253.74507 0.00000 266.79675 -1.00000 0.00000 -999 253.74507
0.21054 0.91440 0.02580 -0.62852 256.76349 0.00000 266.78865 -1.00000 0.00000 -999 256.76349
0.20227 0.91440 0.02665 -0.64899 259.86537 0.00000 266.78032 -1.00000 0.00000 -999 259.86537
0.20227 0.91440 0.02665 -0.64899 259.86538 0.00000 266.78032 -1.00000 0.00000 -999 259.86538
0.19400 0.91440 0.02745 -0.66993 263.00342 0.00000 266.77178 -1.00000 0.00000 -999 263.00342
0.19400 0.91440 0.02745 -0.66993 263.00342 0.00000 266.77178 -1.00000 0.00000 -999 263.00342
0.18572 0.91440 0.02820 -0.69156 266.10578 0.00000 266.76300 -1.00000 0.00000 -999 266.10578
0.18572 0.91440 0.02820 -0.69156 266.10578 0.00000 266.76300 -1.00000 0.00000 -999 266.10578
0.17766 0.91440 0.02889 -0.71338 269.11343 0.00000 266.75416 -1.00000 0.00000 -999 269.11343
0.17766 0.91440 0.02889 -0.71338 269.11344 0.00000 266.75416 -1.00000 0.00000 -999 269.11344
0.16997 0.91440 0.02950 -0.73472 272.00175 0.00000 266.74543 -1.00000 0.00000 -999 272.00175
0.16997 0.91440 0.02950 -0.73472 272.00176 0.00000 266.74543 -1.00000 0.00000 -999 272.00176
0.16265 0.91440 0.03004 -0.75567 274.78045 0.00000 266.73686 -1.00000 0.00000 -999 274.78045
0.16265 0.91440 0.03004 -0.75567 274.78046 0.00000 266.73686 -1.00000 0.00000 -999 274.78046
0.15567 0.91440 0.03051 -0.77624 277.48649 0.00000 266.72844 -1.00000 0.00000 -999 277.48649
0.15567 0.91440 0.03051 -0.77624 277.48650 0.00000 266.72844 -1.00000 0.00000 -999 277.48650
0.14903 0.91440 0.03092 -0.79641 280.16292 0.00000 266.72017 -1.00000 0.00000 -999 280.16292
0.14903 0.91440 0.03092 -0.79641 280.16292 0.00000 266.72017 -1.00000 0.00000 -999 280.16292
0.14269 0.91440 0.03127 -0.81618 282.84579 0.00000 266.71205 -1.00000 0.00000 -999 282.84579
0.14269 0.91440 0.03127 -0.81618 282.84579 0.00000 266.71205 -1.00000 0.00000 -999 282.84579
0.13666 0.91440 0.03156 -0.83561 285.55371 0.00000 266.70408 -1.00000 0.00000 -999 285.55371
0.13666 0.91440 0.03156 -0.83561 285.55372 0.00000 266.70408 -1.00000 0.00000 -999 285.55372
0.13091 0.91440 0.03181 -0.85462 288.28640 0.00000 266.69626 -1.00000 0.00000 -999 288.28640
0.13091 0.91440 0.03181 -0.85462 288.28640 0.00000 266.69626 -1.00000 0.00000 -999 288.28640
0.12544 0.91440 0.03201 -0.87328 291.03279 0.00000 266.68858 -1.00000 0.00000 -999 291.03279
0.12544 0.91440 0.03201 -0.87328 291.03279 0.00000 266.68858 -1.00000 0.00000 -999 291.03279
0.12022 0.91440 0.03217 -0.89161 293.77606 0.00000 266.68103 -1.00000 0.00000 -999 293.77606
0.12022 0.91440 0.03217 -0.89161 293.77607 0.00000 266.68103 -1.00000 0.00000 -999 293.77607
0.11525 0.91440 0.03228 -0.90952 296.50463 0.00000 266.67362 -1.00000 0.00000 -999 296.50463
0.11525 0.91440 0.03228 -0.90952 296.50464 0.00000 266.67362 -1.00000 0.00000 -999 296.50464
0.11525 0.91440 0.03228 -0.90952 296.50465 0.00000 266.67362 -1.00000 0.00000 -999 296.50465
0.11052 0.91440 0.03237 -0.92728 299.21274 0.00000 266.66634 -1.00000 0.00000 -999 299.21274
0.10601 0.91440 0.03242 -0.94443 301.90482 0.00000 266.65920 -1.00000 0.00000 -999 301.90482
0.10601 0.91440 0.03242 -0.94443 301.90483 0.00000 266.65920 -1.00000 0.00000 -999 301.90483
0.10172 0.91440 0.03244 -0.96156 304.59616 0.00000 266.65218 -1.00000 0.00000 -999 304.59616
0.10172 0.91440 0.03244 -0.96156 304.59616 0.00000 266.65218 -1.00000 0.00000 -999 304.59616
0.09763 0.91440 0.03244 -0.97799 307.29286 0.00000 266.64528 -1.00000 0.00000 -999 307.29286
0.09763 0.91440 0.03244 -0.97799 307.29287 0.00000 266.64528 -1.00000 0.00000 -999 307.29287
0.09374 0.91440 0.03241 -0.99481 310.00120 0.00000 266.63845 -1.00000 0.00000 -999 310.00120
0.09374 0.91440 0.03241 -0.99481 310.00121 0.00000 266.63845 -1.00000 0.00000 -999 310.00121
0.09003 0.91440 0.03235 -1.01057 312.70757 0.00000 266.63169 -1.00000 0.00000 -999 312.70757
0.09003 0.91440 0.03235 -1.01057 312.70758 0.00000 266.63169 -1.00000 0.00000 -999 312.70758
0.09003 0.91440 0.03235 -1.01057 312.70758 0.00000 266.63169 -1.00000 0.00000 -999 312.70758
0.08618 0.91440 0.03227 -1.02769 315.39710 0.00000 266.62465 -1.00000 0.00000 -999 315.39710
0.08234 0.91440 0.03217 -1.04559 318.21466 0.00000 266.61723 -1.00000 0.00000 -999 318.21466
0.08234 0.91440 0.03217 -1.04559 318.21467 0.00000 266.61723 -1.00000 0.00000 -999 318.21467
0.07849 0.91440 0.03203 -1.06405 321.30675 0.00000 266.60954 -1.00000 0.00000 -999 321.30675
0.07849 0.91440 0.03203 -1.06405 321.30676 0.00000 266.60954 -1.00000 0.00000 -999 321.30676
0.07465 0.91440 0.03187 -1.08328 324.72632 0.00000 266.60153 -1.00000 0.00000 -999 324.72632
0.07465 0.91440 0.03187 -1.08328 324.72633 0.00000 266.60153 -1.00000 0.00000 -999 324.72633
0.07080 0.91440 0.03167 -1.10338 328.45784 0.00000 266.59316 -1.00000 0.00000 -999 328.45784
0.07080 0.91440 0.03167 -1.10338 328.45785 0.00000 266.59316 -1.00000 0.00000 -999 328.45785
0.06696 0.91440 0.03144 -1.12438 332.44692 0.00000 266.58440 -1.00000 0.00000 -999 332.44692
0.06696 0.91440 0.03144 -1.12438 332.44693 0.00000 266.58440 -1.00000 0.00000 -999 332.44693
0.06312 0.91440 0.03117 -1.14633 336.73358 0.00006 266.56899 -0.33334 0.00000 -999 336.64005
0.06312 0.91440 0.03117 -1.14633 336.73359 0.00006 266.56899 -0.33333 0.00000 -999 336.64006
0.05929 0.91440 0.03087 -1.16967 341.50909 0.00018 266.51678 -0.42857 0.00000 -999 341.42778
0.05929 0.91440 0.03087 -1.16967 341.50910 0.00018 266.51678 -0.42857 0.00000 -999 341.42779
0.05929 0.91440 0.03087 -1.16967 341.50911 0.00018 266.51678 -0.42857 0.00000 -999 341.42780
0.05545 0.91440 0.03052 -1.19405 346.55511 0.00028 266.45561 -1.00000 0.00000 -999 346.55511
0.05545 0.91440 0.03052 -1.19405 346.55513 0.00028 266.45561 -1.00000 0.00000 -999 346.55513
0.05163 0.91440 0.03012 -1.22018 351.34262 0.00035 266.42087 -1.00000 0.00000 -999 351.34262
0.05163 0.91440 0.03012 -1.22018 351.34263 0.00035 266.42087 -1.00000 0.00000 -999 351.34263
0.04780 0.91440 0.02967 -1.24782 356.43467 0.00053 266.35219 -1.00000 0.00000 -999 356.43467
0.04780 0.91440 0.02967 -1.24782 356.43469 0.00053 266.35219 -1.00000 0.00000 -999 356.43469
0.04399 0.91440 0.02917 -1.27758 360.65391 0.00062 266.31347 -1.00000 0.00000 -999 360.65391
0.04018 0.91440 0.02861 -1.30932 365.18575 0.00123 266.10446 -1.00000 0.00000 -999 365.18575
0.04018 0.91440 0.02861 -1.30932 365.18577 0.00123 266.10446 -1.00000 0.00000 -999 365.18577
0.03638 0.91440 0.02798 -1.34413 375.96064 0.00297 265.58553 -0.33334 0.00004 -999 371.41822
0.03638 0.91440 0.02798 -1.34413 375.96068 0.00297 265.58553 -0.33333 0.00004 -999 371.41823
0.03260 0.91440 0.02728 -1.38100 388.55628 0.00509 265.07558 0.33333 0.00009 -999 378.15941
0.03260 0.91440 0.02728 -1.38100 388.55632 0.00509 265.07558 0.33333 0.00009 -999 378.15943
0.02883 0.91440 0.02649 -1.42282 406.17042 0.00698 265.08106 1.00000 0.00018 -999 385.53898
0.02883 0.91440 0.02649 -1.42282 406.17046 0.00698 265.08106 1.00000 0.00018 -999 385.53900
0.02509 0.91440 0.02559 -1.46565 426.24378 0.01056 265.12594 1.00000 0.00028 -999 393.79119
0.02509 0.91440 0.02559 -1.46565 426.24384 0.01056 265.12594 1.00000 0.00028 -999 393.79122
0.02138 0.91440 0.02458 -1.51632 458.38226 0.01729 265.21936 1.00000 0.00046 -999 403.05264
0.02138 0.91440 0.02458 -1.51632 458.38236 0.01729 265.21936 1.00000 0.00046 -999 403.05266
0.01771 0.91440 0.02342 -1.56284 510.05213 0.02907 265.37178 1.00000 0.00079 -999 413.40592
0.01771 0.91440 0.02342 -1.56284 510.05228 0.02907 265.37178 1.00000 0.00079 -999 413.40595
0.01410 0.91440 0.02208 -1.62062 585.11755 0.04660 265.56524 1.00000 0.00129 -999 425.15215
0.01410 0.91440 0.02208 -1.62062 585.11774 0.04660 265.56524 1.00000 0.00129 -999 425.15219
0.01059 0.91440 0.02051 -1.64441 697.44969 0.07665 265.83428 1.00000 0.00214 -999 437.11337
0.01059 0.91440 0.02051 -1.64441 697.45004 0.07665 265.83428 1.00000 0.00214 -999 437.11340
0.00723 0.91440 0.01863 -1.64549 854.52765 0.13023 266.27729 1.00000 0.00363 -999 446.38941
0.00723 0.91440 0.01863 -1.64549 854.52804 0.13023 266.27730 1.00000 0.00363 -999 446.38943
0.00464 0.91440 0.01674 -1.55766 998.52808 0.20786 266.89251 1.00000 0.00560 -999 456.05525
0.00464 0.91440 0.01674 -1.55766 998.52846 0.20786 266.89251 1.00000 0.00560 -999 456.05528
0.00277 0.91440 0.01488 -1.31970 1123.02509 0.31048 267.71538 1.00000 0.00767 -999 475.77250
0.00277 0.91440 0.01488 -1.31970 1123.02539 0.31048 267.71539 1.00000 0.00767 -999 475.77256
0.00147 0.91440 0.01304 -0.90474 1209.95198 0.43166 268.71378 1.00000 0.00891 -999 501.06752
0.00147 0.91440 0.01304 -0.90474 1209.95214 0.43166 268.71378 1.00000 0.00891 -999 501.06757
0.00068 0.91440 0.01119 -0.33557 1203.00192 0.57861 270.22539 1.00000 0.00835 -999 503.72498
0.00068 0.91440 0.01119 -0.33557 1203.00182 0.57861 270.22539 1.00000 0.00835 -999 503.72496
0.00032 0.91440 0.00930 0.25495 991.83522 0.68295 272.15381 0.93786 0.00530 -999 467.47656
0.00032 0.91440 0.00930 0.25495 991.83475 0.68295 272.15381 0.93786 0.00530 -999 467.47648
0.00041 0.91440 0.00737 0.72797 631.11090 0.72660 273.15000 0.67591 0.00193 -999 415.88227
0.00041 0.91440 0.00737 0.72797 631.11007 0.72660 273.15000 0.67591 0.00193 -999 415.88214
0.00041 0.91440 0.00737 0.72797 631.10943 0.72660 273.15000 0.67591 0.00193 -999 415.88201
0.00095 0.91440 0.00542 0.97872 401.00145 0.70365 273.15000 0.47831 0.00031 -999 367.48873
0.00199 0.91440 0.00341 1.03921 330.36024 0.65176 273.15000 0.44241 0.00002 -999 328.28706
0.00199 0.91440 0.00341 1.03921 330.36007 0.65176 273.15000 0.44241 0.00002 -999 328.28696
0.00360 0.91440 0.00130 0.96041 311.41595 0.57291 273.15000 0.47497 0.00019 -999 294.77381
0.00360 0.91440 0.00130 0.96041 311.41590 0.57291 273.15000 0.47497 0.00019 -999 294.77373
0.00592 0.91440 -0.00095 0.81669 310.35613 0.47787 273.15000 0.55284 0.00055 -999 266.42275
0.00592 0.91440 -0.00095 0.81669 310.35612 0.47787 273.15000 0.55284 0.00055 -999 266.42268
0.00901 0.91440 -0.00328 0.65660 316.51308 0.39647 273.15000 0.66790 0.00096 -999 246.26631
0.00901 0.91440 -0.00328 0.65660 316.51309 0.39647 273.15000 0.66790 0.00096 -999 246.26625
0.01229 0.91440 -0.00533 0.52719 330.01363 0.32320 273.15000 0.83376 0.00135 -999 236.59617
0.01229 0.91440 -0.00533 0.52718 330.01366 0.32320 273.15000 0.83376 0.00135 -999 236.59615
0.01569 0.91440 -0.00716 0.42565 349.25521 0.27371 272.68781 0.97044 0.00162 -999 237.45767
0.01569 0.91440 -0.00716 0.42565 349.25526 0.27371 272.68781 0.97044 0.00162 -999 237.45767
0.01569 0.91440 -0.00716 0.42565 349.25529 0.27371 272.68781 0.97044 0.00162 -999 237.45769
0.01919 0.91440 -0.00882 0.34290 360.25348 0.23259 271.60714 1.00000 0.00163 -999 244.86893
0.02274 0.91440 -0.01034 0.27561 365.93770 0.19694 270.69564 1.00000 0.00152 -999 253.69305
0.02274 0.91440 -0.01034 0.27561 365.93771 0.19694 270.69564 1.00000 0.00152 -999 253.69307
0.02634 0.91440 -0.01175 0.21911 371.49849 0.17349 270.07122 1.00000 0.00145 -999 261.28323
0.02634 0.91440 -0.01175 0.21911 371.49850 0.17349 270.07122 1.00000 0.00145 -999 261.28325
0.02634 0.91440 -0.01175 0.21911 371.49851 0.17349 270.07122 1.00000 0.00145 -999 261.28327
0.02998 0.91440 -0.01306 0.17164 372.97104 0.15591 269.62437 1.00000 0.00137 -999 266.34291
0.03365 0.91440 -0.01429 0.13078 371.06969 0.13887 269.21941 1.00000 0.00128 -999 269.97812
0.03365 0.91440 -0.01429 0.13078 371.06968 0.13887 269.21941 1.00000 0.00128 -999 269.97813
0.03734 0.91440 -0.01544 0.09559 368.48251 0.12489 268.88479 1.00000 0.00120 -999 272.58254
0.03734 0.91440 -0.01544 0.09559 368.48250 0.12489 268.88479 1.00000 0.00120 -999 272.58255
0.04105 0.91440 -0.01653 0.06487 364.02904 0.11082 268.54876 1.00000 0.00110 -999 274.55263
0.04106 0.91440 -0.01653 0.06487 364.02903 0.11082 268.54876 1.00000 0.00110 -999 274.55263
0.04106 0.91440 -0.01653 0.06487 364.02901 0.11082 268.54876 1.00000 0.00110 -999 274.55264
0.04478 0.91440 -0.01755 0.03784 357.26649 0.09784 268.25418 1.00000 0.00100 -999 275.45560
0.04853 0.91440 -0.01853 0.01394 350.10023 0.08713 268.01481 1.00000 0.00091 -999 275.59022
0.04853 0.91440 -0.01853 0.01394 350.10021 0.08713 268.01481 1.00000 0.00091 -999 275.59022
0.05228 0.91440 -0.01945 -0.00730 343.26164 0.07769 267.79377 1.00000 0.00083 -999 275.28958
0.05228 0.91440 -0.01945 -0.00730 343.26162 0.07769 267.79377 1.00000 0.00083 -999 275.28958
0.05605 0.91440 -0.02033 -0.02634 337.93346 0.07106 267.63098 1.00000 0.00077 -999 274.67405
0.05605 0.91440 -0.02033 -0.02634 337.93345 0.07106 267.63098 1.00000 0.00077 -999 274.67405
0.05982 0.91440 -0.02117 -0.04329 330.75063 0.06279 267.43223 1.00000 0.00070 -999 273.94159
0.05982 0.91440 -0.02117 -0.04329 330.75061 0.06279 267.43223 1.00000 0.00070 -999 273.94159
0.06361 0.91440 -0.02197 -0.05865 325.92558 0.05760 267.30180 1.00000 0.00065 -999 273.06294
0.06361 0.91440 -0.02197 -0.05865 325.92557 0.05760 267.30180 1.00000 0.00065 -999 273.06294
0.06361 0.91440 -0.02197 -0.05865 325.92556 0.05760 267.30180 1.00000 0.00065 -999 273.06294
0.06740 0.91440 -0.02274 -0.07247 320.93538 0.05255 267.17223 1.00000 0.00060 -999 272.15150
0.06740 0.91440 -0.02274 -0.07247 320.93537 0.05255 267.17223 1.00000 0.00060 -999 272.15149
0.07120 0.91440 -0.02347 -0.08495 315.83398 0.04766 267.04593 1.00000 0.00055 -999 271.15736
0.07120 0.91440 -0.02347 -0.08495 315.83396 0.04766 267.04593 1.00000 0.00055 -999 271.15736
0.07500 0.91440 -0.02417 -0.09626 309.98917 0.04220 266.90149 1.00000 0.00049 -999 270.13454
0.07881 0.91440 -0.02483 -0.10657 306.35342 0.03912 266.81953 1.00000 0.00046 -999 269.21443
0.07881 0.91440 -0.02483 -0.10657 306.35340 0.03912 266.81952 1.00000 0.00046 -999 269.21442
0.08262 0.91440 -0.02547 -0.11585 302.39876 0.03597 266.73294 1.00000 0.00043 -999 268.10301
0.08262 0.91440 -0.02547 -0.11585 302.39875 0.03597 266.73294 1.00000 0.00043 -999 268.10301
0.08644 0.91440 -0.02609 -0.12440 296.56628 0.03094 266.59280 1.00000 0.00037 -999 266.95852
0.08644 0.91440 -0.02609 -0.12440 296.56627 0.03094 266.59280 1.00000 0.00037 -999 266.95852
0.09021 0.91440 -0.02667 -0.13205 292.21742 0.02753 266.49649 1.00000 0.00033 -999 265.79276
0.09021 0.91440 -0.02667 -0.13205 292.21741 0.02753 266.49649 1.00000 0.00033 -999 265.79275
0.09416 0.91440 -0.02725 -0.13908 288.82370 0.02517 266.42744 1.00000 0.00031 -999 264.61437
0.09416 0.91440 -0.02725 -0.13908 288.82369 0.02517 266.42744 1.00000 0.00031 -999 264.61437
0.09416 0.91440 -0.02725 -0.13908 288.82368 0.02517 266.42744 1.00000 0.00031 -999 264.61437
0.09832 0.91440 -0.02783 -0.14603 284.57332 0.02197 266.33311 1.00000 0.00027 -999 263.40786
0.09832 0.91440 -0.02783 -0.14603 284.57331 0.02197 266.33311 1.00000 0.00027 -999 263.40786
0.10270 0.91440 -0.02842 -0.15245 282.12123 0.02070 266.29588 1.00000 0.00025 -999 262.16038
0.10270 0.91440 -0.02842 -0.15245 282.12122 0.02070 266.29588 1.00000 0.00025 -999 262.16038
0.10729 0.91440 -0.02901 -0.15852 279.29120 0.01911 266.24749 1.00000 0.00024 -999 260.86401
0.11212 0.91440 -0.02959 -0.16416 275.46850 0.01655 266.16903 1.00000 0.00021 -999 259.51050
0.11212 0.91440 -0.02959 -0.16416 275.46849 0.01655 266.16903 1.00000 0.00021 -999 259.51050
0.11212 0.91440 -0.02959 -0.16416 275.46848 0.01655 266.16903 1.00000 0.00021 -999 259.51049
0.11719 0.91440 -0.03017 -0.16935 272.54277 0.01499 266.12119 1.00000 0.00019 -999 258.09968
0.11719 0.91440 -0.03017 -0.16935 272.54276 0.01499 266.12119 1.00000 0.00019 -999 258.09968
0.12252 0.91440 -0.03075 -0.17406 268.61377 0.01244 266.04052 1.00000 0.00016 -999 256.64647
0.12812 0.91440 -0.03132 -0.17828 265.41808 0.01067 265.98416 1.00000 0.00013 -999 255.17640
0.12812 0.91440 -0.03132 -0.17828 265.41807 0.01067 265.98416 1.00000 0.00013 -999 255.17639
0.13400 0.91440 -0.03188 -0.18200 262.71829 0.00940 265.94342 1.00000 0.00012 -999 253.71628
0.13400 0.91440 -0.03188 -0.18200 262.71828 0.00940 265.94342 1.00000 0.00012 -999 253.71628
0.14019 0.91440 -0.03243 -0.18521 259.65821 0.00753 265.88106 1.00000 0.00009 -999 252.47054
0.14019 0.91440 -0.03243 -0.18521 259.65820 0.00753 265.88106 1.00000 0.00009 -999 252.47053
0.14668 0.91440 -0.03297 -0.18787 255.92483 0.00532 265.80681 1.00000 0.00007 -999 250.86452
0.14668 0.91440 -0.03297 -0.18787 255.92482 0.00532 265.80681 1.00000 0.00007 -999 250.86451
0.14668 0.91440 -0.03297 -0.18787 255.92482 0.00532 265.80681 1.00000 0.00007 -999 250.86451
0.15350 0.91440 -0.03349 -0.19002 252.77318 0.00387 265.75812 1.00000 0.00005 -999 249.11141
0.15350 0.91440 -0.03349 -0.19002 252.77318 0.00387 265.75812 1.00000 0.00005 -999 249.11141
0.16067 0.91440 -0.03400 -0.19157 251.27741 0.00353 265.74746 1.00000 0.00004 -999 247.94894
0.16820 0.91440 -0.03448 -0.19259 248.94685 0.00320 265.78868 0.33334 0.00003 -999 246.71967
0.16820 0.91440 -0.03448 -0.19259 248.94684 0.00320 265.78868 0.33333 0.00003 -999 246.71966
0.17610 0.91440 -0.03494 -0.19299 245.34058 0.00240 265.92194 -0.50000 0.00001 -999 244.64522
0.17610 0.91440 -0.03494 -0.19299 245.34057 0.00240 265.92194 -0.50000 0.00001 -999 244.64521
0.17610 0.91440 -0.03494 -0.19299 245.34057 0.00240 265.92194 -0.50000 0.00001 -999 244.64521
0.18433 0.91440 -0.03537 -0.19277 242.59827 0.00180 266.16472 -1.00000 0.00000 -999 242.59827
0.18433 0.91440 -0.03537 -0.19277 242.59827 0.00180 266.16472 -1.00000 0.00000 -999 242.59827
0.19255 0.91440 -0.03576 -0.19220 240.98316 0.00141 266.33217 -1.00000 0.00000 -999 240.98316
0.19255 0.91440 -0.03576 -0.19220 240.98316 0.00141 266.33217 -1.00000 0.00000 -999 240.98316
0.20078 0.91440 -0.03609 -0.19099 239.13599 0.00102 266.50392 -1.00000 0.00000 -999 239.13599
0.20078 0.91440 -0.03609 -0.19099 239.13598 0.00102 266.50392 -1.00000 0.00000 -999 239.13598
0.20900 0.91440 -0.03639 -0.18944 237.34905 0.00057 266.70896 -1.00000 0.00000 -999 237.34905
0.20900 0.91440 -0.03639 -0.18944 237.34904 0.00057 266.70896 -1.00000 0.00000 -999 237.34904
0.21723 0.91440 -0.03665 -0.18746 235.63911 0.00018 266.88279 -1.00000 0.00000 -999 235.63911
0.21723 0.91440 -0.03665 -0.18746 235.63911 0.00018 266.88279 -1.00000 0.00000 -999 235.63911
0.22546 0.91440 -0.03687 -0.18519 234.00261 0.00013 266.90755 -1.00000 0.00000 -999 234.00261
0.23369 0.91440 -0.03706 -0.18261 232.42359 0.00011 266.91824 -1.00000 0.00000 -999 232.42359
0.23369 0.91440 -0.03706 -0.18261 232.42359 0.00011 266.91824 -1.00000 0.00000 -999 232.42359
0.24193 0.91440 -0.03721 -0.17979 230.88387 0.00006 266.94136 -0.66667 0.00000 -999 230.88067
0.24193 0.91440 -0.03721 -0.17979 230.88387 0.00006 266.94136 -0.66667 0.00000 -999 230.88066
0.24193 0.91440 -0.03721 -0.17979 230.88386 0.00006 266.94136 -0.66667 0.00000 -999 230.88066
0.25016 0.91440 -0.03733 -0.17674 229.36242 0.00004 266.95681 -0.00000 0.00000 -999 229.35402
0.25839 0.91440 -0.03742 -0.17350 227.83886 0.00002 266.96508 -0.33333 0.00000 -999 227.83068
0.25839 0.91440 -0.03742 -0.17350 227.83885 0.00002 266.96508 -0.33333 0.00000 -999 227.83068
0.26662 0.91440 -0.03749 -0.17009 226.30617 0.00000 266.97301 -1.00000 0.00000 -999 226.30617
0.26662 0.91440 -0.03749 -0.17009 226.30616 0.00000 266.97301 -1.00000 0.00000 -999 226.30616
0.27486 0.91440 -0.03752 -0.16651 224.78180 0.00000 266.97443 -1.00000 0.00000 -999 224.78180
0.27486 0.91440 -0.03752 -0.16651 224.78179 0.00000 266.97443 -1.00000 0.00000 -999 224.78179
0.27486 0.91440 -0.03752 -0.16651 224.78179 0.00000 266.97443 -1.00000 0.00000 -999 224.78179
0.28309 0.91440 -0.03753 -0.16278 223.26266 0.00000 266.97591 -1.00000 0.00000 -999 223.26266
0.29132 0.91440 -0.03751 -0.15892 221.75807 0.00000 266.97744 -1.00000 0.00000 -999 221.75807
0.29132 0.91440 -0.03751 -0.15892 221.75807 0.00000 266.97744 -1.00000 0.00000 -999 221.75807
0.29956 0.91440 -0.03747 -0.15494 220.27986 0.00000 266.97902 -1.00000 0.00000 -999 220.27986
0.29956 0.91440 -0.03747 -0.15494 220.27986 0.00000 266.97902 -1.00000 0.00000 -999 220.27986
0.29956 0.91440 -0.03747 -0.15494 220.27985 0.00000 266.97902 -1.00000 0.00000 -999 220.27985
0.30779 0.91440 -0.03741 -0.15084 218.83856 0.00000 266.98065 -1.00000 0.00000 -999 218.83856
0.31602 0.91440 -0.03733 -0.14662 217.44083 0.00000 266.98233 -1.00000 0.00000 -999 217.44083
0.31602 0.91440 -0.03733 -0.14662 217.44082 0.00000 266.98233 -1.00000 0.00000 -999 217.44082
0.31602 0.91440 -0.03733 -0.14662 217.44082 0.00000 266.98233 -1.00000 0.00000 -999 217.44082
0.32425 0.91440 -0.03722 -0.14228 216.08837 0.00000 266.98405 -1.00000 0.00000 -999 216.08837
0.32425 0.91440 -0.03722 -0.14228 216.08837 0.00000 266.98405 -1.00000 0.00000 -999 216.08837
0.33249 0.91440 -0.03709 -0.13783 214.77960 0.00000 266.98582 -1.00000 0.00000 -999 214.77960
0.33249 0.91440 -0.03709 -0.13783 214.77960 0.00000 266.98582 -1.00000 0.00000 -999 214.77960
0.34072 0.91440 -0.03695 -0.13326 213.51103 0.00000 266.98763 -1.00000 0.00000 -999 213.51103
0.34072 0.91440 -0.03695 -0.13326 213.51102 0.00000 266.98763 -1.00000 0.00000 -999 213.51102
0.34895 0.91440 -0.03678 -0.12857 212.27678 0.00000 266.98949 -1.00000 0.00000 -999 212.27678
0.34895 0.91440 -0.03678 -0.12857 212.27678 0.00000 266.98949 -1.00000 0.00000 -999 212.27678
0.35718 0.91440 -0.03660 -0.12374 211.06811 0.00000 266.99141 -1.00000 0.00000 -999 211.06811
0.35718 0.91440 -0.03660 -0.12374 211.06810 0.00000 266.99141 -1.00000 0.00000 -999 211.06810
0.36541 0.91440 -0.03640 -0.11875 209.87674 0.00000 266.99339 -1.00000 0.00000 -999 209.87674
0.36541 0.91440 -0.03640 -0.11875 209.87674 0.00000 266.99339 -1.00000 0.00000 -999 209.87674
0.37364 0.91440 -0.03618 -0.11361 208.69728 0.00000 266.99543 -1.00000 0.00000 -999 208.69728
0.37364 0.91440 -0.03618 -0.11361 208.69728 0.00000 266.99543 -1.00000 0.00000 -999 208.69728
0.38187 0.91440 -0.03594 -0.10831 207.52280 0.00000 266.99753 -1.00000 0.00000 -999 207.52280
0.38187 0.91440 -0.03594 -0.10831 207.52280 0.00000 266.99753 -1.00000 0.00000 -999 207.52280
0.39010 0.91440 -0.03569 -0.10278 206.34183 0.00000 266.99972 -1.00000 0.00000 -999 206.34183
0.39010 0.91440 -0.03569 -0.10278 206.34183 0.00000 266.99972 -1.00000 0.00000 -999 206.34183
0.39833 0.91440 -0.03542 -0.09703 205.14562 0.00000 267.00201 -1.00000 0.00000 -999 205.14562
0.39833 0.91440 -0.03542 -0.09703 205.14561 0.00000 267.00201 -1.00000 0.00000 -999 205.14561
0.40656 0.91440 -0.03513 -0.09102 203.92887 0.00000 267.00439 -1.00000 0.00000 -999 203.92887
0.40656 0.91440 -0.03513 -0.09102 203.92887 0.00000 267.00439 -1.00000 0.00000 -999 203.92887
0.41478 0.91440 -0.03482 -0.08472 202.68424 0.00000 267.00689 -1.00000 0.00000 -999 202.68424
0.41478 0.91440 -0.03482 -0.08472 202.68423 0.00000 267.00689 -1.00000 0.00000 -999 202.68423
0.42301 0.91440 -0.03450 -0.07805 201.40094 0.00000 267.00953 -1.00000 0.00000 -999 201.40094
0.42301 0.91440 -0.03450 -0.07805 201.40094 0.00000 267.00953 -1.00000 0.00000 -999 201.40094
0.43124 0.91440 -0.03417 -0.07096 199.94002 0.00000 267.01262 -1.00000 0.00000 -999 199.94002
0.43124 0.91440 -0.03417 -0.07096 199.94002 0.00000 267.01262 -1.00000 0.00000 -999 199.94002
0.43946 0.91440 -0.03381 -0.06343 198.49787 0.00000 267.01574 -1.00000 0.00000 -999 198.49787
0.43946 0.91440 -0.03381 -0.06343 198.49787 0.00000 267.01574 -1.00000 0.00000 -999 198.49787
0.44769 0.91440 -0.03344 -0.05533 197.23271 0.00000 267.01854 -1.00000 0.00000 -999 197.23271
0.44769 0.91440 -0.03344 -0.05533 197.23271 0.00000 267.01854 -1.00000 0.00000 -999 197.23271
0.45591 0.91440 -0.03305 -0.04655 195.69617 0.00000 267.02202 -1.00000 0.00000 -999 195.69617
0.45591 0.91440 -0.03305 -0.04655 195.69617 0.00000 267.02202 -1.00000 0.00000 -999 195.69617
0.46413 0.91440 -0.03265 -0.03697 194.05695 0.00000 267.02582 -1.00000 0.00000 -999 194.05695
0.46413 0.91440 -0.03265 -0.03697 194.05694 0.00000 267.02582 -1.00000 0.00000 -999 194.05694
0.47236 0.91440 -0.03223 -0.02645 192.28984 0.00000 267.03000 -1.00000 0.00000 -999 192.28984
0.47236 0.91440 -0.03223 -0.02645 192.28984 0.00000 267.03000 -1.00000 0.00000 -999 192.28984
0.48058 0.91440 -0.03179 -0.01469 190.35785 0.00000 267.03466 -1.00000 0.00000 -999 190.35785
0.48058 0.91440 -0.03179 -0.01469 190.35785 0.00000 267.03466 -1.00000 0.00000 -999 190.35785
0.48880 0.91440 -0.03133 -0.00149 188.20933 0.00000 267.03992 -1.00000 0.00000 -999 188.20933
0.48880 0.91440 -0.03133 -0.00149 188.20933 0.00000 267.03992 -1.00000 0.00000 -999 188.20933
0.49702 0.91440 -0.03085 0.01375 185.76695 0.00000 267.04595 -1.00000 0.00000 -999 185.76695
0.49702 0.91440 -0.03085 0.01375 185.76694 0.00000 267.04595 -1.00000 0.00000 -999 185.76694
0.50524 0.91440 -0.03035 0.03142 182.64512 0.00000 267.05379 -1.00000 0.00000 -999 182.64512
0.50524 0.91440 -0.03035 0.03142 182.64512 0.00000 267.05379 -1.00000 0.00000 -999 182.64512
0.51345 0.91440 -0.02984 0.05292 179.78983 0.00000 267.06132 -1.00000 0.00000 -999 179.78983
0.52100 0.91440 -0.02935 0.07694 176.86528 0.00000 267.06932 -1.00000 0.00000 -999 176.86528
0.52100 0.91440 -0.02935 0.07694 176.86527 0.00000 267.06932 -1.00000 0.00000 -999 176.86527
0.52100 0.91440 -0.02935 0.07694 176.86526 0.00000 267.06932 -1.00000 0.00000 -999 176.86526
0.52572 0.91440 -0.02903 0.09592 173.49580 0.00000 267.07759 -1.00000 0.00000 -999 173.49580
0.52572 0.91440 -0.02903 0.09592 173.49579 0.00000 267.07759 -1.00000 0.00000 -999 173.49579
0.52867 0.91440 -0.02883 0.10962 171.21698 0.00000 267.08294 -1.00000 0.00000 -999 171.21698
0.52867 0.91440 -0.02883 0.10962 171.21698 0.00000 267.08294 -1.00000 0.00000 -999 171.21698
0.53051 0.91440 -0.02871 0.11776 170.14524 0.00000 267.08692 -1.00000 0.00000 -999 170.14524
0.53051 0.91440 -0.02871 0.11776 170.14523 0.00000 267.08692 -1.00000 0.00000 -999 170.14523
0.53166 0.91440 -0.02863 0.12935 168.47047 0.00000 267.08870 -1.00000 0.00000 -999 168.47047
0.53166 0.91440 -0.02863 0.12935 168.47047 0.00000 267.08870 -1.00000 0.00000 -999 168.47047
0.53238 0.91440 -0.02858 0.11269 166.67029 0.00000 267.08753 -1.00000 0.00000 -999 166.67029

ZONE T="SLICE_Y_0p9144_BINS15_KS_VAR_CUTDATA"
0.53247 0.91440 -0.02724 0.10435 149.72343 0.00000 267.08432 -1.00000 0.00000 -999 149.72343
0.53177 0.91440 -0.02709 0.12132 149.06833 0.00000 267.08568 -1.00000 0.00000 -999 149.06833
0.53177 0.91440 -0.02709 0.12132 149.06833 0.00000 267.08568 -1.00000 0.00000 -999 149.06833
0.53064 0.91440 -0.02685 0.11148 148.09279 0.00000 267.08442 -1.00000 0.00000 -999 148.09279
0.53064 0.91440 -0.02685 0.11148 148.09279 0.00000 267.08442 -1.00000 0.00000 -999 148.09279
0.52883 0.91440 -0.02646 0.10466 149.14349 0.00000 267.08085 -1.00000 0.00000 -999 149.14349
0.52883 0.91440 -0.02646 0.10466 149.14349 0.00000 267.08085 -1.00000 0.00000 -999 149.14349
0.52594 0.91440 -0.02586 0.09063 152.46170 0.00000 267.07535 -1.00000 0.00000 -999 152.46170
0.52594 0.91440 -0.02586 0.09063 152.46171 0.00000 267.07535 -1.00000 0.00000 -999 152.46171
0.52131 0.91440 -0.02489 0.06939 156.92733 0.00000 267.06683 -1.00000 0.00000 -999 156.92733
0.52131 0.91440 -0.02489 0.06939 156.92734 0.00000 267.06683 -1.00000 0.00000 -999 156.92734
0.51391 0.91440 -0.02335 0.03898 161.90305 0.00000 267.05566 -1.00000 0.00000 -999 161.90305
0.51391 0.91440 -0.02335 0.03897 161.90306 0.00000 267.05566 -1.00000 0.00000 -999 161.90306
0.50577 0.91440 -0.02168 0.00842 166.98294 0.00000 267.04391 -1.00000 0.00000 -999 166.98294
0.50577 0.91440 -0.02168 0.00842 166.98296 0.00000 267.04391 -1.00000 0.00000 -999 166.98296
0.49762 0.91440 -0.02003 -0.01908 172.06137 0.00000 267.03200 -1.00000 0.00000 -999 172.06137
0.49762 0.91440 -0.02003 -0.01909 172.06138 0.00000 267.03200 -1.00000 0.00000 -999 172.06138
0.49762 0.91440 -0.02003 -0.01909 172.06139 0.00000 267.03200 -1.00000 0.00000 -999 172.06139
0.48947 0.91440 -0.01840 -0.04444 176.27712 0.00000 267.02166 -1.00000 0.00000 -999 176.27712
0.48132 0.91440 -0.01679 -0.06781 179.37975 0.00000 267.01368 -1.00000 0.00000 -999 179.37975
0.48132 0.91440 -0.01679 -0.06781 179.37976 0.00000 267.01368 -1.00000 0.00000 -999 179.37976
0.47317 0.91440 -0.01520 -0.08967 182.22772 0.00000 267.00612 -1.00000 0.00000 -999 182.22772
0.47317 0.91440 -0.01520 -0.08967 182.22773 0.00000 267.00612 -1.00000 0.00000 -999 182.22773
0.46501 0.91440 -0.01362 -0.11019 185.32551 0.00000 266.99762 -1.00000 0.00000 -999 185.32551
0.46501 0.91440 -0.01362 -0.11019 185.32552 0.00000 266.99762 -1.00000 0.00000 -999 185.32552
0.45685 0.91440 -0.01206 -0.12964 188.33228 0.00000 266.98914 -1.00000 0.00000 -999 188.33228
0.45685 0.91440 -0.01206 -0.12964 188.33228 0.00000 266.98914 -1.00000 0.00000 -999 188.33228
0.44868 0.91440 -0.01052 -0.14817 190.88229 0.00000 266.98177 -1.00000 0.00000 -999 190.88229
0.44868 0.91440 -0.01052 -0.14817 190.88230 0.00000 266.98177 -1.00000 0.00000 -999 190.88230
0.44052 0.91440 -0.00900 -0.16596 193.28603 0.00000 266.97469 -1.00000 0.00000 -999 193.28603
0.44052 0.91440 -0.00900 -0.16596 193.28604 0.00000 266.97469 -1.00000 0.00000 -999 193.28604
0.43235 0.91440 -0.00749 -0.18313 195.57230 0.00000 266.96785 -1.00000 0.00000 -999 195.57230
0.43235 0.91440 -0.00749 -0.18313 195.57231 0.00000 266.96785 -1.00000 0.00000 -999 195.57231
0.42417 0.91440 -0.00600 -0.19978 197.76544 0.00000 266.96122 -1.00000 0.00000 -999 197.76544
0.42417 0.91440 -0.00600 -0.19978 197.76545 0.00000 266.96122 -1.00000 0.00000 -999 197.76545
0.41599 0.91440 -0.00452 -0.21601 199.88734 0.00000 266.95475 -1.00000 0.00000 -999 199.88734
0.41599 0.91440 -0.00452 -0.21601 199.88734 0.00000 266.95475 -1.00000 0.00000 -999 199.88734
0.40781 0.91440 -0.00306 -0.23190 201.95619 0.00000 266.94841 -1.00000 0.00000 -999 201.95619
0.40781 0.91440 -0.00306 -0.23190 201.95619 0.00000 266.94841 -1.00000 0.00000 -999 201.95619
0.40781 0.91440 -0.00306 -0.23190 201.95620 0.00000 266.94841 -1.00000 0.00000 -999 201.95620
0.39963 0.91440 -0.00162 -0.24753 203.98588 0.00000 266.94217 -1.00000 0.00000 -999 203.98588
0.39144 0.91440 -0.00020 -0.26293 205.99125 0.00000 266.93602 -1.00000 0.00000 -999 205.99125
0.39144 0.91440 -0.00020 -0.26293 205.99126 0.00000 266.93602 -1.00000 0.00000 -999 205.99126
0.38326 0.91440 0.00121 -0.27821 207.98519 0.00000 266.92991 -1.00000 0.00000 -999 207.98519
0.38326 0.91440 0.00121 -0.27821 207.98519 0.00000 266.92991 -1.00000 0.00000 -999 207.98519
0.37506 0.91440 0.00260 -0.29338 209.97448 0.00000 266.92384 -1.00000 0.00000 -999 209.97448
0.37506 0.91440 0.00260 -0.29338 209.97448 0.00000 266.92384 -1.00000 0.00000 -999 209.97448
0.36687 0.91440 0.00397 -0.30848 211.96863 0.00000 266.91780 -1.00000 0.00000 -999 211.96863
0.36687 0.91440 0.00397 -0.30848 211.96864 0.00000 266.91780 -1.00000 0.00000 -999 211.96864
0.35867 0.91440 0.00533 -0.32358 213.97953 0.00000 266.91175 -1.00000 0.00000 -999 213.97953
0.35867 0.91440 0.00533 -0.32358 213.97954 0.00000 266.91175 -1.00000 0.00000 -999 213.97954
0.35047 0.91440 0.00666 -0.33873 216.01075 0.00000 266.90568 -1.00000 0.00000 -999 216.01075
0.35047 0.91440 0.00666 -0.33873 216.01076 0.00000 266.90568 -1.00000 0.00000 -999 216.01076
0.34227 0.91440 0.00798 -0.35391 218.06356 0.00000 266.89959 -1.00000 0.00000 -999 218.06356
0.34227 0.91440 0.00798 -0.35391 218.06356 0.00000 266.89959 -1.00000 0.00000 -999 218.06356
0.33406 0.91440 0.00928 -0.36920 220.14249 0.00000 266.89345 -1.00000 0.00000 -999 220.14249
0.33406 0.91440 0.00928 -0.36920 220.14249 0.00000 266.89345 -1.00000 0.00000 -999 220.14249
0.33406 0.91440 0.00928 -0.36920 220.14250 0.00000 266.89345 -1.00000 0.00000 -999 220.14250
0.32585 0.91440 0.01056 -0.38460 222.25101 0.00000 266.88726 -1.00000 0.00000 -999 222.25101
0.32585 0.91440 0.01056 -0.38460 222.25101 0.00000 266.88726 -1.00000 0.00000 -999 222.25101
0.31763 0.91440 0.01181 -0.40016 224.39121 0.00000 266.88101 -1.00000 0.00000 -999 224.39121
0.31763 0.91440 0.01181 -0.40016 224.39121 0.00000 266.88101 -1.00000 0.00000 -999 224.39121
0.30942 0.91440 0.01305 -0.41591 226.56455 0.00000 266.87467 -1.00000 0.00000 -999 226.56455
0.30942 0.91440 0.01305 -0.41591 226.56456 0.00000 266.87467 -1.00000 0.00000 -999 226.56456
0.30120 0.91440 0.01426 -0.43187 228.77156 0.00000 266.86825 -1.00000 0.00000 -999 228.77156
0.30120 0.91440 0.01426 -0.43187 228.77157 0.00000 266.86825 -1.00000 0.00000 -999 228.77157
0.29297 0.91440 0.01545 -0.44806 231.01110 0.00000 266.86172 -1.00000 0.00000 -999 231.01110
0.29297 0.91440 0.01545 -0.44806 231.01111 0.00000 266.86172 -1.00000 0.00000 -999 231.01111
0.28475 0.91440 0.01662 -0.46452 233.28231 0.00000 266.85508 -1.00000 0.00000 -999 233.28231
0.28475 0.91440 0.01662 -0.46452 233.28232 0.00000 266.85508 -1.00000 0.00000 -999 233.28232
0.27652 0.91440 0.01776 -0.48127 235.58844 0.00000 266.84832 -1.00000 0.00000 -999 235.58844
0.27652 0.91440 0.01776 -0.48127 235.58845 0.00000 266.84832 -1.00000 0.00000 -999 235.58845
0.26828 0.91440 0.01888 -0.49834 237.93743 0.00000 266.84143 -1.00000 0.00000 -999 237.93743
0.26828 0.91440 0.01888 -0.49834 237.93744 0.00000 266.84143 -1.00000 0.00000 -999 237.93744
0.26005 0.91440 0.01996 -0.51573 240.34103 0.00000 266.83440 -1.00000 0.00000 -999 240.34103
0.26005 0.91440 0.01996 -0.51573 240.34104 0.00000 266.83440 -1.00000 0.00000 -999 240.34104
0.25180 0.91440 0.02102 -0.53348 242.81551 0.00000 266.82721 -1.00000 0.00000 -999 242.81551
0.25180 0.91440 0.02102 -0.53348 242.81551 0.00000 266.82721 -1.00000 0.00000 -999 242.81551
0.24356 0.91440 0.02204 -0.55162 245.37930 0.00000 266.81987 -1.00000 0.00000 -999 245.37930
0.23531 0.91440 0.02304 -0.57017 248.04890 0.00000 266.81235 -1.00000 0.00000 -999 248.04890
0.23531 0.91440 0.02304 -0.57017 248.04891 0.00000 266.81235 -1.00000 0.00000 -999 248.04891
0.23531 0.91440 0.02304 -0.57017 248.04891 0.00000 266.81235 -1.00000 0.00000 -999 248.04891
0.22706 0.91440 0.02400 -0.58914 250.83642 0.00000 266.80465 -1.00000 0.00000 -999 250.83642
0.22706 0.91440 0.02400 -0.58914 250.83643 0.00000 266.80465 -1.00000 0.00000 -999 250.83643
0.21880 0.91440 0.02492 -0.60859 253.74506 0.00000 266.79675 -1.00000 0.00000 -999 253.74506
0.21880 0.91440 0.02492 -0.60859 253.74507 0.00000 266.79675 -1.00000 0.00000 -999 253.74507
0.21054 0.91440 0.02580 -0.62852 256.76349 0.00000 266.78865 -1.00000 0.00000 -999 256.76349
0.20227 0.91440 0.02665 -0.64899 259.86537 0.00000 266.78032 -1.00000 0.00000 -999 259.86537
0.20227 0.91440 0.02665 -0.64899 259.86538 0.00000 266.78032 -1.00000 0.00000 -999 259.86538
0.19400 0.91440 0.02745 -0.66993 263.00342 0.00000 266.77178 -1.00000 0.00000 -999 263.00342
0.19400 0.91440 0.02745 -0.66993 263.00342 0.00000 266.77178 -1.00000 0.00000 -999 263.00342
0.18572 0.91440 0.02820 -0.69156 266.10578 0.00000 266.76300 -1.00000 0.00000 -999 266.10578
0.18572 0.91440 0.02820 -0.69156 266.10578 0.00000 266.76300 -1.00000 0.00000 -999 266.10578
0.17766 0.91440 0.02889 -0.71338 269.11343 0.00000 266.75416 -1.00000 0.00000 -999 269.11343
0.17766 0.91440 0.02889 -0.71338 269.11344 0.00000 266.75416 -1.00000 0.00000 -999 269.11344
0.16997 0.91440 0.02950 -0.73472 272.00175 0.00000 266.74543 -1.00000 0.00000 -999 272.00175
0.16997 0.91440 0.02950 -0.73472 272.00176 0.00000 266.74543 -1.00000 0.00000 -999 272.00176
0.16265 0.91440 0.03004 -0.75567 274.78045 0.00000 266.73686 -1.00000 0.00000 -999 274.78045
0.16265 0.91440 0.03004 -0.75567 274.78046 0.00000 266.73686 -1.00000 0.00000 -999 274.78046
0.15567 0.91440 0.03051 -0.77624 277.48649 0.00000 266.72844 -1.00000 0.00000 -999 277.48649
0.15567 0.91440 0.03051 -0.77624 277.48650 0.00000 266.72844 -1.00000 0.00000 -999 277.48650
0.14903 0.91440 0.03092 -0.79641 280.16292 0.00000 266.72017 -1.00000 0.00000 -999 280.16292
0.14903 0.91440 0.03092 -0.79641 280.16292 0.00000 266.72017 -1.00000 0.00000 -999 280.16292
0.14269 0.91440 0.03127 -0.81618 282.84579 0.00000 266.71205 -1.00000 0.00000 -999 282.84579
0.14269 0.91440 0.03127 -0.81618 282.84579 0.00000 266.71205 -1.00000 0.00000 -999 282.84579
0.13666 0.91440 0.03156 -0.83561 285.55371 0.00000 266.70408 -1.00000 0.00000 -999 285.55371
0.13666 0.91440 0.03156 -0.83561 285.55372 0.00000 266.70408 -1.00000 0.00000 -999 285.55372
0.13091 0.91440 0.03181 -0.85462 288.28640 0.00000 266.69626 -1.00000 0.00000 -999 288.28640
0.13091 0.91440 0.03181 -0.85462 288.28640 0.00000 266.69626 -1.00000 0.00000 -999 288.28640
0.12544 0.91440 0.03201 -0.87328 291.03279 0.00000 266.68858 -1.00000 0.00000 -999 291.03279
0.12544 0.91440 0.03201 -0.87328 291.03279 0.00000 266.68858 -1.00000 0.00000 -999 291.03279
0.12022 0.91440 0.03217 -0.89161 293.77606 0.00000 266.68103 -1.00000 0.00000 -999 293.77606
0.12022 0.91440 0.03217 -0.89161 293.77607 0.00000 266.68103 -1.00000 0.00000 -999 293.77607
0.11525 0.91440 0.03228 -0.90952 296.50463 0.00000 266.67362 -1.00000 0.00000 -999 296.50463
0.11525 0.91440 0.03228 -0.90952 296.50464 0.00000 266.67362 -1.00000 0.00000 -999 296.50464
0.11525 0.91440 0.03228 -0.90952 296.50465 0.00000 266.67362 -1.00000 0.00000 -999 296.50465
0.11052 0.91440 0.03237 -0.92728 299.21274 0.00000 266.66634 -1.00000 0.00000 -999 299.21274
0.10601 0.91440 0.03242 -0.94443 301.90482 0.00000 266.65920 -1.00000 0.00000 -999 301.90482
0.10601 0.91440 0.03242 -0.94443 301.90483 0.00000 266.65920 -1.00000 0.00000 -999 301.90483
0.10172 0.91440 0.03244 -0.96156 304.59616 0.00000 266.65218 -1.00000 0.00000 -999 304.59616
0.10172 0.91440 0.03244 -0.96156 304.59616 0.00000 266.65218 -1.00000 0.00000 -999 304.59616
0.09763 0.91440 0.03244 -0.97799 307.29286 0.00000 266.64528 -1.00000 0.00000 -999 307.29286
0.09763 0.91440 0.03244 -0.97799 307.29287 0.00000 266.64528 -1.00000 0.00000 -999 307.29287
0.09374 0.91440 0.03241 -0.99481 310.00120 0.00000 266.63845 -1.00000 0.00000 -999 310.00120
0.09374 0.91440 0.03241 -0.99481 310.00121 0.00000 266.63845 -1.00000 0.00000 -999 310.00121
0.09003 0.91440 0.03235 -1.01057 312.70757 0.00000 266.63169 -1.00000 0.00000 -999 312.70757
0.09003 0.91440 0.03235 -1.01057 312.70758 0.00000 266.63169 -1.00000 0.00000 -999 312.70758
0.09003 0.91440 0.03235 -1.01057 312.70758 0.00000 266.63169 -1.00000 0.00000 -999 312.70758
0.08618 0.91440 0.03227 -1.02769 315.39710 0.00000 266.62465 -1.00000 0.00000 -999 315.39710
0.08234 0.91440 0.03217 -1.04559 318.21466 0.00000 266.61723 -1.00000 0.00000 -999 318.21466
0.08234 0.91440 0.03217 -1.04559 318.21467 0.00000 266.61723 -1.00000 0.00000 -999 318.21467
0.07849 0.91440 0.03203 -1.06405 321.30675 0.00000 266.60954 -1.00000 0.00000 -999 321.30675
0.07849 0.91440 0.03203 -1.06405 321.30676 0.00000 266.60954 -1.00000 0.00000 -999 321.30676
0.07465 0.91440 0.03187 -1.08328 324.72632 0.00000 266.60153 -1.00000 0.00000 -999 324.72632
0.07465 0.91440 0.03187 -1.08328 324.72633 0.00000 266.60153 -1.00000 0.00000 -999 324.72633
0.07080 0.91440 0.03167 -1.10338 328.45784 0.00000 266.59316 -1.00000 0.00000 -999 328.45784
0.07080 0.91440 0.03167 -1.10338 328.45785 0.00000 266.59316 -1.00000 0.00000 -999 328.45785
0.06696 0.91440 0.03144 -1.12438 332.44692 0.00000 266.58440 -1.00000 0.00000 -999 332.44692
0.06696 0.91440 0.03144 -1.12438 332.44693 0.00000 266.58440 -1.00000 0.00000 -999 332.44693
0.06312 0.91440 0.03117 -1.14633 336.73358 0.00006 266.56899 -0.33334 0.00000 -999 336.64005
0.06312 0.91440 0.03117 -1.14633 336.73359 0.00006 266.56899 -0.33333 0.00000 -999 336.64006
0.05929 0.91440 0.03087 -1.16967 341.50909 0.00018 266.51678 -0.42857 0.00000 -999 341.42778
0.05929 0.91440 0.03087 -1.16967 341.50910 0.00018 266.51678 -0.42857 0.00000 -999 341.42779
0.05929 0.91440 0.03087 -1.16967 341.50911 0.00018 266.51678 -0.42857 0.00000 -999 341.42780
0.05545 0.91440 0.03052 -1.19405 346.55511 0.00028 266.45561 -1.00000 0.00000 -999 346.55511
0.05545 0.91440 0.03052 -1.19405 346.55513 0.00028 266.45561 -1.00000 0.00000 -999 346.55513
0.05163 0.91440 0.03012 -1.22018 351.34262 0.00035 266.42087 -1.00000 0.00000 -999 351.34262
0.05163 0.91440 0.03012 -1.22018 351.34263 0.00035 266.42087 -1.00000 0.00000 -999 351.34263
0.04780 0.91440 0.02967 -1.24782 356.43467 0.00102 266.18665 -1.00000 0.00000 -999 356.43467
0.04780 0.91440 0.02967 -1.24782 356.43469 0.00102 266.18665 -1.00000 0.00000 -999 356.43469
0.04399 0.91440 0.02917 -1.27758 360.65391 0.00137 266.06306 -1.00000 0.00000 -999 360.65391
0.04018 0.91440 0.02861 -1.30932 365.18575 0.00184 265.90178 -1.00000 0.00000 -999 365.18575
0.04018 0.91440 0.02861 -1.30932 365.18577 0.00184 265.90178 -1.00000 0.00000 -999 365.18577
0.03638 0.91440 0.02798 -1.34413 373.53894 0.00301 265.52632 -0.66667 0.00002 -999 371.41822
0.03638 0.91440 0.02798 -1.34413 373.53896 0.00301 265.52632 -0.66667 0.00002 -999 371.41823
0.03260 0.91440 0.02728 -1.38100 386.70317 0.00487 265.17452 -0.00000 0.00008 -999 378.15941
0.03260 0.91440 0.02728 -1.38100 386.70321 0.00487 265.17452 0.00000 0.00008 -999 378.15943
0.02883 0.91440 0.02649 -1.42282 407.50381 0.00743 265.09062 1.00000 0.00019 -999 385.53898
0.02883 0.91440 0.02649 -1.42282 407.50386 0.00743 265.09062 1.00000 0.00019 -999 385.53900
0.02509 0.91440 0.02559 -1.46565 430.17012 0.01184 265.15135 1.00000 0.00031 -999 393.79119
0.02509 0.91440 0.02559 -1.46565 430.17019 0.01184 265.15135 1.00000 0.00031 -999 393.79122
0.02138 0.91440 0.02458 -1.51632 463.22455 0.01881 265.24720 1.00000 0.00050 -999 403.05264
0.02138 0.91440 0.02458 -1.51632 463.22464 0.01881 265.24720 1.00000 0.00050 -999 403.05266
0.01771 0.91440 0.02342 -1.56284 511.90352 0.02963 265.38287 1.00000 0.00080 -999 413.40592
0.01771 0.91440 0.02342 -1.56284 511.90366 0.02963 265.38287 1.00000 0.00080 -999 413.40595
0.01410 0.91440 0.02208 -1.62062 586.88126 0.04719 265.56995 1.00000 0.00130 -999 425.15215
0.01410 0.91440 0.02208 -1.62062 586.88148 0.04719 265.56995 1.00000 0.00130 -999 425.15219
0.01059 0.91440 0.02051 -1.64441 702.08316 0.07757 265.85030 1.00000 0.00217 -999 437.11337
0.01059 0.91440 0.02051 -1.64441 702.08349 0.07757 265.85030 1.00000 0.00217 -999 437.11340
0.00723 0.91440 0.01863 -1.64549 850.15737 0.12897 266.26606 1.00000 0.00359 -999 446.38941
0.00723 0.91440 0.01863 -1.64549 850.15777 0.12897 266.26607 1.00000 0.00359 -999 446.38943
0.00464 0.91440 0.01674 -1.55766 999.72662 0.20627 266.88004 1.00000 0.00556 -999 456.05525
0.00464 0.91440 0.01674 -1.55766 999.72697 0.20627 266.88004 1.00000 0.00556 -999 456.05528
0.00277 0.91440 0.01488 -1.31970 1119.42775 0.30637 267.68371 1.00000 0.00756 -999 475.77250
0.00277 0.91440 0.01488 -1.31970 1119.42804 0.30637 267.68371 1.00000 0.00756 -999 475.77256
0.00147 0.91440 0.01304 -0.90474 1210.55544 0.43166 268.71458 1.00000 0.00892 -999 501.06752
0.00147 0.91440 0.01304 -0.90474 1210.55560 0.43167 268.71458 1.00000 0.00892 -999 501.06757
0.00068 0.91440 0.01119 -0.33557 1201.98217 0.57386 270.19423 1.00000 0.00829 -999 503.72498
0.00068 0.91440 0.01119 -0.33557 1201.98206 0.57386 270.19424 1.00000 0.00829 -999 503.72496
0.00032 0.91440 0.00930 0.25495 991.77686 0.67715 272.14531 0.94328 0.00528 -999 467.47656
0.00032 0.91440 0.00930 0.25495 991.77638 0.67715 272.14531 0.94328 0.00528 -999 467.47648
0.00041 0.91440 0.00737 0.72797 630.92959 0.72045 273.15000 0.68171 0.00193 -999 415.88227
0.00041 0.91440 0.00737 0.72797 630.92875 0.72045 273.15000 0.68171 0.00193 -999 415.88214
0.00041 0.91440 0.00737 0.72797 630.92811 0.72045 273.15000 0.68171 0.00193 -999 415.88201
0.00095 0.91440 0.00542 0.97872 400.91563 0.70325 273.15000 0.47863 0.00030 -999 367.48873
0.00199 0.91440 0.00341 1.03921 330.35087 0.64792 273.15000 0.44463 0.00002 -999 328.28706
0.00199 0.91440 0.00341 1.03921 330.35070 0.64792 273.15000 0.44463 0.00002 -999 328.28696
0.00360 0.91440 0.00130 0.96041 311.45166 0.57101 273.15000 0.47499 0.00019 -999 294.77381
0.00360 0.91440 0.00130 0.96041 311.45160 0.57101 273.15000 0.47499 0.00019 -999 294.77373
0.00592 0.91440 -0.00095 0.81669 310.28678 0.47730 273.15000 0.55539 0.00055 -999 266.42275
0.00592 0.91440 -0.00095 0.81669 310.28677 0.47730 273.15000 0.55539 0.00055 -999 266.42268
0.00901 0.91440 -0.00328 0.65660 316.42693 0.39216 273.15000 0.67171 0.00096 -999 246.26631
0.00901 0.91440 -0.00328 0.65660 316.42694 0.39216 273.15000 0.67172 0.00096 -999 246.26625
0.01229 0.91440 -0.00533 0.52719 330.03208 0.32396 273.15000 0.83103 0.00135 -999 236.59617
0.01229 0.91440 -0.00533 0.52718 330.03211 0.32396 273.15000 0.83103 0.00135 -999 236.59615
0.01569 0.91440 -0.00716 0.42565 348.05074 0.27237 272.63831 0.96547 0.00161 -999 237.45767
0.01569 0.91440 -0.00716 0.42565 348.05079 0.27237 272.63831 0.96547 0.00161 -999 237.45767
0.01569 0.91440 -0.00716 0.42565 348.05082 0.27237 272.63830 0.96547 0.00161 -999 237.45769
0.01919 0.91440 -0.00882 0.34290 359.16393 0.23016 271.56741 1.00000 0.00161 -999 244.86893
0.02274 0.91440 -0.01034 0.27561 367.14018 0.19899 270.73211 1.00000 0.00154 -999 253.69305
0.02274 0.91440 -0.01034 0.27561 367.14020 0.19899 270.73211 1.00000 0.00154 -999 253.69307
0.02634 0.91440 -0.01175 0.21911 372.30385 0.17495 270.09610 1.00000 0.00146 -999 261.28323
0.02634 0.91440 -0.01175 0.21911 372.30386 0.17495 270.09610 1.00000 0.00146 -999 261.28325
0.02634 0.91440 -0.01175 0.21911 372.30386 0.17495 270.09610 1.00000 0.00146 -999 261.28327
0.02998 0.91440 -0.01306 0.17164 372.14240 0.15459 269.60160 1.00000 0.00136 -999 266.34291
0.03365 0.91440 -0.01429 0.13078 370.11710 0.13750 269.19460 1.00000 0.00126 -999 269.97812
0.03365 0.91440 -0.01429 0.13078 370.11709 0.13750 269.19460 1.00000 0.00126 -999 269.97813
0.03734 0.91440 -0.01544 0.09559 367.32776 0.12335 268.85547 1.00000 0.00118 -999 272.58254
0.03734 0.91440 -0.01544 0.09559 367.32775 0.12335 268.85547 1.00000 0.00118 -999 272.58255
0.04105 0.91440 -0.01653 0.06487 362.49257 0.10879 268.51196 1.00000 0.00108 -999 274.55263
0.04106 0.91440 -0.01653 0.06487 362.49256 0.10879 268.51196 1.00000 0.00108 -999 274.55263
0.04106 0.91440 -0.01653 0.06487 362.49255 0.10879 268.51196 1.00000 0.00108 -999 274.55264
0.04478 0.91440 -0.01755 0.03784 357.17981 0.09769 268.25322 1.00000 0.00100 -999 275.45560
0.04853 0.91440 -0.01853 0.01394 351.37914 0.08867 268.04708 1.00000 0.00093 -999 275.59022
0.04853 0.91440 -0.01853 0.01394 351.37912 0.08867 268.04708 1.00000 0.00093 -999 275.59022
0.05228 0.91440 -0.01945 -0.00730 344.02759 0.07861 267.81302 1.00000 0.00084 -999 275.28958
0.05228 0.91440 -0.01945 -0.00730 344.02757 0.07861 267.81302 1.00000 0.00084 -999 275.28958
0.05605 0.91440 -0.02033 -0.02634 337.93204 0.07102 267.63208 1.00000 0.00077 -999 274.67405
0.05605 0.91440 -0.02033 -0.02634 337.93203 0.07102 267.63208 1.00000 0.00077 -999 274.67405
0.05982 0.91440 -0.02117 -0.04329 332.50710 0.06477 267.47881 1.00000 0.00072 -999 273.94159
0.05982 0.91440 -0.02117 -0.04329 332.50708 0.06477 267.47881 1.00000 0.00072 -999 273.94159
0.06361 0.91440 -0.02197 -0.05865 325.69869 0.05737 267.29533 1.00000 0.00065 -999 273.06294
0.06361 0.91440 -0.02197 -0.05865 325.69868 0.05737 267.29533 1.00000 0.00065 -999 273.06294
0.06361 0.91440 -0.02197 -0.05865 325.69866 0.05737 267.29533 1.00000 0.00065 -999 273.06294
0.06740 0.91440 -0.02274 -0.07247 320.24460 0.05179 267.15374 1.00000 0.00059 -999 272.15150
0.06740 0.91440 -0.02274 -0.07247 320.24459 0.05179 267.15374 1.00000 0.00059 -999 272.15149
0.07120 0.91440 -0.02347 -0.08495 315.54903 0.04736 267.03804 1.00000 0.00055 -999 271.15736
0.07120 0.91440 -0.02347 -0.08495 315.54902 0.04736 267.03804 1.00000 0.00055 -999 271.15736
0.07500 0.91440 -0.02417 -0.09626 310.25927 0.04249 266.90927 1.00000 0.00050 -999 270.13454
0.07881 0.91440 -0.02483 -0.10657 306.00136 0.03875 266.80949 1.00000 0.00046 -999 269.21443
0.07881 0.91440 -0.02483 -0.10657 306.00135 0.03875 266.80949 1.00000 0.00046 -999 269.21442
0.08262 0.91440 -0.02547 -0.11585 302.26392 0.03582 266.72949 1.00000 0.00043 -999 268.10301
0.08262 0.91440 -0.02547 -0.11585 302.26391 0.03582 266.72949 1.00000 0.00043 -999 268.10301
0.08644 0.91440 -0.02609 -0.12440 297.55206 0.03197 266.62205 1.00000 0.00038 -999 266.95852
0.08644 0.91440 -0.02609 -0.12440 297.55205 0.03197 266.62205 1.00000 0.00038 -999 266.95852
0.09021 0.91440 -0.02667 -0.13205 293.27939 0.02864 266.52851 1.00000 0.00035 -999 265.79276
0.09021 0.91440 -0.02667 -0.13205 293.27938 0.02864 266.52851 1.00000 0.00035 -999 265.79275
0.09416 0.91440 -0.02725 -0.13908 290.08947 0.02649 266.46688 1.00000 0.00032 -999 264.61437
0.09416 0.91440 -0.02725 -0.13908 290.08946 0.02649 266.46688 1.00000 0.00032 -999 264.61437
0.09416 0.91440 -0.02725 -0.13908 290.08945 0.02649 266.46688 1.00000 0.00032 -999 264.61437
0.09832 0.91440 -0.02783 -0.14603 286.52178 0.02400 266.39403 1.00000 0.00029 -999 263.40786
0.09832 0.91440 -0.02783 -0.14603 286.52177 0.02400 266.39403 1.00000 0.00029 -999 263.40786
0.10270 0.91440 -0.02842 -0.15245 282.89623 0.02151 266.32008 1.00000 0.00026 -999 262.16038
0.10270 0.91440 -0.02842 -0.15245 282.89622 0.02151 266.32008 1.00000 0.00026 -999 262.16038
0.10729 0.91440 -0.02901 -0.15852 278.90605 0.01870 266.23551 1.00000 0.00023 -999 260.86401
0.11212 0.91440 -0.02959 -0.16416 275.61720 0.01670 266.17429 1.00000 0.00021 -999 259.51050
0.11212 0.91440 -0.02959 -0.16416 275.61719 0.01670 266.17429 1.00000 0.00021 -999 259.51050
0.11212 0.91440 -0.02959 -0.16416 275.61718 0.01670 266.17429 1.00000 0.00021 -999 259.51049
0.11719 0.91440 -0.03017 -0.16935 272.02865 0.01446 266.10441 1.00000 0.00018 -999 258.09968
0.11719 0.91440 -0.03017 -0.16935 272.02864 0.01446 266.10441 1.00000 0.00018 -999 258.09968
0.12252 0.91440 -0.03075 -0.17406 268.56976 0.01239 266.03926 1.00000 0.00015 -999 256.64647
0.12812 0.91440 -0.03132 -0.17828 265.55399 0.01081 265.98884 1.00000 0.00014 -999 255.17640
0.12812 0.91440 -0.03132 -0.17828 265.55398 0.01081 265.98884 1.00000 0.00014 -999 255.17639
0.13400 0.91440 -0.03188 -0.18200 262.63999 0.00932 265.94066 1.00000 0.00012 -999 253.71628
0.13400 0.91440 -0.03188 -0.18200 262.63998 0.00932 265.94066 1.00000 0.00012 -999 253.71628
0.14019 0.91440 -0.03243 -0.18521 260.04292 0.00793 265.89506 1.00000 0.00010 -999 252.47054
0.14019 0.91440 -0.03243 -0.18521 260.04291 0.00793 265.89506 1.00000 0.00010 -999 252.47053
0.14668 0.91440 -0.03297 -0.18787 257.10234 0.00656 265.84984 1.00000 0.00008 -999 250.86452
0.14668 0.91440 -0.03297 -0.18787 257.10234 0.00656 265.84984 1.00000 0.00008 -999 250.86451
0.14668 0.91440 -0.03297 -0.18787 257.10233 0.00656 265.84984 1.00000 0.00008 -999 250.86451
0.15350 0.91440 -0.03349 -0.19002 253.81647 0.00497 265.79672 1.00000 0.00006 -999 249.11141
0.15350 0.91440 -0.03349 -0.19002 253.81647 0.00497 265.79672 1.00000 0.00006 -999 249.11141
0.16067 0.91440 -0.03400 -0.19157 251.91410 0.00420 265.77130 1.00000 0.00005 -999 247.94894
0.16820 0.91440 -0.03448 -0.19259 249.03684 0.00339 265.75267 0.33334 0.00003 -999 246.71967
0.16820 0.91440 -0.03448 -0.19259 249.03683 0.00339 265.75267 0.33333 0.00003 -999 246.71966
0.17610 0.91440 -0.03494 -0.19299 244.64522 0.00249 265.86420 -1.00000 0.00000 -999 244.64522
0.17610 0.91440 -0.03494 -0.19299 244.64521 0.00249 265.86420 -1.00000 0.00000 -999 244.64521
0.17610 0.91440 -0.03494 -0.19299 244.64521 0.00249 265.86420 -1.00000 0.00000 -999 244.64521
0.18433 0.91440 -0.03537 -0.19277 242.59827 0.00180 266.16440 -1.00000 0.00000 -999 242.59827
0.18433 0.91440 -0.03537 -0.19277 242.59827 0.00180 266.16440 -1.00000 0.00000 -999 242.59827
0.19255 0.91440 -0.03576 -0.19220 240.98316 0.00133 266.36851 -1.00000 0.00000 -999 240.98316
0.19255 0.91440 -0.03576 -0.19220 240.98316 0.00133 266.36851 -1.00000 0.00000 -999 240.98316
0.20078 0.91440 -0.03609 -0.19099 239.13599 0.00091 266.55300 -1.00000 0.00000 -999 239.13599
0.20078 0.91440 -0.03609 -0.19099 239.13598 0.00091 266.55300 -1.00000 0.00000 -999 239.13598
0.20900 0.91440 -0.03639 -0.18944 237.34905 0.00063 266.68117 -1.00000 0.00000 -999 237.34905
0.20900 0.91440 -0.03639 -0.18944 237.34904 0.00063 266.68117 -1.00000 0.00000 -999 237.34904
0.21723 0.91440 -0.03665 -0.18746 235.63911 0.00044 266.76396 -1.00000 0.00000 -999 235.63911
0.21723 0.91440 -0.03665 -0.18746 235.63911 0.00044 266.76396 -1.00000 0.00000 -999 235.63911
0.22546 0.91440 -0.03687 -0.18519 234.00261 0.00030 266.82953 -1.00000 0.00000 -999 234.00261
0.23369 0.91440 -0.03706 -0.18261 232.42359 0.00020 266.87736 -1.00000 0.00000 -999 232.42359
0.23369 0.91440 -0.03706 -0.18261 232.42359 0.00020 266.87736 -1.00000 0.00000 -999 232.42359
0.24193 0.91440 -0.03721 -0.17979 230.88387 0.00006 266.94136 -0.66667 0.00000 -999 230.88067
0.24193 0.91440 -0.03721 -0.17979 230.88387 0.00006 266.94136 -0.66667 0.00000 -999 230.88066
0.24193 0.91440 -0.03721 -0.17979 230.88386 0.00006 266.94136 -0.66667 0.00000 -999 230.88066
0.25016 0.91440 -0.03733 -0.17674 229.36242 0.00004 266.95681 -0.00000 0.00000 -999 229.35402
0.25839 0.91440 -0.03742 -0.17350 227.83886 0.00002 266.96508 -0.33333 0.00000 -999 227.83068
0.25839 0.91440 -0.03742 -0.17350 227.83885 0.00002 266.96508 -0.33333 0.00000 -999 227.83068
0.26662 0.91440 -0.03749 -0.17009 226.30617 0.00000 266.97301 -1.00000 0.00000 -999 226.30617
0.26662 0.91440 -0.03749 -0.17009 226.30616 0.00000 266.97301 -1.00000 0.00000 -999 226.30616
0.27486 0.91440 -0.03752 -0.16651 224.78180 0.00000 266.97443 -1.00000 0.00000 -999 224.78180
0.27486 0.91440 -0.03752 -0.16651 224.78179 0.00000 266.97443 -1.00000 0.00000 -999 224.78179
0.27486 0.91440 -0.03752 -0.16651 224.78179 0.00000 266.97443 -1.00000 0.00000 -999 224.78179
0.28309 0.91440 -0.03753 -0.16278 223.26266 0.00000 266.97591 -1.00000 0.00000 -999 223.26266
0.29132 0.91440 -0.03751 -0.15892 221.75807 0.00000 266.97744 -1.00000 0.00000 -999 221.75807
0.29132 0.91440 -0.03751 -0.15892 221.75807 0.00000 266.97744 -1.00000 0.00000 -999 221.75807
0.29956 0.91440 -0.03747 -0.15494 220.27986 0.00000 266.97902 -1.00000 0.00000 -999 220.27986
0.29956 0.91440 -0.03747 -0.15494 220.27986 0.00000 266.97902 -1.00000 0.00000 -999 220.27986
0.29956 0.91440 -0.03747 -0.15494 220.27985 0.00000 266.97902 -1.00000 0.00000 -999 220.27985
0.30779 0.91440 -0.03741 -0.15084 218.83856 0.00000 266.98065 -1.00000 0.00000 -999 218.83856
0.31602 0.91440 -0.03733 -0.14662 217.44083 0.00000 266.98233 -1.00000 0.00000 -999 217.44083
0.31602 0.91440 -0.03733 -0.14662 217.44082 0.00000 266.98233 -1.00000 0.00000 -999 217.44082
0.31602 0.91440 -0.03733 -0.14662 217.44082 0.00000 266.98233 -1.00000 0.00000 -999 217.44082
0.32425 0.91440 -0.03722 -0.14228 216.08837 0.00000 266.98405 -1.00000 0.00000 -999 216.08837
0.32425 0.91440 -0.03722 -0.14228 216.08837 0.00000 266.98405 -1.00000 0.00000 -999 216.08837
0.33249 0.91440 -0.03709 -0.13783 214.77960 0.00000 266.98582 -1.00000 0.00000 -999 214.77960
0.33249 0.91440 -0.03709 -0.13783 214.77960 0.00000 266.98582 -1.00000 0.00000 -999 214.77960
0.34072 0.91440 -0.03695 -0.13326 213.51103 0.00000 266.98763 -1.00000 0.00000 -999 213.51103
0.34072 0.91440 -0.03695 -0.13326 213.51102 0.00000 266.98763 -1.00000 0.00000 -999 213.51102
0.34895 0.91440 -0.03678 -0.12857 212.27678 0.00000 266.98949 -1.00000 0.00000 -999 212.27678
0.34895 0.91440 -0.03678 -0.12857 212.27678 0.00000 266.98949 -1.00000 0.00000 -999 212.27678
0.35718 0.91440 -0.03660 -0.12374 211.06811 0.00000 266.99141 -1.00000 0.00000 -999 211.06811
0.35718 0.91440 -0.03660 -0.12374 211.06810 0.00000 266.99141 -1.00000 0.00000 -999 211.06810
0.36541 0.91440 -0.03640 -0.11875 209.87674 0.00000 266.99339 -1.00000 0.00000 -999 209.87674
0.36541 0.91440 -0.03640 -0.11875 209.87674 0.00000 266.99339 -1.00000 0.00000 -999 209.87674
0.37364 0.91440 -0.03618 -0.11361 208.69728 0.00000 266.99543 -1.00000 0.00000 -999 208.69728
0.37364 0.91440 -0.03618 -0.11361 208.69728 0.00000 266.99543 -1.00000 0.00000 -999 208.69728
0.38187 0.91440 -0.03594 -0.10831 207.52280 0.00000 266.99753 -1.00000 0.00000 -999 207.52280
0.38187 0.91440 -0.03594 -0.10831 207.52280 0.00000 266.99753 -1.00000 0.00000 -999 207.52280
0.39010 0.91440 -0.03569 -0.10278 206.34183 0.00000 266.99972 -1.00000 0.00000 -999 206.34183
0.39010 0.91440 -0.03569 -0.10278 206.34183 0.00000 266.99972 -1.00000 0.00000 -999 206.34183
0.39833 0.91440 -0.03542 -0.09703 205.14562 0.00000 267.00201 -1.00000 0.00000 -999 205.14562
0.39833 0.91440 -0.03542 -0.09703 205.14561 0.00000 267.00201 -1.00000 0.00000 -999 205.14561
0.40656 0.91440 -0.03513 -0.09102 203.92887 0.00000 267.00439 -1.00000 0.00000 -999 203.92887
0.40656 0.91440 -0.03513 -0.09102 203.92887 0.00000 267.00439 -1.00000 0.00000 -999 203.92887
0.41478 0.91440 -0.03482 -0.08472 202.68424 0.00000 267.00689 -1.00000 0.00000 -999 202.68424
0.41478 0.91440 -0.03482 -0.08472 202.68423 0.00000 267.00689 -1.00000 0.00000 -999 202.68423
0.42301 0.91440 -0.03450 -0.07805 201.40094 0.00000 267.00953 -1.00000 0.00000 -999 201.40094
0.42301 0.91440 -0.03450 -0.07805 201.40094 0.00000 267.00953 -1.00000 0.00000 -999 201.40094
0.43124 0.91440 -0.03417 -0.07096 199.94002 0.00000 267.01262 -1.00000 0.00000 -999 199.94002
0.43124 0.91440 -0.03417 -0.07096 199.94002 0.00000 267.01262 -1.00000 0.00000 -999 199.94002
0.43946 0.91440 -0.03381 -0.06343 198.49787 0.00000 267.01574 -1.00000 0.00000 -999 198.49787
0.43946 0.91440 -0.03381 -0.06343 198.49787 0.00000 267.01574 -1.00000 0.00000 -999 198.49787
0.44769 0.91440 -0.03344 -0.05533 197.23271 0.00000 267.01854 -1.00000 0.00000 -999 197.23271
0.44769 0.91440 -0.03344 -0.05533 197.23271 0.00000 267.01854 -1.00000 0.00000 -999 197.23271
0.45591 0.91440 -0.03305 -0.04655 195.69617 0.00000 267.02202 -1.00000 0.00000 -999 195.69617
0.45591 0.91440 -0.03305 -0.04655 195.69617 0.00000 267.02202 -1.00000 0.00000 -999 195.69617
0.46413 0.91440 -0.03265 -0.03697 194.05695 0.00000 267.02582 -1.00000 0.00000 -999 194.05695
0.46413 0.91440 -0.03265 -0.03697 194.05694 0.00000 267.02582 -1.00000 0.00000 -999 194.05694
0.47236 0.91440 -0.03223 -0.02645 192.28984 0.00000 267.03000 -1.00000 0.00000 -999 192.28984
0.47236 0.91440 -0.03223 -0.02645 192.28984 0.00000 267.03000 -1.00000 0.00000 -999 192.28984
0.48058 0.91440 -0.03179 -0.01469 190.35785 0.00000 267.03466 -1.00000 0.00000 -999 190.35785
0.48058 0.91440 -0.03179 -0.01469 190.35785 0.00000 267.03466 -1.00000 0.00000 -999 190.35785
0.48880 0.91440 -0.03133 -0.00149 188.20933 0.00000 267.03992 -1.00000 0.00000 -999 188.20933
0.48880 0.91440 -0.03133 -0.00149 188.20933 0.00000 267.03992 -1.00000 0.00000 -999 188.20933
0.49702 0.91440 -0.03085 0.01375 185.76695 0.00000 267.04595 -1.00000 0.00000 -999 185.76695
0.49702 0.91440 -0.03085 0.01375 185.76694 0.00000 267.04595 -1.00000 0.00000 -999 185.76694
0.50524 0.91440 -0.03035 0.03142 182.64512 0.00000 267.05379 -1.00000 0.00000 -999 182.64512
0.50524 0.91440 -0.03035 0.03142 182.64512 0.00000 267.05379 -1.00000 0.00000 -999 182.64512
0.51345 0.91440 -0.02984 0.05292 179.78983 0.00000 267.06132 -1.00000 0.00000 -999 179.78983
0.52100 0.91440 -0.02935 0.07694 176.86528 0.00000 267.06932 -1.00000 0.00000 -999 176.86528
0.52100 0.91440 -0.02935 0.07694 176.86527 0.00000 267.06932 -1.00000 0.00000 -999 176.86527
0.52100 0.91440 -0.02935 0.07694 176.86526 0.00000 267.06932 -1.00000 0.00000 -999 176.86526
0.52572 0.91440 -0.02903 0.09592 173.49580 0.00000 267.07759 -1.00000 0.00000 -999 173.49580
0.52572 0.91440 -0.02903 0.09592 173.49579 0.00000 267.07759 -1.00000 0.00000 -999 173.49579
0.52867 0.91440 -0.02883 0.10962 171.21698 0.00000 267.08294 -1.00000 0.00000 -999 171.21698
0.52867 0.91440 -0.02883 0.10962 171.21698 0.00000 267.08294 -1.00000 0.00000 -999 171.21698
0.53051 0.91440 -0.02871 0.11776 170.14524 0.00000 267.08692 -1.00000 0.00000 -999 170.14524
0.53051 0.91440 -0.02871 0.11776 170.14523 0.00000 267.08692 -1.00000 0.00000 -999 170.14523
0.53166 0.91440 -0.02863 0.12935 168.47047 0.00000 267.08870 -1.00000 0.00000 -999 168.47047
0.53166 0.91440 -0.02863 0.12935 168.47047 0.00000 267.08870 -1.00000 0.00000 -999 168.47047
0.53238 0.91440 -0.02858 0.11269 166.67029 0.00000 267.08753 -1.00000 0.00000 -999 166.67029

