#+++++++++++++++++++++++++++++++++++++++++++++++++++++++++++++++++++++++++++++++++++++++++++++++++++++++++++++++++++++++++++++++++
#
#   IPW-3 Cut/Slice DATA SUBMITTAL FORM for Test Case NACA0012_AE3932, May 18th 2026
#
#       NOMENCLATURE:
#                  X [m]:  X-coordinate of the surface (clean for reference)
#                  Y [m]:  Y-coordinate of the surface (clean for reference)
#                  Z [m]:  Z-coordinate of the surface (clean for reference)
#                 Cp [-]:  Pressure coefficient
#            HTC [W/m2K]:  Convective Heat Transfer Coefficient (on the rough surface)
#               Beta [-]:  Collection efficiency
#                 Ts [K]:  Surface temperature
#                 FF [-]:  Freezing fraction
#                  k [m]:  Surface roughness height if variable (OPTIONAL)
#         RhoIce [kg/m3]:  Ice density (OPTIONAL)
#      HTC_CLEAN [W/m2K]:  Convective Heat Transfer Coefficient on the surface without roughness (OPTIONAL)
#
#                XXmm:  Roughness height used for the case, in mm.
#                       In the zone name, use the format KS_XXmm.
#                       For example, if k_s = 1.5 mm, use KS_1p5mm.
#                       For Variable roughness, use KS_VAR
#
#    FLOW CONDITIONS:
#                                   AOA: 4.0 deg
#                           Mach Number: 0.3151 [-]
#       Mean aerodynamic chord (M.A.C.): 0.5334 [m]
#                       Reynolds Number: 3.9795 million (based on MAC)
#                       Freestream Temp: 267.55 [K]
#                        Reference area: 0.97548 [m2]
#               Moment Reference Center: 0.13335, 0, 0 [m] (X, Y, Z)
#
#    ICING CONDITIONS:
#                           Icing Time: 420 [s]
#                                  LWC: 0.55 [g/m3]
#                                  MVD: 20 [μm]
#
#              NOTES: 1. Please use at least 5 decimal places in the numerical values
#                     2. If data are NOT provided, please fill data fields with a numerical value of "-999"
#
#++++++++++++++++++++++++++++++++++++++++++++++++++++++++++++++++++++++++++++++++++++++++++++++++++++++++++++++++++++

VARIABLES = "X" "Y" "Z" "Cp" "HTC" "Beta" "Ts" "FF" "k" "RhoIce" "HTC_CLEAN"

ZONE T="SLICE_Y_0p9144_BINS01_KS_VAR_CUTDATA"
0.53247 0.91440 -0.02724 0.11870 158.53926 0.00000 267.08702 -1.00000 0.00000 -999 158.53926
0.53098 0.91440 -0.02692 0.11887 154.23984 0.00000 267.08585 -1.00000 0.00000 -999 154.23984
0.53098 0.91440 -0.02692 0.11887 154.23982 0.00000 267.08585 -1.00000 0.00000 -999 154.23982
0.52859 0.91440 -0.02641 0.10519 150.87920 0.00000 267.08133 -1.00000 0.00000 -999 150.87920
0.52859 0.91440 -0.02641 0.10519 150.87919 0.00000 267.08133 -1.00000 0.00000 -999 150.87919
0.52477 0.91440 -0.02561 0.08745 153.04818 0.00000 267.07425 -1.00000 0.00000 -999 153.04818
0.52477 0.91440 -0.02561 0.08745 153.04818 0.00000 267.07425 -1.00000 0.00000 -999 153.04818
0.51962 0.91440 -0.02453 0.06419 156.99208 0.00000 267.06575 -1.00000 0.00000 -999 156.99208
0.51962 0.91440 -0.02453 0.06419 156.99210 0.00000 267.06575 -1.00000 0.00000 -999 156.99210
0.51446 0.91440 -0.02346 0.04272 161.10583 0.00000 267.05729 -1.00000 0.00000 -999 161.10583
0.51446 0.91440 -0.02346 0.04272 161.10584 0.00000 267.05729 -1.00000 0.00000 -999 161.10584
0.50930 0.91440 -0.02240 0.02282 164.82141 0.00000 267.04942 -1.00000 0.00000 -999 164.82141
0.50930 0.91440 -0.02240 0.02282 164.82142 0.00000 267.04942 -1.00000 0.00000 -999 164.82142
0.50414 0.91440 -0.02135 0.00409 168.15121 0.00000 267.04204 -1.00000 0.00000 -999 168.15121
0.50414 0.91440 -0.02135 0.00409 168.15123 0.00000 267.04204 -1.00000 0.00000 -999 168.15123
0.50414 0.91440 -0.02135 0.00409 168.15124 0.00000 267.04204 -1.00000 0.00000 -999 168.15124
0.49898 0.91440 -0.02031 -0.01346 171.16076 0.00000 267.03510 -1.00000 0.00000 -999 171.16076
0.49381 0.91440 -0.01927 -0.03008 173.91508 0.00000 267.02854 -1.00000 0.00000 -999 173.91508
0.49381 0.91440 -0.01927 -0.03008 173.91509 0.00000 267.02854 -1.00000 0.00000 -999 173.91509
0.48865 0.91440 -0.01824 -0.04579 176.45250 0.00000 267.02232 -1.00000 0.00000 -999 176.45250
0.48865 0.91440 -0.01824 -0.04579 176.45251 0.00000 267.02232 -1.00000 0.00000 -999 176.45251
0.48348 0.91440 -0.01722 -0.06079 178.81093 0.00000 267.01639 -1.00000 0.00000 -999 178.81093
0.48348 0.91440 -0.01722 -0.06079 178.81094 0.00000 267.01639 -1.00000 0.00000 -999 178.81094
0.47831 0.91440 -0.01620 -0.07509 181.01402 0.00000 267.01072 -1.00000 0.00000 -999 181.01402
0.47831 0.91440 -0.01620 -0.07509 181.01403 0.00000 267.01072 -1.00000 0.00000 -999 181.01403
0.47314 0.91440 -0.01519 -0.08880 183.08428 0.00000 267.00529 -1.00000 0.00000 -999 183.08428
0.47314 0.91440 -0.01519 -0.08880 183.08429 0.00000 267.00529 -1.00000 0.00000 -999 183.08429
0.46797 0.91440 -0.01419 -0.10198 185.03744 0.00000 267.00007 -1.00000 0.00000 -999 185.03744
0.46797 0.91440 -0.01419 -0.10198 185.03744 0.00000 267.00007 -1.00000 0.00000 -999 185.03744
0.46280 0.91440 -0.01320 -0.11468 186.88942 0.00000 266.99503 -1.00000 0.00000 -999 186.88942
0.46280 0.91440 -0.01320 -0.11468 186.88943 0.00000 266.99503 -1.00000 0.00000 -999 186.88943
0.45763 0.91440 -0.01221 -0.12697 188.65146 0.00000 266.99015 -1.00000 0.00000 -999 188.65146
0.45763 0.91440 -0.01221 -0.12697 188.65147 0.00000 266.99015 -1.00000 0.00000 -999 188.65147
0.45763 0.91440 -0.01221 -0.12697 188.65148 0.00000 266.99015 -1.00000 0.00000 -999 188.65148
0.45245 0.91440 -0.01123 -0.13890 190.33497 0.00000 266.98542 -1.00000 0.00000 -999 190.33497
0.44728 0.91440 -0.01026 -0.15048 191.94801 0.00000 266.98081 -1.00000 0.00000 -999 191.94801
0.44728 0.91440 -0.01026 -0.15048 191.94802 0.00000 266.98081 -1.00000 0.00000 -999 191.94802
0.44210 0.91440 -0.00929 -0.16177 193.49938 0.00000 266.97632 -1.00000 0.00000 -999 193.49938
0.44210 0.91440 -0.00929 -0.16177 193.49939 0.00000 266.97632 -1.00000 0.00000 -999 193.49939
0.43692 0.91440 -0.00833 -0.17281 194.99613 0.00000 266.97193 -1.00000 0.00000 -999 194.99613
0.43692 0.91440 -0.00833 -0.17281 194.99613 0.00000 266.97193 -1.00000 0.00000 -999 194.99613
0.43174 0.91440 -0.00738 -0.18361 196.44421 0.00000 266.96764 -1.00000 0.00000 -999 196.44421
0.43174 0.91440 -0.00738 -0.18361 196.44421 0.00000 266.96764 -1.00000 0.00000 -999 196.44421
0.43174 0.91440 -0.00738 -0.18361 196.44422 0.00000 266.96764 -1.00000 0.00000 -999 196.44422
0.42656 0.91440 -0.00643 -0.19419 197.84945 0.00000 266.96342 -1.00000 0.00000 -999 197.84945
0.42138 0.91440 -0.00549 -0.20461 199.21876 0.00000 266.95928 -1.00000 0.00000 -999 199.21876
0.42138 0.91440 -0.00549 -0.20461 199.21877 0.00000 266.95928 -1.00000 0.00000 -999 199.21877
0.41619 0.91440 -0.00456 -0.21486 200.55740 0.00000 266.95519 -1.00000 0.00000 -999 200.55740
0.41619 0.91440 -0.00456 -0.21486 200.55741 0.00000 266.95519 -1.00000 0.00000 -999 200.55741
0.41101 0.91440 -0.00363 -0.22498 201.87009 0.00000 266.95116 -1.00000 0.00000 -999 201.87009
0.41101 0.91440 -0.00363 -0.22498 201.87010 0.00000 266.95116 -1.00000 0.00000 -999 201.87010
0.40582 0.91440 -0.00271 -0.23498 203.16156 0.00000 266.94717 -1.00000 0.00000 -999 203.16156
0.40582 0.91440 -0.00271 -0.23498 203.16156 0.00000 266.94717 -1.00000 0.00000 -999 203.16156
0.40063 0.91440 -0.00180 -0.24487 204.43656 0.00000 266.94322 -1.00000 0.00000 -999 204.43656
0.40063 0.91440 -0.00180 -0.24487 204.43657 0.00000 266.94322 -1.00000 0.00000 -999 204.43657
0.40063 0.91440 -0.00180 -0.24487 204.43657 0.00000 266.94322 -1.00000 0.00000 -999 204.43657
0.39544 0.91440 -0.00089 -0.25469 205.69911 0.00000 266.93931 -1.00000 0.00000 -999 205.69911
0.39544 0.91440 -0.00089 -0.25469 205.69911 0.00000 266.93931 -1.00000 0.00000 -999 205.69911
0.39026 0.91440 0.00001 -0.26443 206.95241 0.00000 266.93542 -1.00000 0.00000 -999 206.95241
0.39026 0.91440 0.00001 -0.26443 206.95241 0.00000 266.93542 -1.00000 0.00000 -999 206.95241
0.38506 0.91440 0.00090 -0.27410 208.19958 0.00000 266.93155 -1.00000 0.00000 -999 208.19958
0.38506 0.91440 0.00090 -0.27410 208.19958 0.00000 266.93155 -1.00000 0.00000 -999 208.19958
0.37987 0.91440 0.00179 -0.28372 209.44531 0.00000 266.92770 -1.00000 0.00000 -999 209.44531
0.37987 0.91440 0.00179 -0.28372 209.44532 0.00000 266.92770 -1.00000 0.00000 -999 209.44532
0.37468 0.91440 0.00266 -0.29333 210.69380 0.00000 266.92386 -1.00000 0.00000 -999 210.69380
0.36948 0.91440 0.00354 -0.30294 211.94629 0.00000 266.92002 -1.00000 0.00000 -999 211.94629
0.36948 0.91440 0.00354 -0.30294 211.94629 0.00000 266.92002 -1.00000 0.00000 -999 211.94629
0.36429 0.91440 0.00440 -0.31247 213.20358 0.00000 266.91620 -1.00000 0.00000 -999 213.20358
0.36429 0.91440 0.00440 -0.31247 213.20359 0.00000 266.91620 -1.00000 0.00000 -999 213.20359
0.36429 0.91440 0.00440 -0.31247 213.20359 0.00000 266.91620 -1.00000 0.00000 -999 213.20359
0.35909 0.91440 0.00526 -0.32204 214.46923 0.00000 266.91237 -1.00000 0.00000 -999 214.46923
0.35389 0.91440 0.00611 -0.33165 215.74576 0.00000 266.90852 -1.00000 0.00000 -999 215.74576
0.35389 0.91440 0.00611 -0.33165 215.74577 0.00000 266.90852 -1.00000 0.00000 -999 215.74577
0.35389 0.91440 0.00611 -0.33165 215.74577 0.00000 266.90852 -1.00000 0.00000 -999 215.74577
0.34870 0.91440 0.00695 -0.34124 217.03188 0.00000 266.90468 -1.00000 0.00000 -999 217.03188
0.34870 0.91440 0.00695 -0.34124 217.03189 0.00000 266.90468 -1.00000 0.00000 -999 217.03189
0.34349 0.91440 0.00778 -0.35086 218.32757 0.00000 266.90082 -1.00000 0.00000 -999 218.32757
0.34349 0.91440 0.00778 -0.35086 218.32757 0.00000 266.90082 -1.00000 0.00000 -999 218.32757
0.33829 0.91440 0.00861 -0.36053 219.63416 0.00000 266.89694 -1.00000 0.00000 -999 219.63416
0.33829 0.91440 0.00861 -0.36053 219.63416 0.00000 266.89694 -1.00000 0.00000 -999 219.63416
0.33309 0.91440 0.00943 -0.37023 220.95087 0.00000 266.89304 -1.00000 0.00000 -999 220.95087
0.33309 0.91440 0.00943 -0.37023 220.95088 0.00000 266.89304 -1.00000 0.00000 -999 220.95088
0.32789 0.91440 0.01024 -0.37999 222.27667 0.00000 266.88913 -1.00000 0.00000 -999 222.27667
0.32789 0.91440 0.01024 -0.37999 222.27668 0.00000 266.88913 -1.00000 0.00000 -999 222.27668
0.32268 0.91440 0.01104 -0.38980 223.61101 0.00000 266.88518 -1.00000 0.00000 -999 223.61101
0.32268 0.91440 0.01104 -0.38980 223.61102 0.00000 266.88518 -1.00000 0.00000 -999 223.61102
0.31747 0.91440 0.01184 -0.39968 224.95317 0.00000 266.88121 -1.00000 0.00000 -999 224.95317
0.31227 0.91440 0.01262 -0.40964 226.30214 0.00000 266.87721 -1.00000 0.00000 -999 226.30214
0.31227 0.91440 0.01262 -0.40964 226.30215 0.00000 266.87721 -1.00000 0.00000 -999 226.30215
0.31227 0.91440 0.01262 -0.40964 226.30215 0.00000 266.87721 -1.00000 0.00000 -999 226.30215
0.30706 0.91440 0.01340 -0.41968 227.65694 0.00000 266.87317 -1.00000 0.00000 -999 227.65694
0.30706 0.91440 0.01340 -0.41968 227.65694 0.00000 266.87317 -1.00000 0.00000 -999 227.65694
0.30185 0.91440 0.01417 -0.42981 229.01706 0.00000 266.86909 -1.00000 0.00000 -999 229.01706
0.30185 0.91440 0.01417 -0.42981 229.01706 0.00000 266.86909 -1.00000 0.00000 -999 229.01706
0.29663 0.91440 0.01493 -0.44004 230.38262 0.00000 266.86497 -1.00000 0.00000 -999 230.38262
0.29663 0.91440 0.01493 -0.44004 230.38263 0.00000 266.86497 -1.00000 0.00000 -999 230.38263
0.29142 0.91440 0.01568 -0.45036 231.75430 0.00000 266.86081 -1.00000 0.00000 -999 231.75430
0.29142 0.91440 0.01568 -0.45036 231.75430 0.00000 266.86081 -1.00000 0.00000 -999 231.75430
0.28621 0.91440 0.01642 -0.46080 233.13354 0.00000 266.85660 -1.00000 0.00000 -999 233.13354
0.28621 0.91440 0.01642 -0.46080 233.13354 0.00000 266.85660 -1.00000 0.00000 -999 233.13354
0.28099 0.91440 0.01715 -0.47135 234.52278 0.00000 266.85235 -1.00000 0.00000 -999 234.52278
0.28099 0.91440 0.01715 -0.47135 234.52278 0.00000 266.85235 -1.00000 0.00000 -999 234.52278
0.27577 0.91440 0.01786 -0.48202 235.92531 0.00000 266.84804 -1.00000 0.00000 -999 235.92531
0.27055 0.91440 0.01857 -0.49281 237.34539 0.00000 266.84368 -1.00000 0.00000 -999 237.34539
0.27055 0.91440 0.01857 -0.49281 237.34540 0.00000 266.84368 -1.00000 0.00000 -999 237.34540
0.26533 0.91440 0.01927 -0.50374 238.78821 0.00000 266.83927 -1.00000 0.00000 -999 238.78821
0.26533 0.91440 0.01927 -0.50374 238.78821 0.00000 266.83927 -1.00000 0.00000 -999 238.78821
0.26011 0.91440 0.01995 -0.51480 240.25953 0.00000 266.83479 -1.00000 0.00000 -999 240.25953
0.26011 0.91440 0.01995 -0.51480 240.25954 0.00000 266.83479 -1.00000 0.00000 -999 240.25954
0.25489 0.91440 0.02063 -0.52601 241.76539 0.00000 266.83026 -1.00000 0.00000 -999 241.76539
0.25489 0.91440 0.02063 -0.52601 241.76539 0.00000 266.83026 -1.00000 0.00000 -999 241.76539
0.24966 0.91440 0.02129 -0.53738 243.31174 0.00000 266.82566 -1.00000 0.00000 -999 243.31174
0.24966 0.91440 0.02129 -0.53738 243.31175 0.00000 266.82566 -1.00000 0.00000 -999 243.31175
0.24443 0.91440 0.02194 -0.54889 244.90373 0.00000 266.82100 -1.00000 0.00000 -999 244.90373
0.24443 0.91440 0.02194 -0.54889 244.90373 0.00000 266.82100 -1.00000 0.00000 -999 244.90373
0.23920 0.91440 0.02257 -0.56057 246.54533 0.00000 266.81627 -1.00000 0.00000 -999 246.54533
0.23920 0.91440 0.02257 -0.56057 246.54533 0.00000 266.81627 -1.00000 0.00000 -999 246.54533
0.23397 0.91440 0.02320 -0.57241 248.23929 0.00000 266.81146 -1.00000 0.00000 -999 248.23929
0.23397 0.91440 0.02320 -0.57241 248.23930 0.00000 266.81146 -1.00000 0.00000 -999 248.23930
0.22874 0.91440 0.02380 -0.58444 249.98625 0.00000 266.80659 -1.00000 0.00000 -999 249.98625
0.22874 0.91440 0.02380 -0.58444 249.98625 0.00000 266.80659 -1.00000 0.00000 -999 249.98625
0.22874 0.91440 0.02380 -0.58444 249.98626 0.00000 266.80659 -1.00000 0.00000 -999 249.98626
0.22351 0.91440 0.02440 -0.59664 251.78424 0.00000 266.80163 -1.00000 0.00000 -999 251.78424
0.21827 0.91440 0.02498 -0.60904 253.62914 0.00000 266.79660 -1.00000 0.00000 -999 253.62914
0.21827 0.91440 0.02498 -0.60904 253.62915 0.00000 266.79660 -1.00000 0.00000 -999 253.62915
0.21827 0.91440 0.02498 -0.60904 253.62915 0.00000 266.79660 -1.00000 0.00000 -999 253.62915
0.21304 0.91440 0.02554 -0.62164 255.51471 0.00000 266.79147 -1.00000 0.00000 -999 255.51471
0.21304 0.91440 0.02554 -0.62164 255.51472 0.00000 266.79147 -1.00000 0.00000 -999 255.51472
0.20780 0.91440 0.02609 -0.63445 257.43288 0.00000 266.78626 -1.00000 0.00000 -999 257.43288
0.20780 0.91440 0.02609 -0.63445 257.43288 0.00000 266.78626 -1.00000 0.00000 -999 257.43288
0.20256 0.91440 0.02662 -0.64750 259.56179 0.00000 266.78044 -1.00000 0.00000 -999 259.56179
0.20256 0.91440 0.02662 -0.64750 259.56179 0.00000 266.78044 -1.00000 0.00000 -999 259.56179
0.19732 0.91440 0.02713 -0.66077 261.76467 0.00000 266.77434 -1.00000 0.00000 -999 261.76467
0.19732 0.91440 0.02713 -0.66077 261.76468 0.00000 266.77434 -1.00000 0.00000 -999 261.76468
0.19207 0.91440 0.02763 -0.67425 263.72756 0.00000 266.76882 -1.00000 0.00000 -999 263.72756
0.19207 0.91440 0.02763 -0.67425 263.72756 0.00000 266.76882 -1.00000 0.00000 -999 263.72756
0.18683 0.91440 0.02811 -0.68799 265.69612 0.00000 266.76319 -1.00000 0.00000 -999 265.69612
0.18683 0.91440 0.02811 -0.68799 265.69613 0.00000 266.76319 -1.00000 0.00000 -999 265.69613
0.18158 0.91440 0.02856 -0.70206 267.22686 0.00000 266.75872 -1.00000 0.00000 -999 267.22686
0.17633 0.91440 0.02900 -0.71631 269.22448 0.00000 266.75288 -1.00000 0.00000 -999 269.22448
0.17633 0.91440 0.02900 -0.71631 269.22449 0.00000 266.75288 -1.00000 0.00000 -999 269.22449
0.17633 0.91440 0.02900 -0.71631 269.22449 0.00000 266.75288 -1.00000 0.00000 -999 269.22449
0.17108 0.91440 0.02942 -0.73091 271.69071 0.00000 266.74559 -1.00000 0.00000 -999 271.69071
0.17108 0.91440 0.02942 -0.73091 271.69072 0.00000 266.74559 -1.00000 0.00000 -999 271.69072
0.16583 0.91440 0.02981 -0.74581 273.77134 0.00000 266.73946 -1.00000 0.00000 -999 273.77134
0.16583 0.91440 0.02981 -0.74581 273.77135 0.00000 266.73946 -1.00000 0.00000 -999 273.77135
0.16058 0.91440 0.03019 -0.76101 275.93013 0.00000 266.73321 -1.00000 0.00000 -999 275.93013
0.16058 0.91440 0.03019 -0.76101 275.93014 0.00000 266.73321 -1.00000 0.00000 -999 275.93014
0.15532 0.91440 0.03054 -0.77654 278.19139 0.00000 266.72681 -1.00000 0.00000 -999 278.19139
0.15532 0.91440 0.03054 -0.77654 278.19140 0.00000 266.72681 -1.00000 0.00000 -999 278.19140
0.15006 0.91440 0.03086 -0.79246 280.57539 0.00000 266.72028 -1.00000 0.00000 -999 280.57539
0.15006 0.91440 0.03086 -0.79246 280.57540 0.00000 266.72028 -1.00000 0.00000 -999 280.57540
0.14480 0.91440 0.03116 -0.80859 283.07389 0.00000 266.71358 -1.00000 0.00000 -999 283.07389
0.14480 0.91440 0.03116 -0.80859 283.07390 0.00000 266.71358 -1.00000 0.00000 -999 283.07390
0.13954 0.91440 0.03143 -0.82539 285.64439 0.00000 266.70677 -1.00000 0.00000 -999 285.64439
0.13954 0.91440 0.03143 -0.82539 285.64440 0.00000 266.70677 -1.00000 0.00000 -999 285.64440
0.13452 0.91440 0.03166 -0.84170 288.23374 0.00000 266.70010 -1.00000 0.00000 -999 288.23374
0.13452 0.91440 0.03166 -0.84170 288.23375 0.00000 266.70010 -1.00000 0.00000 -999 288.23375
0.12975 0.91440 0.03185 -0.85765 290.78370 0.00000 266.69357 -1.00000 0.00000 -999 290.78370
0.12975 0.91440 0.03185 -0.85765 290.78371 0.00000 266.69357 -1.00000 0.00000 -999 290.78371
0.12519 0.91440 0.03202 -0.87325 292.72108 0.00000 266.68859 -1.00000 0.00000 -999 292.72108
0.12086 0.91440 0.03215 -0.88843 295.16095 0.00000 266.68235 -1.00000 0.00000 -999 295.16095
0.12086 0.91440 0.03215 -0.88844 295.16096 0.00000 266.68235 -1.00000 0.00000 -999 295.16096
0.12086 0.91440 0.03215 -0.88844 295.16096 0.00000 266.68235 -1.00000 0.00000 -999 295.16096
0.11673 0.91440 0.03225 -0.90321 298.06011 0.00000 266.67491 -1.00000 0.00000 -999 298.06011
0.11673 0.91440 0.03225 -0.90321 298.06012 0.00000 266.67491 -1.00000 0.00000 -999 298.06012
0.11280 0.91440 0.03233 -0.91766 300.38941 0.00000 266.66897 -1.00000 0.00000 -999 300.38941
0.11280 0.91440 0.03233 -0.91766 300.38942 0.00000 266.66897 -1.00000 0.00000 -999 300.38942
0.10905 0.91440 0.03239 -0.93178 302.69618 0.00000 266.66316 -1.00000 0.00000 -999 302.69618
0.10905 0.91440 0.03239 -0.93178 302.69618 0.00000 266.66316 -1.00000 0.00000 -999 302.69618
0.10548 0.91440 0.03242 -0.94565 304.98704 0.00000 266.65750 -1.00000 0.00000 -999 304.98704
0.10548 0.91440 0.03242 -0.94565 304.98705 0.00000 266.65750 -1.00000 0.00000 -999 304.98705
0.10208 0.91440 0.03244 -0.95894 307.26205 0.00000 266.65199 -1.00000 0.00000 -999 307.26205
0.10208 0.91440 0.03244 -0.95894 307.26205 0.00000 266.65199 -1.00000 0.00000 -999 307.26205
0.09885 0.91440 0.03244 -0.97219 309.51513 0.00000 266.64659 -1.00000 0.00000 -999 309.51513
0.09885 0.91440 0.03244 -0.97219 309.51514 0.00000 266.64659 -1.00000 0.00000 -999 309.51514
0.09576 0.91440 0.03242 -0.98482 311.73879 0.00000 266.64132 -1.00000 0.00000 -999 311.73879
0.09576 0.91440 0.03242 -0.98482 311.73880 0.00000 266.64132 -1.00000 0.00000 -999 311.73880
0.09283 0.91440 0.03239 -0.99749 313.75647 0.00000 266.63662 -1.00000 0.00000 -999 313.75647
0.09283 0.91440 0.03239 -0.99749 313.75648 0.00000 266.63662 -1.00000 0.00000 -999 313.75648
0.09003 0.91440 0.03235 -1.00948 315.69622 0.00000 266.63220 -1.00000 0.00000 -999 315.69622
0.08715 0.91440 0.03230 -1.02223 317.94445 0.00000 266.62695 -1.00000 0.00000 -999 317.94445
0.08715 0.91440 0.03230 -1.02223 317.94446 0.00000 266.62695 -1.00000 0.00000 -999 317.94446
0.08715 0.91440 0.03230 -1.02223 317.94446 0.00000 266.62695 -1.00000 0.00000 -999 317.94446
0.08426 0.91440 0.03223 -1.03534 320.22592 0.00000 266.62150 -1.00000 0.00000 -999 320.22592
0.08138 0.91440 0.03214 -1.04896 322.52968 0.00000 266.61586 -1.00000 0.00000 -999 322.52968
0.08138 0.91440 0.03214 -1.04896 322.52969 0.00000 266.61586 -1.00000 0.00000 -999 322.52969
0.08138 0.91440 0.03214 -1.04896 322.52969 0.00000 266.61586 -1.00000 0.00000 -999 322.52969
0.07850 0.91440 0.03203 -1.06286 324.84399 0.00000 266.61008 -1.00000 0.00000 -999 324.84399
0.07850 0.91440 0.03203 -1.06286 324.84400 0.00000 266.61008 -1.00000 0.00000 -999 324.84400
0.07562 0.91440 0.03191 -1.07709 327.18109 0.00000 266.60413 -1.00000 0.00000 -999 327.18109
0.07273 0.91440 0.03178 -1.09191 329.56199 0.00000 266.59797 -1.00000 0.00000 -999 329.56199
0.07273 0.91440 0.03178 -1.09191 329.56200 0.00000 266.59797 -1.00000 0.00000 -999 329.56200
0.07273 0.91440 0.03178 -1.09191 329.56201 0.00000 266.59797 -1.00000 0.00000 -999 329.56201
0.06985 0.91440 0.03162 -1.10725 332.01242 0.00000 266.59159 -1.00000 0.00000 -999 332.01242
0.06985 0.91440 0.03162 -1.10725 332.01243 0.00000 266.59159 -1.00000 0.00000 -999 332.01243
0.06697 0.91440 0.03144 -1.12303 334.57279 0.00000 266.58500 -1.00000 0.00000 -999 334.57279
0.06410 0.91440 0.03124 -1.13934 337.29650 0.00000 266.57817 -1.00000 0.00000 -999 337.29650
0.06410 0.91440 0.03124 -1.13934 337.29651 0.00000 266.57817 -1.00000 0.00000 -999 337.29651
0.06410 0.91440 0.03124 -1.13934 337.29652 0.00000 266.57817 -1.00000 0.00000 -999 337.29652
0.06122 0.91440 0.03103 -1.15646 340.22780 0.00000 266.57103 -1.00000 0.00000 -999 340.22780
0.06122 0.91440 0.03103 -1.15646 340.22781 0.00000 266.57103 -1.00000 0.00000 -999 340.22781
0.05835 0.91440 0.03078 -1.17426 343.39089 0.00000 266.56360 -1.00000 0.00000 -999 343.39089
0.05835 0.91440 0.03078 -1.17426 343.39091 0.00000 266.56360 -1.00000 0.00000 -999 343.39091
0.05547 0.91440 0.03052 -1.19268 346.80216 0.00000 266.55587 -1.00000 0.00000 -999 346.80216
0.05547 0.91440 0.03052 -1.19268 346.80218 0.00000 266.55587 -1.00000 0.00000 -999 346.80218
0.05260 0.91440 0.03023 -1.21192 350.47800 0.00000 266.54778 -1.00000 0.00000 -999 350.47800
0.04974 0.91440 0.02991 -1.23230 354.42245 0.00000 266.53927 -1.00000 0.00000 -999 354.42245
0.04974 0.91440 0.02991 -1.23230 354.42246 0.00000 266.53927 -1.00000 0.00000 -999 354.42246
0.04687 0.91440 0.02956 -1.25352 358.62746 0.00000 266.53034 -1.00000 0.00000 -999 358.62746
0.04687 0.91440 0.02956 -1.25352 358.62747 0.00000 266.53034 -1.00000 0.00000 -999 358.62747
0.04687 0.91440 0.02956 -1.25352 358.62749 0.00000 266.53034 -1.00000 0.00000 -999 358.62749
0.04401 0.91440 0.02918 -1.27575 363.08684 0.00000 266.52095 -1.00000 0.00000 -999 363.08684
0.04401 0.91440 0.02918 -1.27575 363.08686 0.00000 266.52095 -1.00000 0.00000 -999 363.08686
0.04116 0.91440 0.02876 -1.29953 367.76827 0.00000 266.51098 -1.00000 0.00000 -999 367.76827
0.04116 0.91440 0.02876 -1.29953 367.76828 0.00000 266.51098 -1.00000 0.00000 -999 367.76828
0.03831 0.91440 0.02831 -1.32453 372.61489 0.00000 266.50043 -1.00000 0.00000 -999 372.61489
0.03831 0.91440 0.02831 -1.32453 372.61491 0.00000 266.50043 -1.00000 0.00000 -999 372.61491
0.03547 0.91440 0.02782 -1.35086 377.62048 0.00000 266.48924 -1.00000 0.00000 -999 377.62048
0.03547 0.91440 0.02782 -1.35086 377.62050 0.00000 266.48924 -1.00000 0.00000 -999 377.62050
0.03263 0.91440 0.02729 -1.37941 383.38215 0.00000 266.47605 -1.00000 0.00000 -999 383.38215
0.03263 0.91440 0.02729 -1.37941 383.38217 0.00000 266.47605 -1.00000 0.00000 -999 383.38217
0.02981 0.91440 0.02670 -1.40954 389.79271 0.00000 266.46156 -1.00000 0.00000 -999 389.79271
0.02981 0.91440 0.02670 -1.40954 389.79273 0.00000 266.46156 -1.00000 0.00000 -999 389.79273
0.02700 0.91440 0.02606 -1.44141 396.06400 0.00000 266.44772 -1.00000 0.00000 -999 396.06400
0.02700 0.91440 0.02606 -1.44141 396.06403 0.00000 266.44771 -1.00000 0.00000 -999 396.06403
0.02420 0.91440 0.02536 -1.47622 402.77805 0.00000 266.43296 -1.00000 0.00000 -999 402.77805
0.02420 0.91440 0.02536 -1.47622 402.77808 0.00000 266.43296 -1.00000 0.00000 -999 402.77808
0.02142 0.91440 0.02459 -1.51179 409.90698 0.00000 266.41739 -1.00000 0.00000 -999 409.90698
0.02142 0.91440 0.02459 -1.51179 409.90700 0.00000 266.41739 -1.00000 0.00000 -999 409.90700
0.01866 0.91440 0.02374 -1.55063 417.60706 0.00000 266.40126 -1.00000 0.00000 -999 417.60706
0.01866 0.91440 0.02374 -1.55063 417.60709 0.00000 266.40126 -1.00000 0.00000 -999 417.60709
0.01594 0.91440 0.02279 -1.58755 423.89257 0.00000 266.38880 -1.00000 0.00000 -999 423.89257
0.01325 0.91440 0.02173 -1.62591 430.05146 0.00000 266.37688 -1.00000 0.00000 -999 430.05146
0.01325 0.91440 0.02173 -1.62591 430.05149 0.00000 266.37688 -1.00000 0.00000 -999 430.05149
0.01063 0.91440 0.02054 -1.64873 436.71689 0.00000 266.36572 -1.00000 0.00000 -999 436.71689
0.01063 0.91440 0.02054 -1.64873 436.71691 0.00000 266.36572 -1.00000 0.00000 -999 436.71691
0.00809 0.91440 0.01916 -1.65400 529.13455 0.02561 266.18798 -0.33334 0.00072 -999 440.03720
0.00809 0.91440 0.01916 -1.65400 529.13506 0.02561 266.18798 -0.33333 0.00072 -999 440.03720
0.00592 0.91440 0.01774 -1.61848 790.25871 0.11628 266.18274 1.00000 0.00321 -999 439.59535
0.00592 0.91440 0.01774 -1.61848 790.25966 0.11629 266.18274 1.00000 0.00321 -999 439.59534
0.00417 0.91440 0.01632 -1.52032 983.89005 0.22921 267.16852 1.00000 0.00611 -999 438.89817
0.00417 0.91440 0.01632 -1.52032 983.89063 0.22921 267.16853 1.00000 0.00611 -999 438.89817
0.00280 0.91440 0.01492 -1.32247 1061.10700 0.34223 268.16767 1.00000 0.00848 -999 443.61228
0.00280 0.91440 0.01492 -1.32247 1061.10727 0.34223 268.16767 1.00000 0.00848 -999 443.61230
0.00176 0.91440 0.01352 -1.03356 1114.26194 0.46403 269.22942 1.00000 0.01017 -999 455.56809
0.00176 0.91440 0.01352 -1.03356 1114.26213 0.46403 269.22942 1.00000 0.01017 -999 455.56814
0.00103 0.91440 0.01214 -0.64132 1144.47012 0.57770 270.25543 1.00000 0.01046 -999 466.53512
0.00103 0.91440 0.01214 -0.64132 1144.47020 0.57770 270.25543 1.00000 0.01046 -999 466.53515
0.00055 0.91440 0.01073 -0.18609 1103.98595 0.67551 271.49464 1.00000 0.00849 -999 462.09686
0.00055 0.91440 0.01073 -0.18609 1103.98582 0.67551 271.49464 1.00000 0.00849 -999 462.09684
0.00055 0.91440 0.01073 -0.18609 1103.98528 0.67551 271.49465 1.00000 0.00849 -999 462.09677
0.00032 0.91440 0.00930 0.24820 909.28992 0.72941 272.78731 0.89303 0.00477 -999 438.43800
0.00032 0.91440 0.00930 0.24820 909.28890 0.72941 272.78731 0.89303 0.00477 -999 438.43790
0.00035 0.91440 0.00785 0.62175 624.96928 0.77594 273.15000 0.63504 0.00188 -999 410.33721
0.00035 0.91440 0.00785 0.62175 624.96846 0.77594 273.15000 0.63504 0.00188 -999 410.33711
0.00063 0.91440 0.00638 0.87227 438.85074 0.77861 273.15000 0.47211 0.00051 -999 381.35084
0.00063 0.91440 0.00638 0.87227 438.85038 0.77861 273.15000 0.47211 0.00051 -999 381.35074
0.00117 0.91440 0.00490 1.00577 359.43136 0.73636 273.15000 0.42667 0.00006 -999 352.91285
0.00117 0.91440 0.00490 1.00577 359.43121 0.73636 273.15000 0.42667 0.00006 -999 352.91275
0.00202 0.91440 0.00337 1.03041 325.63021 0.70157 273.15000 0.41422 0.00002 -999 324.12510
0.00202 0.91440 0.00337 1.03041 325.63015 0.70157 273.15000 0.41422 0.00002 -999 324.12499
0.00318 0.91440 0.00178 0.98160 309.88138 0.62757 273.15000 0.43987 0.00017 -999 295.24201
0.00318 0.91440 0.00178 0.98160 309.88136 0.62757 273.15000 0.43987 0.00017 -999 295.24191
0.00474 0.91440 0.00013 0.88673 304.45707 0.57285 273.15000 0.46743 0.00037 -999 274.45999
0.00672 0.91440 -0.00160 0.77102 303.50574 0.52078 273.15000 0.50849 0.00060 -999 257.52180
0.00672 0.91440 -0.00160 0.77102 303.50573 0.52078 273.15000 0.50850 0.00060 -999 257.52173
0.00905 0.91440 -0.00332 0.65498 308.06694 0.43232 273.15000 0.60432 0.00097 -999 239.44326
0.00905 0.91440 -0.00332 0.65498 308.06695 0.43232 273.15000 0.60432 0.00097 -999 239.44320
0.00905 0.91440 -0.00332 0.65498 308.06699 0.43232 273.15000 0.60432 0.00097 -999 239.44318
0.01150 0.91440 -0.00487 0.55624 317.64335 0.38802 273.15000 0.67894 0.00126 -999 231.78541
0.01402 0.91440 -0.00629 0.47345 331.30271 0.35519 273.15000 0.77445 0.00148 -999 231.35600
0.01402 0.91440 -0.00629 0.47345 331.30277 0.35519 273.15000 0.77445 0.00148 -999 231.35599
0.01660 0.91440 -0.00761 0.40310 355.22702 0.29682 272.88111 0.94004 0.00176 -999 235.72643
0.01660 0.91440 -0.00761 0.40310 355.22710 0.29682 272.88111 0.94004 0.00176 -999 235.72645
0.01923 0.91440 -0.00884 0.34320 373.51965 0.27312 272.32209 1.00000 0.00190 -999 241.93180
0.01923 0.91440 -0.00884 0.34320 373.51971 0.27312 272.32209 1.00000 0.00190 -999 241.93183
0.02189 0.91440 -0.00999 0.29144 381.35520 0.24472 271.58436 1.00000 0.00184 -999 249.56699
0.02189 0.91440 -0.00999 0.29144 381.35522 0.24472 271.58436 1.00000 0.00184 -999 249.56702
0.02458 0.91440 -0.01108 0.24653 385.53011 0.21569 270.88777 1.00000 0.00174 -999 256.83869
0.02458 0.91440 -0.01108 0.24653 385.53013 0.21569 270.88777 1.00000 0.00174 -999 256.83871
0.02729 0.91440 -0.01210 0.20701 387.98351 0.19566 270.40175 1.00000 0.00166 -999 262.22560
0.02729 0.91440 -0.01210 0.20701 387.98352 0.19566 270.40175 1.00000 0.00166 -999 262.22562
0.03002 0.91440 -0.01307 0.17209 382.82747 0.16939 269.84403 1.00000 0.00150 -999 266.59205
0.03002 0.91440 -0.01307 0.17209 382.82745 0.16939 269.84403 1.00000 0.00150 -999 266.59206
0.03002 0.91440 -0.01307 0.17209 382.82744 0.16939 269.84403 1.00000 0.00150 -999 266.59207
0.03277 0.91440 -0.01400 0.14114 377.96047 0.14921 269.40695 1.00000 0.00137 -999 269.89818
0.03277 0.91440 -0.01400 0.14114 377.96045 0.14921 269.40695 1.00000 0.00137 -999 269.89819
0.03553 0.91440 -0.01488 0.11320 370.33832 0.12972 268.98849 1.00000 0.00123 -999 272.15546
0.03553 0.91440 -0.01488 0.11320 370.33831 0.12972 268.98849 1.00000 0.00123 -999 272.15547
0.03830 0.91440 -0.01573 0.08818 362.23801 0.11265 268.62161 1.00000 0.00110 -999 273.65432
0.03830 0.91440 -0.01573 0.08818 362.23798 0.11265 268.62161 1.00000 0.00110 -999 273.65432
0.04109 0.91440 -0.01654 0.06563 354.28342 0.09819 268.29353 1.00000 0.00098 -999 274.71564
0.04388 0.91440 -0.01731 0.04502 346.32075 0.08499 267.99250 1.00000 0.00087 -999 275.50196
0.04388 0.91440 -0.01731 0.04502 346.32072 0.08499 267.99250 1.00000 0.00087 -999 275.50196
0.04388 0.91440 -0.01731 0.04502 346.32069 0.08499 267.99250 1.00000 0.00087 -999 275.50197
0.04668 0.91440 -0.01805 0.02632 336.34985 0.07070 267.65300 1.00000 0.00073 -999 276.02558
0.04668 0.91440 -0.01805 0.02632 336.34982 0.07070 267.65300 1.00000 0.00073 -999 276.02559
0.04949 0.91440 -0.01877 0.00928 328.16779 0.05963 267.37889 1.00000 0.00063 -999 276.24392
0.04949 0.91440 -0.01877 0.00928 328.16776 0.05963 267.37889 1.00000 0.00063 -999 276.24392
0.05230 0.91440 -0.01946 -0.00646 317.77280 0.04703 267.05233 1.00000 0.00050 -999 276.14324
0.05230 0.91440 -0.01946 -0.00646 317.77276 0.04703 267.05233 1.00000 0.00050 -999 276.14324
0.05513 0.91440 -0.02012 -0.02093 308.50629 0.03648 266.76720 1.00000 0.00040 -999 275.75922
0.05513 0.91440 -0.02012 -0.02093 308.50625 0.03648 266.76719 1.00000 0.00040 -999 275.75922
0.05795 0.91440 -0.02076 -0.03418 299.84001 0.02716 266.50314 1.00000 0.00030 -999 275.16447
0.05795 0.91440 -0.02076 -0.03418 299.83998 0.02716 266.50314 1.00000 0.00030 -999 275.16446
0.06079 0.91440 -0.02138 -0.04640 288.43701 0.01528 266.36957 0.66667 0.00017 -999 274.44564
0.06079 0.91440 -0.02138 -0.04640 288.43698 0.01528 266.36957 0.66667 0.00017 -999 274.44563
0.06362 0.91440 -0.02198 -0.05779 282.75853 0.00982 266.42455 0.33333 0.00011 -999 273.67615
0.06646 0.91440 -0.02255 -0.06828 279.55545 0.00717 266.56303 0.00000 0.00008 -999 272.90149
0.06646 0.91440 -0.02255 -0.06828 279.55543 0.00717 266.56303 -0.00000 0.00008 -999 272.90148
0.06646 0.91440 -0.02255 -0.06828 279.55541 0.00717 266.56303 -0.00000 0.00008 -999 272.90148
0.06931 0.91440 -0.02311 -0.07796 272.14469 0.00000 267.00959 -1.00000 0.00000 -999 272.14469
0.06931 0.91440 -0.02311 -0.07796 272.14469 0.00000 267.00959 -1.00000 0.00000 -999 272.14469
0.07216 0.91440 -0.02365 -0.08697 271.41286 0.00000 267.00602 -1.00000 0.00000 -999 271.41286
0.07216 0.91440 -0.02365 -0.08697 271.41286 0.00000 267.00602 -1.00000 0.00000 -999 271.41286
0.07501 0.91440 -0.02417 -0.09537 270.69684 0.00000 267.00269 -1.00000 0.00000 -999 270.69684
0.07501 0.91440 -0.02417 -0.09537 270.69684 0.00000 267.00269 -1.00000 0.00000 -999 270.69684
0.07786 0.91440 -0.02467 -0.10318 269.97868 0.00000 266.99960 -1.00000 0.00000 -999 269.97868
0.08072 0.91440 -0.02516 -0.11039 269.24581 0.00000 266.99673 -1.00000 0.00000 -999 269.24581
0.08072 0.91440 -0.02516 -0.11039 269.24581 0.00000 266.99673 -1.00000 0.00000 -999 269.24581
0.08072 0.91440 -0.02516 -0.11039 269.24581 0.00000 266.99673 -1.00000 0.00000 -999 269.24581
0.08358 0.91440 -0.02563 -0.11712 268.50037 0.00000 266.99406 -1.00000 0.00000 -999 268.50037
0.08358 0.91440 -0.02563 -0.11712 268.50037 0.00000 266.99406 -1.00000 0.00000 -999 268.50037
0.08644 0.91440 -0.02609 -0.12345 267.75208 0.00000 266.99155 -1.00000 0.00000 -999 267.75208
0.08644 0.91440 -0.02609 -0.12345 267.75207 0.00000 266.99155 -1.00000 0.00000 -999 267.75207
0.08933 0.91440 -0.02653 -0.12935 266.92422 0.00000 266.98898 -1.00000 0.00000 -999 266.92422
0.08933 0.91440 -0.02653 -0.12935 266.92421 0.00000 266.98898 -1.00000 0.00000 -999 266.92421
0.09236 0.91440 -0.02699 -0.13501 266.21503 0.00000 266.98693 -1.00000 0.00000 -999 266.21503
0.09555 0.91440 -0.02745 -0.14061 265.56838 0.00000 266.98521 -1.00000 0.00000 -999 265.56838
0.09555 0.91440 -0.02745 -0.14061 265.56838 0.00000 266.98521 -1.00000 0.00000 -999 265.56838
0.09890 0.91440 -0.02791 -0.14595 264.69114 0.00000 266.98306 -1.00000 0.00000 -999 264.69114
0.09890 0.91440 -0.02791 -0.14595 264.69114 0.00000 266.98306 -1.00000 0.00000 -999 264.69114
0.10242 0.91440 -0.02838 -0.15114 263.77178 0.00000 266.98099 -1.00000 0.00000 -999 263.77178
0.10242 0.91440 -0.02838 -0.15114 263.77177 0.00000 266.98099 -1.00000 0.00000 -999 263.77177
0.10611 0.91440 -0.02886 -0.15612 262.59222 0.00000 266.97857 -1.00000 0.00000 -999 262.59222
0.10611 0.91440 -0.02886 -0.15612 262.59221 0.00000 266.97857 -1.00000 0.00000 -999 262.59221
0.10611 0.91440 -0.02886 -0.15612 262.59221 0.00000 266.97857 -1.00000 0.00000 -999 262.59221
0.11000 0.91440 -0.02934 -0.16083 261.33751 0.00000 266.97629 -1.00000 0.00000 -999 261.33751
0.11000 0.91440 -0.02934 -0.16083 261.33751 0.00000 266.97629 -1.00000 0.00000 -999 261.33751
0.11408 0.91440 -0.02982 -0.16531 260.22549 0.00000 266.97453 -1.00000 0.00000 -999 260.22549
0.11408 0.91440 -0.02982 -0.16531 260.22548 0.00000 266.97453 -1.00000 0.00000 -999 260.22548
0.11837 0.91440 -0.03030 -0.16954 259.01927 0.00000 266.97289 -1.00000 0.00000 -999 259.01927
0.11837 0.91440 -0.03030 -0.16954 259.01927 0.00000 266.97289 -1.00000 0.00000 -999 259.01927
0.12288 0.91440 -0.03079 -0.17340 257.71156 0.00000 266.97137 -1.00000 0.00000 -999 257.71156
0.12288 0.91440 -0.03079 -0.17340 257.71155 0.00000 266.97137 -1.00000 0.00000 -999 257.71155
0.12761 0.91440 -0.03127 -0.17702 256.30928 0.00000 266.96997 -1.00000 0.00000 -999 256.30928
0.12761 0.91440 -0.03127 -0.17702 256.30928 0.00000 266.96997 -1.00000 0.00000 -999 256.30928
0.13258 0.91440 -0.03175 -0.18025 254.84985 0.00000 266.96872 -1.00000 0.00000 -999 254.84985
0.13258 0.91440 -0.03175 -0.18025 254.84984 0.00000 266.96872 -1.00000 0.00000 -999 254.84984
0.13781 0.91440 -0.03223 -0.18313 253.71178 0.00000 266.96783 -1.00000 0.00000 -999 253.71178
0.14302 0.91440 -0.03267 -0.18565 252.28898 0.00000 266.96687 -1.00000 0.00000 -999 252.28898
0.14302 0.91440 -0.03267 -0.18565 252.28897 0.00000 266.96687 -1.00000 0.00000 -999 252.28897
0.14302 0.91440 -0.03267 -0.18565 252.28897 0.00000 266.96687 -1.00000 0.00000 -999 252.28897
0.14823 0.91440 -0.03309 -0.18757 250.63626 0.00000 266.96591 -1.00000 0.00000 -999 250.63626
0.14823 0.91440 -0.03309 -0.18757 250.63625 0.00000 266.96591 -1.00000 0.00000 -999 250.63625
0.15345 0.91440 -0.03349 -0.18921 249.36656 0.00000 266.96531 -1.00000 0.00000 -999 249.36656
0.15345 0.91440 -0.03349 -0.18921 249.36656 0.00000 266.96531 -1.00000 0.00000 -999 249.36656
0.15866 0.91440 -0.03386 -0.19040 248.41392 0.00000 266.96494 -1.00000 0.00000 -999 248.41392
0.16388 0.91440 -0.03421 -0.19130 247.22001 0.00000 266.96459 -1.00000 0.00000 -999 247.22001
0.16388 0.91440 -0.03421 -0.19130 247.22001 0.00000 266.96459 -1.00000 0.00000 -999 247.22001
0.16388 0.91440 -0.03421 -0.19130 247.22000 0.00000 266.96459 -1.00000 0.00000 -999 247.22000
0.16910 0.91440 -0.03454 -0.19188 245.87809 0.00000 266.96433 -1.00000 0.00000 -999 245.87809
0.16910 0.91440 -0.03454 -0.19188 245.87809 0.00000 266.96433 -1.00000 0.00000 -999 245.87809
0.17432 0.91440 -0.03484 -0.19219 244.84723 0.00000 266.96423 -1.00000 0.00000 -999 244.84723
0.17432 0.91440 -0.03484 -0.19219 244.84722 0.00000 266.96423 -1.00000 0.00000 -999 244.84722
0.17955 0.91440 -0.03513 -0.19220 243.64757 0.00000 266.96421 -1.00000 0.00000 -999 243.64757
0.17955 0.91440 -0.03513 -0.19220 243.64757 0.00000 266.96421 -1.00000 0.00000 -999 243.64757
0.18477 0.91440 -0.03539 -0.19204 242.43859 0.00000 266.96428 -1.00000 0.00000 -999 242.43859
0.18477 0.91440 -0.03539 -0.19204 242.43859 0.00000 266.96428 -1.00000 0.00000 -999 242.43859
0.19000 0.91440 -0.03564 -0.19166 241.22497 0.00000 266.96444 -1.00000 0.00000 -999 241.22497
0.19000 0.91440 -0.03564 -0.19166 241.22496 0.00000 266.96444 -1.00000 0.00000 -999 241.22496
0.19522 0.91440 -0.03587 -0.19104 240.01501 0.00000 266.96468 -1.00000 0.00000 -999 240.01501
0.19522 0.91440 -0.03587 -0.19104 240.01501 0.00000 266.96468 -1.00000 0.00000 -999 240.01501
0.20045 0.91440 -0.03608 -0.19024 238.82152 0.00000 266.96499 -1.00000 0.00000 -999 238.82152
0.20567 0.91440 -0.03628 -0.18929 237.65643 0.00000 266.96537 -1.00000 0.00000 -999 237.65643
0.20567 0.91440 -0.03628 -0.18929 237.65643 0.00000 266.96537 -1.00000 0.00000 -999 237.65643
0.20567 0.91440 -0.03628 -0.18929 237.65642 0.00000 266.96537 -1.00000 0.00000 -999 237.65642
0.21090 0.91440 -0.03646 -0.18818 236.52749 0.00000 266.96581 -1.00000 0.00000 -999 236.52749
0.21613 0.91440 -0.03662 -0.18692 235.33728 0.00000 266.96636 -1.00000 0.00000 -999 235.33728
0.21613 0.91440 -0.03662 -0.18692 235.33727 0.00000 266.96636 -1.00000 0.00000 -999 235.33727
0.21613 0.91440 -0.03662 -0.18692 235.33727 0.00000 266.96636 -1.00000 0.00000 -999 235.33727
0.22136 0.91440 -0.03677 -0.18554 234.38859 0.00000 266.96686 -1.00000 0.00000 -999 234.38859
0.22659 0.91440 -0.03690 -0.18403 233.47401 0.00000 266.96740 -1.00000 0.00000 -999 233.47401
0.22659 0.91440 -0.03690 -0.18403 233.47401 0.00000 266.96740 -1.00000 0.00000 -999 233.47401
0.23182 0.91440 -0.03702 -0.18240 232.39978 0.00000 266.96811 -1.00000 0.00000 -999 232.39978
0.23182 0.91440 -0.03702 -0.18240 232.39978 0.00000 266.96811 -1.00000 0.00000 -999 232.39978
0.23182 0.91440 -0.03702 -0.18240 232.39978 0.00000 266.96811 -1.00000 0.00000 -999 232.39978
0.23705 0.91440 -0.03712 -0.18067 231.44533 0.00000 266.96880 -1.00000 0.00000 -999 231.44533
0.24227 0.91440 -0.03722 -0.17884 230.63218 0.00000 266.96942 -1.00000 0.00000 -999 230.63218
0.24227 0.91440 -0.03722 -0.17884 230.63217 0.00000 266.96942 -1.00000 0.00000 -999 230.63217
0.24750 0.91440 -0.03730 -0.17693 229.78609 0.00000 266.97011 -1.00000 0.00000 -999 229.78609
0.24750 0.91440 -0.03730 -0.17693 229.78609 0.00000 266.97011 -1.00000 0.00000 -999 229.78609
0.25273 0.91440 -0.03736 -0.17493 228.86284 0.00000 266.97090 -1.00000 0.00000 -999 228.86284
0.25273 0.91440 -0.03736 -0.17493 228.86284 0.00000 266.97090 -1.00000 0.00000 -999 228.86284
0.25797 0.91440 -0.03742 -0.17286 227.94054 0.00000 266.97171 -1.00000 0.00000 -999 227.94054
0.25797 0.91440 -0.03742 -0.17286 227.94053 0.00000 266.97171 -1.00000 0.00000 -999 227.94053
0.26320 0.91440 -0.03746 -0.17071 227.01638 0.00000 266.97256 -1.00000 0.00000 -999 227.01638
0.26320 0.91440 -0.03746 -0.17071 227.01637 0.00000 266.97256 -1.00000 0.00000 -999 227.01637
0.26843 0.91440 -0.03750 -0.16850 226.08941 0.00000 266.97343 -1.00000 0.00000 -999 226.08941
0.26843 0.91440 -0.03750 -0.16850 226.08941 0.00000 266.97343 -1.00000 0.00000 -999 226.08941
0.27366 0.91440 -0.03752 -0.16623 225.16013 0.00000 266.97433 -1.00000 0.00000 -999 225.16013
0.27366 0.91440 -0.03752 -0.16623 225.16013 0.00000 266.97433 -1.00000 0.00000 -999 225.16013
0.27889 0.91440 -0.03753 -0.16389 224.23028 0.00000 266.97525 -1.00000 0.00000 -999 224.23028
0.27889 0.91440 -0.03753 -0.16389 224.23028 0.00000 266.97525 -1.00000 0.00000 -999 224.23028
0.28412 0.91440 -0.03753 -0.16150 223.30270 0.00000 266.97620 -1.00000 0.00000 -999 223.30270
0.28412 0.91440 -0.03753 -0.16150 223.30270 0.00000 266.97620 -1.00000 0.00000 -999 223.30270
0.28935 0.91440 -0.03752 -0.15906 222.38078 0.00000 266.97716 -1.00000 0.00000 -999 222.38078
0.28935 0.91440 -0.03752 -0.15906 222.38077 0.00000 266.97716 -1.00000 0.00000 -999 222.38077
0.29458 0.91440 -0.03750 -0.15657 221.46794 0.00000 266.97815 -1.00000 0.00000 -999 221.46794
0.29458 0.91440 -0.03750 -0.15657 221.46794 0.00000 266.97815 -1.00000 0.00000 -999 221.46794
0.29981 0.91440 -0.03747 -0.15402 220.56758 0.00000 266.97915 -1.00000 0.00000 -999 220.56758
0.29981 0.91440 -0.03747 -0.15402 220.56758 0.00000 266.97915 -1.00000 0.00000 -999 220.56758
0.30504 0.91440 -0.03743 -0.15143 219.68264 0.00000 266.98018 -1.00000 0.00000 -999 219.68264
0.30504 0.91440 -0.03743 -0.15143 219.68264 0.00000 266.98018 -1.00000 0.00000 -999 219.68264
0.31027 0.91440 -0.03739 -0.14880 218.81527 0.00000 266.98122 -1.00000 0.00000 -999 218.81527
0.31027 0.91440 -0.03739 -0.14880 218.81527 0.00000 266.98122 -1.00000 0.00000 -999 218.81527
0.31550 0.91440 -0.03733 -0.14611 217.96676 0.00000 266.98228 -1.00000 0.00000 -999 217.96676
0.31550 0.91440 -0.03733 -0.14611 217.96676 0.00000 266.98228 -1.00000 0.00000 -999 217.96676
0.32073 0.91440 -0.03727 -0.14338 217.13750 0.00000 266.98336 -1.00000 0.00000 -999 217.13750
0.32073 0.91440 -0.03727 -0.14338 217.13750 0.00000 266.98336 -1.00000 0.00000 -999 217.13750
0.32596 0.91440 -0.03720 -0.14060 216.32715 0.00000 266.98446 -1.00000 0.00000 -999 216.32715
0.32596 0.91440 -0.03720 -0.14060 216.32715 0.00000 266.98446 -1.00000 0.00000 -999 216.32715
0.33119 0.91440 -0.03712 -0.13777 215.53488 0.00000 266.98558 -1.00000 0.00000 -999 215.53488
0.33119 0.91440 -0.03712 -0.13777 215.53488 0.00000 266.98558 -1.00000 0.00000 -999 215.53488
0.33642 0.91440 -0.03703 -0.13490 214.75921 0.00000 266.98672 -1.00000 0.00000 -999 214.75921
0.33642 0.91440 -0.03703 -0.13490 214.75921 0.00000 266.98672 -1.00000 0.00000 -999 214.75921
0.34165 0.91440 -0.03693 -0.13197 213.90255 0.00000 266.98802 -1.00000 0.00000 -999 213.90255
0.34165 0.91440 -0.03693 -0.13197 213.90255 0.00000 266.98802 -1.00000 0.00000 -999 213.90255
0.34688 0.91440 -0.03683 -0.12901 213.08436 0.00000 266.98931 -1.00000 0.00000 -999 213.08436
0.34688 0.91440 -0.03683 -0.12901 213.08435 0.00000 266.98931 -1.00000 0.00000 -999 213.08435
0.35211 0.91440 -0.03672 -0.12598 212.34503 0.00000 266.99051 -1.00000 0.00000 -999 212.34503
0.35211 0.91440 -0.03672 -0.12598 212.34503 0.00000 266.99051 -1.00000 0.00000 -999 212.34503
0.35734 0.91440 -0.03660 -0.12289 211.61007 0.00000 266.99174 -1.00000 0.00000 -999 211.61007
0.35734 0.91440 -0.03660 -0.12289 211.61007 0.00000 266.99174 -1.00000 0.00000 -999 211.61007
0.36257 0.91440 -0.03647 -0.11975 210.87706 0.00000 266.99299 -1.00000 0.00000 -999 210.87706
0.36257 0.91440 -0.03647 -0.11975 210.87706 0.00000 266.99299 -1.00000 0.00000 -999 210.87706
0.36779 0.91440 -0.03634 -0.11653 210.14396 0.00000 266.99426 -1.00000 0.00000 -999 210.14396
0.36779 0.91440 -0.03634 -0.11653 210.14396 0.00000 266.99426 -1.00000 0.00000 -999 210.14396
0.37302 0.91440 -0.03620 -0.11326 209.40936 0.00000 266.99555 -1.00000 0.00000 -999 209.40936
0.37302 0.91440 -0.03620 -0.11326 209.40936 0.00000 266.99555 -1.00000 0.00000 -999 209.40936
0.37825 0.91440 -0.03605 -0.10995 208.66939 0.00000 266.99688 -1.00000 0.00000 -999 208.66939
0.37825 0.91440 -0.03605 -0.10995 208.66939 0.00000 266.99688 -1.00000 0.00000 -999 208.66939
0.38348 0.91440 -0.03589 -0.10651 207.92034 0.00000 266.99823 -1.00000 0.00000 -999 207.92034
0.38348 0.91440 -0.03589 -0.10651 207.92033 0.00000 266.99823 -1.00000 0.00000 -999 207.92033
0.38871 0.91440 -0.03573 -0.10299 207.16181 0.00000 266.99963 -1.00000 0.00000 -999 207.16181
0.38871 0.91440 -0.03573 -0.10299 207.16181 0.00000 266.99963 -1.00000 0.00000 -999 207.16181
0.39394 0.91440 -0.03556 -0.09941 206.39361 0.00000 267.00105 -1.00000 0.00000 -999 206.39361
0.39394 0.91440 -0.03556 -0.09941 206.39361 0.00000 267.00105 -1.00000 0.00000 -999 206.39361
0.39916 0.91440 -0.03539 -0.09572 205.71989 0.00000 267.00231 -1.00000 0.00000 -999 205.71989
0.39916 0.91440 -0.03539 -0.09572 205.71988 0.00000 267.00231 -1.00000 0.00000 -999 205.71988
0.40439 0.91440 -0.03521 -0.09192 204.99985 0.00000 267.00368 -1.00000 0.00000 -999 204.99985
0.40439 0.91440 -0.03521 -0.09192 204.99985 0.00000 267.00368 -1.00000 0.00000 -999 204.99985
0.40962 0.91440 -0.03502 -0.08801 204.09285 0.00000 267.00542 -1.00000 0.00000 -999 204.09285
0.40962 0.91440 -0.03502 -0.08801 204.09285 0.00000 267.00542 -1.00000 0.00000 -999 204.09285
0.40962 0.91440 -0.03502 -0.08801 204.09285 0.00000 267.00542 -1.00000 0.00000 -999 204.09285
0.41484 0.91440 -0.03482 -0.08397 203.19403 0.00000 267.00717 -1.00000 0.00000 -999 203.19403
0.41484 0.91440 -0.03482 -0.08397 203.19403 0.00000 267.00717 -1.00000 0.00000 -999 203.19403
0.42007 0.91440 -0.03462 -0.07978 202.35539 0.00000 267.00883 -1.00000 0.00000 -999 202.35539
0.42007 0.91440 -0.03462 -0.07978 202.35539 0.00000 267.00883 -1.00000 0.00000 -999 202.35539
0.42530 0.91440 -0.03441 -0.07543 201.49875 0.00000 267.01055 -1.00000 0.00000 -999 201.49875
0.42530 0.91440 -0.03441 -0.07543 201.49875 0.00000 267.01055 -1.00000 0.00000 -999 201.49875
0.43052 0.91440 -0.03420 -0.07091 200.62302 0.00000 267.01234 -1.00000 0.00000 -999 200.62302
0.43052 0.91440 -0.03420 -0.07091 200.62301 0.00000 267.01234 -1.00000 0.00000 -999 200.62301
0.43575 0.91440 -0.03397 -0.06621 199.72720 0.00000 267.01420 -1.00000 0.00000 -999 199.72720
0.43575 0.91440 -0.03397 -0.06621 199.72719 0.00000 267.01420 -1.00000 0.00000 -999 199.72719
0.44098 0.91440 -0.03374 -0.06130 198.80950 0.00000 267.01614 -1.00000 0.00000 -999 198.80950
0.44098 0.91440 -0.03374 -0.06130 198.80950 0.00000 267.01614 -1.00000 0.00000 -999 198.80950
0.44620 0.91440 -0.03351 -0.05616 197.99471 0.00000 267.01790 -1.00000 0.00000 -999 197.99471
0.45143 0.91440 -0.03327 -0.05074 196.98627 0.00000 267.02011 -1.00000 0.00000 -999 196.98627
0.45143 0.91440 -0.03327 -0.05074 196.98626 0.00000 267.02011 -1.00000 0.00000 -999 196.98626
0.45665 0.91440 -0.03302 -0.04506 195.88676 0.00000 267.02257 -1.00000 0.00000 -999 195.88676
0.45665 0.91440 -0.03302 -0.04506 195.88675 0.00000 267.02257 -1.00000 0.00000 -999 195.88675
0.46187 0.91440 -0.03276 -0.03903 194.84137 0.00000 267.02496 -1.00000 0.00000 -999 194.84137
0.46187 0.91440 -0.03276 -0.03903 194.84137 0.00000 267.02496 -1.00000 0.00000 -999 194.84137
0.46187 0.91440 -0.03276 -0.03903 194.84137 0.00000 267.02496 -1.00000 0.00000 -999 194.84137
0.46710 0.91440 -0.03250 -0.03262 193.75106 0.00000 267.02749 -1.00000 0.00000 -999 193.75106
0.46710 0.91440 -0.03250 -0.03262 193.75105 0.00000 267.02749 -1.00000 0.00000 -999 193.75105
0.47232 0.91440 -0.03223 -0.02582 192.60835 0.00000 267.03018 -1.00000 0.00000 -999 192.60835
0.47232 0.91440 -0.03223 -0.02582 192.60834 0.00000 267.03018 -1.00000 0.00000 -999 192.60834
0.47754 0.91440 -0.03195 -0.01851 191.40217 0.00000 267.03307 -1.00000 0.00000 -999 191.40217
0.47754 0.91440 -0.03195 -0.01851 191.40216 0.00000 267.03307 -1.00000 0.00000 -999 191.40216
0.48277 0.91440 -0.03166 -0.01066 190.12106 0.00000 267.03618 -1.00000 0.00000 -999 190.12106
0.48277 0.91440 -0.03166 -0.01066 190.12106 0.00000 267.03618 -1.00000 0.00000 -999 190.12106
0.48799 0.91440 -0.03137 -0.00215 188.74828 0.00000 267.03954 -1.00000 0.00000 -999 188.74828
0.48799 0.91440 -0.03137 -0.00215 188.74827 0.00000 267.03954 -1.00000 0.00000 -999 188.74827
0.49321 0.91440 -0.03107 0.00710 187.26477 0.00000 267.04321 -1.00000 0.00000 -999 187.26477
0.49321 0.91440 -0.03107 0.00710 187.26477 0.00000 267.04321 -1.00000 0.00000 -999 187.26477
0.49843 0.91440 -0.03077 0.01730 185.64201 0.00000 267.04723 -1.00000 0.00000 -999 185.64201
0.49843 0.91440 -0.03077 0.01730 185.64200 0.00000 267.04723 -1.00000 0.00000 -999 185.64200
0.50365 0.91440 -0.03045 0.02855 183.84553 0.00000 267.05169 -1.00000 0.00000 -999 183.84553
0.50365 0.91440 -0.03045 0.02855 183.84553 0.00000 267.05169 -1.00000 0.00000 -999 183.84553
0.50887 0.91440 -0.03013 0.04121 181.83251 0.00000 267.05670 -1.00000 0.00000 -999 181.83251
0.50887 0.91440 -0.03013 0.04121 181.83250 0.00000 267.05670 -1.00000 0.00000 -999 181.83250
0.51409 0.91440 -0.02980 0.05550 179.51500 0.00000 267.06237 -1.00000 0.00000 -999 179.51500
0.51409 0.91440 -0.02980 0.05550 179.51499 0.00000 267.06237 -1.00000 0.00000 -999 179.51499
0.51931 0.91440 -0.02946 0.07204 176.86032 0.00000 267.06896 -1.00000 0.00000 -999 176.86032
0.51931 0.91440 -0.02946 0.07204 176.86031 0.00000 267.06896 -1.00000 0.00000 -999 176.86031
0.52453 0.91440 -0.02911 0.09186 174.55210 0.00000 267.07618 -1.00000 0.00000 -999 174.55210
0.52453 0.91440 -0.02911 0.09186 174.55209 0.00000 267.07618 -1.00000 0.00000 -999 174.55209
0.52843 0.91440 -0.02885 0.10846 174.02665 0.00000 267.08290 -1.00000 0.00000 -999 174.02665
0.52843 0.91440 -0.02885 0.10846 174.02667 0.00000 267.08290 -1.00000 0.00000 -999 174.02667
0.53086 0.91440 -0.02868 0.12419 179.00706 0.00000 267.08770 -1.00000 0.00000 -999 179.00706
0.53086 0.91440 -0.02868 0.12419 179.00708 0.00000 267.08770 -1.00000 0.00000 -999 179.00708
0.53238 0.91440 -0.02858 0.12345 184.27886 0.00000 267.08898 -1.00000 0.00000 -999 184.27886

ZONE T="SLICE_Y_0p9144_BINS03_KS_VAR_CUTDATA"
0.53247 0.91440 -0.02724 0.11870 158.53926 0.00000 267.08702 -1.00000 0.00000 -999 158.53926
0.53098 0.91440 -0.02692 0.11887 154.23984 0.00000 267.08585 -1.00000 0.00000 -999 154.23984
0.53098 0.91440 -0.02692 0.11887 154.23982 0.00000 267.08585 -1.00000 0.00000 -999 154.23982
0.52859 0.91440 -0.02641 0.10519 150.87920 0.00000 267.08133 -1.00000 0.00000 -999 150.87920
0.52859 0.91440 -0.02641 0.10519 150.87919 0.00000 267.08133 -1.00000 0.00000 -999 150.87919
0.52477 0.91440 -0.02561 0.08745 153.04818 0.00000 267.07425 -1.00000 0.00000 -999 153.04818
0.52477 0.91440 -0.02561 0.08745 153.04818 0.00000 267.07425 -1.00000 0.00000 -999 153.04818
0.51962 0.91440 -0.02453 0.06419 156.99208 0.00000 267.06575 -1.00000 0.00000 -999 156.99208
0.51962 0.91440 -0.02453 0.06419 156.99210 0.00000 267.06575 -1.00000 0.00000 -999 156.99210
0.51446 0.91440 -0.02346 0.04272 161.10583 0.00000 267.05729 -1.00000 0.00000 -999 161.10583
0.51446 0.91440 -0.02346 0.04272 161.10584 0.00000 267.05729 -1.00000 0.00000 -999 161.10584
0.50930 0.91440 -0.02240 0.02282 164.82141 0.00000 267.04942 -1.00000 0.00000 -999 164.82141
0.50930 0.91440 -0.02240 0.02282 164.82142 0.00000 267.04942 -1.00000 0.00000 -999 164.82142
0.50414 0.91440 -0.02135 0.00409 168.15121 0.00000 267.04204 -1.00000 0.00000 -999 168.15121
0.50414 0.91440 -0.02135 0.00409 168.15123 0.00000 267.04204 -1.00000 0.00000 -999 168.15123
0.50414 0.91440 -0.02135 0.00409 168.15124 0.00000 267.04204 -1.00000 0.00000 -999 168.15124
0.49898 0.91440 -0.02031 -0.01346 171.16076 0.00000 267.03510 -1.00000 0.00000 -999 171.16076
0.49381 0.91440 -0.01927 -0.03008 173.91508 0.00000 267.02854 -1.00000 0.00000 -999 173.91508
0.49381 0.91440 -0.01927 -0.03008 173.91509 0.00000 267.02854 -1.00000 0.00000 -999 173.91509
0.48865 0.91440 -0.01824 -0.04579 176.45250 0.00000 267.02232 -1.00000 0.00000 -999 176.45250
0.48865 0.91440 -0.01824 -0.04579 176.45251 0.00000 267.02232 -1.00000 0.00000 -999 176.45251
0.48348 0.91440 -0.01722 -0.06079 178.81093 0.00000 267.01639 -1.00000 0.00000 -999 178.81093
0.48348 0.91440 -0.01722 -0.06079 178.81094 0.00000 267.01639 -1.00000 0.00000 -999 178.81094
0.47831 0.91440 -0.01620 -0.07509 181.01402 0.00000 267.01072 -1.00000 0.00000 -999 181.01402
0.47831 0.91440 -0.01620 -0.07509 181.01403 0.00000 267.01072 -1.00000 0.00000 -999 181.01403
0.47314 0.91440 -0.01519 -0.08880 183.08428 0.00000 267.00529 -1.00000 0.00000 -999 183.08428
0.47314 0.91440 -0.01519 -0.08880 183.08429 0.00000 267.00529 -1.00000 0.00000 -999 183.08429
0.46797 0.91440 -0.01419 -0.10198 185.03744 0.00000 267.00007 -1.00000 0.00000 -999 185.03744
0.46797 0.91440 -0.01419 -0.10198 185.03744 0.00000 267.00007 -1.00000 0.00000 -999 185.03744
0.46280 0.91440 -0.01320 -0.11468 186.88942 0.00000 266.99503 -1.00000 0.00000 -999 186.88942
0.46280 0.91440 -0.01320 -0.11468 186.88943 0.00000 266.99503 -1.00000 0.00000 -999 186.88943
0.45763 0.91440 -0.01221 -0.12697 188.65146 0.00000 266.99015 -1.00000 0.00000 -999 188.65146
0.45763 0.91440 -0.01221 -0.12697 188.65147 0.00000 266.99015 -1.00000 0.00000 -999 188.65147
0.45763 0.91440 -0.01221 -0.12697 188.65148 0.00000 266.99015 -1.00000 0.00000 -999 188.65148
0.45245 0.91440 -0.01123 -0.13890 190.33497 0.00000 266.98542 -1.00000 0.00000 -999 190.33497
0.44728 0.91440 -0.01026 -0.15048 191.94801 0.00000 266.98081 -1.00000 0.00000 -999 191.94801
0.44728 0.91440 -0.01026 -0.15048 191.94802 0.00000 266.98081 -1.00000 0.00000 -999 191.94802
0.44210 0.91440 -0.00929 -0.16177 193.49938 0.00000 266.97632 -1.00000 0.00000 -999 193.49938
0.44210 0.91440 -0.00929 -0.16177 193.49939 0.00000 266.97632 -1.00000 0.00000 -999 193.49939
0.43692 0.91440 -0.00833 -0.17281 194.99613 0.00000 266.97193 -1.00000 0.00000 -999 194.99613
0.43692 0.91440 -0.00833 -0.17281 194.99613 0.00000 266.97193 -1.00000 0.00000 -999 194.99613
0.43174 0.91440 -0.00738 -0.18361 196.44421 0.00000 266.96764 -1.00000 0.00000 -999 196.44421
0.43174 0.91440 -0.00738 -0.18361 196.44421 0.00000 266.96764 -1.00000 0.00000 -999 196.44421
0.43174 0.91440 -0.00738 -0.18361 196.44422 0.00000 266.96764 -1.00000 0.00000 -999 196.44422
0.42656 0.91440 -0.00643 -0.19419 197.84945 0.00000 266.96342 -1.00000 0.00000 -999 197.84945
0.42138 0.91440 -0.00549 -0.20461 199.21876 0.00000 266.95928 -1.00000 0.00000 -999 199.21876
0.42138 0.91440 -0.00549 -0.20461 199.21877 0.00000 266.95928 -1.00000 0.00000 -999 199.21877
0.41619 0.91440 -0.00456 -0.21486 200.55740 0.00000 266.95519 -1.00000 0.00000 -999 200.55740
0.41619 0.91440 -0.00456 -0.21486 200.55741 0.00000 266.95519 -1.00000 0.00000 -999 200.55741
0.41101 0.91440 -0.00363 -0.22498 201.87009 0.00000 266.95116 -1.00000 0.00000 -999 201.87009
0.41101 0.91440 -0.00363 -0.22498 201.87010 0.00000 266.95116 -1.00000 0.00000 -999 201.87010
0.40582 0.91440 -0.00271 -0.23498 203.16156 0.00000 266.94717 -1.00000 0.00000 -999 203.16156
0.40582 0.91440 -0.00271 -0.23498 203.16156 0.00000 266.94717 -1.00000 0.00000 -999 203.16156
0.40063 0.91440 -0.00180 -0.24487 204.43656 0.00000 266.94322 -1.00000 0.00000 -999 204.43656
0.40063 0.91440 -0.00180 -0.24487 204.43657 0.00000 266.94322 -1.00000 0.00000 -999 204.43657
0.40063 0.91440 -0.00180 -0.24487 204.43657 0.00000 266.94322 -1.00000 0.00000 -999 204.43657
0.39544 0.91440 -0.00089 -0.25469 205.69911 0.00000 266.93931 -1.00000 0.00000 -999 205.69911
0.39544 0.91440 -0.00089 -0.25469 205.69911 0.00000 266.93931 -1.00000 0.00000 -999 205.69911
0.39026 0.91440 0.00001 -0.26443 206.95241 0.00000 266.93542 -1.00000 0.00000 -999 206.95241
0.39026 0.91440 0.00001 -0.26443 206.95241 0.00000 266.93542 -1.00000 0.00000 -999 206.95241
0.38506 0.91440 0.00090 -0.27410 208.19958 0.00000 266.93155 -1.00000 0.00000 -999 208.19958
0.38506 0.91440 0.00090 -0.27410 208.19958 0.00000 266.93155 -1.00000 0.00000 -999 208.19958
0.37987 0.91440 0.00179 -0.28372 209.44531 0.00000 266.92770 -1.00000 0.00000 -999 209.44531
0.37987 0.91440 0.00179 -0.28372 209.44532 0.00000 266.92770 -1.00000 0.00000 -999 209.44532
0.37468 0.91440 0.00266 -0.29333 210.69380 0.00000 266.92386 -1.00000 0.00000 -999 210.69380
0.36948 0.91440 0.00354 -0.30294 211.94629 0.00000 266.92002 -1.00000 0.00000 -999 211.94629
0.36948 0.91440 0.00354 -0.30294 211.94629 0.00000 266.92002 -1.00000 0.00000 -999 211.94629
0.36429 0.91440 0.00440 -0.31247 213.20358 0.00000 266.91620 -1.00000 0.00000 -999 213.20358
0.36429 0.91440 0.00440 -0.31247 213.20359 0.00000 266.91620 -1.00000 0.00000 -999 213.20359
0.36429 0.91440 0.00440 -0.31247 213.20359 0.00000 266.91620 -1.00000 0.00000 -999 213.20359
0.35909 0.91440 0.00526 -0.32204 214.46923 0.00000 266.91237 -1.00000 0.00000 -999 214.46923
0.35389 0.91440 0.00611 -0.33165 215.74576 0.00000 266.90852 -1.00000 0.00000 -999 215.74576
0.35389 0.91440 0.00611 -0.33165 215.74577 0.00000 266.90852 -1.00000 0.00000 -999 215.74577
0.35389 0.91440 0.00611 -0.33165 215.74577 0.00000 266.90852 -1.00000 0.00000 -999 215.74577
0.34870 0.91440 0.00695 -0.34124 217.03188 0.00000 266.90468 -1.00000 0.00000 -999 217.03188
0.34870 0.91440 0.00695 -0.34124 217.03189 0.00000 266.90468 -1.00000 0.00000 -999 217.03189
0.34349 0.91440 0.00778 -0.35086 218.32757 0.00000 266.90082 -1.00000 0.00000 -999 218.32757
0.34349 0.91440 0.00778 -0.35086 218.32757 0.00000 266.90082 -1.00000 0.00000 -999 218.32757
0.33829 0.91440 0.00861 -0.36053 219.63416 0.00000 266.89694 -1.00000 0.00000 -999 219.63416
0.33829 0.91440 0.00861 -0.36053 219.63416 0.00000 266.89694 -1.00000 0.00000 -999 219.63416
0.33309 0.91440 0.00943 -0.37023 220.95087 0.00000 266.89304 -1.00000 0.00000 -999 220.95087
0.33309 0.91440 0.00943 -0.37023 220.95088 0.00000 266.89304 -1.00000 0.00000 -999 220.95088
0.32789 0.91440 0.01024 -0.37999 222.27667 0.00000 266.88913 -1.00000 0.00000 -999 222.27667
0.32789 0.91440 0.01024 -0.37999 222.27668 0.00000 266.88913 -1.00000 0.00000 -999 222.27668
0.32268 0.91440 0.01104 -0.38980 223.61101 0.00000 266.88518 -1.00000 0.00000 -999 223.61101
0.32268 0.91440 0.01104 -0.38980 223.61102 0.00000 266.88518 -1.00000 0.00000 -999 223.61102
0.31747 0.91440 0.01184 -0.39968 224.95317 0.00000 266.88121 -1.00000 0.00000 -999 224.95317
0.31227 0.91440 0.01262 -0.40964 226.30214 0.00000 266.87721 -1.00000 0.00000 -999 226.30214
0.31227 0.91440 0.01262 -0.40964 226.30215 0.00000 266.87721 -1.00000 0.00000 -999 226.30215
0.31227 0.91440 0.01262 -0.40964 226.30215 0.00000 266.87721 -1.00000 0.00000 -999 226.30215
0.30706 0.91440 0.01340 -0.41968 227.65694 0.00000 266.87317 -1.00000 0.00000 -999 227.65694
0.30706 0.91440 0.01340 -0.41968 227.65694 0.00000 266.87317 -1.00000 0.00000 -999 227.65694
0.30185 0.91440 0.01417 -0.42981 229.01706 0.00000 266.86909 -1.00000 0.00000 -999 229.01706
0.30185 0.91440 0.01417 -0.42981 229.01706 0.00000 266.86909 -1.00000 0.00000 -999 229.01706
0.29663 0.91440 0.01493 -0.44004 230.38262 0.00000 266.86497 -1.00000 0.00000 -999 230.38262
0.29663 0.91440 0.01493 -0.44004 230.38263 0.00000 266.86497 -1.00000 0.00000 -999 230.38263
0.29142 0.91440 0.01568 -0.45036 231.75430 0.00000 266.86081 -1.00000 0.00000 -999 231.75430
0.29142 0.91440 0.01568 -0.45036 231.75430 0.00000 266.86081 -1.00000 0.00000 -999 231.75430
0.28621 0.91440 0.01642 -0.46080 233.13354 0.00000 266.85660 -1.00000 0.00000 -999 233.13354
0.28621 0.91440 0.01642 -0.46080 233.13354 0.00000 266.85660 -1.00000 0.00000 -999 233.13354
0.28099 0.91440 0.01715 -0.47135 234.52278 0.00000 266.85235 -1.00000 0.00000 -999 234.52278
0.28099 0.91440 0.01715 -0.47135 234.52278 0.00000 266.85235 -1.00000 0.00000 -999 234.52278
0.27577 0.91440 0.01786 -0.48202 235.92531 0.00000 266.84804 -1.00000 0.00000 -999 235.92531
0.27055 0.91440 0.01857 -0.49281 237.34539 0.00000 266.84368 -1.00000 0.00000 -999 237.34539
0.27055 0.91440 0.01857 -0.49281 237.34540 0.00000 266.84368 -1.00000 0.00000 -999 237.34540
0.26533 0.91440 0.01927 -0.50374 238.78821 0.00000 266.83927 -1.00000 0.00000 -999 238.78821
0.26533 0.91440 0.01927 -0.50374 238.78821 0.00000 266.83927 -1.00000 0.00000 -999 238.78821
0.26011 0.91440 0.01995 -0.51480 240.25953 0.00000 266.83479 -1.00000 0.00000 -999 240.25953
0.26011 0.91440 0.01995 -0.51480 240.25954 0.00000 266.83479 -1.00000 0.00000 -999 240.25954
0.25489 0.91440 0.02063 -0.52601 241.76539 0.00000 266.83026 -1.00000 0.00000 -999 241.76539
0.25489 0.91440 0.02063 -0.52601 241.76539 0.00000 266.83026 -1.00000 0.00000 -999 241.76539
0.24966 0.91440 0.02129 -0.53738 243.31174 0.00000 266.82566 -1.00000 0.00000 -999 243.31174
0.24966 0.91440 0.02129 -0.53738 243.31175 0.00000 266.82566 -1.00000 0.00000 -999 243.31175
0.24443 0.91440 0.02194 -0.54889 244.90373 0.00000 266.82100 -1.00000 0.00000 -999 244.90373
0.24443 0.91440 0.02194 -0.54889 244.90373 0.00000 266.82100 -1.00000 0.00000 -999 244.90373
0.23920 0.91440 0.02257 -0.56057 246.54533 0.00000 266.81627 -1.00000 0.00000 -999 246.54533
0.23920 0.91440 0.02257 -0.56057 246.54533 0.00000 266.81627 -1.00000 0.00000 -999 246.54533
0.23397 0.91440 0.02320 -0.57241 248.23929 0.00000 266.81146 -1.00000 0.00000 -999 248.23929
0.23397 0.91440 0.02320 -0.57241 248.23930 0.00000 266.81146 -1.00000 0.00000 -999 248.23930
0.22874 0.91440 0.02380 -0.58444 249.98625 0.00000 266.80659 -1.00000 0.00000 -999 249.98625
0.22874 0.91440 0.02380 -0.58444 249.98625 0.00000 266.80659 -1.00000 0.00000 -999 249.98625
0.22874 0.91440 0.02380 -0.58444 249.98626 0.00000 266.80659 -1.00000 0.00000 -999 249.98626
0.22351 0.91440 0.02440 -0.59664 251.78424 0.00000 266.80163 -1.00000 0.00000 -999 251.78424
0.21827 0.91440 0.02498 -0.60904 253.62914 0.00000 266.79660 -1.00000 0.00000 -999 253.62914
0.21827 0.91440 0.02498 -0.60904 253.62915 0.00000 266.79660 -1.00000 0.00000 -999 253.62915
0.21827 0.91440 0.02498 -0.60904 253.62915 0.00000 266.79660 -1.00000 0.00000 -999 253.62915
0.21304 0.91440 0.02554 -0.62164 255.51471 0.00000 266.79147 -1.00000 0.00000 -999 255.51471
0.21304 0.91440 0.02554 -0.62164 255.51472 0.00000 266.79147 -1.00000 0.00000 -999 255.51472
0.20780 0.91440 0.02609 -0.63445 257.43288 0.00000 266.78626 -1.00000 0.00000 -999 257.43288
0.20780 0.91440 0.02609 -0.63445 257.43288 0.00000 266.78626 -1.00000 0.00000 -999 257.43288
0.20256 0.91440 0.02662 -0.64750 259.56179 0.00000 266.78044 -1.00000 0.00000 -999 259.56179
0.20256 0.91440 0.02662 -0.64750 259.56179 0.00000 266.78044 -1.00000 0.00000 -999 259.56179
0.19732 0.91440 0.02713 -0.66077 261.76467 0.00000 266.77434 -1.00000 0.00000 -999 261.76467
0.19732 0.91440 0.02713 -0.66077 261.76468 0.00000 266.77434 -1.00000 0.00000 -999 261.76468
0.19207 0.91440 0.02763 -0.67425 263.72756 0.00000 266.76882 -1.00000 0.00000 -999 263.72756
0.19207 0.91440 0.02763 -0.67425 263.72756 0.00000 266.76882 -1.00000 0.00000 -999 263.72756
0.18683 0.91440 0.02811 -0.68799 265.69612 0.00000 266.76319 -1.00000 0.00000 -999 265.69612
0.18683 0.91440 0.02811 -0.68799 265.69613 0.00000 266.76319 -1.00000 0.00000 -999 265.69613
0.18158 0.91440 0.02856 -0.70206 267.22686 0.00000 266.75872 -1.00000 0.00000 -999 267.22686
0.17633 0.91440 0.02900 -0.71631 269.22448 0.00000 266.75288 -1.00000 0.00000 -999 269.22448
0.17633 0.91440 0.02900 -0.71631 269.22449 0.00000 266.75288 -1.00000 0.00000 -999 269.22449
0.17633 0.91440 0.02900 -0.71631 269.22449 0.00000 266.75288 -1.00000 0.00000 -999 269.22449
0.17108 0.91440 0.02942 -0.73091 271.69071 0.00000 266.74559 -1.00000 0.00000 -999 271.69071
0.17108 0.91440 0.02942 -0.73091 271.69072 0.00000 266.74559 -1.00000 0.00000 -999 271.69072
0.16583 0.91440 0.02981 -0.74581 273.77134 0.00000 266.73946 -1.00000 0.00000 -999 273.77134
0.16583 0.91440 0.02981 -0.74581 273.77135 0.00000 266.73946 -1.00000 0.00000 -999 273.77135
0.16058 0.91440 0.03019 -0.76101 275.93013 0.00000 266.73321 -1.00000 0.00000 -999 275.93013
0.16058 0.91440 0.03019 -0.76101 275.93014 0.00000 266.73321 -1.00000 0.00000 -999 275.93014
0.15532 0.91440 0.03054 -0.77654 278.19139 0.00000 266.72681 -1.00000 0.00000 -999 278.19139
0.15532 0.91440 0.03054 -0.77654 278.19140 0.00000 266.72681 -1.00000 0.00000 -999 278.19140
0.15006 0.91440 0.03086 -0.79246 280.57539 0.00000 266.72028 -1.00000 0.00000 -999 280.57539
0.15006 0.91440 0.03086 -0.79246 280.57540 0.00000 266.72028 -1.00000 0.00000 -999 280.57540
0.14480 0.91440 0.03116 -0.80859 283.07389 0.00000 266.71358 -1.00000 0.00000 -999 283.07389
0.14480 0.91440 0.03116 -0.80859 283.07390 0.00000 266.71358 -1.00000 0.00000 -999 283.07390
0.13954 0.91440 0.03143 -0.82539 285.64439 0.00000 266.70677 -1.00000 0.00000 -999 285.64439
0.13954 0.91440 0.03143 -0.82539 285.64440 0.00000 266.70677 -1.00000 0.00000 -999 285.64440
0.13452 0.91440 0.03166 -0.84170 288.23374 0.00000 266.70010 -1.00000 0.00000 -999 288.23374
0.13452 0.91440 0.03166 -0.84170 288.23375 0.00000 266.70010 -1.00000 0.00000 -999 288.23375
0.12975 0.91440 0.03185 -0.85765 290.78370 0.00000 266.69357 -1.00000 0.00000 -999 290.78370
0.12975 0.91440 0.03185 -0.85765 290.78371 0.00000 266.69357 -1.00000 0.00000 -999 290.78371
0.12519 0.91440 0.03202 -0.87325 292.72108 0.00000 266.68859 -1.00000 0.00000 -999 292.72108
0.12086 0.91440 0.03215 -0.88843 295.16095 0.00000 266.68235 -1.00000 0.00000 -999 295.16095
0.12086 0.91440 0.03215 -0.88844 295.16096 0.00000 266.68235 -1.00000 0.00000 -999 295.16096
0.12086 0.91440 0.03215 -0.88844 295.16096 0.00000 266.68235 -1.00000 0.00000 -999 295.16096
0.11673 0.91440 0.03225 -0.90321 298.06011 0.00000 266.67491 -1.00000 0.00000 -999 298.06011
0.11673 0.91440 0.03225 -0.90321 298.06012 0.00000 266.67491 -1.00000 0.00000 -999 298.06012
0.11280 0.91440 0.03233 -0.91766 300.38941 0.00000 266.66897 -1.00000 0.00000 -999 300.38941
0.11280 0.91440 0.03233 -0.91766 300.38942 0.00000 266.66897 -1.00000 0.00000 -999 300.38942
0.10905 0.91440 0.03239 -0.93178 302.69618 0.00000 266.66316 -1.00000 0.00000 -999 302.69618
0.10905 0.91440 0.03239 -0.93178 302.69618 0.00000 266.66316 -1.00000 0.00000 -999 302.69618
0.10548 0.91440 0.03242 -0.94565 304.98704 0.00000 266.65750 -1.00000 0.00000 -999 304.98704
0.10548 0.91440 0.03242 -0.94565 304.98705 0.00000 266.65750 -1.00000 0.00000 -999 304.98705
0.10208 0.91440 0.03244 -0.95894 307.26205 0.00000 266.65199 -1.00000 0.00000 -999 307.26205
0.10208 0.91440 0.03244 -0.95894 307.26205 0.00000 266.65199 -1.00000 0.00000 -999 307.26205
0.09885 0.91440 0.03244 -0.97219 309.51513 0.00000 266.64659 -1.00000 0.00000 -999 309.51513
0.09885 0.91440 0.03244 -0.97219 309.51514 0.00000 266.64659 -1.00000 0.00000 -999 309.51514
0.09576 0.91440 0.03242 -0.98482 311.73879 0.00000 266.64132 -1.00000 0.00000 -999 311.73879
0.09576 0.91440 0.03242 -0.98482 311.73880 0.00000 266.64132 -1.00000 0.00000 -999 311.73880
0.09283 0.91440 0.03239 -0.99749 313.75647 0.00000 266.63662 -1.00000 0.00000 -999 313.75647
0.09283 0.91440 0.03239 -0.99749 313.75648 0.00000 266.63662 -1.00000 0.00000 -999 313.75648
0.09003 0.91440 0.03235 -1.00948 315.69622 0.00000 266.63220 -1.00000 0.00000 -999 315.69622
0.08715 0.91440 0.03230 -1.02223 317.94445 0.00000 266.62695 -1.00000 0.00000 -999 317.94445
0.08715 0.91440 0.03230 -1.02223 317.94446 0.00000 266.62695 -1.00000 0.00000 -999 317.94446
0.08715 0.91440 0.03230 -1.02223 317.94446 0.00000 266.62695 -1.00000 0.00000 -999 317.94446
0.08426 0.91440 0.03223 -1.03534 320.22592 0.00000 266.62150 -1.00000 0.00000 -999 320.22592
0.08138 0.91440 0.03214 -1.04896 322.52968 0.00000 266.61586 -1.00000 0.00000 -999 322.52968
0.08138 0.91440 0.03214 -1.04896 322.52969 0.00000 266.61586 -1.00000 0.00000 -999 322.52969
0.08138 0.91440 0.03214 -1.04896 322.52969 0.00000 266.61586 -1.00000 0.00000 -999 322.52969
0.07850 0.91440 0.03203 -1.06286 324.84399 0.00000 266.61008 -1.00000 0.00000 -999 324.84399
0.07850 0.91440 0.03203 -1.06286 324.84400 0.00000 266.61008 -1.00000 0.00000 -999 324.84400
0.07562 0.91440 0.03191 -1.07709 327.18109 0.00000 266.60413 -1.00000 0.00000 -999 327.18109
0.07273 0.91440 0.03178 -1.09191 329.56199 0.00000 266.59797 -1.00000 0.00000 -999 329.56199
0.07273 0.91440 0.03178 -1.09191 329.56200 0.00000 266.59797 -1.00000 0.00000 -999 329.56200
0.07273 0.91440 0.03178 -1.09191 329.56201 0.00000 266.59797 -1.00000 0.00000 -999 329.56201
0.06985 0.91440 0.03162 -1.10725 332.01242 0.00000 266.59159 -1.00000 0.00000 -999 332.01242
0.06985 0.91440 0.03162 -1.10725 332.01243 0.00000 266.59159 -1.00000 0.00000 -999 332.01243
0.06697 0.91440 0.03144 -1.12303 334.57279 0.00000 266.58500 -1.00000 0.00000 -999 334.57279
0.06410 0.91440 0.03124 -1.13934 337.29650 0.00000 266.57817 -1.00000 0.00000 -999 337.29650
0.06410 0.91440 0.03124 -1.13934 337.29651 0.00000 266.57817 -1.00000 0.00000 -999 337.29651
0.06410 0.91440 0.03124 -1.13934 337.29652 0.00000 266.57817 -1.00000 0.00000 -999 337.29652
0.06122 0.91440 0.03103 -1.15646 340.22780 0.00000 266.57103 -1.00000 0.00000 -999 340.22780
0.06122 0.91440 0.03103 -1.15646 340.22781 0.00000 266.57103 -1.00000 0.00000 -999 340.22781
0.05835 0.91440 0.03078 -1.17426 343.39089 0.00000 266.56360 -1.00000 0.00000 -999 343.39089
0.05835 0.91440 0.03078 -1.17426 343.39091 0.00000 266.56360 -1.00000 0.00000 -999 343.39091
0.05547 0.91440 0.03052 -1.19268 346.80216 0.00000 266.55587 -1.00000 0.00000 -999 346.80216
0.05547 0.91440 0.03052 -1.19268 346.80218 0.00000 266.55587 -1.00000 0.00000 -999 346.80218
0.05260 0.91440 0.03023 -1.21192 350.47800 0.00000 266.54778 -1.00000 0.00000 -999 350.47800
0.04974 0.91440 0.02991 -1.23230 354.42245 0.00000 266.53927 -1.00000 0.00000 -999 354.42245
0.04974 0.91440 0.02991 -1.23230 354.42246 0.00000 266.53927 -1.00000 0.00000 -999 354.42246
0.04687 0.91440 0.02956 -1.25352 358.62746 0.00000 266.53034 -1.00000 0.00000 -999 358.62746
0.04687 0.91440 0.02956 -1.25352 358.62747 0.00000 266.53034 -1.00000 0.00000 -999 358.62747
0.04687 0.91440 0.02956 -1.25352 358.62749 0.00000 266.53034 -1.00000 0.00000 -999 358.62749
0.04401 0.91440 0.02918 -1.27575 363.08684 0.00000 266.52095 -1.00000 0.00000 -999 363.08684
0.04401 0.91440 0.02918 -1.27575 363.08686 0.00000 266.52095 -1.00000 0.00000 -999 363.08686
0.04116 0.91440 0.02876 -1.29953 367.76827 0.00000 266.51098 -1.00000 0.00000 -999 367.76827
0.04116 0.91440 0.02876 -1.29953 367.76828 0.00000 266.51098 -1.00000 0.00000 -999 367.76828
0.03831 0.91440 0.02831 -1.32453 372.61489 0.00000 266.50043 -1.00000 0.00000 -999 372.61489
0.03831 0.91440 0.02831 -1.32453 372.61491 0.00000 266.50043 -1.00000 0.00000 -999 372.61491
0.03547 0.91440 0.02782 -1.35086 377.62048 0.00000 266.48924 -1.00000 0.00000 -999 377.62048
0.03547 0.91440 0.02782 -1.35086 377.62050 0.00000 266.48924 -1.00000 0.00000 -999 377.62050
0.03263 0.91440 0.02729 -1.37941 383.38215 0.00000 266.47605 -1.00000 0.00000 -999 383.38215
0.03263 0.91440 0.02729 -1.37941 383.38217 0.00000 266.47605 -1.00000 0.00000 -999 383.38217
0.02981 0.91440 0.02670 -1.40954 389.79271 0.00000 266.46156 -1.00000 0.00000 -999 389.79271
0.02981 0.91440 0.02670 -1.40954 389.79274 0.00000 266.46156 -1.00000 0.00000 -999 389.79273
0.02700 0.91440 0.02606 -1.44141 402.21865 0.00283 265.71797 -0.33333 0.00005 -999 396.06400
0.02700 0.91440 0.02606 -1.44141 402.21874 0.00283 265.71796 -0.33333 0.00005 -999 396.06403
0.02420 0.91440 0.02536 -1.47622 429.80505 0.00932 265.31564 0.33333 0.00022 -999 402.77805
0.02420 0.91440 0.02536 -1.47622 429.80520 0.00932 265.31564 0.33334 0.00022 -999 402.77808
0.02142 0.91440 0.02459 -1.51179 468.02666 0.01775 265.20949 1.00000 0.00047 -999 409.90698
0.02142 0.91440 0.02459 -1.51179 468.02681 0.01775 265.20949 1.00000 0.00047 -999 409.90700
0.01866 0.91440 0.02374 -1.55063 515.43697 0.02908 265.36477 1.00000 0.00079 -999 417.60706
0.01866 0.91440 0.02374 -1.55063 515.43714 0.02908 265.36477 1.00000 0.00079 -999 417.60709
0.01594 0.91440 0.02279 -1.58755 553.07666 0.03762 265.46451 1.00000 0.00103 -999 423.89257
0.01325 0.91440 0.02173 -1.62591 596.99115 0.04792 265.56603 1.00000 0.00133 -999 430.05146
0.01325 0.91440 0.02173 -1.62591 596.99137 0.04792 265.56603 1.00000 0.00133 -999 430.05149
0.01063 0.91440 0.02054 -1.64873 663.09057 0.06458 265.72524 1.00000 0.00181 -999 436.71689
0.01063 0.91440 0.02054 -1.64873 663.09080 0.06458 265.72524 1.00000 0.00181 -999 436.71691
0.00809 0.91440 0.01916 -1.65400 732.52386 0.08552 265.91446 1.00000 0.00240 -999 440.03720
0.00809 0.91440 0.01916 -1.65400 732.52412 0.08552 265.91446 1.00000 0.00240 -999 440.03720
0.00592 0.91440 0.01774 -1.61848 845.16140 0.13762 266.37020 1.00000 0.00380 -999 439.59535
0.00592 0.91440 0.01774 -1.61848 845.16187 0.13762 266.37021 1.00000 0.00380 -999 439.59534
0.00417 0.91440 0.01632 -1.52032 993.52565 0.23493 267.21247 1.00000 0.00627 -999 438.89817
0.00417 0.91440 0.01632 -1.52032 993.52611 0.23493 267.21247 1.00000 0.00627 -999 438.89817
0.00280 0.91440 0.01492 -1.32247 1056.13745 0.32604 268.03730 1.00000 0.00809 -999 443.61228
0.00280 0.91440 0.01492 -1.32247 1056.13769 0.32604 268.03731 1.00000 0.00809 -999 443.61230
0.00176 0.91440 0.01352 -1.03356 1106.54028 0.42506 268.92534 1.00000 0.00933 -999 455.56809
0.00176 0.91440 0.01352 -1.03356 1106.54045 0.42506 268.92534 1.00000 0.00933 -999 455.56814
0.00103 0.91440 0.01214 -0.64132 1134.89909 0.52142 269.83756 1.00000 0.00947 -999 466.53512
0.00103 0.91440 0.01214 -0.64132 1134.89915 0.52142 269.83756 1.00000 0.00947 -999 466.53515
0.00055 0.91440 0.01073 -0.18609 1093.81177 0.62759 271.15453 1.00000 0.00781 -999 462.09686
0.00055 0.91440 0.01073 -0.18609 1093.81165 0.62759 271.15454 1.00000 0.00781 -999 462.09684
0.00055 0.91440 0.01073 -0.18609 1093.81113 0.62759 271.15454 1.00000 0.00781 -999 462.09677
0.00032 0.91440 0.00930 0.24820 907.83017 0.70514 272.77481 0.91724 0.00474 -999 438.43800
0.00032 0.91440 0.00930 0.24820 907.82915 0.70514 272.77481 0.91724 0.00474 -999 438.43790
0.00035 0.91440 0.00785 0.62175 623.33372 0.73148 273.15000 0.66102 0.00187 -999 410.33721
0.00035 0.91440 0.00785 0.62175 623.33291 0.73148 273.15000 0.66102 0.00187 -999 410.33711
0.00063 0.91440 0.00638 0.87227 438.04881 0.73618 273.15000 0.49388 0.00050 -999 381.35084
0.00063 0.91440 0.00638 0.87227 438.04845 0.73618 273.15000 0.49388 0.00050 -999 381.35074
0.00117 0.91440 0.00490 1.00577 359.33064 0.71127 273.15000 0.43787 0.00006 -999 352.91285
0.00117 0.91440 0.00490 1.00577 359.33049 0.71127 273.15000 0.43787 0.00006 -999 352.91275
0.00202 0.91440 0.00337 1.03041 325.59529 0.65718 273.15000 0.43589 0.00002 -999 324.12510
0.00202 0.91440 0.00337 1.03041 325.59522 0.65718 273.15000 0.43589 0.00002 -999 324.12499
0.00318 0.91440 0.00178 0.98160 309.73372 0.59159 273.15000 0.45907 0.00016 -999 295.24201
0.00318 0.91440 0.00178 0.98160 309.73370 0.59159 273.15000 0.45907 0.00016 -999 295.24191
0.00474 0.91440 0.00013 0.88673 304.03382 0.53799 273.15000 0.49141 0.00036 -999 274.45999
0.00672 0.91440 -0.00160 0.77102 302.83510 0.48129 273.15000 0.53934 0.00059 -999 257.52180
0.00672 0.91440 -0.00160 0.77102 302.83509 0.48129 273.15000 0.53934 0.00059 -999 257.52173
0.00905 0.91440 -0.00332 0.65498 307.32819 0.40557 273.15000 0.63797 0.00096 -999 239.44326
0.00905 0.91440 -0.00332 0.65498 307.32820 0.40557 273.15000 0.63797 0.00096 -999 239.44320
0.00905 0.91440 -0.00332 0.65498 307.32823 0.40557 273.15000 0.63797 0.00096 -999 239.44318
0.01150 0.91440 -0.00487 0.55624 316.36020 0.34884 273.15000 0.74674 0.00124 -999 231.78541
0.01402 0.91440 -0.00629 0.47345 329.84821 0.31200 273.15000 0.85568 0.00146 -999 231.35600
0.01402 0.91440 -0.00629 0.47345 329.84827 0.31200 273.15000 0.85568 0.00146 -999 231.35599
0.01660 0.91440 -0.00761 0.40310 351.84860 0.27699 272.67218 0.97563 0.00171 -999 235.72643
0.01660 0.91440 -0.00761 0.40310 351.84867 0.27699 272.67218 0.97563 0.00171 -999 235.72645
0.01923 0.91440 -0.00884 0.34320 363.01288 0.24962 271.95556 1.00000 0.00173 -999 241.93180
0.01923 0.91440 -0.00884 0.34320 363.01292 0.24962 271.95556 1.00000 0.00173 -999 241.93183
0.02189 0.91440 -0.00999 0.29144 370.95801 0.22369 271.25378 1.00000 0.00168 -999 249.56699
0.02189 0.91440 -0.00999 0.29144 370.95803 0.22369 271.25378 1.00000 0.00168 -999 249.56702
0.02458 0.91440 -0.01108 0.24653 376.13814 0.19885 270.61558 1.00000 0.00160 -999 256.83869
0.02458 0.91440 -0.01108 0.24653 376.13815 0.19885 270.61558 1.00000 0.00160 -999 256.83871
0.02729 0.91440 -0.01210 0.20701 377.95895 0.17897 270.12746 1.00000 0.00152 -999 262.22560
0.02729 0.91440 -0.01210 0.20701 377.95897 0.17897 270.12746 1.00000 0.00152 -999 262.22562
0.03002 0.91440 -0.01307 0.17209 378.50712 0.16269 269.73088 1.00000 0.00144 -999 266.59205
0.03002 0.91440 -0.01307 0.17209 378.50711 0.16269 269.73088 1.00000 0.00144 -999 266.59206
0.03002 0.91440 -0.01307 0.17209 378.50710 0.16269 269.73087 1.00000 0.00144 -999 266.59207
0.03277 0.91440 -0.01400 0.14114 374.73844 0.14456 269.32442 1.00000 0.00133 -999 269.89818
0.03277 0.91440 -0.01400 0.14114 374.73843 0.14456 269.32442 1.00000 0.00133 -999 269.89819
0.03553 0.91440 -0.01488 0.11320 370.17132 0.12940 268.98530 1.00000 0.00122 -999 272.15546
0.03553 0.91440 -0.01488 0.11320 370.17130 0.12940 268.98530 1.00000 0.00122 -999 272.15547
0.03830 0.91440 -0.01573 0.08818 365.27879 0.11669 268.69928 1.00000 0.00114 -999 273.65432
0.03830 0.91440 -0.01573 0.08818 365.27877 0.11669 268.69928 1.00000 0.00114 -999 273.65432
0.04109 0.91440 -0.01654 0.06563 360.45212 0.10592 268.45345 1.00000 0.00106 -999 274.71564
0.04388 0.91440 -0.01731 0.04502 353.24903 0.09353 268.17138 1.00000 0.00095 -999 275.50196
0.04388 0.91440 -0.01731 0.04502 353.24900 0.09353 268.17137 1.00000 0.00095 -999 275.50196
0.04388 0.91440 -0.01731 0.04502 353.24897 0.09353 268.17137 1.00000 0.00095 -999 275.50197
0.04668 0.91440 -0.01805 0.02632 343.05402 0.07869 267.83200 1.00000 0.00082 -999 276.02558
0.04668 0.91440 -0.01805 0.02632 343.05400 0.07869 267.83200 1.00000 0.00082 -999 276.02559
0.04949 0.91440 -0.01877 0.00928 338.65239 0.07181 267.66512 1.00000 0.00076 -999 276.24392
0.04949 0.91440 -0.01877 0.00928 338.65237 0.07181 267.66512 1.00000 0.00076 -999 276.24392
0.05230 0.91440 -0.01946 -0.00646 332.50952 0.06385 267.46505 1.00000 0.00068 -999 276.14324
0.05230 0.91440 -0.01946 -0.00646 332.50948 0.06385 267.46505 1.00000 0.00068 -999 276.14324
0.05513 0.91440 -0.02012 -0.02093 323.05176 0.05279 267.19041 1.00000 0.00057 -999 275.75922
0.05513 0.91440 -0.02012 -0.02093 323.05174 0.05279 267.19041 1.00000 0.00057 -999 275.75922
0.05795 0.91440 -0.02076 -0.03418 318.13545 0.04738 267.05180 1.00000 0.00052 -999 275.16447
0.05795 0.91440 -0.02076 -0.03418 318.13543 0.04738 267.05180 1.00000 0.00052 -999 275.16446
0.06079 0.91440 -0.02138 -0.04640 315.30930 0.04465 266.97691 1.00000 0.00050 -999 274.44564
0.06079 0.91440 -0.02138 -0.04640 315.30929 0.04465 266.97691 1.00000 0.00050 -999 274.44563
0.06362 0.91440 -0.02198 -0.05779 312.87790 0.04248 266.91733 1.00000 0.00048 -999 273.67615
0.06646 0.91440 -0.02255 -0.06828 311.15179 0.04116 266.87978 1.00000 0.00047 -999 272.90149
0.06646 0.91440 -0.02255 -0.06828 311.15178 0.04116 266.87978 1.00000 0.00047 -999 272.90148
0.06646 0.91440 -0.02255 -0.06828 311.15177 0.04116 266.87978 1.00000 0.00047 -999 272.90148
0.06931 0.91440 -0.02311 -0.07796 308.72252 0.03911 266.82284 1.00000 0.00045 -999 272.14469
0.06931 0.91440 -0.02311 -0.07796 308.72251 0.03911 266.82284 1.00000 0.00045 -999 272.14469
0.07216 0.91440 -0.02365 -0.08697 305.45208 0.03618 266.74170 1.00000 0.00042 -999 271.41286
0.07216 0.91440 -0.02365 -0.08697 305.45207 0.03618 266.74170 1.00000 0.00042 -999 271.41286
0.07501 0.91440 -0.02417 -0.09537 303.57889 0.03477 266.70127 1.00000 0.00041 -999 270.69684
0.07501 0.91440 -0.02417 -0.09537 303.57888 0.03477 266.70127 1.00000 0.00041 -999 270.69684
0.07786 0.91440 -0.02467 -0.10318 301.36162 0.03303 266.65209 1.00000 0.00039 -999 269.97868
0.08072 0.91440 -0.02516 -0.11039 299.03918 0.03124 266.60090 1.00000 0.00037 -999 269.24581
0.08072 0.91440 -0.02516 -0.11039 299.03917 0.03124 266.60090 1.00000 0.00037 -999 269.24581
0.08072 0.91440 -0.02516 -0.11039 299.03916 0.03124 266.60090 1.00000 0.00037 -999 269.24581
0.08358 0.91440 -0.02563 -0.11712 296.92453 0.02970 266.55684 1.00000 0.00035 -999 268.50037
0.08358 0.91440 -0.02563 -0.11712 296.92452 0.02970 266.55684 1.00000 0.00035 -999 268.50037
0.08644 0.91440 -0.02609 -0.12345 295.01240 0.02840 266.51919 1.00000 0.00034 -999 267.75208
0.08644 0.91440 -0.02609 -0.12345 295.01240 0.02840 266.51919 1.00000 0.00034 -999 267.75207
0.08933 0.91440 -0.02653 -0.12935 292.71998 0.02680 266.47271 1.00000 0.00032 -999 266.92422
0.08933 0.91440 -0.02653 -0.12935 292.71997 0.02680 266.47271 1.00000 0.00032 -999 266.92421
0.09236 0.91440 -0.02699 -0.13501 290.58465 0.02527 266.42786 1.00000 0.00031 -999 266.21503
0.09555 0.91440 -0.02745 -0.14061 288.89769 0.02416 266.39514 1.00000 0.00029 -999 265.56838
0.09555 0.91440 -0.02745 -0.14061 288.89768 0.02416 266.39514 1.00000 0.00029 -999 265.56838
0.09890 0.91440 -0.02791 -0.14595 286.52073 0.02257 266.34815 1.00000 0.00028 -999 264.69114
0.09890 0.91440 -0.02791 -0.14595 286.52072 0.02257 266.34815 1.00000 0.00028 -999 264.69114
0.10242 0.91440 -0.02838 -0.15114 284.06554 0.02096 266.29991 1.00000 0.00026 -999 263.77178
0.10242 0.91440 -0.02838 -0.15114 284.06552 0.02096 266.29991 1.00000 0.00026 -999 263.77177
0.10611 0.91440 -0.02886 -0.15612 281.27061 0.01927 266.24898 1.00000 0.00024 -999 262.59222
0.10611 0.91440 -0.02886 -0.15612 281.27060 0.01927 266.24898 1.00000 0.00024 -999 262.59221
0.10611 0.91440 -0.02886 -0.15612 281.27059 0.01927 266.24898 1.00000 0.00024 -999 262.59221
0.11000 0.91440 -0.02934 -0.16083 278.05769 0.01725 266.18752 1.00000 0.00021 -999 261.33751
0.11000 0.91440 -0.02934 -0.16083 278.05768 0.01725 266.18752 1.00000 0.00021 -999 261.33751
0.11408 0.91440 -0.02982 -0.16531 275.45494 0.01572 266.14025 1.00000 0.00020 -999 260.22549
0.11408 0.91440 -0.02982 -0.16531 275.45493 0.01572 266.14025 1.00000 0.00020 -999 260.22548
0.11837 0.91440 -0.03030 -0.16954 272.65681 0.01409 266.08978 1.00000 0.00018 -999 259.01927
0.11837 0.91440 -0.03030 -0.16954 272.65680 0.01409 266.08978 1.00000 0.00018 -999 259.01927
0.12288 0.91440 -0.03079 -0.17340 269.55990 0.01226 266.03227 1.00000 0.00015 -999 257.71156
0.12288 0.91440 -0.03079 -0.17340 269.55989 0.01226 266.03227 1.00000 0.00015 -999 257.71155
0.12761 0.91440 -0.03127 -0.17702 266.41494 0.01048 265.97569 1.00000 0.00013 -999 256.30928
0.12761 0.91440 -0.03127 -0.17702 266.41493 0.01048 265.97569 1.00000 0.00013 -999 256.30928
0.13258 0.91440 -0.03175 -0.18025 263.35826 0.00885 265.92319 1.00000 0.00011 -999 254.84985
0.13258 0.91440 -0.03175 -0.18025 263.35825 0.00885 265.92319 1.00000 0.00011 -999 254.84984
0.13781 0.91440 -0.03223 -0.18313 261.06995 0.00768 265.88484 1.00000 0.00010 -999 253.71178
0.14302 0.91440 -0.03267 -0.18565 258.21209 0.00620 265.83603 1.00000 0.00008 -999 252.28898
0.14302 0.91440 -0.03267 -0.18565 258.21208 0.00620 265.83603 1.00000 0.00008 -999 252.28897
0.14302 0.91440 -0.03267 -0.18565 258.21207 0.00620 265.83603 1.00000 0.00008 -999 252.28897
0.14823 0.91440 -0.03309 -0.18757 254.81028 0.00439 265.77501 1.00000 0.00006 -999 250.63626
0.14823 0.91440 -0.03309 -0.18757 254.81026 0.00439 265.77501 1.00000 0.00006 -999 250.63625
0.15345 0.91440 -0.03349 -0.18921 251.61278 0.00279 265.96860 0.33333 0.00003 -999 249.36656
0.15345 0.91440 -0.03349 -0.18921 251.61278 0.00279 265.96860 0.33333 0.00003 -999 249.36656
0.15866 0.91440 -0.03386 -0.19040 249.35877 0.00233 266.08318 -0.50000 0.00001 -999 248.41392
0.16388 0.91440 -0.03421 -0.19130 247.22001 0.00096 266.54432 -1.00000 0.00000 -999 247.22001
0.16388 0.91440 -0.03421 -0.19130 247.22001 0.00096 266.54432 -1.00000 0.00000 -999 247.22001
0.16388 0.91440 -0.03421 -0.19130 247.22000 0.00096 266.54433 -1.00000 0.00000 -999 247.22000
0.16910 0.91440 -0.03454 -0.19188 245.87809 0.00000 266.96433 -1.00000 0.00000 -999 245.87809
0.16910 0.91440 -0.03454 -0.19188 245.87809 0.00000 266.96433 -1.00000 0.00000 -999 245.87809
0.17432 0.91440 -0.03484 -0.19219 244.84723 0.00000 266.96423 -1.00000 0.00000 -999 244.84723
0.17432 0.91440 -0.03484 -0.19219 244.84722 0.00000 266.96423 -1.00000 0.00000 -999 244.84722
0.17955 0.91440 -0.03513 -0.19220 243.64757 0.00000 266.96421 -1.00000 0.00000 -999 243.64757
0.17955 0.91440 -0.03513 -0.19220 243.64757 0.00000 266.96421 -1.00000 0.00000 -999 243.64757
0.18477 0.91440 -0.03539 -0.19204 242.43859 0.00000 266.96428 -1.00000 0.00000 -999 242.43859
0.18477 0.91440 -0.03539 -0.19204 242.43859 0.00000 266.96428 -1.00000 0.00000 -999 242.43859
0.19000 0.91440 -0.03564 -0.19166 241.22497 0.00000 266.96444 -1.00000 0.00000 -999 241.22497
0.19000 0.91440 -0.03564 -0.19166 241.22496 0.00000 266.96444 -1.00000 0.00000 -999 241.22496
0.19522 0.91440 -0.03587 -0.19104 240.01501 0.00000 266.96468 -1.00000 0.00000 -999 240.01501
0.19522 0.91440 -0.03587 -0.19104 240.01501 0.00000 266.96468 -1.00000 0.00000 -999 240.01501
0.20045 0.91440 -0.03608 -0.19024 238.82152 0.00000 266.96499 -1.00000 0.00000 -999 238.82152
0.20567 0.91440 -0.03628 -0.18929 237.65643 0.00000 266.96537 -1.00000 0.00000 -999 237.65643
0.20567 0.91440 -0.03628 -0.18929 237.65643 0.00000 266.96537 -1.00000 0.00000 -999 237.65643
0.20567 0.91440 -0.03628 -0.18929 237.65642 0.00000 266.96537 -1.00000 0.00000 -999 237.65642
0.21090 0.91440 -0.03646 -0.18818 236.52749 0.00000 266.96581 -1.00000 0.00000 -999 236.52749
0.21613 0.91440 -0.03662 -0.18692 235.33728 0.00000 266.96636 -1.00000 0.00000 -999 235.33728
0.21613 0.91440 -0.03662 -0.18692 235.33727 0.00000 266.96636 -1.00000 0.00000 -999 235.33727
0.21613 0.91440 -0.03662 -0.18692 235.33727 0.00000 266.96636 -1.00000 0.00000 -999 235.33727
0.22136 0.91440 -0.03677 -0.18554 234.38859 0.00000 266.96686 -1.00000 0.00000 -999 234.38859
0.22659 0.91440 -0.03690 -0.18403 233.47401 0.00000 266.96740 -1.00000 0.00000 -999 233.47401
0.22659 0.91440 -0.03690 -0.18403 233.47401 0.00000 266.96740 -1.00000 0.00000 -999 233.47401
0.23182 0.91440 -0.03702 -0.18240 232.39978 0.00000 266.96811 -1.00000 0.00000 -999 232.39978
0.23182 0.91440 -0.03702 -0.18240 232.39978 0.00000 266.96811 -1.00000 0.00000 -999 232.39978
0.23182 0.91440 -0.03702 -0.18240 232.39978 0.00000 266.96811 -1.00000 0.00000 -999 232.39978
0.23705 0.91440 -0.03712 -0.18067 231.44533 0.00000 266.96880 -1.00000 0.00000 -999 231.44533
0.24227 0.91440 -0.03722 -0.17884 230.63218 0.00000 266.96942 -1.00000 0.00000 -999 230.63218
0.24227 0.91440 -0.03722 -0.17884 230.63217 0.00000 266.96942 -1.00000 0.00000 -999 230.63217
0.24750 0.91440 -0.03730 -0.17693 229.78609 0.00000 266.97011 -1.00000 0.00000 -999 229.78609
0.24750 0.91440 -0.03730 -0.17693 229.78609 0.00000 266.97011 -1.00000 0.00000 -999 229.78609
0.25273 0.91440 -0.03736 -0.17493 228.86284 0.00000 266.97090 -1.00000 0.00000 -999 228.86284
0.25273 0.91440 -0.03736 -0.17493 228.86284 0.00000 266.97090 -1.00000 0.00000 -999 228.86284
0.25797 0.91440 -0.03742 -0.17286 227.94054 0.00000 266.97171 -1.00000 0.00000 -999 227.94054
0.25797 0.91440 -0.03742 -0.17286 227.94053 0.00000 266.97171 -1.00000 0.00000 -999 227.94053
0.26320 0.91440 -0.03746 -0.17071 227.01638 0.00000 266.97256 -1.00000 0.00000 -999 227.01638
0.26320 0.91440 -0.03746 -0.17071 227.01637 0.00000 266.97256 -1.00000 0.00000 -999 227.01637
0.26843 0.91440 -0.03750 -0.16850 226.08941 0.00000 266.97343 -1.00000 0.00000 -999 226.08941
0.26843 0.91440 -0.03750 -0.16850 226.08941 0.00000 266.97343 -1.00000 0.00000 -999 226.08941
0.27366 0.91440 -0.03752 -0.16623 225.16013 0.00000 266.97433 -1.00000 0.00000 -999 225.16013
0.27366 0.91440 -0.03752 -0.16623 225.16013 0.00000 266.97433 -1.00000 0.00000 -999 225.16013
0.27889 0.91440 -0.03753 -0.16389 224.23028 0.00000 266.97525 -1.00000 0.00000 -999 224.23028
0.27889 0.91440 -0.03753 -0.16389 224.23028 0.00000 266.97525 -1.00000 0.00000 -999 224.23028
0.28412 0.91440 -0.03753 -0.16150 223.30270 0.00000 266.97620 -1.00000 0.00000 -999 223.30270
0.28412 0.91440 -0.03753 -0.16150 223.30270 0.00000 266.97620 -1.00000 0.00000 -999 223.30270
0.28935 0.91440 -0.03752 -0.15906 222.38078 0.00000 266.97716 -1.00000 0.00000 -999 222.38078
0.28935 0.91440 -0.03752 -0.15906 222.38077 0.00000 266.97716 -1.00000 0.00000 -999 222.38077
0.29458 0.91440 -0.03750 -0.15657 221.46794 0.00000 266.97815 -1.00000 0.00000 -999 221.46794
0.29458 0.91440 -0.03750 -0.15657 221.46794 0.00000 266.97815 -1.00000 0.00000 -999 221.46794
0.29981 0.91440 -0.03747 -0.15402 220.56758 0.00000 266.97915 -1.00000 0.00000 -999 220.56758
0.29981 0.91440 -0.03747 -0.15402 220.56758 0.00000 266.97915 -1.00000 0.00000 -999 220.56758
0.30504 0.91440 -0.03743 -0.15143 219.68264 0.00000 266.98018 -1.00000 0.00000 -999 219.68264
0.30504 0.91440 -0.03743 -0.15143 219.68264 0.00000 266.98018 -1.00000 0.00000 -999 219.68264
0.31027 0.91440 -0.03739 -0.14880 218.81527 0.00000 266.98122 -1.00000 0.00000 -999 218.81527
0.31027 0.91440 -0.03739 -0.14880 218.81527 0.00000 266.98122 -1.00000 0.00000 -999 218.81527
0.31550 0.91440 -0.03733 -0.14611 217.96676 0.00000 266.98228 -1.00000 0.00000 -999 217.96676
0.31550 0.91440 -0.03733 -0.14611 217.96676 0.00000 266.98228 -1.00000 0.00000 -999 217.96676
0.32073 0.91440 -0.03727 -0.14338 217.13750 0.00000 266.98336 -1.00000 0.00000 -999 217.13750
0.32073 0.91440 -0.03727 -0.14338 217.13750 0.00000 266.98336 -1.00000 0.00000 -999 217.13750
0.32596 0.91440 -0.03720 -0.14060 216.32715 0.00000 266.98446 -1.00000 0.00000 -999 216.32715
0.32596 0.91440 -0.03720 -0.14060 216.32715 0.00000 266.98446 -1.00000 0.00000 -999 216.32715
0.33119 0.91440 -0.03712 -0.13777 215.53488 0.00000 266.98558 -1.00000 0.00000 -999 215.53488
0.33119 0.91440 -0.03712 -0.13777 215.53488 0.00000 266.98558 -1.00000 0.00000 -999 215.53488
0.33642 0.91440 -0.03703 -0.13490 214.75921 0.00000 266.98672 -1.00000 0.00000 -999 214.75921
0.33642 0.91440 -0.03703 -0.13490 214.75921 0.00000 266.98672 -1.00000 0.00000 -999 214.75921
0.34165 0.91440 -0.03693 -0.13197 213.90255 0.00000 266.98802 -1.00000 0.00000 -999 213.90255
0.34165 0.91440 -0.03693 -0.13197 213.90255 0.00000 266.98802 -1.00000 0.00000 -999 213.90255
0.34688 0.91440 -0.03683 -0.12901 213.08436 0.00000 266.98931 -1.00000 0.00000 -999 213.08436
0.34688 0.91440 -0.03683 -0.12901 213.08435 0.00000 266.98931 -1.00000 0.00000 -999 213.08435
0.35211 0.91440 -0.03672 -0.12598 212.34503 0.00000 266.99051 -1.00000 0.00000 -999 212.34503
0.35211 0.91440 -0.03672 -0.12598 212.34503 0.00000 266.99051 -1.00000 0.00000 -999 212.34503
0.35734 0.91440 -0.03660 -0.12289 211.61007 0.00000 266.99174 -1.00000 0.00000 -999 211.61007
0.35734 0.91440 -0.03660 -0.12289 211.61007 0.00000 266.99174 -1.00000 0.00000 -999 211.61007
0.36257 0.91440 -0.03647 -0.11975 210.87706 0.00000 266.99299 -1.00000 0.00000 -999 210.87706
0.36257 0.91440 -0.03647 -0.11975 210.87706 0.00000 266.99299 -1.00000 0.00000 -999 210.87706
0.36779 0.91440 -0.03634 -0.11653 210.14396 0.00000 266.99426 -1.00000 0.00000 -999 210.14396
0.36779 0.91440 -0.03634 -0.11653 210.14396 0.00000 266.99426 -1.00000 0.00000 -999 210.14396
0.37302 0.91440 -0.03620 -0.11326 209.40936 0.00000 266.99555 -1.00000 0.00000 -999 209.40936
0.37302 0.91440 -0.03620 -0.11326 209.40936 0.00000 266.99555 -1.00000 0.00000 -999 209.40936
0.37825 0.91440 -0.03605 -0.10995 208.66939 0.00000 266.99688 -1.00000 0.00000 -999 208.66939
0.37825 0.91440 -0.03605 -0.10995 208.66939 0.00000 266.99688 -1.00000 0.00000 -999 208.66939
0.38348 0.91440 -0.03589 -0.10651 207.92034 0.00000 266.99823 -1.00000 0.00000 -999 207.92034
0.38348 0.91440 -0.03589 -0.10651 207.92033 0.00000 266.99823 -1.00000 0.00000 -999 207.92033
0.38871 0.91440 -0.03573 -0.10299 207.16181 0.00000 266.99963 -1.00000 0.00000 -999 207.16181
0.38871 0.91440 -0.03573 -0.10299 207.16181 0.00000 266.99963 -1.00000 0.00000 -999 207.16181
0.39394 0.91440 -0.03556 -0.09941 206.39361 0.00000 267.00105 -1.00000 0.00000 -999 206.39361
0.39394 0.91440 -0.03556 -0.09941 206.39361 0.00000 267.00105 -1.00000 0.00000 -999 206.39361
0.39916 0.91440 -0.03539 -0.09572 205.71989 0.00000 267.00231 -1.00000 0.00000 -999 205.71989
0.39916 0.91440 -0.03539 -0.09572 205.71988 0.00000 267.00231 -1.00000 0.00000 -999 205.71988
0.40439 0.91440 -0.03521 -0.09192 204.99985 0.00000 267.00368 -1.00000 0.00000 -999 204.99985
0.40439 0.91440 -0.03521 -0.09192 204.99985 0.00000 267.00368 -1.00000 0.00000 -999 204.99985
0.40962 0.91440 -0.03502 -0.08801 204.09285 0.00000 267.00542 -1.00000 0.00000 -999 204.09285
0.40962 0.91440 -0.03502 -0.08801 204.09285 0.00000 267.00542 -1.00000 0.00000 -999 204.09285
0.40962 0.91440 -0.03502 -0.08801 204.09285 0.00000 267.00542 -1.00000 0.00000 -999 204.09285
0.41484 0.91440 -0.03482 -0.08397 203.19403 0.00000 267.00717 -1.00000 0.00000 -999 203.19403
0.41484 0.91440 -0.03482 -0.08397 203.19403 0.00000 267.00717 -1.00000 0.00000 -999 203.19403
0.42007 0.91440 -0.03462 -0.07978 202.35539 0.00000 267.00883 -1.00000 0.00000 -999 202.35539
0.42007 0.91440 -0.03462 -0.07978 202.35539 0.00000 267.00883 -1.00000 0.00000 -999 202.35539
0.42530 0.91440 -0.03441 -0.07543 201.49875 0.00000 267.01055 -1.00000 0.00000 -999 201.49875
0.42530 0.91440 -0.03441 -0.07543 201.49875 0.00000 267.01055 -1.00000 0.00000 -999 201.49875
0.43052 0.91440 -0.03420 -0.07091 200.62302 0.00000 267.01234 -1.00000 0.00000 -999 200.62302
0.43052 0.91440 -0.03420 -0.07091 200.62301 0.00000 267.01234 -1.00000 0.00000 -999 200.62301
0.43575 0.91440 -0.03397 -0.06621 199.72720 0.00000 267.01420 -1.00000 0.00000 -999 199.72720
0.43575 0.91440 -0.03397 -0.06621 199.72719 0.00000 267.01420 -1.00000 0.00000 -999 199.72719
0.44098 0.91440 -0.03374 -0.06130 198.80950 0.00000 267.01614 -1.00000 0.00000 -999 198.80950
0.44098 0.91440 -0.03374 -0.06130 198.80950 0.00000 267.01614 -1.00000 0.00000 -999 198.80950
0.44620 0.91440 -0.03351 -0.05616 197.99471 0.00000 267.01790 -1.00000 0.00000 -999 197.99471
0.45143 0.91440 -0.03327 -0.05074 196.98627 0.00000 267.02011 -1.00000 0.00000 -999 196.98627
0.45143 0.91440 -0.03327 -0.05074 196.98626 0.00000 267.02011 -1.00000 0.00000 -999 196.98626
0.45665 0.91440 -0.03302 -0.04506 195.88676 0.00000 267.02257 -1.00000 0.00000 -999 195.88676
0.45665 0.91440 -0.03302 -0.04506 195.88675 0.00000 267.02257 -1.00000 0.00000 -999 195.88675
0.46187 0.91440 -0.03276 -0.03903 194.84137 0.00000 267.02496 -1.00000 0.00000 -999 194.84137
0.46187 0.91440 -0.03276 -0.03903 194.84137 0.00000 267.02496 -1.00000 0.00000 -999 194.84137
0.46187 0.91440 -0.03276 -0.03903 194.84137 0.00000 267.02496 -1.00000 0.00000 -999 194.84137
0.46710 0.91440 -0.03250 -0.03262 193.75106 0.00000 267.02749 -1.00000 0.00000 -999 193.75106
0.46710 0.91440 -0.03250 -0.03262 193.75105 0.00000 267.02749 -1.00000 0.00000 -999 193.75105
0.47232 0.91440 -0.03223 -0.02582 192.60835 0.00000 267.03018 -1.00000 0.00000 -999 192.60835
0.47232 0.91440 -0.03223 -0.02582 192.60834 0.00000 267.03018 -1.00000 0.00000 -999 192.60834
0.47754 0.91440 -0.03195 -0.01851 191.40217 0.00000 267.03307 -1.00000 0.00000 -999 191.40217
0.47754 0.91440 -0.03195 -0.01851 191.40216 0.00000 267.03307 -1.00000 0.00000 -999 191.40216
0.48277 0.91440 -0.03166 -0.01066 190.12106 0.00000 267.03618 -1.00000 0.00000 -999 190.12106
0.48277 0.91440 -0.03166 -0.01066 190.12106 0.00000 267.03618 -1.00000 0.00000 -999 190.12106
0.48799 0.91440 -0.03137 -0.00215 188.74828 0.00000 267.03954 -1.00000 0.00000 -999 188.74828
0.48799 0.91440 -0.03137 -0.00215 188.74827 0.00000 267.03954 -1.00000 0.00000 -999 188.74827
0.49321 0.91440 -0.03107 0.00710 187.26477 0.00000 267.04321 -1.00000 0.00000 -999 187.26477
0.49321 0.91440 -0.03107 0.00710 187.26477 0.00000 267.04321 -1.00000 0.00000 -999 187.26477
0.49843 0.91440 -0.03077 0.01730 185.64201 0.00000 267.04723 -1.00000 0.00000 -999 185.64201
0.49843 0.91440 -0.03077 0.01730 185.64200 0.00000 267.04723 -1.00000 0.00000 -999 185.64200
0.50365 0.91440 -0.03045 0.02855 183.84553 0.00000 267.05169 -1.00000 0.00000 -999 183.84553
0.50365 0.91440 -0.03045 0.02855 183.84553 0.00000 267.05169 -1.00000 0.00000 -999 183.84553
0.50887 0.91440 -0.03013 0.04121 181.83251 0.00000 267.05670 -1.00000 0.00000 -999 181.83251
0.50887 0.91440 -0.03013 0.04121 181.83250 0.00000 267.05670 -1.00000 0.00000 -999 181.83250
0.51409 0.91440 -0.02980 0.05550 179.51500 0.00000 267.06237 -1.00000 0.00000 -999 179.51500
0.51409 0.91440 -0.02980 0.05550 179.51499 0.00000 267.06237 -1.00000 0.00000 -999 179.51499
0.51931 0.91440 -0.02946 0.07204 176.86032 0.00000 267.06896 -1.00000 0.00000 -999 176.86032
0.51931 0.91440 -0.02946 0.07204 176.86031 0.00000 267.06896 -1.00000 0.00000 -999 176.86031
0.52453 0.91440 -0.02911 0.09186 174.55210 0.00000 267.07618 -1.00000 0.00000 -999 174.55210
0.52453 0.91440 -0.02911 0.09186 174.55209 0.00000 267.07618 -1.00000 0.00000 -999 174.55209
0.52843 0.91440 -0.02885 0.10846 174.02665 0.00000 267.08290 -1.00000 0.00000 -999 174.02665
0.52843 0.91440 -0.02885 0.10846 174.02667 0.00000 267.08290 -1.00000 0.00000 -999 174.02667
0.53086 0.91440 -0.02868 0.12419 179.00706 0.00000 267.08770 -1.00000 0.00000 -999 179.00706
0.53086 0.91440 -0.02868 0.12419 179.00708 0.00000 267.08770 -1.00000 0.00000 -999 179.00708
0.53238 0.91440 -0.02858 0.12345 184.27886 0.00000 267.08898 -1.00000 0.00000 -999 184.27886

ZONE T="SLICE_Y_0p9144_BINS07_KS_VAR_CUTDATA"
0.53247 0.91440 -0.02724 0.11870 158.53926 0.00000 267.08702 -1.00000 0.00000 -999 158.53926
0.53098 0.91440 -0.02692 0.11887 154.23984 0.00000 267.08585 -1.00000 0.00000 -999 154.23984
0.53098 0.91440 -0.02692 0.11887 154.23982 0.00000 267.08585 -1.00000 0.00000 -999 154.23982
0.52859 0.91440 -0.02641 0.10519 150.87920 0.00000 267.08133 -1.00000 0.00000 -999 150.87920
0.52859 0.91440 -0.02641 0.10519 150.87919 0.00000 267.08133 -1.00000 0.00000 -999 150.87919
0.52477 0.91440 -0.02561 0.08745 153.04818 0.00000 267.07425 -1.00000 0.00000 -999 153.04818
0.52477 0.91440 -0.02561 0.08745 153.04818 0.00000 267.07425 -1.00000 0.00000 -999 153.04818
0.51962 0.91440 -0.02453 0.06419 156.99208 0.00000 267.06575 -1.00000 0.00000 -999 156.99208
0.51962 0.91440 -0.02453 0.06419 156.99210 0.00000 267.06575 -1.00000 0.00000 -999 156.99210
0.51446 0.91440 -0.02346 0.04272 161.10583 0.00000 267.05729 -1.00000 0.00000 -999 161.10583
0.51446 0.91440 -0.02346 0.04272 161.10584 0.00000 267.05729 -1.00000 0.00000 -999 161.10584
0.50930 0.91440 -0.02240 0.02282 164.82141 0.00000 267.04942 -1.00000 0.00000 -999 164.82141
0.50930 0.91440 -0.02240 0.02282 164.82142 0.00000 267.04942 -1.00000 0.00000 -999 164.82142
0.50414 0.91440 -0.02135 0.00409 168.15121 0.00000 267.04204 -1.00000 0.00000 -999 168.15121
0.50414 0.91440 -0.02135 0.00409 168.15123 0.00000 267.04204 -1.00000 0.00000 -999 168.15123
0.50414 0.91440 -0.02135 0.00409 168.15124 0.00000 267.04204 -1.00000 0.00000 -999 168.15124
0.49898 0.91440 -0.02031 -0.01346 171.16076 0.00000 267.03510 -1.00000 0.00000 -999 171.16076
0.49381 0.91440 -0.01927 -0.03008 173.91508 0.00000 267.02854 -1.00000 0.00000 -999 173.91508
0.49381 0.91440 -0.01927 -0.03008 173.91509 0.00000 267.02854 -1.00000 0.00000 -999 173.91509
0.48865 0.91440 -0.01824 -0.04579 176.45250 0.00000 267.02232 -1.00000 0.00000 -999 176.45250
0.48865 0.91440 -0.01824 -0.04579 176.45251 0.00000 267.02232 -1.00000 0.00000 -999 176.45251
0.48348 0.91440 -0.01722 -0.06079 178.81093 0.00000 267.01639 -1.00000 0.00000 -999 178.81093
0.48348 0.91440 -0.01722 -0.06079 178.81094 0.00000 267.01639 -1.00000 0.00000 -999 178.81094
0.47831 0.91440 -0.01620 -0.07509 181.01402 0.00000 267.01072 -1.00000 0.00000 -999 181.01402
0.47831 0.91440 -0.01620 -0.07509 181.01403 0.00000 267.01072 -1.00000 0.00000 -999 181.01403
0.47314 0.91440 -0.01519 -0.08880 183.08428 0.00000 267.00529 -1.00000 0.00000 -999 183.08428
0.47314 0.91440 -0.01519 -0.08880 183.08429 0.00000 267.00529 -1.00000 0.00000 -999 183.08429
0.46797 0.91440 -0.01419 -0.10198 185.03744 0.00000 267.00007 -1.00000 0.00000 -999 185.03744
0.46797 0.91440 -0.01419 -0.10198 185.03744 0.00000 267.00007 -1.00000 0.00000 -999 185.03744
0.46280 0.91440 -0.01320 -0.11468 186.88942 0.00000 266.99503 -1.00000 0.00000 -999 186.88942
0.46280 0.91440 -0.01320 -0.11468 186.88943 0.00000 266.99503 -1.00000 0.00000 -999 186.88943
0.45763 0.91440 -0.01221 -0.12697 188.65146 0.00000 266.99015 -1.00000 0.00000 -999 188.65146
0.45763 0.91440 -0.01221 -0.12697 188.65147 0.00000 266.99015 -1.00000 0.00000 -999 188.65147
0.45763 0.91440 -0.01221 -0.12697 188.65148 0.00000 266.99015 -1.00000 0.00000 -999 188.65148
0.45245 0.91440 -0.01123 -0.13890 190.33497 0.00000 266.98542 -1.00000 0.00000 -999 190.33497
0.44728 0.91440 -0.01026 -0.15048 191.94801 0.00000 266.98081 -1.00000 0.00000 -999 191.94801
0.44728 0.91440 -0.01026 -0.15048 191.94802 0.00000 266.98081 -1.00000 0.00000 -999 191.94802
0.44210 0.91440 -0.00929 -0.16177 193.49938 0.00000 266.97632 -1.00000 0.00000 -999 193.49938
0.44210 0.91440 -0.00929 -0.16177 193.49939 0.00000 266.97632 -1.00000 0.00000 -999 193.49939
0.43692 0.91440 -0.00833 -0.17281 194.99613 0.00000 266.97193 -1.00000 0.00000 -999 194.99613
0.43692 0.91440 -0.00833 -0.17281 194.99613 0.00000 266.97193 -1.00000 0.00000 -999 194.99613
0.43174 0.91440 -0.00738 -0.18361 196.44421 0.00000 266.96764 -1.00000 0.00000 -999 196.44421
0.43174 0.91440 -0.00738 -0.18361 196.44421 0.00000 266.96764 -1.00000 0.00000 -999 196.44421
0.43174 0.91440 -0.00738 -0.18361 196.44422 0.00000 266.96764 -1.00000 0.00000 -999 196.44422
0.42656 0.91440 -0.00643 -0.19419 197.84945 0.00000 266.96342 -1.00000 0.00000 -999 197.84945
0.42138 0.91440 -0.00549 -0.20461 199.21876 0.00000 266.95928 -1.00000 0.00000 -999 199.21876
0.42138 0.91440 -0.00549 -0.20461 199.21877 0.00000 266.95928 -1.00000 0.00000 -999 199.21877
0.41619 0.91440 -0.00456 -0.21486 200.55740 0.00000 266.95519 -1.00000 0.00000 -999 200.55740
0.41619 0.91440 -0.00456 -0.21486 200.55741 0.00000 266.95519 -1.00000 0.00000 -999 200.55741
0.41101 0.91440 -0.00363 -0.22498 201.87009 0.00000 266.95116 -1.00000 0.00000 -999 201.87009
0.41101 0.91440 -0.00363 -0.22498 201.87010 0.00000 266.95116 -1.00000 0.00000 -999 201.87010
0.40582 0.91440 -0.00271 -0.23498 203.16156 0.00000 266.94717 -1.00000 0.00000 -999 203.16156
0.40582 0.91440 -0.00271 -0.23498 203.16156 0.00000 266.94717 -1.00000 0.00000 -999 203.16156
0.40063 0.91440 -0.00180 -0.24487 204.43656 0.00000 266.94322 -1.00000 0.00000 -999 204.43656
0.40063 0.91440 -0.00180 -0.24487 204.43657 0.00000 266.94322 -1.00000 0.00000 -999 204.43657
0.40063 0.91440 -0.00180 -0.24487 204.43657 0.00000 266.94322 -1.00000 0.00000 -999 204.43657
0.39544 0.91440 -0.00089 -0.25469 205.69911 0.00000 266.93931 -1.00000 0.00000 -999 205.69911
0.39544 0.91440 -0.00089 -0.25469 205.69911 0.00000 266.93931 -1.00000 0.00000 -999 205.69911
0.39026 0.91440 0.00001 -0.26443 206.95241 0.00000 266.93542 -1.00000 0.00000 -999 206.95241
0.39026 0.91440 0.00001 -0.26443 206.95241 0.00000 266.93542 -1.00000 0.00000 -999 206.95241
0.38506 0.91440 0.00090 -0.27410 208.19958 0.00000 266.93155 -1.00000 0.00000 -999 208.19958
0.38506 0.91440 0.00090 -0.27410 208.19958 0.00000 266.93155 -1.00000 0.00000 -999 208.19958
0.37987 0.91440 0.00179 -0.28372 209.44531 0.00000 266.92770 -1.00000 0.00000 -999 209.44531
0.37987 0.91440 0.00179 -0.28372 209.44532 0.00000 266.92770 -1.00000 0.00000 -999 209.44532
0.37468 0.91440 0.00266 -0.29333 210.69380 0.00000 266.92386 -1.00000 0.00000 -999 210.69380
0.36948 0.91440 0.00354 -0.30294 211.94629 0.00000 266.92002 -1.00000 0.00000 -999 211.94629
0.36948 0.91440 0.00354 -0.30294 211.94629 0.00000 266.92002 -1.00000 0.00000 -999 211.94629
0.36429 0.91440 0.00440 -0.31247 213.20358 0.00000 266.91620 -1.00000 0.00000 -999 213.20358
0.36429 0.91440 0.00440 -0.31247 213.20359 0.00000 266.91620 -1.00000 0.00000 -999 213.20359
0.36429 0.91440 0.00440 -0.31247 213.20359 0.00000 266.91620 -1.00000 0.00000 -999 213.20359
0.35909 0.91440 0.00526 -0.32204 214.46923 0.00000 266.91237 -1.00000 0.00000 -999 214.46923
0.35389 0.91440 0.00611 -0.33165 215.74576 0.00000 266.90852 -1.00000 0.00000 -999 215.74576
0.35389 0.91440 0.00611 -0.33165 215.74577 0.00000 266.90852 -1.00000 0.00000 -999 215.74577
0.35389 0.91440 0.00611 -0.33165 215.74577 0.00000 266.90852 -1.00000 0.00000 -999 215.74577
0.34870 0.91440 0.00695 -0.34124 217.03188 0.00000 266.90468 -1.00000 0.00000 -999 217.03188
0.34870 0.91440 0.00695 -0.34124 217.03189 0.00000 266.90468 -1.00000 0.00000 -999 217.03189
0.34349 0.91440 0.00778 -0.35086 218.32757 0.00000 266.90082 -1.00000 0.00000 -999 218.32757
0.34349 0.91440 0.00778 -0.35086 218.32757 0.00000 266.90082 -1.00000 0.00000 -999 218.32757
0.33829 0.91440 0.00861 -0.36053 219.63416 0.00000 266.89694 -1.00000 0.00000 -999 219.63416
0.33829 0.91440 0.00861 -0.36053 219.63416 0.00000 266.89694 -1.00000 0.00000 -999 219.63416
0.33309 0.91440 0.00943 -0.37023 220.95087 0.00000 266.89304 -1.00000 0.00000 -999 220.95087
0.33309 0.91440 0.00943 -0.37023 220.95088 0.00000 266.89304 -1.00000 0.00000 -999 220.95088
0.32789 0.91440 0.01024 -0.37999 222.27667 0.00000 266.88913 -1.00000 0.00000 -999 222.27667
0.32789 0.91440 0.01024 -0.37999 222.27668 0.00000 266.88913 -1.00000 0.00000 -999 222.27668
0.32268 0.91440 0.01104 -0.38980 223.61101 0.00000 266.88518 -1.00000 0.00000 -999 223.61101
0.32268 0.91440 0.01104 -0.38980 223.61102 0.00000 266.88518 -1.00000 0.00000 -999 223.61102
0.31747 0.91440 0.01184 -0.39968 224.95317 0.00000 266.88121 -1.00000 0.00000 -999 224.95317
0.31227 0.91440 0.01262 -0.40964 226.30214 0.00000 266.87721 -1.00000 0.00000 -999 226.30214
0.31227 0.91440 0.01262 -0.40964 226.30215 0.00000 266.87721 -1.00000 0.00000 -999 226.30215
0.31227 0.91440 0.01262 -0.40964 226.30215 0.00000 266.87721 -1.00000 0.00000 -999 226.30215
0.30706 0.91440 0.01340 -0.41968 227.65694 0.00000 266.87317 -1.00000 0.00000 -999 227.65694
0.30706 0.91440 0.01340 -0.41968 227.65694 0.00000 266.87317 -1.00000 0.00000 -999 227.65694
0.30185 0.91440 0.01417 -0.42981 229.01706 0.00000 266.86909 -1.00000 0.00000 -999 229.01706
0.30185 0.91440 0.01417 -0.42981 229.01706 0.00000 266.86909 -1.00000 0.00000 -999 229.01706
0.29663 0.91440 0.01493 -0.44004 230.38262 0.00000 266.86497 -1.00000 0.00000 -999 230.38262
0.29663 0.91440 0.01493 -0.44004 230.38263 0.00000 266.86497 -1.00000 0.00000 -999 230.38263
0.29142 0.91440 0.01568 -0.45036 231.75430 0.00000 266.86081 -1.00000 0.00000 -999 231.75430
0.29142 0.91440 0.01568 -0.45036 231.75430 0.00000 266.86081 -1.00000 0.00000 -999 231.75430
0.28621 0.91440 0.01642 -0.46080 233.13354 0.00000 266.85660 -1.00000 0.00000 -999 233.13354
0.28621 0.91440 0.01642 -0.46080 233.13354 0.00000 266.85660 -1.00000 0.00000 -999 233.13354
0.28099 0.91440 0.01715 -0.47135 234.52278 0.00000 266.85235 -1.00000 0.00000 -999 234.52278
0.28099 0.91440 0.01715 -0.47135 234.52278 0.00000 266.85235 -1.00000 0.00000 -999 234.52278
0.27577 0.91440 0.01786 -0.48202 235.92531 0.00000 266.84804 -1.00000 0.00000 -999 235.92531
0.27055 0.91440 0.01857 -0.49281 237.34539 0.00000 266.84368 -1.00000 0.00000 -999 237.34539
0.27055 0.91440 0.01857 -0.49281 237.34540 0.00000 266.84368 -1.00000 0.00000 -999 237.34540
0.26533 0.91440 0.01927 -0.50374 238.78821 0.00000 266.83927 -1.00000 0.00000 -999 238.78821
0.26533 0.91440 0.01927 -0.50374 238.78821 0.00000 266.83927 -1.00000 0.00000 -999 238.78821
0.26011 0.91440 0.01995 -0.51480 240.25953 0.00000 266.83479 -1.00000 0.00000 -999 240.25953
0.26011 0.91440 0.01995 -0.51480 240.25954 0.00000 266.83479 -1.00000 0.00000 -999 240.25954
0.25489 0.91440 0.02063 -0.52601 241.76539 0.00000 266.83026 -1.00000 0.00000 -999 241.76539
0.25489 0.91440 0.02063 -0.52601 241.76539 0.00000 266.83026 -1.00000 0.00000 -999 241.76539
0.24966 0.91440 0.02129 -0.53738 243.31174 0.00000 266.82566 -1.00000 0.00000 -999 243.31174
0.24966 0.91440 0.02129 -0.53738 243.31175 0.00000 266.82566 -1.00000 0.00000 -999 243.31175
0.24443 0.91440 0.02194 -0.54889 244.90373 0.00000 266.82100 -1.00000 0.00000 -999 244.90373
0.24443 0.91440 0.02194 -0.54889 244.90373 0.00000 266.82100 -1.00000 0.00000 -999 244.90373
0.23920 0.91440 0.02257 -0.56057 246.54533 0.00000 266.81627 -1.00000 0.00000 -999 246.54533
0.23920 0.91440 0.02257 -0.56057 246.54533 0.00000 266.81627 -1.00000 0.00000 -999 246.54533
0.23397 0.91440 0.02320 -0.57241 248.23929 0.00000 266.81146 -1.00000 0.00000 -999 248.23929
0.23397 0.91440 0.02320 -0.57241 248.23930 0.00000 266.81146 -1.00000 0.00000 -999 248.23930
0.22874 0.91440 0.02380 -0.58444 249.98625 0.00000 266.80659 -1.00000 0.00000 -999 249.98625
0.22874 0.91440 0.02380 -0.58444 249.98625 0.00000 266.80659 -1.00000 0.00000 -999 249.98625
0.22874 0.91440 0.02380 -0.58444 249.98626 0.00000 266.80659 -1.00000 0.00000 -999 249.98626
0.22351 0.91440 0.02440 -0.59664 251.78424 0.00000 266.80163 -1.00000 0.00000 -999 251.78424
0.21827 0.91440 0.02498 -0.60904 253.62914 0.00000 266.79660 -1.00000 0.00000 -999 253.62914
0.21827 0.91440 0.02498 -0.60904 253.62915 0.00000 266.79660 -1.00000 0.00000 -999 253.62915
0.21827 0.91440 0.02498 -0.60904 253.62915 0.00000 266.79660 -1.00000 0.00000 -999 253.62915
0.21304 0.91440 0.02554 -0.62164 255.51471 0.00000 266.79147 -1.00000 0.00000 -999 255.51471
0.21304 0.91440 0.02554 -0.62164 255.51472 0.00000 266.79147 -1.00000 0.00000 -999 255.51472
0.20780 0.91440 0.02609 -0.63445 257.43288 0.00000 266.78626 -1.00000 0.00000 -999 257.43288
0.20780 0.91440 0.02609 -0.63445 257.43288 0.00000 266.78626 -1.00000 0.00000 -999 257.43288
0.20256 0.91440 0.02662 -0.64750 259.56179 0.00000 266.78044 -1.00000 0.00000 -999 259.56179
0.20256 0.91440 0.02662 -0.64750 259.56179 0.00000 266.78044 -1.00000 0.00000 -999 259.56179
0.19732 0.91440 0.02713 -0.66077 261.76467 0.00000 266.77434 -1.00000 0.00000 -999 261.76467
0.19732 0.91440 0.02713 -0.66077 261.76468 0.00000 266.77434 -1.00000 0.00000 -999 261.76468
0.19207 0.91440 0.02763 -0.67425 263.72756 0.00000 266.76882 -1.00000 0.00000 -999 263.72756
0.19207 0.91440 0.02763 -0.67425 263.72756 0.00000 266.76882 -1.00000 0.00000 -999 263.72756
0.18683 0.91440 0.02811 -0.68799 265.69612 0.00000 266.76319 -1.00000 0.00000 -999 265.69612
0.18683 0.91440 0.02811 -0.68799 265.69613 0.00000 266.76319 -1.00000 0.00000 -999 265.69613
0.18158 0.91440 0.02856 -0.70206 267.22686 0.00000 266.75872 -1.00000 0.00000 -999 267.22686
0.17633 0.91440 0.02900 -0.71631 269.22448 0.00000 266.75288 -1.00000 0.00000 -999 269.22448
0.17633 0.91440 0.02900 -0.71631 269.22449 0.00000 266.75288 -1.00000 0.00000 -999 269.22449
0.17633 0.91440 0.02900 -0.71631 269.22449 0.00000 266.75288 -1.00000 0.00000 -999 269.22449
0.17108 0.91440 0.02942 -0.73091 271.69071 0.00000 266.74559 -1.00000 0.00000 -999 271.69071
0.17108 0.91440 0.02942 -0.73091 271.69072 0.00000 266.74559 -1.00000 0.00000 -999 271.69072
0.16583 0.91440 0.02981 -0.74581 273.77134 0.00000 266.73946 -1.00000 0.00000 -999 273.77134
0.16583 0.91440 0.02981 -0.74581 273.77135 0.00000 266.73946 -1.00000 0.00000 -999 273.77135
0.16058 0.91440 0.03019 -0.76101 275.93013 0.00000 266.73321 -1.00000 0.00000 -999 275.93013
0.16058 0.91440 0.03019 -0.76101 275.93014 0.00000 266.73321 -1.00000 0.00000 -999 275.93014
0.15532 0.91440 0.03054 -0.77654 278.19139 0.00000 266.72681 -1.00000 0.00000 -999 278.19139
0.15532 0.91440 0.03054 -0.77654 278.19140 0.00000 266.72681 -1.00000 0.00000 -999 278.19140
0.15006 0.91440 0.03086 -0.79246 280.57539 0.00000 266.72028 -1.00000 0.00000 -999 280.57539
0.15006 0.91440 0.03086 -0.79246 280.57540 0.00000 266.72028 -1.00000 0.00000 -999 280.57540
0.14480 0.91440 0.03116 -0.80859 283.07389 0.00000 266.71358 -1.00000 0.00000 -999 283.07389
0.14480 0.91440 0.03116 -0.80859 283.07390 0.00000 266.71358 -1.00000 0.00000 -999 283.07390
0.13954 0.91440 0.03143 -0.82539 285.64439 0.00000 266.70677 -1.00000 0.00000 -999 285.64439
0.13954 0.91440 0.03143 -0.82539 285.64440 0.00000 266.70677 -1.00000 0.00000 -999 285.64440
0.13452 0.91440 0.03166 -0.84170 288.23374 0.00000 266.70010 -1.00000 0.00000 -999 288.23374
0.13452 0.91440 0.03166 -0.84170 288.23375 0.00000 266.70010 -1.00000 0.00000 -999 288.23375
0.12975 0.91440 0.03185 -0.85765 290.78370 0.00000 266.69357 -1.00000 0.00000 -999 290.78370
0.12975 0.91440 0.03185 -0.85765 290.78371 0.00000 266.69357 -1.00000 0.00000 -999 290.78371
0.12519 0.91440 0.03202 -0.87325 292.72108 0.00000 266.68859 -1.00000 0.00000 -999 292.72108
0.12086 0.91440 0.03215 -0.88843 295.16095 0.00000 266.68235 -1.00000 0.00000 -999 295.16095
0.12086 0.91440 0.03215 -0.88844 295.16096 0.00000 266.68235 -1.00000 0.00000 -999 295.16096
0.12086 0.91440 0.03215 -0.88844 295.16096 0.00000 266.68235 -1.00000 0.00000 -999 295.16096
0.11673 0.91440 0.03225 -0.90321 298.06011 0.00000 266.67491 -1.00000 0.00000 -999 298.06011
0.11673 0.91440 0.03225 -0.90321 298.06012 0.00000 266.67491 -1.00000 0.00000 -999 298.06012
0.11280 0.91440 0.03233 -0.91766 300.38941 0.00000 266.66897 -1.00000 0.00000 -999 300.38941
0.11280 0.91440 0.03233 -0.91766 300.38942 0.00000 266.66897 -1.00000 0.00000 -999 300.38942
0.10905 0.91440 0.03239 -0.93178 302.69618 0.00000 266.66316 -1.00000 0.00000 -999 302.69618
0.10905 0.91440 0.03239 -0.93178 302.69618 0.00000 266.66316 -1.00000 0.00000 -999 302.69618
0.10548 0.91440 0.03242 -0.94565 304.98704 0.00000 266.65750 -1.00000 0.00000 -999 304.98704
0.10548 0.91440 0.03242 -0.94565 304.98705 0.00000 266.65750 -1.00000 0.00000 -999 304.98705
0.10208 0.91440 0.03244 -0.95894 307.26205 0.00000 266.65199 -1.00000 0.00000 -999 307.26205
0.10208 0.91440 0.03244 -0.95894 307.26205 0.00000 266.65199 -1.00000 0.00000 -999 307.26205
0.09885 0.91440 0.03244 -0.97219 309.51513 0.00000 266.64659 -1.00000 0.00000 -999 309.51513
0.09885 0.91440 0.03244 -0.97219 309.51514 0.00000 266.64659 -1.00000 0.00000 -999 309.51514
0.09576 0.91440 0.03242 -0.98482 311.73879 0.00000 266.64132 -1.00000 0.00000 -999 311.73879
0.09576 0.91440 0.03242 -0.98482 311.73880 0.00000 266.64132 -1.00000 0.00000 -999 311.73880
0.09283 0.91440 0.03239 -0.99749 313.75647 0.00000 266.63662 -1.00000 0.00000 -999 313.75647
0.09283 0.91440 0.03239 -0.99749 313.75648 0.00000 266.63662 -1.00000 0.00000 -999 313.75648
0.09003 0.91440 0.03235 -1.00948 315.69622 0.00000 266.63220 -1.00000 0.00000 -999 315.69622
0.08715 0.91440 0.03230 -1.02223 317.94445 0.00000 266.62695 -1.00000 0.00000 -999 317.94445
0.08715 0.91440 0.03230 -1.02223 317.94446 0.00000 266.62695 -1.00000 0.00000 -999 317.94446
0.08715 0.91440 0.03230 -1.02223 317.94446 0.00000 266.62695 -1.00000 0.00000 -999 317.94446
0.08426 0.91440 0.03223 -1.03534 320.22592 0.00000 266.62150 -1.00000 0.00000 -999 320.22592
0.08138 0.91440 0.03214 -1.04896 322.52968 0.00000 266.61586 -1.00000 0.00000 -999 322.52968
0.08138 0.91440 0.03214 -1.04896 322.52969 0.00000 266.61586 -1.00000 0.00000 -999 322.52969
0.08138 0.91440 0.03214 -1.04896 322.52969 0.00000 266.61586 -1.00000 0.00000 -999 322.52969
0.07850 0.91440 0.03203 -1.06286 324.84399 0.00000 266.61008 -1.00000 0.00000 -999 324.84399
0.07850 0.91440 0.03203 -1.06286 324.84400 0.00000 266.61008 -1.00000 0.00000 -999 324.84400
0.07562 0.91440 0.03191 -1.07709 327.18109 0.00000 266.60413 -1.00000 0.00000 -999 327.18109
0.07273 0.91440 0.03178 -1.09191 329.56199 0.00000 266.59797 -1.00000 0.00000 -999 329.56199
0.07273 0.91440 0.03178 -1.09191 329.56200 0.00000 266.59797 -1.00000 0.00000 -999 329.56200
0.07273 0.91440 0.03178 -1.09191 329.56201 0.00000 266.59797 -1.00000 0.00000 -999 329.56201
0.06985 0.91440 0.03162 -1.10725 332.01242 0.00000 266.59159 -1.00000 0.00000 -999 332.01242
0.06985 0.91440 0.03162 -1.10725 332.01243 0.00000 266.59159 -1.00000 0.00000 -999 332.01243
0.06697 0.91440 0.03144 -1.12303 334.57279 0.00000 266.58500 -1.00000 0.00000 -999 334.57279
0.06410 0.91440 0.03124 -1.13934 337.44032 0.00006 266.58085 -0.00000 0.00000 -999 337.29650
0.06410 0.91440 0.03124 -1.13934 337.44033 0.00006 266.58085 0.00000 0.00000 -999 337.29651
0.06410 0.91440 0.03124 -1.13934 337.44034 0.00006 266.58085 0.00000 0.00000 -999 337.29652
0.06122 0.91440 0.03103 -1.15646 340.52884 0.00013 266.57656 1.00000 0.00000 -999 340.22780
0.06122 0.91440 0.03103 -1.15646 340.52886 0.00013 266.57656 1.00000 0.00000 -999 340.22781
0.05835 0.91440 0.03078 -1.17426 343.72123 0.00019 266.55171 0.66667 0.00000 -999 343.39089
0.05835 0.91440 0.03078 -1.17426 343.72125 0.00019 266.55171 0.66666 0.00000 -999 343.39091
0.05547 0.91440 0.03052 -1.19268 347.08155 0.00026 266.50991 -0.00000 0.00000 -999 346.80216
0.05547 0.91440 0.03052 -1.19268 347.08156 0.00026 266.50990 -0.00000 0.00000 -999 346.80218
0.05260 0.91440 0.03023 -1.21192 350.57564 0.00033 266.45106 -0.66667 0.00000 -999 350.47800
0.04974 0.91440 0.02991 -1.23230 354.42245 0.00044 266.38970 -1.00000 0.00000 -999 354.42245
0.04974 0.91440 0.02991 -1.23230 354.42246 0.00044 266.38970 -1.00000 0.00000 -999 354.42246
0.04687 0.91440 0.02956 -1.25352 358.62746 0.00052 266.35709 -1.00000 0.00000 -999 358.62746
0.04687 0.91440 0.02956 -1.25352 358.62747 0.00052 266.35709 -1.00000 0.00000 -999 358.62747
0.04687 0.91440 0.02956 -1.25352 358.62749 0.00052 266.35709 -1.00000 0.00000 -999 358.62749
0.04401 0.91440 0.02918 -1.27575 363.08684 0.00060 266.32241 -1.00000 0.00000 -999 363.08684
0.04401 0.91440 0.02918 -1.27575 363.08686 0.00060 266.32241 -1.00000 0.00000 -999 363.08686
0.04116 0.91440 0.02876 -1.29953 367.76827 0.00099 266.18534 -1.00000 0.00000 -999 367.76827
0.04116 0.91440 0.02876 -1.29953 367.76828 0.00099 266.18534 -1.00000 0.00000 -999 367.76828
0.03831 0.91440 0.02831 -1.32453 372.61489 0.00223 265.77586 -1.00000 0.00000 -999 372.61489
0.03831 0.91440 0.02831 -1.32453 372.61493 0.00223 265.77586 -1.00000 0.00000 -999 372.61491
0.03547 0.91440 0.02782 -1.35086 384.37233 0.00347 265.43344 -0.33333 0.00006 -999 377.62048
0.03547 0.91440 0.02782 -1.35086 384.37238 0.00347 265.43344 -0.33333 0.00006 -999 377.62050
0.03263 0.91440 0.02729 -1.37941 397.28761 0.00540 265.07659 0.42857 0.00012 -999 383.38215
0.03263 0.91440 0.02729 -1.37941 397.28765 0.00540 265.07659 0.42857 0.00012 -999 383.38217
0.02981 0.91440 0.02670 -1.40954 410.69345 0.00699 265.07595 1.00000 0.00018 -999 389.79271
0.02981 0.91440 0.02670 -1.40954 410.69349 0.00699 265.07595 1.00000 0.00018 -999 389.79273
0.02700 0.91440 0.02606 -1.44141 424.10525 0.00910 265.09807 1.00000 0.00024 -999 396.06400
0.02700 0.91440 0.02606 -1.44141 424.10532 0.00910 265.09807 1.00000 0.00024 -999 396.06403
0.02420 0.91440 0.02536 -1.47622 444.54180 0.01316 265.15383 1.00000 0.00035 -999 402.77805
0.02420 0.91440 0.02536 -1.47622 444.54192 0.01316 265.15384 1.00000 0.00035 -999 402.77808
0.02142 0.91440 0.02459 -1.51179 476.33442 0.02031 265.25495 1.00000 0.00054 -999 409.90698
0.02142 0.91440 0.02459 -1.51179 476.33456 0.02031 265.25495 1.00000 0.00054 -999 409.90700
0.01866 0.91440 0.02374 -1.55063 515.81537 0.02918 265.36992 1.00000 0.00079 -999 417.60706
0.01866 0.91440 0.02374 -1.55063 515.81554 0.02918 265.36992 1.00000 0.00079 -999 417.60709
0.01594 0.91440 0.02279 -1.58755 557.07809 0.03885 265.47836 1.00000 0.00106 -999 423.89257
0.01325 0.91440 0.02173 -1.62591 611.92996 0.05244 265.62096 1.00000 0.00145 -999 430.05146
0.01325 0.91440 0.02173 -1.62591 611.93022 0.05244 265.62096 1.00000 0.00145 -999 430.05149
0.01063 0.91440 0.02054 -1.64873 699.57562 0.07660 265.84148 1.00000 0.00214 -999 436.71689
0.01063 0.91440 0.02054 -1.64873 699.57597 0.07660 265.84148 1.00000 0.00214 -999 436.71691
0.00809 0.91440 0.01916 -1.65400 806.75745 0.11301 266.15316 1.00000 0.00317 -999 440.03720
0.00809 0.91440 0.01916 -1.65400 806.75783 0.11301 266.15316 1.00000 0.00317 -999 440.03720
0.00592 0.91440 0.01774 -1.61848 907.09098 0.16392 266.58466 1.00000 0.00454 -999 439.59535
0.00592 0.91440 0.01774 -1.61848 907.09134 0.16392 266.58466 1.00000 0.00454 -999 439.59534
0.00417 0.91440 0.01632 -1.52032 994.20082 0.23487 267.21177 1.00000 0.00627 -999 438.89817
0.00417 0.91440 0.01632 -1.52032 994.20111 0.23487 267.21177 1.00000 0.00627 -999 438.89817
0.00280 0.91440 0.01492 -1.32247 1048.82872 0.30923 267.90289 1.00000 0.00768 -999 443.61228
0.00280 0.91440 0.01492 -1.32247 1048.82891 0.30923 267.90289 1.00000 0.00768 -999 443.61230
0.00176 0.91440 0.01352 -1.03356 1097.13136 0.39820 268.71415 1.00000 0.00872 -999 455.56809
0.00176 0.91440 0.01352 -1.03356 1097.13155 0.39820 268.71416 1.00000 0.00872 -999 455.56814
0.00103 0.91440 0.01214 -0.64132 1132.26497 0.51023 269.75233 1.00000 0.00924 -999 466.53512
0.00103 0.91440 0.01214 -0.64132 1132.26506 0.51023 269.75234 1.00000 0.00924 -999 466.53515
0.00055 0.91440 0.01073 -0.18609 1087.34284 0.60837 271.02754 1.00000 0.00764 -999 462.09686
0.00055 0.91440 0.01073 -0.18609 1087.34270 0.60837 271.02755 1.00000 0.00764 -999 462.09684
0.00055 0.91440 0.01073 -0.18609 1087.34217 0.60837 271.02755 1.00000 0.00764 -999 462.09677
0.00032 0.91440 0.00930 0.24820 901.86328 0.68614 272.66349 0.91898 0.00458 -999 438.43800
0.00032 0.91440 0.00930 0.24820 901.86229 0.68615 272.66349 0.91898 0.00458 -999 438.43790
0.00035 0.91440 0.00785 0.62175 622.81154 0.71966 273.15000 0.67131 0.00186 -999 410.33721
0.00035 0.91440 0.00785 0.62175 622.81072 0.71966 273.15000 0.67131 0.00186 -999 410.33711
0.00063 0.91440 0.00638 0.87227 437.88156 0.71776 273.15000 0.50307 0.00050 -999 381.35084
0.00063 0.91440 0.00638 0.87227 437.88120 0.71776 273.15000 0.50307 0.00050 -999 381.35074
0.00117 0.91440 0.00490 1.00577 359.26708 0.68710 273.15000 0.44967 0.00006 -999 352.91285
0.00117 0.91440 0.00490 1.00577 359.26693 0.68710 273.15000 0.44967 0.00006 -999 352.91275
0.00202 0.91440 0.00337 1.03041 325.60023 0.64836 273.15000 0.43989 0.00002 -999 324.12510
0.00202 0.91440 0.00337 1.03041 325.60016 0.64836 273.15000 0.43989 0.00002 -999 324.12499
0.00318 0.91440 0.00178 0.98160 309.64976 0.58149 273.15000 0.46638 0.00016 -999 295.24201
0.00318 0.91440 0.00178 0.98160 309.64974 0.58149 273.15000 0.46638 0.00016 -999 295.24191
0.00474 0.91440 0.00013 0.88673 303.84315 0.52302 273.15000 0.50311 0.00036 -999 274.45999
0.00672 0.91440 -0.00160 0.77102 302.53110 0.46480 273.15000 0.55524 0.00059 -999 257.52180
0.00672 0.91440 -0.00160 0.77102 302.53109 0.46480 273.15000 0.55524 0.00059 -999 257.52173
0.00905 0.91440 -0.00332 0.65498 306.95048 0.39049 273.15000 0.65706 0.00095 -999 239.44326
0.00905 0.91440 -0.00332 0.65498 306.95049 0.39049 273.15000 0.65706 0.00095 -999 239.44320
0.00905 0.91440 -0.00332 0.65498 306.95053 0.39049 273.15000 0.65706 0.00095 -999 239.44318
0.01150 0.91440 -0.00487 0.55624 316.06069 0.33898 273.15000 0.76467 0.00124 -999 231.78541
0.01402 0.91440 -0.00629 0.47345 329.60609 0.30432 273.09252 0.87952 0.00146 -999 231.35600
0.01402 0.91440 -0.00629 0.47345 329.60616 0.30432 273.09252 0.87953 0.00146 -999 231.35599
0.01660 0.91440 -0.00761 0.40310 347.57370 0.25973 272.56495 0.99952 0.00164 -999 235.72643
0.01660 0.91440 -0.00761 0.40310 347.57376 0.25973 272.56495 0.99952 0.00164 -999 235.72645
0.01923 0.91440 -0.00884 0.34320 354.68593 0.23114 271.65185 1.00000 0.00161 -999 241.93180
0.01923 0.91440 -0.00884 0.34320 354.68595 0.23114 271.65185 1.00000 0.00161 -999 241.93183
0.02189 0.91440 -0.00999 0.29144 362.95014 0.20790 270.99183 1.00000 0.00156 -999 249.56699
0.02189 0.91440 -0.00999 0.29144 362.95016 0.20790 270.99183 1.00000 0.00156 -999 249.56702
0.02458 0.91440 -0.01108 0.24653 367.97991 0.18442 270.37155 1.00000 0.00148 -999 256.83869
0.02458 0.91440 -0.01108 0.24653 367.97993 0.18442 270.37155 1.00000 0.00148 -999 256.83871
0.02729 0.91440 -0.01210 0.20701 371.40926 0.16825 269.94333 1.00000 0.00143 -999 262.22560
0.02729 0.91440 -0.01210 0.20701 371.40928 0.16825 269.94333 1.00000 0.00143 -999 262.22562
0.03002 0.91440 -0.01307 0.17209 373.01157 0.15420 269.58296 1.00000 0.00136 -999 266.59205
0.03002 0.91440 -0.01307 0.17209 373.01158 0.15420 269.58296 1.00000 0.00136 -999 266.59206
0.03002 0.91440 -0.01307 0.17209 373.01158 0.15420 269.58295 1.00000 0.00136 -999 266.59207
0.03277 0.91440 -0.01400 0.14114 372.74214 0.14161 269.27224 1.00000 0.00130 -999 269.89818
0.03277 0.91440 -0.01400 0.14114 372.74213 0.14161 269.27224 1.00000 0.00130 -999 269.89819
0.03553 0.91440 -0.01488 0.11320 369.43054 0.12837 268.96643 1.00000 0.00121 -999 272.15546
0.03553 0.91440 -0.01488 0.11320 369.43053 0.12837 268.96643 1.00000 0.00121 -999 272.15547
0.03830 0.91440 -0.01573 0.08818 367.30240 0.11931 268.75014 1.00000 0.00116 -999 273.65432
0.03830 0.91440 -0.01573 0.08818 367.30238 0.11931 268.75014 1.00000 0.00116 -999 273.65432
0.04109 0.91440 -0.01654 0.06563 363.98380 0.11043 268.54228 1.00000 0.00110 -999 274.71564
0.04388 0.91440 -0.01731 0.04502 359.33802 0.10097 268.32705 1.00000 0.00103 -999 275.50196
0.04388 0.91440 -0.01731 0.04502 359.33800 0.10097 268.32705 1.00000 0.00103 -999 275.50196
0.04388 0.91440 -0.01731 0.04502 359.33798 0.10097 268.32705 1.00000 0.00103 -999 275.50197
0.04668 0.91440 -0.01805 0.02632 354.15705 0.09199 268.11877 1.00000 0.00096 -999 276.02558
0.04668 0.91440 -0.01805 0.02632 354.15703 0.09199 268.11877 1.00000 0.00096 -999 276.02559
0.04949 0.91440 -0.01877 0.00928 348.48298 0.08338 267.91943 1.00000 0.00088 -999 276.24392
0.04949 0.91440 -0.01877 0.00928 348.48296 0.08338 267.91943 1.00000 0.00088 -999 276.24392
0.05230 0.91440 -0.01946 -0.00646 342.46293 0.07525 267.72993 1.00000 0.00081 -999 276.14324
0.05230 0.91440 -0.01946 -0.00646 342.46291 0.07525 267.72993 1.00000 0.00081 -999 276.14324
0.05513 0.91440 -0.02012 -0.02093 338.62578 0.07036 267.61119 1.00000 0.00077 -999 275.75922
0.05513 0.91440 -0.02012 -0.02093 338.62577 0.07036 267.61119 1.00000 0.00077 -999 275.75922
0.05795 0.91440 -0.02076 -0.03418 335.11254 0.06635 267.51227 1.00000 0.00073 -999 275.16447
0.05795 0.91440 -0.02076 -0.03418 335.11252 0.06635 267.51227 1.00000 0.00073 -999 275.16446
0.06079 0.91440 -0.02138 -0.04640 329.63605 0.06047 267.36967 1.00000 0.00067 -999 274.44564
0.06079 0.91440 -0.02138 -0.04640 329.63603 0.06047 267.36967 1.00000 0.00067 -999 274.44563
0.06362 0.91440 -0.02198 -0.05779 326.37106 0.05725 267.28918 1.00000 0.00065 -999 273.67615
0.06646 0.91440 -0.02255 -0.06828 323.15282 0.05419 267.21171 1.00000 0.00062 -999 272.90149
0.06646 0.91440 -0.02255 -0.06828 323.15281 0.05419 267.21171 1.00000 0.00062 -999 272.90148
0.06646 0.91440 -0.02255 -0.06828 323.15280 0.05419 267.21171 1.00000 0.00062 -999 272.90148
0.06931 0.91440 -0.02311 -0.07796 319.02834 0.05022 267.11037 1.00000 0.00058 -999 272.14469
0.06931 0.91440 -0.02311 -0.07796 319.02832 0.05022 267.11037 1.00000 0.00058 -999 272.14469
0.07216 0.91440 -0.02365 -0.08697 315.44993 0.04688 267.02391 1.00000 0.00054 -999 271.41286
0.07216 0.91440 -0.02365 -0.08697 315.44992 0.04688 267.02391 1.00000 0.00054 -999 271.41286
0.07501 0.91440 -0.02417 -0.09537 311.72632 0.04345 266.93321 1.00000 0.00051 -999 270.69684
0.07501 0.91440 -0.02417 -0.09537 311.72630 0.04345 266.93321 1.00000 0.00051 -999 270.69684
0.07786 0.91440 -0.02467 -0.10318 308.18639 0.04026 266.84836 1.00000 0.00047 -999 269.97868
0.08072 0.91440 -0.02516 -0.11039 304.84133 0.03735 266.76919 1.00000 0.00044 -999 269.24581
0.08072 0.91440 -0.02516 -0.11039 304.84131 0.03735 266.76919 1.00000 0.00044 -999 269.24581
0.08072 0.91440 -0.02516 -0.11039 304.84130 0.03735 266.76919 1.00000 0.00044 -999 269.24581
0.08358 0.91440 -0.02563 -0.11712 301.06742 0.03405 266.67834 1.00000 0.00041 -999 268.50037
0.08358 0.91440 -0.02563 -0.11712 301.06740 0.03405 266.67834 1.00000 0.00041 -999 268.50037
0.08644 0.91440 -0.02609 -0.12345 297.64893 0.03117 266.59687 1.00000 0.00037 -999 267.75208
0.08644 0.91440 -0.02609 -0.12345 297.64892 0.03117 266.59687 1.00000 0.00037 -999 267.75207
0.08933 0.91440 -0.02653 -0.12935 294.26895 0.02842 266.51898 1.00000 0.00034 -999 266.92422
0.08933 0.91440 -0.02653 -0.12935 294.26894 0.02842 266.51898 1.00000 0.00034 -999 266.92421
0.09236 0.91440 -0.02699 -0.13501 291.13131 0.02584 266.44421 1.00000 0.00031 -999 266.21503
0.09555 0.91440 -0.02745 -0.14061 288.74302 0.02400 266.39041 1.00000 0.00029 -999 265.56838
0.09555 0.91440 -0.02745 -0.14061 288.74300 0.02400 266.39041 1.00000 0.00029 -999 265.56838
0.09890 0.91440 -0.02791 -0.14595 286.62750 0.02268 266.35112 1.00000 0.00028 -999 264.69114
0.09890 0.91440 -0.02791 -0.14595 286.62749 0.02268 266.35112 1.00000 0.00028 -999 264.69114
0.10242 0.91440 -0.02838 -0.15114 283.60353 0.02048 266.28545 1.00000 0.00025 -999 263.77178
0.10242 0.91440 -0.02838 -0.15114 283.60352 0.02048 266.28545 1.00000 0.00025 -999 263.77177
0.10611 0.91440 -0.02886 -0.15612 280.99234 0.01899 266.24019 1.00000 0.00023 -999 262.59222
0.10611 0.91440 -0.02886 -0.15612 280.99233 0.01899 266.24019 1.00000 0.00023 -999 262.59221
0.10611 0.91440 -0.02886 -0.15612 280.99232 0.01899 266.24019 1.00000 0.00023 -999 262.59221
0.11000 0.91440 -0.02934 -0.16083 277.93239 0.01712 266.18347 1.00000 0.00021 -999 261.33751
0.11000 0.91440 -0.02934 -0.16083 277.93239 0.01712 266.18347 1.00000 0.00021 -999 261.33751
0.11408 0.91440 -0.02982 -0.16531 275.14797 0.01540 266.13038 1.00000 0.00019 -999 260.22549
0.11408 0.91440 -0.02982 -0.16531 275.14796 0.01540 266.13038 1.00000 0.00019 -999 260.22548
0.11837 0.91440 -0.03030 -0.16954 272.80287 0.01424 266.09475 1.00000 0.00018 -999 259.01927
0.11837 0.91440 -0.03030 -0.16954 272.80286 0.01424 266.09475 1.00000 0.00018 -999 259.01927
0.12288 0.91440 -0.03079 -0.17340 269.91167 0.01263 266.04410 1.00000 0.00016 -999 257.71156
0.12288 0.91440 -0.03079 -0.17340 269.91166 0.01263 266.04410 1.00000 0.00016 -999 257.71155
0.12761 0.91440 -0.03127 -0.17702 266.59229 0.01067 265.98167 1.00000 0.00013 -999 256.30928
0.12761 0.91440 -0.03127 -0.17702 266.59228 0.01067 265.98167 1.00000 0.00013 -999 256.30928
0.13258 0.91440 -0.03175 -0.18025 263.65029 0.00916 265.93340 1.00000 0.00012 -999 254.84985
0.13258 0.91440 -0.03175 -0.18025 263.65028 0.00916 265.93340 1.00000 0.00012 -999 254.84984
0.13781 0.91440 -0.03223 -0.18313 261.17096 0.00778 265.88839 1.00000 0.00010 -999 253.71178
0.14302 0.91440 -0.03267 -0.18565 258.65775 0.00667 265.85204 1.00000 0.00008 -999 252.28898
0.14302 0.91440 -0.03267 -0.18565 258.65774 0.00667 265.85204 1.00000 0.00008 -999 252.28897
0.14302 0.91440 -0.03267 -0.18565 258.65773 0.00667 265.85204 1.00000 0.00008 -999 252.28897
0.14823 0.91440 -0.03309 -0.18757 255.22898 0.00483 265.79022 1.00000 0.00006 -999 250.63626
0.14823 0.91440 -0.03309 -0.18757 255.22897 0.00483 265.79022 1.00000 0.00006 -999 250.63625
0.15345 0.91440 -0.03349 -0.18921 253.05118 0.00389 265.75893 1.00000 0.00005 -999 249.36656
0.15345 0.91440 -0.03349 -0.18921 253.05117 0.00389 265.75893 1.00000 0.00005 -999 249.36656
0.15866 0.91440 -0.03386 -0.19040 251.87273 0.00366 265.75202 1.00000 0.00005 -999 248.41392
0.16388 0.91440 -0.03421 -0.19130 250.17586 0.00348 265.75434 0.50000 0.00004 -999 247.22001
0.16388 0.91440 -0.03421 -0.19130 250.17585 0.00348 265.75434 0.50000 0.00004 -999 247.22001
0.16388 0.91440 -0.03421 -0.19130 250.17585 0.00348 265.75434 0.50000 0.00004 -999 247.22000
0.16910 0.91440 -0.03454 -0.19188 247.20300 0.00286 265.84324 -0.20000 0.00002 -999 245.87809
0.16910 0.91440 -0.03454 -0.19188 247.20299 0.00286 265.84324 -0.20000 0.00002 -999 245.87809
0.17432 0.91440 -0.03484 -0.19219 244.84723 0.00245 265.88245 -1.00000 0.00000 -999 244.84723
0.17432 0.91440 -0.03484 -0.19219 244.84722 0.00245 265.88245 -1.00000 0.00000 -999 244.84722
0.17955 0.91440 -0.03513 -0.19220 243.64757 0.00231 265.94015 -1.00000 0.00000 -999 243.64757
0.17955 0.91440 -0.03513 -0.19220 243.64757 0.00231 265.94015 -1.00000 0.00000 -999 243.64757
0.18477 0.91440 -0.03539 -0.19204 242.43859 0.00199 266.07738 -1.00000 0.00000 -999 242.43859
0.18477 0.91440 -0.03539 -0.19204 242.43859 0.00199 266.07738 -1.00000 0.00000 -999 242.43859
0.19000 0.91440 -0.03564 -0.19166 241.22497 0.00150 266.29492 -1.00000 0.00000 -999 241.22497
0.19000 0.91440 -0.03564 -0.19166 241.22496 0.00150 266.29492 -1.00000 0.00000 -999 241.22496
0.19522 0.91440 -0.03587 -0.19104 240.01501 0.00127 266.39208 -1.00000 0.00000 -999 240.01501
0.19522 0.91440 -0.03587 -0.19104 240.01501 0.00127 266.39208 -1.00000 0.00000 -999 240.01501
0.20045 0.91440 -0.03608 -0.19024 238.82152 0.00098 266.52275 -1.00000 0.00000 -999 238.82152
0.20567 0.91440 -0.03628 -0.18929 237.65643 0.00063 266.68183 -1.00000 0.00000 -999 237.65643
0.20567 0.91440 -0.03628 -0.18929 237.65643 0.00063 266.68183 -1.00000 0.00000 -999 237.65643
0.20567 0.91440 -0.03628 -0.18929 237.65642 0.00063 266.68184 -1.00000 0.00000 -999 237.65642
0.21090 0.91440 -0.03646 -0.18818 236.52749 0.00028 266.83877 -1.00000 0.00000 -999 236.52749
0.21613 0.91440 -0.03662 -0.18692 235.36874 0.00017 266.90737 -0.42857 0.00000 -999 235.33728
0.21613 0.91440 -0.03662 -0.18692 235.36873 0.00017 266.90737 -0.42857 0.00000 -999 235.33727
0.21613 0.91440 -0.03662 -0.18692 235.36873 0.00017 266.90737 -0.42857 0.00000 -999 235.33727
0.22136 0.91440 -0.03677 -0.18554 234.44343 0.00015 266.92807 -0.00000 0.00000 -999 234.38859
0.22659 0.91440 -0.03690 -0.18403 233.51142 0.00015 266.92254 -0.14286 0.00000 -999 233.47401
0.22659 0.91440 -0.03690 -0.18403 233.51142 0.00015 266.92254 -0.14286 0.00000 -999 233.47401
0.23182 0.91440 -0.03702 -0.18240 232.47767 0.00012 266.95995 0.66666 0.00000 -999 232.39978
0.23182 0.91440 -0.03702 -0.18240 232.47767 0.00012 266.95995 0.66667 0.00000 -999 232.39978
0.23182 0.91440 -0.03702 -0.18240 232.47767 0.00012 266.95995 0.66667 0.00000 -999 232.39978
0.23705 0.91440 -0.03712 -0.18067 231.49377 0.00010 266.95092 0.33334 0.00000 -999 231.44533
0.24227 0.91440 -0.03722 -0.17884 230.66711 0.00007 266.95885 0.60000 0.00000 -999 230.63218
0.24227 0.91440 -0.03722 -0.17884 230.66710 0.00007 266.95885 0.60000 0.00000 -999 230.63217
0.24750 0.91440 -0.03730 -0.17693 229.81629 0.00003 266.97209 1.00000 0.00000 -999 229.78609
0.24750 0.91440 -0.03730 -0.17693 229.81629 0.00003 266.97209 1.00000 0.00000 -999 229.78609
0.25273 0.91440 -0.03736 -0.17493 228.90268 0.00005 266.97352 0.33334 0.00000 -999 228.86284
0.25273 0.91440 -0.03736 -0.17493 228.90268 0.00005 266.97352 0.33333 0.00000 -999 228.86284
0.25797 0.91440 -0.03742 -0.17286 227.94054 0.00000 266.97171 -1.00000 0.00000 -999 227.94054
0.25797 0.91440 -0.03742 -0.17286 227.94053 0.00000 266.97171 -1.00000 0.00000 -999 227.94053
0.26320 0.91440 -0.03746 -0.17071 227.01638 0.00000 266.97256 -1.00000 0.00000 -999 227.01638
0.26320 0.91440 -0.03746 -0.17071 227.01637 0.00000 266.97256 -1.00000 0.00000 -999 227.01637
0.26843 0.91440 -0.03750 -0.16850 226.08941 0.00000 266.97343 -1.00000 0.00000 -999 226.08941
0.26843 0.91440 -0.03750 -0.16850 226.08941 0.00000 266.97343 -1.00000 0.00000 -999 226.08941
0.27366 0.91440 -0.03752 -0.16623 225.16013 0.00000 266.97433 -1.00000 0.00000 -999 225.16013
0.27366 0.91440 -0.03752 -0.16623 225.16013 0.00000 266.97433 -1.00000 0.00000 -999 225.16013
0.27889 0.91440 -0.03753 -0.16389 224.23028 0.00000 266.97525 -1.00000 0.00000 -999 224.23028
0.27889 0.91440 -0.03753 -0.16389 224.23028 0.00000 266.97525 -1.00000 0.00000 -999 224.23028
0.28412 0.91440 -0.03753 -0.16150 223.30270 0.00000 266.97620 -1.00000 0.00000 -999 223.30270
0.28412 0.91440 -0.03753 -0.16150 223.30270 0.00000 266.97620 -1.00000 0.00000 -999 223.30270
0.28935 0.91440 -0.03752 -0.15906 222.38078 0.00000 266.97716 -1.00000 0.00000 -999 222.38078
0.28935 0.91440 -0.03752 -0.15906 222.38077 0.00000 266.97716 -1.00000 0.00000 -999 222.38077
0.29458 0.91440 -0.03750 -0.15657 221.46794 0.00000 266.97815 -1.00000 0.00000 -999 221.46794
0.29458 0.91440 -0.03750 -0.15657 221.46794 0.00000 266.97815 -1.00000 0.00000 -999 221.46794
0.29981 0.91440 -0.03747 -0.15402 220.56758 0.00000 266.97915 -1.00000 0.00000 -999 220.56758
0.29981 0.91440 -0.03747 -0.15402 220.56758 0.00000 266.97915 -1.00000 0.00000 -999 220.56758
0.30504 0.91440 -0.03743 -0.15143 219.68264 0.00000 266.98018 -1.00000 0.00000 -999 219.68264
0.30504 0.91440 -0.03743 -0.15143 219.68264 0.00000 266.98018 -1.00000 0.00000 -999 219.68264
0.31027 0.91440 -0.03739 -0.14880 218.81527 0.00000 266.98122 -1.00000 0.00000 -999 218.81527
0.31027 0.91440 -0.03739 -0.14880 218.81527 0.00000 266.98122 -1.00000 0.00000 -999 218.81527
0.31550 0.91440 -0.03733 -0.14611 217.96676 0.00000 266.98228 -1.00000 0.00000 -999 217.96676
0.31550 0.91440 -0.03733 -0.14611 217.96676 0.00000 266.98228 -1.00000 0.00000 -999 217.96676
0.32073 0.91440 -0.03727 -0.14338 217.13750 0.00000 266.98336 -1.00000 0.00000 -999 217.13750
0.32073 0.91440 -0.03727 -0.14338 217.13750 0.00000 266.98336 -1.00000 0.00000 -999 217.13750
0.32596 0.91440 -0.03720 -0.14060 216.32715 0.00000 266.98446 -1.00000 0.00000 -999 216.32715
0.32596 0.91440 -0.03720 -0.14060 216.32715 0.00000 266.98446 -1.00000 0.00000 -999 216.32715
0.33119 0.91440 -0.03712 -0.13777 215.53488 0.00000 266.98558 -1.00000 0.00000 -999 215.53488
0.33119 0.91440 -0.03712 -0.13777 215.53488 0.00000 266.98558 -1.00000 0.00000 -999 215.53488
0.33642 0.91440 -0.03703 -0.13490 214.75921 0.00000 266.98672 -1.00000 0.00000 -999 214.75921
0.33642 0.91440 -0.03703 -0.13490 214.75921 0.00000 266.98672 -1.00000 0.00000 -999 214.75921
0.34165 0.91440 -0.03693 -0.13197 213.90255 0.00000 266.98802 -1.00000 0.00000 -999 213.90255
0.34165 0.91440 -0.03693 -0.13197 213.90255 0.00000 266.98802 -1.00000 0.00000 -999 213.90255
0.34688 0.91440 -0.03683 -0.12901 213.08436 0.00000 266.98931 -1.00000 0.00000 -999 213.08436
0.34688 0.91440 -0.03683 -0.12901 213.08435 0.00000 266.98931 -1.00000 0.00000 -999 213.08435
0.35211 0.91440 -0.03672 -0.12598 212.34503 0.00000 266.99051 -1.00000 0.00000 -999 212.34503
0.35211 0.91440 -0.03672 -0.12598 212.34503 0.00000 266.99051 -1.00000 0.00000 -999 212.34503
0.35734 0.91440 -0.03660 -0.12289 211.61007 0.00000 266.99174 -1.00000 0.00000 -999 211.61007
0.35734 0.91440 -0.03660 -0.12289 211.61007 0.00000 266.99174 -1.00000 0.00000 -999 211.61007
0.36257 0.91440 -0.03647 -0.11975 210.87706 0.00000 266.99299 -1.00000 0.00000 -999 210.87706
0.36257 0.91440 -0.03647 -0.11975 210.87706 0.00000 266.99299 -1.00000 0.00000 -999 210.87706
0.36779 0.91440 -0.03634 -0.11653 210.14396 0.00000 266.99426 -1.00000 0.00000 -999 210.14396
0.36779 0.91440 -0.03634 -0.11653 210.14396 0.00000 266.99426 -1.00000 0.00000 -999 210.14396
0.37302 0.91440 -0.03620 -0.11326 209.40936 0.00000 266.99555 -1.00000 0.00000 -999 209.40936
0.37302 0.91440 -0.03620 -0.11326 209.40936 0.00000 266.99555 -1.00000 0.00000 -999 209.40936
0.37825 0.91440 -0.03605 -0.10995 208.66939 0.00000 266.99688 -1.00000 0.00000 -999 208.66939
0.37825 0.91440 -0.03605 -0.10995 208.66939 0.00000 266.99688 -1.00000 0.00000 -999 208.66939
0.38348 0.91440 -0.03589 -0.10651 207.92034 0.00000 266.99823 -1.00000 0.00000 -999 207.92034
0.38348 0.91440 -0.03589 -0.10651 207.92033 0.00000 266.99823 -1.00000 0.00000 -999 207.92033
0.38871 0.91440 -0.03573 -0.10299 207.16181 0.00000 266.99963 -1.00000 0.00000 -999 207.16181
0.38871 0.91440 -0.03573 -0.10299 207.16181 0.00000 266.99963 -1.00000 0.00000 -999 207.16181
0.39394 0.91440 -0.03556 -0.09941 206.39361 0.00000 267.00105 -1.00000 0.00000 -999 206.39361
0.39394 0.91440 -0.03556 -0.09941 206.39361 0.00000 267.00105 -1.00000 0.00000 -999 206.39361
0.39916 0.91440 -0.03539 -0.09572 205.71989 0.00000 267.00231 -1.00000 0.00000 -999 205.71989
0.39916 0.91440 -0.03539 -0.09572 205.71988 0.00000 267.00231 -1.00000 0.00000 -999 205.71988
0.40439 0.91440 -0.03521 -0.09192 204.99985 0.00000 267.00368 -1.00000 0.00000 -999 204.99985
0.40439 0.91440 -0.03521 -0.09192 204.99985 0.00000 267.00368 -1.00000 0.00000 -999 204.99985
0.40962 0.91440 -0.03502 -0.08801 204.09285 0.00000 267.00542 -1.00000 0.00000 -999 204.09285
0.40962 0.91440 -0.03502 -0.08801 204.09285 0.00000 267.00542 -1.00000 0.00000 -999 204.09285
0.40962 0.91440 -0.03502 -0.08801 204.09285 0.00000 267.00542 -1.00000 0.00000 -999 204.09285
0.41484 0.91440 -0.03482 -0.08397 203.19403 0.00000 267.00717 -1.00000 0.00000 -999 203.19403
0.41484 0.91440 -0.03482 -0.08397 203.19403 0.00000 267.00717 -1.00000 0.00000 -999 203.19403
0.42007 0.91440 -0.03462 -0.07978 202.35539 0.00000 267.00883 -1.00000 0.00000 -999 202.35539
0.42007 0.91440 -0.03462 -0.07978 202.35539 0.00000 267.00883 -1.00000 0.00000 -999 202.35539
0.42530 0.91440 -0.03441 -0.07543 201.49875 0.00000 267.01055 -1.00000 0.00000 -999 201.49875
0.42530 0.91440 -0.03441 -0.07543 201.49875 0.00000 267.01055 -1.00000 0.00000 -999 201.49875
0.43052 0.91440 -0.03420 -0.07091 200.62302 0.00000 267.01234 -1.00000 0.00000 -999 200.62302
0.43052 0.91440 -0.03420 -0.07091 200.62301 0.00000 267.01234 -1.00000 0.00000 -999 200.62301
0.43575 0.91440 -0.03397 -0.06621 199.72720 0.00000 267.01420 -1.00000 0.00000 -999 199.72720
0.43575 0.91440 -0.03397 -0.06621 199.72719 0.00000 267.01420 -1.00000 0.00000 -999 199.72719
0.44098 0.91440 -0.03374 -0.06130 198.80950 0.00000 267.01614 -1.00000 0.00000 -999 198.80950
0.44098 0.91440 -0.03374 -0.06130 198.80950 0.00000 267.01614 -1.00000 0.00000 -999 198.80950
0.44620 0.91440 -0.03351 -0.05616 197.99471 0.00000 267.01790 -1.00000 0.00000 -999 197.99471
0.45143 0.91440 -0.03327 -0.05074 196.98627 0.00000 267.02011 -1.00000 0.00000 -999 196.98627
0.45143 0.91440 -0.03327 -0.05074 196.98626 0.00000 267.02011 -1.00000 0.00000 -999 196.98626
0.45665 0.91440 -0.03302 -0.04506 195.88676 0.00000 267.02257 -1.00000 0.00000 -999 195.88676
0.45665 0.91440 -0.03302 -0.04506 195.88675 0.00000 267.02257 -1.00000 0.00000 -999 195.88675
0.46187 0.91440 -0.03276 -0.03903 194.84137 0.00000 267.02496 -1.00000 0.00000 -999 194.84137
0.46187 0.91440 -0.03276 -0.03903 194.84137 0.00000 267.02496 -1.00000 0.00000 -999 194.84137
0.46187 0.91440 -0.03276 -0.03903 194.84137 0.00000 267.02496 -1.00000 0.00000 -999 194.84137
0.46710 0.91440 -0.03250 -0.03262 193.75106 0.00000 267.02749 -1.00000 0.00000 -999 193.75106
0.46710 0.91440 -0.03250 -0.03262 193.75105 0.00000 267.02749 -1.00000 0.00000 -999 193.75105
0.47232 0.91440 -0.03223 -0.02582 192.60835 0.00000 267.03018 -1.00000 0.00000 -999 192.60835
0.47232 0.91440 -0.03223 -0.02582 192.60834 0.00000 267.03018 -1.00000 0.00000 -999 192.60834
0.47754 0.91440 -0.03195 -0.01851 191.40217 0.00000 267.03307 -1.00000 0.00000 -999 191.40217
0.47754 0.91440 -0.03195 -0.01851 191.40216 0.00000 267.03307 -1.00000 0.00000 -999 191.40216
0.48277 0.91440 -0.03166 -0.01066 190.12106 0.00000 267.03618 -1.00000 0.00000 -999 190.12106
0.48277 0.91440 -0.03166 -0.01066 190.12106 0.00000 267.03618 -1.00000 0.00000 -999 190.12106
0.48799 0.91440 -0.03137 -0.00215 188.74828 0.00000 267.03954 -1.00000 0.00000 -999 188.74828
0.48799 0.91440 -0.03137 -0.00215 188.74827 0.00000 267.03954 -1.00000 0.00000 -999 188.74827
0.49321 0.91440 -0.03107 0.00710 187.26477 0.00000 267.04321 -1.00000 0.00000 -999 187.26477
0.49321 0.91440 -0.03107 0.00710 187.26477 0.00000 267.04321 -1.00000 0.00000 -999 187.26477
0.49843 0.91440 -0.03077 0.01730 185.64201 0.00000 267.04723 -1.00000 0.00000 -999 185.64201
0.49843 0.91440 -0.03077 0.01730 185.64200 0.00000 267.04723 -1.00000 0.00000 -999 185.64200
0.50365 0.91440 -0.03045 0.02855 183.84553 0.00000 267.05169 -1.00000 0.00000 -999 183.84553
0.50365 0.91440 -0.03045 0.02855 183.84553 0.00000 267.05169 -1.00000 0.00000 -999 183.84553
0.50887 0.91440 -0.03013 0.04121 181.83251 0.00000 267.05670 -1.00000 0.00000 -999 181.83251
0.50887 0.91440 -0.03013 0.04121 181.83250 0.00000 267.05670 -1.00000 0.00000 -999 181.83250
0.51409 0.91440 -0.02980 0.05550 179.51500 0.00000 267.06237 -1.00000 0.00000 -999 179.51500
0.51409 0.91440 -0.02980 0.05550 179.51499 0.00000 267.06237 -1.00000 0.00000 -999 179.51499
0.51931 0.91440 -0.02946 0.07204 176.86032 0.00000 267.06896 -1.00000 0.00000 -999 176.86032
0.51931 0.91440 -0.02946 0.07204 176.86031 0.00000 267.06896 -1.00000 0.00000 -999 176.86031
0.52453 0.91440 -0.02911 0.09186 174.55210 0.00000 267.07618 -1.00000 0.00000 -999 174.55210
0.52453 0.91440 -0.02911 0.09186 174.55209 0.00000 267.07618 -1.00000 0.00000 -999 174.55209
0.52843 0.91440 -0.02885 0.10846 174.02665 0.00000 267.08290 -1.00000 0.00000 -999 174.02665
0.52843 0.91440 -0.02885 0.10846 174.02667 0.00000 267.08290 -1.00000 0.00000 -999 174.02667
0.53086 0.91440 -0.02868 0.12419 179.00706 0.00000 267.08770 -1.00000 0.00000 -999 179.00706
0.53086 0.91440 -0.02868 0.12419 179.00708 0.00000 267.08770 -1.00000 0.00000 -999 179.00708
0.53238 0.91440 -0.02858 0.12345 184.27886 0.00000 267.08898 -1.00000 0.00000 -999 184.27886

ZONE T="SLICE_Y_0p9144_BINS15_KS_VAR_CUTDATA"
0.53247 0.91440 -0.02724 0.11870 158.53926 0.00000 267.08702 -1.00000 0.00000 -999 158.53926
0.53098 0.91440 -0.02692 0.11887 154.23984 0.00000 267.08585 -1.00000 0.00000 -999 154.23984
0.53098 0.91440 -0.02692 0.11887 154.23982 0.00000 267.08585 -1.00000 0.00000 -999 154.23982
0.52859 0.91440 -0.02641 0.10519 150.87920 0.00000 267.08133 -1.00000 0.00000 -999 150.87920
0.52859 0.91440 -0.02641 0.10519 150.87919 0.00000 267.08133 -1.00000 0.00000 -999 150.87919
0.52477 0.91440 -0.02561 0.08745 153.04818 0.00000 267.07425 -1.00000 0.00000 -999 153.04818
0.52477 0.91440 -0.02561 0.08745 153.04818 0.00000 267.07425 -1.00000 0.00000 -999 153.04818
0.51962 0.91440 -0.02453 0.06419 156.99208 0.00000 267.06575 -1.00000 0.00000 -999 156.99208
0.51962 0.91440 -0.02453 0.06419 156.99210 0.00000 267.06575 -1.00000 0.00000 -999 156.99210
0.51446 0.91440 -0.02346 0.04272 161.10583 0.00000 267.05729 -1.00000 0.00000 -999 161.10583
0.51446 0.91440 -0.02346 0.04272 161.10584 0.00000 267.05729 -1.00000 0.00000 -999 161.10584
0.50930 0.91440 -0.02240 0.02282 164.82141 0.00000 267.04942 -1.00000 0.00000 -999 164.82141
0.50930 0.91440 -0.02240 0.02282 164.82142 0.00000 267.04942 -1.00000 0.00000 -999 164.82142
0.50414 0.91440 -0.02135 0.00409 168.15121 0.00000 267.04204 -1.00000 0.00000 -999 168.15121
0.50414 0.91440 -0.02135 0.00409 168.15123 0.00000 267.04204 -1.00000 0.00000 -999 168.15123
0.50414 0.91440 -0.02135 0.00409 168.15124 0.00000 267.04204 -1.00000 0.00000 -999 168.15124
0.49898 0.91440 -0.02031 -0.01346 171.16076 0.00000 267.03510 -1.00000 0.00000 -999 171.16076
0.49381 0.91440 -0.01927 -0.03008 173.91508 0.00000 267.02854 -1.00000 0.00000 -999 173.91508
0.49381 0.91440 -0.01927 -0.03008 173.91509 0.00000 267.02854 -1.00000 0.00000 -999 173.91509
0.48865 0.91440 -0.01824 -0.04579 176.45250 0.00000 267.02232 -1.00000 0.00000 -999 176.45250
0.48865 0.91440 -0.01824 -0.04579 176.45251 0.00000 267.02232 -1.00000 0.00000 -999 176.45251
0.48348 0.91440 -0.01722 -0.06079 178.81093 0.00000 267.01639 -1.00000 0.00000 -999 178.81093
0.48348 0.91440 -0.01722 -0.06079 178.81094 0.00000 267.01639 -1.00000 0.00000 -999 178.81094
0.47831 0.91440 -0.01620 -0.07509 181.01402 0.00000 267.01072 -1.00000 0.00000 -999 181.01402
0.47831 0.91440 -0.01620 -0.07509 181.01403 0.00000 267.01072 -1.00000 0.00000 -999 181.01403
0.47314 0.91440 -0.01519 -0.08880 183.08428 0.00000 267.00529 -1.00000 0.00000 -999 183.08428
0.47314 0.91440 -0.01519 -0.08880 183.08429 0.00000 267.00529 -1.00000 0.00000 -999 183.08429
0.46797 0.91440 -0.01419 -0.10198 185.03744 0.00000 267.00007 -1.00000 0.00000 -999 185.03744
0.46797 0.91440 -0.01419 -0.10198 185.03744 0.00000 267.00007 -1.00000 0.00000 -999 185.03744
0.46280 0.91440 -0.01320 -0.11468 186.88942 0.00000 266.99503 -1.00000 0.00000 -999 186.88942
0.46280 0.91440 -0.01320 -0.11468 186.88943 0.00000 266.99503 -1.00000 0.00000 -999 186.88943
0.45763 0.91440 -0.01221 -0.12697 188.65146 0.00000 266.99015 -1.00000 0.00000 -999 188.65146
0.45763 0.91440 -0.01221 -0.12697 188.65147 0.00000 266.99015 -1.00000 0.00000 -999 188.65147
0.45763 0.91440 -0.01221 -0.12697 188.65148 0.00000 266.99015 -1.00000 0.00000 -999 188.65148
0.45245 0.91440 -0.01123 -0.13890 190.33497 0.00000 266.98542 -1.00000 0.00000 -999 190.33497
0.44728 0.91440 -0.01026 -0.15048 191.94801 0.00000 266.98081 -1.00000 0.00000 -999 191.94801
0.44728 0.91440 -0.01026 -0.15048 191.94802 0.00000 266.98081 -1.00000 0.00000 -999 191.94802
0.44210 0.91440 -0.00929 -0.16177 193.49938 0.00000 266.97632 -1.00000 0.00000 -999 193.49938
0.44210 0.91440 -0.00929 -0.16177 193.49939 0.00000 266.97632 -1.00000 0.00000 -999 193.49939
0.43692 0.91440 -0.00833 -0.17281 194.99613 0.00000 266.97193 -1.00000 0.00000 -999 194.99613
0.43692 0.91440 -0.00833 -0.17281 194.99613 0.00000 266.97193 -1.00000 0.00000 -999 194.99613
0.43174 0.91440 -0.00738 -0.18361 196.44421 0.00000 266.96764 -1.00000 0.00000 -999 196.44421
0.43174 0.91440 -0.00738 -0.18361 196.44421 0.00000 266.96764 -1.00000 0.00000 -999 196.44421
0.43174 0.91440 -0.00738 -0.18361 196.44422 0.00000 266.96764 -1.00000 0.00000 -999 196.44422
0.42656 0.91440 -0.00643 -0.19419 197.84945 0.00000 266.96342 -1.00000 0.00000 -999 197.84945
0.42138 0.91440 -0.00549 -0.20461 199.21876 0.00000 266.95928 -1.00000 0.00000 -999 199.21876
0.42138 0.91440 -0.00549 -0.20461 199.21877 0.00000 266.95928 -1.00000 0.00000 -999 199.21877
0.41619 0.91440 -0.00456 -0.21486 200.55740 0.00000 266.95519 -1.00000 0.00000 -999 200.55740
0.41619 0.91440 -0.00456 -0.21486 200.55741 0.00000 266.95519 -1.00000 0.00000 -999 200.55741
0.41101 0.91440 -0.00363 -0.22498 201.87009 0.00000 266.95116 -1.00000 0.00000 -999 201.87009
0.41101 0.91440 -0.00363 -0.22498 201.87010 0.00000 266.95116 -1.00000 0.00000 -999 201.87010
0.40582 0.91440 -0.00271 -0.23498 203.16156 0.00000 266.94717 -1.00000 0.00000 -999 203.16156
0.40582 0.91440 -0.00271 -0.23498 203.16156 0.00000 266.94717 -1.00000 0.00000 -999 203.16156
0.40063 0.91440 -0.00180 -0.24487 204.43656 0.00000 266.94322 -1.00000 0.00000 -999 204.43656
0.40063 0.91440 -0.00180 -0.24487 204.43657 0.00000 266.94322 -1.00000 0.00000 -999 204.43657
0.40063 0.91440 -0.00180 -0.24487 204.43657 0.00000 266.94322 -1.00000 0.00000 -999 204.43657
0.39544 0.91440 -0.00089 -0.25469 205.69911 0.00000 266.93931 -1.00000 0.00000 -999 205.69911
0.39544 0.91440 -0.00089 -0.25469 205.69911 0.00000 266.93931 -1.00000 0.00000 -999 205.69911
0.39026 0.91440 0.00001 -0.26443 206.95241 0.00000 266.93542 -1.00000 0.00000 -999 206.95241
0.39026 0.91440 0.00001 -0.26443 206.95241 0.00000 266.93542 -1.00000 0.00000 -999 206.95241
0.38506 0.91440 0.00090 -0.27410 208.19958 0.00000 266.93155 -1.00000 0.00000 -999 208.19958
0.38506 0.91440 0.00090 -0.27410 208.19958 0.00000 266.93155 -1.00000 0.00000 -999 208.19958
0.37987 0.91440 0.00179 -0.28372 209.44531 0.00000 266.92770 -1.00000 0.00000 -999 209.44531
0.37987 0.91440 0.00179 -0.28372 209.44532 0.00000 266.92770 -1.00000 0.00000 -999 209.44532
0.37468 0.91440 0.00266 -0.29333 210.69380 0.00000 266.92386 -1.00000 0.00000 -999 210.69380
0.36948 0.91440 0.00354 -0.30294 211.94629 0.00000 266.92002 -1.00000 0.00000 -999 211.94629
0.36948 0.91440 0.00354 -0.30294 211.94629 0.00000 266.92002 -1.00000 0.00000 -999 211.94629
0.36429 0.91440 0.00440 -0.31247 213.20358 0.00000 266.91620 -1.00000 0.00000 -999 213.20358
0.36429 0.91440 0.00440 -0.31247 213.20359 0.00000 266.91620 -1.00000 0.00000 -999 213.20359
0.36429 0.91440 0.00440 -0.31247 213.20359 0.00000 266.91620 -1.00000 0.00000 -999 213.20359
0.35909 0.91440 0.00526 -0.32204 214.46923 0.00000 266.91237 -1.00000 0.00000 -999 214.46923
0.35389 0.91440 0.00611 -0.33165 215.74576 0.00000 266.90852 -1.00000 0.00000 -999 215.74576
0.35389 0.91440 0.00611 -0.33165 215.74577 0.00000 266.90852 -1.00000 0.00000 -999 215.74577
0.35389 0.91440 0.00611 -0.33165 215.74577 0.00000 266.90852 -1.00000 0.00000 -999 215.74577
0.34870 0.91440 0.00695 -0.34124 217.03188 0.00000 266.90468 -1.00000 0.00000 -999 217.03188
0.34870 0.91440 0.00695 -0.34124 217.03189 0.00000 266.90468 -1.00000 0.00000 -999 217.03189
0.34349 0.91440 0.00778 -0.35086 218.32757 0.00000 266.90082 -1.00000 0.00000 -999 218.32757
0.34349 0.91440 0.00778 -0.35086 218.32757 0.00000 266.90082 -1.00000 0.00000 -999 218.32757
0.33829 0.91440 0.00861 -0.36053 219.63416 0.00000 266.89694 -1.00000 0.00000 -999 219.63416
0.33829 0.91440 0.00861 -0.36053 219.63416 0.00000 266.89694 -1.00000 0.00000 -999 219.63416
0.33309 0.91440 0.00943 -0.37023 220.95087 0.00000 266.89304 -1.00000 0.00000 -999 220.95087
0.33309 0.91440 0.00943 -0.37023 220.95088 0.00000 266.89304 -1.00000 0.00000 -999 220.95088
0.32789 0.91440 0.01024 -0.37999 222.27667 0.00000 266.88913 -1.00000 0.00000 -999 222.27667
0.32789 0.91440 0.01024 -0.37999 222.27668 0.00000 266.88913 -1.00000 0.00000 -999 222.27668
0.32268 0.91440 0.01104 -0.38980 223.61101 0.00000 266.88518 -1.00000 0.00000 -999 223.61101
0.32268 0.91440 0.01104 -0.38980 223.61102 0.00000 266.88518 -1.00000 0.00000 -999 223.61102
0.31747 0.91440 0.01184 -0.39968 224.95317 0.00000 266.88121 -1.00000 0.00000 -999 224.95317
0.31227 0.91440 0.01262 -0.40964 226.30214 0.00000 266.87721 -1.00000 0.00000 -999 226.30214
0.31227 0.91440 0.01262 -0.40964 226.30215 0.00000 266.87721 -1.00000 0.00000 -999 226.30215
0.31227 0.91440 0.01262 -0.40964 226.30215 0.00000 266.87721 -1.00000 0.00000 -999 226.30215
0.30706 0.91440 0.01340 -0.41968 227.65694 0.00000 266.87317 -1.00000 0.00000 -999 227.65694
0.30706 0.91440 0.01340 -0.41968 227.65694 0.00000 266.87317 -1.00000 0.00000 -999 227.65694
0.30185 0.91440 0.01417 -0.42981 229.01706 0.00000 266.86909 -1.00000 0.00000 -999 229.01706
0.30185 0.91440 0.01417 -0.42981 229.01706 0.00000 266.86909 -1.00000 0.00000 -999 229.01706
0.29663 0.91440 0.01493 -0.44004 230.38262 0.00000 266.86497 -1.00000 0.00000 -999 230.38262
0.29663 0.91440 0.01493 -0.44004 230.38263 0.00000 266.86497 -1.00000 0.00000 -999 230.38263
0.29142 0.91440 0.01568 -0.45036 231.75430 0.00000 266.86081 -1.00000 0.00000 -999 231.75430
0.29142 0.91440 0.01568 -0.45036 231.75430 0.00000 266.86081 -1.00000 0.00000 -999 231.75430
0.28621 0.91440 0.01642 -0.46080 233.13354 0.00000 266.85660 -1.00000 0.00000 -999 233.13354
0.28621 0.91440 0.01642 -0.46080 233.13354 0.00000 266.85660 -1.00000 0.00000 -999 233.13354
0.28099 0.91440 0.01715 -0.47135 234.52278 0.00000 266.85235 -1.00000 0.00000 -999 234.52278
0.28099 0.91440 0.01715 -0.47135 234.52278 0.00000 266.85235 -1.00000 0.00000 -999 234.52278
0.27577 0.91440 0.01786 -0.48202 235.92531 0.00000 266.84804 -1.00000 0.00000 -999 235.92531
0.27055 0.91440 0.01857 -0.49281 237.34539 0.00000 266.84368 -1.00000 0.00000 -999 237.34539
0.27055 0.91440 0.01857 -0.49281 237.34540 0.00000 266.84368 -1.00000 0.00000 -999 237.34540
0.26533 0.91440 0.01927 -0.50374 238.78821 0.00000 266.83927 -1.00000 0.00000 -999 238.78821
0.26533 0.91440 0.01927 -0.50374 238.78821 0.00000 266.83927 -1.00000 0.00000 -999 238.78821
0.26011 0.91440 0.01995 -0.51480 240.25953 0.00000 266.83479 -1.00000 0.00000 -999 240.25953
0.26011 0.91440 0.01995 -0.51480 240.25954 0.00000 266.83479 -1.00000 0.00000 -999 240.25954
0.25489 0.91440 0.02063 -0.52601 241.76539 0.00000 266.83026 -1.00000 0.00000 -999 241.76539
0.25489 0.91440 0.02063 -0.52601 241.76539 0.00000 266.83026 -1.00000 0.00000 -999 241.76539
0.24966 0.91440 0.02129 -0.53738 243.31174 0.00000 266.82566 -1.00000 0.00000 -999 243.31174
0.24966 0.91440 0.02129 -0.53738 243.31175 0.00000 266.82566 -1.00000 0.00000 -999 243.31175
0.24443 0.91440 0.02194 -0.54889 244.90373 0.00000 266.82100 -1.00000 0.00000 -999 244.90373
0.24443 0.91440 0.02194 -0.54889 244.90373 0.00000 266.82100 -1.00000 0.00000 -999 244.90373
0.23920 0.91440 0.02257 -0.56057 246.54533 0.00000 266.81627 -1.00000 0.00000 -999 246.54533
0.23920 0.91440 0.02257 -0.56057 246.54533 0.00000 266.81627 -1.00000 0.00000 -999 246.54533
0.23397 0.91440 0.02320 -0.57241 248.23929 0.00000 266.81146 -1.00000 0.00000 -999 248.23929
0.23397 0.91440 0.02320 -0.57241 248.23930 0.00000 266.81146 -1.00000 0.00000 -999 248.23930
0.22874 0.91440 0.02380 -0.58444 249.98625 0.00000 266.80659 -1.00000 0.00000 -999 249.98625
0.22874 0.91440 0.02380 -0.58444 249.98625 0.00000 266.80659 -1.00000 0.00000 -999 249.98625
0.22874 0.91440 0.02380 -0.58444 249.98626 0.00000 266.80659 -1.00000 0.00000 -999 249.98626
0.22351 0.91440 0.02440 -0.59664 251.78424 0.00000 266.80163 -1.00000 0.00000 -999 251.78424
0.21827 0.91440 0.02498 -0.60904 253.62914 0.00000 266.79660 -1.00000 0.00000 -999 253.62914
0.21827 0.91440 0.02498 -0.60904 253.62915 0.00000 266.79660 -1.00000 0.00000 -999 253.62915
0.21827 0.91440 0.02498 -0.60904 253.62915 0.00000 266.79660 -1.00000 0.00000 -999 253.62915
0.21304 0.91440 0.02554 -0.62164 255.51471 0.00000 266.79147 -1.00000 0.00000 -999 255.51471
0.21304 0.91440 0.02554 -0.62164 255.51472 0.00000 266.79147 -1.00000 0.00000 -999 255.51472
0.20780 0.91440 0.02609 -0.63445 257.43288 0.00000 266.78626 -1.00000 0.00000 -999 257.43288
0.20780 0.91440 0.02609 -0.63445 257.43288 0.00000 266.78626 -1.00000 0.00000 -999 257.43288
0.20256 0.91440 0.02662 -0.64750 259.56179 0.00000 266.78044 -1.00000 0.00000 -999 259.56179
0.20256 0.91440 0.02662 -0.64750 259.56179 0.00000 266.78044 -1.00000 0.00000 -999 259.56179
0.19732 0.91440 0.02713 -0.66077 261.76467 0.00000 266.77434 -1.00000 0.00000 -999 261.76467
0.19732 0.91440 0.02713 -0.66077 261.76468 0.00000 266.77434 -1.00000 0.00000 -999 261.76468
0.19207 0.91440 0.02763 -0.67425 263.72756 0.00000 266.76882 -1.00000 0.00000 -999 263.72756
0.19207 0.91440 0.02763 -0.67425 263.72756 0.00000 266.76882 -1.00000 0.00000 -999 263.72756
0.18683 0.91440 0.02811 -0.68799 265.69612 0.00000 266.76319 -1.00000 0.00000 -999 265.69612
0.18683 0.91440 0.02811 -0.68799 265.69613 0.00000 266.76319 -1.00000 0.00000 -999 265.69613
0.18158 0.91440 0.02856 -0.70206 267.22686 0.00000 266.75872 -1.00000 0.00000 -999 267.22686
0.17633 0.91440 0.02900 -0.71631 269.22448 0.00000 266.75288 -1.00000 0.00000 -999 269.22448
0.17633 0.91440 0.02900 -0.71631 269.22449 0.00000 266.75288 -1.00000 0.00000 -999 269.22449
0.17633 0.91440 0.02900 -0.71631 269.22449 0.00000 266.75288 -1.00000 0.00000 -999 269.22449
0.17108 0.91440 0.02942 -0.73091 271.69071 0.00000 266.74559 -1.00000 0.00000 -999 271.69071
0.17108 0.91440 0.02942 -0.73091 271.69072 0.00000 266.74559 -1.00000 0.00000 -999 271.69072
0.16583 0.91440 0.02981 -0.74581 273.77134 0.00000 266.73946 -1.00000 0.00000 -999 273.77134
0.16583 0.91440 0.02981 -0.74581 273.77135 0.00000 266.73946 -1.00000 0.00000 -999 273.77135
0.16058 0.91440 0.03019 -0.76101 275.93013 0.00000 266.73321 -1.00000 0.00000 -999 275.93013
0.16058 0.91440 0.03019 -0.76101 275.93014 0.00000 266.73321 -1.00000 0.00000 -999 275.93014
0.15532 0.91440 0.03054 -0.77654 278.19139 0.00000 266.72681 -1.00000 0.00000 -999 278.19139
0.15532 0.91440 0.03054 -0.77654 278.19140 0.00000 266.72681 -1.00000 0.00000 -999 278.19140
0.15006 0.91440 0.03086 -0.79246 280.57539 0.00000 266.72028 -1.00000 0.00000 -999 280.57539
0.15006 0.91440 0.03086 -0.79246 280.57540 0.00000 266.72028 -1.00000 0.00000 -999 280.57540
0.14480 0.91440 0.03116 -0.80859 283.07389 0.00000 266.71358 -1.00000 0.00000 -999 283.07389
0.14480 0.91440 0.03116 -0.80859 283.07390 0.00000 266.71358 -1.00000 0.00000 -999 283.07390
0.13954 0.91440 0.03143 -0.82539 285.64439 0.00000 266.70677 -1.00000 0.00000 -999 285.64439
0.13954 0.91440 0.03143 -0.82539 285.64440 0.00000 266.70677 -1.00000 0.00000 -999 285.64440
0.13452 0.91440 0.03166 -0.84170 288.23374 0.00000 266.70010 -1.00000 0.00000 -999 288.23374
0.13452 0.91440 0.03166 -0.84170 288.23375 0.00000 266.70010 -1.00000 0.00000 -999 288.23375
0.12975 0.91440 0.03185 -0.85765 290.78370 0.00000 266.69357 -1.00000 0.00000 -999 290.78370
0.12975 0.91440 0.03185 -0.85765 290.78371 0.00000 266.69357 -1.00000 0.00000 -999 290.78371
0.12519 0.91440 0.03202 -0.87325 292.72108 0.00000 266.68859 -1.00000 0.00000 -999 292.72108
0.12086 0.91440 0.03215 -0.88843 295.16095 0.00000 266.68235 -1.00000 0.00000 -999 295.16095
0.12086 0.91440 0.03215 -0.88844 295.16096 0.00000 266.68235 -1.00000 0.00000 -999 295.16096
0.12086 0.91440 0.03215 -0.88844 295.16096 0.00000 266.68235 -1.00000 0.00000 -999 295.16096
0.11673 0.91440 0.03225 -0.90321 298.06011 0.00000 266.67491 -1.00000 0.00000 -999 298.06011
0.11673 0.91440 0.03225 -0.90321 298.06012 0.00000 266.67491 -1.00000 0.00000 -999 298.06012
0.11280 0.91440 0.03233 -0.91766 300.38941 0.00000 266.66897 -1.00000 0.00000 -999 300.38941
0.11280 0.91440 0.03233 -0.91766 300.38942 0.00000 266.66897 -1.00000 0.00000 -999 300.38942
0.10905 0.91440 0.03239 -0.93178 302.69618 0.00000 266.66316 -1.00000 0.00000 -999 302.69618
0.10905 0.91440 0.03239 -0.93178 302.69618 0.00000 266.66316 -1.00000 0.00000 -999 302.69618
0.10548 0.91440 0.03242 -0.94565 304.98704 0.00000 266.65750 -1.00000 0.00000 -999 304.98704
0.10548 0.91440 0.03242 -0.94565 304.98705 0.00000 266.65750 -1.00000 0.00000 -999 304.98705
0.10208 0.91440 0.03244 -0.95894 307.26205 0.00000 266.65199 -1.00000 0.00000 -999 307.26205
0.10208 0.91440 0.03244 -0.95894 307.26205 0.00000 266.65199 -1.00000 0.00000 -999 307.26205
0.09885 0.91440 0.03244 -0.97219 309.51513 0.00000 266.64659 -1.00000 0.00000 -999 309.51513
0.09885 0.91440 0.03244 -0.97219 309.51514 0.00000 266.64659 -1.00000 0.00000 -999 309.51514
0.09576 0.91440 0.03242 -0.98482 311.73879 0.00000 266.64132 -1.00000 0.00000 -999 311.73879
0.09576 0.91440 0.03242 -0.98482 311.73880 0.00000 266.64132 -1.00000 0.00000 -999 311.73880
0.09283 0.91440 0.03239 -0.99749 313.75647 0.00000 266.63662 -1.00000 0.00000 -999 313.75647
0.09283 0.91440 0.03239 -0.99749 313.75648 0.00000 266.63662 -1.00000 0.00000 -999 313.75648
0.09003 0.91440 0.03235 -1.00948 315.69622 0.00000 266.63220 -1.00000 0.00000 -999 315.69622
0.08715 0.91440 0.03230 -1.02223 317.94445 0.00000 266.62695 -1.00000 0.00000 -999 317.94445
0.08715 0.91440 0.03230 -1.02223 317.94446 0.00000 266.62695 -1.00000 0.00000 -999 317.94446
0.08715 0.91440 0.03230 -1.02223 317.94446 0.00000 266.62695 -1.00000 0.00000 -999 317.94446
0.08426 0.91440 0.03223 -1.03534 320.22592 0.00000 266.62150 -1.00000 0.00000 -999 320.22592
0.08138 0.91440 0.03214 -1.04896 322.52968 0.00000 266.61586 -1.00000 0.00000 -999 322.52968
0.08138 0.91440 0.03214 -1.04896 322.52969 0.00000 266.61586 -1.00000 0.00000 -999 322.52969
0.08138 0.91440 0.03214 -1.04896 322.52969 0.00000 266.61586 -1.00000 0.00000 -999 322.52969
0.07850 0.91440 0.03203 -1.06286 324.84399 0.00000 266.61008 -1.00000 0.00000 -999 324.84399
0.07850 0.91440 0.03203 -1.06286 324.84400 0.00000 266.61008 -1.00000 0.00000 -999 324.84400
0.07562 0.91440 0.03191 -1.07709 327.18109 0.00000 266.60413 -1.00000 0.00000 -999 327.18109
0.07273 0.91440 0.03178 -1.09191 329.56199 0.00000 266.59797 -1.00000 0.00000 -999 329.56199
0.07273 0.91440 0.03178 -1.09191 329.56200 0.00000 266.59797 -1.00000 0.00000 -999 329.56200
0.07273 0.91440 0.03178 -1.09191 329.56201 0.00000 266.59797 -1.00000 0.00000 -999 329.56201
0.06985 0.91440 0.03162 -1.10725 332.01242 0.00000 266.59159 -1.00000 0.00000 -999 332.01242
0.06985 0.91440 0.03162 -1.10725 332.01243 0.00000 266.59159 -1.00000 0.00000 -999 332.01243
0.06697 0.91440 0.03144 -1.12303 334.57279 0.00000 266.58500 -1.00000 0.00000 -999 334.57279
0.06410 0.91440 0.03124 -1.13934 337.44032 0.00006 266.58085 -0.00000 0.00000 -999 337.29650
0.06410 0.91440 0.03124 -1.13934 337.44033 0.00006 266.58085 0.00000 0.00000 -999 337.29651
0.06410 0.91440 0.03124 -1.13934 337.44034 0.00006 266.58085 0.00000 0.00000 -999 337.29652
0.06122 0.91440 0.03103 -1.15646 340.52884 0.00013 266.57656 1.00000 0.00000 -999 340.22780
0.06122 0.91440 0.03103 -1.15646 340.52886 0.00013 266.57656 1.00000 0.00000 -999 340.22781
0.05835 0.91440 0.03078 -1.17426 343.72123 0.00019 266.55171 0.66667 0.00000 -999 343.39089
0.05835 0.91440 0.03078 -1.17426 343.72125 0.00019 266.55171 0.66666 0.00000 -999 343.39091
0.05547 0.91440 0.03052 -1.19268 347.08155 0.00026 266.50991 -0.00000 0.00000 -999 346.80216
0.05547 0.91440 0.03052 -1.19268 347.08156 0.00026 266.50990 -0.00000 0.00000 -999 346.80218
0.05260 0.91440 0.03023 -1.21192 350.57564 0.00033 266.44909 -0.66667 0.00000 -999 350.47800
0.04974 0.91440 0.02991 -1.23230 354.42245 0.00063 266.32754 -1.00000 0.00000 -999 354.42245
0.04974 0.91440 0.02991 -1.23230 354.42246 0.00063 266.32754 -1.00000 0.00000 -999 354.42246
0.04687 0.91440 0.02956 -1.25352 358.62746 0.00095 266.21078 -1.00000 0.00000 -999 358.62746
0.04687 0.91440 0.02956 -1.25352 358.62747 0.00095 266.21078 -1.00000 0.00000 -999 358.62747
0.04687 0.91440 0.02956 -1.25352 358.62749 0.00095 266.21078 -1.00000 0.00000 -999 358.62749
0.04401 0.91440 0.02918 -1.27575 363.08684 0.00136 266.06984 -1.00000 0.00000 -999 363.08684
0.04401 0.91440 0.02918 -1.27575 363.08686 0.00136 266.06984 -1.00000 0.00000 -999 363.08686
0.04116 0.91440 0.02876 -1.29953 367.76827 0.00179 265.92318 -1.00000 0.00000 -999 367.76827
0.04116 0.91440 0.02876 -1.29953 367.76828 0.00179 265.92318 -1.00000 0.00000 -999 367.76828
0.03831 0.91440 0.02831 -1.32453 372.61489 0.00251 265.68464 -1.00000 0.00000 -999 372.61489
0.03831 0.91440 0.02831 -1.32453 372.61493 0.00251 265.68464 -1.00000 0.00000 -999 372.61491
0.03547 0.91440 0.02782 -1.35086 384.26999 0.00376 265.32015 0.00000 0.00006 -999 377.62048
0.03547 0.91440 0.02782 -1.35086 384.27004 0.00376 265.32015 0.00000 0.00006 -999 377.62050
0.03263 0.91440 0.02729 -1.37941 399.05841 0.00540 265.06380 1.00000 0.00014 -999 383.38215
0.03263 0.91440 0.02729 -1.37941 399.05844 0.00540 265.06380 1.00000 0.00014 -999 383.38217
0.02981 0.91440 0.02670 -1.40954 412.49010 0.00758 265.08877 1.00000 0.00019 -999 389.79271
0.02981 0.91440 0.02670 -1.40954 412.49016 0.00758 265.08877 1.00000 0.00019 -999 389.79273
0.02700 0.91440 0.02606 -1.44141 428.63057 0.01058 265.12856 1.00000 0.00027 -999 396.06400
0.02700 0.91440 0.02606 -1.44141 428.63064 0.01058 265.12856 1.00000 0.00027 -999 396.06403
0.02420 0.91440 0.02536 -1.47622 448.79393 0.01450 265.17981 1.00000 0.00038 -999 402.77805
0.02420 0.91440 0.02536 -1.47622 448.79403 0.01450 265.17981 1.00000 0.00038 -999 402.77808
0.02142 0.91440 0.02459 -1.51179 478.96518 0.02113 265.27050 1.00000 0.00056 -999 409.90698
0.02142 0.91440 0.02459 -1.51179 478.96531 0.02113 265.27050 1.00000 0.00056 -999 409.90700
0.01866 0.91440 0.02374 -1.55063 516.47708 0.02938 265.37191 1.00000 0.00080 -999 417.60706
0.01866 0.91440 0.02374 -1.55063 516.47726 0.02938 265.37191 1.00000 0.00080 -999 417.60709
0.01594 0.91440 0.02279 -1.58755 559.79724 0.03966 265.49004 1.00000 0.00109 -999 423.89257
0.01325 0.91440 0.02173 -1.62591 614.32402 0.05314 265.63016 1.00000 0.00147 -999 430.05146
0.01325 0.91440 0.02173 -1.62591 614.32429 0.05314 265.63016 1.00000 0.00147 -999 430.05149
0.01063 0.91440 0.02054 -1.64873 698.54657 0.07629 265.83809 1.00000 0.00213 -999 436.71689
0.01063 0.91440 0.02054 -1.64873 698.54690 0.07629 265.83809 1.00000 0.00213 -999 436.71691
0.00809 0.91440 0.01916 -1.65400 807.85875 0.11408 266.16042 1.00000 0.00320 -999 440.03720
0.00809 0.91440 0.01916 -1.65400 807.85914 0.11408 266.16042 1.00000 0.00320 -999 440.03720
0.00592 0.91440 0.01774 -1.61848 913.43859 0.16670 266.60653 1.00000 0.00461 -999 439.59535
0.00592 0.91440 0.01774 -1.61848 913.43896 0.16670 266.60653 1.00000 0.00461 -999 439.59534
0.00417 0.91440 0.01632 -1.52032 992.15558 0.23275 267.19488 1.00000 0.00622 -999 438.89817
0.00417 0.91440 0.01632 -1.52032 992.15586 0.23275 267.19488 1.00000 0.00622 -999 438.89817
0.00280 0.91440 0.01492 -1.32247 1048.59923 0.31087 267.91574 1.00000 0.00771 -999 443.61228
0.00280 0.91440 0.01492 -1.32247 1048.59943 0.31087 267.91574 1.00000 0.00771 -999 443.61230
0.00176 0.91440 0.01352 -1.03356 1099.95952 0.40393 268.75988 1.00000 0.00886 -999 455.56809
0.00176 0.91440 0.01352 -1.03356 1099.95970 0.40393 268.75989 1.00000 0.00886 -999 455.56814
0.00103 0.91440 0.01214 -0.64132 1130.91792 0.50486 269.71169 1.00000 0.00914 -999 466.53512
0.00103 0.91440 0.01214 -0.64132 1130.91800 0.50486 269.71170 1.00000 0.00914 -999 466.53515
0.00055 0.91440 0.01073 -0.18609 1087.82373 0.60905 271.03106 1.00000 0.00763 -999 462.09686
0.00055 0.91440 0.01073 -0.18609 1087.82359 0.60905 271.03106 1.00000 0.00763 -999 462.09684
0.00055 0.91440 0.01073 -0.18609 1087.82307 0.60905 271.03107 1.00000 0.00763 -999 462.09677
0.00032 0.91440 0.00930 0.24820 902.84851 0.68443 272.68429 0.92466 0.00460 -999 438.43800
0.00032 0.91440 0.00930 0.24820 902.84751 0.68443 272.68429 0.92466 0.00460 -999 438.43790
0.00035 0.91440 0.00785 0.62175 622.68939 0.71606 273.15000 0.67360 0.00186 -999 410.33721
0.00035 0.91440 0.00785 0.62175 622.68858 0.71606 273.15000 0.67360 0.00186 -999 410.33711
0.00063 0.91440 0.00638 0.87227 437.82073 0.71651 273.15000 0.50402 0.00050 -999 381.35084
0.00063 0.91440 0.00638 0.87227 437.82037 0.71651 273.15000 0.50402 0.00050 -999 381.35074
0.00117 0.91440 0.00490 1.00577 359.27121 0.68716 273.15000 0.44961 0.00006 -999 352.91285
0.00117 0.91440 0.00490 1.00577 359.27106 0.68716 273.15000 0.44961 0.00006 -999 352.91275
0.00202 0.91440 0.00337 1.03041 325.59235 0.64294 273.15000 0.44282 0.00002 -999 324.12510
0.00202 0.91440 0.00337 1.03041 325.59229 0.64294 273.15000 0.44282 0.00002 -999 324.12499
0.00318 0.91440 0.00178 0.98160 309.63775 0.57709 273.15000 0.46851 0.00016 -999 295.24201
0.00318 0.91440 0.00178 0.98160 309.63773 0.57709 273.15000 0.46851 0.00016 -999 295.24191
0.00474 0.91440 0.00013 0.88673 303.83089 0.52052 273.15000 0.50451 0.00036 -999 274.45999
0.00672 0.91440 -0.00160 0.77102 302.49795 0.46463 273.15000 0.55693 0.00059 -999 257.52180
0.00672 0.91440 -0.00160 0.77102 302.49794 0.46462 273.15000 0.55693 0.00059 -999 257.52173
0.00905 0.91440 -0.00332 0.65498 306.86978 0.38687 273.15000 0.66164 0.00095 -999 239.44326
0.00905 0.91440 -0.00332 0.65498 306.86978 0.38687 273.15000 0.66164 0.00095 -999 239.44320
0.00905 0.91440 -0.00332 0.65498 306.86982 0.38687 273.15000 0.66164 0.00095 -999 239.44318
0.01150 0.91440 -0.00487 0.55624 315.99886 0.33704 273.15000 0.77050 0.00124 -999 231.78541
0.01402 0.91440 -0.00629 0.47345 329.47611 0.29950 273.15000 0.89038 0.00145 -999 231.35600
0.01402 0.91440 -0.00629 0.47345 329.47618 0.29950 273.15000 0.89038 0.00145 -999 231.35599
0.01660 0.91440 -0.00761 0.40310 347.22544 0.25905 272.49925 0.99805 0.00163 -999 235.72643
0.01660 0.91440 -0.00761 0.40310 347.22549 0.25905 272.49925 0.99805 0.00163 -999 235.72645
0.01923 0.91440 -0.00884 0.34320 354.40467 0.23068 271.64353 1.00000 0.00160 -999 241.93180
0.01923 0.91440 -0.00884 0.34320 354.40469 0.23068 271.64353 1.00000 0.00160 -999 241.93183
0.02189 0.91440 -0.00999 0.29144 362.60617 0.20705 270.97778 1.00000 0.00156 -999 249.56699
0.02189 0.91440 -0.00999 0.29144 362.60620 0.20705 270.97778 1.00000 0.00156 -999 249.56702
0.02458 0.91440 -0.01108 0.24653 369.27785 0.18678 270.41155 1.00000 0.00150 -999 256.83869
0.02458 0.91440 -0.01108 0.24653 369.27787 0.18678 270.41155 1.00000 0.00150 -999 256.83871
0.02729 0.91440 -0.01210 0.20701 371.17244 0.16788 269.93688 1.00000 0.00142 -999 262.22560
0.02729 0.91440 -0.01210 0.20701 371.17245 0.16788 269.93688 1.00000 0.00142 -999 262.22562
0.03002 0.91440 -0.01307 0.17209 372.94195 0.15407 269.58080 1.00000 0.00136 -999 266.59205
0.03002 0.91440 -0.01307 0.17209 372.94196 0.15407 269.58080 1.00000 0.00136 -999 266.59206
0.03002 0.91440 -0.01307 0.17209 372.94195 0.15407 269.58080 1.00000 0.00136 -999 266.59207
0.03277 0.91440 -0.01400 0.14114 371.17403 0.13946 269.23109 1.00000 0.00128 -999 269.89818
0.03277 0.91440 -0.01400 0.14114 371.17402 0.13946 269.23109 1.00000 0.00128 -999 269.89819
0.03553 0.91440 -0.01488 0.11320 367.36248 0.12549 268.91289 1.00000 0.00119 -999 272.15546
0.03553 0.91440 -0.01488 0.11320 367.36247 0.12549 268.91289 1.00000 0.00119 -999 272.15547
0.03830 0.91440 -0.01573 0.08818 365.89673 0.11747 268.71506 1.00000 0.00114 -999 273.65432
0.03830 0.91440 -0.01573 0.08818 365.89672 0.11747 268.71506 1.00000 0.00114 -999 273.65432
0.04109 0.91440 -0.01654 0.06563 363.04699 0.10921 268.51875 1.00000 0.00109 -999 274.71564
0.04388 0.91440 -0.01731 0.04502 357.99106 0.09934 268.29285 1.00000 0.00101 -999 275.50196
0.04388 0.91440 -0.01731 0.04502 357.99104 0.09934 268.29285 1.00000 0.00101 -999 275.50196
0.04388 0.91440 -0.01731 0.04502 357.99102 0.09934 268.29285 1.00000 0.00101 -999 275.50197
0.04668 0.91440 -0.01805 0.02632 353.64805 0.09133 268.10719 1.00000 0.00095 -999 276.02558
0.04668 0.91440 -0.01805 0.02632 353.64804 0.09133 268.10719 1.00000 0.00095 -999 276.02559
0.04949 0.91440 -0.01877 0.00928 349.39292 0.08446 267.94251 1.00000 0.00089 -999 276.24392
0.04949 0.91440 -0.01877 0.00928 349.39289 0.08446 267.94251 1.00000 0.00089 -999 276.24392
0.05230 0.91440 -0.01946 -0.00646 343.79564 0.07678 267.76411 1.00000 0.00082 -999 276.14324
0.05230 0.91440 -0.01946 -0.00646 343.79563 0.07678 267.76411 1.00000 0.00082 -999 276.14324
0.05513 0.91440 -0.02012 -0.02093 339.75212 0.07165 267.64019 1.00000 0.00078 -999 275.75922
0.05513 0.91440 -0.02012 -0.02093 339.75210 0.07165 267.64019 1.00000 0.00078 -999 275.75922
0.05795 0.91440 -0.02076 -0.03418 335.54026 0.06682 267.52365 1.00000 0.00074 -999 275.16447
0.05795 0.91440 -0.02076 -0.03418 335.54025 0.06682 267.52365 1.00000 0.00074 -999 275.16446
0.06079 0.91440 -0.02138 -0.04640 331.01698 0.06200 267.40589 1.00000 0.00069 -999 274.44564
0.06079 0.91440 -0.02138 -0.04640 331.01696 0.06200 267.40589 1.00000 0.00069 -999 274.44563
0.06362 0.91440 -0.02198 -0.05779 326.52559 0.05742 267.29279 1.00000 0.00065 -999 273.67615
0.06646 0.91440 -0.02255 -0.06828 322.70035 0.05370 267.19938 1.00000 0.00061 -999 272.90149
0.06646 0.91440 -0.02255 -0.06828 322.70033 0.05370 267.19938 1.00000 0.00061 -999 272.90148
0.06646 0.91440 -0.02255 -0.06828 322.70032 0.05370 267.19938 1.00000 0.00061 -999 272.90148
0.06931 0.91440 -0.02311 -0.07796 317.70268 0.04879 267.07428 1.00000 0.00056 -999 272.14469
0.06931 0.91440 -0.02311 -0.07796 317.70267 0.04879 267.07428 1.00000 0.00056 -999 272.14469
0.07216 0.91440 -0.02365 -0.08697 314.56885 0.04593 266.99983 1.00000 0.00053 -999 271.41286
0.07216 0.91440 -0.02365 -0.08697 314.56884 0.04593 266.99983 1.00000 0.00053 -999 271.41286
0.07501 0.91440 -0.02417 -0.09537 311.15067 0.04283 266.91734 1.00000 0.00050 -999 270.69684
0.07501 0.91440 -0.02417 -0.09537 311.15066 0.04283 266.91734 1.00000 0.00050 -999 270.69684
0.07786 0.91440 -0.02467 -0.10318 307.60487 0.03964 266.83188 1.00000 0.00047 -999 269.97868
0.08072 0.91440 -0.02516 -0.11039 304.48037 0.03697 266.75905 1.00000 0.00044 -999 269.24581
0.08072 0.91440 -0.02516 -0.11039 304.48036 0.03697 266.75905 1.00000 0.00044 -999 269.24581
0.08072 0.91440 -0.02516 -0.11039 304.48035 0.03697 266.75905 1.00000 0.00044 -999 269.24581
0.08358 0.91440 -0.02563 -0.11712 301.28971 0.03428 266.68481 1.00000 0.00041 -999 268.50037
0.08358 0.91440 -0.02563 -0.11712 301.28970 0.03428 266.68481 1.00000 0.00041 -999 268.50037
0.08644 0.91440 -0.02609 -0.12345 297.94454 0.03147 266.60601 1.00000 0.00038 -999 267.75208
0.08644 0.91440 -0.02609 -0.12345 297.94454 0.03147 266.60601 1.00000 0.00038 -999 267.75207
0.08933 0.91440 -0.02653 -0.12935 295.52539 0.02973 266.55655 1.00000 0.00036 -999 266.92422
0.08933 0.91440 -0.02653 -0.12935 295.52538 0.02973 266.55655 1.00000 0.00036 -999 266.92421
0.09236 0.91440 -0.02699 -0.13501 292.44516 0.02721 266.48378 1.00000 0.00033 -999 266.21503
0.09555 0.91440 -0.02745 -0.14061 289.93042 0.02523 266.42650 1.00000 0.00031 -999 265.56838
0.09555 0.91440 -0.02745 -0.14061 289.93041 0.02523 266.42650 1.00000 0.00031 -999 265.56838
0.09890 0.91440 -0.02791 -0.14595 287.39478 0.02348 266.37504 1.00000 0.00029 -999 264.69114
0.09890 0.91440 -0.02791 -0.14595 287.39477 0.02348 266.37504 1.00000 0.00029 -999 264.69114
0.10242 0.91440 -0.02838 -0.15114 284.71032 0.02163 266.31991 1.00000 0.00026 -999 263.77178
0.10242 0.91440 -0.02838 -0.15114 284.71031 0.02163 266.31991 1.00000 0.00026 -999 263.77177
0.10611 0.91440 -0.02886 -0.15612 281.20232 0.01920 266.24711 1.00000 0.00024 -999 262.59222
0.10611 0.91440 -0.02886 -0.15612 281.20231 0.01920 266.24711 1.00000 0.00024 -999 262.59221
0.10611 0.91440 -0.02886 -0.15612 281.20230 0.01920 266.24711 1.00000 0.00024 -999 262.59221
0.11000 0.91440 -0.02934 -0.16083 278.02047 0.01721 266.18624 1.00000 0.00021 -999 261.33751
0.11000 0.91440 -0.02934 -0.16083 278.02046 0.01721 266.18624 1.00000 0.00021 -999 261.33751
0.11408 0.91440 -0.02982 -0.16531 275.40733 0.01567 266.13887 1.00000 0.00019 -999 260.22549
0.11408 0.91440 -0.02982 -0.16531 275.40732 0.01567 266.13887 1.00000 0.00019 -999 260.22548
0.11837 0.91440 -0.03030 -0.16954 272.74373 0.01418 266.09267 1.00000 0.00018 -999 259.01927
0.11837 0.91440 -0.03030 -0.16954 272.74372 0.01418 266.09267 1.00000 0.00018 -999 259.01927
0.12288 0.91440 -0.03079 -0.17340 269.47225 0.01217 266.02934 1.00000 0.00015 -999 257.71156
0.12288 0.91440 -0.03079 -0.17340 269.47224 0.01217 266.02934 1.00000 0.00015 -999 257.71155
0.12761 0.91440 -0.03127 -0.17702 266.91090 0.01100 265.99273 1.00000 0.00014 -999 256.30928
0.12761 0.91440 -0.03127 -0.17702 266.91089 0.01100 265.99273 1.00000 0.00014 -999 256.30928
0.13258 0.91440 -0.03175 -0.18025 263.89561 0.00941 265.94180 1.00000 0.00012 -999 254.84985
0.13258 0.91440 -0.03175 -0.18025 263.89560 0.00941 265.94180 1.00000 0.00012 -999 254.84984
0.13781 0.91440 -0.03223 -0.18313 261.59976 0.00823 265.90354 1.00000 0.00010 -999 253.71178
0.14302 0.91440 -0.03267 -0.18565 259.14311 0.00718 265.86947 1.00000 0.00009 -999 252.28898
0.14302 0.91440 -0.03267 -0.18565 259.14311 0.00718 265.86947 1.00000 0.00009 -999 252.28897
0.14302 0.91440 -0.03267 -0.18565 259.14310 0.00718 265.86947 1.00000 0.00009 -999 252.28897
0.14823 0.91440 -0.03309 -0.18757 256.46763 0.00613 265.83565 1.00000 0.00008 -999 250.63626
0.14823 0.91440 -0.03309 -0.18757 256.46762 0.00613 265.83565 1.00000 0.00008 -999 250.63625
0.15345 0.91440 -0.03349 -0.18921 254.15033 0.00505 265.79955 1.00000 0.00006 -999 249.36656
0.15345 0.91440 -0.03349 -0.18921 254.15032 0.00505 265.79955 1.00000 0.00006 -999 249.36656
0.15866 0.91440 -0.03386 -0.19040 252.67232 0.00451 265.78185 1.00000 0.00006 -999 248.41392
0.16388 0.91440 -0.03421 -0.19130 250.74655 0.00375 265.75657 1.00000 0.00005 -999 247.22001
0.16388 0.91440 -0.03421 -0.19130 250.74654 0.00375 265.75656 1.00000 0.00005 -999 247.22001
0.16388 0.91440 -0.03421 -0.19130 250.74653 0.00375 265.75656 1.00000 0.00005 -999 247.22000
0.16910 0.91440 -0.03454 -0.19188 248.26757 0.00308 265.75155 0.60000 0.00003 -999 245.87809
0.16910 0.91440 -0.03454 -0.19188 248.26756 0.00308 265.75155 0.60000 0.00003 -999 245.87809
0.17432 0.91440 -0.03484 -0.19219 245.31419 0.00263 265.81709 -0.66667 0.00001 -999 244.84723
0.17432 0.91440 -0.03484 -0.19219 245.31418 0.00263 265.81709 -0.66667 0.00001 -999 244.84722
0.17955 0.91440 -0.03513 -0.19220 243.64757 0.00220 265.98618 -1.00000 0.00000 -999 243.64757
0.17955 0.91440 -0.03513 -0.19220 243.64757 0.00220 265.98618 -1.00000 0.00000 -999 243.64757
0.18477 0.91440 -0.03539 -0.19204 242.43859 0.00183 266.14750 -1.00000 0.00000 -999 242.43859
0.18477 0.91440 -0.03539 -0.19204 242.43859 0.00183 266.14750 -1.00000 0.00000 -999 242.43859
0.19000 0.91440 -0.03564 -0.19166 241.22497 0.00155 266.26972 -1.00000 0.00000 -999 241.22497
0.19000 0.91440 -0.03564 -0.19166 241.22496 0.00155 266.26972 -1.00000 0.00000 -999 241.22496
0.19522 0.91440 -0.03587 -0.19104 240.01501 0.00119 266.43090 -1.00000 0.00000 -999 240.01501
0.19522 0.91440 -0.03587 -0.19104 240.01501 0.00119 266.43090 -1.00000 0.00000 -999 240.01501
0.20045 0.91440 -0.03608 -0.19024 238.82152 0.00086 266.57848 -1.00000 0.00000 -999 238.82152
0.20567 0.91440 -0.03628 -0.18929 237.65643 0.00074 266.63252 -1.00000 0.00000 -999 237.65643
0.20567 0.91440 -0.03628 -0.18929 237.65643 0.00074 266.63252 -1.00000 0.00000 -999 237.65643
0.20567 0.91440 -0.03628 -0.18929 237.65642 0.00074 266.63252 -1.00000 0.00000 -999 237.65642
0.21090 0.91440 -0.03646 -0.18818 236.52749 0.00060 266.69504 -1.00000 0.00000 -999 236.52749
0.21613 0.91440 -0.03662 -0.18692 235.33728 0.00046 266.75740 -1.00000 0.00000 -999 235.33728
0.21613 0.91440 -0.03662 -0.18692 235.33727 0.00046 266.75740 -1.00000 0.00000 -999 235.33727
0.21613 0.91440 -0.03662 -0.18692 235.33727 0.00046 266.75741 -1.00000 0.00000 -999 235.33727
0.22136 0.91440 -0.03677 -0.18554 234.38859 0.00037 266.79757 -1.00000 0.00000 -999 234.38859
0.22659 0.91440 -0.03690 -0.18403 233.47401 0.00030 266.83130 -1.00000 0.00000 -999 233.47401
0.22659 0.91440 -0.03690 -0.18403 233.47401 0.00030 266.83130 -1.00000 0.00000 -999 233.47401
0.23182 0.91440 -0.03702 -0.18240 232.41771 0.00023 266.87187 -0.66667 0.00000 -999 232.39978
0.23182 0.91440 -0.03702 -0.18240 232.41770 0.00023 266.87187 -0.66667 0.00000 -999 232.39978
0.23182 0.91440 -0.03702 -0.18240 232.41770 0.00023 266.87187 -0.66666 0.00000 -999 232.39978
0.23705 0.91440 -0.03712 -0.18067 231.47939 0.00014 266.92582 0.00000 0.00000 -999 231.44533
0.24227 0.91440 -0.03722 -0.17884 230.66711 0.00007 266.95885 0.60000 0.00000 -999 230.63218
0.24227 0.91440 -0.03722 -0.17884 230.66710 0.00007 266.95885 0.60000 0.00000 -999 230.63217
0.24750 0.91440 -0.03730 -0.17693 229.81629 0.00003 266.97209 1.00000 0.00000 -999 229.78609
0.24750 0.91440 -0.03730 -0.17693 229.81629 0.00003 266.97209 1.00000 0.00000 -999 229.78609
0.25273 0.91440 -0.03736 -0.17493 228.90268 0.00005 266.97352 0.33334 0.00000 -999 228.86284
0.25273 0.91440 -0.03736 -0.17493 228.90268 0.00005 266.97352 0.33333 0.00000 -999 228.86284
0.25797 0.91440 -0.03742 -0.17286 227.94054 0.00000 266.97171 -1.00000 0.00000 -999 227.94054
0.25797 0.91440 -0.03742 -0.17286 227.94053 0.00000 266.97171 -1.00000 0.00000 -999 227.94053
0.26320 0.91440 -0.03746 -0.17071 227.01638 0.00000 266.97256 -1.00000 0.00000 -999 227.01638
0.26320 0.91440 -0.03746 -0.17071 227.01637 0.00000 266.97256 -1.00000 0.00000 -999 227.01637
0.26843 0.91440 -0.03750 -0.16850 226.08941 0.00000 266.97343 -1.00000 0.00000 -999 226.08941
0.26843 0.91440 -0.03750 -0.16850 226.08941 0.00000 266.97343 -1.00000 0.00000 -999 226.08941
0.27366 0.91440 -0.03752 -0.16623 225.16013 0.00000 266.97433 -1.00000 0.00000 -999 225.16013
0.27366 0.91440 -0.03752 -0.16623 225.16013 0.00000 266.97433 -1.00000 0.00000 -999 225.16013
0.27889 0.91440 -0.03753 -0.16389 224.23028 0.00000 266.97525 -1.00000 0.00000 -999 224.23028
0.27889 0.91440 -0.03753 -0.16389 224.23028 0.00000 266.97525 -1.00000 0.00000 -999 224.23028
0.28412 0.91440 -0.03753 -0.16150 223.30270 0.00000 266.97620 -1.00000 0.00000 -999 223.30270
0.28412 0.91440 -0.03753 -0.16150 223.30270 0.00000 266.97620 -1.00000 0.00000 -999 223.30270
0.28935 0.91440 -0.03752 -0.15906 222.38078 0.00000 266.97716 -1.00000 0.00000 -999 222.38078
0.28935 0.91440 -0.03752 -0.15906 222.38077 0.00000 266.97716 -1.00000 0.00000 -999 222.38077
0.29458 0.91440 -0.03750 -0.15657 221.46794 0.00000 266.97815 -1.00000 0.00000 -999 221.46794
0.29458 0.91440 -0.03750 -0.15657 221.46794 0.00000 266.97815 -1.00000 0.00000 -999 221.46794
0.29981 0.91440 -0.03747 -0.15402 220.56758 0.00000 266.97915 -1.00000 0.00000 -999 220.56758
0.29981 0.91440 -0.03747 -0.15402 220.56758 0.00000 266.97915 -1.00000 0.00000 -999 220.56758
0.30504 0.91440 -0.03743 -0.15143 219.68264 0.00000 266.98018 -1.00000 0.00000 -999 219.68264
0.30504 0.91440 -0.03743 -0.15143 219.68264 0.00000 266.98018 -1.00000 0.00000 -999 219.68264
0.31027 0.91440 -0.03739 -0.14880 218.81527 0.00000 266.98122 -1.00000 0.00000 -999 218.81527
0.31027 0.91440 -0.03739 -0.14880 218.81527 0.00000 266.98122 -1.00000 0.00000 -999 218.81527
0.31550 0.91440 -0.03733 -0.14611 217.96676 0.00000 266.98228 -1.00000 0.00000 -999 217.96676
0.31550 0.91440 -0.03733 -0.14611 217.96676 0.00000 266.98228 -1.00000 0.00000 -999 217.96676
0.32073 0.91440 -0.03727 -0.14338 217.13750 0.00000 266.98336 -1.00000 0.00000 -999 217.13750
0.32073 0.91440 -0.03727 -0.14338 217.13750 0.00000 266.98336 -1.00000 0.00000 -999 217.13750
0.32596 0.91440 -0.03720 -0.14060 216.32715 0.00000 266.98446 -1.00000 0.00000 -999 216.32715
0.32596 0.91440 -0.03720 -0.14060 216.32715 0.00000 266.98446 -1.00000 0.00000 -999 216.32715
0.33119 0.91440 -0.03712 -0.13777 215.53488 0.00000 266.98558 -1.00000 0.00000 -999 215.53488
0.33119 0.91440 -0.03712 -0.13777 215.53488 0.00000 266.98558 -1.00000 0.00000 -999 215.53488
0.33642 0.91440 -0.03703 -0.13490 214.75921 0.00000 266.98672 -1.00000 0.00000 -999 214.75921
0.33642 0.91440 -0.03703 -0.13490 214.75921 0.00000 266.98672 -1.00000 0.00000 -999 214.75921
0.34165 0.91440 -0.03693 -0.13197 213.90255 0.00000 266.98802 -1.00000 0.00000 -999 213.90255
0.34165 0.91440 -0.03693 -0.13197 213.90255 0.00000 266.98802 -1.00000 0.00000 -999 213.90255
0.34688 0.91440 -0.03683 -0.12901 213.08436 0.00000 266.98931 -1.00000 0.00000 -999 213.08436
0.34688 0.91440 -0.03683 -0.12901 213.08435 0.00000 266.98931 -1.00000 0.00000 -999 213.08435
0.35211 0.91440 -0.03672 -0.12598 212.34503 0.00000 266.99051 -1.00000 0.00000 -999 212.34503
0.35211 0.91440 -0.03672 -0.12598 212.34503 0.00000 266.99051 -1.00000 0.00000 -999 212.34503
0.35734 0.91440 -0.03660 -0.12289 211.61007 0.00000 266.99174 -1.00000 0.00000 -999 211.61007
0.35734 0.91440 -0.03660 -0.12289 211.61007 0.00000 266.99174 -1.00000 0.00000 -999 211.61007
0.36257 0.91440 -0.03647 -0.11975 210.87706 0.00000 266.99299 -1.00000 0.00000 -999 210.87706
0.36257 0.91440 -0.03647 -0.11975 210.87706 0.00000 266.99299 -1.00000 0.00000 -999 210.87706
0.36779 0.91440 -0.03634 -0.11653 210.14396 0.00000 266.99426 -1.00000 0.00000 -999 210.14396
0.36779 0.91440 -0.03634 -0.11653 210.14396 0.00000 266.99426 -1.00000 0.00000 -999 210.14396
0.37302 0.91440 -0.03620 -0.11326 209.40936 0.00000 266.99555 -1.00000 0.00000 -999 209.40936
0.37302 0.91440 -0.03620 -0.11326 209.40936 0.00000 266.99555 -1.00000 0.00000 -999 209.40936
0.37825 0.91440 -0.03605 -0.10995 208.66939 0.00000 266.99688 -1.00000 0.00000 -999 208.66939
0.37825 0.91440 -0.03605 -0.10995 208.66939 0.00000 266.99688 -1.00000 0.00000 -999 208.66939
0.38348 0.91440 -0.03589 -0.10651 207.92034 0.00000 266.99823 -1.00000 0.00000 -999 207.92034
0.38348 0.91440 -0.03589 -0.10651 207.92033 0.00000 266.99823 -1.00000 0.00000 -999 207.92033
0.38871 0.91440 -0.03573 -0.10299 207.16181 0.00000 266.99963 -1.00000 0.00000 -999 207.16181
0.38871 0.91440 -0.03573 -0.10299 207.16181 0.00000 266.99963 -1.00000 0.00000 -999 207.16181
0.39394 0.91440 -0.03556 -0.09941 206.39361 0.00000 267.00105 -1.00000 0.00000 -999 206.39361
0.39394 0.91440 -0.03556 -0.09941 206.39361 0.00000 267.00105 -1.00000 0.00000 -999 206.39361
0.39916 0.91440 -0.03539 -0.09572 205.71989 0.00000 267.00231 -1.00000 0.00000 -999 205.71989
0.39916 0.91440 -0.03539 -0.09572 205.71988 0.00000 267.00231 -1.00000 0.00000 -999 205.71988
0.40439 0.91440 -0.03521 -0.09192 204.99985 0.00000 267.00368 -1.00000 0.00000 -999 204.99985
0.40439 0.91440 -0.03521 -0.09192 204.99985 0.00000 267.00368 -1.00000 0.00000 -999 204.99985
0.40962 0.91440 -0.03502 -0.08801 204.09285 0.00000 267.00542 -1.00000 0.00000 -999 204.09285
0.40962 0.91440 -0.03502 -0.08801 204.09285 0.00000 267.00542 -1.00000 0.00000 -999 204.09285
0.40962 0.91440 -0.03502 -0.08801 204.09285 0.00000 267.00542 -1.00000 0.00000 -999 204.09285
0.41484 0.91440 -0.03482 -0.08397 203.19403 0.00000 267.00717 -1.00000 0.00000 -999 203.19403
0.41484 0.91440 -0.03482 -0.08397 203.19403 0.00000 267.00717 -1.00000 0.00000 -999 203.19403
0.42007 0.91440 -0.03462 -0.07978 202.35539 0.00000 267.00883 -1.00000 0.00000 -999 202.35539
0.42007 0.91440 -0.03462 -0.07978 202.35539 0.00000 267.00883 -1.00000 0.00000 -999 202.35539
0.42530 0.91440 -0.03441 -0.07543 201.49875 0.00000 267.01055 -1.00000 0.00000 -999 201.49875
0.42530 0.91440 -0.03441 -0.07543 201.49875 0.00000 267.01055 -1.00000 0.00000 -999 201.49875
0.43052 0.91440 -0.03420 -0.07091 200.62302 0.00000 267.01234 -1.00000 0.00000 -999 200.62302
0.43052 0.91440 -0.03420 -0.07091 200.62301 0.00000 267.01234 -1.00000 0.00000 -999 200.62301
0.43575 0.91440 -0.03397 -0.06621 199.72720 0.00000 267.01420 -1.00000 0.00000 -999 199.72720
0.43575 0.91440 -0.03397 -0.06621 199.72719 0.00000 267.01420 -1.00000 0.00000 -999 199.72719
0.44098 0.91440 -0.03374 -0.06130 198.80950 0.00000 267.01614 -1.00000 0.00000 -999 198.80950
0.44098 0.91440 -0.03374 -0.06130 198.80950 0.00000 267.01614 -1.00000 0.00000 -999 198.80950
0.44620 0.91440 -0.03351 -0.05616 197.99471 0.00000 267.01790 -1.00000 0.00000 -999 197.99471
0.45143 0.91440 -0.03327 -0.05074 196.98627 0.00000 267.02011 -1.00000 0.00000 -999 196.98627
0.45143 0.91440 -0.03327 -0.05074 196.98626 0.00000 267.02011 -1.00000 0.00000 -999 196.98626
0.45665 0.91440 -0.03302 -0.04506 195.88676 0.00000 267.02257 -1.00000 0.00000 -999 195.88676
0.45665 0.91440 -0.03302 -0.04506 195.88675 0.00000 267.02257 -1.00000 0.00000 -999 195.88675
0.46187 0.91440 -0.03276 -0.03903 194.84137 0.00000 267.02496 -1.00000 0.00000 -999 194.84137
0.46187 0.91440 -0.03276 -0.03903 194.84137 0.00000 267.02496 -1.00000 0.00000 -999 194.84137
0.46187 0.91440 -0.03276 -0.03903 194.84137 0.00000 267.02496 -1.00000 0.00000 -999 194.84137
0.46710 0.91440 -0.03250 -0.03262 193.75106 0.00000 267.02749 -1.00000 0.00000 -999 193.75106
0.46710 0.91440 -0.03250 -0.03262 193.75105 0.00000 267.02749 -1.00000 0.00000 -999 193.75105
0.47232 0.91440 -0.03223 -0.02582 192.60835 0.00000 267.03018 -1.00000 0.00000 -999 192.60835
0.47232 0.91440 -0.03223 -0.02582 192.60834 0.00000 267.03018 -1.00000 0.00000 -999 192.60834
0.47754 0.91440 -0.03195 -0.01851 191.40217 0.00000 267.03307 -1.00000 0.00000 -999 191.40217
0.47754 0.91440 -0.03195 -0.01851 191.40216 0.00000 267.03307 -1.00000 0.00000 -999 191.40216
0.48277 0.91440 -0.03166 -0.01066 190.12106 0.00000 267.03618 -1.00000 0.00000 -999 190.12106
0.48277 0.91440 -0.03166 -0.01066 190.12106 0.00000 267.03618 -1.00000 0.00000 -999 190.12106
0.48799 0.91440 -0.03137 -0.00215 188.74828 0.00000 267.03954 -1.00000 0.00000 -999 188.74828
0.48799 0.91440 -0.03137 -0.00215 188.74827 0.00000 267.03954 -1.00000 0.00000 -999 188.74827
0.49321 0.91440 -0.03107 0.00710 187.26477 0.00000 267.04321 -1.00000 0.00000 -999 187.26477
0.49321 0.91440 -0.03107 0.00710 187.26477 0.00000 267.04321 -1.00000 0.00000 -999 187.26477
0.49843 0.91440 -0.03077 0.01730 185.64201 0.00000 267.04723 -1.00000 0.00000 -999 185.64201
0.49843 0.91440 -0.03077 0.01730 185.64200 0.00000 267.04723 -1.00000 0.00000 -999 185.64200
0.50365 0.91440 -0.03045 0.02855 183.84553 0.00000 267.05169 -1.00000 0.00000 -999 183.84553
0.50365 0.91440 -0.03045 0.02855 183.84553 0.00000 267.05169 -1.00000 0.00000 -999 183.84553
0.50887 0.91440 -0.03013 0.04121 181.83251 0.00000 267.05670 -1.00000 0.00000 -999 181.83251
0.50887 0.91440 -0.03013 0.04121 181.83250 0.00000 267.05670 -1.00000 0.00000 -999 181.83250
0.51409 0.91440 -0.02980 0.05550 179.51500 0.00000 267.06237 -1.00000 0.00000 -999 179.51500
0.51409 0.91440 -0.02980 0.05550 179.51499 0.00000 267.06237 -1.00000 0.00000 -999 179.51499
0.51931 0.91440 -0.02946 0.07204 176.86032 0.00000 267.06896 -1.00000 0.00000 -999 176.86032
0.51931 0.91440 -0.02946 0.07204 176.86031 0.00000 267.06896 -1.00000 0.00000 -999 176.86031
0.52453 0.91440 -0.02911 0.09186 174.55210 0.00000 267.07618 -1.00000 0.00000 -999 174.55210
0.52453 0.91440 -0.02911 0.09186 174.55209 0.00000 267.07618 -1.00000 0.00000 -999 174.55209
0.52843 0.91440 -0.02885 0.10846 174.02665 0.00000 267.08290 -1.00000 0.00000 -999 174.02665
0.52843 0.91440 -0.02885 0.10846 174.02667 0.00000 267.08290 -1.00000 0.00000 -999 174.02667
0.53086 0.91440 -0.02868 0.12419 179.00706 0.00000 267.08770 -1.00000 0.00000 -999 179.00706
0.53086 0.91440 -0.02868 0.12419 179.00708 0.00000 267.08770 -1.00000 0.00000 -999 179.00708
0.53238 0.91440 -0.02858 0.12345 184.27886 0.00000 267.08898 -1.00000 0.00000 -999 184.27886

