TITLE = "CCS Analysis Results"
VARIABLES = "X", "Y"

ZONE T="MaxCCS", I=7252, F=POINT
1.1286184160503666e+01	-1.0355898717591847e+00
1.1276641783540427e+01	-1.0362194778985190e+00
1.1275088665905090e+01	-1.0363264007364883e+00
1.1275088406510003e+01	-1.0363224551896721e+00
1.1271811728638280e+01	-1.0365519982214710e+00
1.1259627517783981e+01	-1.0374055458721902e+00
1.1259507537607735e+01	-1.0374143514826339e+00
1.1259267949729153e+01	-1.0374319353668375e+00
1.1258905974838813e+01	-1.0374585015044653e+00
1.1258018126617365e+01	-1.0375236626487128e+00
1.1255953053040747e+01	-1.0376752229649444e+00
1.1254108989746610e+01	-1.0378105628478300e+00
1.1253853146558221e+01	-1.0378301335721956e+00
1.1251867452485021e+01	-1.0379820292377619e+00
1.1250274429204463e+01	-1.0381038875515516e+00
1.1248651405139290e+01	-1.0382280407753219e+00
1.1248591763899544e+01	-1.0382326030318794e+00
1.1248339870256805e+01	-1.0382505767932479e+00
1.1247477438691529e+01	-1.0383121152226518e+00
1.1245884600315126e+01	-1.0384257715125240e+00
1.1243611781380537e+01	-1.0385879475195083e+00
1.1243474188897704e+01	-1.0385977653713034e+00
1.1243457809171003e+01	-1.0385989341395814e+00
1.1243072380360260e+01	-1.0386264362448092e+00
1.1236886668838238e+01	-1.0390634783303867e+00
1.1236757223283895e+01	-1.0390723424106887e+00
1.1236712896860794e+01	-1.0390753777638599e+00
1.1236252107215895e+01	-1.0391069313883581e+00
1.1235636087373754e+01	-1.0391491147555356e+00
1.1232490832101098e+01	-1.0393644933017405e+00
1.1232430399744732e+01	-1.0393686315455171e+00
1.1231242689201032e+01	-1.0394499627406155e+00
1.1231189424869781e+01	-1.0394536101374832e+00
1.1230961341055680e+01	-1.0394692286981515e+00
1.1230871949328451e+01	-1.0394753500010616e+00
1.1230699970097350e+01	-1.0394871266721299e+00
1.1225076794088604e+01	-1.0398633535668937e+00
1.1224512669390874e+01	-1.0399010971628537e+00
1.1223557072426214e+01	-1.0399647626422857e+00
1.1223175327804219e+01	-1.0399901959109947e+00
1.1223060370221798e+01	-1.0399978548193733e+00
1.1221808442667530e+01	-1.0400812629620360e+00
1.1221497068467079e+01	-1.0401020078874468e+00
1.1211897190606697e+01	-1.0407415880128252e+00
1.1208291420963292e+01	-1.0409818180068060e+00
1.1207662630446499e+01	-1.0410237104062112e+00
1.1207342653128599e+01	-1.0410450285038033e+00
1.1207251818283796e+01	-1.0410510802642812e+00
1.1207055434266463e+01	-1.0410641641093317e+00
1.1207037401408430e+01	-1.0410653655264506e+00
1.1206827618891529e+01	-1.0410793420301534e+00
1.1189936873687722e+01	-1.0421742312966407e+00
1.1172912113531124e+01	-1.0433377326948241e+00
1.1171891317204174e+01	-1.0434074956719668e+00
1.1171866442298615e+01	-1.0434091956658071e+00
1.1171742336807327e+01	-1.0434176772485906e+00
1.1171595406906500e+01	-1.0434277186907885e+00
1.1171569515902616e+01	-1.0434295872213075e+00
1.1171054324220281e+01	-1.0434667681427539e+00
1.1170951903670709e+01	-1.0434741597419173e+00
1.1167490880870009e+01	-1.0437239386519601e+00
1.1155073722542078e+01	-1.0446200738269014e+00
1.1155053571955371e+01	-1.0446215280766635e+00
1.1154492038159022e+01	-1.0446620534668967e+00
1.1154303279023447e+01	-1.0446756760443425e+00
1.1154114052099111e+01	-1.0446904120789355e+00
1.1153778828535794e+01	-1.0447165175924231e+00
1.1153727621685022e+01	-1.0447205053226418e+00
1.1150253714406579e+01	-1.0449910356290864e+00
1.1148651182528729e+01	-1.0451158326962655e+00
1.1139731544409647e+01	-1.0458104489425608e+00
1.1138187990690129e+01	-1.0459306530894437e+00
1.1137364868173400e+01	-1.0459947537026275e+00
1.1131076338427723e+01	-1.0464895683630056e+00
1.1126481927919960e+01	-1.0468510807938882e+00
1.1125992423531134e+01	-1.0468895975788453e+00
1.1125159273607387e+01	-1.0469555383789801e+00
1.1122221398788794e+01	-1.0471880605346124e+00
1.1121842705362996e+01	-1.0472180327482457e+00
1.1121754612389640e+01	-1.0472250049881555e+00
1.1121190834806246e+01	-1.0472696259427852e+00
1.1120436090996385e+01	-1.0473293611828669e+00
1.1120309795637276e+01	-1.0473393570033016e+00
1.1120258903714603e+01	-1.0473433849147324e+00
1.1120068618046512e+01	-1.0473584453364531e+00
1.1119913078541485e+01	-1.0473707557251619e+00
1.1119777755375649e+01	-1.0473814660638150e+00
1.1119548335593930e+01	-1.0473996238089485e+00
1.1119128256419325e+01	-1.0474328715547669e+00
1.1118983546523042e+01	-1.0474454391900949e+00
1.1118441502658165e+01	-1.0474925141296847e+00
1.1118423035747863e+01	-1.0474941179273534e+00
1.1117906250801532e+01	-1.0475389992030322e+00
1.1116741434538557e+01	-1.0476401601214851e+00
1.1116255210922160e+01	-1.0476823872341823e+00
1.1116164377996206e+01	-1.0476902758106963e+00
1.1114709547299860e+01	-1.0478166236426367e+00
1.1114356759337282e+01	-1.0478472622553072e+00
1.1113923919286398e+01	-1.0478848531599696e+00
1.1113260730961452e+01	-1.0479424491450113e+00
1.1113230728779397e+01	-1.0479450547476190e+00
1.1113138369932503e+01	-1.0479530124454759e+00
1.1113096743675808e+01	-1.0479565989906185e+00
1.1112995765181338e+01	-1.0479652993628734e+00
1.1112980082743366e+01	-1.0479666505718508e+00
1.1112939269686672e+01	-1.0479701670511561e+00
1.1112913397488091e+01	-1.0479723962164840e+00
1.1112594956211048e+01	-1.0479998333224363e+00
1.1112495628245465e+01	-1.0480083914840572e+00
1.1111798415277669e+01	-1.0480684638033446e+00
1.1111460511825799e+01	-1.0480975777828410e+00
1.1111142479672086e+01	-1.0481249796384631e+00
1.1111054939307392e+01	-1.0481325221727837e+00
1.1111051151543714e+01	-1.0481328485289467e+00
1.1110460179991563e+01	-1.0481837670192937e+00
1.1110346987637072e+01	-1.0481935197456111e+00
1.1110335491207962e+01	-1.0481945102853631e+00
1.1110315183006234e+01	-1.0481962600531309e+00
1.1110281318208287e+01	-1.0481991778659785e+00
1.1107329450828068e+01	-1.0484205392934529e+00
1.1101426212410807e+01	-1.0488632249274770e+00
1.1101383086764455e+01	-1.0488661886318891e+00
1.1101007064530034e+01	-1.0488920298389075e+00
1.1100848236835951e+01	-1.0489038759714060e+00
1.1100703238109228e+01	-1.0489146906730789e+00
1.1100481131260821e+01	-1.0489298715988256e+00
1.1097696602299573e+01	-1.0491201931836998e+00
1.1097661778280701e+01	-1.0491226707378032e+00
1.1095665806439802e+01	-1.0492590947180924e+00
1.1095171543630245e+01	-1.0492930617190144e+00
1.1088916716175076e+01	-1.0497205769975226e+00
1.1085789302447491e+01	-1.0499343346367767e+00
1.1084225595583698e+01	-1.0500412134564037e+00
1.1084180098111888e+01	-1.0500438127099831e+00
1.1084110779940245e+01	-1.0500477728312516e+00
1.1083997585292424e+01	-1.0500542395992243e+00
1.1083764780334137e+01	-1.0500675396595813e+00
1.1083603200636556e+01	-1.0500767706473839e+00
1.1083591724889754e+01	-1.0500774262525145e+00
1.1083298683875439e+01	-1.0500941675762656e+00
1.1083288223928154e+01	-1.0500947651491490e+00
1.1083158730269053e+01	-1.0501021630735514e+00
1.1082975545703627e+01	-1.0501126283393885e+00
1.1082962467309033e+01	-1.0501133755031893e+00
1.1082953423016919e+01	-1.0501138922002213e+00
1.1082920426174809e+01	-1.0501157772974929e+00
1.1082846065855716e+01	-1.0501200254747629e+00
1.1082837015493102e+01	-1.0501205425186002e+00
1.1082829000917151e+01	-1.0501210003883323e+00
1.1082823058679026e+01	-1.0501213398661782e+00
1.1082776711682209e+01	-1.0501239876528041e+00
1.1082739840490959e+01	-1.0501260940901957e+00
1.1082660694201214e+01	-1.0501306156881822e+00
1.1070375108337299e+01	-1.0508270788018501e+00
1.1068061821557228e+01	-1.0509582177586327e+00
1.1066692480976799e+01	-1.0510358449239043e+00
1.1066640785787193e+01	-1.0510387754958050e+00
1.1066600399952753e+01	-1.0510410649465738e+00
1.1066261806557156e+01	-1.0510602596201675e+00
1.1066231108929893e+01	-1.0510619998517936e+00
1.1066001873756875e+01	-1.0510799593312914e+00
1.1065774677696725e+01	-1.0510977590560482e+00
1.1065517760108923e+01	-1.0511178873203542e+00
1.1064519652165759e+01	-1.0511960843042898e+00
1.1063426025900293e+01	-1.0512817646919648e+00
1.1062454507590280e+01	-1.0513578785053068e+00
1.1062396234717575e+01	-1.0513624439061955e+00
1.1060542768365403e+01	-1.0515076541307591e+00
1.1060521400114741e+01	-1.0515089360049170e+00
1.1060502794762511e+01	-1.0515100521337288e+00
1.1060501085334122e+01	-1.0515101546817620e+00
1.1060492159645561e+01	-1.0515106901308116e+00
1.1060485456078442e+01	-1.0515110922755446e+00
1.1060482792454273e+01	-1.0515112520654610e+00
1.1060471075790216e+01	-1.0515119549441903e+00
1.1060418490728956e+01	-1.0515151095042987e+00
1.1060399353713038e+01	-1.0515162575274362e+00
1.1060205629173579e+01	-1.0515278789972897e+00
1.1060201874217793e+01	-1.0515281042558224e+00
1.1060163426289604e+01	-1.0515304107340808e+00
1.1060052391515779e+01	-1.0515370716727535e+00
1.1059656579680956e+01	-1.0515608162913699e+00
1.1058131098982189e+01	-1.0516523293645337e+00
1.1055373828851877e+01	-1.0518177370706889e+00
1.1055271500191308e+01	-1.0518238757325604e+00
1.1055268482476842e+01	-1.0518240567642347e+00
1.1055020313577883e+01	-1.0518389443328717e+00
1.1054960387026803e+01	-1.0518425393064810e+00
1.1054845917400494e+01	-1.0518494063007968e+00
1.1054684852063371e+01	-1.0518597560163956e+00
1.1054543782822972e+01	-1.0518688208253975e+00
1.1054508668564836e+01	-1.0518710771928546e+00
1.1054371722873997e+01	-1.0518798770313422e+00
1.1054067281013063e+01	-1.0518994398170618e+00
1.1053983112701379e+01	-1.0519048482935467e+00
1.1052538943939552e+01	-1.0519976475030375e+00
1.1052168776974092e+01	-1.0520214336440221e+00
1.1051975938716243e+01	-1.0520338250198509e+00
1.1050580451844235e+01	-1.0521234960347627e+00
1.1049151698509911e+01	-1.0522153046817071e+00
1.1048970640600318e+01	-1.0522295648491384e+00
1.1048401665656241e+01	-1.0522743774617718e+00
1.1048355645832904e+01	-1.0522780019948696e+00
1.1047956285469731e+01	-1.0523094557195762e+00
1.1043133470140885e+01	-1.0526893018927397e+00
1.1040370447530112e+01	-1.0529069182627444e+00
1.1037115241771858e+01	-1.0531632991037725e+00
1.1034106127587346e+01	-1.0534002977092887e+00
1.1034078109705561e+01	-1.0534021260144375e+00
1.1034068300140355e+01	-1.0534027661370102e+00
1.1034042505290804e+01	-1.0534044493783277e+00
1.1033932852772987e+01	-1.0534130458148725e+00
1.1033919222167169e+01	-1.0534141144144842e+00
1.1033836247368813e+01	-1.0534206193958844e+00
1.1033112509224411e+01	-1.0534670281182184e+00
1.1033102425012100e+01	-1.0534677850094980e+00
1.1032777694951461e+01	-1.0534886078821546e+00
1.1032751577226771e+01	-1.0534903799630766e+00
1.1031256702256002e+01	-1.0535862367836395e+00
1.1031093829027311e+01	-1.0535968650661378e+00
1.1030563016487982e+01	-1.0536309026969297e+00
1.1029661120210303e+01	-1.0536887355667994e+00
1.1014931760310247e+01	-1.0546438041757162e+00
1.1003621395463909e+01	-1.0555230108488836e+00
1.1000408927705225e+01	-1.0557747425913144e+00
1.0998378533017005e+01	-1.0559338460691021e+00
1.0997120006791784e+01	-1.0560344550476459e+00
1.0995747717801621e+01	-1.0561441584378499e+00
1.0992671510459950e+01	-1.0563906251882735e+00
1.0992644919671898e+01	-1.0563923633701002e+00
1.0992643653448550e+01	-1.0563924461403591e+00
1.0992296577188897e+01	-1.0564202540051628e+00
1.0992288008868128e+01	-1.0564209405018590e+00
1.0992007419962420e+01	-1.0564386879663232e+00
1.0991992285324921e+01	-1.0564398479993951e+00
1.0991927226738113e+01	-1.0564439597764765e+00
1.0991920743824556e+01	-1.0564444659193066e+00
1.0991777757143590e+01	-1.0564535028410507e+00
1.0991771498067347e+01	-1.0564539957335488e+00
1.0989676723178988e+01	-1.0565863879018920e+00
1.0989591686058239e+01	-1.0565919465930291e+00
1.0983431948999183e+01	-1.0569811882545683e+00
1.0981228121990783e+01	-1.0571199231396746e+00
1.0977272129261488e+01	-1.0573689600172012e+00
1.0971526079899684e+01	-1.0577306841883753e+00
1.0971026081463403e+01	-1.0577618899141816e+00
1.0968612722590800e+01	-1.0579138152080612e+00
1.0968546177930657e+01	-1.0579178639329474e+00
1.0967442052680720e+01	-1.0579873706088838e+00
1.0966486666135582e+01	-1.0580452023003046e+00
1.0965779813105218e+01	-1.0580893181619759e+00
1.0963816965196852e+01	-1.0582078028482396e+00
1.0960032853906288e+01	-1.0584362256603881e+00
1.0959852335201786e+01	-1.0584469382146287e+00
1.0956057608773328e+01	-1.0586760017953654e+00
1.0952996465787729e+01	-1.0588607835936448e+00
1.0952939798710579e+01	-1.0588641184069389e+00
1.0951071704681279e+01	-1.0589768834021427e+00
1.0950493351745244e+01	-1.0590106104510619e+00
1.0949940237434408e+01	-1.0590439612717473e+00
1.0948931232841074e+01	-1.0591025961915301e+00
1.0948745652638783e+01	-1.0591137529400014e+00
1.0947895940261439e+01	-1.0591631311265957e+00
1.0947811713679373e+01	-1.0591681358866398e+00
1.0946234676220655e+01	-1.0592597801323624e+00
1.0943147097838136e+01	-1.0594456305781714e+00
1.0940874812957034e+01	-1.0595824061044381e+00
1.0938172439147193e+01	-1.0597473582993451e+00
1.0924297310813435e+01	-1.0606110635986001e+00
1.0919054168433922e+01	-1.0609611331816220e+00
1.0913174857013873e+01	-1.0613536779473933e+00
1.0913071929882692e+01	-1.0613602684722527e+00
1.0912681450033578e+01	-1.0613863396921555e+00
1.0912649424465481e+01	-1.0613883815099796e+00
1.0912443426041655e+01	-1.0614021354340792e+00
1.0911626382747874e+01	-1.0614541195624092e+00
1.0911538058496099e+01	-1.0614599984686102e+00
1.0911354493241307e+01	-1.0614716551690178e+00
1.0911261621924167e+01	-1.0614778394289368e+00
1.0909803301411994e+01	-1.0615704452182400e+00
1.0909749603766020e+01	-1.0615738688103979e+00
1.0909661128781975e+01	-1.0615797338363608e+00
1.0908553555964144e+01	-1.0616501250372932e+00
1.0907418921869944e+01	-1.0617222361032417e+00
1.0907294476102823e+01	-1.0617302044874029e+00
1.0907057641422679e+01	-1.0617454998195643e+00
1.0904646316852475e+01	-1.0619012287450231e+00
1.0893249293587649e+01	-1.0626442823647959e+00
1.0893165111837083e+01	-1.0626506505720925e+00
1.0883577953851132e+01	-1.0633759028866323e+00
1.0877395912630663e+01	-1.0638435638671124e+00
1.0874764389303419e+01	-1.0640482227622596e+00
1.0872626377167050e+01	-1.0642164685494147e+00
1.0872556444448573e+01	-1.0642217094252842e+00
1.0872553472489015e+01	-1.0642219321489459e+00
1.0872189576119405e+01	-1.0642506100833173e+00
1.0871897363145086e+01	-1.0642736387947855e+00
1.0871870239608661e+01	-1.0642756511462059e+00
1.0870914304816578e+01	-1.0643509864271272e+00
1.0870866253640976e+01	-1.0643544981053361e+00
1.0870199080837192e+01	-1.0644070766399938e+00
1.0870000087243316e+01	-1.0644214650005259e+00
1.0869878707069955e+01	-1.0644310012946827e+00
1.0868829517361808e+01	-1.0645067396447587e+00
1.0868778651686815e+01	-1.0645106720804722e+00
1.0866655182853217e+01	-1.0646639599221710e+00
1.0866588245693395e+01	-1.0646689763058228e+00
1.0860548919942101e+01	-1.0651049399494066e+00
1.0859128448749033e+01	-1.0652074801703579e+00
1.0854509594190805e+01	-1.0655409035929904e+00
1.0854380986570737e+01	-1.0655500030921765e+00
1.0851115017009906e+01	-1.0657857651702973e+00
1.0851070657067538e+01	-1.0657887735579388e+00
1.0850329889262742e+01	-1.0658422477112677e+00
1.0850206968887637e+01	-1.0658505000073206e+00
1.0850148261111890e+01	-1.0658547277946675e+00
1.0848711817262119e+01	-1.0659511193050639e+00
1.0848637797420807e+01	-1.0659563565024044e+00
1.0843534902340380e+01	-1.0662987825319878e+00
1.0842764569033056e+01	-1.0663504751832624e+00
1.0842707735739923e+01	-1.0663542889396906e+00
1.0840240419548344e+01	-1.0665198563820726e+00
1.0839442754386940e+01	-1.0665733831173574e+00
1.0839243726014971e+01	-1.0665867387702004e+00
1.0839168756718983e+01	-1.0665917695297908e+00
1.0839114051879914e+01	-1.0665954404578712e+00
1.0838779752649765e+01	-1.0666178733623830e+00
1.0837691914770129e+01	-1.0666908719249799e+00
1.0837434393197990e+01	-1.0667081527210949e+00
1.0836906329618161e+01	-1.0667435880400968e+00
1.0836891340645305e+01	-1.0667445938641205e+00
1.0836667711358782e+01	-1.0667599029544308e+00
1.0836539152691874e+01	-1.0667687037527183e+00
1.0836090101783975e+01	-1.0667994446320093e+00
1.0835326917999346e+01	-1.0668516902464538e+00
1.0835177765469622e+01	-1.0668619008480393e+00
1.0833943654267518e+01	-1.0669463849517971e+00
1.0832936880531074e+01	-1.0670153061127634e+00
1.0830782957420585e+01	-1.0671627581926431e+00
1.0830405442845748e+01	-1.0671886018771151e+00
1.0829151356040779e+01	-1.0672744534596723e+00
1.0828345102441165e+01	-1.0673296475237475e+00
1.0828049805258461e+01	-1.0673498628153522e+00
1.0827561787987992e+01	-1.0673832712323923e+00
1.0827457165026726e+01	-1.0673904334533495e+00
1.0827333569230280e+01	-1.0673988945061890e+00
1.0827099691300377e+01	-1.0674149051924731e+00
1.0825408187659340e+01	-1.0675307012154511e+00
1.0825183811186177e+01	-1.0675460614562520e+00
1.0824564355638669e+01	-1.0675884678023413e+00
1.0824334997147227e+01	-1.0676041690994007e+00
1.0823738184759712e+01	-1.0676464026366532e+00
1.0823608398833375e+01	-1.0676555869613580e+00
1.0816959042355021e+01	-1.0681261298830655e+00
1.0816512372358760e+01	-1.0681577385666676e+00
1.0816221914394774e+01	-1.0681790951658956e+00
1.0814233250081930e+01	-1.0683267952869275e+00
1.0813784640383728e+01	-1.0683601139854595e+00
1.0809934575146583e+01	-1.0686460622462266e+00
1.0808677387738545e+01	-1.0687394348336101e+00
1.0808654307405872e+01	-1.0687411490333909e+00
1.0808490546501256e+01	-1.0687533117223253e+00
1.0808303470918990e+01	-1.0687672060160802e+00
1.0808124586006066e+01	-1.0687804919804933e+00
1.0807486842151780e+01	-1.0688278578651511e+00
1.0806883306045451e+01	-1.0688726831055784e+00
1.0805592938097705e+01	-1.0689685200453911e+00
1.0804955919629322e+01	-1.0690158320549004e+00
1.0803654965370312e+01	-1.0691124552508173e+00
1.0803083798184881e+01	-1.0691548764185692e+00
1.0802550134908058e+01	-1.0691945121328867e+00
1.0802456568092959e+01	-1.0692014614354037e+00
1.0802351374060445e+01	-1.0692092743031834e+00
1.0802111828390350e+01	-1.0692270656037246e+00
1.0802029366210688e+01	-1.0692335394972055e+00
1.0801844330801757e+01	-1.0692480661509089e+00
1.0801445983483704e+01	-1.0692793393735665e+00
1.0801404389328592e+01	-1.0692826048236275e+00
1.0801165012384168e+01	-1.0693013976914161e+00
1.0800930742117616e+01	-1.0693197896470685e+00
1.0800805355313864e+01	-1.0693296334423055e+00
1.0799156297344375e+01	-1.0694590967390769e+00
1.0798614620104622e+01	-1.0695016224249787e+00
1.0797678531821388e+01	-1.0695751123067530e+00
1.0797659773306044e+01	-1.0695762532877469e+00
1.0797474087833832e+01	-1.0695908309762454e+00
1.0797334879153945e+01	-1.0695988860112364e+00
1.0797310979356828e+01	-1.0696007139652874e+00
1.0797209112854008e+01	-1.0696065577183556e+00
1.0797204025250373e+01	-1.0696069401400188e+00
1.0797126764447517e+01	-1.0696113723433558e+00
1.0797109184272527e+01	-1.0696127319110234e+00
1.0796897530125023e+01	-1.0696248737772192e+00
1.0796778580768690e+01	-1.0696316974902702e+00
1.0796719655977956e+01	-1.0696350778016563e+00
1.0796679394328489e+01	-1.0696373874731955e+00
1.0796611731689262e+01	-1.0696420167672658e+00
1.0794409631235528e+01	-1.0697926785015550e+00
1.0794181407033053e+01	-1.0698082929818542e+00
1.0793995703964471e+01	-1.0698209982816183e+00
1.0793594775343349e+01	-1.0698484287293446e+00
1.0793544164837684e+01	-1.0698518913627335e+00
1.0791137041850641e+01	-1.0700165801821109e+00
1.0788463879939190e+01	-1.0701994706623938e+00
1.0788264080591450e+01	-1.0702131403913064e+00
1.0785895976626449e+01	-1.0703775979937122e+00
1.0779279531225910e+01	-1.0708370899599029e+00
1.0779195039672654e+01	-1.0708433638689678e+00
1.0778213856677167e+01	-1.0709104557030611e+00
1.0778158698060873e+01	-1.0709144975406384e+00
1.0777124900969643e+01	-1.0709849168749321e+00
1.0776503482720743e+01	-1.0710274085306675e+00
1.0776487562920360e+01	-1.0710285385389993e+00
1.0776446361833006e+01	-1.0710313143720254e+00
1.0776087253706448e+01	-1.0710558696516821e+00
1.0776007117537619e+01	-1.0710614523165958e+00
1.0775889323330526e+01	-1.0710694038364410e+00
1.0774486616455787e+01	-1.0711653188465404e+00
1.0774383035138515e+01	-1.0711724857502982e+00
1.0774290091749673e+01	-1.0711787451881722e+00
1.0774195774679320e+01	-1.0711852920377580e+00
1.0774055288024872e+01	-1.0711947519047098e+00
1.0774039538744722e+01	-1.0711958288170653e+00
1.0773443207769693e+01	-1.0712367765622979e+00
1.0772991097457879e+01	-1.0712671411903343e+00
1.0772319696413557e+01	-1.0713122338202554e+00
1.0771947368838868e+01	-1.0713375957217071e+00
1.0766901338975483e+01	-1.0716764348348100e+00
1.0765735666329412e+01	-1.0717547093389759e+00
1.0765011139255074e+01	-1.0718036533358644e+00
1.0764412378503108e+01	-1.0718441014370039e+00
1.0762167510883469e+01	-1.0719971788114309e+00
1.0758686651583391e+01	-1.0722421239009596e+00
1.0755076468356716e+01	-1.0725006462819051e+00
1.0753010470461518e+01	-1.0726495498468311e+00
1.0746244623757034e+01	-1.0731496764171915e+00
1.0746134476162144e+01	-1.0731578184489685e+00
1.0744145319863060e+01	-1.0733088842871290e+00
1.0743161197793611e+01	-1.0733840186903112e+00
1.0741595371021967e+01	-1.0735038787966302e+00
1.0735932852024936e+01	-1.0739474432605238e+00
1.0734724484515549e+01	-1.0740433941712020e+00
1.0731966241640711e+01	-1.0742658176500679e+00
1.0728889995843723e+01	-1.0745138847431637e+00
1.0728867023809247e+01	-1.0745156055259071e+00
1.0728676123779007e+01	-1.0745309996194545e+00
1.0728670593462121e+01	-1.0745314100012120e+00
1.0727354967050298e+01	-1.0746375015300165e+00
1.0727336351664594e+01	-1.0746387776216988e+00
1.0727278095159599e+01	-1.0746434754003555e+00
1.0727274783071218e+01	-1.0746437018548380e+00
1.0727272862660413e+01	-1.0746438567159113e+00
1.0727260107106645e+01	-1.0746447286462477e+00
1.0727199291157422e+01	-1.0746496280576423e+00
1.0726819988184928e+01	-1.0746754791965294e+00
1.0726812705214270e+01	-1.0746760597285332e+00
1.0726662506966651e+01	-1.0746862963890429e+00
1.0725839878897435e+01	-1.0747423620516183e+00
1.0725835908486401e+01	-1.0747426594660594e+00
1.0725812336704523e+01	-1.0747444251745137e+00
1.0722732894059336e+01	-1.0749542671647494e+00
1.0721802695984200e+01	-1.0750072455036961e+00
1.0721516217302403e+01	-1.0750237894791748e+00
1.0719708565742472e+01	-1.0751288015261755e+00
1.0711580708893790e+01	-1.0756040011224959e+00
1.0710868415153143e+01	-1.0756457312660255e+00
1.0703196115760608e+01	-1.0760952173931411e+00
1.0702695202463532e+01	-1.0761249563875981e+00
1.0702675430456607e+01	-1.0761259987656857e+00
1.0701762303178715e+01	-1.0761802107165646e+00
1.0701578695634087e+01	-1.0761897281819581e+00
1.0701551342308294e+01	-1.0761913454889325e+00
1.0701480188391802e+01	-1.0761950128017614e+00
1.0701465170263770e+01	-1.0761958959706719e+00
1.0701451678326610e+01	-1.0761965919250907e+00
1.0701434257043946e+01	-1.0761976219309688e+00
1.0701107600832334e+01	-1.0762144718340780e+00
1.0701098339975506e+01	-1.0762150150976311e+00
1.0700687563290648e+01	-1.0762361649975301e+00
1.0700680289299299e+01	-1.0762365786564529e+00
1.0700542462255406e+01	-1.0762436881870630e+00
1.0700515032968628e+01	-1.0762452672625915e+00
1.0698921107060453e+01	-1.0763274867219537e+00
1.0698780702207799e+01	-1.0763347647362038e+00
1.0698000783119703e+01	-1.0763749952923674e+00
1.0694646300046523e+01	-1.0765511013160689e+00
1.0693258342728411e+01	-1.0766259553992354e+00
1.0692334654067881e+01	-1.0766760037626744e+00
1.0690463801036282e+01	-1.0767773724775536e+00
1.0689265554344402e+01	-1.0768422972606404e+00
1.0688172595245828e+01	-1.0769038175994283e+00
1.0686240754408697e+01	-1.0770125568037956e+00
1.0677993586343323e+01	-1.0774917438287448e+00
1.0676160024811351e+01	-1.0776012484541486e+00
1.0673779551522230e+01	-1.0777434159414476e+00
1.0670346846912491e+01	-1.0779538374589182e+00
1.0669725278544419e+01	-1.0779925264639731e+00
1.0668567746073700e+01	-1.0780650624051757e+00
1.0664060089883479e+01	-1.0783609860319048e+00
1.0663657973766181e+01	-1.0783876368490550e+00
1.0660615835574049e+01	-1.0785894468716823e+00
1.0660017081490684e+01	-1.0786296768026427e+00
1.0659227688722764e+01	-1.0786827156335019e+00
1.0659144099030074e+01	-1.0786883319752678e+00
1.0656777312987963e+01	-1.0788473549226132e+00
1.0652330535456750e+01	-1.0791461312617585e+00
1.0646823887275071e+01	-1.0795208948937995e+00
1.0643187871813506e+01	-1.0797703449999014e+00
1.0637211533323931e+01	-1.0801819958227370e+00
1.0636441863603787e+01	-1.0802348791970546e+00
1.0634437771596010e+01	-1.0803729212650330e+00
1.0634411109706630e+01	-1.0803745111795819e+00
1.0634400031872890e+01	-1.0803751717782657e+00
1.0634334460819391e+01	-1.0803796771114962e+00
1.0634223050471157e+01	-1.0803873320250186e+00
1.0631232917026843e+01	-1.0805648683438895e+00
1.0630985178947549e+01	-1.0805793933510410e+00
1.0628719879527718e+01	-1.0807138933416360e+00
1.0628515850755448e+01	-1.0807260600830395e+00
1.0628481860942037e+01	-1.0807280254679481e+00
1.0628151702062658e+01	-1.0807476283362412e+00
1.0628060630271440e+01	-1.0807528768699814e+00
1.0627964649243292e+01	-1.0807585756519040e+00
1.0627725556119300e+01	-1.0807723610084754e+00
1.0627706133639172e+01	-1.0807735138962642e+00
1.0627284596347771e+01	-1.0807977907643518e+00
1.0627238068834357e+01	-1.0808005471317159e+00
1.0627217096778004e+01	-1.0808017549390818e+00
1.0627216953251882e+01	-1.0808017634048097e+00
1.0626879621808229e+01	-1.0808211907511593e+00
1.0626694239890339e+01	-1.0808321401357588e+00
1.0625875094180705e+01	-1.0808793157777314e+00
1.0625763742251856e+01	-1.0808858740286968e+00
1.0625431534334206e+01	-1.0809050063046757e+00
1.0625252670615527e+01	-1.0809154931737124e+00
1.0624153896599172e+01	-1.0809791704529577e+00
1.0623419571209505e+01	-1.0810217268314293e+00
1.0619280079152995e+01	-1.0812629271500744e+00
1.0614426883659732e+01	-1.0815467935573220e+00
1.0614408625522962e+01	-1.0815478682838766e+00
1.0609510910791895e+01	-1.0818456337382338e+00
1.0606500147463397e+01	-1.0820313154445489e+00
1.0606264274512506e+01	-1.0820458623508369e+00
1.0605004730316999e+01	-1.0821242474265951e+00
1.0598985626408284e+01	-1.0825029221493454e+00
1.0596283260363357e+01	-1.0826759678137217e+00
1.0595955612683738e+01	-1.0826970642066605e+00
1.0593012886108847e+01	-1.0828886699714899e+00
1.0577674382139659e+01	-1.0839275307458576e+00
1.0575109452303396e+01	-1.0841019448915685e+00
1.0575079676461122e+01	-1.0841038428279406e+00
1.0574315869481934e+01	-1.0841571865913788e+00
1.0574158383648792e+01	-1.0841671420722681e+00
1.0574131563081224e+01	-1.0841690097430476e+00
1.0572837574510233e+01	-1.0842508093451588e+00
1.0572803592452575e+01	-1.0842531166620473e+00
1.0566797124371700e+01	-1.0846328160737149e+00
1.0566739022152090e+01	-1.0846363117891795e+00
1.0565894338414699e+01	-1.0846897085464442e+00
1.0565842859039119e+01	-1.0846927331878713e+00
1.0565685949075050e+01	-1.0847026522651460e+00
1.0565675304214190e+01	-1.0847032851536997e+00
1.0565175740284548e+01	-1.0847351277643480e+00
1.0565091031147151e+01	-1.0847401291086136e+00
1.0565025808941916e+01	-1.0847442513049381e+00
1.0564866008911105e+01	-1.0847534851897123e+00
1.0564764032819539e+01	-1.0847599111092439e+00
1.0564644650858247e+01	-1.0847667160650776e+00
1.0564639371881565e+01	-1.0847670258680140e+00
1.0564624496511582e+01	-1.0847679620554129e+00
1.0564621125133932e+01	-1.0847681606506301e+00
1.0564564046880239e+01	-1.0847717531309393e+00
1.0564403577869722e+01	-1.0847809755443238e+00
1.0564155377161216e+01	-1.0847955961174935e+00
1.0564153873027974e+01	-1.0847956902292937e+00
1.0564010388302172e+01	-1.0848041423765293e+00
1.0563936149375030e+01	-1.0848087757457121e+00
1.0560969887450117e+01	-1.0849835071144269e+00
1.0560960351848564e+01	-1.0849840101096264e+00
1.0560956970261044e+01	-1.0849841884856082e+00
1.0560938032295761e+01	-1.0849853278867971e+00
1.0560789328786676e+01	-1.0849942746217043e+00
1.0560742693891706e+01	-1.0849966787462342e+00
1.0560381100532858e+01	-1.0850179788552972e+00
1.0560333557269624e+01	-1.0850204107763493e+00
1.0560230676215554e+01	-1.0850265799988492e+00
1.0560073232029694e+01	-1.0850345879402976e+00
1.0554532936779404e+01	-1.0853516214707630e+00
1.0553002652761267e+01	-1.0854406422286169e+00
1.0550738648399644e+01	-1.0855730015230212e+00
1.0546668613237339e+01	-1.0858237431355435e+00
1.0544323966835368e+01	-1.0859681891651676e+00
1.0541246376774167e+01	-1.0861680332956831e+00
1.0540105855618640e+01	-1.0862420933407602e+00
1.0537131561811952e+01	-1.0864410622865397e+00
1.0535072735275445e+01	-1.0865787899530504e+00
1.0534532549106457e+01	-1.0866149263536731e+00
1.0534456348197098e+01	-1.0866200239047517e+00
1.0534306319497588e+01	-1.0866300602542580e+00
1.0534222298439142e+01	-1.0866354700670131e+00
1.0533856124259213e+01	-1.0866595962011276e+00
1.0533845015204985e+01	-1.0866603793691005e+00
1.0533818848267066e+01	-1.0866620575122603e+00
1.0533549118883094e+01	-1.0866799376424174e+00
1.0533535049656017e+01	-1.0866809325069957e+00
1.0533486296839065e+01	-1.0866841020619831e+00
1.0533469426902430e+01	-1.0866852203556534e+00
1.0533401005143268e+01	-1.0866900200178276e+00
1.0533044586828733e+01	-1.0867136466830445e+00
1.0531516879471177e+01	-1.0868149170970911e+00
1.0531505647701454e+01	-1.0868156867563994e+00
1.0531434464584827e+01	-1.0868205645939675e+00
1.0531407321765530e+01	-1.0868222046985911e+00
1.0529942370494190e+01	-1.0869193150653591e+00
1.0529690852766150e+01	-1.0869340336251008e+00
1.0529672604335296e+01	-1.0869352359602578e+00
1.0529246417895315e+01	-1.0869601389656558e+00
1.0529231379966614e+01	-1.0869611206728458e+00
1.0528508634372585e+01	-1.0870033522779394e+00
1.0528502667848992e+01	-1.0870037364408629e+00
1.0525482777112906e+01	-1.0871801952585247e+00
1.0525416804922077e+01	-1.0871841816275909e+00
1.0519598243486751e+01	-1.0875241728925400e+00
1.0519398731394888e+01	-1.0875358308202321e+00
1.0513536819383456e+01	-1.0878783551541145e+00
1.0513479110402583e+01	-1.0878815957462971e+00
1.0511159392799602e+01	-1.0880171419171039e+00
1.0511150782768459e+01	-1.0880175993196419e+00
1.0510297814529167e+01	-1.0880674401185852e+00
1.0510296502289696e+01	-1.0880675097711097e+00
1.0510188763228602e+01	-1.0880738051999839e+00
1.0510188463721173e+01	-1.0880738210061831e+00
1.0509973342667301e+01	-1.0880863909996490e+00
1.0509934774350830e+01	-1.0880885000157396e+00
1.0509749497243082e+01	-1.0880993261621901e+00
1.0509737127594917e+01	-1.0880999650395582e+00
1.0509646978844701e+01	-1.0881051780603113e+00
1.0509487024484290e+01	-1.0881144277215473e+00
1.0497474027091416e+01	-1.0888091018525226e+00
1.0494435207283907e+01	-1.0889855328987397e+00
1.0493589727238657e+01	-1.0890384993602138e+00
1.0492137815387334e+01	-1.0891301200728356e+00
1.0491114738990756e+01	-1.0891958180535746e+00
1.0486502259623295e+01	-1.0894945728402092e+00
1.0484674253987802e+01	-1.0896165669651139e+00
1.0482053433649455e+01	-1.0897925571152456e+00
1.0480992375495742e+01	-1.0898662200257649e+00
1.0478742941741007e+01	-1.0900229092659595e+00
1.0476257668622804e+01	-1.0902015252264743e+00
1.0475021687645992e+01	-1.0902908815868768e+00
1.0469752303778693e+01	-1.0906816257385845e+00
1.0467552946124997e+01	-1.0908457017385391e+00
1.0466304841800723e+01	-1.0909413231401728e+00
1.0464952672603099e+01	-1.0910449172960519e+00
1.0464798103637413e+01	-1.0910569747343406e+00
1.0464784243535766e+01	-1.0910579064467789e+00
1.0464704391213031e+01	-1.0910641354750272e+00
1.0464702668549744e+01	-1.0910642516062015e+00
1.0464613731982418e+01	-1.0910711892677649e+00
1.0464613276224373e+01	-1.0910712198729795e+00
1.0464550482995254e+01	-1.0910761181750526e+00
1.0464423723718085e+01	-1.0910845867185646e+00
1.0464420119945046e+01	-1.0910848667805071e+00
1.0464407944189887e+01	-1.0910856788068333e+00
1.0464353518868196e+01	-1.0910899059348771e+00
1.0464290820208431e+01	-1.0910940874383388e+00
1.0464274773359325e+01	-1.0910953247175539e+00
1.0461279060420349e+01	-1.0912951150172399e+00
1.0461221390954092e+01	-1.0912987940317544e+00
1.0458998252981635e+01	-1.0914470597070072e+00
1.0458980212269500e+01	-1.0914481737411605e+00
1.0458924661265726e+01	-1.0914518785526421e+00
1.0458910980096361e+01	-1.0914527226421382e+00
1.0458730330839259e+01	-1.0914648663597015e+00
1.0458682826689564e+01	-1.0914677914846909e+00
1.0458672266556068e+01	-1.0914685010097631e+00
1.0458575694791168e+01	-1.0914744421979092e+00
1.0458515131683706e+01	-1.0914784761373135e+00
1.0458224254630936e+01	-1.0914963555064114e+00
1.0458209886443337e+01	-1.0914973073046919e+00
1.0458135166122169e+01	-1.0915019001461985e+00
1.0458132069310318e+01	-1.0915021047579494e+00
1.0457971798428975e+01	-1.0915119561443545e+00
1.0457914202333168e+01	-1.0915157610774127e+00
1.0455342839504262e+01	-1.0916738152953895e+00
1.0455286349746677e+01	-1.0916774190505751e+00
1.0449885477228944e+01	-1.0920093950255660e+00
1.0449885481143662e+01	-1.0920094587135603e+00
1.0449866005869509e+01	-1.0920105918735776e+00
1.0449292976640171e+01	-1.0920458143189293e+00
1.0449246089403060e+01	-1.0920485191391980e+00
1.0448739292691069e+01	-1.0920796704637354e+00
1.0448718743046072e+01	-1.0920808546585958e+00
1.0448160468397406e+01	-1.0921151701826515e+00
1.0448103075206649e+01	-1.0921184878440966e+00
1.0448026528208876e+01	-1.0921232505089435e+00
1.0448009222937888e+01	-1.0921242460562128e+00
1.0447899430144274e+01	-1.0921309947009157e+00
1.0447769256125683e+01	-1.0921384696165601e+00
1.0447623811081844e+01	-1.0921473929489729e+00
1.0447180493802874e+01	-1.0921728105692596e+00
1.0447134628773508e+01	-1.0921756088424417e+00
1.0446524954419202e+01	-1.0922105645546853e+00
1.0446505397138081e+01	-1.0922117474666655e+00
1.0446387575882728e+01	-1.0922185027547455e+00
1.0446376228339746e+01	-1.0922191888903967e+00
1.0441814211673917e+01	-1.0924816970757960e+00
1.0438683726758455e+01	-1.0926630387713507e+00
1.0433365746108903e+01	-1.0929729932305634e+00
1.0433183804813245e+01	-1.0929835975406617e+00
1.0433180475629740e+01	-1.0929837932800934e+00
1.0433126213778447e+01	-1.0929869836070669e+00
1.0432606162268447e+01	-1.0930175600492724e+00
1.0429515038174552e+01	-1.0931993027716562e+00
1.0427124849628077e+01	-1.0933398339700977e+00
1.0423251114877417e+01	-1.0935690752628102e+00
1.0421947470145730e+01	-1.0936462228278259e+00
1.0416865701704339e+01	-1.0939484305889413e+00
1.0416594428260263e+01	-1.0939645629533199e+00
1.0416513510970150e+01	-1.0939693895425697e+00
1.0416430372943378e+01	-1.0939743485952731e+00
1.0411618260668671e+01	-1.0942613835335631e+00
1.0409487452476235e+01	-1.0943887592561452e+00
1.0400568694495318e+01	-1.0949219059027491e+00
1.0399640606179183e+01	-1.0949780286530748e+00
1.0399393873270036e+01	-1.0949929698917693e+00
1.0398259562478012e+01	-1.0950616595868568e+00
1.0397849996787299e+01	-1.0950868306582753e+00
1.0397568840357488e+01	-1.0951044834762511e+00
1.0397465857526720e+01	-1.0951103756148139e+00
1.0397422798456574e+01	-1.0951130774726006e+00
1.0397009643015661e+01	-1.0951366799104776e+00
1.0396913659654052e+01	-1.0951426593198914e+00
1.0396203255786006e+01	-1.0951832427456503e+00
1.0396184200734526e+01	-1.0951843313085112e+00
1.0394810975255885e+01	-1.0952643612374888e+00
1.0394556508278299e+01	-1.0952793615570926e+00
1.0393255681129034e+01	-1.0953560427169562e+00
1.0393254836662637e+01	-1.0953560945125493e+00
1.0384771633818479e+01	-1.0958764142374797e+00
1.0383843182193500e+01	-1.0959352078157494e+00
1.0377698668915986e+01	-1.0963401025287072e+00
1.0371538049143258e+01	-1.0967642112756613e+00
1.0369205204326269e+01	-1.0969307473793937e+00
1.0364261680891076e+01	-1.0973088723000513e+00
1.0363540154782156e+01	-1.0973640610750746e+00
1.0358343689218080e+01	-1.0977626550286712e+00
1.0357501339037892e+01	-1.0978280195278338e+00
1.0357283029204847e+01	-1.0978455764435642e+00
1.0357279651368382e+01	-1.0978458014077348e+00
1.0357224770029271e+01	-1.0978502150753762e+00
1.0357224716379301e+01	-1.0978502187325434e+00
1.0356970850575838e+01	-1.0978706351309075e+00
1.0356953407517723e+01	-1.0978717841233228e+00
1.0356948320477144e+01	-1.0978721928414099e+00
1.0356934295234611e+01	-1.0978731154777701e+00
1.0356922907352221e+01	-1.0978740269514196e+00
1.0356871282807360e+01	-1.0978774230197623e+00
1.0356865051766523e+01	-1.0978779187706509e+00
1.0356630834956583e+01	-1.0978933264860256e+00
1.0356626143775481e+01	-1.0978936878395065e+00
1.0356538840747168e+01	-1.0978994309807095e+00
1.0356524358712145e+01	-1.0979005791423539e+00
1.0350900419107143e+01	-1.0982705443072862e+00
1.0347536849366039e+01	-1.0984918133324588e+00
1.0347511007401827e+01	-1.0984932633998865e+00
1.0347386419169380e+01	-1.0985014593104410e+00
1.0347366917107562e+01	-1.0985025421212200e+00
1.0347247669719495e+01	-1.0985103866897419e+00
1.0347243935940828e+01	-1.0985105928869163e+00
1.0347208957241294e+01	-1.0985128933976585e+00
1.0347027050819548e+01	-1.0985229157888439e+00
1.0347008469020373e+01	-1.0985241234054042e+00
1.0346479347553737e+01	-1.0985532760998076e+00
1.0346476385438645e+01	-1.0985534669187642e+00
1.0346223620463036e+01	-1.0985673933620377e+00
1.0346204931382589e+01	-1.0985685545082355e+00
1.0345992184694282e+01	-1.0985802760874581e+00
1.0345788846368215e+01	-1.0985916592226468e+00
1.0340654162278128e+01	-1.0988824022246826e+00
1.0338582787274262e+01	-1.0990024906684213e+00
1.0328482292788038e+01	-1.0996053030134347e+00
1.0319926923036732e+01	-1.1001396525794367e+00
1.0317810216168152e+01	-1.1002756020717306e+00
1.0317339329274173e+01	-1.1003059723639947e+00
1.0313623260264267e+01	-1.1005486557929756e+00
1.0311783945376682e+01	-1.1006698693092274e+00
1.0310135515847488e+01	-1.1007785032037691e+00
1.0309022559277661e+01	-1.1008518486543903e+00
1.0308988438693071e+01	-1.1008540333037524e+00
1.0308264533291561e+01	-1.1009017397186478e+00
1.0307770723282530e+01	-1.1009342825137718e+00
1.0307718582837317e+01	-1.1009375515717648e+00
1.0305894229581398e+01	-1.1010577790948106e+00
1.0305890660805773e+01	-1.1010579970753434e+00
1.0305804526039298e+01	-1.1010636734812629e+00
1.0305658949000129e+01	-1.1010725509578176e+00
1.0305510217224009e+01	-1.1010823481411365e+00
1.0305302745252121e+01	-1.1010949520321138e+00
1.0305238528082469e+01	-1.1010991690889966e+00
1.0305199209642270e+01	-1.1011015576783043e+00
1.0305186611996829e+01	-1.1011023851891093e+00
1.0304999078117048e+01	-1.1011137778440006e+00
1.0304990471527713e+01	-1.1011143436570274e+00
1.0304852158604632e+01	-1.1011227461462283e+00
1.0304809410129584e+01	-1.1011255546217915e+00
1.0303604409481373e+01	-1.1011987582292928e+00
1.0303544786054383e+01	-1.1012025757571371e+00
1.0298065926186844e+01	-1.1015354156671353e+00
1.0295902147301993e+01	-1.1016668649077990e+00
1.0294041659764417e+01	-1.1017814180854866e+00
1.0291738259411302e+01	-1.1019241643865265e+00
1.0286336863923852e+01	-1.1022636645589070e+00
1.0284389085377066e+01	-1.1023869352593441e+00
1.0282418889182294e+01	-1.1025129334856623e+00
1.0281806353121555e+01	-1.1025523154635979e+00
1.0280336671967049e+01	-1.1026476227837656e+00
1.0277415038479537e+01	-1.1028398929355017e+00
1.0271174217372026e+01	-1.1032505959297099e+00
1.0266765029698833e+01	-1.1035472941142135e+00
1.0263269057183992e+01	-1.1037861136655831e+00
1.0263148489846168e+01	-1.1037944044812378e+00
1.0259524387085907e+01	-1.1040436159877809e+00
1.0258604634002451e+01	-1.1041068628289270e+00
1.0257666221258132e+01	-1.1041713928020656e+00
1.0257014430346956e+01	-1.1042162132185025e+00
1.0256320829450388e+01	-1.1042639086995105e+00
1.0256300645724528e+01	-1.1042652326749878e+00
1.0255704262603384e+01	-1.1043062429735164e+00
1.0255693783074593e+01	-1.1043067775875370e+00
1.0255639267825309e+01	-1.1043105263298609e+00
1.0255638876095102e+01	-1.1043105485089653e+00
1.0255212967915364e+01	-1.1043398360943739e+00
1.0255203145809094e+01	-1.1043403059318588e+00
1.0255174008154807e+01	-1.1043423095833009e+00
1.0255157120914639e+01	-1.1043431051907278e+00
1.0255126275513504e+01	-1.1043452204679620e+00
1.0255095605921156e+01	-1.1043466606115058e+00
1.0255092774238566e+01	-1.1043468536292123e+00
1.0255076725067637e+01	-1.1043476072456813e+00
1.0255066521334252e+01	-1.1043483030844714e+00
1.0254952969048476e+01	-1.1043536351276684e+00
1.0254939665979270e+01	-1.1043545077582977e+00
1.0253557296306898e+01	-1.1044194193076944e+00
1.0250792556962153e+01	-1.1045492424064878e+00
1.0249537272974438e+01	-1.1046081864286288e+00
1.0242839378733819e+01	-1.1049254106375057e+00
1.0242825955733659e+01	-1.1049260537229983e+00
1.0242392225193525e+01	-1.1049468334156651e+00
1.0240727087740799e+01	-1.1050269792470251e+00
1.0237301566338211e+01	-1.1051943600784984e+00
1.0228102564737469e+01	-1.1056563079852264e+00
1.0225921474663183e+01	-1.1057683786718229e+00
1.0225894854928946e+01	-1.1057697464703966e+00
1.0225822981774307e+01	-1.1057735006301188e+00
1.0224989150564847e+01	-1.1058170542428338e+00
1.0222406408715107e+01	-1.1059519589297659e+00
1.0213525576497748e+01	-1.1064645526872230e+00
1.0213221592512875e+01	-1.1064827209348069e+00
1.0209556433002385e+01	-1.1067017769664882e+00
1.0208899093485792e+01	-1.1067413476056902e+00
1.0208614039801095e+01	-1.1067585073172634e+00
1.0203758218113828e+01	-1.1070559917111877e+00
1.0202710253646194e+01	-1.1071218003034382e+00
1.0198241218877694e+01	-1.1074072599304787e+00
1.0194107456824272e+01	-1.1076747743842701e+00
1.0192877072131592e+01	-1.1077549901939021e+00
1.0192807409720718e+01	-1.1077591252773538e+00
1.0192742281421346e+01	-1.1077633713633910e+00
1.0192741204899242e+01	-1.1077634352148087e+00
1.0192403510119314e+01	-1.1077854508447107e+00
1.0191793655297282e+01	-1.1078213996049666e+00
1.0191761286202917e+01	-1.1078234915136163e+00
1.0190898377464388e+01	-1.1078743568970539e+00
1.0190863958165034e+01	-1.1078765448884011e+00
1.0185873312118154e+01	-1.1081707256208955e+00
1.0185718345075395e+01	-1.1081799242926900e+00
1.0185571145518168e+01	-1.1081885372610889e+00
1.0184944875661637e+01	-1.1082254536289102e+00
1.0179085866426139e+01	-1.1085708212651639e+00
1.0178527883375777e+01	-1.1086006539508364e+00
1.0178509362116682e+01	-1.1086017376702599e+00
1.0178101957688689e+01	-1.1086235173567616e+00
1.0178030257724139e+01	-1.1086274409950472e+00
1.0174867623589892e+01	-1.1088032019481702e+00
1.0171919595531383e+01	-1.1089685580742443e+00
1.0170514170454467e+01	-1.1090475216659792e+00
1.0164143633248123e+01	-1.1094081737882120e+00
1.0162292901175780e+01	-1.1095141264061412e+00
1.0158300315655271e+01	-1.1097458609042077e+00
1.0156167274937474e+01	-1.1098794211528344e+00
1.0148179330423543e+01	-1.1103990097472949e+00
1.0145821190231688e+01	-1.1105594365872282e+00
1.0139803133626408e+01	-1.1109833368957582e+00
1.0132013647651908e+01	-1.1115530360388914e+00
1.0131171544894970e+01	-1.1116189230746309e+00
1.0130218658110669e+01	-1.1116934779731820e+00
1.0130207813300451e+01	-1.1116940952589551e+00
1.0130185380089838e+01	-1.1116958504577563e+00
1.0129971380211465e+01	-1.1117078516497774e+00
1.0129965683213809e+01	-1.1117082797458286e+00
1.0129773432835695e+01	-1.1117190587848835e+00
1.0129766573017786e+01	-1.1117195748511801e+00
1.0129339180089676e+01	-1.1117435377952798e+00
1.0129264188777015e+01	-1.1117478062950956e+00
1.0125447470848124e+01	-1.1119618009411425e+00
1.0115144903938607e+01	-1.1125394423074295e+00
1.0104924520844683e+01	-1.1131124758151176e+00
1.0104889454140404e+01	-1.1131141938468447e+00
1.0104856445456164e+01	-1.1131160445682844e+00
1.0104856205519646e+01	-1.1131160563265308e+00
1.0104821842869946e+01	-1.1131179829617175e+00
1.0104821184173419e+01	-1.1131180151388478e+00
1.0104684086555203e+01	-1.1131257018887808e+00
1.0104678740481637e+01	-1.1131259636867057e+00
1.0104671905684615e+01	-1.1131263468981447e+00
1.0104655951632505e+01	-1.1131271274935874e+00
1.0104601555198649e+01	-1.1131301773772377e+00
1.0104594148726250e+01	-1.1131305379658285e+00
1.0104544234185390e+01	-1.1131333365599880e+00
1.0104418813712520e+01	-1.1131394342966117e+00
1.0104411327130441e+01	-1.1131398525250984e+00
1.0104397509046914e+01	-1.1131405242147334e+00
1.0104374958552071e+01	-1.1131416875191746e+00
1.0104357369383930e+01	-1.1131426648266494e+00
1.0104333876966717e+01	-1.1131438067804604e+00
1.0103196058686507e+01	-1.1132025030116457e+00
1.0098581944661570e+01	-1.1134493139328250e+00
1.0077997656109433e+01	-1.1146140483133682e+00
1.0077599797099948e+01	-1.1146381291630476e+00
1.0074830310623721e+01	-1.1148060128371255e+00
1.0074728260393037e+01	-1.1148121351011246e+00
1.0073042143699528e+01	-1.1149143459145230e+00
1.0073032154358494e+01	-1.1149148199722270e+00
1.0072518140623426e+01	-1.1149459790030114e+00
1.0072498476621774e+01	-1.1149468966815275e+00
1.0072453072470863e+01	-1.1149496490385939e+00
1.0072448670031296e+01	-1.1149498536698077e+00
1.0072374706019536e+01	-1.1149543372988668e+00
1.0072374639334322e+01	-1.1149543403623057e+00
1.0072363461047463e+01	-1.1149550179795766e+00
1.0072310037659886e+01	-1.1149574683931458e+00
1.0072305532466805e+01	-1.1149577394866648e+00
1.0072287273152178e+01	-1.1149585763997591e+00
1.0072240358152207e+01	-1.1149613909550367e+00
1.0071779768935464e+01	-1.1149825019964141e+00
1.0069094364703931e+01	-1.1151097806407508e+00
1.0066830825858323e+01	-1.1152180110220651e+00
1.0061274857547966e+01	-1.1154900049877092e+00
1.0060864650435049e+01	-1.1155102743980367e+00
1.0056434223365098e+01	-1.1157352010899784e+00
1.0054868417066750e+01	-1.1158164208494179e+00
1.0048605315406389e+01	-1.1161458566314264e+00
1.0047760116118763e+01	-1.1161913265461625e+00
1.0043752305296799e+01	-1.1164235107022082e+00
1.0042082734023568e+01	-1.1165212568834779e+00
1.0038174951610625e+01	-1.1167523632856642e+00
1.0034938089532758e+01	-1.1169453871798538e+00
1.0032169573093295e+01	-1.1171113786598355e+00
1.0028692411116740e+01	-1.1173214605880311e+00
1.0021321610143888e+01	-1.1177781874806083e+00
1.0017858394836901e+01	-1.1179949860482923e+00
1.0016575030959647e+01	-1.1180757981999754e+00
1.0016518791311858e+01	-1.1180793573869305e+00
1.0006288377321608e+01	-1.1187317263260474e+00
1.0001748003049730e+01	-1.1190244318163496e+00
1.0000388686366376e+01	-1.1191134805264540e+00
1.0000249315766403e+01	-1.1191220498673546e+00
1.0000198750273045e+01	-1.1191253624081441e+00
1.0000122848319139e+01	-1.1191300193186293e+00
1.0000113486745569e+01	-1.1191306323211405e+00
9.9998801932994326e+00	-1.1191449455719906e+00
9.9998417605936432e+00	-1.1191474537270401e+00
9.9998170031101896e+00	-1.1191489715748473e+00
9.9996719985602187e+00	-1.1191584433160040e+00
9.9993282446193188e+00	-1.1191792112185777e+00
9.9993072158956355e+00	-1.1191805756688582e+00
9.9991349599268613e+00	-1.1191910831018794e+00
9.9990522511469617e+00	-1.1191961282505105e+00
9.9985517868213520e+00	-1.1192266560482891e+00
9.9984681324753293e+00	-1.1192320810539500e+00
9.9980543794135635e+00	-1.1192571461163980e+00
9.9979666491446224e+00	-1.1192625286308548e+00
9.9979411447848374e+00	-1.1192641806819124e+00
9.9979110570782339e+00	-1.1192660050362528e+00
9.9978946374137561e+00	-1.1192670006351049e+00
9.9978196576210561e+00	-1.1192715470005710e+00
9.9977030804164286e+00	-1.1192786993608317e+00
9.9976274031430616e+00	-1.1192835399060546e+00
9.9975083502362185e+00	-1.1192906466399499e+00
9.9974693921057689e+00	-1.1192930368378016e+00
9.9974241671472850e+00	-1.1192959126381781e+00
9.9973617317473629e+00	-1.1192996496932908e+00
9.9971265377325782e+00	-1.1193145510247036e+00
9.9968965848005436e+00	-1.1193282797026136e+00
9.9967719148374954e+00	-1.1193359768941684e+00
9.9967539621388237e+00	-1.1193370433428511e+00
9.9966991143377122e+00	-1.1193405046778291e+00
9.9966560100938970e+00	-1.1193430694586899e+00
9.9966443784051453e+00	-1.1193438023800095e+00
9.9966295899424669e+00	-1.1193446654570405e+00
9.9965622776968068e+00	-1.1193489139332524e+00
9.9964886056501729e+00	-1.1193532808947075e+00
9.9964469650568830e+00	-1.1193558412082836e+00
9.9964247452147212e+00	-1.1193572074175291e+00
9.9963216957868006e+00	-1.1193635435147953e+00
9.9961542525575044e+00	-1.1193738389294210e+00
9.9955743231069309e+00	-1.1194094964724124e+00
9.9954529953375637e+00	-1.1194169564318059e+00
9.9953697160096180e+00	-1.1194220769446779e+00
9.9952522887067481e+00	-1.1194292970799828e+00
9.9949116681172026e+00	-1.1194502404780178e+00
9.9948393439823437e+00	-1.1194546873998727e+00
9.9944009458705807e+00	-1.1194816427467724e+00
9.9942769087593923e+00	-1.1194888475223757e+00
9.9941414038788796e+00	-1.1194973311392624e+00
9.9940726452991822e+00	-1.1195013125876752e+00
9.9940232973364527e+00	-1.1195043402328198e+00
9.9939831144229228e+00	-1.1195066648332779e+00
9.9938934630299165e+00	-1.1195121999462454e+00
9.9934530868691187e+00	-1.1195376713856671e+00
9.9933856548481632e+00	-1.1195417846680615e+00
9.9927255806087452e+00	-1.1195799634853998e+00
9.9927164179563501e+00	-1.1195805185567109e+00
9.9919964998281614e+00	-1.1196221587557571e+00
9.9919098918762668e+00	-1.1196273911772454e+00
9.9841339775373985e+00	-1.1200771515154817e+00
9.9742616864585862e+00	-1.1206481666760502e+00
9.9742258869308404e+00	-1.1206501734125847e+00
9.9736593491779324e+00	-1.1206829420620665e+00
9.9734222315489482e+00	-1.1206965255248094e+00
9.9726014742594202e+00	-1.1207439982797884e+00
9.9710204161963869e+00	-1.1208354469735642e+00
9.9709991670175153e+00	-1.1208364289861095e+00
9.9708244084153481e+00	-1.1208465370563112e+00
9.9707897222240778e+00	-1.1208480737818947e+00
9.9707442264597752e+00	-1.1208506968270933e+00
9.9706866067457227e+00	-1.1208532378610114e+00
9.9706558001525476e+00	-1.1208550026400048e+00
9.9702619308396443e+00	-1.1208723723076579e+00
9.9702565881775485e+00	-1.1208726717896873e+00
9.9662493824848344e+00	-1.1210493898756615e+00
9.9636753646450629e+00	-1.1211629042646871e+00
9.9605646332960980e+00	-1.1213007108268196e+00
9.9585131739745343e+00	-1.1213928381955833e+00
9.9570212876432311e+00	-1.1214637011766855e+00
9.9535930433336599e+00	-1.1216293874016605e+00
9.9519500008822046e+00	-1.1217145881933532e+00
9.9457249284587164e+00	-1.1220477528116204e+00
9.9443658465916602e+00	-1.1221248200268497e+00
9.9423586121960454e+00	-1.1222456344802592e+00
9.9404275869525769e+00	-1.1223639607768121e+00
9.9381482879350358e+00	-1.1225113457683349e+00
9.9365980975436266e+00	-1.1226132299954044e+00
9.9360627756158308e+00	-1.1226491334161459e+00
9.9310798671348799e+00	-1.1229975373874408e+00
9.9291461801233591e+00	-1.1231427289564699e+00
9.9255591542034889e+00	-1.1234147187837760e+00
9.9235677688544719e+00	-1.1235660006036594e+00
9.9226501478988123e+00	-1.1236375010130217e+00
9.9226400869477658e+00	-1.1236380893102893e+00
9.9224405549081602e+00	-1.1236536367129775e+00
9.9224273262493217e+00	-1.1236543504238929e+00
9.9223945737482886e+00	-1.1236569024768044e+00
9.9223567568152493e+00	-1.1236589119194269e+00
9.9223290281139676e+00	-1.1236610438585708e+00
9.9223214585451753e+00	-1.1236614418814532e+00
9.9223149149683785e+00	-1.1236619455421515e+00
9.9223044667220037e+00	-1.1236624949315888e+00
9.9223042195635660e+00	-1.1236625140435235e+00
9.9222973421830378e+00	-1.1236628756697795e+00
9.9222972988396023e+00	-1.1236628789570551e+00
9.9222646062275270e+00	-1.1236645979991895e+00
9.9222616032959046e+00	-1.1236648260353770e+00
9.9222243316629655e+00	-1.1236667858514753e+00
9.9222235420100500e+00	-1.1236668455912140e+00
9.9220656588147271e+00	-1.1236751474015572e+00
9.9220574371518584e+00	-1.1236757668734731e+00
9.9219867624261298e+00	-1.1236794830901855e+00
9.9219860923373240e+00	-1.1236795317947075e+00
9.9215552651728345e+00	-1.1237021855382106e+00
9.9215401347069800e+00	-1.1237031582407881e+00
9.9214126486726713e+00	-1.1237098617083490e+00
9.9214018028829418e+00	-1.1237104958977444e+00
9.9212330570385436e+00	-1.1237195568205451e+00
9.9109727901192564e+00	-1.1242813070536803e+00
9.9078230721624241e+00	-1.1244544200865660e+00
9.9076927942247597e+00	-1.1244615908221280e+00
9.8992899260678797e+00	-1.1249283348423211e+00
9.8976743894677828e+00	-1.1250190322879063e+00
9.8975805264504828e+00	-1.1250239233560158e+00
9.8972899991713472e+00	-1.1250402337770169e+00
9.8972847759791449e+00	-1.1250405045058001e+00
9.8971345629685405e+00	-1.1250489375777308e+00
9.8971026554975552e+00	-1.1250505837156139e+00
9.8970829065242754e+00	-1.1250516924378982e+00
9.8970770822815659e+00	-1.1250519930808003e+00
9.8970335984772024e+00	-1.1250544332918229e+00
9.8967598899969271e+00	-1.1250685611459117e+00
9.8967514164001997e+00	-1.1250690347187868e+00
9.8967130203259561e+00	-1.1250710165869917e+00
9.8966987785844136e+00	-1.1250718121726893e+00
9.8961755432952270e+00	-1.1250988197093656e+00
9.8961493270182643e+00	-1.1251002837702697e+00
9.8942182406470351e+00	-1.1251999595510782e+00
9.8941475936659504e+00	-1.1252038290215483e+00
9.8897109569551596e+00	-1.1254328323612750e+00
9.8863697662682455e+00	-1.1256084152011530e+00
9.8831876494707256e+00	-1.1257772575396108e+00
9.8739491073226802e+00	-1.1262743863116549e+00
9.8731903339919249e+00	-1.1263162810795704e+00
9.8686956033189119e+00	-1.1265659018654677e+00
9.8654695117552134e+00	-1.1267477861237820e+00
9.8636791061181697e+00	-1.1268549288682914e+00
9.8605887788603717e+00	-1.1270413358197517e+00
9.8603861833141035e+00	-1.1270535985994807e+00
9.8601208580854589e+00	-1.1270698168160516e+00
9.8487839268022892e+00	-1.1277649556596314e+00
9.8486800826830709e+00	-1.1277708090487684e+00
9.8485780787380293e+00	-1.1277775239423711e+00
9.8485085950442546e+00	-1.1277814370381423e+00
9.8484873057627755e+00	-1.1277828548700459e+00
9.8476330731525916e+00	-1.1278309624739016e+00
9.8476083473889737e+00	-1.1278325219239715e+00
9.8469574961451567e+00	-1.1278691757503805e+00
9.8469158232493292e+00	-1.1278715865417124e+00
9.8427469555897620e+00	-1.1281063636170694e+00
9.8333479412005662e+00	-1.1286356855552384e+00
9.8333173071186550e+00	-1.1286373468578534e+00
9.8326716326595189e+00	-1.1286737091445767e+00
9.8326241074408376e+00	-1.1286762541565811e+00
9.8313731898052072e+00	-1.1287467017716144e+00
9.8313612799271866e+00	-1.1287473369756218e+00
9.8308889771562633e+00	-1.1287739355324231e+00
9.8308667351244203e+00	-1.1287751265407058e+00
9.8302594325284307e+00	-1.1288093278488274e+00
9.8302222526783201e+00	-1.1288113077837658e+00
9.8298540825918401e+00	-1.1288320419262707e+00
9.8296974271844153e+00	-1.1288403529310989e+00
9.8295997093669634e+00	-1.1288458509921768e+00
9.8295250586025134e+00	-1.1288498063405819e+00
9.8295236767691740e+00	-1.1288498839943977e+00
9.8294532204622413e+00	-1.1288536126629367e+00
9.8293932711801801e+00	-1.1288567890576986e+00
9.8293779003242214e+00	-1.1288576532701062e+00
9.8291623435289814e+00	-1.1288690848395682e+00
9.8291106216046256e+00	-1.1288719819226838e+00
9.8277133371279284e+00	-1.1289459762155598e+00
9.8267488962473220e+00	-1.1289971461966981e+00
9.8250292030403035e+00	-1.1290894490369450e+00
9.8213758877336197e+00	-1.1292920328411677e+00
9.8147870698459005e+00	-1.1296727566978733e+00
9.8139867457401007e+00	-1.1297206362398260e+00
9.8054115795550327e+00	-1.1302442083627287e+00
9.8052812761050951e+00	-1.1302522613247574e+00
9.8000065864613362e+00	-1.1305919954982606e+00
9.7962965534137716e+00	-1.1308369457468295e+00
9.7962631678793635e+00	-1.1308390526286773e+00
9.7960527007024716e+00	-1.1308534523233225e+00
9.7960471044932440e+00	-1.1308538039539997e+00
9.7959797568519971e+00	-1.1308584112857702e+00
9.7948782647897783e+00	-1.1309275735315971e+00
9.7948694799149543e+00	-1.1309281606656276e+00
9.7912355214583702e+00	-1.1311563354629957e+00
9.7908220209474681e+00	-1.1311824304989440e+00
9.7907402422851302e+00	-1.1311874338440984e+00
9.7882814819211550e+00	-1.1313418184234847e+00
9.7882756294185480e+00	-1.1313421582702565e+00
9.7880148355964689e+00	-1.1313585334099889e+00
9.7878289765425546e+00	-1.1313704264933209e+00
9.7877862762304328e+00	-1.1313728845611248e+00
9.7871158046123075e+00	-1.1314149832057390e+00
9.7870801280773208e+00	-1.1314170156445615e+00
9.7870476868320928e+00	-1.1314190526173682e+00
9.7870286682820371e+00	-1.1314201378449944e+00
9.7869630011065585e+00	-1.1314243263556731e+00
9.7869438524289176e+00	-1.1314254147790996e+00
9.7868778616167340e+00	-1.1314295583157905e+00
9.7867941734744566e+00	-1.1314343087561018e+00
9.7867016071023141e+00	-1.1314401081876808e+00
9.7866953630091835e+00	-1.1314404621459260e+00
9.7866683044193152e+00	-1.1314421585052981e+00
9.7864328362643214e+00	-1.1314555064636278e+00
9.7864327611576787e+00	-1.1314555111541440e+00
9.7863108551085602e+00	-1.1314624216294218e+00
9.7862953361909994e+00	-1.1314633877717197e+00
9.7858807287617573e+00	-1.1314868905790902e+00
9.7858671787266385e+00	-1.1314877305747291e+00
9.7853876849464285e+00	-1.1315149115877954e+00
9.7853467082242762e+00	-1.1315174186070882e+00
9.7806818222809966e+00	-1.1317818565018223e+00
9.7806090871287932e+00	-1.1317860435423133e+00
9.7782562164903855e+00	-1.1319194204706600e+00
9.7782345250495233e+00	-1.1319204192015186e+00
9.7781003814758485e+00	-1.1319280233840530e+00
9.7780992894123440e+00	-1.1319280751162613e+00
9.7776674605802576e+00	-1.1319525541514683e+00
9.7776651987666590e+00	-1.1319526478531938e+00
9.7776226572243861e+00	-1.1319550851962528e+00
9.7776094415171997e+00	-1.1319556227583234e+00
9.7774653002056979e+00	-1.1319637936815616e+00
9.7774573490111418e+00	-1.1319641109663379e+00
9.7773911911373190e+00	-1.1319678612507149e+00
9.7773901500446296e+00	-1.1319679027420240e+00
9.7773713375220286e+00	-1.1319689691654975e+00
9.7773687574458723e+00	-1.1319690706774406e+00
9.7773122213517603e+00	-1.1319722720037610e+00
9.7771961038684267e+00	-1.1319768090341236e+00
9.7771888756222172e+00	-1.1319772137804947e+00
9.7771401626442742e+00	-1.1319791171309086e+00
9.7771244955340340e+00	-1.1319799851351939e+00
9.7767837474536154e+00	-1.1319932991025869e+00
9.7758137473873692e+00	-1.1320342591407540e+00
9.7719784774571181e+00	-1.1321988370996878e+00
9.7671444487137951e+00	-1.1324168617836734e+00
9.7645152732341813e+00	-1.1325430595292525e+00
9.7628945604350612e+00	-1.1326256629688203e+00
9.7606198721975748e+00	-1.1327440879432411e+00
9.7540348790794589e+00	-1.1331047316055836e+00
9.7489971767047123e+00	-1.1333888902473572e+00
9.7457996783794627e+00	-1.1335763033658341e+00
9.7456232202972117e+00	-1.1335872648472394e+00
9.7456034528589601e+00	-1.1335882928016119e+00
9.7454181734585372e+00	-1.1335998016861553e+00
9.7453291865605465e+00	-1.1336043319957372e+00
9.7452737017007252e+00	-1.1336077688772608e+00
9.7419133216179681e+00	-1.1337786145034399e+00
9.7411355795979997e+00	-1.1338182092326057e+00
9.7410201504454168e+00	-1.1338240668274642e+00
9.7400132607163616e+00	-1.1338753274320070e+00
9.7399848826497557e+00	-1.1338767989414411e+00
9.7399257873256460e+00	-1.1338797806891614e+00
9.7387779455256993e+00	-1.1339382171424162e+00
9.7366324884081088e+00	-1.1340478941149945e+00
9.7364943994005326e+00	-1.1340550373314462e+00
9.7283834526739330e+00	-1.1344783313194375e+00
9.7269465970281477e+00	-1.1345542870742085e+00
9.7237772842984889e+00	-1.1347238400803183e+00
9.7234516808891023e+00	-1.1347414673289835e+00
9.7165494591064725e+00	-1.1351181460798345e+00
9.7107413528830033e+00	-1.1354422080777034e+00
9.7083887377129638e+00	-1.1355752921074671e+00
9.7083348354644343e+00	-1.1355781397817730e+00
9.7076498740469734e+00	-1.1356173156744065e+00
9.7076417106234345e+00	-1.1356177427888785e+00
9.7075769534004408e+00	-1.1356214465332801e+00
9.7075646308458285e+00	-1.1356220896797133e+00
9.7074760907611068e+00	-1.1356271536683766e+00
9.7074127297981700e+00	-1.1356304544117688e+00
9.7073512904831194e+00	-1.1356339666143704e+00
9.7073470271165938e+00	-1.1356341884678878e+00
9.7073180158101913e+00	-1.1356358458937168e+00
9.7071646564435330e+00	-1.1356438262807400e+00
9.7071641031636879e+00	-1.1356438578025667e+00
9.7071413885039881e+00	-1.1356450398091142e+00
9.7071344359627521e+00	-1.1356454355729981e+00
9.7069559411552948e+00	-1.1356547239371599e+00
9.7069058901592751e+00	-1.1356575747364732e+00
9.7060501279143523e+00	-1.1357021061796002e+00
9.7060460469218270e+00	-1.1357023374299084e+00
9.7055783577784069e+00	-1.1357266746481194e+00
9.7055762823463461e+00	-1.1357267905485926e+00
9.7055626806215667e+00	-1.1357274904429528e+00
9.7030542046380628e+00	-1.1358580244274299e+00
9.7029626431960168e+00	-1.1358629559623497e+00
9.7015108377282040e+00	-1.1359385038063972e+00
9.7014724260915433e+00	-1.1359405665336886e+00
9.6991977023104621e+00	-1.1360589367156959e+00
9.6991511435549160e+00	-1.1360608996565895e+00
9.6990650050534040e+00	-1.1360653820602056e+00
9.6990400846204583e+00	-1.1360664178731519e+00
9.6989966662461722e+00	-1.1360686682756185e+00
9.6986655646557089e+00	-1.1360823904755093e+00
9.6986647759228148e+00	-1.1360824310607816e+00
9.6986066178168890e+00	-1.1360848413698159e+00
9.6986036060786116e+00	-1.1360849937874216e+00
9.6971943028951575e+00	-1.1361434010574170e+00
9.6969218119869893e+00	-1.1361548894131623e+00
9.6962934185590957e+00	-1.1361809325989276e+00
9.6957576410719923e+00	-1.1362034816766633e+00
9.6925310278469379e+00	-1.1363395602455644e+00
9.6867631077815748e+00	-1.1365852555133160e+00
9.6863647840817766e+00	-1.1366030704868604e+00
9.6826145975791569e+00	-1.1367751085281406e+00
9.6805185202879027e+00	-1.1368768523963042e+00
9.6732444742446066e+00	-1.1372452145179743e+00
9.6712077562001113e+00	-1.1373551384132912e+00
9.6704432823831095e+00	-1.1373978988936309e+00
9.6642208783631744e+00	-1.1377490641537527e+00
9.6582518550214367e+00	-1.1381011961445651e+00
9.6580524307977793e+00	-1.1381133277068725e+00
9.6580521943372268e+00	-1.1381133416014242e+00
9.6578842075241056e+00	-1.1381236790582443e+00
9.6578750840272853e+00	-1.1381241867425593e+00
9.6576834163345726e+00	-1.1381359814570398e+00
9.6576569359230557e+00	-1.1381374426886941e+00
9.6575796029823717e+00	-1.1381422011525948e+00
9.6575567159778242e+00	-1.1381434622863360e+00
9.6575304961717503e+00	-1.1381450739366521e+00
9.6573704359657331e+00	-1.1381538936721489e+00
9.6573664524506366e+00	-1.1381541131742374e+00
9.6573335686626489e+00	-1.1381559251568620e+00
9.6572891765049889e+00	-1.1381586464945812e+00
9.6572798142364746e+00	-1.1381592204224051e+00
9.6572576664424723e+00	-1.1381605781312978e+00
9.6572424765863829e+00	-1.1381614151315420e+00
9.6477991365988167e+00	-1.1387164951781279e+00
9.6464592777766178e+00	-1.1387962355593422e+00
9.6408078178894403e+00	-1.1391371068289338e+00
9.6386803667656498e+00	-1.1392668045795609e+00
9.6383963134544981e+00	-1.1392850008073956e+00
9.6382083223838375e+00	-1.1392970645011735e+00
9.6322137842546240e+00	-1.1396845339289579e+00
9.6297309300456746e+00	-1.1398455146487909e+00
9.6253064612760149e+00	-1.1401325664951221e+00
9.6235674449810400e+00	-1.1402470182504989e+00
9.6234086789678290e+00	-1.1402576685993155e+00
9.6233968967518724e+00	-1.1402582591481956e+00
9.6232399630582801e+00	-1.1402687865812653e+00
9.6232253510818406e+00	-1.1402695093374140e+00
9.6232119805298790e+00	-1.1402704060838749e+00
9.6231953266727057e+00	-1.1402712234463506e+00
9.6231608477329296e+00	-1.1402735196176197e+00
9.6231319298249147e+00	-1.1402749388932052e+00
9.6231280935078480e+00	-1.1402751910626097e+00
9.6219931314986837e+00	-1.1403308943959629e+00
9.6130657573767024e+00	-1.1407690451822188e+00
9.6092791149877073e+00	-1.1409548915819931e+00
9.6060630636194535e+00	-1.1411146595688910e+00
9.6006990375417658e+00	-1.1413851814199061e+00
9.5965699085874991e+00	-1.1415944771968491e+00
9.5957528783582902e+00	-1.1416370434285790e+00
9.5894476892110401e+00	-1.1419769421606247e+00
9.5884981656004946e+00	-1.1420294565939220e+00
9.5877459875525535e+00	-1.1420713914226199e+00
9.5873469699056262e+00	-1.1420938148392370e+00
9.5859830283808165e+00	-1.1421706664829023e+00
9.5843700132380363e+00	-1.1422633381220906e+00
9.5822139052033961e+00	-1.1423880264628266e+00
9.5816314370258127e+00	-1.1424225075595673e+00
9.5816129513972381e+00	-1.1424235379565257e+00
9.5791336232977944e+00	-1.1425703098409632e+00
9.5791137712934074e+00	-1.1425713259457504e+00
9.5788381637282534e+00	-1.1425876414312692e+00
9.5787361478914512e+00	-1.1425927896246681e+00
9.5787144707394845e+00	-1.1425940676926905e+00
9.5783282655644957e+00	-1.1426135067570240e+00
9.5783245181531722e+00	-1.1426137247404258e+00
9.5783078696707893e+00	-1.1426145456125021e+00
9.5782877307731678e+00	-1.1426157144381048e+00
9.5782341282851462e+00	-1.1426183679451651e+00
9.5782337096769368e+00	-1.1426183921179554e+00
9.5780597224259569e+00	-1.1426271010194171e+00
9.5780416343115800e+00	-1.1426281629093378e+00
9.5777030239294003e+00	-1.1426449949267754e+00
9.5773137599571445e+00	-1.1426645879511301e+00
9.5773059182656173e+00	-1.1426650299041097e+00
9.5772904309772606e+00	-1.1426657621807110e+00
9.5772799906542154e+00	-1.1426662876788776e+00
9.5772740611554141e+00	-1.1426666221168456e+00
9.5772674887291220e+00	-1.1426669278047159e+00
9.5772485203016924e+00	-1.1426679686936601e+00
9.5772453993287243e+00	-1.1426681203169280e+00
9.5772237703301624e+00	-1.1426693116876434e+00
9.5771760719301948e+00	-1.1426715183105007e+00
9.5770496893827310e+00	-1.1426778961614010e+00
9.5769709689134288e+00	-1.1426822840745199e+00
9.5768438418857702e+00	-1.1426882841830870e+00
9.5764241863005903e+00	-1.1427094619549034e+00
9.5764204122013634e+00	-1.1427096524134963e+00
9.5763387577545558e+00	-1.1427137730764956e+00
9.5762639377868677e+00	-1.1427175488399046e+00
9.5758201782089412e+00	-1.1427399430112550e+00
9.5757868091654021e+00	-1.1427416269683253e+00
9.5757675868002003e+00	-1.1427425970182385e+00
9.5755399253293358e+00	-1.1427542496406085e+00
9.5755089876686643e+00	-1.1427556471326490e+00
9.5755037482918564e+00	-1.1427559115359607e+00
9.5754661958322824e+00	-1.1427575823494696e+00
9.5750289569600895e+00	-1.1427795901192153e+00
9.5748928102496080e+00	-1.1427856202553190e+00
9.5748447415700362e+00	-1.1427880263246801e+00
9.5746706516628279e+00	-1.1427957314238077e+00
9.5746517640729607e+00	-1.1427966703089061e+00
9.5733701289953110e+00	-1.1428533945927948e+00
9.5677335509240482e+00	-1.1431059171875242e+00
9.5624525028287621e+00	-1.1433453018721726e+00
9.5622890072791211e+00	-1.1433527698506183e+00
9.5564707846702248e+00	-1.1436242571052908e+00
9.5495919320772877e+00	-1.1439507794235959e+00
9.5494800838195069e+00	-1.1439561646467284e+00
9.5478036653215419e+00	-1.1440383173602156e+00
9.5475797431825136e+00	-1.1440493797579721e+00
9.5474641737674553e+00	-1.1440552330861964e+00
9.5446180662956444e+00	-1.1442041884217735e+00
9.5432576346706117e+00	-1.1442768870929889e+00
9.5423294581833176e+00	-1.1443266336420268e+00
9.5390023767629106e+00	-1.1445058053600210e+00
9.5296496204260634e+00	-1.1450251943275200e+00
9.5273563647201964e+00	-1.1451538840942512e+00
9.5273077787024629e+00	-1.1451567708720558e+00
9.5272729844062063e+00	-1.1451586746854281e+00
9.5269104387388079e+00	-1.1451802156314588e+00
9.5268484443219066e+00	-1.1451835871573699e+00
9.5267709039933077e+00	-1.1451881914667745e+00
9.5267417832669175e+00	-1.1451897727959715e+00
9.5266857378299967e+00	-1.1451930933202727e+00
9.5264541459754106e+00	-1.1452056693445278e+00
9.5264269205198460e+00	-1.1452072791949468e+00
9.5256567106005061e+00	-1.1452491035442722e+00
9.5256421957341946e+00	-1.1452499556404769e+00
9.5254477590009454e+00	-1.1452605140475409e+00
9.5164347093537334e+00	-1.1457586524829930e+00
9.5123133385449776e+00	-1.1459888240550700e+00
9.5112682945285592e+00	-1.1460489189151433e+00
9.5109425566837054e+00	-1.1460677714121423e+00
9.5093590820808256e+00	-1.1461599259226831e+00
9.5092672733791268e+00	-1.1461652924035457e+00
9.5058569697822204e+00	-1.1463681673440584e+00
9.4989489300592798e+00	-1.1467893971446321e+00
9.4969560006785088e+00	-1.1469128825243320e+00
9.4886669883477328e+00	-1.1474378190907550e+00
9.4884027412659417e+00	-1.1474547174668612e+00
9.4882506782469225e+00	-1.1474646666643777e+00
9.4882357177938204e+00	-1.1474654500275954e+00
9.4881029509344117e+00	-1.1474741367136576e+00
9.4880998283369671e+00	-1.1474742952992063e+00
9.4880730934524227e+00	-1.1474760445124510e+00
9.4880618428199206e+00	-1.1474766151980591e+00
9.4879966888944143e+00	-1.1474808780969417e+00
9.4879922226456497e+00	-1.1474811063048820e+00
9.4878448467760084e+00	-1.1474907488310246e+00
9.4878115763520903e+00	-1.1474923994113198e+00
9.4877818332823356e+00	-1.1474943335759400e+00
9.4875837207853753e+00	-1.1475041361117135e+00
9.4875788105060703e+00	-1.1475044519844608e+00
9.4875311149914854e+00	-1.1475068119415313e+00
9.4875240036438271e+00	-1.1475072746668658e+00
9.4874071420474735e+00	-1.1475129951336920e+00
9.4873923989584945e+00	-1.1475139454351939e+00
9.4858877538144277e+00	-1.1475883947409042e+00
9.4858655912624545e+00	-1.1475895552223352e+00
9.4810952322584185e+00	-1.1478255908864519e+00
9.4763600915519870e+00	-1.1480598839617491e+00
9.4762782606784572e+00	-1.1480635379491591e+00
9.4761449134538314e+00	-1.1480701359223295e+00
9.4761380501492809e+00	-1.1480704400676993e+00
9.4760289766408867e+00	-1.1480758369860382e+00
9.4758579399578977e+00	-1.1480834048135318e+00
9.4757737658820407e+00	-1.1480875498605616e+00
9.4755019217238416e+00	-1.1480995693791047e+00
9.4726374979677672e+00	-1.1482314806406246e+00
9.4713639477600129e+00	-1.1482904561563032e+00
9.4621750167320808e+00	-1.1487229507053678e+00
9.4621160733583931e+00	-1.1487257794167798e+00
9.4596668280243943e+00	-1.1488444125171990e+00
9.4555941208665182e+00	-1.1490565300153521e+00
9.4510163160357017e+00	-1.1492995215650059e+00
9.4443699649034194e+00	-1.1496707216347681e+00
9.4411489313032462e+00	-1.1498528041293901e+00
9.4383027531513246e+00	-1.1500158298331593e+00
9.4378813407355295e+00	-1.1500406684335407e+00
9.4378248798461097e+00	-1.1500435362918811e+00
9.4378093076925342e+00	-1.1500444541350323e+00
9.4377711939309652e+00	-1.1500463940865921e+00
9.4377280525731670e+00	-1.1500489368947917e+00
9.4377259146251831e+00	-1.1500490452110672e+00
9.4377127293663339e+00	-1.1500498218008353e+00
9.4377046019008297e+00	-1.1500502335391243e+00
9.4377008559299078e+00	-1.1500504541259229e+00
9.4376495879230742e+00	-1.1500530513687415e+00
9.4376268076614966e+00	-1.1500543872849431e+00
9.4374426187629048e+00	-1.1500637183146378e+00
9.4374219283013350e+00	-1.1500649295278580e+00
9.4371308527153381e+00	-1.1500797511471637e+00
9.4359944976199532e+00	-1.1501377774491792e+00
9.4333039257419546e+00	-1.1502769272072380e+00
9.4254636938575569e+00	-1.1506833936341410e+00
9.4223369375430615e+00	-1.1508459048619637e+00
9.4180193503655598e+00	-1.1510707899661254e+00
9.4172922011174585e+00	-1.1511090536594750e+00
9.4172621855146783e+00	-1.1511106658284380e+00
9.4172588427675485e+00	-1.1511108090263065e+00
9.4171462191357165e+00	-1.1511167354521723e+00
9.4171214295939691e+00	-1.1511177660548011e+00
9.4168399538506691e+00	-1.1511328844070967e+00
9.4167706108906728e+00	-1.1511357503614570e+00
9.4167427140625630e+00	-1.1511372403000077e+00
9.4167308359268276e+00	-1.1511377304311916e+00
9.4167022966685963e+00	-1.1511392416912998e+00
9.4153517812311183e+00	-1.1511949684269536e+00
9.4137267405917875e+00	-1.1512652723736614e+00
9.4123954762586415e+00	-1.1513235446809276e+00
9.4116762648885857e+00	-1.1513552861155743e+00
9.4082924197264184e+00	-1.1515121633035421e+00
9.4069094879526851e+00	-1.1515771040900904e+00
9.4053895258592561e+00	-1.1516506201863221e+00
9.3976954444956835e+00	-1.1520395517689381e+00
9.3962003709043298e+00	-1.1521186806971009e+00
9.3961766002161102e+00	-1.1521199832454605e+00
9.3929659132006762e+00	-1.1522971546269287e+00
9.3879636275535532e+00	-1.1525843621284422e+00
9.3878561631375010e+00	-1.1525907161410753e+00
9.3855303062089703e+00	-1.1527289551601925e+00
9.3843776757374044e+00	-1.1527994486769846e+00
9.3833168637667761e+00	-1.1528652239943382e+00
9.3833045801131956e+00	-1.1528657651454932e+00
9.3832730967947633e+00	-1.1528677167701449e+00
9.3832566528095569e+00	-1.1528684334633486e+00
9.3832383257351157e+00	-1.1528695624836509e+00
9.3827557587228707e+00	-1.1528905946418362e+00
9.3802420448731834e+00	-1.1530118487360517e+00
9.3712973452998583e+00	-1.1534456768300156e+00
9.3690119960865719e+00	-1.1535592704305688e+00
9.3634522584136430e+00	-1.1538463396389078e+00
9.3628966606759860e+00	-1.1538765894430989e+00
9.3580317577952723e+00	-1.1541439836738048e+00
9.3524826512341477e+00	-1.1544521072415690e+00
9.3507179879375641e+00	-1.1545502090938291e+00
9.3503475069929021e+00	-1.1545708984227905e+00
9.3496041612314666e+00	-1.1546130641834838e+00
9.3495892100641687e+00	-1.1546137937216605e+00
9.3492752970154065e+00	-1.1546315517934433e+00
9.3492575131153703e+00	-1.1546323850656066e+00
9.3491598049775426e+00	-1.1546379274903720e+00
9.3491571768797108e+00	-1.1546380523756314e+00
9.3490225515785994e+00	-1.1546456889002805e+00
9.3490216856365471e+00	-1.1546457297432748e+00
9.3489168075986253e+00	-1.1546516771080428e+00
9.3488786844174765e+00	-1.1546534610379362e+00
9.3488386266570078e+00	-1.1546557296747455e+00
9.3397025745380446e+00	-1.1550832406009386e+00
9.3396127634941166e+00	-1.1550873793262009e+00
9.3394393671869320e+00	-1.1550954932045936e+00
9.3392277485055004e+00	-1.1551052185925201e+00
9.3390152862299995e+00	-1.1551151605174346e+00
9.3389294377622676e+00	-1.1551190988268139e+00
9.3384791451763007e+00	-1.1551401697443149e+00
9.3383118873985076e+00	-1.1551478553479346e+00
9.3379639296934442e+00	-1.1551641376237831e+00
9.3377379084922669e+00	-1.1551744940797235e+00
9.3374860653308769e+00	-1.1551862751732833e+00
9.3371941341521971e+00	-1.1551996532789046e+00
9.3371920181120736e+00	-1.1551997521407020e+00
9.3371577114805007e+00	-1.1552013223926703e+00
9.3371424968364689e+00	-1.1552020196224617e+00
9.3367401008937936e+00	-1.1552207963630841e+00
9.3326937307867990e+00	-1.1554062262541931e+00
9.3319320610992982e+00	-1.1554413259639760e+00
9.3281024601166695e+00	-1.1556168221431249e+00
9.3226370641436809e+00	-1.1558671036901929e+00
9.3188409551813542e+00	-1.1560400618593121e+00
9.3179250049351143e+00	-1.1560817943488602e+00
9.3178473637041144e+00	-1.1560853318356117e+00
9.3177935079714125e+00	-1.1560877856084135e+00
9.3177843199001398e+00	-1.1560882042349601e+00
9.3175529090028348e+00	-1.1560987477692763e+00
9.3173055650082137e+00	-1.1561100172467536e+00
9.3172089148639454e+00	-1.1561144208168732e+00
9.3166467332024592e+00	-1.1561400349159014e+00
9.3163999981957755e+00	-1.1561512766466939e+00
9.3161605371156231e+00	-1.1561621869631284e+00
9.3130456420036882e+00	-1.1562839284558843e+00
9.3129848318381949e+00	-1.1562865143689296e+00
9.3082316474361875e+00	-1.1564959920595335e+00
9.2879239176639352e+00	-1.1575051114932549e+00
9.2876883662259413e+00	-1.1575177227659454e+00
9.2849798657565437e+00	-1.1576686290471738e+00
9.2844528952759457e+00	-1.1576990997415484e+00
9.2824515245816244e+00	-1.1578163901610841e+00
9.2824465412159718e+00	-1.1578166182937761e+00
9.2823176367302516e+00	-1.1578241727469583e+00
9.2823046650104661e+00	-1.1578247557832584e+00
9.2819980284363641e+00	-1.1578427262334721e+00
9.2819805527637893e+00	-1.1578435358691781e+00
9.2818385158735310e+00	-1.1578518599475187e+00
9.2818329271548734e+00	-1.1578521101884103e+00
9.2817544580746585e+00	-1.1578567088723848e+00
9.2817505160623117e+00	-1.1578568813706638e+00
9.2817465332197973e+00	-1.1578571147853285e+00
9.2817190059358055e+00	-1.1578583183816857e+00
9.2817104200746083e+00	-1.1578588201787550e+00
9.2817012389610305e+00	-1.1578592214278780e+00
9.2817008880551857e+00	-1.1578592418908922e+00
9.2815756811360259e+00	-1.1578647139032023e+00
9.2815693541979343e+00	-1.1578650736037022e+00
9.2815291342663553e+00	-1.1578668313656708e+00
9.2815283241750208e+00	-1.1578668779131243e+00
9.2813822987117138e+00	-1.1578732597739525e+00
9.2813805695041882e+00	-1.1578733595216641e+00
9.2812504999099978e+00	-1.1578790440511244e+00
9.2812361438884992e+00	-1.1578798279772711e+00
9.2810494783009752e+00	-1.1578879859640634e+00
9.2810473548205294e+00	-1.1578881055453545e+00
9.2808640767235850e+00	-1.1578961154860941e+00
9.2808615469484970e+00	-1.1578962536483028e+00
9.2805104154566020e+00	-1.1579115994124110e+00
9.2802335586523057e+00	-1.1579240577325440e+00
9.2795165582438521e+00	-1.1579595564277911e+00
9.2730060263494387e+00	-1.1582827819827846e+00
9.2715921243468298e+00	-1.1583539084450276e+00
9.2688006244552223e+00	-1.1584974460071564e+00
9.2673674002056199e+00	-1.1585737993678955e+00
9.2604792597429295e+00	-1.1589468829441858e+00
9.2604092760201819e+00	-1.1589506880423925e+00
9.2586097310838422e+00	-1.1590519803227770e+00
9.2571709238671929e+00	-1.1591344716516103e+00
9.2556385354713822e+00	-1.1592236219785175e+00
9.2545937812653420e+00	-1.1592849050979075e+00
9.2516963062347664e+00	-1.1594579706934400e+00
9.2492881994574709e+00	-1.1596023904653312e+00
9.2449359090200485e+00	-1.1598638953278577e+00
9.2423928640665185e+00	-1.1600166927182278e+00
9.2423878185632891e+00	-1.1600169319511136e+00
9.2421781545473980e+00	-1.1600295294926701e+00
9.2421457982565389e+00	-1.1600310298169718e+00
9.2421280262629644e+00	-1.1600320973370395e+00
9.2420755286671348e+00	-1.1600345101340703e+00
9.2420700360500661e+00	-1.1600348385255375e+00
9.2419780369920232e+00	-1.1600390668154348e+00
9.2419663880813161e+00	-1.1600397484157192e+00
9.2417903951869125e+00	-1.1600478370743779e+00
9.2284152221459479e+00	-1.1607353447552435e+00
9.2268559009881557e+00	-1.1608169865090747e+00
9.2259217632619084e+00	-1.1608659645741928e+00
9.2238962285271224e+00	-1.1609726475067401e+00
9.2200638476455907e+00	-1.1611823479422938e+00
9.2107275169518541e+00	-1.1616956639386460e+00
9.2106260229391168e+00	-1.1617013894236967e+00
9.2105911101682132e+00	-1.1617030553720931e+00
9.2105825514642294e+00	-1.1617035406766423e+00
9.2104991556797575e+00	-1.1617075199086817e+00
9.2104129318295893e+00	-1.1617123448893960e+00
9.2099494650453195e+00	-1.1617344102705993e+00
9.2099477989872991e+00	-1.1617345030572246e+00
9.2098927488629130e+00	-1.1617371169408133e+00
9.2097697077558358e+00	-1.1617429748556056e+00
9.2097672660824657e+00	-1.1617431082913965e+00
9.2086513293644678e+00	-1.1617962373826647e+00
9.2086353098457341e+00	-1.1617970355681202e+00
9.2085476511254729e+00	-1.1618011734426881e+00
9.2068121322103131e+00	-1.1618838004782126e+00
9.2067136750263714e+00	-1.1618887187474500e+00
9.1993404567313757e+00	-1.1622397533369733e+00
9.1989633818535150e+00	-1.1622570994803993e+00
9.1989021557805035e+00	-1.1622600360637310e+00
9.1987681083595554e+00	-1.1622661910357062e+00
9.1986017169109804e+00	-1.1622742366330876e+00
9.1937760226564436e+00	-1.1624958150318889e+00
9.1927533806362298e+00	-1.1625427710488749e+00
9.1920060935929531e+00	-1.1625771476382323e+00
9.1817531370603067e+00	-1.1630479262602611e+00
9.1817290609796665e+00	-1.1630489678712450e+00
9.1809841458884467e+00	-1.1630831716737342e+00
9.1809359565264899e+00	-1.1630852072998681e+00
9.1805008016212764e+00	-1.1631051880367407e+00
9.1804680928305782e+00	-1.1631065856657199e+00
9.1804251849700442e+00	-1.1631084190954504e+00
9.1803144022316143e+00	-1.1631131527820930e+00
9.1799995272131643e+00	-1.1631275886429981e+00
9.1798414653883746e+00	-1.1631342387733115e+00
9.1797290237235618e+00	-1.1631393838128250e+00
9.1796392430432245e+00	-1.1631431790839883e+00
9.1796140336894343e+00	-1.1631443288814411e+00
9.1795794009184455e+00	-1.1631457781335706e+00
9.1795142192071619e+00	-1.1631487537652607e+00
9.1794614034341588e+00	-1.1631511703225914e+00
9.1794402348082365e+00	-1.1631520584717430e+00
9.1792787772964939e+00	-1.1631594276356083e+00
9.1791721860719324e+00	-1.1631639120014337e+00
9.1790929666845908e+00	-1.1631675396243160e+00
9.1789886494086605e+00	-1.1631718906622504e+00
9.1789544702440047e+00	-1.1631734471200308e+00
9.1789074817017084e+00	-1.1631754191294288e+00
9.1788345265556774e+00	-1.1631787456043217e+00
9.1787924966503649e+00	-1.1631805019637342e+00
9.1786869627244876e+00	-1.1631853015356330e+00
9.1786349572915409e+00	-1.1631874707677505e+00
9.1783227470076199e+00	-1.1632015969827525e+00
9.1783034952807867e+00	-1.1632024008902768e+00
9.1782292674559347e+00	-1.1632057534426408e+00
9.1780610876250801e+00	-1.1632127481878516e+00
9.1780257006393935e+00	-1.1632142242466879e+00
9.1779091086595042e+00	-1.1632194936315625e+00
9.1779014691935163e+00	-1.1632198110714005e+00
9.1777918243927861e+00	-1.1632247718765929e+00
9.1776812839458248e+00	-1.1632293595601462e+00
9.1776638125570091e+00	-1.1632301535694423e+00
9.1775486205053127e+00	-1.1632349340574475e+00
9.1775484927407014e+00	-1.1632349397912298e+00
9.1773444866001324e+00	-1.1632434060776933e+00
9.1772960357158446e+00	-1.1632455749896069e+00
9.1745624364120832e+00	-1.1633590197845403e+00
9.1744218349724260e+00	-1.1633651026684650e+00
9.1640891096983701e+00	-1.1637939123693617e+00
9.1568673559078526e+00	-1.1640936162713553e+00
9.1562145151566110e+00	-1.1641206454006334e+00
9.1519381775980229e+00	-1.1642981140723336e+00
9.1518554579935767e+00	-1.1643012159798463e+00
9.1518310043974047e+00	-1.1643021329667467e+00
9.1517799333055763e+00	-1.1643042474290266e+00
9.1516405215042376e+00	-1.1643100194026574e+00
9.1515590109204155e+00	-1.1643130668556554e+00
9.1494625252146022e+00	-1.1644007809797219e+00
9.1475761924032870e+00	-1.1644816698735860e+00
9.1386929234060563e+00	-1.1648906934193670e+00
9.1349972325288924e+00	-1.1650615586956641e+00
9.1313606049175124e+00	-1.1652350343878561e+00
9.1313408291548424e+00	-1.1652363060662461e+00
9.1309517765216519e+00	-1.1652549617580554e+00
9.1300293257690974e+00	-1.1653018089267233e+00
9.1287894182588776e+00	-1.1653665529334656e+00
9.1191491570192209e+00	-1.1658752214927890e+00
9.1110031824516593e+00	-1.1663129672346382e+00
9.1099303514621912e+00	-1.1663713201250110e+00
9.1096719953057512e+00	-1.1663857894816749e+00
9.1096467754286987e+00	-1.1663869521608483e+00
9.1092560925802157e+00	-1.1664088325354252e+00
9.1092398945758095e+00	-1.1664095188966146e+00
9.1091212451932595e+00	-1.1664161639104502e+00
9.1090832610594372e+00	-1.1664177510723843e+00
9.1090656029158392e+00	-1.1664187380227280e+00
9.1089589106534685e+00	-1.1664231907229621e+00
9.1089561884820807e+00	-1.1664233422478718e+00
9.1089399427337430e+00	-1.1664240202487486e+00
9.1089375925865639e+00	-1.1664241498560395e+00
9.1087319700140146e+00	-1.1664327313188052e+00
9.1049753633461918e+00	-1.1666006206677630e+00
9.1048644942226993e+00	-1.1666055876217620e+00
9.1004063157518100e+00	-1.1668183897727233e+00
9.0881483858282621e+00	-1.1674154362566322e+00
9.0881355541605711e+00	-1.1674161997101131e+00
9.0881223194175451e+00	-1.1674168381378087e+00
9.0880530750462238e+00	-1.1674209580119816e+00
9.0880350673430055e+00	-1.1674218171778321e+00
9.0879633102246196e+00	-1.1674260736627906e+00
9.0877253047021966e+00	-1.1674373453482640e+00
9.0876964601674004e+00	-1.1674390037343714e+00
9.0858350167943378e+00	-1.1675271596898056e+00
9.0761283669661221e+00	-1.1679868561823523e+00
9.0692029723758072e+00	-1.1683148354191655e+00
9.0691301072083981e+00	-1.1683181657883241e+00
9.0678294513245099e+00	-1.1683796886257178e+00
9.0671491271940550e+00	-1.1684118689059684e+00
9.0669611396145040e+00	-1.1684207609806763e+00
9.0665155383144622e+00	-1.1684376670523315e+00
9.0665073160597842e+00	-1.1684380428580061e+00
9.0656887832960784e+00	-1.1684690979145198e+00
9.0656351834226090e+00	-1.1684711787779727e+00
9.0626489201253460e+00	-1.1685891762714431e+00
9.0603840328495018e+00	-1.1686791210071741e+00
9.0589978793856254e+00	-1.1687348827556800e+00
9.0455208984489079e+00	-1.1692874942041835e+00
9.0442073654304398e+00	-1.1693419071660736e+00
9.0262767785901730e+00	-1.1701161521842287e+00
9.0253294467821288e+00	-1.1701577529393372e+00
9.0252975159643416e+00	-1.1701591007573999e+00
9.0252029575542601e+00	-1.1701632531580983e+00
9.0247447198079112e+00	-1.1701825172345002e+00
9.0246074989089227e+00	-1.1701885326457937e+00
9.0236219280681240e+00	-1.1702299495333333e+00
9.0232878148490716e+00	-1.1702445266151118e+00
9.0225694622128749e+00	-1.1702746902632484e+00
9.0224286715096653e+00	-1.1702807546602989e+00
9.0212436590991079e+00	-1.1703304816684752e+00
9.0203495438893171e+00	-1.1703684851322855e+00
9.0151856531283485e+00	-1.1705891901745873e+00
9.0102744947021378e+00	-1.1708028764850977e+00
9.0053524772527851e+00	-1.1710204252571945e+00
9.0024537145785626e+00	-1.1711501042478742e+00
9.0000651841898094e+00	-1.1712589079737035e+00
8.9996934114728830e+00	-1.1712758875388767e+00
8.9968863252337066e+00	-1.1714062350435259e+00
8.9943679976194968e+00	-1.1715267652101387e+00
8.9868126537700022e+00	-1.1718948087962080e+00
8.9852503233345509e+00	-1.1719715037394800e+00
8.9804648460238798e+00	-1.1722075858264900e+00
8.9795403658907897e+00	-1.1722542391753903e+00
8.9787689023596844e+00	-1.1722932935775636e+00
8.9697183150597439e+00	-1.1727528848628888e+00
8.9684700077138473e+00	-1.1728165144923186e+00
8.9632382739364189e+00	-1.1730836191519747e+00
8.9623571403430589e+00	-1.1731287002745969e+00
8.9612162593804143e+00	-1.1731876161976629e+00
8.9612051838213382e+00	-1.1731881242543747e+00
8.9611953827351147e+00	-1.1731886303895991e+00
8.9611680761552179e+00	-1.1731898735878363e+00
8.9606301813532578e+00	-1.1732176508668053e+00
8.9606266276623820e+00	-1.1732178107420104e+00
8.9603007861256394e+00	-1.1732346374360643e+00
8.9602716572457428e+00	-1.1732358843048900e+00
8.9602461543701537e+00	-1.1732372012919425e+00
8.9601633165125687e+00	-1.1732407281770096e+00
8.9600955089416399e+00	-1.1732442188824097e+00
8.9600949138672910e+00	-1.1732442451887186e+00
8.9600878372212520e+00	-1.1732446095113076e+00
8.9600581438681832e+00	-1.1732458706712408e+00
8.9599757137018230e+00	-1.1732495146418134e+00
8.9599754558588796e+00	-1.1732495279050745e+00
8.9566984063150503e+00	-1.1733945355093394e+00
8.9556490529480435e+00	-1.1734417443382810e+00
8.9481631274438183e+00	-1.1737797110216215e+00
8.9401016365405326e+00	-1.1741469825230848e+00
8.9387024688560803e+00	-1.1742115586470727e+00
8.9376320151005633e+00	-1.1742611115257384e+00
8.9353231628808025e+00	-1.1743686743598318e+00
8.9353124055822821e+00	-1.1743691116342627e+00
8.9345055325857778e+00	-1.1744067015438786e+00
8.9344794232089502e+00	-1.1744077408449334e+00
8.9340627305276499e+00	-1.1744271533674686e+00
8.9340617710719350e+00	-1.1744271910456303e+00
8.9339765237882780e+00	-1.1744311624732300e+00
8.9339564894722283e+00	-1.1744318884432750e+00
8.9338469197762578e+00	-1.1744369929826337e+00
8.9338340314453006e+00	-1.1744374542314564e+00
8.9337668716704606e+00	-1.1744405830136526e+00
8.9337318952301565e+00	-1.1744418203606855e+00
8.9337032219314025e+00	-1.1744431497605985e+00
8.9336432181067611e+00	-1.1744452673953445e+00
8.9296209956450738e+00	-1.1746113148699937e+00
8.9199265046299079e+00	-1.1750135812250257e+00
8.9133479503146873e+00	-1.1752939613528792e+00
8.9119019346165516e+00	-1.1753574868343530e+00
8.9064647039886502e+00	-1.1755999953457126e+00
8.9063979005720366e+00	-1.1756027520260901e+00
8.9063921514707616e+00	-1.1756030084444926e+00
8.9063416476027921e+00	-1.1756050889575169e+00
8.9062376833286105e+00	-1.1756097259175968e+00
8.9062348061450756e+00	-1.1756098425480703e+00
8.9060446491078444e+00	-1.1756183238326028e+00
8.9060287731560788e+00	-1.1756189691519070e+00
8.9060056416462974e+00	-1.1756200008513853e+00
8.9059818065280716e+00	-1.1756209778117823e+00
8.9055854158207453e+00	-1.1756386574224020e+00
8.9055154539541270e+00	-1.1756415074204234e+00
8.9054729194685578e+00	-1.1756434036722441e+00
8.9054596939055859e+00	-1.1756439419128342e+00
8.9054343846533257e+00	-1.1756450686813307e+00
8.9054052376385382e+00	-1.1756462310276903e+00
8.9053947604253043e+00	-1.1756466980071951e+00
8.9053590450875504e+00	-1.1756481465308917e+00
8.9053361919813998e+00	-1.1756491630135315e+00
8.9052391118191547e+00	-1.1756531138838218e+00
8.9051355820881444e+00	-1.1756577054225281e+00
8.9000999421399616e+00	-1.1758626408058570e+00
8.8999876236448454e+00	-1.1758672756914244e+00
8.8999328775286326e+00	-1.1758694398324983e+00
8.8991437886453593e+00	-1.1759015533740615e+00
8.8990226205945753e+00	-1.1759063176996085e+00
8.8980868451620321e+00	-1.1759444009420468e+00
8.8979557189461946e+00	-1.1759495073779609e+00
8.8977571280589771e+00	-1.1759575894291037e+00
8.8977207862706642e+00	-1.1759589975547720e+00
8.8972724641273988e+00	-1.1759772429160826e+00
8.8969970766296704e+00	-1.1759879977654057e+00
8.8969887970527139e+00	-1.1759883341642994e+00
8.8969695951471621e+00	-1.1759890908595081e+00
8.8938042215704698e+00	-1.1761170390855564e+00
8.8897318846772091e+00	-1.1762871872764875e+00
8.8864414598790855e+00	-1.1764302717114559e+00
8.8827058887837520e+00	-1.1765968874530557e+00
8.8794020999590764e+00	-1.1767481963560598e+00
8.8776297035278446e+00	-1.1768325533469102e+00
8.8764202106168497e+00	-1.1768904352292364e+00
8.8730650925678027e+00	-1.1770567518190336e+00
8.8673108650933479e+00	-1.1773469565463996e+00
8.8658002723817280e+00	-1.1774248768625106e+00
8.8642636468307678e+00	-1.1775060159857642e+00
8.8571203166912600e+00	-1.1778841517600815e+00
8.8529829180331792e+00	-1.1781036676387335e+00
8.8529304260063437e+00	-1.1781058619661000e+00
8.8528918820626412e+00	-1.1781079062114370e+00
8.8527401542433424e+00	-1.1781142249838181e+00
8.8527153970272554e+00	-1.1781155204075158e+00
8.8523018348914508e+00	-1.1781327433862268e+00
8.8522890028461418e+00	-1.1781334091420765e+00
8.8476338754365642e+00	-1.1783272739892912e+00
8.8472286925893897e+00	-1.1783442118723102e+00
8.8393228123259213e+00	-1.1786734557650169e+00
8.8347892638326257e+00	-1.1788636900711744e+00
8.8302039073447034e+00	-1.1790567765362407e+00
8.8294946089221966e+00	-1.1790867126334839e+00
8.8240940360713136e+00	-1.1793156439691754e+00
8.8209977176748744e+00	-1.1794474264278576e+00
8.8207131484138461e+00	-1.1794595654635089e+00
8.8154547963179706e+00	-1.1796844525818035e+00
8.8144078459244106e+00	-1.1797294480672427e+00
8.8134933316943318e+00	-1.1797688711165699e+00
8.8059266421469395e+00	-1.1800950573753057e+00
8.8058941258815384e+00	-1.1800963952250614e+00
8.8052434867200802e+00	-1.1801244430989082e+00
8.8022840777638560e+00	-1.1802520178499871e+00
8.8022571602049791e+00	-1.1802529924719958e+00
8.8014281188976184e+00	-1.1802887309386914e+00
8.8014276789669470e+00	-1.1802887451518738e+00
8.8012933551590233e+00	-1.1802945356075403e+00
8.8012898309878107e+00	-1.1802946496082893e+00
8.8012725774713179e+00	-1.1802953933760836e+00
8.8012584651474253e+00	-1.1802958519206601e+00
8.8012176904297519e+00	-1.1802976096447646e+00
8.8012160446325289e+00	-1.1802976619250820e+00
8.8011222420997193e+00	-1.1803017055820928e+00
8.8011212502122653e+00	-1.1803017369039099e+00
8.8011040457871843e+00	-1.1803024785554626e+00
8.8010740310002600e+00	-1.1803034243348589e+00
8.8010420139461072e+00	-1.1803047988325532e+00
8.8010260409468852e+00	-1.1803053002472248e+00
8.8010006799246643e+00	-1.1803063861006831e+00
8.8009515660091981e+00	-1.1803079278548303e+00
8.8009506650769769e+00	-1.1803079662985232e+00
8.8009502471345584e+00	-1.1803079794183173e+00
8.8009470829700369e+00	-1.1803081142287264e+00
8.8001085611087291e+00	-1.1803344365967345e+00
8.8000885510969145e+00	-1.1803352598889880e+00
8.7942486744838018e+00	-1.1805185817419124e+00
8.7922040343626584e+00	-1.1805827658403794e+00
8.7897810902402949e+00	-1.1806611932533866e+00
8.7891649021533862e+00	-1.1806812811773149e+00
8.7880455994251516e+00	-1.1807181350923994e+00
8.7857828390384096e+00	-1.1807959112864255e+00
8.7803899824427827e+00	-1.1809879902975575e+00
8.7755992724147447e+00	-1.1811717556435832e+00
8.7699877920045708e+00	-1.1814004917948111e+00
8.7635472569609814e+00	-1.1816728404800838e+00
8.7616493804819342e+00	-1.1817575613715900e+00
8.7610438729790783e+00	-1.1817848178751587e+00
8.7600338194602667e+00	-1.1818308474847825e+00
8.7593053828133129e+00	-1.1818644491265780e+00
8.7576288938969409e+00	-1.1819419008813543e+00
8.7527593724026733e+00	-1.1821673993770589e+00
8.7441664875845682e+00	-1.1825659299672413e+00
8.7422298404191139e+00	-1.1826558865737893e+00
8.7397777500225100e+00	-1.1827699867372110e+00
8.7394975165685960e+00	-1.1827830440995133e+00
8.7358557327825839e+00	-1.1829528582217603e+00
8.7241213024530069e+00	-1.1835000274398062e+00
8.7239123705324211e+00	-1.1835093144755873e+00
8.7238017441316309e+00	-1.1835144729161349e+00
8.7237958736720511e+00	-1.1835147325865929e+00
8.7236394500167087e+00	-1.1835220265247539e+00
8.7236382186682775e+00	-1.1835220810633567e+00
8.7235998476996457e+00	-1.1835238702778572e+00
8.7235645904085732e+00	-1.1835254292068509e+00
8.7233355600114066e+00	-1.1835361041043311e+00
8.7229190985578864e+00	-1.1835544853318298e+00
8.7228742972705522e+00	-1.1835565711511247e+00
8.7228407616538846e+00	-1.1835580513020343e+00
8.7228013208697224e+00	-1.1835598848532443e+00
8.7218975536253609e+00	-1.1835997741423585e+00
8.7218081092245292e+00	-1.1836038989622377e+00
8.7184576261543913e+00	-1.1837517781741600e+00
8.7182538106494221e+00	-1.1837608377849751e+00
8.7064528127919338e+00	-1.1842816946962111e+00
8.7063849649686773e+00	-1.1842846254038204e+00
8.7055157062820925e+00	-1.1843229915996309e+00
8.6991267403600574e+00	-1.1846049793684901e+00
8.6990752997161600e+00	-1.1846070829143474e+00
8.6983469774120241e+00	-1.1846392286456064e+00
8.6983441509919786e+00	-1.1846393432273525e+00
8.6977531330593152e+00	-1.1846654287989804e+00
8.6976957865287527e+00	-1.1846677478562950e+00
8.6974174320719229e+00	-1.1846800278530292e+00
8.6963989380055953e+00	-1.1847211086973422e+00
8.6963823537039140e+00	-1.1847218303012164e+00
8.6945857553965702e+00	-1.1847942958931101e+00
8.6945175092339930e+00	-1.1847972438071090e+00
8.6896693665967053e+00	-1.1849927930984341e+00
8.6877045545201383e+00	-1.1850722886482243e+00
8.6792839844647620e+00	-1.1854137663880064e+00
8.6719041206348226e+00	-1.1857135790615827e+00
8.6711685282579403e+00	-1.1857435944277206e+00
8.6711470819199263e+00	-1.1857444056702338e+00
8.6703087746332379e+00	-1.1857786122511291e+00
8.6702663014025170e+00	-1.1857801863902997e+00
8.6701136521052486e+00	-1.1857864151450994e+00
8.6701089063822891e+00	-1.1857865907288392e+00
8.6699364325328734e+00	-1.1857936284115316e+00
8.6699329484971184e+00	-1.1857937571127937e+00
8.6694792245326173e+00	-1.1858122710226002e+00
8.6694639403024993e+00	-1.1858128292990515e+00
8.6694153557775717e+00	-1.1858148117588352e+00
8.6693847024469708e+00	-1.1858159364162932e+00
8.6693308627974570e+00	-1.1858181328716748e+00
8.6689444640698952e+00	-1.1858322076025920e+00
8.6684369375487513e+00	-1.1858511218088108e+00
8.6680129910382160e+00	-1.1858670246242911e+00
8.6637018965671562e+00	-1.1860289515869100e+00
8.6557150297349601e+00	-1.1863300257395482e+00
8.6472865389706062e+00	-1.1866782272110301e+00
8.6385211201699263e+00	-1.1870434860186441e+00
8.6382177887188192e+00	-1.1870565887408406e+00
8.6380487839004321e+00	-1.1870648011423370e+00
8.6380063647727514e+00	-1.1870664195976681e+00
8.6380007451458702e+00	-1.1870667035263684e+00
8.6379184327056926e+00	-1.1870698440673202e+00
8.6378964140672743e+00	-1.1870709309755116e+00
8.6378034757727669e+00	-1.1870744769342909e+00
8.6377919548171249e+00	-1.1870750478450860e+00
8.6364371809064551e+00	-1.1871267377590011e+00
8.6230321539492145e+00	-1.1876425715913934e+00
8.6216254764821230e+00	-1.1876969158113688e+00
8.6216135187068677e+00	-1.1876973447982890e+00
8.6211946273366955e+00	-1.1877136159083508e+00
8.6211067482846033e+00	-1.1877167540081530e+00
8.6210813105331159e+00	-1.1877177366580118e+00
8.6207837157487202e+00	-1.1877292962121959e+00
8.6207802398760531e+00	-1.1877294194925847e+00
8.6205080019702063e+00	-1.1877399883282216e+00
8.6202331093473461e+00	-1.1877498226272658e+00
8.6198464290620240e+00	-1.1877644733500752e+00
8.6189714941339304e+00	-1.1877977084684548e+00
8.6157883983462416e+00	-1.1879193332358788e+00
8.6118838540998439e+00	-1.1880704820608412e+00
8.6116654537003807e+00	-1.1880789571658457e+00
8.6099793319695532e+00	-1.1881450189451648e+00
8.6099421399649909e+00	-1.1881464793348830e+00
8.6073328304605141e+00	-1.1882514775640327e+00
8.6060066428137887e+00	-1.1883050644950635e+00
8.5977149213972925e+00	-1.1886463317339171e+00
8.5976918531282109e+00	-1.1886473683891796e+00
8.5976849498863128e+00	-1.1886476147384790e+00
8.5972218905757742e+00	-1.1886684239664909e+00
8.5972074191661072e+00	-1.1886689153097252e+00
8.5970490203558843e+00	-1.1886760335273783e+00
8.5969798757703213e+00	-1.1886783307522624e+00
8.5969676986425601e+00	-1.1886788756886804e+00
8.5969488785593402e+00	-1.1886794961488536e+00
8.5969363914516546e+00	-1.1886800544542666e+00
8.5969126408542955e+00	-1.1886808374635436e+00
8.5969042643725775e+00	-1.1886812082569109e+00
8.5968808665389762e+00	-1.1886819796362786e+00
8.5968792434270345e+00	-1.1886820518068313e+00
8.5968696644892848e+00	-1.1886823676050831e+00
8.5968685966757938e+00	-1.1886824146032937e+00
8.5967706745593802e+00	-1.1886856428979093e+00
8.5967619114776532e+00	-1.1886860283969101e+00
8.5966382083127062e+00	-1.1886901066406814e+00
8.5966368437245322e+00	-1.1886901655279642e+00
8.5965806898451618e+00	-1.1886920168080739e+00
8.5965425008592611e+00	-1.1886933170974681e+00
8.5958418664849745e+00	-1.1887188436534353e+00
8.5925247548227119e+00	-1.1888466281647903e+00
8.5879577409982115e+00	-1.1890231294127562e+00
8.5800135386200651e+00	-1.1893327546231596e+00
8.5798943262932887e+00	-1.1893377268928529e+00
8.5759576084661422e+00	-1.1895061887007996e+00
8.5703416767847234e+00	-1.1897533999989398e+00
8.5700216987991968e+00	-1.1897679347644317e+00
8.5659956674134392e+00	-1.1899520453989036e+00
8.5650468559146962e+00	-1.1899957116746156e+00
8.5621603334884711e+00	-1.1901317685605377e+00
8.5597838327447491e+00	-1.1902449994006270e+00
8.5563856105775375e+00	-1.1904100824319204e+00
8.5560346236478004e+00	-1.1904272358249328e+00
8.5538472600662363e+00	-1.1905350039247542e+00
8.5532327634502376e+00	-1.1905662350304347e+00
8.5524000404249438e+00	-1.1906085572501648e+00
8.5523976471865275e+00	-1.1906086149932891e+00
8.5523229756173293e+00	-1.1906124100925757e+00
8.5522219069319849e+00	-1.1906145382448727e+00
8.5522190520625259e+00	-1.1906146719062738e+00
8.5522017548746607e+00	-1.1906150351998124e+00
8.5521998871243117e+00	-1.1906151257756106e+00
8.5519230950119187e+00	-1.1906209392515779e+00
8.5516357545656074e+00	-1.1906279070467816e+00
8.5512490958581093e+00	-1.1906377191729955e+00
8.5483306131108225e+00	-1.1907133222545851e+00
8.5445424794755169e+00	-1.1908188226065310e+00
8.5382823008033348e+00	-1.1910130241157619e+00
8.5376405460322609e+00	-1.1910354902638964e+00
8.5319727041823192e+00	-1.1912463710110388e+00
8.5281469327483901e+00	-1.1913975870104903e+00
8.5237488324343680e+00	-1.1915837576189248e+00
8.5213976827133369e+00	-1.1916863550400851e+00
8.5198861010088489e+00	-1.1917545639122729e+00
8.5193446623645350e+00	-1.1917791360251744e+00
8.5189276871388770e+00	-1.1917984149628360e+00
8.5189230430350289e+00	-1.1917985658076002e+00
8.5189022732191440e+00	-1.1917995261044261e+00
8.5188859277121072e+00	-1.1918000533941224e+00
8.5186021031506822e+00	-1.1918131760826896e+00
8.5185941247072439e+00	-1.1918134311130593e+00
8.5184654919847862e+00	-1.1918193784741611e+00
8.5184630308485421e+00	-1.1918194569430287e+00
8.5184471134723356e+00	-1.1918201928862808e+00
8.5184451921178912e+00	-1.1918202531008104e+00
8.5184284970921844e+00	-1.1918210249988515e+00
8.5184240015626163e+00	-1.1918211662670262e+00
8.5184236528057031e+00	-1.1918211823918758e+00
8.5184125241381832e+00	-1.1918215319610097e+00
8.5184049771547592e+00	-1.1918218808973828e+00
8.5183989770239332e+00	-1.1918220684627849e+00
8.5183758449848401e+00	-1.1918231352004971e+00
8.5183104206936520e+00	-1.1918251780119120e+00
8.5182954914296598e+00	-1.1918258523126153e+00
8.5179602794673599e+00	-1.1918363189880745e+00
8.5179598678005579e+00	-1.1918363365913152e+00
8.5179182888658573e+00	-1.1918376348540993e+00
8.5179129049347058e+00	-1.1918378573156274e+00
8.5164312479032613e+00	-1.1918841206505739e+00
8.5134679338403725e+00	-1.1919766473204674e+00
8.5127562053161245e+00	-1.1919988703683182e+00
8.5126009391830362e+00	-1.1920039135551184e+00
8.5082841583909588e+00	-1.1921387009394029e+00
8.5060365421296975e+00	-1.1922109474765534e+00
8.5040155591266906e+00	-1.1922800871964065e+00
8.4950391905210800e+00	-1.1926050985145502e+00
8.4888975016246135e+00	-1.1928466417228609e+00
8.4850269680777739e+00	-1.1930042148266458e+00
8.4801384777069337e+00	-1.1932177326472111e+00
8.4766348050549460e+00	-1.1933773311706042e+00
8.4695940684136186e+00	-1.1937083744758714e+00
8.4695484710719136e+00	-1.1937103869934536e+00
8.4668701836676838e+00	-1.1938363154523519e+00
8.4668298176379686e+00	-1.1938379489322115e+00
8.4667508831939973e+00	-1.1938416602937583e+00
8.4667493964388516e+00	-1.1938417205250413e+00
8.4666695355078261e+00	-1.1938454754484131e+00
8.4666572709731245e+00	-1.1938459725921238e+00
8.4665430375987825e+00	-1.1938513422847337e+00
8.4665288366570941e+00	-1.1938519139985722e+00
8.4665217752717918e+00	-1.1938522455689988e+00
8.4662807062253762e+00	-1.1938619507359463e+00
8.4662761073497634e+00	-1.1938621663439737e+00
8.4661548534900533e+00	-1.1938670478871207e+00
8.4661252958250675e+00	-1.1938684202013099e+00
8.4649608402847178e+00	-1.1939152998633398e+00
8.4649187674104471e+00	-1.1939172415594586e+00
8.4599210282408830e+00	-1.1941184448815816e+00
8.4549521971934318e+00	-1.1943184843954289e+00
8.4547803200812055e+00	-1.1943252087613596e+00
8.4512407549585102e+00	-1.1944677076468344e+00
8.4512268809603199e+00	-1.1944682307041563e+00
8.4510904907786664e+00	-1.1944737216184922e+00
8.4510878316579934e+00	-1.1944738185062795e+00
8.4504316840833429e+00	-1.1945002342649544e+00
8.4504194396910357e+00	-1.1945006344596916e+00
8.4494987993564994e+00	-1.1945376983975051e+00
8.4494847908361059e+00	-1.1945381465612008e+00
8.4494299567898157e+00	-1.1945403541178390e+00
8.4494109587569159e+00	-1.1945409581251909e+00
8.4494029832099802e+00	-1.1945412785915051e+00
8.4492441498923689e+00	-1.1945463279567063e+00
8.4492263708614317e+00	-1.1945470328503673e+00
8.4489308421672131e+00	-1.1945564278080940e+00
8.4487194699905768e+00	-1.1945635594713413e+00
8.4439928566213851e+00	-1.1947411461985498e+00
8.4358890074039508e+00	-1.1950657271772374e+00
8.4338418515903086e+00	-1.1951497003893818e+00
8.4292462603685383e+00	-1.1953535698121880e+00
8.4225291231968864e+00	-1.1956770640422376e+00
8.4209743551621727e+00	-1.1957544057298732e+00
8.4202103333716547e+00	-1.1957925258214686e+00
8.4160738893178255e+00	-1.1960023364432204e+00
8.4160603018113118e+00	-1.1960029472891069e+00
8.4156449415314238e+00	-1.1960243428659754e+00
8.4156005532272840e+00	-1.1960263324025548e+00
8.4155416177584428e+00	-1.1960293671951514e+00
8.4154399262345088e+00	-1.1960339189989244e+00
8.4154361478698139e+00	-1.1960341131258092e+00
8.4153678481113889e+00	-1.1960371702842238e+00
8.4153568103322005e+00	-1.1960377338821213e+00
8.4153141034771437e+00	-1.1960396454792384e+00
8.4152415746734004e+00	-1.1960433340615400e+00
8.4120202624370339e+00	-1.1961875228849990e+00
8.4071906512235905e+00	-1.1964037006124384e+00
8.3943545485158744e+00	-1.1969782560766151e+00
8.3895815480871683e+00	-1.1971918998545807e+00
8.3895635457429840e+00	-1.1971924749053631e+00
8.3891482243805022e+00	-1.1972110650618644e+00
8.3891412137583146e+00	-1.1972112644615043e+00
8.3888913966859100e+00	-1.1972224464976147e+00
8.3888878400373255e+00	-1.1972225442650839e+00
8.3888524938871889e+00	-1.1972241263904502e+00
8.3888387600432335e+00	-1.1972244948402204e+00
8.3888092088788699e+00	-1.1972258120337731e+00
8.3887845667722818e+00	-1.1972264653338376e+00
8.3887831650086486e+00	-1.1972265275654490e+00
8.3884040985343766e+00	-1.1972365771994449e+00
8.3884022877657660e+00	-1.1972366527906091e+00
8.3882934738395853e+00	-1.1972395376147917e+00
8.3882857395022299e+00	-1.1972398739559247e+00
8.3870739444443121e+00	-1.1972720005026827e+00
8.3870621926666420e+00	-1.1972723758909585e+00
8.3845424747155572e+00	-1.1973391774809168e+00
8.3777718329302893e+00	-1.1975186775857203e+00
8.3768270615729961e+00	-1.1975441574937129e+00
8.3748008279521891e+00	-1.1975997250280426e+00
8.3670314555038878e+00	-1.1978168661383457e+00
8.3625781215953747e+00	-1.1979451919219573e+00
8.3593249095340916e+00	-1.1980414567564137e+00
8.3567243035057537e+00	-1.1981202299972575e+00
8.3555578714668215e+00	-1.1981614980480362e+00
8.3545631256101149e+00	-1.1981969311671716e+00
8.3475858594451022e+00	-1.1984529659010281e+00
8.3412067506920646e+00	-1.1987058669197719e+00
8.3411899637540703e+00	-1.1987066127029753e+00
8.3351026027972104e+00	-1.1989918829780541e+00
8.3340373756179087e+00	-1.1990420167352973e+00
8.3326725692750312e+00	-1.1991075564093481e+00
8.3301015102590945e+00	-1.1992330291019944e+00
8.3296597556190761e+00	-1.1992550171913801e+00
8.3294480543751579e+00	-1.1992668286319828e+00
8.3294339541297813e+00	-1.1992676280608050e+00
8.3294329434890617e+00	-1.1992676717131583e+00
8.3294107746845665e+00	-1.1992689085765451e+00
8.3293915123761995e+00	-1.1992697391183533e+00
8.3293511006183270e+00	-1.1992720752746620e+00
8.3292825881408259e+00	-1.1992750207955134e+00
8.3292747920767738e+00	-1.1992754646624588e+00
8.3292485750367433e+00	-1.1992765917978492e+00
8.3292469406366862e+00	-1.1992766850177912e+00
8.3291741489678142e+00	-1.1992798145116630e+00
8.3291687525607951e+00	-1.1992801163957352e+00
8.3291463948759148e+00	-1.1992810776079028e+00
8.3291422979149186e+00	-1.1992813102278796e+00
8.3289032667661900e+00	-1.1992915867681306e+00
8.3287985588689502e+00	-1.1992961472609420e+00
8.3287902447434590e+00	-1.1992966023737197e+00
8.3287360495938874e+00	-1.1992989323572343e+00
8.3287352400699124e+00	-1.1992989758730366e+00
8.3286092555876667e+00	-1.1993043922575106e+00
8.3283841383833099e+00	-1.1993141971090953e+00
8.3283785742412952e+00	-1.1993144868509398e+00
8.3282942282867793e+00	-1.1993181130921273e+00
8.3281912390526180e+00	-1.1993225987295473e+00
8.3256583269856872e+00	-1.1994334558363697e+00
8.3206151893611242e+00	-1.1996552965124809e+00
8.3121191727721087e+00	-1.2000303929021150e+00
8.3116028408643032e+00	-1.2000533335492576e+00
8.3112888887888641e+00	-1.2000674684114936e+00
8.3112756682021089e+00	-1.2000679997606316e+00
8.3106373267150246e+00	-1.2000967393985740e+00
8.3106240837322094e+00	-1.2000971071932067e+00
8.3105842210006973e+00	-1.2000989019073123e+00
8.3105817987084531e+00	-1.2000989695832156e+00
8.3105288401581578e+00	-1.2001013539019418e+00
8.3105230513427646e+00	-1.2001015416294956e+00
8.3102418190611687e+00	-1.2001142033695114e+00
8.3102390508899902e+00	-1.2001142792907442e+00
8.3100889918454577e+00	-1.2001210353025296e+00
8.3100813223299639e+00	-1.2001212419556893e+00
8.3100561364841727e+00	-1.2001223748088912e+00
8.3099719669533894e+00	-1.2001246276988404e+00
8.3099680040134452e+00	-1.2001248015060628e+00
8.3099386382112641e+00	-1.2001255875140158e+00
8.3099279956275325e+00	-1.2001260555565980e+00
8.3096381297269808e+00	-1.2001338141358353e+00
8.3096215405296938e+00	-1.2001344808729357e+00
8.3079535935656654e+00	-1.2001791253056182e+00
8.3029140957992631e+00	-1.2003140129990750e+00
8.3015790465771033e+00	-1.2003501707074480e+00
8.2948931293212098e+00	-1.2005349248092976e+00
8.2930046660345322e+00	-1.2005873997295275e+00
8.2913655644596105e+00	-1.2006333792995914e+00
8.2885707779280047e+00	-1.2007130914456121e+00
8.2818233057492847e+00	-1.2009120890348564e+00
8.2817033263213933e+00	-1.2009161021525732e+00
8.2812547886606680e+00	-1.2009312548243076e+00
8.2805426554907005e+00	-1.2009556376485879e+00
8.2799453933217837e+00	-1.2009763975766612e+00
8.2775834988770143e+00	-1.2010642515357322e+00
8.2770225839345830e+00	-1.2010858984101072e+00
8.2722961764427705e+00	-1.2012789221066671e+00
8.2635484171909095e+00	-1.2016780237093283e+00
8.2625349512275683e+00	-1.2017281430889668e+00
8.2605126241913478e+00	-1.2018297206122333e+00
8.2583754337517217e+00	-1.2019425231362566e+00
8.2549678708433092e+00	-1.2021276431720980e+00
8.2545221875104229e+00	-1.2021527169713013e+00
8.2539231520118062e+00	-1.2021875593225213e+00
8.2539135479426200e+00	-1.2021879407670353e+00
8.2537831459058832e+00	-1.2021955254820884e+00
8.2537756706842593e+00	-1.2021958061957372e+00
8.2537600673674252e+00	-1.2021967137483722e+00
8.2537583889477872e+00	-1.2021967759070946e+00
8.2536893625607579e+00	-1.2022007907636862e+00
8.2536870710620764e+00	-1.2022008804142568e+00
8.2536633312883527e+00	-1.2022022612164560e+00
8.2536620568461174e+00	-1.2022023072252628e+00
8.2535421996799627e+00	-1.2022092741299668e+00
8.2534807591423895e+00	-1.2022114635229446e+00
8.2534757166320372e+00	-1.2022117533082337e+00
8.2534377308838209e+00	-1.2022131069052835e+00
8.2534329644949427e+00	-1.2022133739319965e+00
8.2532397584670125e+00	-1.2022202587011981e+00
8.2532277569162567e+00	-1.2022209342149206e+00
8.2494262634529978e+00	-1.2023563979237739e+00
8.2493815862074094e+00	-1.2023579261192203e+00
8.2476545819020277e+00	-1.2024194667770365e+00
8.2476422399228095e+00	-1.2024197397582264e+00
8.2470855009552189e+00	-1.2024395787836362e+00
8.2470482129313432e+00	-1.2024403834655844e+00
8.2470431583514578e+00	-1.2024405635822002e+00
8.2470314801450293e+00	-1.2024408097932013e+00
8.2469972095163264e+00	-1.2024420224430126e+00
8.2469842789542014e+00	-1.2024422939653325e+00
8.2469838525314145e+00	-1.2024423091183687e+00
8.2469608419569163e+00	-1.2024427923057590e+00
8.2469374291406332e+00	-1.2024436120233106e+00
8.2467797103685800e+00	-1.2024469238798607e+00
8.2467649378276562e+00	-1.2024474291780158e+00
8.2461788127195348e+00	-1.2024597369220671e+00
8.2439750045329649e+00	-1.2025083115903763e+00
8.2401659717507947e+00	-1.2025930580334312e+00
8.2369832022525262e+00	-1.2026729253216877e+00
8.2304264899868809e+00	-1.2028461266442596e+00
8.2300837739300512e+00	-1.2028560321296125e+00
8.2166350250182383e+00	-1.2032525985604718e+00
8.2133510002823673e+00	-1.2033513999465264e+00
8.2128568414842551e+00	-1.2033660350751849e+00
8.2128561488622847e+00	-1.2033660571540366e+00
8.2124223128827278e+00	-1.2033791093078867e+00
8.2122831071313787e+00	-1.2033834641632863e+00
8.2026636083931557e+00	-1.2036728711820894e+00
8.2006018045163351e+00	-1.2037349014946437e+00
8.2005775669750047e+00	-1.2037354023844147e+00
8.2005632625533149e+00	-1.2037358327394829e+00
8.2005499942777362e+00	-1.2037360939742856e+00
8.2005283634817197e+00	-1.2037367447466760e+00
8.2005244170777800e+00	-1.2037368235045454e+00
8.2005044331966950e+00	-1.2037374247287469e+00
8.2004983724985969e+00	-1.2037375405114792e+00
8.2003577100117226e+00	-1.2037417724067256e+00
8.2003397937317448e+00	-1.2037421185212334e+00
8.2002953990775200e+00	-1.2037434541547085e+00
8.2002360953653319e+00	-1.2037445784879048e+00
8.2001734507746402e+00	-1.2037464553730821e+00
8.1997255042766870e+00	-1.2037549359917012e+00
8.1997072444107300e+00	-1.2037554767803882e+00
8.1993073014488296e+00	-1.2037630485858266e+00
8.1983361471836531e+00	-1.2037832410931650e+00
8.1975347791412609e+00	-1.2038012997939458e+00
8.1901304107260753e+00	-1.2039822026684444e+00
8.1885802646616934e+00	-1.2040253884608678e+00
8.1864812623508332e+00	-1.2040880907651372e+00
8.1852651450149718e+00	-1.2041254490354374e+00
8.1847594225254134e+00	-1.2041420217014378e+00
8.1820138513852072e+00	-1.2042386264851976e+00
8.1737344828871876e+00	-1.2045872825287129e+00
8.1697609870288677e+00	-1.2047716454281214e+00
8.1667180007745674e+00	-1.2049271810677271e+00
8.1665695559352507e+00	-1.2049353886448992e+00
8.1665668773538656e+00	-1.2049354728391317e+00
8.1663647610927548e+00	-1.2049466479316338e+00
8.1662927598357857e+00	-1.2049483889149550e+00
8.1662878186192049e+00	-1.2049486599373698e+00
8.1660381005497573e+00	-1.2049545493506153e+00
8.1660367563126179e+00	-1.2049546061203087e+00
8.1659913182125887e+00	-1.2049556777437949e+00
8.1657246101944008e+00	-1.2049621267174775e+00
8.1657017509252992e+00	-1.2049626658361825e+00
8.1656936183131759e+00	-1.2049629214636726e+00
8.1643454150351733e+00	-1.2049947178261091e+00
8.1624946720703964e+00	-1.2050411885355869e+00
8.1543512784535022e+00	-1.2052586941185943e+00
8.1481606147701520e+00	-1.2054369737229078e+00
8.1457174019833367e+00	-1.2055112252570090e+00
8.1411749383665075e+00	-1.2056523322761310e+00
8.1409903037976346e+00	-1.2056582243359895e+00
8.1356017230464488e+00	-1.2058658495552597e+00
8.1344070320098396e+00	-1.2059140566765030e+00
8.1321173420271951e+00	-1.2060071951304214e+00
8.1317327393727830e+00	-1.2060228580288115e+00
8.1244603308262704e+00	-1.2063210200832148e+00
8.1229802433621501e+00	-1.2063858078867267e+00
8.1228336963623438e+00	-1.2063926658668207e+00
8.1228213514342329e+00	-1.2063930602582633e+00
8.1227606608979208e+00	-1.2063959004016336e+00
8.1227563026419496e+00	-1.2063960404107827e+00
8.1227487262604505e+00	-1.2063963949637493e+00
8.1227330476182100e+00	-1.2063969128894030e+00
8.1226991133363420e+00	-1.2063985009166560e+00
8.1226967348319832e+00	-1.2063985777625734e+00
8.1226072498137984e+00	-1.2064027483161632e+00
8.1225300556890954e+00	-1.2064051864821468e+00
8.1225286621790627e+00	-1.2064052503301315e+00
8.1224259638603691e+00	-1.2064084940426312e+00
8.1224226603970031e+00	-1.2064086417197979e+00
8.1223782827661282e+00	-1.2064100433812643e+00
8.1223662281664168e+00	-1.2064105994379097e+00
8.1218414338484486e+00	-1.2064271749954327e+00
8.1218385794129375e+00	-1.2064273006354904e+00
8.1214389923063148e+00	-1.2064399215401849e+00
8.1214078281880209e+00	-1.2064411010059712e+00
8.1145549004434265e+00	-1.2066575498015140e+00
8.1145265858589575e+00	-1.2066583802738198e+00
8.1113668449415908e+00	-1.2067581802631500e+00
8.1112645515349584e+00	-1.2067609742613101e+00
8.1111010082189008e+00	-1.2067661303695121e+00
8.1106802245357592e+00	-1.2067775414800621e+00
8.1106777426706689e+00	-1.2067776189459487e+00
8.1078057608123242e+00	-1.2068555033882322e+00
8.1077014851301428e+00	-1.2068585618144057e+00
8.1040975178938126e+00	-1.2069564468210552e+00
8.1024511190963437e+00	-1.2070053080251206e+00
8.0994104632964969e+00	-1.2070981706160473e+00
8.0957453106637693e+00	-1.2072211876937058e+00
8.0905562030480844e+00	-1.2074106904005060e+00
8.0885351344883336e+00	-1.2074862521132956e+00
8.0797621605877037e+00	-1.2078594683519739e+00
8.0784619078103308e+00	-1.2079177139541686e+00
8.0746886812355640e+00	-1.2080964495116089e+00
8.0745124591113377e+00	-1.2081053929632486e+00
8.0743745323664431e+00	-1.2081113658344245e+00
8.0743579608068163e+00	-1.2081122012828041e+00
8.0742869861011517e+00	-1.2081151569959205e+00
8.0742751811008855e+00	-1.2081156682074763e+00
8.0742136057874490e+00	-1.2081183347056601e+00
8.0741812858360724e+00	-1.2081197343102557e+00
8.0741432014999699e+00	-1.2081216346036321e+00
8.0741402731016763e+00	-1.2081217487819038e+00
8.0741267850569081e+00	-1.2081224290463930e+00
8.0738812447924708e+00	-1.2081330290509862e+00
8.0738485636136694e+00	-1.2081346239539026e+00
8.0737917024563171e+00	-1.2081368946050806e+00
8.0736805371376761e+00	-1.2081416936260920e+00
8.0736721652782464e+00	-1.2081421077244789e+00
8.0736593562661287e+00	-1.2081426080070234e+00
8.0736094881584357e+00	-1.2081447608196052e+00
8.0736080499553022e+00	-1.2081448299260851e+00
8.0736066517104934e+00	-1.2081448832694255e+00
8.0727566837105353e+00	-1.2081815764966006e+00
8.0726958741351087e+00	-1.2081844495736183e+00
8.0726723029104530e+00	-1.2081852192265232e+00
8.0726196941109389e+00	-1.2081874903551211e+00
8.0726137062344439e+00	-1.2081877660382152e+00
8.0726117451739476e+00	-1.2081878335117469e+00
8.0719468794875393e+00	-1.2082165358483921e+00
8.0719467832720202e+00	-1.2082165383086640e+00
8.0718833293679673e+00	-1.2082192776218108e+00
8.0718579440110663e+00	-1.2082199209980051e+00
8.0718511520790717e+00	-1.2082202142065772e+00
8.0718388905869407e+00	-1.2082205174258949e+00
8.0718035379924160e+00	-1.2082220385051285e+00
8.0718029414448083e+00	-1.2082220530729206e+00
8.0717888480990556e+00	-1.2082226802263394e+00
8.0716099736031470e+00	-1.2082270483713506e+00
8.0715933763147092e+00	-1.2082277028864128e+00
8.0713985756763620e+00	-1.2082324599504777e+00
8.0713883347484590e+00	-1.2082328689040778e+00
8.0706928510406417e+00	-1.2082498527321710e+00
8.0706850975453417e+00	-1.2082501059010355e+00
8.0686739169736690e+00	-1.2082992192658921e+00
8.0629264209260878e+00	-1.2084395740775744e+00
8.0603217609908437e+00	-1.2085040782400978e+00
8.0574502326851203e+00	-1.2085780041116307e+00
8.0562210356209256e+00	-1.2086101317296212e+00
8.0500903899339864e+00	-1.2087752572025308e+00
8.0498150822603325e+00	-1.2087829439519298e+00
8.0412071324029579e+00	-1.2090295079319258e+00
8.0370961405597736e+00	-1.2091676467648640e+00
8.0335238751720581e+00	-1.2092934338096417e+00
8.0298704456666794e+00	-1.2094265243938154e+00
8.0211746874627874e+00	-1.2097518747202598e+00
8.0210101771284794e+00	-1.2097584538543664e+00
8.0209769227115970e+00	-1.2097594062486761e+00
8.0209475313516343e+00	-1.2097605816745214e+00
8.0208677258649725e+00	-1.2097628440316464e+00
8.0208351278819610e+00	-1.2097641324055151e+00
8.0207060389484486e+00	-1.2097677790846768e+00
8.0207019437775866e+00	-1.2097679404114001e+00
8.0201798353943463e+00	-1.2097826896366786e+00
8.0187071789458724e+00	-1.2098251652427678e+00
8.0161696235648847e+00	-1.2098985780629250e+00
8.0149141801035686e+00	-1.2099355921613957e+00
8.0131560964861492e+00	-1.2099893234370991e+00
8.0103441309952181e+00	-1.2100775962138759e+00
8.0073388393105560e+00	-1.2101768853756800e+00
8.0057647116765018e+00	-1.2102293625215714e+00
8.0026341464693118e+00	-1.2103390791530484e+00
8.0015695281690178e+00	-1.2103766349380394e+00
7.9979729277920342e+00	-1.2105111863471869e+00
7.9942445578740342e+00	-1.2106562162696610e+00
7.9886508084487531e+00	-1.2108810562898249e+00
7.9876755866098543e+00	-1.2109209767648135e+00
7.9864616281108223e+00	-1.2109714970524239e+00
7.9860907068545472e+00	-1.2109870772696278e+00
7.9846887975954326e+00	-1.2110477051182476e+00
7.9812401246700437e+00	-1.2111968485943323e+00
7.9811849330887972e+00	-1.2111990047091949e+00
7.9802312074132260e+00	-1.2112402501289732e+00
7.9802238923184845e+00	-1.2112404774583017e+00
7.9799840717831287e+00	-1.2112508488878495e+00
7.9799782642024084e+00	-1.2112510136798418e+00
7.9799669425048734e+00	-1.2112515033050866e+00
7.9799512079560584e+00	-1.2112519469952705e+00
7.9799205683920142e+00	-1.2112532701331722e+00
7.9798811849853495e+00	-1.2112543772044524e+00
7.9798811690966147e+00	-1.2112543778826457e+00
7.9798456641977804e+00	-1.2112553759287046e+00
7.9798450442486679e+00	-1.2112554023415298e+00
7.9798032978647733e+00	-1.2112565758363232e+00
7.9797983993296260e+00	-1.2112567804484911e+00
7.9794689519507545e+00	-1.2112660412454206e+00
7.9794329982955530e+00	-1.2112674458112727e+00
7.9776253158164838e+00	-1.2113182599364569e+00
7.9740099508583464e+00	-1.2114198881868254e+00
7.9739635046222110e+00	-1.2114209710776902e+00
7.9732007496142794e+00	-1.2114424121929894e+00
7.9731674730189903e+00	-1.2114431644134371e+00
7.9731590370410039e+00	-1.2114434015495750e+00
7.9731490237179568e+00	-1.2114436295251187e+00
7.9730153271741289e+00	-1.2114473877475906e+00
7.9730130627931155e+00	-1.2114474388566072e+00
7.9728727313189411e+00	-1.2114513835875977e+00
7.9726794901469056e+00	-1.2114570333346855e+00
7.9724515002933165e+00	-1.2114620982271416e+00
7.9724513250190379e+00	-1.2114621031246240e+00
7.9724291379584917e+00	-1.2114625953846290e+00
7.9724057511653710e+00	-1.2114632439429738e+00
7.9723269013934051e+00	-1.2114649933675568e+00
7.9723180031342844e+00	-1.2114652404890511e+00
7.9720909801712940e+00	-1.2114702774034571e+00
7.9720719547066601e+00	-1.2114707966596003e+00
7.9719922338972609e+00	-1.2114725654097216e+00
7.9719818851934745e+00	-1.2114728476624781e+00
7.9669511903210184e+00	-1.2115844627129646e+00
7.9667782469326092e+00	-1.2115884948764084e+00
7.9665530029149503e+00	-1.2115932972196399e+00
7.9657899406382251e+00	-1.2116102271342342e+00
7.9656943980321806e+00	-1.2116124781976494e+00
7.9612188144972285e+00	-1.2117117771006589e+00
7.9611640198319460e+00	-1.2117126507985705e+00
7.9607839137042342e+00	-1.2117210841394330e+00
7.9607756265465905e+00	-1.2117212130990802e+00
7.9606954339314173e+00	-1.2117229923170647e+00
7.9606942832576966e+00	-1.2117230095957159e+00
7.9606468109627553e+00	-1.2117240628543076e+00
7.9606467103493426e+00	-1.2117240643530616e+00
7.9605600798189968e+00	-1.2117259864078200e+00
7.9605359471207242e+00	-1.2117263480020228e+00
7.9603648066985651e+00	-1.2117301205763686e+00
7.9602219075247307e+00	-1.2117322060582842e+00
7.9602208239694203e+00	-1.2117322297628088e+00
7.9596370874042703e+00	-1.2117407488606973e+00
7.9596039867601815e+00	-1.2117414545871168e+00
7.9589309467841050e+00	-1.2117512769860916e+00
7.9546034645689181e+00	-1.2118237571439836e+00
7.9539554020883996e+00	-1.2118355057327548e+00
7.9489859291005782e+00	-1.2119359994567627e+00
7.9477669327937530e+00	-1.2119608223153435e+00
7.9425362650354474e+00	-1.2120799452787552e+00
7.9396189452322625e+00	-1.2121486856423123e+00
7.9362014091247808e+00	-1.2122363441098569e+00
7.9351675748960995e+00	-1.2122647236205353e+00
7.9292489194386393e+00	-1.2124338297659130e+00
7.9286914057737015e+00	-1.2124506564030766e+00
7.9282286568204672e+00	-1.2124652187257083e+00
7.9256003360662026e+00	-1.2125483042781289e+00
7.9229846503551586e+00	-1.2126310428824527e+00
7.9169241056468751e+00	-1.2128235680380253e+00
7.9164091599307733e+00	-1.2128399447132985e+00
7.9155176815140988e+00	-1.2128683654138692e+00
7.9081095357443916e+00	-1.2131054138039796e+00
7.9076868833134704e+00	-1.2131191030488950e+00
7.9066476867651643e+00	-1.2131529089005000e+00
7.9061461151968393e+00	-1.2131693687809038e+00
7.9001027423652443e+00	-1.2133709517011715e+00
7.8999895590652827e+00	-1.2133747748104966e+00
7.8958552028235545e+00	-1.2135157460744128e+00
7.8915399657833358e+00	-1.2136651655290198e+00
7.8879618237625468e+00	-1.2137921653969999e+00
7.8860812700984440e+00	-1.2138603085401276e+00
7.8822070122402046e+00	-1.2140015403755895e+00
7.8803848809925636e+00	-1.2140686840397643e+00
7.8800211070119861e+00	-1.2140821794964576e+00
7.8784250042506310e+00	-1.2141418494130642e+00
7.8774450936939102e+00	-1.2141786122104816e+00
7.8693072516900839e+00	-1.2144864921135321e+00
7.8681764284129061e+00	-1.2145296579913110e+00
7.8681634055977518e+00	-1.2145300912446020e+00
7.8667728569962883e+00	-1.2145831713785078e+00
7.8667590401363068e+00	-1.2145835147819031e+00
7.8663828078380602e+00	-1.2145978763516818e+00
7.8663777963127499e+00	-1.2145979819266151e+00
7.8663689548575793e+00	-1.2145983194233583e+00
7.8663627688796405e+00	-1.2145984477983709e+00
7.8663529920483581e+00	-1.2145988210003669e+00
7.8663513000865670e+00	-1.2145988577099802e+00
7.8662044917348517e+00	-1.2146044616902794e+00
7.8661937659933363e+00	-1.2146046790007310e+00
7.8661847861908747e+00	-1.2146050214880357e+00
7.8661454937867390e+00	-1.2146058165831166e+00
7.8661452928990139e+00	-1.2146058241673066e+00
7.8660617073759704e+00	-1.2146075155486222e+00
7.8660616207635190e+00	-1.2146075187151577e+00
7.8660041108477214e+00	-1.2146086824477456e+00
7.8659862287041671e+00	-1.2146093085225083e+00
7.8654656268360359e+00	-1.2146198430773039e+00
7.8654506581230557e+00	-1.2146203410682592e+00
7.8627241692429060e+00	-1.2146755124924620e+00
7.8450912078248445e+00	-1.2150323214277308e+00
7.8420812795367336e+00	-1.2150932283441729e+00
7.8419813443527184e+00	-1.2150950278915522e+00
7.8406437015437769e+00	-1.2151220955459927e+00
7.8405720224192255e+00	-1.2151233748418830e+00
7.8402596689207265e+00	-1.2151296954205189e+00
7.8401655235776007e+00	-1.2151313652236728e+00
7.8401552104499839e+00	-1.2151315733695494e+00
7.8401419123508393e+00	-1.2151318417599546e+00
7.8400298124951409e+00	-1.2151341042281008e+00
7.8390206347791178e+00	-1.2151519806260236e+00
7.8384266617928438e+00	-1.2151629130452763e+00
7.8374409914710048e+00	-1.2151816794940342e+00
7.8315624701792821e+00	-1.2153082586670123e+00
7.8314526694649240e+00	-1.2153107003867578e+00
7.8281719856069181e+00	-1.2153938519020326e+00
7.8263505694477757e+00	-1.2154451316383399e+00
7.8168072649708655e+00	-1.2157373383928758e+00
7.8157102861752188e+00	-1.2157756547530223e+00
7.8130363823135305e+00	-1.2158737772569732e+00
7.8073216174583502e+00	-1.2160946474824113e+00
7.8071919124139342e+00	-1.2161001069704374e+00
7.8071916708952189e+00	-1.2161001172952381e+00
7.8071915933446512e+00	-1.2161001204005621e+00
7.8071915401906820e+00	-1.2161001225289838e+00
7.8071912688087997e+00	-1.2161001340607833e+00
7.8069440221872428e+00	-1.2161106402835204e+00
7.8068938082696073e+00	-1.2161126555369086e+00
7.8061244777247971e+00	-1.2161455440215805e+00
7.8061211640320360e+00	-1.2161456329970448e+00
7.8059634779171505e+00	-1.2161523739972655e+00
7.8059581690262467e+00	-1.2161525037429635e+00
7.8059356438604244e+00	-1.2161534666822045e+00
7.8059294717439887e+00	-1.2161536130617405e+00
7.8059086961418469e+00	-1.2161545012080350e+00
7.8058483182106446e+00	-1.2161559123997492e+00
7.8058383445173414e+00	-1.2161561455113028e+00
7.8058255860588774e+00	-1.2161564437101731e+00
7.8058078990728692e+00	-1.2161571747906095e+00
7.8057521193421833e+00	-1.2161584753531585e+00
7.8057426728762938e+00	-1.2161588544716038e+00
7.8056998922386978e+00	-1.2161598519467509e+00
7.8056960764118068e+00	-1.2161600047422669e+00
7.8041998989688022e+00	-1.2161948896785149e+00
7.8019788496663516e+00	-1.2162466757575534e+00
7.7990976710283029e+00	-1.2163164670778774e+00
7.7970899000318070e+00	-1.2163655109480394e+00
7.7939465221777802e+00	-1.2164451451034444e+00
7.7863968614857511e+00	-1.2166430829405566e+00
7.7814735943204347e+00	-1.2167790285713291e+00
7.7758913475020357e+00	-1.2169355356307243e+00
7.7746973069360861e+00	-1.2169692657895539e+00
7.7746912319504853e+00	-1.2169693856164836e+00
7.7741067859756603e+00	-1.2169870550983399e+00
7.7740811638203304e+00	-1.2169874996375150e+00
7.7738900954350889e+00	-1.2169932761840423e+00
7.7738855818930190e+00	-1.2169933471376309e+00
7.7738608388680284e+00	-1.2169940951904021e+00
7.7738597715450082e+00	-1.2169941132192990e+00
7.7738471559354094e+00	-1.2169944946254416e+00
7.7737994236491819e+00	-1.2169952388285286e+00
7.7737989677960027e+00	-1.2169952524123249e+00
7.7737724322273722e+00	-1.2169956649366822e+00
7.7737490212209766e+00	-1.2169963650254101e+00
7.7737044515102189e+00	-1.2169970579101772e+00
7.7653369606962004e+00	-1.2172335723709615e+00
7.7556900120122307e+00	-1.2175223389105674e+00
7.7534940370706193e+00	-1.2175938813966958e+00
7.7499151709560365e+00	-1.2177183892658492e+00
7.7494633432955498e+00	-1.2177341642912349e+00
7.7473349779589480e+00	-1.2178087074726411e+00
7.7461547688680259e+00	-1.2178505759235465e+00
7.7461510666477729e+00	-1.2178506434131506e+00
7.7461420600406230e+00	-1.2178509629266099e+00
7.7461329518891535e+00	-1.2178511547139748e+00
7.7460446571034600e+00	-1.2178542870114029e+00
7.7460391106676534e+00	-1.2178543867541014e+00
7.7460111319531721e+00	-1.2178553793116429e+00
7.7460042133491882e+00	-1.2178555105161204e+00
7.7459436895421119e+00	-1.2178576576255307e+00
7.7459424572619806e+00	-1.2178576776056655e+00
7.7458158561365176e+00	-1.2178621688378097e+00
7.7457744740844605e+00	-1.2178628220208212e+00
7.7457691418486068e+00	-1.2178630074559096e+00
7.7455630336210888e+00	-1.2178662558587356e+00
7.7455494212976079e+00	-1.2178666769328050e+00
7.7454083854551650e+00	-1.2178688997515381e+00
7.7454081315257906e+00	-1.2178689085012453e+00
7.7426534024938327e+00	-1.2179206599342045e+00
7.7368541281496190e+00	-1.2180324446931616e+00
7.7365250188365087e+00	-1.2180393455483782e+00
7.7339056958166772e+00	-1.2180955721421034e+00
7.7304243521114637e+00	-1.2181806902323926e+00
7.7258543831916349e+00	-1.2182941384601544e+00
7.7230909941468813e+00	-1.2183660404506031e+00
7.7225699959176639e+00	-1.2183797604535169e+00
7.7217294384086381e+00	-1.2184044002853134e+00
7.7145857102677411e+00	-1.2186199856514934e+00
7.7110971206053938e+00	-1.2187286982909573e+00
7.7074311245834055e+00	-1.2188464280036770e+00
7.7073168284018232e+00	-1.2188500346675601e+00
7.7066206527272918e+00	-1.2188723916373094e+00
7.7065855161891665e+00	-1.2188733611083342e+00
7.7056633508568417e+00	-1.2189029755048049e+00
7.7056619092372438e+00	-1.2189030139066837e+00
7.7049840550436475e+00	-1.2189247825008118e+00
7.7049419471101421e+00	-1.2189258358566171e+00
7.7047104090754885e+00	-1.2189332714637864e+00
7.7046205746900895e+00	-1.2189354876304832e+00
7.7045995520301069e+00	-1.2189361598665747e+00
7.7045865656848544e+00	-1.2189364801498455e+00
7.6968625963167172e+00	-1.2191706651887868e+00
7.6887317077929191e+00	-1.2194187259310629e+00
7.6884431646817770e+00	-1.2194278119552922e+00
7.6879273845509104e+00	-1.2194452205366475e+00
7.6878773540531267e+00	-1.2194464559910752e+00
7.6877986481049616e+00	-1.2194491108693095e+00
7.6875580842364455e+00	-1.2194549488094264e+00
7.6875509903139667e+00	-1.2194551821210977e+00
7.6875034040252608e+00	-1.2194563369325229e+00
7.6874926834549884e+00	-1.2194566897993275e+00
7.6873071939148980e+00	-1.2194611912102586e+00
7.6873060243220719e+00	-1.2194612297537908e+00
7.6866510754946260e+00	-1.2194771238781159e+00
7.6866461947231235e+00	-1.2194772777992375e+00
7.6856620626989232e+00	-1.2195011604540182e+00
7.6852043679047242e+00	-1.2195124627812994e+00
7.6797005282999224e+00	-1.2196460285001434e+00
7.6741966886951198e+00	-1.2197795942189873e+00
7.6714447688927185e+00	-1.2198463770784094e+00
7.6714079670924660e+00	-1.2198470224126279e+00
7.6713417538673347e+00	-1.2198486292576027e+00
7.6713142236857639e+00	-1.2198491039545722e+00
7.6709192140799320e+00	-1.2198586899428534e+00
7.6709171030053032e+00	-1.2198587229754005e+00
7.6707667322441742e+00	-1.2198623721331241e+00
7.6706993335549809e+00	-1.2198634046774113e+00
7.6706803783294326e+00	-1.2198638600464458e+00
7.6704496105988396e+00	-1.2198673873462595e+00
7.6704093673194311e+00	-1.2198683331902942e+00
7.6700893203946814e+00	-1.2198732251284137e+00
7.6687120912396258e+00	-1.2198990102087113e+00
7.6635881953865557e+00	-1.2200009628553448e+00
7.6626962267116090e+00	-1.2200195566097463e+00
7.6555799736366676e+00	-1.2201842781003576e+00
7.6542615401444172e+00	-1.2202182076538495e+00
7.6452948306573010e+00	-1.2204709494793400e+00
7.6450932470581998e+00	-1.2204771181848402e+00
7.6447521471901183e+00	-1.2204890474752275e+00
7.6398980625437254e+00	-1.2206644034529119e+00
7.6366261569546960e+00	-1.2207855456100825e+00
7.6292912051934358e+00	-1.2210642566749053e+00
7.6254292987849803e+00	-1.2212130823361107e+00
7.6253228505386366e+00	-1.2212174113136267e+00
7.6252948450934950e+00	-1.2212184003464894e+00
7.6252250530050736e+00	-1.2212212386119561e+00
7.6252066352104952e+00	-1.2212218832754860e+00
7.6251730109402436e+00	-1.2212232506884300e+00
7.6251589441562801e+00	-1.2212237424812922e+00
7.6249491586726341e+00	-1.2212322739195554e+00
7.6249446806685173e+00	-1.2212324294730166e+00
7.6249259824882536e+00	-1.2212331895531252e+00
7.6248298931764591e+00	-1.2212365265806790e+00
7.6247879876249653e+00	-1.2212382197427138e+00
7.6238451050106262e+00	-1.2212709645423725e+00
7.6238139318651532e+00	-1.2212722060525043e+00
7.6214567891232949e+00	-1.2213540658361883e+00
7.6214281419048540e+00	-1.2213551245547598e+00
7.6186156231649180e+00	-1.2214527988158768e+00
7.6185873786033653e+00	-1.2214535569406708e+00
7.6184836514332348e+00	-1.2214571592187842e+00
7.6184828638131528e+00	-1.2214571786766164e+00
7.6177624075331245e+00	-1.2214821989667286e+00
7.6177544324452588e+00	-1.2214823005967299e+00
7.6177520592905106e+00	-1.2214823830125849e+00
7.6177076014432457e+00	-1.2214829696988725e+00
7.6176674156864479e+00	-1.2214843427091193e+00
7.6176053515000675e+00	-1.2214851213546469e+00
7.6175920139200475e+00	-1.2214855578080928e+00
7.6173544356604088e+00	-1.2214885384199414e+00
7.6173462138134109e+00	-1.2214887728258690e+00
7.6172132199776454e+00	-1.2214904413413439e+00
7.6172087561517259e+00	-1.2214905611568736e+00
7.6158016368562231e+00	-1.2215082146090501e+00
7.6135331272758835e+00	-1.2215366749005951e+00
7.6134021225648985e+00	-1.2215382517993278e+00
7.6100511784003677e+00	-1.2215801361249172e+00
7.6099836726212660e+00	-1.2215809798972668e+00
7.6098816644510636e+00	-1.2215822549240065e+00
7.6057652582942898e+00	-1.2216338985760125e+00
7.6057025249937933e+00	-1.2216345761148013e+00
7.6036810846123162e+00	-1.2216598909135861e+00
7.6036123720535338e+00	-1.2216606164457451e+00
7.6035167262084533e+00	-1.2216618119481228e+00
7.6004247391869830e+00	-1.2216944600703719e+00
7.6003815652804789e+00	-1.2216949797530454e+00
7.5962889697615861e+00	-1.2217381932458218e+00
7.5952382862803036e+00	-1.2217492873553712e+00
7.5925798580859549e+00	-1.2217801099548424e+00
7.5841379071542221e+00	-1.2219125176927073e+00
7.5757393894345917e+00	-1.2220783349627995e+00
7.5729410281722078e+00	-1.2221443638132052e+00
7.5707594536843335e+00	-1.2221990217972611e+00
7.5699249011553489e+00	-1.2222201860381749e+00
7.5672151817756985e+00	-1.2222952752993366e+00
7.5635072676931197e+00	-1.2223984501810490e+00
7.5614960927891222e+00	-1.2224599164733501e+00
7.5612781860565574e+00	-1.2224665859130339e+00
7.5505437528838399e+00	-1.2227968906995670e+00
7.5468420602707198e+00	-1.2229112573763823e+00
7.5467926997451844e+00	-1.2229127840535150e+00
7.5455789042524293e+00	-1.2229504069543127e+00
7.5414113992391147e+00	-1.2230801436238128e+00
7.5396741859736078e+00	-1.2231345343088911e+00
7.5337684386476882e+00	-1.2233194382866199e+00
7.5337547352311329e+00	-1.2233198034895971e+00
7.5333503376667439e+00	-1.2233324648369446e+00
7.5333209728927111e+00	-1.2233332253243938e+00
7.5332499023351662e+00	-1.2233354504837284e+00
7.5332308243990775e+00	-1.2233359370206629e+00
7.5321715351582501e+00	-1.2233691024751574e+00
7.5320823305083717e+00	-1.2233713245455953e+00
7.5320247400996454e+00	-1.2233731242465293e+00
7.5306607223496433e+00	-1.2234070328918303e+00
7.5306524736568168e+00	-1.2234072835859593e+00
7.5279707649930838e+00	-1.2234739492198037e+00
7.5278618306364864e+00	-1.2234768523754651e+00
7.5258686072914891e+00	-1.2235264026862369e+00
7.5202868865791226e+00	-1.2236651608422831e+00
7.5199561197217948e+00	-1.2236698412700928e+00
7.5199462349614281e+00	-1.2236700698484553e+00
7.5197198736636377e+00	-1.2236732564742190e+00
7.5165781561452700e+00	-1.2237378298393657e+00
7.5079997288767437e+00	-1.2239366672942085e+00
7.5040129417393038e+00	-1.2240415877947173e+00
7.5039943727861989e+00	-1.2240421293538475e+00
7.4995637939522748e+00	-1.2241720625460628e+00
7.4951360768207582e+00	-1.2243045289146104e+00
7.4951332561757154e+00	-1.2243046264498192e+00
7.4932003721628879e+00	-1.2243658463062144e+00
7.4927510288240669e+00	-1.2243803089047565e+00
7.4908692712939597e+00	-1.2244399094420879e+00
7.4852165270460853e+00	-1.2246189477024272e+00
7.4838029561179917e+00	-1.2246637194573013e+00
7.4837837187377358e+00	-1.2246640809456903e+00
7.4837146227337357e+00	-1.2246662694098787e+00
7.4837094239017548e+00	-1.2246663483654789e+00
7.4835470072491699e+00	-1.2246714925562743e+00
7.4835430234545051e+00	-1.2246715463053945e+00
7.4834013485536586e+00	-1.2246760335467537e+00
7.4833994086291504e+00	-1.2246760590305317e+00
7.4833784272562793e+00	-1.2246767235694411e+00
7.4833730307887754e+00	-1.2246767941716667e+00
7.4833721007621277e+00	-1.2246768236282184e+00
7.4833647489564772e+00	-1.2246769196699503e+00
7.4833496570276719e+00	-1.2246773963487967e+00
7.4833307643807938e+00	-1.2246776396143522e+00
7.4833275139160671e+00	-1.2246777414580452e+00
7.4832649809480554e+00	-1.2246785466452326e+00
7.4832647100284184e+00	-1.2246785550661101e+00
7.4832123017213785e+00	-1.2246792298861080e+00
7.4832084756205344e+00	-1.2246793438881953e+00
7.4831535830986358e+00	-1.2246800506954478e+00
7.4831457791609024e+00	-1.2246802915566306e+00
7.4829944545142677e+00	-1.2246822400434922e+00
7.4829925368936436e+00	-1.2246822962364872e+00
7.4826802151680747e+00	-1.2246863177544116e+00
7.4826779180932057e+00	-1.2246863749095200e+00
7.4826023945863627e+00	-1.2246873473655218e+00
7.4815635197443902e+00	-1.2247019987470888e+00
7.4768805398469835e+00	-1.2247685660931558e+00
7.4725290075102473e+00	-1.2248329158253668e+00
7.4720976483137411e+00	-1.2248393623322464e+00
7.4706021498931641e+00	-1.2248626937675549e+00
7.4628375168811667e+00	-1.2249912119952084e+00
7.4593167686194768e+00	-1.2250555563312222e+00
7.4590863765217401e+00	-1.2250598108550452e+00
7.4565860796670709e+00	-1.2251078941973839e+00
7.4538080467842009e+00	-1.2251630166066725e+00
7.4528830914254298e+00	-1.2251815378584938e+00
7.4511552993347223e+00	-1.2252166527315944e+00
7.4504999767124485e+00	-1.2252309144950748e+00
7.4488551322941152e+00	-1.2252669393943600e+00
7.4462576817614554e+00	-1.2253247436545429e+00
7.4376793355436579e+00	-1.2255340187163866e+00
7.4364669919598692e+00	-1.2255651204715807e+00
7.4363240108637960e+00	-1.2255688305527512e+00
7.4343845819338288e+00	-1.2256199464832671e+00
7.4332752011474712e+00	-1.2256500496759331e+00
7.4327374730411400e+00	-1.2256647121970852e+00
7.4325345980146693e+00	-1.2256704333813433e+00
7.4304803593404865e+00	-1.2257285554105524e+00
7.4220533634053876e+00	-1.2259736100455898e+00
7.4181563568304201e+00	-1.2260920576253032e+00
7.4178813960784691e+00	-1.2261006379326171e+00
7.4178497562437400e+00	-1.2261015897890555e+00
7.4173078124796321e+00	-1.2261185014537566e+00
7.4173070580926623e+00	-1.2261185148327154e+00
7.4171796256829134e+00	-1.2261224914338471e+00
7.4171791211211087e+00	-1.2261225001630374e+00
7.4167431722047095e+00	-1.2261361041979746e+00
7.4167380562542320e+00	-1.2261361781394029e+00
7.4166422012547724e+00	-1.2261391693494106e+00
7.4166335148837552e+00	-1.2261392933604041e+00
7.4166029513091623e+00	-1.2261402436848194e+00
7.4161055276083045e+00	-1.2261472662971120e+00
7.4157114105429001e+00	-1.2261542174694042e+00
7.4143545183035977e+00	-1.2261806034090141e+00
7.4088085629657217e+00	-1.2263015588220267e+00
7.3996521951666923e+00	-1.2265072984724701e+00
7.3994422205802728e+00	-1.2265123373301652e+00
7.3978631675981923e+00	-1.2265512559090672e+00
7.3957854553332885e+00	-1.2266039908808124e+00
7.3938996434746711e+00	-1.2266523825552789e+00
7.3924898247223680e+00	-1.2266900813501622e+00
7.3913931428315180e+00	-1.2267202262751218e+00
7.3913613879265396e+00	-1.2267209040069096e+00
7.3906209350065550e+00	-1.2267412571265290e+00
7.3906126381511248e+00	-1.2267414325304444e+00
7.3903364936853535e+00	-1.2267490230216052e+00
7.3903362594690254e+00	-1.2267490277671735e+00
7.3902193103314238e+00	-1.2267522423939550e+00
7.3901984557655735e+00	-1.2267526592087543e+00
7.3901725238578262e+00	-1.2267533720092660e+00
7.3901678104629385e+00	-1.2267534656135757e+00
7.3901508797871021e+00	-1.2267539309936981e+00
7.3900613665219694e+00	-1.2267557019971465e+00
7.3900561889546132e+00	-1.2267558441366688e+00
7.3900338139061192e+00	-1.2267562864325467e+00
7.3900246733111645e+00	-1.2267565353607850e+00
7.3899189531073262e+00	-1.2267586251712441e+00
7.3899170733651101e+00	-1.2267586761371350e+00
7.3897934618395222e+00	-1.2267611196119834e+00
7.3897866325115737e+00	-1.2267613011569072e+00
7.3896495087424299e+00	-1.2267640117332828e+00
7.3896428088670891e+00	-1.2267641938672282e+00
7.3893533140148318e+00	-1.2267699164192869e+00
7.3893320103788431e+00	-1.2267704597378779e+00
7.3884583146488545e+00	-1.2267877304052464e+00
7.3884189617849776e+00	-1.2267886671600055e+00
7.3852675382267545e+00	-1.2268509625176949e+00
7.3852270227099552e+00	-1.2268518272235931e+00
7.3852062079938943e+00	-1.2268521748551424e+00
7.3848220745789348e+00	-1.2268597681627520e+00
7.3847594873803590e+00	-1.2268608259478411e+00
7.3847567396237572e+00	-1.2268608827600282e+00
7.3847124945485287e+00	-1.2268616532180014e+00
7.3846993597089670e+00	-1.2268619128592440e+00
7.3846802147733888e+00	-1.2268623027614431e+00
7.3846766113106748e+00	-1.2268623625352657e+00
7.3844018311050403e+00	-1.2268677942174500e+00
7.3843607390177812e+00	-1.2268685063937750e+00
7.3842327278838642e+00	-1.2268711622953996e+00
7.3841712332171063e+00	-1.2268722371986953e+00
7.3831144739739045e+00	-1.2268931449855009e+00
7.3830869907619103e+00	-1.2268936006621394e+00
7.3829933479586547e+00	-1.2268954517341442e+00
7.3829896840566880e+00	-1.2268955114657141e+00
7.3828531981779131e+00	-1.2268982094326744e+00
7.3828387608466830e+00	-1.2268984445251878e+00
7.3827598131835241e+00	-1.2269000051129109e+00
7.3827430434126793e+00	-1.2269002767939696e+00
7.3827132622760931e+00	-1.2269008631282110e+00
7.3825900572117842e+00	-1.2269032888028566e+00
7.3825833091088437e+00	-1.2269034216602379e+00
7.3824380630455577e+00	-1.2269057730644668e+00
7.3824276207495538e+00	-1.2269059775859861e+00
7.3804989243042618e+00	-1.2269372014613540e+00
7.3773031920008529e+00	-1.2269906857083568e+00
7.3730642206027373e+00	-1.2270669085389150e+00
7.3587602380792259e+00	-1.2273489873747405e+00
7.3574872969756351e+00	-1.2273757067789686e+00
7.3574506207180397e+00	-1.2273766943738249e+00
7.3574494419163869e+00	-1.2273767146567685e+00
7.3573850689668099e+00	-1.2273784480504695e+00
7.3572961858790542e+00	-1.2273799590121803e+00
7.3571838588661587e+00	-1.2273829439085027e+00
7.3569905844320580e+00	-1.2273861616748596e+00
7.3569834942285022e+00	-1.2273863491104895e+00
7.3567007394883621e+00	-1.2273910566068240e+00
7.3566973246097644e+00	-1.2273911410391245e+00
7.3565416828015060e+00	-1.2273937322715174e+00
7.3565196571270643e+00	-1.2273942302342202e+00
7.3563800838814801e+00	-1.2273965539460763e+00
7.3563726805939442e+00	-1.2273967410181597e+00
7.3507568099013376e+00	-1.2274902379147548e+00
7.3498128778281000e+00	-1.2275060753127498e+00
7.3474447919275248e+00	-1.2275460663670577e+00
7.3472910781618532e+00	-1.2275486993128064e+00
7.3469749455853810e+00	-1.2275543704353846e+00
7.3416109352666874e+00	-1.2276522888827759e+00
7.3397357533224366e+00	-1.2276881547576519e+00
7.3387358310286821e+00	-1.2277075446026100e+00
7.3370822505853441e+00	-1.2277400621580985e+00
7.3351958395686223e+00	-1.2277782440751031e+00
7.3290020000817746e+00	-1.2279073473977749e+00
7.3255278131820267e+00	-1.2279838199100706e+00
7.3253052943571948e+00	-1.2279887650383152e+00
7.3248257074525860e+00	-1.2279998125886482e+00
7.3247947546775638e+00	-1.2280005311972568e+00
7.3196393792132239e+00	-1.2281218856965159e+00
7.3195090878871101e+00	-1.2281250783991013e+00
7.3180925617199160e+00	-1.2281601596123397e+00
7.3157064764911235e+00	-1.2282193463915310e+00
7.3156425740730047e+00	-1.2282208351868991e+00
7.3146139601244808e+00	-1.2282463094958840e+00
7.3145206547023989e+00	-1.2282484356248540e+00
7.3144169693936867e+00	-1.2282510057772962e+00
7.3143777496170292e+00	-1.2282518989330478e+00
7.3137650943961328e+00	-1.2282670806656815e+00
7.3136948357118383e+00	-1.2282686615250966e+00
7.3136589713548394e+00	-1.2282695488656248e+00
7.3136262610121525e+00	-1.2282702838390438e+00
7.3135994501577857e+00	-1.2282709472891575e+00
7.3134510600763818e+00	-1.2282742778355433e+00
7.3133974335767888e+00	-1.2282756060535061e+00
7.3132821344369328e+00	-1.2282781926796962e+00
7.3131759959337108e+00	-1.2282808036695740e+00
7.3121661686391661e+00	-1.2283034581814012e+00
7.3121487421882634e+00	-1.2283038846015357e+00
7.3102384702179490e+00	-1.2283467397305052e+00
7.3100126314556535e+00	-1.2283520013107889e+00
7.3043186761239989e+00	-1.2284797397657712e+00
7.3041961706506475e+00	-1.2284818792219254e+00
7.3040269726330536e+00	-1.2284856705310261e+00
7.3037055089944696e+00	-1.2284912075338850e+00
7.3036959845361906e+00	-1.2284914250732271e+00
7.3027380905419976e+00	-1.2285079241765402e+00
7.3026970679744307e+00	-1.2285087958562575e+00
7.3023800336837077e+00	-1.2285142565664700e+00
7.3023304443379216e+00	-1.2285152876055001e+00
7.2988901972194746e+00	-1.2285745436327582e+00
7.2986240861964413e+00	-1.2285791910403423e+00
7.2984969905270791e+00	-1.2285813163632280e+00
7.2968552799716937e+00	-1.2286095937636792e+00
7.2963920662284760e+00	-1.2286174055842289e+00
7.2944961516674889e+00	-1.2286500614839466e+00
7.2944453685455111e+00	-1.2286509716609872e+00
7.2943834530390141e+00	-1.2286520026447909e+00
7.2939618178397634e+00	-1.2286592650378689e+00
7.2937254413749955e+00	-1.2286632475153831e+00
7.2931563832714161e+00	-1.2286730491724549e+00
7.2923629594849464e+00	-1.2286868122282972e+00
7.2921494430577303e+00	-1.2286903677144168e+00
7.2914086910363949e+00	-1.2287031266879604e+00
7.2912673355133562e+00	-1.2287054420790982e+00
7.2911072504598975e+00	-1.2287081994404052e+00
7.2910294686667090e+00	-1.2287094713370061e+00
7.2909755198091046e+00	-1.2287104005711182e+00
7.2909080829460944e+00	-1.2287115069622445e+00
7.2902936158551732e+00	-1.2287220907596972e+00
7.2901905410608414e+00	-1.2287237737834467e+00
7.2898993103434711e+00	-1.2287287806086287e+00
7.2895505363865700e+00	-1.2287344597891534e+00
7.2893178041418283e+00	-1.2287384527808580e+00
7.2876440528337181e+00	-1.2287657069253959e+00
7.2875351543857985e+00	-1.2287675416495958e+00
7.2866224905052990e+00	-1.2287824028020222e+00
7.2866010922473654e+00	-1.2287827591268730e+00
7.2861972760644438e+00	-1.2287893345748280e+00
7.2859239414950858e+00	-1.2287939441975715e+00
7.2805055999547674e+00	-1.2288821725160679e+00
7.2803602181274298e+00	-1.2288846036242744e+00
7.2753946461969852e+00	-1.2289682478259094e+00
7.2752303749776157e+00	-1.2289710646657777e+00
7.2720217693591698e+00	-1.2290277068362176e+00
7.2713227703968917e+00	-1.2290401884127320e+00
7.2709648656235988e+00	-1.2290468065639120e+00
7.2652920492367645e+00	-1.2291526462540547e+00
7.2652590579119938e+00	-1.2291532688965854e+00
7.2640553872055653e+00	-1.2291767262323328e+00
7.2638052001246090e+00	-1.2291816595695082e+00
7.2624325821891134e+00	-1.2292089481773141e+00
7.2543819573303621e+00	-1.2293734444580215e+00
7.2512239943958727e+00	-1.2294408475400598e+00
7.2484875857059619e+00	-1.2295015293433844e+00
7.2481632554330133e+00	-1.2295088750052090e+00
7.2481460123102348e+00	-1.2295091685561805e+00
7.2478056504902293e+00	-1.2295168773118419e+00
7.2472063664268003e+00	-1.2295283956696617e+00
7.2446393247297554e+00	-1.2295798899826593e+00
7.2354956607410070e+00	-1.2297689045803006e+00
7.2336303831561990e+00	-1.2298083682456582e+00
7.2331647882688390e+00	-1.2298201758710736e+00
7.2331442976036300e+00	-1.2298204216002504e+00
7.2331415445821596e+00	-1.2298204914176971e+00
7.2331368887988807e+00	-1.2298205463657965e+00
7.2331115357102327e+00	-1.2298211893276976e+00
7.2330857949071801e+00	-1.2298214915793497e+00
7.2330832083183045e+00	-1.2298215565635111e+00
7.2330492550934702e+00	-1.2298219547225953e+00
7.2330351434102189e+00	-1.2298223099322636e+00
7.2329195928002958e+00	-1.2298236649589285e+00
7.2329185148344690e+00	-1.2298236914928757e+00
7.2328332222575531e+00	-1.2298246916928410e+00
7.2328078355342544e+00	-1.2298252450647571e+00
7.2292103734616040e+00	-1.2298674314023081e+00
7.2278263799602316e+00	-1.2298846666600516e+00
7.2270371950064858e+00	-1.2298946705731075e+00
7.2270007661191720e+00	-1.2298951600413719e+00
7.2174508191906597e+00	-1.2300373276627270e+00
7.2156896481354229e+00	-1.2300658309000094e+00
7.2109838534853070e+00	-1.2301533181735858e+00
7.2101065511761373e+00	-1.2301697169937613e+00
7.2078289508723001e+00	-1.2302154194907702e+00
7.2047501001890968e+00	-1.2302793545371409e+00
7.2046816743148376e+00	-1.2302808371720058e+00
7.2006139584727054e+00	-1.2303705485820000e+00
7.1973002107131228e+00	-1.2304496314528874e+00
7.1949575654597266e+00	-1.2305073751001352e+00
7.1925429282833830e+00	-1.2305669570972408e+00
7.1895439496391322e+00	-1.2306408786458349e+00
7.1880444603170064e+00	-1.2306778394201319e+00
7.1880322659668838e+00	-1.2306779173006468e+00
7.1876500791560307e+00	-1.2306873377881733e+00
7.1876225443674073e+00	-1.2306873286312194e+00
7.1876162287710672e+00	-1.2306874833419552e+00
7.1876159129250050e+00	-1.2306874830890657e+00
7.1876106958064367e+00	-1.2306876106999109e+00
7.1876027168483061e+00	-1.2306876043113708e+00
7.1875971541100432e+00	-1.2306877403083489e+00
7.1875889287324410e+00	-1.2306877337225073e+00
7.1875841241448333e+00	-1.2306878471952447e+00
7.1875302324947734e+00	-1.2306878040456302e+00
7.1875225204814646e+00	-1.2306879730972453e+00
7.1873510695957847e+00	-1.2306878358210691e+00
7.1873494037546042e+00	-1.2306878699526980e+00
7.1870116286146022e+00	-1.2306875995051034e+00
7.1843928255964844e+00	-1.2307014490510901e+00
7.1789533007926920e+00	-1.2307388204557028e+00
7.1779746234833954e+00	-1.2307488040554222e+00
7.1759829453329180e+00	-1.2307706672482475e+00
7.1675628701061944e+00	-1.2308844868491828e+00
7.1671976668348094e+00	-1.2308897914548158e+00
7.1671229183909997e+00	-1.2308909217129436e+00
7.1631241111595445e+00	-1.2309590222871027e+00
7.1593087861873883e+00	-1.2310448757689456e+00
7.1538091844227969e+00	-1.2311700787722235e+00
7.1523689699158384e+00	-1.2312042686297158e+00
7.1472325032767703e+00	-1.2313279506155534e+00
7.1442668402202445e+00	-1.2314009301771807e+00
7.1344554617979625e+00	-1.2316709901469998e+00
7.1339036697186051e+00	-1.2316871652179271e+00
7.1338969546659525e+00	-1.2316871682096115e+00
7.1338648172034835e+00	-1.2316881164397970e+00
7.1338626910677343e+00	-1.2316881248218299e+00
7.1337530436196506e+00	-1.2316913600187631e+00
7.1336588679237103e+00	-1.2316913508392240e+00
7.1336523620259005e+00	-1.2316915166995916e+00
7.1336008339901191e+00	-1.2316914987211984e+00
7.1335943328446056e+00	-1.2316916733213763e+00
7.1329805231220487e+00	-1.2316914591600496e+00
7.1319612814298656e+00	-1.2316925936482037e+00
7.1242424030809728e+00	-1.2317155912888309e+00
7.1221419529138608e+00	-1.2317262078207409e+00
7.1212796920372199e+00	-1.2317310307885396e+00
7.1160198724786090e+00	-1.2317710923740786e+00
7.1148433410081351e+00	-1.2317810365214004e+00
7.1144719891636523e+00	-1.2317846443228468e+00
7.1103830750460917e+00	-1.2318264465159350e+00
7.1091063394729517e+00	-1.2318415284953108e+00
7.1073248348136673e+00	-1.2318753868231072e+00
7.1060659199930098e+00	-1.2318997137529621e+00
7.1023813813959116e+00	-1.2319775255779939e+00
7.1005132313734505e+00	-1.2320191474119309e+00
7.0904493090148657e+00	-1.2322527434386210e+00
7.0901472789741451e+00	-1.2322601110821843e+00
7.0898653648100760e+00	-1.2322679511517882e+00
7.0868890895875287e+00	-1.2323288425013810e+00
7.0868481957855280e+00	-1.2323296153224863e+00
7.0857501934403544e+00	-1.2323520792546345e+00
7.0857203462287552e+00	-1.2323525231499148e+00
7.0849572756115951e+00	-1.2323681347436819e+00
7.0849553049178047e+00	-1.2323681561964861e+00
7.0849149741433024e+00	-1.2323689813202081e+00
7.0848979861166894e+00	-1.2323691844778135e+00
7.0846307065721756e+00	-1.2323746527262003e+00
7.0846225093420001e+00	-1.2323747383238415e+00
7.0844753623842580e+00	-1.2323779705500018e+00
7.0844504016217718e+00	-1.2323782203997862e+00
7.0843914573484490e+00	-1.2323794716189647e+00
7.0843271513826283e+00	-1.2323801185680991e+00
7.0843140643533689e+00	-1.2323803985500941e+00
7.0842440385258705e+00	-1.2323811005532304e+00
7.0842367821380963e+00	-1.2323812452780765e+00
7.0842144859012279e+00	-1.2323814687960093e+00
7.0841898280803326e+00	-1.2323819575270594e+00
7.0839527446173722e+00	-1.2323843342691918e+00
7.0839276536408482e+00	-1.2323848084446234e+00
7.0811968283307456e+00	-1.2324121847427838e+00
7.0794209762642959e+00	-1.2324314288390390e+00
7.0775356888928167e+00	-1.2324534759749775e+00
7.0703349993121014e+00	-1.2325465364022836e+00
7.0688561841890536e+00	-1.2325678496986781e+00
7.0647972551445619e+00	-1.2326323173662044e+00
7.0562053557937015e+00	-1.2327780084151705e+00
7.0546574712228898e+00	-1.2328053451147678e+00
7.0544062586717002e+00	-1.2328107289682595e+00
7.0543795026783274e+00	-1.2328108961181847e+00
7.0543276019871373e+00	-1.2328120084261334e+00
7.0543199188657191e+00	-1.2328120499725523e+00
7.0542992636939381e+00	-1.2328124926431840e+00
7.0542988205150596e+00	-1.2328124952703385e+00
7.0542110096215485e+00	-1.2328143771866018e+00
7.0542051802835468e+00	-1.2328144077268413e+00
7.0541948810594022e+00	-1.2328146277793430e+00
7.0541199024497461e+00	-1.2328150108252549e+00
7.0541154675773630e+00	-1.2328151013170523e+00
7.0540096144265609e+00	-1.2328156420928396e+00
7.0539920619575698e+00	-1.2328159732932147e+00
7.0538850587321740e+00	-1.2328165199444292e+00
7.0531302374874487e+00	-1.2328227461301757e+00
7.0506253749182415e+00	-1.2328458786476129e+00
7.0474997625002826e+00	-1.2328754240884634e+00
7.0459576031968716e+00	-1.2328905082635371e+00
7.0438384134306817e+00	-1.2329141401822774e+00
7.0366986925842578e+00	-1.2330275443063714e+00
7.0326062227571304e+00	-1.2331035694218131e+00
7.0282441453071050e+00	-1.2331968970288871e+00
7.0255600295792640e+00	-1.2332604286116622e+00
7.0251569379840584e+00	-1.2332708361088702e+00
7.0243488336229376e+00	-1.2332938745714002e+00
7.0243180232359883e+00	-1.2332942243061449e+00
7.0243110586708752e+00	-1.2332944228607872e+00
7.0243026417815821e+00	-1.2332945194886720e+00
7.0241891650939756e+00	-1.2332977165385157e+00
7.0241540121448960e+00	-1.2332980872775501e+00
7.0241524189364384e+00	-1.2332981315292879e+00
7.0240087780822424e+00	-1.2332996464312516e+00
7.0240059427319288e+00	-1.2332997206601188e+00
7.0239478178219485e+00	-1.2333003336719306e+00
7.0239306793891725e+00	-1.2333007621246128e+00
7.0237317812624349e+00	-1.2333028597949758e+00
7.0092043659899677e+00	-1.2335346285572169e+00
7.0091910388989120e+00	-1.2335348434356512e+00
7.0066679885223930e+00	-1.2335775979891539e+00
7.0042768426586477e+00	-1.2336186614397602e+00
7.0039042382516161e+00	-1.2336251374154676e+00
7.0019053445096340e+00	-1.2336609864136110e+00
7.0018988368806916e+00	-1.2336610393057013e+00
7.0018878710269972e+00	-1.2336612359719175e+00
7.0018752940299649e+00	-1.2336613302660842e+00
7.0011527632291557e+00	-1.2336742884362923e+00
7.0006714424947809e+00	-1.2336732222756872e+00
7.0005859960624859e+00	-1.2336730863962830e+00
7.0005851580383140e+00	-1.2336730985428628e+00
7.0005642629973881e+00	-1.2336730518357304e+00
7.0004443294044210e+00	-1.2336728611138394e+00
7.0004285705907856e+00	-1.2336729891968328e+00
7.0001911733742581e+00	-1.2336724585377510e+00
6.9988079395150553e+00	-1.2336702588790018e+00
6.9840772531657871e+00	-1.2337286804647263e+00
6.9817639037836523e+00	-1.2337490400395668e+00
6.9778442167805013e+00	-1.2337941292510570e+00
6.9769866742660582e+00	-1.2338063697231119e+00
6.9716414990260462e+00	-1.2338960682438660e+00
6.9674036650586908e+00	-1.2339745879973869e+00
6.9644992838199995e+00	-1.2340368775773989e+00
6.9642471559926014e+00	-1.2340428096735279e+00
6.9642274277094165e+00	-1.2340430390888744e+00
6.9639792905394717e+00	-1.2340488765867845e+00
6.9637049689195072e+00	-1.2340516949207201e+00
6.9637042540082881e+00	-1.2340517101562058e+00
6.9631108422058867e+00	-1.2340578067687176e+00
6.9631079367896271e+00	-1.2340578641951483e+00
6.9624291415825308e+00	-1.2340648380223214e+00
6.9624082574638537e+00	-1.2340651838350156e+00
6.9616775417588777e+00	-1.2340726910846043e+00
6.9616304456733475e+00	-1.2340732387533839e+00
6.9563978083140068e+00	-1.2341269979847724e+00
6.9423649492494297e+00	-1.2342711692058388e+00
6.9419039600747174e+00	-1.2342758415191053e+00
6.9392179882522989e+00	-1.2343034367394097e+00
6.9377136245675333e+00	-1.2343185722607326e+00
6.9370093215748625e+00	-1.2343257799764793e+00
6.9337204755258384e+00	-1.2343587844720454e+00
6.9317722988851811e+00	-1.2343785300367203e+00
6.9195720768637843e+00	-1.2345205137195530e+00
6.9192776406662535e+00	-1.2345243084818989e+00
6.9169148482615865e+00	-1.2345602451656243e+00
6.9155699159367341e+00	-1.2345811708423906e+00
6.9114143059374351e+00	-1.2346511535704161e+00
6.9101429451583609e+00	-1.2346739425325093e+00
6.9094822134641225e+00	-1.2346870807494501e+00
6.8990669058328553e+00	-1.2349064026835912e+00
6.8988891398896133e+00	-1.2349110411885615e+00
6.8988703864721641e+00	-1.2349113596834997e+00
6.8988601556699694e+00	-1.2349116262739206e+00
6.8988144142482399e+00	-1.2349124341382300e+00
6.8988048808576892e+00	-1.2349126816507208e+00
6.8987778467586285e+00	-1.2349131455621636e+00
6.8987708795910558e+00	-1.2349133250581021e+00
6.8987006410780225e+00	-1.2349144704296431e+00
6.8986913595913979e+00	-1.2349146297021174e+00
6.8957529265364323e+00	-1.2349788896573899e+00
6.8892024240016090e+00	-1.2351282972010560e+00
6.8889765834252401e+00	-1.2351334717480160e+00
6.8849686920761668e+00	-1.2352293039786020e+00
6.8844669140348707e+00	-1.2352428643033226e+00
6.8844552917427126e+00	-1.2352429306109045e+00
6.8844205954717550e+00	-1.2352438682619415e+00
6.8844172984145908e+00	-1.2352438855662045e+00
6.8843921522936169e+00	-1.2352445651287556e+00
6.8843915281848238e+00	-1.2352445680979252e+00
6.8843259735636613e+00	-1.2352463396819260e+00
6.8843206500197622e+00	-1.2352463677963006e+00
6.8843046420720206e+00	-1.2352468004038515e+00
6.8842858650343217e+00	-1.2352468834915191e+00
6.8842634083045153e+00	-1.2352474807977434e+00
6.8840939788808022e+00	-1.2352482218477678e+00
6.8840928909122914e+00	-1.2352482502150672e+00
6.8833537347691758e+00	-1.2352514831345085e+00
6.8833529419072601e+00	-1.2352514944925936e+00
6.8833020532097517e+00	-1.2352517170694619e+00
6.8761519261899817e+00	-1.2352984126101401e+00
6.8735490435602538e+00	-1.2353190109055194e+00
6.8660458645152742e+00	-1.2353875120392006e+00
6.8634732156642748e+00	-1.2354151167012386e+00
6.8630050758305696e+00	-1.2354202739901639e+00
6.8593911374782373e+00	-1.2354625105004464e+00
6.8583063047836772e+00	-1.2354758486452808e+00
6.8578373831130532e+00	-1.2354816457529572e+00
6.8562331624281461e+00	-1.2355023494278177e+00
6.8539481679752834e+00	-1.2355336970494917e+00
6.8532458431795025e+00	-1.2355435290279095e+00
6.8521299554102262e+00	-1.2355598264975221e+00
6.8520961413192412e+00	-1.2355602565351629e+00
6.8506441766871351e+00	-1.2355814623858961e+00
6.8474968772090010e+00	-1.2356274284937958e+00
6.8474466964988201e+00	-1.2356276948686360e+00
6.8473443735740291e+00	-1.2356291892884186e+00
6.8472839829419430e+00	-1.2356294812506183e+00
6.8472726246998405e+00	-1.2356296450629651e+00
6.8471878365688186e+00	-1.2356300536136515e+00
6.8471872457096197e+00	-1.2356300619247742e+00
6.8471086083565433e+00	-1.2356304408380041e+00
6.8471011916857440e+00	-1.2356305462390831e+00
6.8469131613013445e+00	-1.2356314346193911e+00
6.8469125000590907e+00	-1.2356314437629536e+00
6.8467963246688361e+00	-1.2356320035528070e+00
6.8467815844549946e+00	-1.2356321887440025e+00
6.8466665366374757e+00	-1.2356327431006588e+00
6.8466599736006222e+00	-1.2356328260612166e+00
6.8464992330553294e+00	-1.2356336005877844e+00
6.8464972656946506e+00	-1.2356336281150653e+00
6.8462358388811673e+00	-1.2356348877973202e+00
6.8462315121050636e+00	-1.2356349362213843e+00
6.8462194779056045e+00	-1.2356349942080433e+00
6.8461947847816580e+00	-1.2356353082479143e+00
6.8459648044004213e+00	-1.2356362213495560e+00
6.8446170993785920e+00	-1.2356427152515332e+00
6.8443491504343417e+00	-1.2356441376079921e+00
6.8442866506665974e+00	-1.2356443075150549e+00
6.8430550592776953e+00	-1.2356502419247561e+00
6.8430472238992373e+00	-1.2356502521039017e+00
6.8421921027653507e+00	-1.2356543724957769e+00
6.8421843578139727e+00	-1.2356543847545491e+00
6.8414032165627487e+00	-1.2356581486751652e+00
6.8413699374197368e+00	-1.2356581509729636e+00
6.8413570993234671e+00	-1.2356582128331908e+00
6.8393114206359487e+00	-1.2356635346350155e+00
6.8388874896288652e+00	-1.2356647314228819e+00
6.8289101277021347e+00	-1.2356982471391151e+00
6.8236109854413503e+00	-1.2357215929709058e+00
6.8209713643265788e+00	-1.2357367948173572e+00
6.8183206077232121e+00	-1.2357580191096755e+00
6.8176887043730527e+00	-1.2357631980179846e+00
6.8150160553304922e+00	-1.2357853456253507e+00
6.8119627532283564e+00	-1.2358116412512412e+00
6.8118459184012625e+00	-1.2358127206101694e+00
6.8101051537174095e+00	-1.2358294143573767e+00
6.8097070418743222e+00	-1.2358337837157327e+00
6.8038686621640307e+00	-1.2359024510956025e+00
6.7994316864133406e+00	-1.2359585763677883e+00
6.7933991910195592e+00	-1.2360400518794648e+00
6.7919566124054400e+00	-1.2360607296941351e+00
6.7869528653343734e+00	-1.2361338873752759e+00
6.7846527230178229e+00	-1.2361695274352076e+00
6.7839246473185089e+00	-1.2361809533461769e+00
6.7838967076025547e+00	-1.2361812329719042e+00
6.7829518225513317e+00	-1.2361960613372536e+00
6.7829214121852948e+00	-1.2361962381031213e+00
6.7828660780397527e+00	-1.2361971064785129e+00
6.7828441684530416e+00	-1.2361972356528321e+00
6.7827308414580836e+00	-1.2361990031554879e+00
6.7827100829335336e+00	-1.2361991178694283e+00
6.7827095371163502e+00	-1.2361991263851764e+00
6.7826376085624522e+00	-1.2361995238704513e+00
6.7826313080519069e+00	-1.2361996197750982e+00
6.7824996895454204e+00	-1.2362003471137613e+00
6.7741799839680237e+00	-1.2362786918517676e+00
6.7698646633597237e+00	-1.2363205686842815e+00
6.7639246387239567e+00	-1.2363824223177928e+00
6.7634872917227993e+00	-1.2363870653022859e+00
6.7634476435684920e+00	-1.2363876386309274e+00
6.7626985790637351e+00	-1.2363952252013533e+00
6.7625978712987118e+00	-1.2363966230726320e+00
6.7584622825840919e+00	-1.2364385085642509e+00
6.7583407710298609e+00	-1.2364398030520578e+00
6.7524566779051796e+00	-1.2364993975016672e+00
6.7465262048245505e+00	-1.2365594118457530e+00
6.7461003514023679e+00	-1.2365607901263509e+00
6.7443429032312849e+00	-1.2365687769474096e+00
6.7328475842676223e+00	-1.2366289377208237e+00
6.7319653397989940e+00	-1.2366337004985835e+00
6.7303207250265746e+00	-1.2366428661848110e+00
6.7211879723412755e+00	-1.2367192382961520e+00
6.7207486586029992e+00	-1.2367233520867709e+00
6.7178047845306041e+00	-1.2367520335344955e+00
6.7157257679217226e+00	-1.2367731641563442e+00
6.7152931805419041e+00	-1.2367778886627880e+00
6.7073112738309355e+00	-1.2368701147563694e+00
6.7063098713027447e+00	-1.2368824017073492e+00
6.7024132545925612e+00	-1.2369370956184056e+00
6.6951900874306221e+00	-1.2370398663816251e+00
6.6947625579862695e+00	-1.2370460309416773e+00
6.6947601418867251e+00	-1.2370460570742612e+00
6.6945493068900959e+00	-1.2370490971104857e+00
6.6945138599820462e+00	-1.2370494877027771e+00
6.6943850813734871e+00	-1.2370513199566335e+00
6.6943789552020938e+00	-1.2370513854256699e+00
6.6939500604952356e+00	-1.2370575686710710e+00
6.6937978675011811e+00	-1.2370591828539126e+00
6.6937033359824465e+00	-1.2370605274258462e+00
6.6936827520580753e+00	-1.2370607454776499e+00
6.6936650630815651e+00	-1.2370609971660371e+00
6.6878938681244664e+00	-1.2371221950258608e+00
6.6826076590631871e+00	-1.2371781464024001e+00
6.6810358401309644e+00	-1.2371951396139904e+00
6.6712512539465569e+00	-1.2373019126443177e+00
6.6654526705781283e+00	-1.2373660707966867e+00
6.6652967735743180e+00	-1.2373678123281866e+00
6.6600206641282007e+00	-1.2374275185496764e+00
6.6473615461878479e+00	-1.2375735507275352e+00
6.6473436625205204e+00	-1.2375736932162695e+00
6.6457533236801725e+00	-1.2375920389371551e+00
6.6457326335473175e+00	-1.2375921007327422e+00
6.6456820850528313e+00	-1.2375926838465714e+00
6.6456642851577561e+00	-1.2375927360981553e+00
6.6456135667273273e+00	-1.2375933211723200e+00
6.6455904720308574e+00	-1.2375933886144541e+00
6.6455700952337740e+00	-1.2375936232736242e+00
6.6453094914910089e+00	-1.2375943727089354e+00
6.6452925651441994e+00	-1.2375945597950235e+00
6.6450192063803417e+00	-1.2375953459107871e+00
6.6450071652502265e+00	-1.2375954645098446e+00
6.6443875041020783e+00	-1.2375972465101353e+00
6.6443385266219321e+00	-1.2375976367398926e+00
6.6413154627911126e+00	-1.2376063303632401e+00
6.6352693351294709e+00	-1.2376237176099352e+00
6.6334805614498009e+00	-1.2376288617039719e+00
6.6317838429811680e+00	-1.2376339014888105e+00
6.6300550543167347e+00	-1.2376390365321670e+00
6.6300532873638005e+00	-1.2376392609842881e+00
6.6241953948597043e+00	-1.2383833761059337e+00
6.6112138994893810e+00	-1.2377051991401380e+00
6.6072088999919369e+00	-1.2377204465884419e+00
6.6054942465092550e+00	-1.2377276461116098e+00
6.6054576640577514e+00	-1.2377273448747099e+00
6.6054412999588585e+00	-1.2377274135846330e+00
6.6054226466519070e+00	-1.2377272577322378e+00
6.6053757516430300e+00	-1.2377274487336625e+00
6.6053261627121467e+00	-1.2377270292453602e+00
6.6053053198518077e+00	-1.2377271037651356e+00
6.6052505828045058e+00	-1.2377266407273038e+00
6.6052462066853801e+00	-1.2377266037083410e+00
6.6051576487543873e+00	-1.2377263613552509e+00
6.6049065238132743e+00	-1.2377256741112652e+00
6.6045908476490984e+00	-1.2377248102124256e+00
6.6045470554997792e+00	-1.2377246903681318e+00
6.6040012629013036e+00	-1.2377231967184803e+00
6.6032504151891551e+00	-1.2377211419023715e+00
6.6028351920480519e+00	-1.2377200055771416e+00
6.6026618667095880e+00	-1.2377195312443419e+00
6.6019861474668566e+00	-1.2377176820294311e+00
6.6019831037734349e+00	-1.2377188776846222e+00
6.6019770844171433e+00	-1.2377212422705381e+00
6.6019757211967800e+00	-1.2377217777848879e+00
6.6019701684829037e+00	-1.2377239590594944e+00
6.6019682681588252e+00	-1.2377247055644918e+00
6.6019671383819567e+00	-1.2377251493751487e+00
6.6019608931626355e+00	-1.2377276026869206e+00
6.6019574933561600e+00	-1.2377289382341319e+00
6.6019505700864505e+00	-1.2377316579046838e+00
6.5985131383625113e+00	-1.2390819854559223e+00
6.5908555604475039e+00	-1.2407130158000323e+00
6.5808740761181035e+00	-1.2413744033131993e+00
6.5713257257129181e+00	-1.2404876181799933e+00
6.5642254563598357e+00	-1.2444888256663802e+00
6.5560518215696293e+00	-1.2429528317424032e+00
6.5456591911063287e+00	-1.2430377353440849e+00
6.5417378608977463e+00	-1.2382371747328051e+00
6.5417378307061407e+00	-1.2382371377717163e+00
6.5417376688180875e+00	-1.2382369395855473e+00
6.5417365052645193e+00	-1.2382355151430406e+00
6.5399746718843277e+00	-1.2382513915843534e+00
6.5396481065118444e+00	-1.2382543343688579e+00
6.5391814563847737e+00	-1.2382585395016696e+00
6.5346401204056477e+00	-1.2382994629255097e+00
6.5343546584275032e+00	-1.2383024570721253e+00
6.5331495549169167e+00	-1.2383095583767847e+00
6.5331457691709547e+00	-1.2383095941366018e+00
6.5323921980898474e+00	-1.2383140346994104e+00
6.5323895650175627e+00	-1.2383140603726459e+00
6.5299002176466638e+00	-1.2383287293317258e+00
6.5298896176781129e+00	-1.2383287996844123e+00
6.5298367495870311e+00	-1.2383291112198267e+00
6.5295780563534036e+00	-1.2383308582526991e+00
6.5236958098480793e+00	-1.2383655205237398e+00
6.5178162607276073e+00	-1.2384001668999205e+00
6.5152248458527344e+00	-1.2384154373114360e+00
6.5020712904463522e+00	-1.2390977276151109e+00
6.4955570385204133e+00	-1.2384628181125330e+00
6.4955484282209115e+00	-1.2384619789124169e+00
6.4955445734067379e+00	-1.2384616032041733e+00
6.4955218660936627e+00	-1.2384593900430900e+00
6.4955187388381184e+00	-1.2384590852461179e+00
6.4928178068103639e+00	-1.2384650337387322e+00
6.4923871640518094e+00	-1.2384655755287290e+00
6.4923776571297767e+00	-1.2384655874893511e+00
6.4910750783016304e+00	-1.2384672262587608e+00
6.4910635745407914e+00	-1.2384684769107559e+00
6.4910635217406698e+00	-1.2384684826510159e+00
6.4910627106633827e+00	-1.2384685708287380e+00
6.4910596283789692e+00	-1.2384689059248171e+00
6.4910580804363258e+00	-1.2384690742121782e+00
6.4910349840072241e+00	-1.2384715851818981e+00
6.4806426208758072e+00	-1.2396014095814787e+00
6.4735698024457751e+00	-1.2402467452508976e+00
6.4683320810944016e+00	-1.2385430967690065e+00
6.4644516228353019e+00	-1.2385610256395359e+00
6.4620454197683532e+00	-1.2385729790652111e+00
6.4609394326990390e+00	-1.2385786076759093e+00
6.4572721546857732e+00	-1.2385984545576278e+00
6.4560273121384384e+00	-1.2386053666267498e+00
6.4543464499434178e+00	-1.2386152021286436e+00
6.4533641299379942e+00	-1.2386211727702863e+00
6.4529701805237041e+00	-1.2386233281969046e+00
6.4520487723659219e+00	-1.2386288057263446e+00
6.4508166062954562e+00	-1.2386358844516365e+00
6.4498112173770217e+00	-1.2386417674470662e+00
6.4459755089881732e+00	-1.2386642119503901e+00
6.4458072942781595e+00	-1.2386651686767445e+00
6.4419523827916221e+00	-1.2386877255462720e+00
6.4419018365178555e+00	-1.2386879962555613e+00
6.4409695687715169e+00	-1.2386934513852037e+00
6.4408745611858684e+00	-1.2386937749763571e+00
6.4408129933841884e+00	-1.2386941348398277e+00
6.4405138638656148e+00	-1.2386957042885511e+00
6.4402907791978015e+00	-1.2386969963231695e+00
6.4401925046970794e+00	-1.2386975119419237e+00
6.4400773338196107e+00	-1.2386981815443314e+00
6.4391165128608430e+00	-1.2387032227025372e+00
6.4389824991527114e+00	-1.2387039849096380e+00
6.4389369153439420e+00	-1.2387041650003585e+00
6.4388719097866565e+00	-1.2387045060662933e+00
6.4384899084893554e+00	-1.2387067006424219e+00
6.4363536208104364e+00	-1.2387179091449678e+00
6.4363343626953666e+00	-1.2387178138221064e+00
6.4359897960682027e+00	-1.2387196592081222e+00
6.4359871293812709e+00	-1.2387196379698620e+00
6.4359462306669162e+00	-1.2387198697359554e+00
6.4359401906635094e+00	-1.2387198226415272e+00
6.4358347196375796e+00	-1.2387203760184315e+00
6.4357377483352511e+00	-1.2387195799834279e+00
6.4357337419223697e+00	-1.2387195978980554e+00
6.4356391238040160e+00	-1.2387188074457443e+00
6.4356203002121743e+00	-1.2387188892994188e+00
6.4355744276271318e+00	-1.2387185060737587e+00
6.4355577534986281e+00	-1.2387185973033914e+00
6.4311999898327965e+00	-1.2386943295923487e+00
6.4255286400112492e+00	-1.2386693836808684e+00
6.4242747689575070e+00	-1.2386652034385184e+00
6.4229912530529969e+00	-1.2386617932813959e+00
6.4222881024120886e+00	-1.2386603105354126e+00
6.4207784462722852e+00	-1.2386574858426180e+00
6.4169715165844741e+00	-1.2386541849060795e+00
6.4159040562899508e+00	-1.2386539895894566e+00
6.4117015795084562e+00	-1.2386545588524656e+00
6.4104252757119529e+00	-1.2386556458397535e+00
6.4097255547258181e+00	-1.2386579732929910e+00
6.4095812665143237e+00	-1.2386585949646449e+00
6.4095628480887132e+00	-1.2386585144974094e+00
6.4094932317826974e+00	-1.2386587460592748e+00
6.4094777983120972e+00	-1.2386586746687855e+00
6.4094267273786167e+00	-1.2386588947099888e+00
6.4093992483190458e+00	-1.2386587627878902e+00
6.4093868116070825e+00	-1.2386588156533294e+00
6.4093713652064004e+00	-1.2386587409521255e+00
6.4093574506271906e+00	-1.2386587989285125e+00
6.4093365111847245e+00	-1.2386586976621015e+00
6.4092903806673922e+00	-1.2386588803171998e+00
6.4063343078743751e+00	-1.2386445842879161e+00
6.4004224126188856e+00	-1.2386159934399863e+00
6.4002577645015863e+00	-1.2386151333670601e+00
6.3991282799355655e+00	-1.2386096710034573e+00
6.3979912043393750e+00	-1.2386041719284482e+00
6.3931444144360823e+00	-1.2385835190017536e+00
6.3896315291695966e+00	-1.2385715207961028e+00
6.3889290923206330e+00	-1.2385694474630704e+00
6.3858637586442661e+00	-1.2385607052992684e+00
6.3848222755513007e+00	-1.2385580559661942e+00
6.3795735344184354e+00	-1.2385493961160612e+00
6.3741219587006182e+00	-1.2385418021826453e+00
6.3721009436574967e+00	-1.2385399302513416e+00
6.3712139259896885e+00	-1.2385416712618937e+00
6.3685530863796620e+00	-1.2385479051886650e+00
6.3668638810530744e+00	-1.2385529325163620e+00
6.3624122877415221e+00	-1.2385718970382791e+00
6.3583581467660073e+00	-1.2385961745156855e+00
6.3501450184281136e+00	-1.2386614603181971e+00
6.3488608138193730e+00	-1.2386735398022310e+00
6.3466737494164356e+00	-1.2386962347316193e+00
6.3466541065420170e+00	-1.2386963108119868e+00
6.3465692876850621e+00	-1.2386975073838884e+00
6.3465547248937009e+00	-1.2386975640845284e+00
6.3465125170418766e+00	-1.2386981595267605e+00
6.3464796263615808e+00	-1.2386982845118377e+00
6.3464582714567834e+00	-1.2386985841546729e+00
6.3464118511436522e+00	-1.2386987589602758e+00
6.3464108978545575e+00	-1.2386987721364757e+00
6.3463781489105431e+00	-1.2386988954596185e+00
6.3463562400458269e+00	-1.2386991924496673e+00
6.3459453085553452e+00	-1.2387007398999561e+00
6.3459422635460339e+00	-1.2387007764266675e+00
6.3455053357254521e+00	-1.2387024217716893e+00
6.3449454417066073e+00	-1.2387046402853046e+00
6.3449220660742958e+00	-1.2387048408289842e+00
6.3443733208171507e+00	-1.2387069072464438e+00
6.3436065039215430e+00	-1.2387099456674060e+00
6.3416973807342432e+00	-1.2387177615721963e+00
6.3383036976882758e+00	-1.2387337707658048e+00
6.3350246494564573e+00	-1.2387517299915567e+00
6.3343971696788666e+00	-1.2387551666750649e+00
6.3331723107622855e+00	-1.2387618751819980e+00
6.3331689392504709e+00	-1.2387622015679107e+00
6.3331689113220104e+00	-1.2387622042715809e+00
6.3155903476849709e+00	-1.2404639321178237e+00
6.3078737296064551e+00	-1.2452508466857783e+00
6.3078662191612107e+00	-1.2460717531434002e+00
6.3026838833262078e+00	-1.2501687269984516e+00
6.3002687617041424e+00	-1.2488572219708105e+00
6.2977274681313151e+00	-1.2499080603101578e+00
6.2847047260829543e+00	-1.2467599283314124e+00
6.2839941752325794e+00	-1.2398191982937929e+00
6.2809556779226012e+00	-1.2389865386009957e+00
6.2772327489482649e+00	-1.2389507323025879e+00
6.2772067647625871e+00	-1.2389504185813556e+00
6.2759094606158845e+00	-1.2389379414001569e+00
6.2758739508002765e+00	-1.2389374686227563e+00
6.2753060684132720e+00	-1.2389320068569398e+00
6.2753012925884235e+00	-1.2389319333476285e+00
6.2750459431591343e+00	-1.2389294774539152e+00
6.2750445898130023e+00	-1.2389294565471778e+00
6.2746098400759616e+00	-1.2389252752214193e+00
6.2745900225178159e+00	-1.2389249206400119e+00
6.2742759624857207e+00	-1.2389219000808489e+00
6.2716364988286406e+00	-1.2388985240797912e+00
6.2664415770512099e+00	-1.2388602946590306e+00
6.2652294685604613e+00	-1.2388543413608664e+00
6.2631818478471812e+00	-1.2388466859581062e+00
6.2627145420330894e+00	-1.2388457550509697e+00
6.2582558722166786e+00	-1.2388449498639753e+00
6.2566113714747864e+00	-1.2388475113011248e+00
6.2531562149484454e+00	-1.2388667701489373e+00
6.2524264884522349e+00	-1.2388711574071380e+00
6.2489835736262727e+00	-1.2389041171415553e+00
6.2482869679045194e+00	-1.2389111921818938e+00
6.2469738438470266e+00	-1.2389289929049072e+00
6.2464474810750037e+00	-1.2389363709021703e+00
6.2423885280183322e+00	-1.2389946600978703e+00
6.2423853461493746e+00	-1.2389946419767970e+00
6.2421368672707560e+00	-1.2389982102944841e+00
6.2421265993940365e+00	-1.2389981721559384e+00
6.2419852810098346e+00	-1.2390002015794961e+00
6.2419785096711786e+00	-1.2390001544367140e+00
6.2419561539148409e+00	-1.2390004754798594e+00
6.2419555853848374e+00	-1.2390004716469225e+00
6.2419444374785265e+00	-1.2390006317380799e+00
6.2419267109608469e+00	-1.2390005089588811e+00
6.2419140574785432e+00	-1.2390006906710853e+00
6.2419090526222298e+00	-1.2390006546123506e+00
6.2419006082892592e+00	-1.2390007758370318e+00
6.2418899303016069e+00	-1.2390006959652178e+00
6.2418734253295343e+00	-1.2390009254595340e+00
6.2418238517715565e+00	-1.2390005546471548e+00
6.2418136105155160e+00	-1.2390006888574925e+00
6.2418084134827012e+00	-1.2390006499834600e+00
6.2418042000082306e+00	-1.2390007074096967e+00
6.2416205524049833e+00	-1.2389993337176020e+00
6.2416201010258607e+00	-1.2389993382316793e+00
6.2414168080333789e+00	-1.2389978175912149e+00
6.2414149360710667e+00	-1.2389978311648466e+00
6.2408035260063945e+00	-1.2389932577908542e+00
6.2407686719415691e+00	-1.2389931283304623e+00
6.2401227133265973e+00	-1.2389882965318042e+00
6.2377980949080634e+00	-1.2389743675000184e+00
6.2357879685796940e+00	-1.2389647028482054e+00
6.2331503040482295e+00	-1.2389558846958095e+00
6.2312370853269545e+00	-1.2389505788215798e+00
6.2277338168350935e+00	-1.2389502803066568e+00
6.2253065642734526e+00	-1.2389529405585140e+00
6.2247886106012018e+00	-1.2389545304081695e+00
6.2166649752795999e+00	-1.2389873849627824e+00
6.2163324778096287e+00	-1.2389892741663804e+00
6.2105314353416219e+00	-1.2390276505211575e+00
6.2060232565781286e+00	-1.2390682536179720e+00
6.2059944463029018e+00	-1.2390684492881152e+00
6.2045740356825787e+00	-1.2390812422745869e+00
6.2045470636739584e+00	-1.2390813263715621e+00
6.2040004660572858e+00	-1.2390862493254007e+00
6.2039946900309895e+00	-1.2390862319611988e+00
6.2038373892830627e+00	-1.2390876486968325e+00
6.2038203182301022e+00	-1.2390875713858438e+00
6.2037351183789591e+00	-1.2390883387417952e+00
6.2037346324005282e+00	-1.2390883359142524e+00
6.2036794169190292e+00	-1.2390888332147496e+00
6.2036630983261185e+00	-1.2390887273360931e+00
6.2036110365240962e+00	-1.2390891881452741e+00
6.2034861344531373e+00	-1.2390883432672191e+00
6.2034823138409383e+00	-1.2390883717515135e+00
6.2032712733185607e+00	-1.2390869442050789e+00
6.2032568842304601e+00	-1.2390870419311475e+00
6.2027413890230001e+00	-1.2390835549546315e+00
6.1887727068286660e+00	-1.2390452613557319e+00
6.1822399840794464e+00	-1.2390356833866842e+00
6.1814637400014067e+00	-1.2390348484185363e+00
6.1802703149920255e+00	-1.2390349208460594e+00
6.1802227129706919e+00	-1.2390344161507192e+00
6.1801560942403482e+00	-1.2390344201937296e+00
6.1801557805309217e+00	-1.2390344166437848e+00
6.1800878405832540e+00	-1.2390344207669781e+00
6.1800657405520365e+00	-1.2390341680454475e+00
6.1800458355734875e+00	-1.2390341692534566e+00
6.1800189630402711e+00	-1.2390338612974172e+00
6.1799627226424647e+00	-1.2390338473844900e+00
6.1799533762994221e+00	-1.2390337389504671e+00
6.1799513712194205e+00	-1.2390337386214130e+00
6.1798980083134323e+00	-1.2390331195178197e+00
6.1798978565636853e+00	-1.2390331194775912e+00
6.1798667999979520e+00	-1.2390327591667893e+00
6.1798608223311540e+00	-1.2390327579143972e+00
6.1798182075532688e+00	-1.2390322635079996e+00
6.1797976591625705e+00	-1.2390322466239767e+00
6.1789644641282564e+00	-1.2390225800956989e+00
6.1789552821039022e+00	-1.2390224814917390e+00
6.1789499800077490e+00	-1.2390224576800744e+00
6.1789115927298264e+00	-1.2390220123201139e+00
6.1778151218721353e+00	-1.2390102375344796e+00
6.1749629045401830e+00	-1.2389796081315814e+00
6.1749549906354648e+00	-1.2389802897610431e+00
6.1588286959485004e+00	-1.2403692574025340e+00
6.1575220500460022e+00	-1.2438806386800376e+00
6.1521506353280646e+00	-1.2410344066566921e+00
6.1405931692056051e+00	-1.2387104482521971e+00
6.1405619186828924e+00	-1.2387041644427415e+00
6.1405616866934416e+00	-1.2387041177946418e+00
6.1405606054377646e+00	-1.2387039003773297e+00
6.1405553950817149e+00	-1.2387028526865467e+00
6.1405507295931709e+00	-1.2387019145569256e+00
6.1405490442341835e+00	-1.2387015756674025e+00
6.1405451379147831e+00	-1.2387007901904039e+00
6.1405418575919715e+00	-1.2387001305878849e+00
6.1405338353291397e+00	-1.2386985174829936e+00
6.1405310767419579e+00	-1.2386979627903130e+00
6.1405258616455916e+00	-1.2386969141463540e+00
6.1405087861891809e+00	-1.2386934806385230e+00
6.1404817604609816e+00	-1.2386880463445766e+00
6.1404790279654344e+00	-1.2386874968983637e+00
6.1404628828496497e+00	-1.2386842504620668e+00
6.1404603055136739e+00	-1.2386837322151139e+00
6.1404592919775203e+00	-1.2386835284147446e+00
6.1404574566363852e+00	-1.2386831593670304e+00
6.1404545574312639e+00	-1.2386825763990998e+00
6.1404544648998032e+00	-1.2386825577930090e+00
6.1404459865091630e+00	-1.2386808529706044e+00
6.1404458129942689e+00	-1.2386808180804829e+00
6.1404450231103169e+00	-1.2386806592517716e+00
6.1404441572627597e+00	-1.2386804851484099e+00
6.1404422959324574e+00	-1.2386801108748318e+00
6.1404410570268997e+00	-1.2386798617575121e+00
6.1404358134410622e+00	-1.2386788073849317e+00
6.1404325147606631e+00	-1.2386781440910959e+00
6.1404317105041244e+00	-1.2386779823723659e+00
6.1404294139788647e+00	-1.2386775205904215e+00
6.1404284110626062e+00	-1.2386773189254854e+00
6.1404275901627372e+00	-1.2386771538601389e+00
6.1404231126115727e+00	-1.2386762535206917e+00
6.1404207532130917e+00	-1.2386757790962917e+00
6.1404193294155753e+00	-1.2386754928011670e+00
6.1404020836408515e+00	-1.2386720250459786e+00
6.1404013618758500e+00	-1.2386718799145267e+00
6.1403982645515969e+00	-1.2386712571090903e+00
6.1403916070154496e+00	-1.2386699184214474e+00
6.1403855229029363e+00	-1.2386686950369910e+00
6.1403734872676692e+00	-1.2386662749290334e+00
6.1403734325514128e+00	-1.2386662639267685e+00
6.1403726726059924e+00	-1.2386661111180535e+00
6.1403692041730222e+00	-1.2386654136906186e+00
6.1403683623998928e+00	-1.2386652444281074e+00
6.1403621149181529e+00	-1.2386639881936057e+00
6.1403605350663097e+00	-1.2386636705193048e+00
6.1403594311565168e+00	-1.2386634485467365e+00
6.1403576270597098e+00	-1.2386630857815859e+00
6.1403512333385137e+00	-1.2386618001414678e+00
6.1403482689759317e+00	-1.2386612040717704e+00
6.1403474806608420e+00	-1.2386610455585234e+00
6.1403469665634427e+00	-1.2386609421845696e+00
6.1403402338003312e+00	-1.2386595883703984e+00
6.1403401409890348e+00	-1.2386595697080385e+00
6.1403373107928019e+00	-1.2386590006163145e+00
6.1403355600353287e+00	-1.2386586485765594e+00
6.1403335254976827e+00	-1.2386582394747017e+00
6.1403276285510318e+00	-1.2386570537252835e+00
6.1402949701164342e+00	-1.2386571800754256e+00
6.1402917753846626e+00	-1.2386584257796678e+00
6.1402906865947582e+00	-1.2386588503255449e+00
6.1402898593173747e+00	-1.2386591729012790e+00
6.1402886077082943e+00	-1.2386596609343448e+00
6.1402880531591046e+00	-1.2386598771666699e+00
6.1402861079849007e+00	-1.2386606356377812e+00
6.1402842870366552e+00	-1.2386613456701461e+00
6.1402837059857900e+00	-1.2386615722361238e+00
6.1402834403828637e+00	-1.2386616758012166e+00
6.1402802640031995e+00	-1.2386629143495222e+00
6.1402788970619131e+00	-1.2386634473534428e+00
6.1402785574643808e+00	-1.2386635797708465e+00
6.1402769999715927e+00	-1.2386641870754693e+00
6.1402752517646260e+00	-1.2386648687442261e+00
6.1402751218688074e+00	-1.2386649193937902e+00
6.1402728022068045e+00	-1.2386658238868757e+00
6.1402716851882611e+00	-1.2386662594397917e+00
6.1402704495336033e+00	-1.2386667412518368e+00
6.1402661798551073e+00	-1.2386684061041613e+00
6.1402607436616181e+00	-1.2386705258092807e+00
6.1402597194084478e+00	-1.2386709251907033e+00
6.1402581033845598e+00	-1.2386715553180370e+00
6.1402580838291874e+00	-1.2386715629431559e+00
6.1402492253067571e+00	-1.2386750170982341e+00
6.1402490693176421e+00	-1.2386750779222142e+00
6.1402488042581940e+00	-1.2386751812753916e+00
6.1402443617827425e+00	-1.2386769135054851e+00
6.1402429935122180e+00	-1.2386774470277084e+00
6.1402415017930077e+00	-1.2386780286856007e+00
6.1402414835449379e+00	-1.2386780358009704e+00
6.1402412261044894e+00	-1.2386781361833128e+00
6.1402394302957912e+00	-1.2386788364131518e+00
6.1402393634138210e+00	-1.2386788624920719e+00
6.1402382358173435e+00	-1.2386793021695832e+00
6.1402379864077687e+00	-1.2386793994204912e+00
6.1402376797688634e+00	-1.2386795189865183e+00
6.1402353183894602e+00	-1.2386804397462410e+00
6.1402350709759101e+00	-1.2386805362188500e+00
6.1402316300406143e+00	-1.2386818779238824e+00
6.1402289667253056e+00	-1.2386829164158173e+00
6.1402274513015582e+00	-1.2386835073166895e+00
6.1402273422059954e+00	-1.2386835498557243e+00
6.1402262947182367e+00	-1.2386839582968825e+00
6.1402257137383263e+00	-1.2386841848351930e+00
6.1402195287248231e+00	-1.2386865965235947e+00
6.1402183199065954e+00	-1.2386870678714581e+00
6.1402053426082031e+00	-1.2386921280382628e+00
6.1401906783503524e+00	-1.2386978459919191e+00
6.1401886524953833e+00	-1.2386986359224392e+00
6.1401867498415790e+00	-1.2386993778138045e+00
6.1401867106650894e+00	-1.2386993930896784e+00
6.1401866985864784e+00	-1.2386993977994247e+00
6.1401838723106543e+00	-1.2387004998336597e+00
6.1401832572007224e+00	-1.2387007396801026e+00
6.1401811104439048e+00	-1.2387015767532175e+00
6.1401792447990369e+00	-1.2387023042138909e+00
6.1401775557257414e+00	-1.2387029628249795e+00
6.1401730382217528e+00	-1.2387047243105394e+00
6.1401592696216625e+00	-1.2387100930252761e+00
6.1289420159819192e+00	-1.2430839752303768e+00
6.1229484676702066e+00	-1.2450936172790807e+00
6.1210157427393197e+00	-1.2459999524331840e+00
6.1041625512598916e+00	-1.2439605303537655e+00
6.0984183422211640e+00	-1.2475058621511934e+00
6.0857655697489434e+00	-1.2558905211744256e+00
6.0827093012542521e+00	-1.2455270940300289e+00
6.0695253128417228e+00	-1.2403761562685451e+00
6.0643201375377727e+00	-1.2388761039990803e+00
6.0509426099679073e+00	-1.2405941613786196e+00
6.0487108290450324e+00	-1.2404220572255076e+00
6.0406273174954332e+00	-1.2484998115806256e+00
6.0389867007565234e+00	-1.2492147915796470e+00
6.0237418550715853e+00	-1.2541980991991599e+00
6.0127975166836736e+00	-1.2394498765424533e+00
6.0065177412513897e+00	-1.2385510386805885e+00
6.0056001742417164e+00	-1.2385430680467513e+00
6.0055499042875988e+00	-1.2385424128157638e+00
6.0052778882903182e+00	-1.2385400498930679e+00
6.0052752928121569e+00	-1.2385400160729692e+00
6.0050992223971456e+00	-1.2385384866012328e+00
6.0050279873113217e+00	-1.2385375471296194e+00
6.0049269048535852e+00	-1.2385366578245804e+00
6.0049079237124996e+00	-1.2385364908319609e+00
6.0048918376158547e+00	-1.2385363493094146e+00
6.0045389767482904e+00	-1.2385316580410186e+00
6.0045006594462667e+00	-1.2385313641249551e+00
6.0043443428386309e+00	-1.2385292859031158e+00
6.0032646936229845e+00	-1.2385170649496244e+00
5.9970984138750012e+00	-1.2384866336450513e+00
5.9883724763320663e+00	-1.2383845000178255e+00
5.9880282875300352e+00	-1.2383824627986459e+00
5.9810746766875944e+00	-1.2393658050046261e+00
5.9772393183457142e+00	-1.2396384826023403e+00
5.9749575317432679e+00	-1.2383288649287538e+00
5.9749422465427093e+00	-1.2383287837262951e+00
5.9749165856365272e+00	-1.2383287700706345e+00
5.9748597020189607e+00	-1.2383284376726680e+00
5.9747237071191650e+00	-1.2383283635497142e+00
5.9745981030982884e+00	-1.2383276202847833e+00
5.9745875126932981e+00	-1.2383276135223933e+00
5.9745433096452585e+00	-1.2383273519497524e+00
5.9744836871828273e+00	-1.2383272273818096e+00
5.9744726075694077e+00	-1.2383271618179204e+00
5.9744630620097086e+00	-1.2383271543107242e+00
5.9743102938825485e+00	-1.2383262503015158e+00
5.9743099837712226e+00	-1.2383262500045138e+00
5.9741618971583597e+00	-1.2383253736982833e+00
5.9741473428572665e+00	-1.2383253420339382e+00
5.9736581805540876e+00	-1.2383224474037908e+00
5.9735848848806166e+00	-1.2383222248014447e+00
5.9725629445681143e+00	-1.2383161774441194e+00
5.9725046553312620e+00	-1.2383160275735772e+00
5.9666190661245384e+00	-1.2382811994524361e+00
5.9607334769178157e+00	-1.2382463713312952e+00
5.9526818334717015e+00	-1.2382021991691587e+00
5.9507136370974667e+00	-1.2381917439937462e+00
5.9464589204531784e+00	-1.2381703630166667e+00
5.9439688154570733e+00	-1.2381584718571013e+00
5.9349770283069709e+00	-1.2384714409771898e+00
5.9261527981665028e+00	-1.2462836027052298e+00
5.9087805017690469e+00	-1.2437584181167149e+00
5.9001100182241508e+00	-1.2376931671324056e+00
5.8970009804087233e+00	-1.2376238540604148e+00
5.8863866608958091e+00	-1.2374620252914335e+00
5.8804062671125408e+00	-1.2373987842921694e+00
5.8754487981933892e+00	-1.2373566252658579e+00
5.8752110444175987e+00	-1.2373547730309353e+00
5.8666243563530731e+00	-1.2419871838169561e+00
5.8561161624048568e+00	-1.2466588957867262e+00
5.8464754515180406e+00	-1.2405290200420427e+00
5.8365166079048789e+00	-1.2445730807812787e+00
5.8343631074349611e+00	-1.2433587125036707e+00
5.8316071199356552e+00	-1.2447126558746600e+00
5.8255260938927780e+00	-1.2489825237096079e+00
5.8239484069472667e+00	-1.2477405552115339e+00
5.8160876432554662e+00	-1.2532817114494101e+00
5.8115889828480611e+00	-1.2555872432570365e+00
5.8063658368406479e+00	-1.2583483558621684e+00
5.7975199035069966e+00	-1.2552794339774975e+00
5.7889540037396259e+00	-1.2529162903248305e+00
5.7882556645493644e+00	-1.2470667360757355e+00
5.7874900590685598e+00	-1.2471865964122035e+00
5.7769470641609866e+00	-1.2413139434861353e+00
5.7700562121429373e+00	-1.2406216868675406e+00
5.7632819784740370e+00	-1.2369640511427666e+00
5.7632762763032712e+00	-1.2369621971531981e+00
5.7525103111846327e+00	-1.2387826175296648e+00
5.7422023839339564e+00	-1.2361282203840651e+00
5.7422000659849788e+00	-1.2361276234883944e+00
5.7421996686740133e+00	-1.2361275211767397e+00
5.7421986658754109e+00	-1.2361272629457993e+00
5.7421972164480239e+00	-1.2361268897033595e+00
5.7421899694439507e+00	-1.2361250235253725e+00
5.7421899398408991e+00	-1.2361250159022825e+00
5.7421898236550355e+00	-1.2361249859832293e+00
5.7421872283465207e+00	-1.2361243176646288e+00
5.7421824578728105e+00	-1.2361230892186481e+00
5.7421815872082194e+00	-1.2361228650135729e+00
5.7421654837031033e+00	-1.2361187181955973e+00
5.7421634561736541e+00	-1.2361181960859384e+00
5.7421606370616942e+00	-1.2361174701356519e+00
5.7421573564642099e+00	-1.2361166253481028e+00
5.7421555580785588e+00	-1.2361161622453254e+00
5.7421554923795366e+00	-1.2361161453271525e+00
5.7421506948294683e+00	-1.2361149099087314e+00
5.7418867167029672e+00	-1.2361118848249828e+00
5.7412615262875262e+00	-1.2361047203928739e+00
5.7397280529769370e+00	-1.2360871474020645e+00
5.7396090486034543e+00	-1.2360857836595416e+00
5.7393422806923216e+00	-1.2360827266059768e+00
5.7391234435522094e+00	-1.2360802188198776e+00
5.7386650956425838e+00	-1.2360749663361548e+00
5.7385374226658419e+00	-1.2360735032549055e+00
5.7384827213274825e+00	-1.2360728763994464e+00
5.7378747306110300e+00	-1.2360659090690085e+00
5.7378597284354491e+00	-1.2360657371500767e+00
5.7375129915282193e+00	-1.2360617636838012e+00
5.7370081239912043e+00	-1.2360559781037546e+00
5.7365356586132785e+00	-1.2360505638394914e+00
5.7364487869842202e+00	-1.2360495683253676e+00
5.7360967641398783e+00	-1.2360455342843670e+00
5.7358529019054050e+00	-1.2360427397206954e+00
5.7351675741316690e+00	-1.2360372397725241e+00
5.7349755269097802e+00	-1.2360356985395444e+00
5.7349681605720528e+00	-1.2360356394226120e+00
5.7347659455012288e+00	-1.2360340165897841e+00
5.7346553605963013e+00	-1.2360331291148139e+00
5.7334553886360364e+00	-1.2360234990022729e+00
5.7331645545469208e+00	-1.2360211649768942e+00
5.7331212474611588e+00	-1.2360208174253484e+00
5.7330770382032936e+00	-1.2360204626336178e+00
5.7321034656343448e+00	-1.2360126494398798e+00
5.7318410121385250e+00	-1.2360105431767459e+00
5.7312929053697248e+00	-1.2360061444657404e+00
5.7312233307150331e+00	-1.2360055861095647e+00
5.7306846513686809e+00	-1.2360012630562762e+00
5.7306081346610398e+00	-1.2360006489881727e+00
5.7305918705150924e+00	-1.2360005184638263e+00
5.7305651068624766e+00	-1.2360003036779854e+00
5.7303179654264635e+00	-1.2359983202984388e+00
5.7283314107931327e+00	-1.2359823776386758e+00
5.7248629989435313e+00	-1.2359545426578964e+00
5.7248363242460929e+00	-1.2359541335256070e+00
5.7248227080559140e+00	-1.2359540242518505e+00
5.7248164681334108e+00	-1.2359539285506622e+00
5.7246406762518429e+00	-1.2359525177713613e+00
5.7245279504444557e+00	-1.2359507269779872e+00
5.7245133971413544e+00	-1.2359506096396344e+00
5.7223026914669584e+00	-1.2359200566027893e+00
5.7215878066290191e+00	-1.2359101765436542e+00
5.7215870747986965e+00	-1.2359105030521043e+00
5.7122437225098874e+00	-1.2400790696965300e+00
5.7037803394844131e+00	-1.2454867593623287e+00
5.6900587274252743e+00	-1.2425831615471099e+00
5.6863103062216913e+00	-1.2403979762063104e+00
5.6778225501067485e+00	-1.2354971201706062e+00
5.6742266589141472e+00	-1.2354128195174081e+00
5.6650455008927034e+00	-1.2352148216425836e+00
5.6645004049251044e+00	-1.2352038816105615e+00
5.6615925708578247e+00	-1.2351472594767037e+00
5.6588107071479055e+00	-1.2350967414042688e+00
5.6563292479993184e+00	-1.2350525933620562e+00
5.6559815419779493e+00	-1.2350465087500835e+00
5.6524680258293314e+00	-1.2349890917308415e+00
5.6476067438138466e+00	-1.2349148744071727e+00
5.6441048807297252e+00	-1.2348652252735917e+00
5.6439681425393058e+00	-1.2348631798738050e+00
5.6428575998307631e+00	-1.2348474776105656e+00
5.6421531166866936e+00	-1.2348372048893526e+00
5.6418886771103942e+00	-1.2348333488509677e+00
5.6418742010220919e+00	-1.2348331377617165e+00
5.6417827525072646e+00	-1.2348318419443973e+00
5.6415037977298557e+00	-1.2348277558468628e+00
5.6356811400077573e+00	-1.2347432432986489e+00
5.6333285832041877e+00	-1.2347091285229821e+00
5.6331631321444089e+00	-1.2347067638437608e+00
5.6240590362759413e+00	-1.2353900216065554e+00
5.6115406169104425e+00	-1.2465626097587330e+00
5.6056747267405980e+00	-1.2523953305704665e+00
5.5919097936333770e+00	-1.2636945618756699e+00
5.5885022334124308e+00	-1.2660814744009385e+00
5.5715262424977201e+00	-1.2778107938343128e+00
5.5653504098445943e+00	-1.2801730430098324e+00
5.5524061933400084e+00	-1.2840939852258093e+00
5.5353029305575143e+00	-1.2849675579973387e+00
5.5274732118974663e+00	-1.2797929459187023e+00
5.5207080443583543e+00	-1.2621433608953574e+00
5.5318344306691829e+00	-1.2447199593682423e+00
5.5366670711545041e+00	-1.2382820433935062e+00
5.5454500429714981e+00	-1.2334367748288402e+00
5.5454508025343774e+00	-1.2334363558036838e+00
5.5454508868722714e+00	-1.2334363092773195e+00
5.5454514434117579e+00	-1.2334360022533035e+00
5.5454515806607523e+00	-1.2334359265376742e+00
5.5454516331311581e+00	-1.2334358975915254e+00
5.5454518116766396e+00	-1.2334357990940206e+00
5.5454521736353302e+00	-1.2334355994136501e+00
5.5454522824545558e+00	-1.2334355393817631e+00
5.5454523320346798e+00	-1.2334355120300851e+00
5.5454529480467416e+00	-1.2334351721970607e+00
5.5454529626260491e+00	-1.2334351641541497e+00
5.5454530172073069e+00	-1.2334351340435155e+00
5.5454530197475771e+00	-1.2334351326421340e+00
5.5454533658605838e+00	-1.2334349417032917e+00
5.5452081395377180e+00	-1.2334313470669542e+00
5.5451731746042388e+00	-1.2334308345354323e+00
5.5445520594778870e+00	-1.2334217299540933e+00
5.5440310643348010e+00	-1.2334140929759290e+00
5.5438354295343846e+00	-1.2334112252741494e+00
5.5437886830556335e+00	-1.2334105400435051e+00
5.5433247632410492e+00	-1.2334037397008513e+00
5.5430498088842342e+00	-1.2333997092977909e+00
5.5418936225689315e+00	-1.2333827614053563e+00
5.5418473760097351e+00	-1.2333820835027551e+00
5.5412949158121076e+00	-1.2333739852958485e+00
5.5403599130558154e+00	-1.2333602796102425e+00
5.5276833435030408e+00	-1.2361282173242896e+00
5.5210209635879721e+00	-1.2381335133128513e+00
5.5080596321184601e+00	-1.2384300497325207e+00
5.4921611753391506e+00	-1.2412811885020738e+00
5.4900068280220093e+00	-1.2406345750656818e+00
5.4735602208383689e+00	-1.2441180672573162e+00
5.4576172395635956e+00	-1.2365047013254333e+00
5.4523908825697429e+00	-1.2331431718973023e+00
5.4396688473450947e+00	-1.2314505522733017e+00
5.4396671215763153e+00	-1.2314503226661635e+00
5.4396621824352547e+00	-1.2314496655317555e+00
5.4365133415263669e+00	-1.2313909244225363e+00
5.4341465078755018e+00	-1.2313492046246639e+00
5.4329658481787941e+00	-1.2313283933251942e+00
5.4326741837009518e+00	-1.2313232522021340e+00
5.4294052450988461e+00	-1.2312680465732413e+00
5.4247909164112134e+00	-1.2311932034837534e+00
5.4241305018347283e+00	-1.2311828098111530e+00
5.4240768178113941e+00	-1.2311818094410574e+00
5.4235637408195556e+00	-1.2311737166037207e+00
5.4201703011898221e+00	-1.2311098723364080e+00
5.4200652228242028e+00	-1.2311080266582131e+00
5.4169571454185892e+00	-1.2310495512036999e+00
5.4132257056376902e+00	-1.2373247389000281e+00
5.4060628546944205e+00	-1.2380426913311255e+00
5.3957578463315397e+00	-1.2321020708810393e+00
5.3880818516132880e+00	-1.2303827438759991e+00
5.3880786346102036e+00	-1.2303820233074629e+00
5.3880777849673223e+00	-1.2303818329980629e+00
5.3880771713540776e+00	-1.2303816955563551e+00
5.3880769288609924e+00	-1.2303816412409307e+00
5.3880713686132236e+00	-1.2303803958148338e+00
5.3880697453883855e+00	-1.2303800322327312e+00
5.3880669406559516e+00	-1.2303794040076748e+00
5.3880610994472500e+00	-1.2303780956498356e+00
5.3880585571117630e+00	-1.2303775261984198e+00
5.3880556104981148e+00	-1.2303768661937424e+00
5.3880440048350033e+00	-1.2303742666700672e+00
5.3880427735253482e+00	-1.2303739908720739e+00
5.3880413181794973e+00	-1.2303736648927690e+00
5.3880391547607793e+00	-1.2303731803139799e+00
5.3880345460071464e+00	-1.2303721480106926e+00
5.3880291608420885e+00	-1.2303709418009372e+00
5.3880273697968795e+00	-1.2303705406291665e+00
5.3880258073168861e+00	-1.2303701906531506e+00
5.3878698112520595e+00	-1.2303667056699148e+00
5.3876864701632270e+00	-1.2303626097933826e+00
5.3862497637510209e+00	-1.2303305134852676e+00
5.3860293952751430e+00	-1.2303255904095154e+00
5.3858550025888086e+00	-1.2303216944420818e+00
5.3857416641969289e+00	-1.2303191624397771e+00
5.3856102173789813e+00	-1.2303162258916183e+00
5.3847584031117108e+00	-1.2302971961908060e+00
5.3846983416124603e+00	-1.2302958544049203e+00
5.3845726968250567e+00	-1.2302930474752822e+00
5.3842486931982032e+00	-1.2302858091695648e+00
5.3841932418888359e+00	-1.2302845703762415e+00
5.3839670267731332e+00	-1.2302795166853884e+00
5.3834855977711351e+00	-1.2302687614653571e+00
5.3833750098727515e+00	-1.2302662909096262e+00
5.3832547547347582e+00	-1.2302636043858322e+00
5.3830668454500294e+00	-1.2302594064548915e+00
5.3830361103998623e+00	-1.2302587198277339e+00
5.3826812921437295e+00	-1.2302507931170454e+00
5.3826486241872660e+00	-1.2302500633083753e+00
5.3823008744017162e+00	-1.2302422945087312e+00
5.3820484594002229e+00	-1.2302366555071982e+00
5.3820145378596083e+00	-1.2302358976932077e+00
5.3818591892933121e+00	-1.2302324271752183e+00
5.3818080865604800e+00	-1.2302312855299633e+00
5.3817773648848979e+00	-1.2302305992015965e+00
5.3816352514771140e+00	-1.2302274243596909e+00
5.3815710625706936e+00	-1.2302259903667050e+00
5.3815524082786137e+00	-1.2302255736260952e+00
5.3813670236548061e+00	-1.2302214320965836e+00
5.3813416995239098e+00	-1.2302208663504430e+00
5.3812719241902265e+00	-1.2302193075555565e+00
5.3812701866847332e+00	-1.2302195029211938e+00
5.3812672575474227e+00	-1.2302198322742690e+00
5.3812659123867226e+00	-1.2302199835245402e+00
5.3812600447484567e+00	-1.2302206432835419e+00
5.3812590623422816e+00	-1.2302207537455860e+00
5.3812587082127301e+00	-1.2302207935640186e+00
5.3812560280606698e+00	-1.2302210949211179e+00
5.3812550943021815e+00	-1.2302211999132016e+00
5.3812492711480884e+00	-1.2302218546703894e+00
5.3812487097730415e+00	-1.2302219177915674e+00
5.3812464264859301e+00	-1.2302221745250530e+00
5.3812460138918423e+00	-1.2302222209172557e+00
5.3812427446835445e+00	-1.2302225885080145e+00
5.3812298416412743e+00	-1.2302240393299464e+00
5.3812280407768451e+00	-1.2302242418196814e+00
5.3812245269496817e+00	-1.2302246369154586e+00
5.3812244509780527e+00	-1.2302246454577312e+00
5.3812213237435635e+00	-1.2302249970849124e+00
5.3812142612818210e+00	-1.2302257911902228e+00
5.3812135798494012e+00	-1.2302258678106879e+00
5.3812074549503297e+00	-1.2302265564961714e+00
5.3812019539790992e+00	-1.2302271750270217e+00
5.3812018616731869e+00	-1.2302271854059261e+00
5.3811938554153373e+00	-1.2302280856319532e+00
5.3811930056670150e+00	-1.2302281811779088e+00
5.3811877009576365e+00	-1.2302287776410177e+00
5.3811765321662710e+00	-1.2302300334632590e+00
5.3811605097221999e+00	-1.2302318350316623e+00
5.3811463134797499e+00	-1.2302334312614092e+00
5.3811322538104402e+00	-1.2302350121348311e+00
5.3811308823770689e+00	-1.2302351663392095e+00
5.3811281090807359e+00	-1.2302354781694786e+00
5.3811235433441880e+00	-1.2302359915422616e+00
5.3811226969176023e+00	-1.2302360867147200e+00
5.3811166797760448e+00	-1.2302367632839164e+00
5.3811127234611540e+00	-1.2302372081331459e+00
5.3811041943234494e+00	-1.2302381671519400e+00
5.3810989555807334e+00	-1.2302387561977379e+00
5.3810771474099077e+00	-1.2302412083149878e+00
5.3667531369940784e+00	-1.2318518043300541e+00
5.3483740451830863e+00	-1.2428573586897735e+00
5.3320315189336061e+00	-1.2465010179093625e+00
5.3278482866095729e+00	-1.2423761977791945e+00
5.3250771720232422e+00	-1.2399900154024204e+00
5.3148291715923976e+00	-1.2298342035525276e+00
5.2988225826759709e+00	-1.2285914329066396e+00
5.2952803044360799e+00	-1.2285477899881634e+00
5.2951709841263570e+00	-1.2285465807584037e+00
5.2950260387921011e+00	-1.2285451654688018e+00
5.2950101676407639e+00	-1.2285448154347767e+00
5.2945725674566475e+00	-1.2285405425756775e+00
5.2945707781653439e+00	-1.2285404975279675e+00
5.2944565743615950e+00	-1.2285393824078652e+00
5.2944353904259573e+00	-1.2285388465969416e+00
5.2944309446735263e+00	-1.2285388031667577e+00
5.2943677392507853e+00	-1.2285371881427907e+00
5.2943672206674197e+00	-1.2285371828418434e+00
5.2942210108394523e+00	-1.2285334468906206e+00
5.2942172911982350e+00	-1.2285334031670752e+00
5.2941719294268026e+00	-1.2285322440838056e+00
5.2941695555511483e+00	-1.2285322135121235e+00
5.2940473402053136e+00	-1.2285290906675304e+00
5.2940315923708008e+00	-1.2285288806466930e+00
5.2938501129339208e+00	-1.2285242434869783e+00
5.2938485435172860e+00	-1.2285242222529229e+00
5.2938420018802503e+00	-1.2285240551011163e+00
5.2938287633700671e+00	-1.2285238835966035e+00
5.2923636925136366e+00	-1.2284864481291402e+00
5.2923454413104993e+00	-1.2284860456037052e+00
5.2799860161788237e+00	-1.2281702377672787e+00
5.2799695913507447e+00	-1.2281697542513099e+00
5.2788596086485429e+00	-1.2281413919907744e+00
5.2788136538467141e+00	-1.2281399245273461e+00
5.2784363839135136e+00	-1.2281302837089887e+00
5.2783642064127037e+00	-1.2281279305561665e+00
5.2783557841414313e+00	-1.2281277146958305e+00
5.2783453420069470e+00	-1.2281273784472457e+00
5.2783075749239057e+00	-1.2281264091406603e+00
5.2781747296747668e+00	-1.2281220932532551e+00
5.2781434283292263e+00	-1.2281212869322753e+00
5.2780785922924069e+00	-1.2281191376479372e+00
5.2779791594094574e+00	-1.2281165358738417e+00
5.2777545631598981e+00	-1.2281094913819512e+00
5.2775694610588451e+00	-1.2281036856293961e+00
5.2775162312503614e+00	-1.2281020160692189e+00
5.2773666196461306e+00	-1.2280974863052707e+00
5.2772883468933989e+00	-1.2280953619444837e+00
5.2772689666523789e+00	-1.2280947361909713e+00
5.2772316005114837e+00	-1.2280937452980885e+00
5.2771665971214237e+00	-1.2280915592127726e+00
5.2770974932221666e+00	-1.2280897578136833e+00
5.2770498011995119e+00	-1.2280881835291055e+00
5.2770405645822560e+00	-1.2280879376057079e+00
5.2770252136437517e+00	-1.2280874176134282e+00
5.2770220470081384e+00	-1.2280873372122532e+00
5.2770036460807255e+00	-1.2280866960297467e+00
5.2769008618145783e+00	-1.2280839428010311e+00
5.2767926390160556e+00	-1.2280802725897675e+00
5.2767921431854576e+00	-1.2280802588739559e+00
5.2767872164836680e+00	-1.2280800954178348e+00
5.2767727085382434e+00	-1.2280797156676244e+00
5.2767507870528014e+00	-1.2280789537782002e+00
5.2767061453145123e+00	-1.2280777120349433e+00
5.2766313649124683e+00	-1.2280752251283895e+00
5.2766205308392431e+00	-1.2280748971070803e+00
5.2766042121413212e+00	-1.2280744550906189e+00
5.2765972292687042e+00	-1.2280742168345038e+00
5.2765230159570917e+00	-1.2280722355856197e+00
5.2764806262266157e+00	-1.2280707646889659e+00
5.2764358551295993e+00	-1.2280695277636604e+00
5.2763762665848484e+00	-1.2280675015616673e+00
5.2763048412339444e+00	-1.2280653390290137e+00
5.2762476764334325e+00	-1.2280637928978175e+00
5.2762351041374442e+00	-1.2280633541235952e+00
5.2762219643386974e+00	-1.2280629905746043e+00
5.2762156552075661e+00	-1.2280627739502825e+00
5.2761756436992195e+00	-1.2280617256000148e+00
5.2761057282483668e+00	-1.2280593228034984e+00
5.2760109802970359e+00	-1.2280567892281760e+00
5.2759353842727759e+00	-1.2280541530462705e+00
5.2759125952038950e+00	-1.2280534630656827e+00
5.2759076157843365e+00	-1.2280532878895449e+00
5.2757630379021663e+00	-1.2280492823214579e+00
5.2756990951884033e+00	-1.2280470298954327e+00
5.2755599278570919e+00	-1.2280428748136520e+00
5.2753813222471235e+00	-1.2280378833124010e+00
5.2753124806528078e+00	-1.2280354868486711e+00
5.2752277824174518e+00	-1.2280329580361167e+00
5.2751814026715831e+00	-1.2280313185237166e+00
5.2751433176540914e+00	-1.2280302306991777e+00
5.2751324143578504e+00	-1.2280298447173927e+00
5.2751055871636909e+00	-1.2280291063207618e+00
5.2750522722709867e+00	-1.2280272189486314e+00
5.2750511572158620e+00	-1.2280271873702935e+00
5.2746783939920796e+00	-1.2280139913778780e+00
5.2746410314393550e+00	-1.2280128914947748e+00
5.2738393057254367e+00	-1.2279845100296380e+00
5.2711806779853738e+00	-1.2278934537791462e+00
5.2692618518880368e+00	-1.2278291503523551e+00
5.2609243895013895e+00	-1.2372330268619665e+00
5.2548993631442027e+00	-1.2385527680066137e+00
5.2543365232782575e+00	-1.2333809059254408e+00
5.2477255665443954e+00	-1.2271752071423245e+00
5.2421348242705674e+00	-1.2270406126169302e+00
5.2403693800195841e+00	-1.2269988867958197e+00
5.2393782913993849e+00	-1.2269757054145221e+00
5.2337072692976712e+00	-1.2268474846193453e+00
5.2316181256770022e+00	-1.2268009784701082e+00
5.2296415511147236e+00	-1.2267577397613358e+00
5.2288995727074115e+00	-1.2267417672239924e+00
5.2258573902369916e+00	-1.2266767099796017e+00
5.2243131395880464e+00	-1.2266444051955272e+00
5.2242695287415435e+00	-1.2266432821463786e+00
5.2240719391883044e+00	-1.2266391486931356e+00
5.2240613208022850e+00	-1.2266388701201496e+00
5.2238996688384942e+00	-1.2266354884594139e+00
5.2238795380383216e+00	-1.2266349610787741e+00
5.2237176763573832e+00	-1.2266315750308834e+00
5.2237030637429820e+00	-1.2266311902751776e+00
5.2235732679412319e+00	-1.2266284650291182e+00
5.2228684177038280e+00	-1.2266098809466919e+00
5.2228680928406499e+00	-1.2266098740737255e+00
5.2220112569577664e+00	-1.2265875837744431e+00
5.2170642473571656e+00	-1.2264654188753381e+00
5.2164580323831835e+00	-1.2264504485807337e+00
5.2157078138887281e+00	-1.2264319221629416e+00
5.2148238752122484e+00	-1.2264100935658808e+00
5.2148189260996309e+00	-1.2264120217625361e+00
5.2148147261633735e+00	-1.2264136580766940e+00
5.2148144389153028e+00	-1.2264137699898412e+00
5.2040450094025008e+00	-1.2306095884270565e+00
5.2028825567363111e+00	-1.2333162677490530e+00
5.2019816122751976e+00	-1.2384675041635702e+00
5.1987430645830566e+00	-1.2408670912141710e+00
5.1895352027130039e+00	-1.2381797702217101e+00
5.1887936205284522e+00	-1.2340159810719367e+00
5.1865597645596635e+00	-1.2280497230109444e+00
5.1836905280073395e+00	-1.2291072348137326e+00
5.1728101956844332e+00	-1.2311252163930073e+00
5.1661435984905193e+00	-1.2298740198620464e+00
5.1552430155292770e+00	-1.2302148568200961e+00
5.1443636703491222e+00	-1.2266375341112326e+00
5.1399139615612812e+00	-1.2255389457119528e+00
5.1339211033742060e+00	-1.2303377806977165e+00
5.1289860775465481e+00	-1.2344320998131439e+00
5.1225057041093667e+00	-1.2367299117015353e+00
5.1173261928558409e+00	-1.2381116464257802e+00
5.1131362485885630e+00	-1.2419648110866608e+00
5.1129888583420158e+00	-1.2540956242482391e+00
5.1114615083995618e+00	-1.2570180566059943e+00
5.1056351135872537e+00	-1.2621085184355043e+00
5.0923494569150725e+00	-1.2702351856724008e+00
5.0909250766386336e+00	-1.2710716063193259e+00
5.0775718155813170e+00	-1.2782943458244962e+00
5.0660013999768232e+00	-1.2852275288876247e+00
5.0584196378962369e+00	-1.2877482656267556e+00
5.0483718271781841e+00	-1.2890476266698347e+00
5.0426733352937569e+00	-1.2837442264883281e+00
5.0430788162332769e+00	-1.2776264265141304e+00
5.0433220978397539e+00	-1.2710306288310922e+00
5.0561460324029603e+00	-1.2569339381119078e+00
5.0595218598610794e+00	-1.2535993054507664e+00
5.0743602997650488e+00	-1.2379814201165880e+00
5.0753074255162183e+00	-1.2368073767365788e+00
5.0741621362451879e+00	-1.2359872732246056e+00
5.0757356031170726e+00	-1.2270525702781585e+00
5.0616638192988059e+00	-1.2291257473766988e+00
5.0559018170273955e+00	-1.2330394607617601e+00
5.0530751241577763e+00	-1.2294980193491420e+00
5.0485259418544972e+00	-1.2355299641094151e+00
5.0400096112583102e+00	-1.2411223198554602e+00
5.0290365597426785e+00	-1.2512415030875190e+00
5.0279441384116659e+00	-1.2525413802852974e+00
5.0193917318414227e+00	-1.2576408501005396e+00
5.0115734724937369e+00	-1.2696268379091635e+00
4.9998962462012928e+00	-1.2763193068748990e+00
4.9939553931519676e+00	-1.2818927562252300e+00
4.9888057006371955e+00	-1.2859126358627044e+00
4.9809024525184569e+00	-1.2913364413199842e+00
4.9760821070149541e+00	-1.2942500584231067e+00
4.9671732570214733e+00	-1.2968973670537234e+00
4.9584220230077714e+00	-1.2974713540780571e+00
4.9525339360083374e+00	-1.2920955759125654e+00
4.9418612259820689e+00	-1.2866053349207924e+00
4.9411893914084271e+00	-1.2820710142843772e+00
4.9434240602011910e+00	-1.2750938236952569e+00
4.9515362449069489e+00	-1.2685504811413406e+00
4.9528090626965033e+00	-1.2575277529994719e+00
4.9540501178977010e+00	-1.2510204315719384e+00
4.9595284632395726e+00	-1.2495993143168025e+00
4.9636363964006200e+00	-1.2483838504669404e+00
4.9683780115187739e+00	-1.2440313894149400e+00
4.9773624593350618e+00	-1.2388587126384174e+00
4.9794935902189916e+00	-1.2343319358332978e+00
4.9782853374779519e+00	-1.2253104975693685e+00
4.9860567667356843e+00	-1.2197952623233266e+00
4.9860573356207549e+00	-1.2197948585964327e+00
4.9860587357506310e+00	-1.2197938649509419e+00
4.9860613784373404e+00	-1.2197919894865445e+00
4.9860619539909008e+00	-1.2197915810271511e+00
4.9860621104834379e+00	-1.2197914699673802e+00
4.9860621184150959e+00	-1.2197914643384331e+00
4.9860621969837444e+00	-1.2197914085797605e+00
4.9860622000575239e+00	-1.2197914063983584e+00
4.9860622089422852e+00	-1.2197914000930123e+00
4.9860623052214690e+00	-1.2197913317655102e+00
4.9860623243071824e+00	-1.2197913182207429e+00
4.9860624056224010e+00	-1.2197912605128822e+00
4.9860624072849662e+00	-1.2197912593329914e+00
4.9860624083054388e+00	-1.2197912586087813e+00
4.9860624237645226e+00	-1.2197912476377641e+00
4.9860624722421951e+00	-1.2197912132340836e+00
4.9860624912092293e+00	-1.2197911997735409e+00
4.9860625012921940e+00	-1.2197911926178533e+00
4.9860315024263748e+00	-1.2197906248339383e+00
4.9859890148323984e+00	-1.2197898466192583e+00
4.9859885353764906e+00	-1.2197898358567014e+00
4.9859873900684368e+00	-1.2197898101474698e+00
4.9859872125204721e+00	-1.2197898061619727e+00
4.9859871564812881e+00	-1.2197898049040368e+00
4.9859742730924692e+00	-1.2197895157049634e+00
4.9859740127799057e+00	-1.2197895098616132e+00
4.9859727726720360e+00	-1.2197894820243687e+00
4.9859725289218808e+00	-1.2197894765528021e+00
4.9859723151760731e+00	-1.2197894717547564e+00
4.9859721124507121e+00	-1.2197894672040912e+00
4.9859711096046047e+00	-1.2197894446927653e+00
4.9859710502945926e+00	-1.2197894433614076e+00
4.9859632953784807e+00	-1.2197892692834080e+00
4.9859607870163183e+00	-1.2197892129771035e+00
4.9859575256235900e+00	-1.2197891397671921e+00
4.9859571317893305e+00	-1.2197891309266220e+00
4.9859534440698976e+00	-1.2197890481467681e+00
4.9859528957259061e+00	-1.2197890358378503e+00
4.9859468177436286e+00	-1.2197888994027193e+00
4.9859402694466217e+00	-1.2197887524102273e+00
4.9859395352694564e+00	-1.2197887359298309e+00
4.9859394150685050e+00	-1.2197887332316275e+00
4.9859393667578562e+00	-1.2197887321471772e+00
4.9859380114267156e+00	-1.2197887017234652e+00
4.9859330275121270e+00	-1.2197885898473511e+00
4.9859275195709607e+00	-1.2197884662081824e+00
4.9859232340160373e+00	-1.2197883700084535e+00
4.9859218980541469e+00	-1.2197883400195317e+00
4.9859208066844483e+00	-1.2197883155210778e+00
4.9859194437739545e+00	-1.2197882849272288e+00
4.9859183051133860e+00	-1.2197882593672162e+00
4.9859154013635631e+00	-1.2197881941854718e+00
4.9859087312126729e+00	-1.2197880444576723e+00
4.9859025495883555e+00	-1.2197879056960430e+00
4.9859020215461438e+00	-1.2197878938428481e+00
4.9859011108580393e+00	-1.2197878734002332e+00
4.9859008237240676e+00	-1.2197878669548112e+00
4.9858935316917199e+00	-1.2197877032673663e+00
4.9858722318928299e+00	-1.2197872251414488e+00
4.9858612456287998e+00	-1.2197869785279669e+00
4.9858537771207043e+00	-1.2197868108790935e+00
4.9858123804305956e+00	-1.2197858816294538e+00
4.9858115309654547e+00	-1.2197858625611377e+00
4.9857640437020612e+00	-1.2197847965937312e+00
4.9857620438329580e+00	-1.2197847517017932e+00
4.9857458417786438e+00	-1.2197843880071817e+00
4.9857343616103762e+00	-1.2197841303068149e+00
4.9857060518069796e+00	-1.2197834948242550e+00
4.9856912380828442e+00	-1.2197831622940991e+00
4.9856418840643206e+00	-1.2197820544228222e+00
4.9856208834179272e+00	-1.2197815830121117e+00
4.9856126327490449e+00	-1.2197813978057326e+00
4.9855619020529334e+00	-1.2197802590315709e+00
4.9855419215894656e+00	-1.2197798105213535e+00
4.9855343725351782e+00	-1.2197796410644246e+00
4.9854949520209448e+00	-1.2197787561748705e+00
4.9854740648096714e+00	-1.2197782873104881e+00
4.9854637791238661e+00	-1.2197780564231924e+00
4.9854510859134562e+00	-1.2197777714931373e+00
4.9854499642125871e+00	-1.2197777463138264e+00
4.9854020679003934e+00	-1.2197766711643221e+00
4.9853855121825124e+00	-1.2197762995308696e+00
4.9853803600083220e+00	-1.2197761838777581e+00
4.9852586225102895e+00	-1.2197734511828042e+00
4.9852500797023040e+00	-1.2197732594186506e+00
4.9852404775233827e+00	-1.2197730438743335e+00
4.9852246950217198e+00	-1.2197726895976040e+00
4.9851878962139153e+00	-1.2197718635586430e+00
4.9851167575743052e+00	-1.2197702666784322e+00
4.9851158659231691e+00	-1.2197702466631486e+00
4.9850844623404855e+00	-1.2197695417331695e+00
4.9850582884316008e+00	-1.2197689541959695e+00
4.9850546407065242e+00	-1.2197688723138864e+00
4.9850413216997111e+00	-1.2197685733363053e+00
4.9850002836279801e+00	-1.2197676521367296e+00
4.9848285272186441e+00	-1.2197637966453592e+00
4.9848176682526786e+00	-1.2197635528893926e+00
4.9848045152141758e+00	-1.2197632576373747e+00
4.9847946530934344e+00	-1.2197630362580296e+00
4.9847822089148242e+00	-1.2197627569181004e+00
4.9847647757681095e+00	-1.2197623655886183e+00
4.9847551747198215e+00	-1.2197621500696809e+00
4.9847465520813721e+00	-1.2197619565135378e+00
4.9847413869508470e+00	-1.2197618405695900e+00
4.9847328694080781e+00	-1.2197616493725758e+00
4.9846959653874023e+00	-1.2197608209718553e+00
4.9846210926762122e+00	-1.2197591402713039e+00
4.9845889888641297e+00	-1.2197584196229687e+00
4.9845873927456310e+00	-1.2197583837941977e+00
4.9845416709978654e+00	-1.2197573574580938e+00
4.9845197065777613e+00	-1.2197568644131327e+00
4.9844869076765574e+00	-1.2197561281618274e+00
4.9844613964218878e+00	-1.2197555554995170e+00
4.9844600288210339e+00	-1.2197555248003813e+00
4.9844378234197206e+00	-1.2197550263460095e+00
4.9844085619644796e+00	-1.2197543695013036e+00
4.9843985206641772e+00	-1.2197541440998365e+00
4.9843926570708144e+00	-1.2197540124771873e+00
4.9843871406159650e+00	-1.2197538886469084e+00
4.9843138761267793e+00	-1.2197522440468209e+00
4.9843055468055981e+00	-1.2197520570748992e+00
4.9842895095160538e+00	-1.2197516970788345e+00
4.9842893149115817e+00	-1.2197516927104628e+00
4.9842892797348783e+00	-1.2197516919208358e+00
4.9842844463086911e+00	-1.2197515834228005e+00
4.9842448609774390e+00	-1.2197506948335268e+00
4.9842320865247114e+00	-1.2197504080797896e+00
4.9841771688932131e+00	-1.2197491753196550e+00
4.9841729707303699e+00	-1.2197490810816543e+00
4.9841480256388051e+00	-1.2197485211282550e+00
4.9841316295623148e+00	-1.2197481530783425e+00
4.9841224940976590e+00	-1.2197479480105651e+00
4.9841047131808001e+00	-1.2197475488745342e+00
4.9841028703063834e+00	-1.2197475075067246e+00
4.9840834474687599e+00	-1.2197470715137790e+00
4.9840480388346133e+00	-1.2197462766806551e+00
4.9839922466203816e+00	-1.2197450242883785e+00
4.9839808068969491e+00	-1.2197447674958946e+00
4.9839771999116271e+00	-1.2197446865283148e+00
4.9839769630429389e+00	-1.2197446812112196e+00
4.9839701025278256e+00	-1.2197445272102312e+00
4.9839699873273435e+00	-1.2197445246242755e+00
4.9839681751400375e+00	-1.2197444839453131e+00
4.9839680655856888e+00	-1.2197444814860985e+00
4.9839646242187667e+00	-1.2197444042362275e+00
4.9839611279054736e+00	-1.2197443257529512e+00
4.9839609175603172e+00	-1.2197443210312413e+00
4.9839598080755829e+00	-1.2197442961261513e+00
4.9839579897950692e+00	-1.2197442553104121e+00
4.9839562350809601e+00	-1.2197442159215757e+00
4.9839518740760820e+00	-1.2197441180281885e+00
4.9839404910279645e+00	-1.2197438625079204e+00
4.9839365212457389e+00	-1.2197437733964795e+00
4.9839349238250232e+00	-1.2197437375384768e+00
4.9839335759140297e+00	-1.2197437072813282e+00
4.9839311294393065e+00	-1.2197436523642382e+00
4.9839306897792834e+00	-1.2197436424949970e+00
4.9839250958773329e+00	-1.2197435169262292e+00
4.9837738842104580e+00	-1.2197388945627012e+00
4.9836177672980400e+00	-1.2197341222515630e+00
4.9834720077793033e+00	-1.2197296665538169e+00
4.9832403544336241e+00	-1.2197225851823967e+00
4.9830549974563496e+00	-1.2197169190367274e+00
4.9829958783314874e+00	-1.2197151118343321e+00
4.9828762977725942e+00	-1.2197114563967226e+00
4.9828223965019403e+00	-1.2197098086980185e+00
4.9827160876312053e+00	-1.2197065589603695e+00
4.9827146901044026e+00	-1.2197065162396123e+00
4.9823316710863157e+00	-1.2196948077968954e+00
4.9819339694953415e+00	-1.2196826505251244e+00
4.9818616888353056e+00	-1.2196804409900162e+00
4.9814779068170072e+00	-1.2196687092232765e+00
4.9797407199291213e+00	-1.2196156054550435e+00
4.9795952831568453e+00	-1.2196111596232786e+00
4.9792165330445028e+00	-1.2195995816760099e+00
4.9788661957310900e+00	-1.2195888722747217e+00
4.9783148835747877e+00	-1.2195720193079069e+00
4.9781639031408362e+00	-1.2195674040128985e+00
4.9777348747512518e+00	-1.2195542891175901e+00
4.9749346966795889e+00	-1.2194686909540500e+00
4.9740155766785312e+00	-1.2194405945322688e+00
4.9739973328091720e+00	-1.2194400368385534e+00
4.9735758645697867e+00	-1.2194271530481806e+00
4.9731769348847443e+00	-1.2194149582350124e+00
4.9728485727106024e+00	-1.2194049205879902e+00
4.9706155031830619e+00	-1.2193366582683367e+00
4.9705121888705888e+00	-1.2193335000708261e+00
4.9704062032180669e+00	-1.2193302602135794e+00
4.9702179135066977e+00	-1.2193245044176642e+00
4.9702141327045464e+00	-1.2193243888429712e+00
4.9696433960510902e+00	-1.2193069420920324e+00
4.9695793852208041e+00	-1.2193049853559323e+00
4.9693303415863674e+00	-1.2192973723837557e+00
4.9692765085608857e+00	-1.2192957267712263e+00
4.9691821398137650e+00	-1.2192928420291700e+00
4.9691071694629043e+00	-1.2192905502733640e+00
4.9689921545883413e+00	-1.2192870344033762e+00
4.9689919348830580e+00	-1.2192870257059421e+00
4.9689914100585266e+00	-1.2192870049298066e+00
4.9689910910706381e+00	-1.2192869923020895e+00
4.9689871168535484e+00	-1.2192868349754626e+00
4.9689867209062228e+00	-1.2192868193011661e+00
4.9689857077110826e+00	-1.2192867791919897e+00
4.9689853993516291e+00	-1.2192867669850189e+00
4.9689846001050553e+00	-1.2192867353453865e+00
4.9689833037728635e+00	-1.2192866840277139e+00
4.9689798481547376e+00	-1.2192865472307723e+00
4.9689777250121470e+00	-1.2192864631823033e+00
4.9689694260537021e+00	-1.2192861346529074e+00
4.9689680387807096e+00	-1.2192860797351777e+00
4.9689642092080204e+00	-1.2192859281345629e+00
4.9689625311099217e+00	-1.2192858617039912e+00
4.9689522908921502e+00	-1.2192854563263069e+00
4.9689485265710367e+00	-1.2192853073087948e+00
4.9689452309367370e+00	-1.2192851768451043e+00
4.9689336057860567e+00	-1.2192847166423266e+00
4.9689244855629697e+00	-1.2192843556016733e+00
4.9689184585932749e+00	-1.2192841170130932e+00
4.9688946483180665e+00	-1.2192831744399524e+00
4.9688789142487488e+00	-1.2192825515781416e+00
4.9688597812509494e+00	-1.2192817941635519e+00
4.9688443424808488e+00	-1.2192811829916987e+00
4.9688416335245451e+00	-1.2192810757527262e+00
4.9688292558986671e+00	-1.2192805857618463e+00
4.9688075115351698e+00	-1.2192797249715861e+00
4.9687826150849821e+00	-1.2192787394002291e+00
4.9687342514877590e+00	-1.2192768248390855e+00
4.9687265919037591e+00	-1.2192765216204926e+00
4.9687142768228130e+00	-1.2192760341055680e+00
4.9687035683276974e+00	-1.2192756101902713e+00
4.9687027782664384e+00	-1.2192755789142564e+00
4.9686820936382530e+00	-1.2192747600755500e+00
4.9686786138395460e+00	-1.2192746223213760e+00
4.9686674899049770e+00	-1.2192741819601516e+00
4.9686501718205189e+00	-1.2192734963922143e+00
4.9686389719875876e+00	-1.2192730530264149e+00
4.9686314864349876e+00	-1.2192727566971722e+00
4.9686210468258976e+00	-1.2192723434262189e+00
4.9685890608503920e+00	-1.2192710772030810e+00
4.9685813576766042e+00	-1.2192707722589069e+00
4.9685764524408667e+00	-1.2192705780762099e+00
4.9685428910477407e+00	-1.2192692494872941e+00
4.9685388123927998e+00	-1.2192690880263044e+00
4.9685191189884614e+00	-1.2192683084270004e+00
4.9685131904150328e+00	-1.2192680737336159e+00
4.9685070937689062e+00	-1.2192678323867672e+00
4.9684938172216651e+00	-1.2192673068104469e+00
4.9684819748130424e+00	-1.2192668380071177e+00
4.9684793158007938e+00	-1.2192667327452713e+00
4.9684694558212614e+00	-1.2192663424200108e+00
4.9684693846357995e+00	-1.2192663396020045e+00
4.9684366151637498e+00	-1.2192650423627278e+00
4.9684315536263473e+00	-1.2192648419925447e+00
4.9684219444061206e+00	-1.2192644615940482e+00
4.9684007582651146e+00	-1.2192636229020426e+00
4.9683946701487285e+00	-1.2192633818928593e+00
4.9683924093128464e+00	-1.2192632923935502e+00
4.9683904376338051e+00	-1.2192632143410418e+00
4.9683635126696712e+00	-1.2192621484672632e+00
4.9683437746082957e+00	-1.2192613671001291e+00
4.9683431807517886e+00	-1.2192613435912369e+00
4.9683339571557434e+00	-1.2192609784583766e+00
4.9682696265319741e+00	-1.2192584318133857e+00
4.9682652604908313e+00	-1.2192582589756895e+00
4.9682533222482936e+00	-1.2192577863786001e+00
4.9682452050942656e+00	-1.2192574650462635e+00
4.9682334090981630e+00	-1.2192569980802583e+00
4.9682186227906255e+00	-1.2192564127373249e+00
4.9681833278072292e+00	-1.2192550155210786e+00
4.9681612326211368e+00	-1.2192541408428663e+00
4.9681355849016882e+00	-1.2192531255311465e+00
4.9681236922482332e+00	-1.2192526547387841e+00
4.9670831806399027e+00	-1.2192189442847436e+00
4.9618938127006826e+00	-1.2190078583635640e+00
4.9483946968987071e+00	-1.2250378225829655e+00
4.9422106591713399e+00	-1.2267600945398314e+00
4.9355459680017253e+00	-1.2184610069588087e+00
4.9351070760099685e+00	-1.2184651919101204e+00
4.9247595939686049e+00	-1.2224167129482972e+00
4.9163971905350508e+00	-1.2222255492468395e+00
4.9059699686240421e+00	-1.2201266017318952e+00
4.8994874347138353e+00	-1.2189424796739528e+00
4.8911722101469595e+00	-1.2215444176140113e+00
4.8805452647535317e+00	-1.2223668626231494e+00
4.8693111473746935e+00	-1.2211063294638742e+00
4.8690972861332034e+00	-1.2211694684190637e+00
4.8560463669088039e+00	-1.2280412967189533e+00
4.8527793386275118e+00	-1.2248369603181968e+00
4.8501634660449122e+00	-1.2222366415631856e+00
4.8466478074543389e+00	-1.2221890997896989e+00
4.8421633443846908e+00	-1.2240410696722062e+00
4.8313492780932927e+00	-1.2298239207904758e+00
4.8288209527632855e+00	-1.2325240197147007e+00
4.8261110471973891e+00	-1.2297028023309082e+00
4.8207260585423271e+00	-1.2278226919618547e+00
4.8174709677809462e+00	-1.2295030073732394e+00
4.8103969658872767e+00	-1.2302201607704890e+00
4.8093705129623405e+00	-1.2251265642824951e+00
4.8096326017886257e+00	-1.2177369549567481e+00
4.8059854193382954e+00	-1.2150737661520270e+00
4.8059497871270951e+00	-1.2150535876681270e+00
4.7969089996214391e+00	-1.2140082922856599e+00
4.7908383525811038e+00	-1.2133496435596955e+00
4.7908229624213519e+00	-1.2133479737691368e+00
4.7908040649954229e+00	-1.2133459234497181e+00
4.7907955013799830e+00	-1.2133449943206875e+00
4.7907791365026924e+00	-1.2133432187759217e+00
4.7907765383241383e+00	-1.2133429368806010e+00
4.7907689033551142e+00	-1.2133421085071858e+00
4.7907675408272503e+00	-1.2133419606766109e+00
4.7907606196129624e+00	-1.2133412097436476e+00
4.7907572035021433e+00	-1.2133408391048961e+00
4.7907513974994904e+00	-1.2133402091693679e+00
4.7907482342311809e+00	-1.2133398659633425e+00
4.7907481513928909e+00	-1.2133398569756129e+00
4.7907455498729128e+00	-1.2133395747177567e+00
4.7907390413453834e+00	-1.2133388685601862e+00
4.7907350041734791e+00	-1.2133384305379931e+00
4.7907325278270525e+00	-1.2133381618611274e+00
4.7907318795031948e+00	-1.2133380915197487e+00
4.7907271450139834e+00	-1.2133375778405202e+00
4.7907163734325779e+00	-1.2133364091531758e+00
4.7907152408835847e+00	-1.2133362862746842e+00
4.7907098223706139e+00	-1.2133356983807346e+00
4.7907096976457817e+00	-1.2133356848484287e+00
4.7907089209051836e+00	-1.2133356005741822e+00
4.7907044377587304e+00	-1.2133351141649609e+00
4.7907035251141057e+00	-1.2133350151454965e+00
4.7906971705600085e+00	-1.2133343256936253e+00
4.7906962668896913e+00	-1.2133342276478489e+00
4.7906952494817689e+00	-1.2133341172618508e+00
4.7906890958507988e+00	-1.2133334496095938e+00
4.7906805979538394e+00	-1.2133325276108400e+00
4.7906805730684550e+00	-1.2133325249108433e+00
4.7906804059167847e+00	-1.2133325067753409e+00
4.7906801017553917e+00	-1.2133324737746554e+00
4.7906772921737728e+00	-1.2133321689426759e+00
4.7906767961302821e+00	-1.2133321151233036e+00
4.7906722995676638e+00	-1.2133316272584647e+00
4.7906716721194469e+00	-1.2133315591820364e+00
4.7906701990272591e+00	-1.2133313993555324e+00
4.7906690836270078e+00	-1.2133312783376329e+00
4.7906685753055775e+00	-1.2133312231861375e+00
4.7906685635114155e+00	-1.2133312219065029e+00
4.7906672680987166e+00	-1.2133310813577411e+00
4.7906643089895633e+00	-1.2133307603024301e+00
4.7906602884691507e+00	-1.2133303240868785e+00
4.7906423558382993e+00	-1.2133296230925625e+00
4.7906409537260313e+00	-1.2133298209349659e+00
4.7906399163732321e+00	-1.2133299673086735e+00
4.7906398215685533e+00	-1.2133299806859088e+00
4.7906397783843087e+00	-1.2133299867793399e+00
4.7906387614480819e+00	-1.2133301302722055e+00
4.7906387539518942e+00	-1.2133301313299409e+00
4.7906382085322665e+00	-1.2133302082903474e+00
4.7906377681262144e+00	-1.2133302704330116e+00
4.7906369366549635e+00	-1.2133303877561923e+00
4.7906361149274446e+00	-1.2133305037045019e+00
4.7906352790872671e+00	-1.2133306216441513e+00
4.7906350601462524e+00	-1.2133306525374097e+00
4.7906348650742734e+00	-1.2133306800626729e+00
4.7906347137477407e+00	-1.2133307014153176e+00
4.7906321684414248e+00	-1.2133310605659580e+00
4.7906290414291597e+00	-1.2133315017971178e+00
4.7906286547404413e+00	-1.2133315563600993e+00
4.7906277370221488e+00	-1.2133316858530057e+00
4.7906266173681251e+00	-1.2133318438396721e+00
4.7906265463332174e+00	-1.2133318538629185e+00
4.7906247977229919e+00	-1.2133321005972619e+00
4.7906247942785010e+00	-1.2133321010832903e+00
4.7906239771528529e+00	-1.2133322163822615e+00
4.7906224356696621e+00	-1.2133324338903357e+00
4.7906216527575189e+00	-1.2133325443616751e+00
4.7906191811052032e+00	-1.2133328931195071e+00
4.7906153038631656e+00	-1.2133334402104219e+00
4.7906144715251697e+00	-1.2133335576559030e+00
4.7906141629886285e+00	-1.2133336011913689e+00
4.7906117471854950e+00	-1.2133339420687075e+00
4.7906092929998136e+00	-1.2133342883619429e+00
4.7906088140844769e+00	-1.2133343559383871e+00
4.7906086802253141e+00	-1.2133343748263314e+00
4.7906070693315561e+00	-1.2133346021284526e+00
4.7906056622231876e+00	-1.2133348006758216e+00
4.7906051016354372e+00	-1.2133348797764973e+00
4.7906030530997157e+00	-1.2133351688312612e+00
4.7906013146549853e+00	-1.2133354141312216e+00
4.7906005953580539e+00	-1.2133355156262566e+00
4.7906001969583372e+00	-1.2133355718416963e+00
4.7905949076676713e+00	-1.2133363181770660e+00
4.7905889324227218e+00	-1.2133371613027195e+00
4.7905842850515006e+00	-1.2133378170612583e+00
4.7905791748743569e+00	-1.2133385381231530e+00
4.7803657864113704e+00	-1.2147796790127174e+00
4.7728757349484949e+00	-1.2216725662962165e+00
4.7620434300907419e+00	-1.2286563410505087e+00
4.7601114763416010e+00	-1.2286116701290286e+00
4.7483765152101922e+00	-1.2209068008972230e+00
4.7478643698558258e+00	-1.2197617440402806e+00
4.7406114541948030e+00	-1.2231668204667259e+00
4.7346543505000920e+00	-1.2232851565140257e+00
4.7291567119253131e+00	-1.2268168912626953e+00
4.7201020886946701e+00	-1.2381983221793682e+00
4.7221708445793986e+00	-1.2442611507270642e+00
4.7192182925260733e+00	-1.2495079622003751e+00
4.7163603494606932e+00	-1.2539165091462861e+00
4.7085123863551352e+00	-1.2611830324319293e+00
4.7031698298614861e+00	-1.2643772015394441e+00
4.6984076693570644e+00	-1.2696885158359215e+00
4.6925953335737223e+00	-1.2756463049902256e+00
4.6862410244022321e+00	-1.2786067525386482e+00
4.6794839684090030e+00	-1.2787444191222204e+00
4.6729396703876906e+00	-1.2721467175614392e+00
4.6663921872828213e+00	-1.2605596935798196e+00
4.6641756480160517e+00	-1.2572151960516871e+00
4.6637084991517437e+00	-1.2490423409124116e+00
4.6624282104755679e+00	-1.2428800975883401e+00
4.6651949705839630e+00	-1.2390846396761630e+00
4.6701957547210888e+00	-1.2355227570591503e+00
4.6817224986061872e+00	-1.2306249391117214e+00
4.6846015279598916e+00	-1.2288239233856573e+00
4.6916775376948836e+00	-1.2259705708914410e+00
4.6930712769722334e+00	-1.2171234169896512e+00
4.6979217557579780e+00	-1.2106474496940511e+00
4.6929964449587240e+00	-1.2110673037649209e+00
4.6888011967248397e+00	-1.2102979476004516e+00
4.6884859929340230e+00	-1.2103079354485082e+00
4.6823344192038787e+00	-1.2118511478907796e+00
4.6795180005772714e+00	-1.2145286361409200e+00
4.6648333502992729e+00	-1.2248384864249957e+00
4.6632552367303690e+00	-1.2256413234050487e+00
4.6459519490154104e+00	-1.2411137679748776e+00
4.6443114085300872e+00	-1.2430034126464056e+00
4.6278016319151201e+00	-1.2589438032613578e+00
4.6266139134951443e+00	-1.2599012601393784e+00
4.6222611857907285e+00	-1.2601943300707863e+00
4.6079745441912037e+00	-1.2661330179445860e+00
4.5980253150994805e+00	-1.2587294293021698e+00
4.5983430982711972e+00	-1.2436637516156863e+00
4.5977110831060468e+00	-1.2419869506231049e+00
4.5995859467099596e+00	-1.2375596393144734e+00
4.5982284222097753e+00	-1.2383196426871370e+00
4.5932283494496877e+00	-1.2410149863748992e+00
4.5928855858528586e+00	-1.2463301887544433e+00
4.5859645084251746e+00	-1.2585531352029677e+00
4.5795194890924922e+00	-1.2652853276914000e+00
4.5624856998225196e+00	-1.2765344983962013e+00
4.5602764082821485e+00	-1.2766913527501123e+00
4.5619349355546239e+00	-1.2650279320308722e+00
4.5635629613999678e+00	-1.2576426771790048e+00
4.5633746367526626e+00	-1.2579707195328518e+00
4.5558737942141629e+00	-1.2708671934187252e+00
4.5533242424778315e+00	-1.2750553509188736e+00
4.5424147064127238e+00	-1.2900321997454740e+00
4.5413126511760868e+00	-1.2919606624446045e+00
4.5376893631684512e+00	-1.2967594480623215e+00
4.5309762502289814e+00	-1.3041038735862513e+00
4.5256647014795508e+00	-1.3098956705837943e+00
4.5192155024663494e+00	-1.3132453477885426e+00
4.5170289238888284e+00	-1.3172100473694182e+00
4.5063940010070800e+00	-1.3270359807014465e+00
4.5049226732160834e+00	-1.3304474561703712e+00
4.5016462218761442e+00	-1.3342534011602403e+00
4.4971074053825220e+00	-1.3304453560712310e+00
4.4840920943966003e+00	-1.3328853133866689e+00
4.4760448365177670e+00	-1.3263341588162361e+00
4.4761849261456206e+00	-1.3132109345189489e+00
4.4723883639570428e+00	-1.3086639740909125e+00
4.4814891547733522e+00	-1.3023192497800689e+00
4.4848916712955003e+00	-1.2982836877376296e+00
4.4923257428473171e+00	-1.2967727968082694e+00
4.5024285768568397e+00	-1.3004033060070084e+00
4.5052515230141141e+00	-1.2918356395879753e+00
4.5069041673427233e+00	-1.2816095210271850e+00
4.5088368787192481e+00	-1.2752777922713481e+00
4.5065073389605868e+00	-1.2607274502986223e+00
4.5060033598263409e+00	-1.2554561039843444e+00
4.5046053078175436e+00	-1.2534712830883179e+00
4.4992624478796150e+00	-1.2397392886231420e+00
4.5035508054494855e+00	-1.2300684035755696e+00
4.5042029041726703e+00	-1.2236560945844392e+00
4.5082287870232047e+00	-1.2215545891067268e+00
4.5118126168426009e+00	-1.2162808450210025e+00
4.5178604327126983e+00	-1.2147467978741118e+00
4.5220700574138606e+00	-1.2115890422273186e+00
4.5227246581658402e+00	-1.2106709970759999e+00
4.5220197362532462e+00	-1.2108631343134129e+00
4.5127616144512679e+00	-1.2066370744855073e+00
4.5018717000061859e+00	-1.2103579827130944e+00
4.4988667891524754e+00	-1.2166568321253710e+00
4.4906398081175034e+00	-1.2208233469904179e+00
4.4860577959937737e+00	-1.2219323946256715e+00
4.4832519324006848e+00	-1.2243276480035514e+00
4.4780332898233359e+00	-1.2268814136902080e+00
4.4739265175233696e+00	-1.2326470453348195e+00
4.4723680445518870e+00	-1.2379866164980959e+00
4.4671104583012360e+00	-1.2425703292583656e+00
4.4651835475282535e+00	-1.2451059650671150e+00
4.4569209467151447e+00	-1.2510000836276145e+00
4.4510044757089053e+00	-1.2560055472664100e+00
4.4472771405035916e+00	-1.2588612377493604e+00
4.4391472983664828e+00	-1.2673952869502829e+00
4.4290491202780151e+00	-1.2722439070149265e+00
4.4224673976158719e+00	-1.2692472534786967e+00
4.4169697742147305e+00	-1.2649527868387707e+00
4.4137896119206461e+00	-1.2542203663890312e+00
4.4152689498573752e+00	-1.2436119523882938e+00
4.4154617674742154e+00	-1.2366710830774101e+00
4.4248093706692115e+00	-1.2290846764665497e+00
4.4304849307073484e+00	-1.2244312812346552e+00
4.4372382559406160e+00	-1.2217107651331651e+00
4.4409911735067666e+00	-1.2196755052839361e+00
4.4442565276300776e+00	-1.2155345594756342e+00
4.4483010390649236e+00	-1.2145833601988856e+00
4.4529541532529935e+00	-1.2139553957156759e+00
4.4574107210078990e+00	-1.2073177496025085e+00
4.4567507729138933e+00	-1.2038797775342454e+00
4.4480636915171923e+00	-1.2039037603061713e+00
4.4309822327532267e+00	-1.1978539766282965e+00
4.4305451130232436e+00	-1.1978376351525730e+00
4.4298810022876509e+00	-1.1978129864431191e+00
4.4275745267429665e+00	-1.1977276174024503e+00
4.4249205936780651e+00	-1.1976294514143637e+00
4.4229020123000433e+00	-1.1975555147474348e+00
4.4223902924489806e+00	-1.1975369011928607e+00
4.4145918839236691e+00	-1.1975892150514169e+00
4.4089514919059374e+00	-1.1988099135199766e+00
4.4018206852634778e+00	-1.2002119674323697e+00
4.3997838703142254e+00	-1.2020087370398147e+00
4.3876286513267466e+00	-1.2125950652247248e+00
4.3793634068353811e+00	-1.2183354321139206e+00
4.3690525686026511e+00	-1.2254077697547161e+00
4.3666250116499308e+00	-1.2281619597601841e+00
4.3560598257299192e+00	-1.2361716155461318e+00
4.3514061575025771e+00	-1.2390145277791638e+00
4.3483274605609434e+00	-1.2413286317531382e+00
4.3331982684110093e+00	-1.2481395022189168e+00
4.3261478525835040e+00	-1.2497930887375273e+00
4.3234929629843073e+00	-1.2536259629746467e+00
4.3160619651376013e+00	-1.2626685451141946e+00
4.3107333963556451e+00	-1.2709425664920262e+00
4.3029094265460150e+00	-1.2805086640677581e+00
4.2942062353790460e+00	-1.2899581048703046e+00
4.2837342632161777e+00	-1.2997966542408872e+00
4.2761113949086127e+00	-1.3066612168373353e+00
4.2670556497667178e+00	-1.3165941062038879e+00
4.2605952860631904e+00	-1.3244237960625616e+00
4.2570359981145378e+00	-1.3282827694831429e+00
4.2465981746835482e+00	-1.3356083162876407e+00
4.2397317407141424e+00	-1.3407117860749460e+00
4.2329628131442218e+00	-1.3401586418387075e+00
4.2243617665172914e+00	-1.3399515265859905e+00
4.2227442783209153e+00	-1.3346345097117662e+00
4.2217983547532656e+00	-1.3310411344616344e+00
4.2182523338263334e+00	-1.3273252550544012e+00
4.2133451072376706e+00	-1.3221087576846906e+00
4.2106488795325001e+00	-1.3116256628455027e+00
4.2088666451574790e+00	-1.3044194632638015e+00
4.2103962691086867e+00	-1.2972966735251235e+00
4.2122677031657938e+00	-1.2869100302412546e+00
4.2181024408693064e+00	-1.2803712935279676e+00
4.2352351726185180e+00	-1.2623624541542759e+00
4.2411260918060769e+00	-1.2557910144251494e+00
4.2452095535644210e+00	-1.2530113116007260e+00
4.2518991831903881e+00	-1.2487263436110116e+00
4.2589712590612709e+00	-1.2445758967802993e+00
4.2767410353329325e+00	-1.2356109435981941e+00
4.2945350797193429e+00	-1.2278092359301582e+00
4.3029735742296475e+00	-1.2221390914349335e+00
4.3069048028928556e+00	-1.2187479902667611e+00
4.3096608908109193e+00	-1.2113667718293595e+00
4.3104253728158515e+00	-1.2012413791111065e+00
4.3062074948957418e+00	-1.1974726241165969e+00
4.3044281306512993e+00	-1.1978710779519006e+00
4.2991360670710570e+00	-1.2006307697522673e+00
4.2945413336788771e+00	-1.2005692235794523e+00
4.2920565827219495e+00	-1.2025014029555956e+00
4.2890141142844325e+00	-1.2022444578055960e+00
4.2826205532418324e+00	-1.2101239235550185e+00
4.2727229109708151e+00	-1.2190604840912236e+00
4.2650337477890812e+00	-1.2283138280965149e+00
4.2576039812049613e+00	-1.2346196450878419e+00
4.2518878362647383e+00	-1.2372687796619337e+00
4.2349651808713187e+00	-1.2497225502659770e+00
4.2176857111080137e+00	-1.2645148736910581e+00
4.2108097059092175e+00	-1.2687139871214956e+00
4.1991089044176793e+00	-1.2768863527027075e+00
4.1904672975130923e+00	-1.2815451051168831e+00
4.1871028321893391e+00	-1.2857539935074713e+00
4.1817126795418424e+00	-1.2883906782308501e+00
4.1716191703211249e+00	-1.2869302563209581e+00
4.1641134809582461e+00	-1.2876269183980826e+00
4.1606076149530971e+00	-1.2851414058365336e+00
4.1597572206769700e+00	-1.2777300000226635e+00
4.1567175701804793e+00	-1.2674633651332579e+00
4.1586130891253124e+00	-1.2622359491800483e+00
4.1585143585668671e+00	-1.2623432045595522e+00
4.1545665761399677e+00	-1.2660132659978127e+00
4.1453587819344024e+00	-1.2751341506317158e+00
4.1405671221992053e+00	-1.2778570534139146e+00
4.1358584528341158e+00	-1.2833912419535933e+00
4.1266404197750717e+00	-1.2893392494579843e+00
4.1226096370851790e+00	-1.2938443830189670e+00
4.1129425383470197e+00	-1.2968118105268891e+00
4.1049200370659431e+00	-1.2982244754023855e+00
4.0969415013068105e+00	-1.2955444385002015e+00
4.0874317340883941e+00	-1.2940217893115358e+00
4.0822740178543935e+00	-1.2865266497757781e+00
4.0789250697965471e+00	-1.2826536431302218e+00
4.0797106505288472e+00	-1.2745643486407763e+00
4.0796535318412674e+00	-1.2650823650872924e+00
4.0826403551746262e+00	-1.2589494678837820e+00
4.0888918251508501e+00	-1.2484839375774612e+00
4.0973088013716081e+00	-1.2408280756131838e+00
4.1160996472013451e+00	-1.2267902723925863e+00
4.1161643434739261e+00	-1.2267477535694877e+00
4.1139792244974238e+00	-1.2250907338453405e+00
4.1050418226247922e+00	-1.2169192753112363e+00
4.1023170232306869e+00	-1.2136578071233897e+00
4.0940402352505325e+00	-1.2035780105331459e+00
4.0909219599079316e+00	-1.1994910962648384e+00
4.0835705714428281e+00	-1.1920286180987996e+00
4.0820201592733962e+00	-1.1943891678563703e+00
4.0803459899387775e+00	-1.1955313364299804e+00
4.0720319792916175e+00	-1.1997627148089678e+00
4.0568011032946849e+00	-1.2049509467241213e+00
4.0550028141143004e+00	-1.2119047422895270e+00
4.0518275597092384e+00	-1.2135207887861545e+00
4.0425608700768194e+00	-1.2284101794849769e+00
4.0409397133661695e+00	-1.2297187216145833e+00
4.0368342115253659e+00	-1.2337250607079395e+00
4.0239086331084746e+00	-1.2453388825358691e+00
4.0223078566511621e+00	-1.2469010031806951e+00
4.0188756199466562e+00	-1.2497285543923053e+00
4.0070949781479435e+00	-1.2584079772157002e+00
4.0005678069112776e+00	-1.2630662714296812e+00
3.9947411758120630e+00	-1.2671769395795240e+00
3.9831232898254463e+00	-1.2747609380052465e+00
3.9761372770433190e+00	-1.2805975666587999e+00
3.9652754837085782e+00	-1.2859799293220171e+00
3.9491858411987968e+00	-1.2840572150526999e+00
3.9470269912401053e+00	-1.2833487182653323e+00
3.9380864262334874e+00	-1.2780398320529880e+00
3.9362105299976542e+00	-1.2618410652195813e+00
3.9415113892221618e+00	-1.2450507129204518e+00
3.9484744653865969e+00	-1.2364625440668353e+00
3.9584054181227124e+00	-1.2270043337229344e+00
3.9679875746183324e+00	-1.2198778354177624e+00
3.9850136440674788e+00	-1.2099151580334528e+00
4.0023674098590263e+00	-1.2031299244697971e+00
4.0190056675903101e+00	-1.1937406271191677e+00
4.0346446253224979e+00	-1.1924572456287692e+00
4.0365793796925162e+00	-1.1894142970156836e+00
4.0370958346171228e+00	-1.1787469507561963e+00
4.0310920679158180e+00	-1.1782756138670032e+00
4.0258552846858651e+00	-1.1769993475219966e+00
4.0223662191727811e+00	-1.1760662398622561e+00
4.0164222005445467e+00	-1.1775351980748117e+00
4.0097084298905221e+00	-1.1770471351826144e+00
4.0043598550098780e+00	-1.1809099178262423e+00
4.0025146166196928e+00	-1.1834725550283822e+00
4.0020258671660871e+00	-1.1926131173996990e+00
3.9984552289955415e+00	-1.1940232143763720e+00
3.9934971857040154e+00	-1.1924159661175588e+00
3.9917654415619581e+00	-1.1845001941039746e+00
3.9917165076976251e+00	-1.1829856133191190e+00
3.9761507965371075e+00	-1.1862630412665012e+00
3.9696625965143411e+00	-1.1751065339654472e+00
3.9669776289558545e+00	-1.1744465945274973e+00
3.9634674551288791e+00	-1.1754443043964733e+00
3.9632613548298523e+00	-1.1755517678123089e+00
3.9622374741489308e+00	-1.1765192636011292e+00
3.9451180043749834e+00	-1.1853595754349466e+00
3.9402562746678438e+00	-1.1756878413950638e+00
3.9374155662505950e+00	-1.1778145325150178e+00
3.9299651164346558e+00	-1.1803266196230222e+00
3.9261608814311142e+00	-1.1835434297401488e+00
3.9208072328596364e+00	-1.1905073325586348e+00
3.9189578981761133e+00	-1.1910674111109094e+00
3.9112599756780946e+00	-1.1968872603550198e+00
3.9095160974239342e+00	-1.1962667393218771e+00
3.9003742539428909e+00	-1.2041040408322563e+00
3.8934583687427655e+00	-1.2078757284665331e+00
3.8901334612394964e+00	-1.2037288025265580e+00
3.8895822586465010e+00	-1.2040959825697579e+00
3.8884746728410269e+00	-1.2065672240367622e+00
3.8791468459621705e+00	-1.2155329566290232e+00
3.8700796506509625e+00	-1.2238858106916122e+00
3.8614340502958502e+00	-1.2266387874871294e+00
3.8539699691713256e+00	-1.2288921433946658e+00
3.8521969270501826e+00	-1.2291071397147408e+00
3.8497038292348469e+00	-1.2283589252762350e+00
3.8451447172780622e+00	-1.2348861395743760e+00
3.8382576049194435e+00	-1.2421633031866621e+00
3.8271187665845807e+00	-1.2536141659197253e+00
3.8204063435719147e+00	-1.2593384840216622e+00
3.8093433835157899e+00	-1.2637594310300284e+00
3.7918162775971291e+00	-1.2651648444445867e+00
3.7826573575277851e+00	-1.2583810747565694e+00
3.7806934338655891e+00	-1.2406781950980976e+00
3.7872979391169155e+00	-1.2233971161213733e+00
3.7928651545609324e+00	-1.2164057809676603e+00
3.8052909700099922e+00	-1.2062272123576763e+00
3.8107709263387517e+00	-1.2028008195296973e+00
3.8190985867487006e+00	-1.1978378207302691e+00
3.8110276365853313e+00	-1.1944512018720959e+00
3.8060805668420969e+00	-1.1962112486437693e+00
3.8018072650560728e+00	-1.2006691061667358e+00
3.7978812070159496e+00	-1.2059560516971060e+00
3.7911035921156881e+00	-1.2120004126804365e+00
3.7879833362214068e+00	-1.2161035513592493e+00
3.7831087255612537e+00	-1.2217419417519675e+00
3.7769376944166351e+00	-1.2272274864837425e+00
3.7689222018557165e+00	-1.2330859567598145e+00
3.7627603654312654e+00	-1.2404927865700406e+00
3.7581800651409711e+00	-1.2449592914745820e+00
3.7519703425639159e+00	-1.2509023926303193e+00
3.7450167444645395e+00	-1.2576705297776594e+00
3.7402123106956879e+00	-1.2627639341222734e+00
3.7343135102424561e+00	-1.2692808201140453e+00
3.7270986061929379e+00	-1.2748443943538648e+00
3.7217696913216503e+00	-1.2797313510713921e+00
3.7164640525175887e+00	-1.2867131876618882e+00
3.7102949659543825e+00	-1.2920439736987008e+00
3.7086851934585896e+00	-1.2957229287081002e+00
3.7037351309759132e+00	-1.2990317396384092e+00
3.6927865079747297e+00	-1.3030523082082108e+00
3.6860780007640521e+00	-1.3021170084675160e+00
3.6753502477494053e+00	-1.2991023358424230e+00
3.6685696328573463e+00	-1.2986653309102225e+00
3.6602265693831284e+00	-1.2936215986387205e+00
3.6567645209093498e+00	-1.2908064345343884e+00
3.6524248844052987e+00	-1.2856012681298958e+00
3.6485966157848377e+00	-1.2780707761879488e+00
3.6446582715691789e+00	-1.2804739307737347e+00
3.6258242589881169e+00	-1.2733502916492365e+00
3.6256736937903655e+00	-1.2716891632450396e+00
3.6231487065748329e+00	-1.2736151994629981e+00
3.6151928352174294e+00	-1.2803527208736976e+00
3.6041349197834265e+00	-1.2911680005169350e+00
3.5907076738200656e+00	-1.2949693450287825e+00
3.5863805782422422e+00	-1.2951801826960099e+00
3.5766171224640297e+00	-1.2896620833575199e+00
3.5716522682369751e+00	-1.2825492799834188e+00
3.5692595580789517e+00	-1.2749694627846406e+00
3.5674641070523676e+00	-1.2717031945874531e+00
3.5682992726660916e+00	-1.2631559843620339e+00
3.5690423122810917e+00	-1.2580022462599758e+00
3.5698478063128829e+00	-1.2495196430577109e+00
3.5727728680086805e+00	-1.2433894471719233e+00
3.5762843150608661e+00	-1.2367309050754371e+00
3.5790104117874662e+00	-1.2330838002410998e+00
3.5888128449084951e+00	-1.2202221032808864e+00
3.6021249430540934e+00	-1.2081016066385932e+00
3.6024874521216357e+00	-1.2077776298654697e+00
3.5992173047786093e+00	-1.2073746350478956e+00
3.5850810050927135e+00	-1.2023315355320363e+00
3.5807429103906698e+00	-1.1976203301831498e+00
3.5750682784919419e+00	-1.1978603579549878e+00
3.5717192387084835e+00	-1.1932490999849914e+00
3.5633860518977731e+00	-1.1946644593620104e+00
3.5532234199506538e+00	-1.1965645266940759e+00
3.5503806316930242e+00	-1.1927055994348448e+00
3.5551140404174482e+00	-1.1830088081597974e+00
3.5568178510755293e+00	-1.1818503856740237e+00
3.5628340848720206e+00	-1.1679872319565661e+00
3.5531750781807041e+00	-1.1664524527771316e+00
3.5403355632668307e+00	-1.1557289665906454e+00
3.5334919853426441e+00	-1.1562957996783241e+00
3.5275336955465768e+00	-1.1524797018321749e+00
3.5221564807316024e+00	-1.1527872757890283e+00
3.5178017626581055e+00	-1.1498185600074584e+00
3.5059912599445671e+00	-1.1636944943049474e+00
3.5011633868786234e+00	-1.1481181848367821e+00
3.4979148695000775e+00	-1.1507900658829557e+00
3.4944345775341716e+00	-1.1465260676111866e+00
3.4946249599032129e+00	-1.1450096881734555e+00
3.4945924866326523e+00	-1.1450215547741631e+00
3.4903095797161052e+00	-1.1445745858005505e+00
3.4868947287885783e+00	-1.1469167446397124e+00
3.4839808685969715e+00	-1.1476183492349403e+00
3.4667335886343311e+00	-1.1510583446778551e+00
3.4659084902906070e+00	-1.1499559991953465e+00
3.4637590203199848e+00	-1.1513384604786008e+00
3.4610248210154766e+00	-1.1473049715825816e+00
3.4580985362509016e+00	-1.1483812174423880e+00
3.4449223639619424e+00	-1.1568234471610439e+00
3.4382174523599587e+00	-1.1632031738691488e+00
3.4249754636021685e+00	-1.1786964171888443e+00
3.4150050384511568e+00	-1.1914159114494116e+00
3.4106555098050260e+00	-1.1972284756947871e+00
3.4075228967032807e+00	-1.2012000966877512e+00
3.4036774774302603e+00	-1.2070856772464260e+00
3.3978118677058551e+00	-1.2145173691564717e+00
3.3916830920821646e+00	-1.2227026980894387e+00
3.3884543484902432e+00	-1.2272710606132098e+00
3.3855094698336057e+00	-1.2318209222125365e+00
3.3772353599389673e+00	-1.2432043052504744e+00
3.3716551277679554e+00	-1.2506631704477997e+00
3.3704776556778278e+00	-1.2526270529434120e+00
3.3661467990415863e+00	-1.2585896578719231e+00
3.3616239425398149e+00	-1.2644113181221865e+00
3.3527771162643045e+00	-1.2751078496096404e+00
3.3439881062779784e+00	-1.2830172712443952e+00
3.3384946027031570e+00	-1.2864112446014888e+00
3.3313615276629469e+00	-1.2899463562749529e+00
3.3263098282982915e+00	-1.2911670030180451e+00
3.3165965549508383e+00	-1.2913550224230350e+00
3.3062847849448254e+00	-1.2859622254586143e+00
3.3002258415229542e+00	-1.2814958982887912e+00
3.2986370997983983e+00	-1.2696462425016521e+00
3.2985521858770332e+00	-1.2649867988852759e+00
3.3047555184977742e+00	-1.2515846571136520e+00
3.3084861620424535e+00	-1.2463826269761715e+00
3.3156368538605543e+00	-1.2386318019649440e+00
3.3215439539407341e+00	-1.2329378807241971e+00
3.3241050579595406e+00	-1.2284109980029174e+00
3.3276407814108437e+00	-1.2190770268693070e+00
3.3258530331174581e+00	-1.2128536670153733e+00
3.3249205537773987e+00	-1.2116507661700988e+00
3.3240567716348721e+00	-1.2127122346277559e+00
3.3189752157611663e+00	-1.2191089987943307e+00
3.3136509551407074e+00	-1.2258445547276147e+00
3.3099593943469929e+00	-1.2299744280329290e+00
3.3036497724260836e+00	-1.2369821957445868e+00
3.3000456163133300e+00	-1.2410007789522863e+00
3.2963229006109107e+00	-1.2446353907094356e+00
3.2939993086092803e+00	-1.2471935607781124e+00
3.2863437603225600e+00	-1.2526437542615696e+00
3.2821231070619858e+00	-1.2555577554868258e+00
3.2743343279967450e+00	-1.2576159559538558e+00
3.2643853248777890e+00	-1.2620353811973415e+00
3.2520079452706407e+00	-1.2621181853322883e+00
3.2468226205441240e+00	-1.2609257066375679e+00
3.2451251259256786e+00	-1.2561088670169387e+00
3.2418811515158641e+00	-1.2536106262078093e+00
3.2386246914470989e+00	-1.2399512088736211e+00
3.2355410609181514e+00	-1.2282539348273398e+00
3.2381997839493857e+00	-1.2165355473019672e+00
3.2396927940335050e+00	-1.2096096565569205e+00
3.2418250516259550e+00	-1.2027097504434061e+00
3.2446139124574480e+00	-1.1932899183801713e+00
3.2486043627661503e+00	-1.1838564731405263e+00
3.2621253865753292e+00	-1.1760121438628159e+00
3.2663834132598355e+00	-1.1756004629183425e+00
3.2685366979250139e+00	-1.1752354633748745e+00
3.2700999824954216e+00	-1.1708701213559451e+00
3.2794348544252827e+00	-1.1591212566749907e+00
3.2881517296995879e+00	-1.1508192438562104e+00
3.2933203044451584e+00	-1.1448794234635495e+00
3.2940670649035093e+00	-1.1418649367425073e+00
3.2910247696020734e+00	-1.1415737317954400e+00
3.2921006322282795e+00	-1.1405813389157962e+00
3.2907087313515100e+00	-1.1397102224031752e+00
3.2861555991088456e+00	-1.1328880511350174e+00
3.2852681035801545e+00	-1.1322517995926424e+00
3.2846752912460255e+00	-1.1340247714365113e+00
3.2798744264723538e+00	-1.1313686742801823e+00
3.2709394309685016e+00	-1.1338013509170952e+00
3.2706668428347245e+00	-1.1340200243524605e+00
3.2705810684636516e+00	-1.1338989200868523e+00
3.2675863162557230e+00	-1.1347142829738768e+00
3.2645664370633583e+00	-1.1258771310157776e+00
3.2516037813793477e+00	-1.1321374078772601e+00
3.2384420121438944e+00	-1.1226797929945604e+00
3.2297116327324225e+00	-1.1231123933061475e+00
3.2158356359240514e+00	-1.1204635832250278e+00
3.2117297240863620e+00	-1.1188501819187187e+00
3.2015905107058065e+00	-1.1156701606721162e+00
3.1948490595644823e+00	-1.1131081405834258e+00
3.1884418168743536e+00	-1.1121415716125060e+00
3.1867537244943818e+00	-1.1124233763297613e+00
3.1826881896908925e+00	-1.1146606750875212e+00
3.1826178632240159e+00	-1.1145604852130795e+00
3.1813804985049696e+00	-1.1154969052860804e+00
3.1764543532494858e+00	-1.1142555195194359e+00
3.1758328312213688e+00	-1.1142464751586467e+00
3.1742341141161585e+00	-1.1145133598547394e+00
3.1735722752621358e+00	-1.1142135796493096e+00
3.1663747318271502e+00	-1.1141088413187656e+00
3.1631982218426016e+00	-1.1189006961888961e+00
3.1576607415373887e+00	-1.1197257491232642e+00
3.1522917501659777e+00	-1.1173295459520947e+00
3.1520755336233797e+00	-1.1179660080739555e+00
3.1512592263067645e+00	-1.1172273256709861e+00
3.1490499353591264e+00	-1.1180051107669338e+00
3.1467706655106453e+00	-1.1202260747045840e+00
3.1427644859773722e+00	-1.1240459664528062e+00
3.1397432556098548e+00	-1.1275734969182758e+00
3.1325770925804930e+00	-1.1238257370857587e+00
3.1276356325039965e+00	-1.1197836913324453e+00
3.1259500656177508e+00	-1.1158501528464317e+00
3.1246995273396281e+00	-1.1120753757895274e+00
3.1122655987755552e+00	-1.1130463630027521e+00
3.1040670027299431e+00	-1.1050689516360745e+00
3.1033594812937557e+00	-1.1048493202133385e+00
3.0963177059782780e+00	-1.1015470311551692e+00
3.0943837178069984e+00	-1.1019387058034984e+00
3.0899039829355779e+00	-1.1019003427419811e+00
3.0893577910303849e+00	-1.1017763630947985e+00
3.0870679175665297e+00	-1.1024927520693373e+00
3.0823822900529469e+00	-1.1024682719636210e+00
3.0786858529221912e+00	-1.1044447871525425e+00
3.0681541334025786e+00	-1.1014850622211041e+00
3.0644532117983490e+00	-1.1011416159006404e+00
3.0553997052349944e+00	-1.1058266993548631e+00
3.0512432627542143e+00	-1.1036164678223830e+00
3.0481424320348820e+00	-1.1043432895099681e+00
3.0435012228835432e+00	-1.1049233683019295e+00
3.0291671644794365e+00	-1.1010576409046253e+00
3.0248625231595883e+00	-1.1012485953783431e+00
3.0062049092172063e+00	-1.0999752559054503e+00
2.9940660773458472e+00	-1.0924542794297343e+00
2.9932653283619302e+00	-1.0925917473686291e+00
2.9862563250061740e+00	-1.0980206084220412e+00
2.9828311283396856e+00	-1.0997741584049490e+00
2.9738253026060342e+00	-1.1091814284035708e+00
2.9598836514040228e+00	-1.1119960118018970e+00
2.9561910492124430e+00	-1.1111722160043309e+00
2.9438216949886278e+00	-1.1087701773318281e+00
2.9423596580888307e+00	-1.1105832108326206e+00
2.9394755206807019e+00	-1.1167320549746544e+00
2.9340795086421512e+00	-1.1335746877018344e+00
2.9327794939033147e+00	-1.1517534592865726e+00
2.9311562167696295e+00	-1.1693040073995551e+00
2.9276075136158171e+00	-1.1864402088146928e+00
2.9261910870195766e+00	-1.1924479365419600e+00
2.9233651081153331e+00	-1.2042976971183506e+00
2.9222569619125487e+00	-1.2089488413118910e+00
2.9188406731237007e+00	-1.2223945287888522e+00
2.9128374969155120e+00	-1.2383027087081158e+00
2.9127578130540339e+00	-1.2395198079482062e+00
2.9109478920393155e+00	-1.2496999046043644e+00
2.9098525700316875e+00	-1.2558504857007875e+00
2.9057434234271451e+00	-1.2685394728349293e+00
2.9043603666669964e+00	-1.2733115762806952e+00
2.9018679567823602e+00	-1.2833701223312455e+00
2.9095529211601168e+00	-1.2836892541260994e+00
2.9139914378208647e+00	-1.2918442092251048e+00
2.9011209997151468e+00	-1.2941109936922381e+00
2.8953759602039124e+00	-1.2999611526986397e+00
2.8941735244007893e+00	-1.3022558876504591e+00
2.8919403935908914e+00	-1.3057961130910287e+00
2.8916891209482896e+00	-1.3061617745260827e+00
2.8909204197654295e+00	-1.3092235711009965e+00
2.8890332088830331e+00	-1.3143957567214979e+00
2.8864294476673593e+00	-1.3197638313629079e+00
2.8840637480606155e+00	-1.3260474925377861e+00
2.8791164923744708e+00	-1.3352906005026066e+00
2.8791004846669708e+00	-1.3353852784217235e+00
2.8781787972834092e+00	-1.3416912718133724e+00
2.8732129159335189e+00	-1.3474616503839947e+00
2.8710145020966240e+00	-1.3527384094743926e+00
2.8787676342688373e+00	-1.3530522654031629e+00
2.8926845998012811e+00	-1.3596538391813575e+00
2.8955974184643907e+00	-1.3690767092746983e+00
2.8956669268580439e+00	-1.3724750677746116e+00
2.8984477373777073e+00	-1.3776062167175649e+00
2.9030916174078913e+00	-1.3946108008907774e+00
2.9034468948719478e+00	-1.3950538662050767e+00
2.9025767503093234e+00	-1.4052885275429576e+00
2.9026271556685406e+00	-1.4126228691125076e+00
2.8989158517351474e+00	-1.4185658207432783e+00
2.8944341627246364e+00	-1.4250239151101949e+00
2.8841909422263949e+00	-1.4267432486309723e+00
2.8767801619041609e+00	-1.4278747947108952e+00
2.8668210991404135e+00	-1.4197277308779035e+00
2.8587930701101949e+00	-1.4136056659599758e+00
2.8579751730922753e+00	-1.4118459303214239e+00
2.8571511801598199e+00	-1.4105010388999109e+00
2.8562560505392458e+00	-1.4142835274047518e+00
2.8566096185601237e+00	-1.4143641626858068e+00
2.8595365921702092e+00	-1.4197113438203639e+00
2.8620687721150841e+00	-1.4293460150875612e+00
2.8591794575472229e+00	-1.4351216747199129e+00
2.8549815364804267e+00	-1.4401747030330752e+00
2.8520710113313426e+00	-1.4467029790230739e+00
2.8487245231206093e+00	-1.4478539625409372e+00
2.8485750775148202e+00	-1.4487693661908299e+00
2.8493388719316939e+00	-1.4533108134264208e+00
2.8550987775610639e+00	-1.4569914216307891e+00
2.8674155441212932e+00	-1.4670056313283624e+00
2.8826865595274498e+00	-1.4856552093916062e+00
2.8814316307784167e+00	-1.5031162546180890e+00
2.8639511035865359e+00	-1.5101051367687717e+00
2.8625352855035571e+00	-1.5091304419398852e+00
2.8545372720004569e+00	-1.5018713715877148e+00
2.8518325026256668e+00	-1.4978471505155513e+00
2.8466800621671116e+00	-1.4939713912082144e+00
2.8368407601480050e+00	-1.4844193198548388e+00
2.8315416527697779e+00	-1.4806139454628682e+00
2.8228449155282753e+00	-1.4747829477626884e+00
2.8144132255540288e+00	-1.4659493217407988e+00
2.8136473953803942e+00	-1.4646635849085758e+00
2.7966634844393932e+00	-1.4499332002869010e+00
2.7927648698171508e+00	-1.4476790696153417e+00
2.7878864604877709e+00	-1.4421120538556742e+00
2.7781375766092267e+00	-1.4306854665047744e+00
2.7738399261552202e+00	-1.4176911170500921e+00
2.7725279198075392e+00	-1.4120372810531279e+00
2.7738379353585616e+00	-1.4070311937804862e+00
2.7746793539463401e+00	-1.4041750516300362e+00
2.7636270550848012e+00	-1.3922958402823946e+00
2.7595948775520753e+00	-1.3823780874598901e+00
2.7570804281487131e+00	-1.3744786232187336e+00
2.7425845310874140e+00	-1.3564877798132549e+00
2.7444213197704266e+00	-1.3384640939903130e+00
2.7432909722834258e+00	-1.3276968950092203e+00
2.7413895667938761e+00	-1.3214317574345884e+00
2.7421854305338189e+00	-1.3038622130836348e+00
2.7425291324097465e+00	-1.2958312523153541e+00
2.7394159813379755e+00	-1.2881578397756019e+00
2.7335100976404525e+00	-1.2850873671871408e+00
2.7292498785442270e+00	-1.2829339791596077e+00
2.7118456810264866e+00	-1.2747794773144585e+00
2.6943187996290914e+00	-1.2723275730932906e+00
2.6842739876122721e+00	-1.2872934932014510e+00
2.6755452135190532e+00	-1.2990023201262288e+00
2.6720850305086570e+00	-1.3058391104392446e+00
2.6734267858788372e+00	-1.3191023054532707e+00
2.6749788668770593e+00	-1.3260690333619860e+00
2.6821118486586779e+00	-1.3375581384565693e+00
2.6921368617772372e+00	-1.3489829400367690e+00
2.7045701440292893e+00	-1.3591675229522084e+00
2.7174738236932510e+00	-1.3633158024579877e+00
2.7204688719757528e+00	-1.3677727645716025e+00
2.7279089609875982e+00	-1.3777388762919711e+00
2.7184265136941934e+00	-1.3890833118161077e+00
2.7161351900256423e+00	-1.3958997568678493e+00
2.7116108065431224e+00	-1.3999391237294898e+00
2.7070420984116961e+00	-1.4051168320047589e+00
2.7025290556559383e+00	-1.4070705955832314e+00
2.6942165435162360e+00	-1.4119179568884084e+00
2.6910434981552513e+00	-1.4139968369266775e+00
2.6755010586681736e+00	-1.4189071141902021e+00
2.6728907913762279e+00	-1.4196651320939973e+00
2.6556871702501104e+00	-1.4218907283445856e+00
2.6519704619282258e+00	-1.4198061900664734e+00
2.6408458951075184e+00	-1.4123698824773929e+00
2.6363684377991352e+00	-1.4080429585503094e+00
2.6315166511365806e+00	-1.3974473802293952e+00
2.6281268910618225e+00	-1.3865631831073386e+00
2.6268719382932124e+00	-1.3822539267416973e+00
2.6241518019516916e+00	-1.3702353593522589e+00
2.6237303392992128e+00	-1.3675843206541844e+00
2.6223797560046300e+00	-1.3537954530709220e+00
2.6212158119675557e+00	-1.3381394611373258e+00
2.6213182010272944e+00	-1.3333517533092909e+00
2.6212340737437154e+00	-1.3206016152769655e+00
2.6208770114489268e+00	-1.3115271979390617e+00
2.6209289854033715e+00	-1.3030065356231317e+00
2.6200630879523361e+00	-1.2933430779906572e+00
2.6181945651046452e+00	-1.2854267637598882e+00
2.6190030333385024e+00	-1.2812101299607532e+00
2.6207791445438189e+00	-1.2678293003120038e+00
2.6179309823135672e+00	-1.2543627838433389e+00
2.6173618006854289e+00	-1.2512197739775412e+00
2.6163567034837891e+00	-1.2517692154131799e+00
2.6028923625077187e+00	-1.2560195088955424e+00
2.5929850952023066e+00	-1.2506700774171366e+00
2.5871530717748694e+00	-1.2482394450588057e+00
2.5859020755967386e+00	-1.2460025252698785e+00
2.5800106040222057e+00	-1.2365023589748478e+00
2.5769801194123350e+00	-1.2312659518316960e+00
2.5770891407358132e+00	-1.2306394045956670e+00
2.5739215646574038e+00	-1.2328465518308920e+00
2.5592220875379148e+00	-1.2410845000456945e+00
2.5474213954674587e+00	-1.2472966655056692e+00
2.5412409196404968e+00	-1.2504396129429487e+00
2.5337020808010142e+00	-1.2520147634909677e+00
2.5236345872487109e+00	-1.2512204255143258e+00
2.5171892877851412e+00	-1.2526078047505900e+00
2.5102759013503926e+00	-1.2577531861907156e+00
2.5011649061104300e+00	-1.2636762715292771e+00
2.4967202717337562e+00	-1.2659238307381837e+00
2.4924451697922581e+00	-1.2682383265578050e+00
2.4870680482094376e+00	-1.2692050116272307e+00
2.4756119886152117e+00	-1.2692759269327833e+00
2.4743917673588158e+00	-1.2702055984305034e+00
2.4691202994340293e+00	-1.2736541767770644e+00
2.4659255715853221e+00	-1.2806159395496186e+00
2.4538468691266302e+00	-1.2872221913294990e+00
2.4462511322107812e+00	-1.2794664052186855e+00
2.4460800997121130e+00	-1.2765081917293413e+00
2.4436704714475002e+00	-1.2756150086538298e+00
2.4437009747117413e+00	-1.2640456799534712e+00
2.4445128623156220e+00	-1.2609498142565188e+00
2.4382768117068632e+00	-1.2493227863579983e+00
2.4334173577739757e+00	-1.2556244449979734e+00
2.4321867780129800e+00	-1.2581289662467678e+00
2.4320381589154998e+00	-1.2574129670259200e+00
2.4315789215311110e+00	-1.2580084983903692e+00
2.4288284415972745e+00	-1.2620818454532037e+00
2.4275521396644248e+00	-1.2638636801704559e+00
2.4160264828086753e+00	-1.2776977249448318e+00
2.4143122942527717e+00	-1.2798058168527606e+00
2.4088143348693847e+00	-1.2855284142494199e+00
2.3962213972643935e+00	-1.2953196505947187e+00
2.3920571250619966e+00	-1.2992349277642237e+00
2.3825797664160895e+00	-1.3126834852207701e+00
2.3809355403491792e+00	-1.3138847608124804e+00
2.3720970299913162e+00	-1.3206819615737921e+00
2.3595858763298128e+00	-1.3272569947031734e+00
2.3540082446854669e+00	-1.3296028090139396e+00
2.3469778400557568e+00	-1.3311646885880588e+00
2.3373506168420106e+00	-1.3335936422559074e+00
2.3270404560351277e+00	-1.3309224009067919e+00
2.3239302169315139e+00	-1.3292414072358039e+00
2.3192418892831377e+00	-1.3197131924579295e+00
2.3148732708899820e+00	-1.3114461628738008e+00
2.3131700787768157e+00	-1.2976935159340641e+00
2.3114731602729126e+00	-1.2864957315106940e+00
2.3101853385187474e+00	-1.2761617748335066e+00
2.3104182407268015e+00	-1.2706729152098539e+00
2.3157714064072170e+00	-1.2502137355091516e+00
2.3173374058493201e+00	-1.2416721654437006e+00
2.3172167173795839e+00	-1.2417942351313747e+00
2.3106089817352529e+00	-1.2474733234222606e+00
2.3066888171067799e+00	-1.2497406373154338e+00
2.2912919649618404e+00	-1.2559960990231636e+00
2.2752481701671048e+00	-1.2554633790110223e+00
2.2692683691878677e+00	-1.2498140218208007e+00
2.2584074780420704e+00	-1.2398147788058587e+00
2.2570548325690192e+00	-1.2307083669323777e+00
2.2528547627230484e+00	-1.2376167121653765e+00
2.2501055551517339e+00	-1.2414050732702471e+00
2.2462358378661551e+00	-1.2465707816222333e+00
2.2398817007691663e+00	-1.2524581885393464e+00
2.2348300729830242e+00	-1.2564913101808557e+00
2.2320034249608707e+00	-1.2585913408631670e+00
2.2283032762841373e+00	-1.2625451873013083e+00
2.2168848006756274e+00	-1.2719420416014549e+00
2.2112693594391288e+00	-1.2756976804800972e+00
2.2051408597910211e+00	-1.2771266286445959e+00
2.1991214989736454e+00	-1.2795214211612289e+00
2.1966506459952324e+00	-1.2796446774943460e+00
2.1965635789245086e+00	-1.2799740748716899e+00
2.1946901091370821e+00	-1.2913293266916999e+00
2.1910502043913649e+00	-1.3026338984065391e+00
2.1890936719828211e+00	-1.3087879973492240e+00
2.1845093470270704e+00	-1.3187416014500812e+00
2.1813867971502572e+00	-1.3238996325928201e+00
2.1805613077142167e+00	-1.3255214148490795e+00
2.1757305277272718e+00	-1.3374178722870389e+00
2.1743639287551590e+00	-1.3436212799286491e+00
2.1719640196764409e+00	-1.3498075695981822e+00
2.1684358580127974e+00	-1.3610724036316033e+00
2.1650585192898064e+00	-1.3682849463748723e+00
2.1636250276171034e+00	-1.3772119608891311e+00
2.1631951823647451e+00	-1.3790697155041642e+00
2.1582308859241373e+00	-1.3922292321691772e+00
2.1562934065268426e+00	-1.3959677854046546e+00
2.1513438539240575e+00	-1.4071531312779668e+00
2.1477743457780831e+00	-1.4143560792581429e+00
2.1449332933687040e+00	-1.4160414721078356e+00
2.1269881870000886e+00	-1.4125409521708159e+00
2.1163289199829083e+00	-1.4095827528331575e+00
2.1112042860178861e+00	-1.3982856625749189e+00
2.1104964794760228e+00	-1.3963303881600426e+00
2.1077600073534848e+00	-1.3977240053253541e+00
2.0996510438344824e+00	-1.4001573888526464e+00
2.0941393553522709e+00	-1.4004192322374289e+00
2.0851289622367095e+00	-1.3984683005878473e+00
2.0785778089940075e+00	-1.3956496039365611e+00
2.0742379187980395e+00	-1.3926965148817922e+00
2.0652320399140263e+00	-1.3768468325583818e+00
2.0592828818612285e+00	-1.3669949992866559e+00
2.0564028518650619e+00	-1.3764761804601997e+00
2.0541584652845728e+00	-1.3938062424932562e+00
2.0420971502203940e+00	-1.4050187805458660e+00
2.0417856741011855e+00	-1.4123171304577431e+00
2.0297137633393505e+00	-1.4262115888576790e+00
2.0231742088170592e+00	-1.4284672870987014e+00
2.0142789600277737e+00	-1.4250458766782919e+00
2.0061113581040035e+00	-1.4188732470134100e+00
2.0017670061649966e+00	-1.4141664555600830e+00
1.9990183388402494e+00	-1.4101421382512642e+00
1.9893279746884525e+00	-1.4020075067937294e+00
1.9848595755883705e+00	-1.3967610104171115e+00
1.9797147027446835e+00	-1.3913112516454300e+00
1.9729506495346625e+00	-1.3827474176065602e+00
1.9676002110023398e+00	-1.3781993021087342e+00
1.9669849664054153e+00	-1.3775492644145042e+00
1.9615461995540637e+00	-1.3907952872865257e+00
1.9589284729636818e+00	-1.3929060940574398e+00
1.9523745806838280e+00	-1.4089268093752734e+00
1.9346909112185564e+00	-1.4204846592766596e+00
1.9269918637266379e+00	-1.4113586641825093e+00
1.9221617667672948e+00	-1.4082654145502156e+00
1.9272737644150928e+00	-1.3969668807016733e+00
1.9286925350252675e+00	-1.3911919405549817e+00
1.9287808096928036e+00	-1.3908326288256330e+00
1.9281871445842615e+00	-1.3907518285178146e+00
1.9204419756101392e+00	-1.3896976785800648e+00
1.9178682358487309e+00	-1.3874694712632643e+00
1.9117936992047391e+00	-1.3856721405502617e+00
1.9003273503678504e+00	-1.3854257422035401e+00
1.8889093227116687e+00	-1.3797394288668046e+00
1.8829323660108728e+00	-1.3770678446433851e+00
1.8779475937326580e+00	-1.3720694436452805e+00
1.8714715364899499e+00	-1.3652770506498075e+00
1.8657944429805906e+00	-1.3575900774602137e+00
1.8632928975772218e+00	-1.3541425466698569e+00
1.8626639945602717e+00	-1.3534086645021852e+00
1.8618965577196527e+00	-1.3545146628520708e+00
1.8589691714106351e+00	-1.3714582775454065e+00
1.8430304859810929e+00	-1.3615040609587812e+00
1.8333202430325333e+00	-1.3539024873303342e+00
1.8288452569346045e+00	-1.3359624338509763e+00
1.8316028917430105e+00	-1.3221132731647429e+00
1.8313372152906093e+00	-1.3177425398771681e+00
1.8308489186355190e+00	-1.3193649351219292e+00
1.8280596256442119e+00	-1.3288206152157414e+00
1.8254761283013328e+00	-1.3320225775994514e+00
1.8274166633554665e+00	-1.3396956407471274e+00
1.8279832633827209e+00	-1.3455828882530643e+00
1.8310048871820204e+00	-1.3524176548505058e+00
1.8387707046629516e+00	-1.3644085656030047e+00
1.8445908401245623e+00	-1.3706985762823161e+00
1.8555153504765267e+00	-1.3814266795836214e+00
1.8641504646774381e+00	-1.3904872913931312e+00
1.8669265058690838e+00	-1.3969974119879962e+00
1.8699630965740064e+00	-1.4082073780464104e+00
1.8643543086369014e+00	-1.4125438259788710e+00
1.8586585271330038e+00	-1.4181681638116765e+00
1.8526004944331547e+00	-1.4189651294096028e+00
1.8457905604451903e+00	-1.4173551391889632e+00
1.8398770367712733e+00	-1.4152590404203707e+00
1.8331499855618925e+00	-1.4132173455264505e+00
1.8308030916400673e+00	-1.4117607063555440e+00
1.8295732057980627e+00	-1.4135526000279983e+00
1.8268716251131190e+00	-1.4169859004410010e+00
1.8237410915537609e+00	-1.4182161745582660e+00
1.8090907829457215e+00	-1.4209790836459062e+00
1.8072486972986295e+00	-1.4203140504020482e+00
1.7959680377412575e+00	-1.4074885558388395e+00
1.7894196657254475e+00	-1.3997285180087780e+00
1.7880669274531771e+00	-1.3984063242827856e+00
1.7878119426363128e+00	-1.4007223419304813e+00
1.7806938351530728e+00	-1.4065929595770255e+00
1.7799830386625202e+00	-1.4071267983253517e+00
1.7802042764825057e+00	-1.4077524151089698e+00
1.7804126945585645e+00	-1.4122679016961899e+00
1.7772165183912938e+00	-1.4185307788721961e+00
1.7695981293555783e+00	-1.4206758507384738e+00
1.7685223173922462e+00	-1.4200846657152129e+00
1.7682427765979525e+00	-1.4239431721975588e+00
1.7643553867878254e+00	-1.4251741648917531e+00
1.7625369952674448e+00	-1.4257499822875135e+00
1.7579875870965571e+00	-1.4311471927489299e+00
1.7545481767328255e+00	-1.4296926588531704e+00
1.7400519704056712e+00	-1.4284998847196051e+00
1.7322555546291316e+00	-1.4229892355661187e+00
1.7221696181243651e+00	-1.4137000715483214e+00
1.7142457421503203e+00	-1.4059715902307592e+00
1.7060284319390540e+00	-1.4075578845751899e+00
1.6941977456554276e+00	-1.4046682098112384e+00
1.6912027397931770e+00	-1.4032370705981434e+00
1.6883379531462950e+00	-1.4011475708125292e+00
1.6724978424118628e+00	-1.3905245163263218e+00
1.6713165018981402e+00	-1.3897907528220887e+00
1.6710065243719561e+00	-1.3897315613363235e+00
1.6660828729420469e+00	-1.3890229973952746e+00
1.6545758500049574e+00	-1.3875218515811647e+00
1.6523727890719362e+00	-1.3867352793480188e+00
1.6399199845110362e+00	-1.3731203649205352e+00
1.6363010292970985e+00	-1.3693632944458214e+00
1.6352605407314136e+00	-1.3679947451179357e+00
1.6259986999420348e+00	-1.3627631810323926e+00
1.6148949363797982e+00	-1.3555049313457879e+00
1.6095603518784398e+00	-1.3513567030678484e+00
1.6024046923275630e+00	-1.3455139735834036e+00
1.5965817722157412e+00	-1.3392669799400028e+00
1.5904414299128184e+00	-1.3375190588362322e+00
1.5847703353587219e+00	-1.3383898630953233e+00
1.5819052254094910e+00	-1.3349238568018902e+00
1.5718806817548181e+00	-1.3394039732188767e+00
1.5727160834140710e+00	-1.3457466210431335e+00
1.5664091011034951e+00	-1.3564308275421384e+00
1.5630181913326360e+00	-1.3592975216821597e+00
1.5487092099221844e+00	-1.3572679533936693e+00
1.5466657633802086e+00	-1.3541673150826334e+00
1.5430196491970714e+00	-1.3498735176225800e+00
1.5382624824724414e+00	-1.3517390558134905e+00
1.5261985583288133e+00	-1.3551365459203721e+00
1.5193725227233545e+00	-1.3528008672817802e+00
1.5104730673548781e+00	-1.3482595197114675e+00
1.5054921938352563e+00	-1.3441555987199816e+00
1.5004060878096028e+00	-1.3387458261802401e+00
1.4939736921505464e+00	-1.3313309820049783e+00
1.4934130899896383e+00	-1.3307055792082205e+00
1.4884696627143286e+00	-1.3323021494481118e+00
1.4814197614006870e+00	-1.3293684276579365e+00
1.4773137864554915e+00	-1.3288224497912402e+00
1.4773145937939276e+00	-1.3294026885223065e+00
1.4695575344993126e+00	-1.3413859586581423e+00
1.4565089079036708e+00	-1.3443499041962830e+00
1.4522188727488028e+00	-1.3453417508123080e+00
1.4492220316665385e+00	-1.3432415005469716e+00
1.4431170731485978e+00	-1.3398089064805614e+00
1.4408169072346220e+00	-1.3449746338595425e+00
1.4362939618870880e+00	-1.3470740178554248e+00
1.4324654995611419e+00	-1.3499394873730608e+00
1.4245206352501210e+00	-1.3477388642042576e+00
1.4146678844863856e+00	-1.3482472094112661e+00
1.4011837063319927e+00	-1.3440584385639376e+00
1.4003057260631615e+00	-1.3437868477934958e+00
1.4001925438519276e+00	-1.3438397095899262e+00
1.3976084118846179e+00	-1.3472853435611523e+00
1.3940321894054706e+00	-1.3439071086702006e+00
1.3899827823964859e+00	-1.3301545514682216e+00
1.3862918386521415e+00	-1.3261259993968972e+00
1.3825438006461577e+00	-1.3224474169422635e+00
1.3733892860000168e+00	-1.3169244081610580e+00
1.3711872049893339e+00	-1.3156679228526604e+00
1.3696932726405771e+00	-1.3221852806220100e+00
1.3671723205530188e+00	-1.3273695142065238e+00
1.3497051250567720e+00	-1.3377233664815340e+00
1.3416851275181356e+00	-1.3255690976253460e+00
1.3444279383968663e+00	-1.3187002770535581e+00
1.3397359285781634e+00	-1.3107702425166743e+00
1.3327155456201840e+00	-1.3118297108533532e+00
1.3272117741083871e+00	-1.3076465051778388e+00
1.3248609325038028e+00	-1.3056005886858366e+00
1.3210893995106203e+00	-1.3131373009172780e+00
1.3147241381015264e+00	-1.3156454753793139e+00
1.3104574373175037e+00	-1.3117319388234547e+00
1.2950680891632891e+00	-1.3062139513811843e+00
1.2817400366757359e+00	-1.2976998422107178e+00
1.2769787938248309e+00	-1.2956044744452273e+00
1.2731602341260746e+00	-1.2937104510410606e+00
1.2663194603336103e+00	-1.2883284158609352e+00
1.2601771325311082e+00	-1.2828779317871237e+00
1.2568844953993097e+00	-1.2781557748618337e+00
1.2552849448080563e+00	-1.2753008947403646e+00
1.2552393811927363e+00	-1.2753035191838893e+00
1.2499948145919686e+00	-1.2735703826596705e+00
1.2489933120043062e+00	-1.2743414026104358e+00
1.2411524740675293e+00	-1.2724871910431150e+00
1.2385311708913276e+00	-1.2862502047198447e+00
1.2377418277845555e+00	-1.2878542318345776e+00
1.2299425735993013e+00	-1.2930275785185690e+00
1.2165382863625069e+00	-1.2928508275207797e+00
1.2123388359649603e+00	-1.2938033806297415e+00
1.2003563798146886e+00	-1.2877190613717493e+00
1.1987016817779843e+00	-1.2864601330839245e+00
1.1978774871745135e+00	-1.2855725168449854e+00
1.1978334105821165e+00	-1.2880615376686393e+00
1.1969582669522785e+00	-1.2897097429783351e+00
1.1881472452362847e+00	-1.2965777468325590e+00
1.1774512607955254e+00	-1.3025924956420534e+00
1.1601558962119429e+00	-1.2972964449904381e+00
1.1423014760327643e+00	-1.2871235064304032e+00
1.1330317603885747e+00	-1.2811904428432195e+00
1.1281113620624263e+00	-1.2782452428939395e+00
1.1239390938948783e+00	-1.2800661558321427e+00
1.1133409517761632e+00	-1.2817862468004795e+00
1.1029864588608584e+00	-1.2758674224492648e+00
1.0959041481990359e+00	-1.2752367838034129e+00
1.0928830393236575e+00	-1.2692516498194821e+00
1.0883396755640522e+00	-1.2660763033972386e+00
1.0817007930986595e+00	-1.2534949995984905e+00
1.0786965718135144e+00	-1.2489282867111915e+00
1.0755017830489664e+00	-1.2452520599725625e+00
1.0739817144797315e+00	-1.2444154964250249e+00
1.0739219818180963e+00	-1.2443482508735790e+00
1.0714911865598467e+00	-1.2443325949852997e+00
1.0625580465837556e+00	-1.2315550139658209e+00
1.0611217736907328e+00	-1.2298424923468003e+00
1.0534459609163176e+00	-1.2231016206730791e+00
1.0483829471329065e+00	-1.2260761426833640e+00
1.0481001704720285e+00	-1.2300719647928955e+00
1.0450236165410236e+00	-1.2384298165169254e+00
1.0406199872000963e+00	-1.2423382845972872e+00
1.0369517783402831e+00	-1.2474000418580919e+00
1.0271228986135472e+00	-1.2519490277904939e+00
1.0229589100296099e+00	-1.2521211130846364e+00
1.0095523086264853e+00	-1.2511881129679721e+00
1.0051492782121130e+00	-1.2464591803793521e+00
1.0013094321829648e+00	-1.2426485058980821e+00
9.9372437386162338e-01	-1.2325077823479003e+00
9.9214173516250115e-01	-1.2323628941435119e+00
9.9044063853519293e-01	-1.2290876698251827e+00
9.7909272543881309e-01	-1.2224185278937532e+00
9.7512034185746410e-01	-1.2190928755987993e+00
9.6494420232125189e-01	-1.2122863309476986e+00
9.5501603149786807e-01	-1.2065040081890208e+00
9.4372362375457985e-01	-1.1987786434389063e+00
9.3329055749267564e-01	-1.1899773049925515e+00
9.3036414466368123e-01	-1.1869793016165100e+00
9.1740237919933809e-01	-1.1764745632032845e+00
9.1319096273880407e-01	-1.1755504742895517e+00
9.0582413323620048e-01	-1.1737829128770263e+00
9.1210367711384766e-01	-1.1700575069048351e+00
9.0646641050571752e-01	-1.1655629906083589e+00
9.0115790561579545e-01	-1.1563225791124434e+00
8.9679873178989755e-01	-1.1543392149396547e+00
8.8837182454048536e-01	-1.1413099577921195e+00
8.8738473136489648e-01	-1.1392444767545915e+00
8.8687297845922386e-01	-1.1384369469512774e+00
8.8394793597303678e-01	-1.1347470928569339e+00
8.8330013703241583e-01	-1.1327864707116986e+00
8.7563238587260273e-01	-1.1205587174315146e+00
8.7199847546084075e-01	-1.1174304889650002e+00
8.6759400344543147e-01	-1.1148346547167227e+00
8.6255383731422253e-01	-1.1122045800115079e+00
8.5423685114140624e-01	-1.1114296334250120e+00
8.4364224202692306e-01	-1.1020460495545317e+00
8.3701209992170333e-01	-1.0957104232907295e+00
8.2843856513681557e-01	-1.0864108492945408e+00
8.2488322449859175e-01	-1.0841842756045641e+00
8.1978118958899548e-01	-1.0802561692164374e+00
8.1650765087777988e-01	-1.0778510373232695e+00
8.0133884756852070e-01	-1.0712985352038655e+00
7.9283097382067624e-01	-1.0658551978754636e+00
7.8567994574618560e-01	-1.0582824636149339e+00
7.7791555704890047e-01	-1.0531104558039468e+00
7.6805797750422089e-01	-1.0475910429273201e+00
7.5751863931737506e-01	-1.0398963597851114e+00
7.5051230802032021e-01	-1.0334792972137097e+00
7.4753067798119965e-01	-1.0314791669976389e+00
7.4735824770703352e-01	-1.0314684638342766e+00
7.4002570369177356e-01	-1.0292608208333451e+00
7.3589170367144607e-01	-1.0268969118156244e+00
7.3310262117398284e-01	-1.0258621594124229e+00
7.3011074989370617e-01	-1.0241160083585186e+00
7.1566734575294355e-01	-1.0192496217740079e+00
7.0581567989694338e-01	-1.0107492549804615e+00
6.9793393985753727e-01	-9.9878867262195292e-01
6.9539140520157849e-01	-9.9332114689625162e-01
6.7954584994962330e-01	-9.7785415286298416e-01
6.7726442170184453e-01	-9.7545466693870697e-01
6.7595040070127799e-01	-9.7409954019560918e-01
6.6408875283928026e-01	-9.6825355954582915e-01
6.6175844314466514e-01	-9.6595015689440589e-01
6.6159426794745102e-01	-9.6601903985115900e-01
6.5299462315317347e-01	-9.6868079189623257e-01
6.4404395741385378e-01	-9.6681680138046677e-01
6.3542601356278794e-01	-9.6783378067347592e-01
6.2507043950699126e-01	-9.5988283467492497e-01
6.1215234756154269e-01	-9.7080424497947393e-01
6.1006553519437967e-01	-9.7076663211967684e-01
5.9742615464948201e-01	-9.6649181292957775e-01
5.9598769897026949e-01	-9.6663298658455399e-01
5.9178628920969079e-01	-9.7032113015759514e-01
5.8721152414412359e-01	-9.7490842546162160e-01
5.8485972472089676e-01	-9.7111132935938760e-01
5.7699079350919136e-01	-9.7392593357469481e-01
5.7220453974547114e-01	-9.7137697732618833e-01
5.6558700833604114e-01	-9.5488318749180456e-01
5.6024838545844158e-01	-9.4830043541961095e-01
5.4504614246854377e-01	-9.3737858580554079e-01
5.3579591002290217e-01	-9.3502652677498521e-01
5.2981705134251045e-01	-9.3096542100644397e-01
5.1805957173701089e-01	-9.2805608563424169e-01
5.1498533335843044e-01	-9.2639125882933859e-01
5.0077634634847956e-01	-9.1941857191237042e-01
4.9304973593739287e-01	-9.0528751493278148e-01
4.9117427926597990e-01	-9.0169431091390617e-01
4.8889543125733842e-01	-8.9602261561005314e-01
4.8897748433826366e-01	-8.9515704452284905e-01
4.8264557982064077e-01	-8.8663379277262167e-01
4.8137469687582057e-01	-8.8543337864770066e-01
4.8136304285723192e-01	-8.8542847737332175e-01
4.8022123615879420e-01	-8.8498017398229678e-01
4.7905293604923604e-01	-8.8496974459126909e-01
4.7771496445233119e-01	-8.8399614568190721e-01
4.7712825780229734e-01	-8.8376578919415238e-01
4.7415222873524782e-01	-8.8188859209092296e-01
4.6525931489346750e-01	-8.7544298024993694e-01
4.6005180499788084e-01	-8.6930717639524480e-01
4.5842123539721175e-01	-8.6745081508507460e-01
4.4977202676457062e-01	-8.6338850739439565e-01
4.4448373072287617e-01	-8.5870981567046223e-01
4.3362985926634140e-01	-8.5200654687821176e-01
4.2644124542377793e-01	-8.4666761151932934e-01
4.2422316826402212e-01	-8.4200649260441596e-01
4.2066344422227420e-01	-8.3576292228895299e-01
4.1730853587305078e-01	-8.2746180908127942e-01
4.1718160486290223e-01	-8.2711257264727533e-01
4.1620722789758879e-01	-8.2698831418826535e-01
4.1028921286299586e-01	-8.2586009755970424e-01
4.0356613947735248e-01	-8.2019579786182495e-01
3.9899927245013378e-01	-8.2036501724233524e-01
3.8139517312390059e-01	-8.2223124326474584e-01
3.6400162351456294e-01	-8.1516523266261465e-01
3.5149207553761180e-01	-8.1169963443980431e-01
3.4500931737868690e-01	-8.1049506971814200e-01
3.3905792708616433e-01	-8.0669931348054802e-01
3.2781213046439328e-01	-8.0012259768932759e-01
3.1453208417278355e-01	-7.9387480172000269e-01
3.1078076948735511e-01	-7.9161455795001856e-01
3.0753747396223163e-01	-7.8789985288101416e-01
3.0580822274163466e-01	-7.8596010792528603e-01
3.0274383022272744e-01	-7.9201165302485921e-01
2.9919839994892938e-01	-7.9690536893418595e-01
2.9403627383724656e-01	-8.0336154807115134e-01
2.7694608943906723e-01	-8.0915879406318370e-01
2.7259768281507224e-01	-8.0669605396724908e-01
2.7066860289047923e-01	-8.0865844571633072e-01
2.5745757766625937e-01	-8.1413501223954732e-01
2.5675147504236168e-01	-8.1970425641719147e-01
2.4806255716057493e-01	-8.1802419197031417e-01
2.4471412998193218e-01	-8.1919667889571834e-01
2.3382163984417317e-01	-8.1529339772486276e-01
2.2566470684413170e-01	-8.0985494926951840e-01
2.1727239399177131e-01	-8.0205082765202274e-01
2.1503942185857017e-01	-7.9994762943065745e-01
2.1099978344776996e-01	-7.9644032631230532e-01
2.0809652619620819e-01	-8.0653717624087118e-01
2.0552268713513619e-01	-8.1225055085376208e-01
1.9943732178606713e-01	-8.2573367788182173e-01
1.8776275934518982e-01	-8.2955743131846105e-01
1.8867291951462908e-01	-8.4211134798088794e-01
1.8879929170623092e-01	-8.5925931539644507e-01
1.8831143507424966e-01	-8.7769959642292550e-01
1.9067800726571757e-01	-8.9492193282504628e-01
1.8704463678074318e-01	-9.0296328955286720e-01
1.8617066715564953e-01	-9.0764559082569995e-01
1.8423679481528785e-01	-9.1235874975778897e-01
1.8579014416663911e-01	-9.2410486898113198e-01
1.8653826569557849e-01	-9.3038027210740903e-01
1.8617270230787386e-01	-9.3349526549087747e-01
1.9377397875001745e-01	-9.4907403166865578e-01
1.8773105593422232e-01	-9.6047675068080640e-01
1.8488797694249232e-01	-9.6312875962062050e-01
1.7119374663953285e-01	-9.5563892939361506e-01
1.6731267231658939e-01	-9.5255102213752052e-01
1.5536245842853860e-01	-9.4866341603531423e-01
1.4975881898955701e-01	-9.4688280689586635e-01
1.4853035204868772e-01	-9.4278334245952122e-01
1.3667253223918546e-01	-9.3251515823009989e-01
1.3282464669359001e-01	-9.3290117917645776e-01
1.2502399040097500e-01	-9.2785476392970323e-01
1.1548369412062746e-01	-9.2220818839828100e-01
1.0107836519163889e-01	-9.1044458437383813e-01
9.9162957521213416e-02	-9.0915304949994757e-01
8.1057518287844091e-02	-8.9687224612264493e-01
7.3160124018187139e-02	-8.9163884606844479e-01
6.5248118592793988e-02	-8.7782120919994189e-01
6.5216218077851495e-02	-8.7783411915909992e-01
5.8320572466214804e-02	-8.7356243839797809e-01
5.5998802386991578e-02	-8.6970455445976147e-01
5.1499187075077286e-02	-8.6100900266525593e-01
4.8906715875984191e-02	-8.5576800139171127e-01
4.7785215889357635e-02	-8.5513416137505871e-01
4.5818946858423637e-02	-8.5389879553856829e-01
4.7592506585686083e-02	-8.5598897284591213e-01
4.7091483285225645e-02	-8.5690744190399304e-01
2.8991116404916448e-02	-8.5702343443459128e-01
1.9779917099109860e-02	-8.5361959216039052e-01
1.4018690730222480e-02	-8.5480620921701900e-01
1.2083347806474729e-02	-8.5428357322463699e-01
9.4766090583578398e-03	-8.5492803407875373e-01
-6.8273131541606372e-04	-8.5444482360896179e-01
-4.3058787079001196e-03	-8.5356915447576742e-01
-1.0321702099799646e-02	-8.5259339057286732e-01
-1.4372404860546337e-02	-8.5165201207604924e-01
-2.1383529616507555e-02	-8.5291267896307743e-01
-2.9387022977328207e-02	-8.5448574339873562e-01
-3.0368369489435280e-02	-8.5595393271395148e-01
-2.9469060809190258e-02	-8.7236673328035452e-01
-4.0374552948083495e-02	-8.7478548584505944e-01
-4.4926355434535728e-02	-8.7213406639452629e-01
-4.8452991917067326e-02	-8.7192787240781999e-01
-5.2775437295242533e-02	-8.6144749594650349e-01
-5.7015968766411809e-02	-8.5322556767458690e-01
-6.1519351353320567e-02	-8.4694476915122685e-01
-6.8250356276842269e-02	-8.3721011168595838e-01
-6.9075948497800577e-02	-8.3405870040008756e-01
-7.0756368350992777e-02	-8.2015735326527817e-01
-7.3997322685327105e-02	-8.0565222486072618e-01
-7.4875798253878023e-02	-8.0120216716358383e-01
-7.9756334697869455e-02	-7.8658135706109855e-01
-8.4832706300839666e-02	-7.8315112239292017e-01
-7.8779901164281074e-02	-7.8134699114330930e-01
-7.4325799102768708e-02	-7.7459325423787850e-01
-8.2554931487963584e-02	-7.6424416927484917e-01
-9.6217116313457460e-02	-7.4774769379165718e-01
-1.0019845608455037e-01	-7.4353705293503780e-01
-1.1173605978362156e-01	-7.4637916081625499e-01
-1.1837693784747949e-01	-7.4634259141870829e-01
-1.1988981500013413e-01	-7.4163295399702145e-01
-1.2108954315646220e-01	-7.2857483094016606e-01
-1.2117397862658824e-01	-7.2082533657895131e-01
-1.2303510293612199e-01	-7.1185174071303448e-01
-1.2159500479260732e-01	-7.0893461521943024e-01
-1.2638585316463422e-01	-7.0686932347595910e-01
-1.3837503976085672e-01	-6.9387542960525939e-01
-1.4268940620337928e-01	-6.8934207175674422e-01
-1.4380784487134185e-01	-6.7961899949528104e-01
-1.4431457051153329e-01	-6.7484756683717306e-01
-1.4208826019334472e-01	-6.5880544883129655e-01
-1.4037038743754557e-01	-6.4602217162767428e-01
-1.3851821112876642e-01	-6.4217541019030233e-01
-1.3918367201427270e-01	-6.4086777718872234e-01
-1.4120032189283202e-01	-6.3752947204302124e-01
-1.4380342504934890e-01	-6.2451349446653881e-01
-1.4338779228635082e-01	-6.1980691518172759e-01
-1.4644232258109932e-01	-6.1627709724054358e-01
-1.5603041332266818e-01	-6.0535445314107672e-01
-1.5708936116674715e-01	-5.9222949298912519e-01
-1.5714878404999172e-01	-5.8774053121601122e-01
-1.5499745437369028e-01	-5.7469078334817536e-01
-1.5436327947507741e-01	-5.7021688085648314e-01
-1.4867002981241451e-01	-5.5952908375550392e-01
-1.4934102201518815e-01	-5.5796257018007012e-01
-1.4811807193474322e-01	-5.5152282742950243e-01
-1.4718183622052894e-01	-5.4926517736409353e-01
-1.6296732452390103e-01	-5.3584496575531848e-01
-1.7705971918423105e-01	-5.2558260433350867e-01
-1.7920472789024922e-01	-5.2341604510842465e-01
-1.8407468079033756e-01	-5.1651838890642510e-01
-1.8318048365362372e-01	-5.1232693981792998e-01
-1.8090709610780945e-01	-4.9900355220875581e-01
-1.7812992531061447e-01	-4.9423820326589663e-01
-1.6291902718360829e-01	-4.8401422585651166e-01
-1.5920183807508345e-01	-4.8146800605820161e-01
-1.4543181735717098e-01	-4.7440106367438017e-01
-1.4054028959601986e-01	-4.7177119510555743e-01
-1.2832781600603146e-01	-4.6716705287605537e-01
-1.2824106967912388e-01	-4.6485541081480225e-01
-1.3048084013990674e-01	-4.6006189886655563e-01
-1.3296161560516148e-01	-4.5916897411369012e-01
-1.4797926751350302e-01	-4.4656692438597295e-01
-1.3378135259592769e-01	-4.2912312026587029e-01
-1.3007171136271006e-01	-4.2528921742502523e-01
-1.2773986270866075e-01	-4.2346952397796761e-01
-1.2733417321714061e-01	-4.1807307052455139e-01
-1.2792227336810980e-01	-4.1088735854539343e-01
-1.2546600735569574e-01	-4.1072110622807384e-01
-1.1900955538210259e-01	-4.0061661998341874e-01
-1.1491707898225520e-01	-3.9666998667034509e-01
-1.1514895410827203e-01	-3.9507502153980467e-01
-1.1509460376758365e-01	-3.9396046323941553e-01
-1.1818363842482188e-01	-3.8993055162003754e-01
-1.3023438420125519e-01	-3.7998033100620821e-01
-1.3242608314694429e-01	-3.7738715089527297e-01
-1.3314744732721442e-01	-3.7156832397567074e-01
-1.3043644016768885e-01	-3.5984506795294485e-01
-1.2642882520957630e-01	-3.5652326601651391e-01
-1.2482061216386672e-01	-3.5261455317675083e-01
-1.2056339804072419e-01	-3.4815510822730777e-01
-1.2017867346729991e-01	-3.4713481771968219e-01
-1.1838300430287255e-01	-3.4188412784062994e-01
-1.1656760253293291e-01	-3.4141140200111464e-01
-1.1742206015066931e-01	-3.4037209526681961e-01
-1.1756032390516491e-01	-3.3956808798929494e-01
-1.2228818818100429e-01	-3.3490096742400188e-01
-1.2537128098173339e-01	-3.3316550602472400e-01
-1.2899744132872287e-01	-3.2756068981557596e-01
-1.3397699771610028e-01	-3.2646425669611540e-01
-1.3926916223204258e-01	-3.2284158911140493e-01
-1.4359017970834698e-01	-3.1073629373437239e-01
-1.4436022869180271e-01	-3.0513818889245442e-01
-1.3577520918399869e-01	-2.9255824256958191e-01
-1.3997870252280831e-01	-2.8879460030684273e-01
-1.5095880834254222e-01	-2.7510174082562738e-01
-1.5222867062770140e-01	-2.7030307573182488e-01
-1.5167638060181279e-01	-2.6368838320172600e-01
-1.5756393677464162e-01	-2.5676803332516651e-01
-1.5909069268554499e-01	-2.4987136227506362e-01
-1.5765635433378650e-01	-2.4213481972782519e-01
-1.6611589815480571e-01	-2.3603092434335282e-01
-1.6248381219235142e-01	-2.3231413634773090e-01
-1.6748465183850764e-01	-2.2505541281616909e-01
-1.7205024450803713e-01	-2.1725920830765189e-01
-1.7088565668099989e-01	-2.1349516378319103e-01
-1.7224972754716866e-01	-2.1235647892409887e-01
-1.7775640825927710e-01	-1.9998870906297248e-01
-1.7378973268596590e-01	-1.8301257711463600e-01
-1.7431061585244817e-01	-1.7801875994086683e-01
-1.8519126012627865e-01	-1.6461328006480735e-01
-1.8915952962719731e-01	-1.6077265413051087e-01
-1.9050327144359375e-01	-1.5862978861335811e-01
-2.0065211007802883e-01	-1.5236461208505897e-01
-2.0343558021324196e-01	-1.4697875948736946e-01
-2.0403166235140544e-01	-1.4363683696889115e-01
-2.0430309978049380e-01	-1.4354338097366845e-01
-2.1196513184919499e-01	-1.3521329093556653e-01
-2.1284394241728519e-01	-1.3480288999392992e-01
-2.1547055057992467e-01	-1.3169065110530903e-01
-2.2298648375269534e-01	-1.2744542881330090e-01
-2.2448764871675492e-01	-1.2207638973686301e-01
-2.2881024866772701e-01	-1.1782718807090213e-01
-2.3229345447003644e-01	-1.1511226716765684e-01
-2.3242409135963651e-01	-1.1108649614059755e-01
-2.3235446465965984e-01	-1.1094373074313620e-01
-2.3593086908188995e-01	-1.1021954730066842e-01
-2.3893665334269706e-01	-1.0965821322300619e-01
-2.4257483719249609e-01	-1.0416193602682054e-01
-2.4822233041114403e-01	-1.0205568881166509e-01
-2.5393400560133161e-01	-1.0075642088486383e-01
-2.5505666464360432e-01	-9.6684680248756233e-02
-2.5984105703833793e-01	-9.1216470199890681e-02
-2.5854948808533684e-01	-8.7884061039464251e-02
-2.5637237979567945e-01	-8.4187099901769410e-02
-2.5654119328092523e-01	-8.4099546152873142e-02
-2.6388435387243925e-01	-7.5460058757909926e-02
-2.6383914783743084e-01	-7.5394191800932459e-02
-2.6817821894053340e-01	-7.4536735855830330e-02
-2.7693473670254387e-01	-6.4546101755890012e-02
-2.8079997836145615e-01	-5.6656864570000395e-02
-2.8288131858211962e-01	-5.0668659981502606e-02
-2.8379061176699932e-01	-4.3302620948500042e-02
-2.8527534498167995e-01	-3.5765107795555431e-02
-2.8759513572820566e-01	-2.8351005439011704e-02
-2.8988867442751526e-01	-2.5094131409614525e-02
-2.9153290594776948e-01	-2.2006698523172320e-02
-2.9054422502516331e-01	-1.8868784780895636e-02
-2.9437600476094344e-01	-6.4474153059571153e-03
-2.9840929382142078e-01	-4.1839006984338532e-03
-3.0054508201842600e-01	-3.7857634687503139e-03
-3.0140956575034600e-01	-1.8947572491720029e-03
-3.0290512408443104e-01	-7.5275972425401655e-04
-3.1149350065982973e-01	1.2540023838027331e-02
-3.1230488978271304e-01	1.3257630304970677e-02
-3.2645286480458141e-01	9.3585917788040970e-03
-3.4440950688798350e-01	9.3665587227294480e-03
-3.6157181239273012e-01	1.6755460774036827e-02
-3.6947952085762242e-01	3.4070853379608287e-02
-3.6069691938967569e-01	5.2032131959795350e-02
-3.6369570026149850e-01	5.2655407340935177e-02
-3.7799328348930272e-01	4.7761951054011147e-02
-3.8054891161564164e-01	5.2698558173248380e-02
-3.9094466755754076e-01	6.5423667274829969e-02
-3.9301254268469327e-01	6.7983315961647889e-02
-3.9559965718000772e-01	7.0309071274857152e-02
-3.9584105898188898e-01	7.1542938298183950e-02
-3.9879736640427726e-01	7.5440927140961678e-02
-4.0143764363405676e-01	7.9072473422872366e-02
-4.0558919873590732e-01	7.8681629731836220e-02
-4.0778023530380580e-01	8.7796335802232478e-02
-4.0822657333013862e-01	8.8410247546697143e-02
-4.1163767069904705e-01	9.6351462089196940e-02
-4.1321178649614132e-01	9.8153418073766222e-02
-4.1677631392916625e-01	1.0125788348354270e-01
-4.2663967619749060e-01	1.0324022784201926e-01
-4.3157599353944753e-01	1.0638500619401665e-01
-4.2893605847644256e-01	1.1278054007846372e-01
-4.3488442686635292e-01	1.2442358394823073e-01
-4.3490423343870988e-01	1.2614626976617588e-01
-4.3977686349922224e-01	1.3172340463230497e-01
-4.4696320823176466e-01	1.4028174660099163e-01
-4.4860399728338718e-01	1.4155525194859792e-01
-4.5475455299392564e-01	1.5137409466296270e-01
-4.5837135201891860e-01	1.5999648414613679e-01
-4.5835922279670754e-01	1.6006081049878923e-01
-4.6276601114750843e-01	1.6240735453254718e-01
-4.6745144776586606e-01	1.7679846628961138e-01
-4.6887664854384264e-01	1.7760503268404829e-01
-4.6825368307145321e-01	1.8098395301366887e-01
-4.7019314528351097e-01	1.8256527373735579e-01
-4.7411725494588136e-01	1.8631026898848280e-01
-4.7897654442647536e-01	1.8856106334304085e-01
-4.8361209555639711e-01	1.9457538392566071e-01
-4.8374271311979383e-01	1.9578967187815571e-01
-4.8654001418017528e-01	1.9941293342580940e-01
-4.8674904959093407e-01	2.0008840634567970e-01
-4.8832297847752032e-01	2.0061497255859367e-01
-4.9582174108769655e-01	2.0955326314824371e-01
-4.9973348769588893e-01	2.1359208416439679e-01
-5.0355607879980069e-01	2.1654139863262453e-01
-5.0949286982248854e-01	2.3140578204916418e-01
-5.1072563486895073e-01	2.3505799253846427e-01
-5.1271024110673491e-01	2.3976609485979242e-01
-5.2398032702625019e-01	2.5027731550382398e-01
-5.2994038149943923e-01	2.5525392849929740e-01
-5.3531916257715806e-01	2.6712023565450205e-01
-5.4217603795702329e-01	2.8112360816681720e-01
-5.4287120306629322e-01	2.8311022964957050e-01
-5.4716985980962729e-01	2.8186248309958783e-01
-5.5136824656129046e-01	2.8460182416870472e-01
-5.5475236297430841e-01	2.9115838382903048e-01
-5.5967855463007266e-01	3.0294094185870535e-01
-5.6383612316382636e-01	3.2049990465797079e-01
-5.6060535492861951e-01	3.3018068078561658e-01
-5.5996153239769642e-01	3.3808054134160836e-01
-5.5996656983851478e-01	3.3809640924972489e-01
-5.5995857044121011e-01	3.3811688527505457e-01
-5.5995821949464020e-01	3.3812119147564851e-01
-5.6023254215007612e-01	3.4625051495574194e-01
-5.6312279455310188e-01	3.5228765055074002e-01
-5.6323437283469202e-01	3.5624937535668177e-01
-5.6106933064759823e-01	3.6119505135104008e-01
-5.6314238886068635e-01	3.6289531098500560e-01
-5.6882696254614262e-01	3.7323687658620630e-01
-5.6340173281661965e-01	3.7954273536369926e-01
-5.6258918144546877e-01	3.9008587909128450e-01
-5.6879470265834786e-01	3.9159995017275123e-01
-5.7043243025119061e-01	3.9188383269895749e-01
-5.7543588204087504e-01	3.9124322819899049e-01
-5.8015741915874675e-01	3.9188243360369807e-01
-5.8147168766824286e-01	4.0492488653494985e-01
-5.8169621715934405e-01	4.0897605152307959e-01
-5.7959649292152271e-01	4.1452256237987456e-01
-5.7878007140715393e-01	4.2547666161141712e-01
-5.7891530161262839e-01	4.3022118599708598e-01
-5.7902100712768911e-01	4.3251463427030074e-01
-5.7959497294987239e-01	4.3368597033398409e-01
-5.8197315059639598e-01	4.4423114569835948e-01
-5.8091437685713598e-01	4.4882329699606210e-01
-5.8379188005957039e-01	4.6031306627644536e-01
-5.7980347540443888e-01	4.7250530176611044e-01
-5.7887286350478140e-01	4.7418422291636902e-01
-5.8237075058653665e-01	4.7931659864655285e-01
-5.8420305303837827e-01	4.9336647376411757e-01
-5.8351326041996288e-01	4.9839584984582497e-01
-5.8258714325230532e-01	5.0144851395850898e-01
-5.8517820361704298e-01	5.0930074361508837e-01
-5.8636453798880672e-01	5.1284973627225239e-01
-5.8740097159427185e-01	5.1493195528092739e-01
-5.9002821868638455e-01	5.2080540148620846e-01
-5.9011960781371187e-01	5.2236414082579719e-01
-5.9074072736270744e-01	5.2368994966355831e-01
-5.9374750692646328e-01	5.3234067323727585e-01
-5.9365058755874622e-01	5.4322088277189284e-01
-5.9362533909642790e-01	5.4929558500605080e-01
-5.9192113574453487e-01	5.5588833026752071e-01
-6.0104383609041478e-01	5.6728443096102965e-01
-5.8827896923801204e-01	5.8483529525616096e-01
-5.9453322662589525e-01	6.0229572538804343e-01
-5.8794172347601115e-01	6.1117467585538521e-01
-5.8040818012267315e-01	6.1740736267154761e-01
-5.8035758843629759e-01	6.1959534770362734e-01
-5.7822797184000907e-01	6.2922436533563020e-01
-5.7837767733777878e-01	6.3713765489350205e-01
-5.7198579021293150e-01	6.4230794213825559e-01
-5.6977006499138139e-01	6.4747747086609431e-01
-5.6006360370277575e-01	6.4088956984711809e-01
-5.5791679861007459e-01	6.4063838994050948e-01
-5.5613101120204700e-01	6.4294927708532346e-01
-5.5685372805683409e-01	6.5400469470288058e-01
-5.5710251757104889e-01	6.5613646618962806e-01
-5.5539220794000554e-01	6.6470235013920453e-01
-5.5393870678420742e-01	6.6893227506829922e-01
-5.5624440882218540e-01	6.7062610932045585e-01
-5.5197122990060565e-01	6.7259683430349337e-01
-5.4979627133716624e-01	6.7787794525406919e-01
-5.4692550109100269e-01	6.7956247076249643e-01
-5.4671031719564278e-01	6.8864295026735944e-01
-5.4956353828966475e-01	7.0623675186434831e-01
-5.4512365857800393e-01	7.1822590881618376e-01
-5.4345171041422236e-01	7.2374373172008843e-01
-5.3080375523588319e-01	7.2783113114760756e-01
-5.2789480066950278e-01	7.3417300477984204e-01
-5.1066461334689295e-01	7.3234705839748115e-01
-5.1088722571216649e-01	7.3575160209876567e-01
-5.1015012249621938e-01	7.4043704179596770e-01
-5.0334162556136186e-01	7.5010173770932931e-01
-5.0229833350286945e-01	7.5635813667942053e-01
-5.0228998609024567e-01	7.5661748076643454e-01
-5.0218855455942102e-01	7.5701645748531321e-01
-5.0146380218820941e-01	7.6136264219160876e-01
-5.0075229493133377e-01	7.6618102059024695e-01
-5.0037163301737120e-01	7.7416122128641485e-01
-5.0137694263075483e-01	7.7945569097620548e-01
-5.1160652137904217e-01	7.9244220669138521e-01
-5.1013264171260009e-01	8.0956304528021306e-01
-5.1058961718046214e-01	8.2183962431492019e-01
-5.1040356755903260e-01	8.2715500563234379e-01
-5.0522699154947437e-01	8.2813846121354162e-01
-5.0116874089509067e-01	8.2820072269096701e-01
-4.9620438214417489e-01	8.3796791191562015e-01
-4.9285470972310258e-01	8.4518622421369760e-01
-4.8693714151689299e-01	8.4596992469051158e-01
-4.7575163620309419e-01	8.4794889977076549e-01
-4.6599762994680732e-01	8.4372827624643354e-01
-4.6227281065238912e-01	8.4139903518082959e-01
-4.5792394257672930e-01	8.3461631054370256e-01
-4.5456941401755613e-01	8.2699191807433836e-01
-4.5037693664452644e-01	8.2191983870631080e-01
-4.4293295909751695e-01	8.1679882096939960e-01
-4.4356565320052194e-01	8.2570962239242685e-01
-4.3785141562166230e-01	8.3279538225332439e-01
-4.2745668022445549e-01	8.4618254936495152e-01
-4.2365724825631462e-01	8.5099616137883449e-01
-4.1456504243372172e-01	8.5251010230368485e-01
-4.0600601103254602e-01	8.5377592829929638e-01
-3.9693528761747315e-01	8.5193033700514509e-01
-3.9212063702337258e-01	8.5118951755858308e-01
-3.8854821284598179e-01	8.5393230987868807e-01
-3.7776466950852661e-01	8.4158820441279780e-01
-3.7422651720620398e-01	8.3380844402679977e-01
-3.7067321030284495e-01	8.2757908043286177e-01
-3.6927684005056316e-01	8.2516128480065165e-01
-3.6202833390583294e-01	8.1458454582259021e-01
-3.5524019358118375e-01	8.0403284457527480e-01
-3.4853470322632368e-01	7.9503194076936090e-01
-3.4481615718755387e-01	7.8825054871862843e-01
-3.3948139332793009e-01	7.8431921942614513e-01
-3.3736271669704326e-01	7.7988759340795177e-01
-3.3295862855949532e-01	7.7425661450804473e-01
-3.3287827297693229e-01	7.7405229057406399e-01
-3.1961965624036170e-01	7.6986993355381905e-01
-3.1521096419091199e-01	7.5168905769773275e-01
-3.1480809014379690e-01	7.4833858503223061e-01
-3.1052979412718323e-01	7.4565916712924629e-01
-3.0454709902611876e-01	7.3657592538742556e-01
-3.0356109774547263e-01	7.3461411334104709e-01
-2.9821848431125397e-01	7.2886297914221887e-01
-2.9108365271770659e-01	7.2277744246990705e-01
-2.8695870653942224e-01	7.1800937001698606e-01
-2.8667450998528538e-01	7.1740901744361829e-01
-2.7458455229202650e-01	7.1637954720617880e-01
-2.7356397498277862e-01	7.1486734726825640e-01
-2.7593677945637435e-01	7.0241457517266670e-01
-2.7906848952030699e-01	7.0052515138750993e-01
-2.7902053964914220e-01	7.0041455504222316e-01
-2.7779606014520708e-01	6.9738213832765905e-01
-2.6940733691867003e-01	6.8875064458299229e-01
-2.6340151771430886e-01	6.8083884251218352e-01
-2.5561899976755426e-01	6.6424972086504319e-01
-2.5545926138361019e-01	6.6405017055358995e-01
-2.3952236697763993e-01	6.5329647246286271e-01
-2.2586517525435401e-01	6.4844520589347276e-01
-2.2401479334843657e-01	6.4515735847387345e-01
-2.2170742816365069e-01	6.4268233655099383e-01
-2.2147261026292395e-01	6.2754504337097394e-01
-2.1763207683175820e-01	6.2226885011339583e-01
-2.1232724124244318e-01	6.2687021881141747e-01
-2.0420833256856308e-01	6.3179766196855092e-01
-1.9930575891879071e-01	6.2659348976456419e-01
-1.9612737724526466e-01	6.2274451461580915e-01
-1.8991721548019680e-01	6.0869687690629792e-01
-1.8833625088806161e-01	6.0701758679875029e-01
-1.7739406154356899e-01	5.9444627614475509e-01
-1.7515069689788446e-01	5.9126587031641620e-01
-1.7342462401671638e-01	5.8830102388830396e-01
-1.7017382708599149e-01	5.8245731158887493e-01
-1.6466858575833856e-01	5.7401854418657083e-01
-1.6120251512566186e-01	5.7023180936786544e-01
-1.5307417218907535e-01	5.6137789737014610e-01
-1.4923649460621008e-01	5.5595081908167765e-01
-1.4911178297668998e-01	5.5562077390542697e-01
-1.4881430353708508e-01	5.5538098455638296e-01
-1.4298440184165426e-01	5.5202603609522027e-01
-1.3922624221046312e-01	5.5095202481171468e-01
-1.3785482416283851e-01	5.4907410488968289e-01
-1.3490068419892953e-01	5.4737407839802810e-01
-1.2008614204415199e-01	5.3716742440398657e-01
-1.1749054433544501e-01	5.3022282376229446e-01
-1.1698552881237451e-01	5.2898975615644750e-01
-1.1632907482245192e-01	5.2892615022305500e-01
-1.1160546061991528e-01	5.2669369010473510e-01
-9.8042698552441118e-02	5.2002951168946099e-01
-9.6494110543575262e-02	5.1414988177465759e-01
-9.6806507882448115e-02	5.0699948616467183e-01
-9.4251378132369931e-02	5.0446257827806773e-01
-9.2385606578521906e-02	5.0101486652501614e-01
-8.5531565467383094e-02	4.9097972751962110e-01
-7.9466785128919179e-02	4.8415778682701521e-01
-7.4600970189884638e-02	4.8099156494317746e-01
-7.8762491347982175e-02	4.9076752406923135e-01
-8.2049385715389056e-02	4.9758005441153913e-01
-8.5476421216402212e-02	5.0597294348117061e-01
-8.7728513096195615e-02	5.1203003056056073e-01
-9.1666795681977234e-02	5.1936041134583688e-01
-9.1355240111951869e-02	5.2815432582583022e-01
-8.8429878720278965e-02	5.3779528974251334e-01
-8.2706217968103651e-02	5.3871945682737921e-01
-7.3178646750627976e-02	5.4192755065636466e-01
-6.9301587650809016e-02	5.4836234461591371e-01
-6.8188481753063301e-02	5.5319737067075381e-01
-5.8398237962400373e-02	5.6085880722614556e-01
-5.1396220625998440e-02	5.6208377728855130e-01
-4.4402593986342609e-02	5.5480714551258670e-01
-4.0390076669012537e-02	5.5334875784945414e-01
-3.6484453943366635e-02	5.5017394198633185e-01
-3.4152158326991713e-02	5.4719978252287960e-01
-2.6587345126639000e-02	5.4034216867725948e-01
-2.2790797324979382e-02	5.3535611980046827e-01
-1.7923528962202621e-02	5.2952941632033801e-01
-1.2341953826022160e-02	5.2107391729636876e-01
-9.1408003820108615e-03	5.1745248854160308e-01
-4.6590814440615816e-03	5.1161982154753050e-01
4.9074857416724071e-05	5.0512249183841029e-01
1.8623461020509796e-03	5.0280854377340412e-01
2.3481440678960949e-03	5.1251270529642301e-01
3.3606777875671325e-03	5.1904483176852889e-01
1.2677844290256902e-02	5.3272547979967300e-01
1.3703198861589763e-02	5.3601073579655756e-01
2.0623611584837057e-02	5.4224314307894450e-01
2.7301715658046434e-02	5.4120733957785305e-01
2.7788559108955821e-02	5.4115524101099732e-01
2.7812386635187005e-02	5.4115269115648856e-01
2.7813821596000349e-02	5.4131400394291074e-01
2.7860131311284439e-02	5.4651996437153361e-01
2.2687643089904102e-02	5.5923000802215894e-01
1.6913076294359477e-02	5.7103534498357411e-01
1.6649343172130706e-02	5.8436031853613934e-01
1.6578988151690812e-02	5.8863118686122917e-01
2.2700819520075837e-02	6.0583662300228747e-01
2.6720982387803714e-02	6.1066285881365145e-01
4.1171463954548466e-02	6.2204769103162050e-01
5.7232285465375940e-02	6.2968614506395759e-01
5.9285593515286561e-02	6.2963567424271161e-01
7.1876053681081839e-02	6.2453863842571766e-01
7.6029647473538839e-02	6.2317184669158743e-01
9.2130853553146208e-02	6.2256973411343708e-01
9.4369235829971504e-02	6.2225514463777831e-01
1.0381558871144465e-01	6.1935370540915602e-01
1.1022478899547627e-01	6.1415604109523136e-01
1.1699553297171257e-01	6.0394078391736139e-01
1.1971419747888952e-01	5.9978978533758054e-01
1.2574811989377677e-01	5.9031931896661127e-01
1.2811177001815519e-01	5.8630508806365988e-01
1.3057685520238466e-01	5.8184621042507467e-01
1.3290694297414943e-01	5.7750702755394778e-01
1.3738673048671979e-01	5.8114226373105216e-01
1.4206829831843870e-01	5.8514866569401336e-01
1.5795143283584476e-01	5.9931896289671616e-01
1.7447899165588543e-01	5.9857041186845650e-01
1.8322667728005093e-01	5.9465112270529796e-01
1.8347640845806634e-01	5.9477361225306091e-01
1.9659033119341252e-01	5.9696136194379346e-01
2.0111704731271995e-01	5.9709450682435272e-01
2.0555552734681404e-01	5.9466698612426672e-01
2.1852708824130820e-01	5.8938984676969275e-01
2.2828458393361406e-01	5.8384018379135283e-01
2.3214546477691339e-01	5.8008641998687738e-01
2.3581126607447023e-01	5.7629185004244632e-01
2.3700992893058626e-01	5.7477387098583299e-01
2.3943186133589875e-01	5.8195576660604675e-01
2.4883946384651118e-01	5.9401236302600191e-01
2.5549716007775269e-01	5.9718654581397779e-01
2.6656965622034645e-01	5.9976331173881359e-01
2.7023851539626809e-01	5.9883163585754140e-01
2.7863241677671668e-01	5.9523609060456828e-01
2.8449128467917700e-01	5.9198295312641414e-01
2.9836020120727419e-01	5.8039130221029434e-01
3.0164751752102081e-01	5.7334900650085230e-01
3.0345809475441349e-01	5.6868851334092940e-01
3.0422182026211070e-01	5.6890258064492571e-01
3.0607348076391472e-01	5.6860470310989208e-01
3.1114958160118300e-01	5.6600500911370510e-01
3.1023922163046730e-01	5.6943133928636991e-01
3.0891859218756046e-01	5.8192250100593235e-01
3.0936985120509780e-01	5.8625420065246603e-01
3.1673594869913801e-01	5.9575815828384826e-01
3.1702953374068238e-01	5.9601250058762156e-01
3.1662803586045762e-01	5.9930736549888064e-01
3.1954994150145583e-01	6.0354484807496034e-01
3.2166881394222219e-01	6.0888122860170324e-01
3.2808786554862363e-01	6.1023082892048131e-01
3.3971113538861730e-01	6.0878416689255421e-01
3.4897546724161949e-01	5.9855951994669321e-01
3.5644950779509921e-01	5.9181946558540022e-01
3.5904888484656922e-01	5.8962291873432260e-01
3.6439647588613927e-01	5.8061492807943660e-01
3.7332995960205828e-01	5.7210203739333698e-01
3.7796816649334469e-01	5.6744558830527503e-01
3.7836096795672836e-01	5.6648651547723550e-01
3.8969773507865746e-01	5.6341420262085751e-01
3.9142884877001899e-01	5.6288049563749210e-01
4.0328618949869238e-01	5.5584716986145222e-01
4.0407906840491203e-01	5.6066403436306944e-01
4.0984495310468994e-01	5.6343568601975158e-01
4.1066679468948103e-01	5.6332899014717486e-01
4.1130713344449116e-01	5.6408444169343186e-01
4.1883973232448229e-01	5.7356322573219143e-01
4.2195916937572658e-01	5.7081290948479113e-01
4.3620731609197161e-01	5.6402253717164663e-01
4.3952003487134433e-01	5.6070722048097721e-01
4.4024728704120253e-01	5.6235106528242462e-01
4.3278853242726012e-01	5.6762621798736557e-01
4.3080739486413006e-01	5.6908439639714825e-01
4.2383986022485387e-01	5.7762966925045012e-01
4.2088179908450379e-01	5.9479955420835418e-01
4.3090681844457834e-01	6.0839645310325563e-01
4.3141465001881385e-01	6.1103601637200355e-01
4.4087853157438778e-01	6.1481302468093635e-01
4.4939271526204316e-01	6.1673815449135505e-01
4.5333508765973735e-01	6.1361463537593042e-01
4.5899199005897323e-01	6.0781015977109321e-01
4.6106531244855792e-01	6.0394758915221836e-01
4.6931035677431227e-01	5.9316460807195959e-01
4.7211537041331297e-01	5.9081453054143585e-01
4.7890052769903385e-01	5.8318219260436144e-01
4.8239920585521695e-01	5.7921908060172134e-01
4.8255473633352636e-01	5.7922533102856699e-01
4.8445783573117390e-01	5.7812530898076941e-01
4.8818084609118240e-01	5.8563797208701951e-01
4.9469769487300874e-01	5.9438263777155231e-01
5.0012642642156613e-01	6.0498997695372214e-01
5.0562453517196770e-01	6.1292075372271504e-01
5.0636061049789327e-01	6.1523608504870753e-01
5.0790941348952856e-01	6.2713152884581036e-01
5.0732824818600020e-01	6.2825173387342026e-01
5.0480655611336800e-01	6.3373599464647212e-01
5.0340701555321177e-01	6.4622786467854898e-01
5.0823583499411362e-01	6.5857563437220390e-01
5.0692432226118700e-01	6.6373455710925289e-01
5.1041100605564538e-01	6.7228631454947430e-01
5.0992712382214345e-01	6.7742652650522917e-01
5.1068729397857449e-01	6.8123565854847623e-01
5.1512909309402188e-01	6.8958812062028696e-01
5.2350874423980820e-01	6.9016094463334565e-01
5.3263529582487057e-01	6.8604208691556068e-01
5.3930992600973360e-01	6.8046821632417853e-01
5.4979710928128034e-01	6.6963942589235093e-01
5.6004649856694255e-01	6.6250638257845063e-01
5.6136215175251281e-01	6.5051367402914673e-01
5.5876791425043737e-01	6.4494793157543095e-01
5.6680303647725727e-01	6.4251770694327315e-01
5.6967228930447245e-01	6.3920790797816307e-01
5.7943913500230415e-01	6.2688195659552692e-01
5.7971073115177818e-01	6.2512081732050184e-01
5.9114004177354362e-01	6.1774062742942482e-01
5.9334571941688452e-01	6.1457337645640542e-01
5.9772358697663064e-01	6.1114366818961985e-01
5.9825662130136426e-01	6.1101023952981004e-01
6.0135173455528879e-01	6.1238382962255811e-01
6.0286781050556493e-01	6.2232761353360322e-01
6.0859270067625204e-01	6.2523325338158531e-01
6.1973467094570012e-01	6.2152952846156340e-01
6.2266506828187995e-01	6.2208835363750259e-01
6.2421505057256654e-01	6.2310707109331775e-01
6.3746379489751004e-01	6.2660916712682546e-01
6.4048279253492901e-01	6.2704487289725663e-01
6.4320592009655497e-01	6.2847908346550552e-01
6.4649556644793027e-01	6.2981225762410631e-01
6.5323417773530157e-01	6.3526489007418796e-01
6.5647838441927364e-01	6.3673720572930970e-01
6.5649550206794138e-01	6.3674447681988211e-01
6.6346522815327202e-01	6.4242754414960912e-01
6.6628361569429884e-01	6.5080094891353635e-01
6.6928629018602603e-01	6.5988103667370834e-01
6.7385993746726280e-01	6.6412822053174259e-01
6.7985705555475273e-01	6.5972626570510540e-01
6.8275523420704709e-01	6.5164873952468172e-01
6.9116898447841746e-01	6.5205523449205205e-01
6.9447497133618419e-01	6.4977029582796297e-01
6.9500342385617631e-01	6.4997967729023565e-01
6.9666834338103412e-01	6.5080761138966914e-01
6.9736557593006221e-01	6.5093627666989196e-01
6.9870355430041486e-01	6.5157315654074810e-01
6.9967207579880952e-01	6.5180215008658671e-01
7.0148907105695013e-01	6.5258499473662057e-01
7.0700004371398173e-01	6.5411996020780949e-01
7.0862725058562015e-01	6.5479256308707268e-01
7.0876872062194607e-01	6.5483897761996490e-01
7.1136399773494741e-01	6.5889714310668701e-01
7.2179431653154491e-01	6.6706644922020564e-01
7.3123854081612838e-01	6.6356820527938798e-01
7.3780919318753946e-01	6.6602574517074631e-01
7.4396257196338900e-01	6.7242730650887328e-01
7.4485564784376512e-01	6.7717037551337966e-01
7.4258224837996867e-01	6.8193366360806740e-01
7.4269174904580237e-01	6.9480839256268401e-01
7.4760486231825785e-01	6.9661934201838482e-01
7.5074431643565054e-01	6.9462224944997752e-01
7.6277589934996970e-01	6.8557301607575305e-01
7.6486713271803042e-01	6.8252095000449098e-01
7.7103908643258667e-01	6.8053990755081173e-01
7.7649083214782089e-01	6.8073046254994596e-01
7.8481536860837420e-01	6.8439947836878656e-01
7.9545203333398906e-01	6.8828017940458952e-01
7.9595061835441061e-01	6.8838895495213115e-01
7.9743315609003906e-01	6.8898878711499034e-01
8.0259747728759201e-01	6.9063733221426737e-01
8.0916848208924574e-01	6.9292919664307540e-01
8.0919878834476988e-01	6.9294625572028445e-01
8.2034278179281273e-01	6.9714732304564087e-01
8.2478769748114145e-01	6.9829440951759869e-01
8.2479938944576014e-01	6.9829654567474397e-01
8.3229443499426525e-01	7.0097757074941525e-01
8.3922110517672743e-01	7.0363905360608003e-01
8.4365366208900683e-01	7.0540717212698034e-01
8.5191290927844987e-01	7.0850676664502188e-01
8.5716346072033056e-01	7.1002243726824721e-01
8.6412828598955194e-01	7.1207414919708023e-01
8.6826867556515053e-01	7.1330272399155792e-01
8.6915077701609800e-01	7.1363687114533814e-01
8.7632723009264146e-01	7.1652552553125326e-01
8.8549819698561294e-01	7.2008084048418053e-01
8.9471652027003168e-01	7.2328952561001536e-01
8.9579934987889898e-01	7.2362762880069798e-01
8.9760117269217798e-01	7.2429922072376107e-01
9.0395099682995039e-01	7.2646536701566222e-01
9.0995143567361547e-01	7.2820090539725335e-01
9.1269219487581754e-01	7.2895942643687306e-01
9.2179533313211304e-01	7.3175272104061062e-01
9.2967113400760593e-01	7.3454674695886624e-01
9.3825175939960626e-01	7.3789581836325513e-01
9.4324090791282711e-01	7.3928991624337304e-01
9.5608260470930484e-01	7.4347342244577119e-01
9.5877332386295533e-01	7.4430383154661472e-01
9.6327521804997651e-01	7.4560100459747025e-01
9.6343008907796224e-01	7.4565369368837331e-01
9.6592825226299028e-01	7.4636544826077100e-01
9.6815593015956258e-01	7.4700733001395636e-01
9.7511308586403356e-01	7.4946144901562595e-01
9.9209507979695033e-01	7.5523108406439265e-01
9.9406543655986956e-01	7.5578367181840078e-01
9.9875704952836575e-01	7.5716551275137778e-01
1.0079057061069463e+00	7.5969168713641777e-01
1.0275229421516865e+00	7.6606307015595043e-01
1.0459417108754343e+00	7.7254887908862835e-01
1.0533974786802303e+00	7.7431542795703545e-01
1.0597081980774421e+00	7.7617137856030527e-01
1.0618917553401599e+00	7.7679050628474844e-01
1.0706434078695040e+00	7.7942358132670908e-01
1.0803954016360700e+00	7.8203049220645759e-01
1.0902245188921404e+00	7.8547272316988292e-01
1.0981226741621137e+00	7.8814775224880129e-01
1.1051037262549703e+00	7.8990431741840750e-01
1.1107191261916007e+00	7.9129200684301992e-01
1.1151416886712504e+00	7.9251071294508346e-01
1.1337748479033738e+00	7.9740800568127967e-01
1.1391272044991421e+00	7.9913230024247006e-01
1.1435020512036389e+00	8.0059181550619807e-01
1.1492533114665517e+00	8.0244348959950684e-01
1.1525310635514994e+00	8.0352838159383244e-01
1.1551191339936426e+00	8.0415378786242531e-01
1.1612661663155042e+00	8.0585095853878186e-01
1.1699708863582232e+00	8.0812042044892041e-01
1.1801342138757596e+00	8.1057131211343270e-01
1.1866143049231836e+00	8.1207773465655109e-01
1.1941884529219366e+00	8.1459142025366782e-01
1.2043313032117169e+00	8.1765004812766051e-01
1.2145341894182988e+00	8.2055889953077810e-01
1.2220346752578422e+00	8.2263330219883202e-01
1.2256453968258687e+00	8.2338451252566947e-01
1.2306402824558653e+00	8.2454288567689493e-01
1.2399723587418843e+00	8.2660583908645813e-01
1.2423505947255198e+00	8.2726096208997135e-01
1.2443132256750065e+00	8.2781437142587744e-01
1.2500269749145907e+00	8.2943533048409812e-01
1.2574132823633786e+00	8.3148814002759031e-01
1.2677863746025544e+00	8.3456985114241189e-01
1.2718039983790748e+00	8.3573658614392543e-01
1.2753823327707883e+00	8.3681403624933870e-01
1.2856277542458732e+00	8.3908893800844875e-01
1.2933549394983983e+00	8.4104447860250520e-01
1.2949756769516525e+00	8.4143748798780937e-01
1.2975545681542173e+00	8.4195089763838138e-01
1.2987893382282027e+00	8.4226277061399790e-01
1.3043943675832939e+00	8.4357187995504934e-01
1.3119168260452023e+00	8.4550728364592287e-01
1.3158669664084226e+00	8.4654418402650422e-01
1.3210276621025059e+00	8.4807618225627202e-01
1.3281981835654915e+00	8.5018699364393235e-01
1.3353159305984910e+00	8.5198344793835201e-01
1.3452754909665117e+00	8.5444184546339519e-01
1.3461452995215475e+00	8.5467017890470920e-01
1.3562984964142359e+00	8.5678115644468900e-01
1.3638201485755903e+00	8.5842095685884390e-01
1.3815226397819798e+00	8.6312634046274539e-01
1.4006220934863265e+00	8.6817504916893029e-01
1.4026363033227267e+00	8.6864271317622688e-01
1.4058516341612826e+00	8.6943921408129399e-01
1.4089303833479285e+00	8.7014982428693377e-01
1.4176820397232273e+00	8.7230336995840352e-01
1.4194284752654733e+00	8.7263524543856330e-01
1.4294645644052750e+00	8.7455765969002885e-01
1.4345681145413578e+00	8.7562033750281676e-01
1.4522660444679352e+00	8.8010220798600869e-01
1.4699603176737555e+00	8.8495439920818475e-01
1.4871840399531004e+00	8.8863302326753268e-01
1.4960341261935364e+00	8.9026352448052748e-01
1.5010906766568435e+00	8.9127969690338593e-01
1.5055584591068327e+00	8.9215687457472082e-01
1.5080519663699476e+00	8.9275385947871044e-01
1.5116040626474330e+00	8.9368341246166749e-01
1.5227308919010867e+00	8.9646420381850123e-01
1.5339315738978920e+00	8.9932258230298601e-01
1.5404216588965725e+00	9.0090798209391032e-01
1.5468688615338513e+00	9.0232724225962035e-01
1.5505306029185697e+00	9.0299702028488438e-01
1.5532051705671723e+00	9.0348623196039812e-01
1.5588143176826412e+00	9.0470478255058484e-01
1.5590310536301419e+00	9.0475186702016730e-01
1.5594010618788330e+00	9.0481056354309242e-01
1.5745702035289928e+00	9.0750166484369021e-01
1.5902880807401416e+00	9.1118753321030599e-01
1.5936966927501488e+00	9.1194687431236154e-01
1.5971289937472819e+00	9.1280661203552471e-01
1.6113871798753221e+00	9.1637428185634651e-01
1.6148718678907144e+00	9.1701614092846528e-01
1.6213855996103774e+00	9.1820648550671724e-01
1.6216641347455416e+00	9.1825738609677299e-01
1.6223786542872298e+00	9.1841977248736351e-01
1.6239940522839309e+00	9.1878689841569250e-01
1.6243883461590973e+00	9.1887650822408062e-01
1.6248793348500006e+00	9.1898809352956878e-01
1.6300398240366381e+00	9.2003910694472180e-01
1.6323218432333184e+00	9.2044002046395845e-01
1.6385324001416124e+00	9.2149328481045056e-01
1.6467205273825676e+00	9.2316354054698924e-01
1.6607737924938144e+00	9.2647017198277504e-01
1.6643989616516097e+00	9.2717189163965152e-01
1.6784012597480997e+00	9.3055667369842576e-01
1.6820852727393525e+00	9.3141793037753817e-01
1.6857908546665197e+00	9.3221090251617134e-01
1.6997521997997922e+00	9.3482684881619926e-01
1.7100520873481300e+00	9.3654227395545986e-01
1.7123731593366036e+00	9.3692992717644885e-01
1.7169287477214845e+00	9.3776879883275344e-01
1.7247634646343213e+00	9.3919983617729164e-01
1.7289450232934911e+00	9.4008472683743050e-01
1.7332369893023918e+00	9.4080628308661918e-01
1.7350745861235513e+00	9.4114336122711406e-01
1.7353356354519560e+00	9.4120249933319766e-01
1.7406603976516988e+00	9.4254169435237101e-01
1.7524999558537746e+00	9.4535018285805128e-01
1.7582876078889176e+00	9.4665266588571906e-01
1.7646084265274984e+00	9.4791011973037331e-01
1.7664764628690848e+00	9.4835581484962950e-01
1.7704352324479573e+00	9.4921910188823877e-01
1.7744152278381264e+00	9.4992869494555410e-01
1.7811016037587917e+00	9.5098326832565627e-01
1.7821278940137311e+00	9.5116790615547420e-01
1.7869875699718367e+00	9.5196583162867909e-01
1.7876964760722576e+00	9.5210691714535367e-01
1.7894450682898067e+00	9.5240390498966121e-01
1.7896098957403055e+00	9.5242663858830823e-01
1.8003220238425250e+00	9.5446042235789152e-01
1.8054926046321811e+00	9.5532303764090876e-01
1.8111110765869554e+00	9.5651408421026696e-01
1.8231643036234146e+00	9.5883280349139799e-01
1.8287250610300012e+00	9.6005790066074681e-01
1.8408367258866283e+00	9.6257692097066028e-01
1.8463411505233152e+00	9.6370050150569886e-01
1.8491039001432954e+00	9.6423039475388284e-01
1.8587672743362873e+00	9.6624546191749239e-01
1.8657928498137439e+00	9.6724664079458256e-01
1.8701973562902587e+00	9.6805400000218456e-01
1.8752711758908662e+00	9.6896264320599812e-01
1.8884543701925267e+00	9.7131969443602451e-01
1.8938216977936586e+00	9.7221947630418870e-01
1.8991608333525773e+00	9.7331771565195191e-01
1.9006212939193863e+00	9.7358597671617209e-01
1.9120111685705485e+00	9.7594246298559684e-01
1.9261905778964568e+00	9.7868479306769407e-01
1.9296781590456764e+00	9.7934553217453268e-01
1.9438393391888038e+00	9.8181878237501730e-01
1.9468210590635617e+00	9.8237665573583510e-01
1.9550131311293575e+00	9.8346150885806205e-01
1.9575894484467780e+00	9.8382957419532446e-01
1.9624759084043142e+00	9.8447666563857461e-01
1.9645007591707946e+00	9.8479261239183724e-01
1.9647235265129817e+00	9.8482737180209212e-01
1.9648626140938348e+00	9.8485333402456299e-01
1.9777617863233132e+00	9.8726110599857742e-01
1.9823840013553677e+00	9.8805889775437539e-01
1.9953713200832075e+00	9.9063330856890319e-01
1.9964482341868830e+00	9.9084006721119156e-01
2.0008297191394182e+00	9.9185165675510489e-01
2.0101055435348600e+00	9.9345150151666528e-01
2.0163756458941342e+00	9.9480361825046570e-01
2.0328088364112924e+00	9.9753469872865419e-01
2.0351192878797617e+00	9.9794485861205229e-01
2.0417498537759928e+00	9.9884837881730970e-01
2.0432033069026754e+00	9.9904643495428269e-01
2.0432511663574155e+00	9.9905295656722604e-01
2.0456880798626265e+00	9.9940098550091672e-01
2.0527632232343298e+00	1.0003547023537360e+00
2.0656130274439533e+00	1.0025916306835005e+00
2.0681628397420604e+00	1.0029311645530372e+00
2.0724436945340061e+00	1.0036715966085881e+00
2.0775097001278819e+00	1.0045812762066035e+00
2.0825145527956463e+00	1.0055337879112480e+00
2.0883424418443197e+00	1.0067379134006458e+00
2.0972182993865074e+00	1.0083605736545345e+00
2.1048056763954985e+00	1.0099344773111989e+00
2.1224864223336697e+00	1.0127773170130390e+00
2.1249639996274245e+00	1.0131540695203070e+00
2.1364315614476799e+00	1.0146107922308147e+00
2.1411545085303452e+00	1.0151718322554515e+00
2.1537815269443001e+00	1.0173460640774235e+00
2.1589566671690523e+00	1.0181574423976822e+00
2.1641634831911056e+00	1.0189495702884659e+00
2.1670275375978303e+00	1.0193569161800777e+00
2.1701379636838358e+00	1.0199782489301730e+00
2.1771345626728404e+00	1.0213702695733970e+00
2.1819622178463054e+00	1.0222165240965650e+00
2.1864625389090806e+00	1.0231509546149151e+00
2.1953153815445310e+00	1.0247126001287696e+00
2.2041037886303614e+00	1.0259361116582961e+00
2.2057727124669331e+00	1.0261513592109117e+00
2.2105234107222667e+00	1.0268843719952918e+00
2.2108880008988563e+00	1.0269538688782014e+00
2.2134735460343644e+00	1.0273870510308518e+00
2.2152961446866852e+00	1.0276208508539328e+00
2.2250157487016247e+00	1.0291171246436268e+00
2.2264116220974586e+00	1.0292678761586420e+00
2.2298672586216122e+00	1.0298303197047123e+00
2.2313272253186351e+00	1.0299893057668401e+00
2.2326430483619046e+00	1.0300384617384688e+00
2.2337411302736232e+00	1.0301759082532165e+00
2.2455178140621372e+00	1.0318190503867928e+00
2.2604297721995623e+00	1.0345995757214004e+00
2.2646135497765529e+00	1.0349374406766996e+00
2.2781297513150047e+00	1.0370755481190843e+00
2.2809461493355307e+00	1.0374772712409623e+00
2.2830412944388976e+00	1.0378155339506501e+00
2.2933212594808494e+00	1.0396876466671450e+00
2.3006956153084666e+00	1.0407750682735588e+00
2.3028703792096019e+00	1.0410976941414207e+00
2.3121567886599994e+00	1.0427299237132719e+00
2.3178315050865721e+00	1.0434988919649104e+00
2.3257042831530588e+00	1.0442395751736269e+00
2.3328893025326791e+00	1.0451835806072112e+00
2.3342625556562941e+00	1.0453629359540375e+00
2.3522953945914669e+00	1.0477507736384086e+00
2.3528901149429826e+00	1.0477822206373371e+00
2.3531072901355472e+00	1.0478096782618127e+00
2.3589321511427372e+00	1.0486781963311027e+00
2.3647623490364680e+00	1.0488132364537317e+00
2.3688564010455124e+00	1.0494098046503835e+00
2.3722069732513487e+00	1.0494916363602691e+00
2.3750975435047765e+00	1.0498309938798374e+00
2.3772054563429124e+00	1.0499912634563731e+00
2.3778596262568867e+00	1.0499534071864285e+00
2.3808570867698924e+00	1.0503742475509086e+00
2.3831692083223399e+00	1.0507832603035254e+00
2.3855349802451040e+00	1.0510373727487172e+00
2.3946461379794193e+00	1.0526399052518562e+00
2.4123377122541774e+00	1.0558907063776164e+00
2.4152362427402800e+00	1.0563468830491505e+00
2.4314319325776008e+00	1.0583789818529969e+00
2.4428550937638263e+00	1.0595268722332645e+00
2.4490611680459047e+00	1.0601560378064303e+00
2.4612496899266265e+00	1.0617211385487035e+00
2.4672201069008115e+00	1.0625518135725482e+00
2.4726092547283862e+00	1.0632762651390868e+00
2.4843463969965045e+00	1.0649697715537925e+00
2.4968188629785271e+00	1.0667158716929879e+00
2.5022530037948210e+00	1.0675959018833467e+00
2.5093669615134346e+00	1.0687413714142182e+00
2.5199022046376722e+00	1.0702416927023204e+00
2.5270554844579896e+00	1.0707144680160146e+00
2.5285314269143724e+00	1.0707616677719385e+00
2.5291153421822727e+00	1.0708413337722784e+00
2.5310316710764647e+00	1.0710068431939428e+00
2.5313230338792891e+00	1.0710580517294401e+00
2.5452175908209358e+00	1.0730932286588655e+00
2.5489672020216725e+00	1.0734908107594932e+00
2.5527414024857062e+00	1.0739300225141208e+00
2.5545985163552181e+00	1.0740191290809049e+00
2.5561992641209006e+00	1.0742295230495180e+00
2.5572409359517452e+00	1.0741459155650912e+00
2.5575838023435633e+00	1.0741623667087405e+00
2.5637676980869659e+00	1.0749954443872520e+00
2.5757387405772327e+00	1.0795264170181438e+00
2.5824202846221795e+00	1.0786599931405372e+00
2.5946331275461447e+00	1.0814010254748994e+00
2.6058097566738319e+00	1.0826447833519548e+00
2.6104968224432548e+00	1.0848201205999946e+00
2.6158204079724579e+00	1.0837556865038502e+00
2.6239028698037261e+00	1.0871136511197330e+00
2.6297027236113295e+00	1.0880292815400656e+00
2.6305709902044341e+00	1.0877240529047443e+00
2.6365110985326989e+00	1.0894161034500236e+00
2.6393521141951024e+00	1.0893198258153125e+00
2.6402385157773396e+00	1.0898275346869761e+00
2.6455879812483838e+00	1.0909915008205509e+00
2.6545134579209986e+00	1.0900632345513119e+00
2.6593595783226194e+00	1.0893854935343066e+00
2.6608824681936971e+00	1.0877204127608622e+00
2.6689321675617466e+00	1.0888975652987409e+00
2.6814492970248427e+00	1.0899703765988529e+00
2.6859107384474883e+00	1.0902884869230496e+00
2.6892941695955983e+00	1.0906536549290970e+00
2.6956532930117767e+00	1.0914159616484744e+00
2.7061594288435171e+00	1.0930073486270413e+00
2.7171682015217824e+00	1.0939371901152537e+00
2.7240486514446767e+00	1.0948057195798360e+00
2.7328100622681175e+00	1.0956173866730337e+00
2.7371485060992296e+00	1.0956717801474869e+00
2.7407160886773578e+00	1.0959856522222173e+00
2.7419282367917734e+00	1.0961949684113115e+00
2.7509945210057620e+00	1.0962052093770471e+00
2.7550117598592392e+00	1.0965925332658613e+00
2.7602538155573524e+00	1.0974761397441168e+00
2.7651944770181607e+00	1.0979707171098096e+00
2.7695912417111646e+00	1.0987291097381504e+00
2.7776398248852501e+00	1.1000155501573610e+00
2.7872961797535720e+00	1.1013057209877644e+00
2.7916702328588623e+00	1.1011216799592818e+00
2.7939281470729211e+00	1.1014693213526039e+00
2.7985858129009298e+00	1.1018582550878893e+00
2.8032740917473924e+00	1.1024072937807678e+00
2.8072602664381914e+00	1.1030838356079993e+00
2.8159871239895535e+00	1.1040774998391103e+00
2.8195676015748297e+00	1.1041604600210819e+00
2.8198581395522875e+00	1.1041869194491556e+00
2.8297368032830517e+00	1.1049674133026817e+00
2.8362214153886915e+00	1.1054781727267047e+00
2.8403208261025945e+00	1.1061363791357508e+00
2.8430275480421736e+00	1.1063500985120114e+00
2.8447770789482885e+00	1.1066553458996260e+00
2.8520935149181428e+00	1.1075458245154290e+00
2.8594642026931965e+00	1.1087092690328748e+00
2.8654778743472238e+00	1.1090450845535429e+00
2.8733683627557758e+00	1.1097878382635753e+00
2.8799369064255145e+00	1.1106992246246998e+00
2.8822910308346867e+00	1.1108995282899023e+00
2.8850411154924336e+00	1.1114543270169848e+00
2.8883946528857805e+00	1.1117410822441687e+00
2.8886628779509138e+00	1.1117887276512410e+00
2.8897860091786205e+00	1.1118850137913174e+00
2.8922152362864813e+00	1.1122842772090800e+00
2.9001020226745062e+00	1.1136099325995672e+00
2.9025086373146647e+00	1.1138007854753451e+00
2.9106341443230503e+00	1.1146188755553346e+00
2.9151052851412951e+00	1.1152668131975567e+00
2.9226470188878317e+00	1.1162273822479429e+00
2.9289275048097450e+00	1.1167881616236761e+00
2.9310873280339429e+00	1.1171150588584540e+00
2.9384663634124393e+00	1.1178378143114018e+00
2.9427588473000608e+00	1.1179834219496281e+00
2.9439444839916993e+00	1.1181020115678078e+00
2.9512158202045895e+00	1.1189831554563681e+00
2.9529788513454562e+00	1.1191095907911035e+00
2.9579002193153796e+00	1.1196603026941505e+00
2.9678277444715735e+00	1.1207882486577678e+00
2.9755314961253601e+00	1.1215148113564830e+00
2.9832835625107514e+00	1.1221635246411790e+00
2.9854679623632485e+00	1.1222858257951394e+00
2.9882493111234680e+00	1.1226393812044069e+00
3.0001405475592668e+00	1.1237108488955554e+00
3.0029688785634674e+00	1.1241132908818425e+00
3.0107923813635935e+00	1.1251838386878710e+00
3.0186594254606227e+00	1.1260455778821115e+00
3.0198233107233756e+00	1.1261485579576802e+00
3.0223700614012898e+00	1.1265697896822942e+00
3.0312753221507704e+00	1.1278910732103791e+00
3.0375672258590543e+00	1.1283970444042397e+00
3.0397806648000971e+00	1.1287560585536105e+00
3.0414951311465810e+00	1.1289901653952787e+00
3.0486346021442619e+00	1.1296531208709046e+00
3.0593229207389165e+00	1.1314478802687440e+00
3.0662953723362030e+00	1.1317681646060558e+00
3.0671722773733370e+00	1.1318545226382337e+00
3.0685413106582575e+00	1.1318713333204005e+00
3.0744570164860536e+00	1.1321430753173654e+00
3.0750942910919532e+00	1.1322058782989197e+00
3.0792229512129730e+00	1.1324649347648026e+00
3.0797871965755372e+00	1.1325350787147421e+00
3.0828228988482334e+00	1.1330194400853411e+00
3.0877834383953648e+00	1.1332053687366017e+00
3.0882893342267743e+00	1.1332495812953545e+00
3.0896472374007637e+00	1.1333852432410609e+00
3.0939272234701214e+00	1.1339960046631161e+00
3.0971183807745817e+00	1.1341154534592599e+00
3.1095955156945085e+00	1.1352336473794744e+00
3.1116600039042006e+00	1.1355153372541740e+00
3.1127736486284605e+00	1.1356001021543998e+00
3.1137259658350085e+00	1.1357196710683781e+00
3.1210668740256926e+00	1.1366548107238537e+00
3.1245661301124912e+00	1.1367882099843234e+00
3.1323908560374294e+00	1.1377156530802266e+00
3.1433215763010676e+00	1.1392142141041699e+00
3.1477758573075483e+00	1.1394764115181917e+00
3.1517963007204512e+00	1.1400258278466515e+00
3.1522295015158113e+00	1.1400109103653662e+00
3.1554556652727554e+00	1.1404111250535558e+00
3.1554587822555322e+00	1.1404114619868384e+00
3.1560870482931240e+00	1.1405042452846834e+00
3.1579330682424516e+00	1.1408195885180601e+00
3.1592939193666409e+00	1.1410099296600422e+00
3.1605599868491643e+00	1.1411870134910111e+00
3.1671533845556770e+00	1.1421092266756068e+00
3.1684941414734760e+00	1.1422083076269465e+00
3.1702582088536921e+00	1.1424579077698860e+00
3.1765110927267233e+00	1.1428155128460409e+00
3.1787026625520101e+00	1.1431592698839204e+00
3.1853037112064322e+00	1.1441258267115100e+00
3.1963855314866998e+00	1.1448468848737978e+00
3.1974755982719247e+00	1.1449024955332805e+00
3.2018883356561889e+00	1.1454073365701771e+00
3.2091399665050826e+00	1.1458089477753743e+00
3.2131228520383468e+00	1.1462658692313725e+00
3.2189910030820204e+00	1.1466959667267884e+00
3.2228399214337098e+00	1.1470139324232194e+00
3.2230386706523162e+00	1.1470283120783704e+00
3.2248265423441898e+00	1.1471576659372882e+00
3.2262045670565822e+00	1.1472573670596014e+00
3.2280965515557392e+00	1.1473942535582751e+00
3.2318241005924557e+00	1.1478333390745845e+00
3.2324231336074676e+00	1.1479039019882020e+00
3.2324357916029478e+00	1.1479053930329679e+00
3.2381674964598615e+00	1.1485301666963128e+00
3.2405031593479179e+00	1.1487298228273635e+00
3.2494209722273215e+00	1.1494921314747464e+00
3.2552572163180766e+00	1.1495775181359165e+00
3.2562954202391321e+00	1.1496850943389529e+00
3.2593575669142489e+00	1.1501222909042039e+00
3.2608738289572363e+00	1.1503387745111457e+00
3.2639874549604486e+00	1.1503348515385670e+00
3.2673823554944939e+00	1.1505604565778280e+00
3.2718501134807467e+00	1.1508876810169033e+00
3.2725163993113662e+00	1.1509244272919261e+00
3.2730735267346933e+00	1.1509838058344191e+00
3.2736478176851080e+00	1.1510217369667077e+00
3.2742085093526128e+00	1.1511063393706069e+00
3.2751875286732135e+00	1.1512827877348910e+00
3.2753551386620288e+00	1.1513129960338917e+00
3.2847915741398466e+00	1.1530137220254006e+00
3.2910580411898600e+00	1.1540787277987101e+00
3.2933055856961277e+00	1.1542705579245567e+00
3.2972717557340081e+00	1.1546090744235067e+00
3.3064702280894904e+00	1.1552274568990559e+00
3.3107554039609481e+00	1.1560768722723467e+00
3.3170539769305809e+00	1.1563895425627060e+00
3.3174617361774046e+00	1.1564568689341346e+00
3.3193641188332896e+00	1.1565042213547077e+00
3.3194030185783245e+00	1.1565051896126348e+00
3.3194256786184071e+00	1.1565072772716558e+00
3.3256173364961694e+00	1.1570777118506006e+00
3.3280820634504327e+00	1.1574300660745249e+00
3.3281154809750246e+00	1.1574348434012478e+00
3.3369882483932831e+00	1.1580887937628812e+00
3.3400511514236824e+00	1.1582873271486538e+00
3.3403093170816365e+00	1.1583156203220135e+00
3.3414784054066331e+00	1.1584014384858863e+00
3.3454735634560930e+00	1.1587875044310139e+00
3.3471721379091628e+00	1.1588926326737570e+00
3.3544371670828790e+00	1.1600873589902478e+00
3.3625692503099853e+00	1.1605793537348061e+00
3.3636020176127759e+00	1.1607160380731392e+00
3.3663428850941752e+00	1.1609149069153619e+00
3.3716439130522780e+00	1.1612995330601039e+00
3.3730125150860784e+00	1.1613988345782447e+00
3.3770036023488514e+00	1.1615825695694142e+00
3.3800744874660773e+00	1.1623517817613713e+00
3.3801453254580309e+00	1.1617272029561871e+00
3.3815734331681520e+00	1.1617929477871649e+00
3.3828477468007336e+00	1.1618218812931742e+00
3.3907882879473386e+00	1.1623588813464949e+00
3.3918005804970073e+00	1.1623796917339440e+00
3.3930837039229744e+00	1.1625239270143677e+00
3.3981979536698730e+00	1.1628544213365475e+00
3.3991078411234694e+00	1.1629132203104182e+00
3.4012624893290546e+00	1.1630726170857331e+00
3.4058771990925525e+00	1.1634140045351595e+00
3.4060020050079864e+00	1.1634151847048206e+00
3.4083594392022976e+00	1.1636321785884300e+00
3.4122543769864659e+00	1.1641117827914100e+00
3.4172454995068224e+00	1.1643905922346969e+00
3.4222079996006713e+00	1.1648578800544607e+00
3.4248916536686815e+00	1.1649996107479772e+00
3.4256407174671355e+00	1.1650391707392995e+00
3.4260900667681962e+00	1.1650968959148831e+00
3.4319273071153407e+00	1.1658467707297921e+00
3.4329075192070464e+00	1.1659704343000601e+00
3.4341950883696937e+00	1.1661328740424048e+00
3.4370488646059796e+00	1.1662609372582875e+00
3.4391172399873069e+00	1.1664335113031410e+00
3.4397428094360603e+00	1.1665113182121689e+00
3.4484452176929934e+00	1.1677719364547239e+00
3.4490477751918025e+00	1.1678592220603585e+00
3.4501844990294841e+00	1.1680238862273593e+00
3.4621614660884341e+00	1.1692408932524823e+00
3.4642069203967503e+00	1.1696968596244057e+00
3.4668243822096581e+00	1.1696509645488893e+00
3.4678121009820866e+00	1.1697298846435216e+00
3.4717180427482770e+00	1.1703880153278907e+00
3.4837579880581671e+00	1.1718005075311726e+00
3.4844002747789409e+00	1.1718758587858515e+00
3.4854526090290809e+00	1.1719993156525823e+00
3.4992613527159313e+00	1.1730694404788053e+00
3.5013294436268212e+00	1.1729454868164562e+00
3.5013433433703223e+00	1.1729446537176289e+00
3.5024092458049032e+00	1.1728807674978416e+00
3.5030604043754896e+00	1.1728417394796973e+00
3.5068451526632756e+00	1.1730470647580846e+00
3.5085742187647626e+00	1.1730632444810070e+00
3.5152048904583344e+00	1.1736111874989337e+00
3.5167956858266516e+00	1.1736618507088954e+00
3.5184680223428106e+00	1.1737151108187325e+00
3.5186638800942256e+00	1.1737213484421127e+00
3.5203433177737553e+00	1.1737748347078325e+00
3.5205275433906968e+00	1.1737807018742181e+00
3.5206074517093744e+00	1.1737879254396741e+00
3.5209261738791024e+00	1.1738167373392789e+00
3.5215821585110123e+00	1.1738775075483550e+00
3.5251182615033176e+00	1.1743636923718375e+00
3.5257964996395250e+00	1.1744522423259540e+00
3.5341873910991066e+00	1.1760291737011255e+00
3.5342198669247473e+00	1.1755519870126570e+00
3.5345944225415589e+00	1.1756008885428308e+00
3.5346318488059367e+00	1.1750509621034859e+00
3.5353967294956647e+00	1.1751223753424196e+00
3.5381714937844886e+00	1.1753814417665078e+00
3.5384671737069873e+00	1.1754056894318934e+00
3.5409879973850402e+00	1.1756124132720678e+00
3.5468768470896959e+00	1.1771778718701376e+00
3.5469629315264362e+00	1.1761023965030459e+00
3.5471589035408471e+00	1.1761184674752994e+00
3.5473639308486642e+00	1.1761352810401597e+00
3.5484055666113079e+00	1.1762207019074704e+00
3.5493910943244980e+00	1.1763752567933092e+00
3.5493971053050601e+00	1.1763001600421432e+00
3.5502634819131345e+00	1.1763650861109922e+00
3.5521180620365032e+00	1.1767143817904886e+00
3.5525236697420501e+00	1.1767907748334920e+00
3.5536142539871318e+00	1.1769961778571381e+00
3.5538512507978171e+00	1.1770408143551701e+00
3.5538650085318095e+00	1.1769032354847468e+00
3.5555977392807057e+00	1.1771676747828406e+00
3.5603986936277265e+00	1.1790755096186958e+00
3.5605863462397291e+00	1.1771989626229518e+00
3.5668116639316794e+00	1.1777764508534827e+00
3.5684824370583468e+00	1.1778465798480484e+00
3.5749708959264699e+00	1.1790149568861756e+00
3.5877120079787241e+00	1.1817182100344377e+00
3.5906009237581289e+00	1.1823311448115363e+00
3.5974980118464472e+00	1.1850522818517213e+00
3.5975336039521255e+00	1.1846700911477792e+00
3.6009790610542605e+00	1.1859170510469177e+00
3.6088188969579775e+00	1.1887543990962390e+00
3.6093422248240472e+00	1.1836901579768790e+00
3.6146025436722820e+00	1.1851752563078672e+00
3.6236173138618470e+00	1.1877966778904714e+00
3.6277133058049329e+00	1.1894107218321206e+00
3.6281261294344116e+00	1.1842534963381055e+00
3.6324574439533368e+00	1.1859492043608284e+00
3.6407232919982238e+00	1.1886305839931346e+00
3.6409979293031687e+00	1.1854055160727197e+00
3.6453539939875430e+00	1.1871500430702779e+00
3.6492919603652858e+00	1.1889367538899842e+00
3.6496550707296298e+00	1.1846727461731368e+00
3.6577887465347740e+00	1.1862216212127903e+00
3.6722863170462188e+00	1.1884599104887019e+00
3.6751835987079278e+00	1.1889072236759410e+00
3.6839062221718715e+00	1.1899344284433027e+00
3.6841150058629974e+00	1.1869614131609676e+00
3.6846129828816228e+00	1.1870125176117470e+00
3.6869705450732422e+00	1.1872806743231927e+00
3.6875223760278768e+00	1.1873110915082910e+00
3.6905112554183344e+00	1.1876178226102936e+00
3.6959228279428973e+00	1.1881731804508693e+00
3.7056889215966939e+00	1.1912920528702120e+00
3.7061030490335285e+00	1.1887419554317868e+00
3.7073863065429151e+00	1.1888035852521472e+00
3.7164256802170796e+00	1.1890620719027418e+00
3.7187242736293840e+00	1.1891212353607188e+00
3.7214930983151078e+00	1.1896476254743757e+00
3.7281842167896313e+00	1.1908734979348112e+00
3.7282613904423014e+00	1.1898064482007384e+00
3.7357116030260396e+00	1.1903587174638022e+00
3.7380832951593712e+00	1.1904127015083528e+00
3.7455237777715755e+00	1.1912636437098461e+00
3.7455708256602063e+00	1.1906757016165046e+00
3.7528052262784084e+00	1.1913622924821237e+00
3.7577620952562056e+00	1.1915703328686167e+00
3.7581469893852466e+00	1.1916293265296320e+00
3.7620957834260325e+00	1.1919949643617080e+00
3.7626762153509383e+00	1.1920427631845838e+00
3.7660698745735814e+00	1.1923222325058314e+00
3.7705529322208942e+00	1.1925541715160126e+00
3.7719708464600359e+00	1.1927202450735086e+00
3.7848889180624736e+00	1.1938010016326339e+00
3.7858605147353384e+00	1.1938094610718388e+00
3.7858922650977949e+00	1.1938097375139762e+00
3.7860739709667706e+00	1.1938319272565201e+00
3.7876848970062458e+00	1.1940286519648351e+00
3.7976203847026602e+00	1.1949427246554645e+00
3.8013197236301948e+00	1.1952830667494174e+00
3.8041204456425355e+00	1.1955407353796599e+00
3.8148327875844212e+00	1.1969082534786282e+00
3.8217657786858581e+00	1.1977933065195632e+00
3.8402253171678020e+00	1.1990765899129572e+00
3.8402741980842898e+00	1.1984144684901279e+00
3.8449917583609881e+00	1.1988895176717393e+00
3.8497037787942303e+00	1.1992321567187678e+00
3.8572380582888059e+00	1.1997800190174657e+00
3.8678469282624444e+00	1.2001377090328731e+00
3.8684978235847995e+00	1.2001596547027193e+00
3.8691034897311432e+00	1.2001800754198886e+00
3.8732610366050699e+00	1.2004681517478948e+00
3.8776832103936165e+00	1.2007540699674706e+00
3.8824819921539198e+00	1.2010354688702884e+00
3.8924653674874987e+00	1.2019806739646717e+00
3.8924900799186815e+00	1.2016223396756265e+00
3.8952934300123303e+00	1.2017867271556100e+00
3.8964531247929561e+00	1.2018061606005599e+00
3.8972884627723157e+00	1.2018201586756636e+00
3.9046282023888139e+00	1.2020383383804587e+00
3.9064702457603326e+00	1.2020945483235073e+00
3.9078103082309030e+00	1.2021744435784354e+00
3.9093327960404887e+00	1.2022652151315107e+00
3.9110961478813606e+00	1.2025024355171789e+00
3.9117511072083673e+00	1.2025289025854644e+00
3.9147954890190921e+00	1.2026519268068914e+00
3.9207719533107697e+00	1.2028934372060733e+00
3.9224389715016330e+00	1.2029865336279222e+00
3.9225040383920229e+00	1.2029915779554117e+00
3.9259771789589002e+00	1.2035577549330301e+00
3.9364714577442244e+00	1.2050716332904994e+00
3.9369120592464886e+00	1.2051760879916071e+00
3.9448382527219250e+00	1.2070551741185123e+00
3.9448954315856124e+00	1.2063842443848081e+00
3.9471034106054819e+00	1.2067640412013658e+00
3.9483525809179500e+00	1.2070589478969671e+00
3.9483593032712245e+00	1.2069800686328294e+00
3.9517934835446540e+00	1.2075707856295024e+00
3.9525130158780644e+00	1.2076945531504708e+00
3.9525646620714445e+00	1.2070885430877156e+00
3.9531809291806090e+00	1.2072149110006465e+00
3.9632420652066322e+00	1.2092779851813305e+00
3.9633835792909249e+00	1.2067584818643193e+00
3.9644466284441133e+00	1.2069714451808633e+00
3.9706899518443177e+00	1.2082221858955098e+00
3.9806041012016711e+00	1.2108023802707717e+00
3.9807441250259141e+00	1.2083167072184324e+00
3.9832561292445261e+00	1.2087954428637786e+00
3.9838232633746715e+00	1.2089035268079782e+00
3.9856822286173261e+00	1.2092578068360627e+00
3.9870712073350920e+00	1.2095225172286230e+00
3.9870830385882456e+00	1.2092745035344097e+00
3.9875290152772593e+00	1.2093655041692366e+00
3.9972737486655614e+00	1.2133988563591560e+00
3.9986385006207597e+00	1.2139679908590093e+00
4.0024084800482260e+00	1.2155401632583496e+00
4.0030747256352290e+00	1.2158180037461352e+00
4.0039102299753795e+00	1.2161664292185776e+00
4.0039468344698683e+00	1.2161816941761285e+00
4.0047042513923836e+00	1.2164975553109920e+00
4.0047328150147514e+00	1.2149565344088964e+00
4.0050362874112109e+00	1.2150708223017188e+00
4.0051647609249992e+00	1.2081396156233735e+00
4.0169901487236599e+00	1.2090928871642355e+00
4.0174240135079033e+00	1.2091278619962194e+00
4.0179115268701588e+00	1.2091666467430877e+00
4.0275296370628402e+00	1.2122571248331702e+00
4.0346205519706961e+00	1.2143145801738375e+00
4.0348654692827148e+00	1.2105154392394579e+00
4.0349056881808654e+00	1.2105186389051592e+00
4.0350161409679099e+00	1.2105274261174042e+00
4.0357470251836762e+00	1.2106942638398281e+00
4.0376747110365665e+00	1.2111342934783227e+00
4.0520725548469061e+00	1.2144208653009381e+00
4.0562576077458958e+00	1.2158129725726381e+00
4.0563889442316388e+00	1.2136289544468251e+00
4.0585852698535865e+00	1.2142810673491542e+00
4.0622559248909775e+00	1.2153896136542464e+00
4.0680693201033131e+00	1.2192593896277586e+00
4.0698940831896389e+00	1.2204114422214920e+00
4.0729330392772551e+00	1.2223300678607412e+00
4.0795249352723513e+00	1.2246815267207825e+00
4.0797990487670406e+00	1.2205472297231157e+00
4.0865825331340710e+00	1.2232735566068285e+00
4.0868128224028677e+00	1.2181834695597094e+00
4.0884066912608121e+00	1.2189116531949471e+00
4.0897952031722067e+00	1.2195460163335268e+00
4.0899431468235434e+00	1.2196136066784311e+00
4.0901024295795914e+00	1.2160929776121285e+00
4.1003344216609587e+00	1.2212675332383449e+00
4.1004385978934197e+00	1.2193024137932451e+00
4.1068227548648917e+00	1.2224115595863096e+00
4.1097499876602130e+00	1.2236856424192601e+00
4.1106592176076644e+00	1.2240813862320183e+00
4.1180942813142210e+00	1.2273175097974400e+00

ZONE T="MeanCCS", I=2500, F=POINT
1.1286184160503666e+01	-1.0355898717591847e+00
1.1274226254403063e+01	-1.0363843123754823e+00
1.1267816067309484e+01	-1.0368294919843961e+00
1.1261406199140550e+01	-1.0372799493700651e+00
1.1254997637130431e+01	-1.0377475589599019e+00
1.1248590088003779e+01	-1.0382302699708508e+00
1.1242180796133146e+01	-1.0386889200000498e+00
1.1235770908472009e+01	-1.0391398209955354e+00
1.1229360075411865e+01	-1.0395763106751494e+00
1.1222948728678634e+01	-1.0400054831951524e+00
1.1216537291105391e+01	-1.0404334709152638e+00
1.1210125775125123e+01	-1.0408601961414408e+00
1.1203713847655367e+01	-1.0412806967954376e+00
1.1197301582226888e+01	-1.0416963516707434e+00
1.1190889351167922e+01	-1.0421120043181538e+00
1.1184478014689560e+01	-1.0425402325878881e+00
1.1178067315181469e+01	-1.0429783473201253e+00
1.1171657013502971e+01	-1.0434231937722422e+00
1.1165247400102965e+01	-1.0438772038865991e+00
1.1158838442095950e+01	-1.0443385785739749e+00
1.1152431046583606e+01	-1.0448209791590022e+00
1.1146024783186720e+01	-1.0453198835126825e+00
1.1139618430218064e+01	-1.0458188007480924e+00
1.1133212266058653e+01	-1.0463199963088226e+00
1.1126806375717694e+01	-1.0468250914371577e+00
1.1120400864152376e+01	-1.0473328873794612e+00
1.1113998387471943e+01	-1.0478773477061751e+00
1.1107594436925462e+01	-1.0484029138117490e+00
1.1101186047686797e+01	-1.0488760812681157e+00
1.1094776278775905e+01	-1.0493298337289032e+00
1.1088365517965626e+01	-1.0497695089417274e+00
1.1081952505671042e+01	-1.0501692428517524e+00
1.1075536065361042e+01	-1.0505233336273996e+00
1.1069120884025835e+01	-1.0508829807033799e+00
1.1062711900623524e+01	-1.0513372331962612e+00
1.1056300705829175e+01	-1.0517637878292065e+00
1.1049887799079182e+01	-1.0521644681316062e+00
1.1043481859954206e+01	-1.0526617769830193e+00
1.1037075530423230e+01	-1.0531666321999602e+00
1.1030666645059046e+01	-1.0536267658681708e+00
1.1024253740633229e+01	-1.0540352042683272e+00
1.1017841056626045e+01	-1.0544468940291367e+00
1.1011431697140907e+01	-1.0548952867085357e+00
1.1005026187090412e+01	-1.0554027843773632e+00
1.0998621273883588e+01	-1.0559247619212295e+00
1.0992215015992608e+01	-1.0564208635258459e+00
1.0985802416243915e+01	-1.0568306682938433e+00
1.0979389413773957e+01	-1.0572350917841284e+00
1.0972976342396530e+01	-1.0576377051320285e+00
1.0966563077600979e+01	-1.0580370586986070e+00
1.0960149321219031e+01	-1.0584285569031142e+00
1.0953735207819753e+01	-1.0588143007897746e+00
1.0947320761488230e+01	-1.0591945395591202e+00
1.0940906143703486e+01	-1.0595728908092958e+00
1.0934492196857823e+01	-1.0599591691344936e+00
1.0928079346814354e+01	-1.0603610553731544e+00
1.0921667697760538e+01	-1.0607854488646034e+00
1.0915256070910408e+01	-1.0612117223797484e+00
1.0908844042317973e+01	-1.0616308883226999e+00
1.0902431272366472e+01	-1.0620395766803705e+00
1.0896018743263701e+01	-1.0624495400930993e+00
1.0889608342019800e+01	-1.0628886942393363e+00
1.0883202073853671e+01	-1.0633858513181691e+00
1.0876795935981004e+01	-1.0638876819430569e+00
1.0870389729374073e+01	-1.0643876561145593e+00
1.0863981426777455e+01	-1.0648596644488706e+00
1.0857572377148722e+01	-1.0653224515039825e+00
1.0851162886994517e+01	-1.0657787559326855e+00
1.0844752159601970e+01	-1.0662165874741216e+00
1.0838340863494873e+01	-1.0666469492509099e+00
1.0831929676566997e+01	-1.0670789178567457e+00
1.0825518747629673e+01	-1.0675134628118899e+00
1.0819109010839847e+01	-1.0679652163319828e+00
1.0812700125223580e+01	-1.0684294324922048e+00
1.0806292010561886e+01	-1.0689032587016225e+00
1.0799885961150780e+01	-1.0694092612296535e+00
1.0793474372278610e+01	-1.0698280864590788e+00
1.0787064047233946e+01	-1.0702642270119060e+00
1.0780655287035072e+01	-1.0707329308293934e+00
1.0774245140003249e+01	-1.0711799311905461e+00
1.0767833943055862e+01	-1.0716128262842513e+00
1.0761422553786979e+01	-1.0720440624791860e+00
1.0755011855091299e+01	-1.0724814640099232e+00
1.0748603386536075e+01	-1.0729437080759672e+00
1.0742197368484211e+01	-1.0734429945159076e+00
1.0735792177947028e+01	-1.0739596123166959e+00
1.0729387295357080e+01	-1.0744767576938672e+00
1.0722977912292869e+01	-1.0749331111109706e+00
1.0716563135732134e+01	-1.0753073538289932e+00
1.0710148413734716e+01	-1.0756830394829975e+00
1.0703733904399840e+01	-1.0760623641164535e+00
1.0697317686857000e+01	-1.0764096680856847e+00
1.0690900532383127e+01	-1.0767419117143635e+00
1.0684483919594317e+01	-1.0770837782137654e+00
1.0678069769985816e+01	-1.0774603254013388e+00
1.0671657020837076e+01	-1.0778647623964961e+00
1.0665244417279625e+01	-1.0782775080289813e+00
1.0658832358482213e+01	-1.0786969117708669e+00
1.0652421352713633e+01	-1.0791302621176317e+00
1.0646010963960213e+01	-1.0795733679958290e+00
1.0639600516109811e+01	-1.0800169094479708e+00
1.0633189291724022e+01	-1.0804466212770356e+00
1.0626774709264209e+01	-1.0808252006272465e+00
1.0620359732842845e+01	-1.0811965448881302e+00
1.0613944772495884e+01	-1.0815677028599806e+00
1.0607530543945344e+01	-1.0819498133198062e+00
1.0601117697017083e+01	-1.0823549862842667e+00
1.0594705730686906e+01	-1.0827742863127454e+00
1.0588294146108336e+01	-1.0831996648119748e+00
1.0581883055081525e+01	-1.0836320138960269e+00
1.0575472525112474e+01	-1.0840734958192317e+00
1.0569060279159761e+01	-1.0844888122220804e+00
1.0562646628609919e+01	-1.0848828099151266e+00
1.0556230337410513e+01	-1.0852323438844940e+00
1.0549814339410242e+01	-1.0855828565712322e+00
1.0543402879598814e+01	-1.0859919690030733e+00
1.0536992471217330e+01	-1.0864397083194213e+00
1.0530581372217064e+01	-1.0868737816456333e+00
1.0524167692676631e+01	-1.0872660915893826e+00
1.0517753105825618e+01	-1.0876451846303636e+00
1.0511337530191458e+01	-1.0880062119745324e+00
1.0504921682277933e+01	-1.0883610557822083e+00
1.0498506986657182e+01	-1.0887358272325134e+00
1.0492092842706512e+01	-1.0891219453160024e+00
1.0485679637217405e+01	-1.0895193261364344e+00
1.0479269241382994e+01	-1.0899554585560769e+00
1.0472861224714871e+01	-1.0904316837980561e+00
1.0466454612745325e+01	-1.0909273613150972e+00
1.0460044591692361e+01	-1.0913746291328588e+00
1.0453631576398838e+01	-1.0917782876835438e+00
1.0447217632862927e+01	-1.0921669782271128e+00
1.0440802673730293e+01	-1.0925381638586005e+00
1.0434387619397210e+01	-1.0929079788246407e+00
1.0427972946288767e+01	-1.0932834643398106e+00
1.0421558628880014e+01	-1.0936657242477339e+00
1.0415144143252899e+01	-1.0940450318101089e+00
1.0408729404057906e+01	-1.0944196549250951e+00
1.0402315562389081e+01	-1.0948083592161044e+00
1.0395901676456681e+01	-1.0951979189727430e+00
1.0389486375730419e+01	-1.0955680935731216e+00
1.0383071980719516e+01	-1.0959468876080101e+00
1.0376661307429153e+01	-1.0963724280497853e+00
1.0370252928183715e+01	-1.0968421595593365e+00
1.0363845299184998e+01	-1.0973259127791604e+00
1.0357439381367529e+01	-1.0978303939386427e+00
1.0351028481974714e+01	-1.0982659150109750e+00
1.0344614670277377e+01	-1.0986557679752809e+00
1.0338198763530764e+01	-1.0990123056759615e+00
1.0331783692733525e+01	-1.0993805097973632e+00
1.0325370734554072e+01	-1.0997783951139890e+00
1.0318958739766433e+01	-1.1001967999887694e+00
1.0312546775892677e+01	-1.1006189393253034e+00
1.0306134696056246e+01	-1.1010379326583515e+00
1.0299721230835855e+01	-1.1014340698416589e+00
1.0293307304859610e+01	-1.1018240277956277e+00
1.0286893594977627e+01	-1.1022165839671036e+00
1.0280480796003452e+01	-1.1026202621863503e+00
1.0274069108849028e+01	-1.1030455609326311e+00
1.0267659073814597e+01	-1.1035020053897697e+00
1.0261249253861344e+01	-1.1039556929863841e+00
1.0254836825956497e+01	-1.1043561530576556e+00
1.0248419743706707e+01	-1.1046770102742289e+00
1.0242000325780172e+01	-1.1049656525982676e+00
1.0235581275607773e+01	-1.1052672719280985e+00
1.0229163503217775e+01	-1.1055858842201154e+00
1.0222746823162186e+01	-1.1059254529334510e+00
1.0216331052809466e+01	-1.1062813553178343e+00
1.0209916824681947e+01	-1.1066606988218850e+00
1.0203503790365057e+01	-1.1070638569026245e+00
1.0197091522210609e+01	-1.1074795578761591e+00
1.0190678701927636e+01	-1.1078854202267787e+00
1.0184264204293839e+01	-1.1082651518858497e+00
1.0177849119836484e+01	-1.1086342249607684e+00
1.0171432838939168e+01	-1.1089824092768990e+00
1.0165017424164416e+01	-1.1093434235872115e+00
1.0158602865205562e+01	-1.1097211254943031e+00
1.0152188608749594e+01	-1.1101054399618824e+00
1.0145776351701652e+01	-1.1105131735478553e+00
1.0139368414604164e+01	-1.1109829780248834e+00
1.0132961909199365e+01	-1.1114862645958428e+00
1.0126551671626299e+01	-1.1119187483576709e+00
1.0120137306751873e+01	-1.1122974187195240e+00
1.0113720707395057e+01	-1.1126470083341253e+00
1.0107303282105034e+01	-1.1129812743200944e+00
1.0100886014100121e+01	-1.1133118101759276e+00
1.0094468478814299e+01	-1.1136376291773122e+00
1.0088053661184206e+01	-1.1139971848957948e+00
1.0081639964988009e+01	-1.1143907406747364e+00
1.0075226189874980e+01	-1.1147848663770723e+00
1.0068809686540998e+01	-1.1151221145932411e+00
1.0062390597220647e+01	-1.1154174114675257e+00
1.0055972968597130e+01	-1.1157357749739663e+00
1.0049556869724928e+01	-1.1160831254898123e+00
1.0043141475718240e+01	-1.1164472541170998e+00
1.0036727140052935e+01	-1.1168284249475542e+00
1.0030313379762886e+01	-1.1172198112662040e+00
1.0023899694280541e+01	-1.1176127467925330e+00
1.0017486231221458e+01	-1.1180085426556343e+00
1.0011073511693784e+01	-1.1184154152346064e+00
1.0004661370053395e+01	-1.1188328035945301e+00
9.9982488087508337e+00	-1.1192433436499141e+00
9.9918347416260556e+00	-1.1196301039050447e+00
9.9854204041964447e+00	-1.1200151838263106e+00
9.9790057483471593e+00	-1.1203942935376920e+00
9.9725899015039197e+00	-1.1207470595798510e+00
9.9661721168438326e+00	-1.1210586504699258e+00
9.9597524881818114e+00	-1.1213379367822571e+00
9.9533329106163073e+00	-1.1216224038405118e+00
9.9469145493476745e+00	-1.1219277925016666e+00
9.9405007964919729e+00	-1.1222988073959512e+00
9.9340915437362423e+00	-1.1227568510222357e+00
9.9276850140853181e+00	-1.1232610809339150e+00
9.9212763211357267e+00	-1.1237163530030718e+00
9.9148595734643887e+00	-1.1240593785831385e+00
9.9084437675740062e+00	-1.1244148866647277e+00
9.9020280782054790e+00	-1.1247737424846829e+00
9.8956120424819520e+00	-1.1251255377101563e+00
9.8891949491878588e+00	-1.1254580929378539e+00
9.8827777300118651e+00	-1.1257884571732235e+00
9.8763609365576084e+00	-1.1261256449687278e+00
9.8699453209065400e+00	-1.1264829822465894e+00
9.8635304372209021e+00	-1.1268556038491042e+00
9.8571160001896185e+00	-1.1272343654694483e+00
9.8507029977458114e+00	-1.1276370606259773e+00
9.8442892392578756e+00	-1.1280260185035347e+00
9.8378736846943262e+00	-1.1283876119859648e+00
9.8314575271442539e+00	-1.1287396254899258e+00
9.8250411977355050e+00	-1.1290865307995581e+00
9.8186245786295352e+00	-1.1294301989793123e+00
9.8122092290013345e+00	-1.1297911896934489e+00
9.8057968958994515e+00	-1.1301945857313460e+00
9.7993854575832930e+00	-1.1306250722975200e+00
9.7929735260370521e+00	-1.1310462295106551e+00
9.7865600964376043e+00	-1.1314433090730640e+00
9.7801451760572569e+00	-1.1318196887248189e+00
9.7737264971660895e+00	-1.1321138971982196e+00
9.7673060985769737e+00	-1.1323808598915019e+00
9.7608880208303699e+00	-1.1326821924735753e+00
9.7544736301405894e+00	-1.1330470974436833e+00
9.7480592838254196e+00	-1.1334362868252066e+00
9.7416435114749653e+00	-1.1337914602921308e+00
9.7352259513631108e+00	-1.1341162255428716e+00
9.7288085496816166e+00	-1.1344429136609215e+00
9.7223920788887224e+00	-1.1347837810388604e+00
9.7159764489290286e+00	-1.1351423525135349e+00
9.7095610339883969e+00	-1.1355066071286823e+00
9.7031446179061440e+00	-1.1358526760121079e+00
9.6967265234729307e+00	-1.1361623540052868e+00
9.6903063778591196e+00	-1.1364293834616117e+00
9.6838863639262645e+00	-1.1367015475059397e+00
9.6774671806365617e+00	-1.1369909112552816e+00
9.6710511774601127e+00	-1.1373297794721440e+00
9.6646369262537206e+00	-1.1377102920069930e+00
9.6582227827417277e+00	-1.1380996996120452e+00
9.6518075107833301e+00	-1.1384658134747767e+00
9.6453931628038454e+00	-1.1388448484845675e+00
9.6389798358933501e+00	-1.1392423409269998e+00
9.6325671982834642e+00	-1.1396512553750942e+00
9.6261553736903718e+00	-1.1400766501582158e+00
9.6197410843669395e+00	-1.1404504884902549e+00
9.6133228840560907e+00	-1.1407638238717970e+00
9.6069039881639853e+00	-1.1410635218514527e+00
9.6004851854881785e+00	-1.1413625202538633e+00
9.5940690691654389e+00	-1.1416984649769897e+00
9.5876539660707198e+00	-1.1420664684431237e+00
9.5812391662072542e+00	-1.1424450603214260e+00
9.5748224551884604e+00	-1.1427839350918119e+00
9.5684032904431717e+00	-1.1430731565700767e+00
9.5619839848682187e+00	-1.1433602784011874e+00
9.5555650857028755e+00	-1.1436548825009509e+00
9.5491469453104081e+00	-1.1439659421514203e+00
9.5427294414493637e+00	-1.1442904212308727e+00
9.5363130479470151e+00	-1.1446312920257371e+00
9.5298980878798325e+00	-1.1450023269481375e+00
9.5234826958190872e+00	-1.1453659480060618e+00
9.5170665658585936e+00	-1.1457168287894919e+00
9.5106509459000783e+00	-1.1460760147371620e+00
9.5042360709982141e+00	-1.1464479747483676e+00
9.4978226071268601e+00	-1.1468421626798755e+00
9.4914105704825857e+00	-1.1472640702135550e+00
9.4849959919350013e+00	-1.1476348441786952e+00
9.4785778320132970e+00	-1.1479490813581776e+00
9.4721590137143963e+00	-1.1482471779294516e+00
9.4657398158997950e+00	-1.1485365629403828e+00
9.4593218470346105e+00	-1.1488480641163492e+00
9.4529048446609991e+00	-1.1491809546458296e+00
9.4464890949896319e+00	-1.1495358880894524e+00
9.4400742674228084e+00	-1.1499105286930800e+00
9.4336579183828206e+00	-1.1502552498202363e+00
9.4272405572975924e+00	-1.1505831839935121e+00
9.4208236068062412e+00	-1.1509194481119254e+00
9.4144057642026659e+00	-1.1512335241416083e+00
9.4079853577378501e+00	-1.1515033993218520e+00
9.4015666729679914e+00	-1.1517950777439327e+00
9.3951514733871111e+00	-1.1521406950613671e+00
9.3887375635029180e+00	-1.1525386906908333e+00
9.3823227780473051e+00	-1.1529084454065870e+00
9.3759034753787382e+00	-1.1531971605012399e+00
9.3694860476340214e+00	-1.1535187841099763e+00
9.3630693207026461e+00	-1.1538578060048086e+00
9.3566534423408818e+00	-1.1542135499967838e+00
9.3502379675802310e+00	-1.1545758714003915e+00
9.3438200531223163e+00	-1.1548898371012200e+00
9.3374012145054621e+00	-1.1551881750382982e+00
9.3309823301821790e+00	-1.1554838176023619e+00
9.3245633792181390e+00	-1.1557780271847637e+00
9.3181442898372211e+00	-1.1560699571418407e+00
9.3117239663438500e+00	-1.1563348601137580e+00
9.3053032364943356e+00	-1.1565941914397262e+00
9.2988852219678364e+00	-1.1568880194968914e+00
9.2924695224118352e+00	-1.1572349288571928e+00
9.2860541907422807e+00	-1.1576086737181488e+00
9.2796377808359924e+00	-1.1579492007074126e+00
9.2732183531526395e+00	-1.1582371426488451e+00
9.2668018543478894e+00	-1.1585692905888509e+00
9.2603867870380618e+00	-1.1589388234525477e+00
9.2539724917745456e+00	-1.1593247530480912e+00
9.2475588984547201e+00	-1.1597209559665409e+00
9.2411433245116577e+00	-1.1600760704204369e+00
9.2347253472653303e+00	-1.1603907215809552e+00
9.2283088899347536e+00	-1.1607318846322339e+00
9.2218925203001785e+00	-1.1610782674477376e+00
9.2154763561232418e+00	-1.1614289554148818e+00
9.2090600604387642e+00	-1.1617757098019297e+00
9.2026416077039030e+00	-1.1620812549316166e+00
9.1962228828275929e+00	-1.1623811144991150e+00
9.1898040150879901e+00	-1.1626772497048143e+00
9.1833850633888261e+00	-1.1629716181809764e+00
9.1769656729020266e+00	-1.1632561419736913e+00
9.1705456190792667e+00	-1.1635255386642103e+00
9.1641255736715088e+00	-1.1637953106984289e+00
9.1577052808973622e+00	-1.1640588422543756e+00
9.1512848794131223e+00	-1.1643194632965639e+00
9.1448634805641635e+00	-1.1645705837934477e+00
9.1384446442796001e+00	-1.1648438511109416e+00
9.1320292038361366e+00	-1.1651929252126920e+00
9.1256117870136215e+00	-1.1655173443213886e+00
9.1191951560082121e+00	-1.1658570709244778e+00
9.1127793436401010e+00	-1.1662163045865797e+00
9.1063616868978983e+00	-1.1665315634737483e+00
9.0999415485537583e+00	-1.1668056022915883e+00
9.0935237557214812e+00	-1.1671096935885676e+00
9.0871079582333447e+00	-1.1674651566179948e+00
9.0806905074875850e+00	-1.1677897111508837e+00
9.0742717716877941e+00	-1.1680923957743981e+00
9.0678523058503213e+00	-1.1683765132565418e+00
9.0614317064859620e+00	-1.1686306706721239e+00
9.0550108803732581e+00	-1.1688817323513079e+00
9.0485909142330438e+00	-1.1691497303983172e+00
9.0421711357397001e+00	-1.1694255071525577e+00
9.0357513986565845e+00	-1.1697018636201846e+00
9.0293317803312583e+00	-1.1699810661369370e+00
9.0229120488940886e+00	-1.1702579138291520e+00
9.0164920765069869e+00	-1.1705294360449585e+00
9.0100721716092345e+00	-1.1708018984280928e+00
9.0036528141312875e+00	-1.1710850944055906e+00
8.9972341282039991e+00	-1.1713845614052256e+00
8.9908158464311203e+00	-1.1716926955533948e+00
8.9843979907467393e+00	-1.1720097231479576e+00
8.9779803328737540e+00	-1.1723308125423977e+00
8.9715628373969505e+00	-1.1726548516739663e+00
8.9651455166591454e+00	-1.1729842476099919e+00
8.9587277305021509e+00	-1.1733009196103226e+00
8.9523082161847931e+00	-1.1735828793165390e+00
8.9458892166908797e+00	-1.1738772305963181e+00
8.9394706892854341e+00	-1.1741829264422654e+00
8.9330513077705973e+00	-1.1744636254336338e+00
8.9266304619542574e+00	-1.1747119293090000e+00
8.9202109606526232e+00	-1.1749882997404284e+00
8.9137914978768347e+00	-1.1752724141958470e+00
8.9073720258492628e+00	-1.1755572347060967e+00
8.9009519645240260e+00	-1.1758262959744714e+00
8.8945313517990510e+00	-1.1760820706486277e+00
8.8881107233556076e+00	-1.1763369051136288e+00
8.8816911490179322e+00	-1.1766143603796102e+00
8.8752735178245388e+00	-1.1769302236228205e+00
8.8688563655641364e+00	-1.1772624212850376e+00
8.8624395100116864e+00	-1.1776016374151250e+00
8.8560229448639376e+00	-1.1779443935138694e+00
8.8496047126336741e+00	-1.1782485474892064e+00
8.8431849001083123e+00	-1.1785215058590044e+00
8.8367643065892807e+00	-1.1787799550225158e+00
8.8303440838142873e+00	-1.1790479506479894e+00
8.8239241433069910e+00	-1.1793200686112288e+00
8.8175043243672562e+00	-1.1795980247162661e+00
8.8110849859628715e+00	-1.1798865333477173e+00
8.8046650767206440e+00	-1.1801572150582809e+00
8.7982439578412581e+00	-1.1803925876766075e+00
8.7918213316515388e+00	-1.1805941955384858e+00
8.7853985796159346e+00	-1.1807969245649061e+00
8.7789765130533084e+00	-1.1810083076637152e+00
8.7725565968081884e+00	-1.1812644271947543e+00
8.7661376456904740e+00	-1.1815503773022353e+00
8.7597186035655916e+00	-1.1818448424725838e+00
8.7532994750935949e+00	-1.1821413446924736e+00
8.7468805937264431e+00	-1.1824388144601561e+00
8.7404618449405405e+00	-1.1827375410786418e+00
8.7340431144650577e+00	-1.1830366770920673e+00
8.7276243621016789e+00	-1.1833352189031707e+00
8.7212053470947293e+00	-1.1836278712368049e+00
8.7147859873493996e+00	-1.1839133063652914e+00
8.7083665950425413e+00	-1.1841981185321615e+00
8.7019470782100736e+00	-1.1844798076608025e+00
8.6955272695357735e+00	-1.1847542540699054e+00
8.6891068598036636e+00	-1.1850147738585703e+00
8.6826864135073212e+00	-1.1852745582527595e+00
8.6762660003425953e+00	-1.1855351162384886e+00
8.6698455025991503e+00	-1.1857935149819880e+00
8.6634243327867733e+00	-1.1860346586558153e+00
8.6570031531995788e+00	-1.1862769582870623e+00
8.6505821748675498e+00	-1.1865257823009401e+00
8.6441619204971420e+00	-1.1867830709424037e+00
8.6377429402776897e+00	-1.1870730480212055e+00
8.6313220513207440e+00	-1.1873217838735850e+00
8.6249010773581158e+00	-1.1875688928876382e+00
8.6184799254658024e+00	-1.1878106001820221e+00
8.6120585033522925e+00	-1.1880460275439502e+00
8.6056380406900850e+00	-1.1882980941001942e+00
8.5992183618383073e+00	-1.1885783796348195e+00
8.5927974054652356e+00	-1.1888222293916604e+00
8.5863766003186477e+00	-1.1890711031748877e+00
8.5799561558229005e+00	-1.1893311320586348e+00
8.5735359018639468e+00	-1.1895951824081339e+00
8.5671166327137005e+00	-1.1898754782600032e+00
8.5606985900747397e+00	-1.1902060257754061e+00
8.5542814181662141e+00	-1.1905357967991803e+00
8.5478588311045147e+00	-1.1907103780714752e+00
8.5414352481491793e+00	-1.1908810021354399e+00
8.5350132740811873e+00	-1.1910844212016438e+00
8.5285938526238976e+00	-1.1913542390969836e+00
8.5221745690742772e+00	-1.1916510499242627e+00
8.5157543442112331e+00	-1.1919078412541133e+00
8.5093317515361111e+00	-1.1921080810454141e+00
8.5029087740253804e+00	-1.1923068561208656e+00
8.4964865128778513e+00	-1.1925170708123543e+00
8.4900663431081664e+00	-1.1927643135354291e+00
8.4836474903067760e+00	-1.1930497375927955e+00
8.4772285770108269e+00	-1.1933487935942377e+00
8.4708096642426618e+00	-1.1936504947547573e+00
8.4643903744476567e+00	-1.1939372586794481e+00
8.4579701477468756e+00	-1.1942040767443287e+00
8.4515493269424553e+00	-1.1944548481212593e+00
8.4451276276287430e+00	-1.1946805982483559e+00
8.4387063941673901e+00	-1.1949142484311051e+00
8.4322867260501067e+00	-1.1951872338367142e+00
8.4258688526216901e+00	-1.1954998786059978e+00
8.4194514271783785e+00	-1.1958277359777199e+00
8.4130334117180734e+00	-1.1961417535632457e+00
8.4066150497664296e+00	-1.1964557095457513e+00
8.4001961568522088e+00	-1.1967593028149437e+00
8.3937763864516342e+00	-1.1970343452949781e+00
8.3873554082170454e+00	-1.1972639954329831e+00
8.3809326250573957e+00	-1.1974461573369648e+00
8.3745087635359798e+00	-1.1976065480393070e+00
8.3680850714608841e+00	-1.1977782862240134e+00
8.3616619494272850e+00	-1.1979607141832904e+00
8.3552392573920375e+00	-1.1981596888600075e+00
8.3488174546874543e+00	-1.1983789573603583e+00
8.3423971750754138e+00	-1.1986315107359189e+00
8.3359780176329270e+00	-1.1989190911994543e+00
8.3295613287399544e+00	-1.1992565947128175e+00
8.3231419454807405e+00	-1.1995398719655999e+00
8.3167223049168104e+00	-1.1998230075142950e+00
8.3103030093427677e+00	-1.2001080186800064e+00
8.3038806307593784e+00	-1.2003000402470581e+00
8.2974568085707627e+00	-1.2004622871643433e+00
8.2910331706528382e+00	-1.2006353847874556e+00
8.2846101604107290e+00	-1.2008201783300003e+00
8.2781873690714676e+00	-1.2010191941584081e+00
8.2717654099335274e+00	-1.2012374269347603e+00
8.2653486254473201e+00	-1.2015351080026950e+00
8.2589329931685054e+00	-1.2019073009893031e+00
8.2525164829086464e+00	-1.2022453508186743e+00
8.2460942922215725e+00	-1.2024601783986435e+00
8.2396700507012977e+00	-1.2025968156370082e+00
8.2332459863975469e+00	-1.2027440722855123e+00
8.2268230583207202e+00	-1.2029243618097745e+00
8.2204006734977977e+00	-1.2031292086992649e+00
8.2139781162521857e+00	-1.2033319159701907e+00
8.2075555360021326e+00	-1.2035363105365400e+00
8.2011324664121972e+00	-1.2037171107354763e+00
8.1947078893006555e+00	-1.2038510185349114e+00
8.1882832604648605e+00	-1.2039882519801308e+00
8.1818624871670043e+00	-1.2041752004677404e+00
8.1754433927289725e+00	-1.2044600678395969e+00
8.1690267467752342e+00	-1.2048150435370466e+00
8.1626069978772637e+00	-1.2050474026800264e+00
8.1561825068069442e+00	-1.2051906602053497e+00
8.1497585491241225e+00	-1.2053599490988451e+00
8.1433364596319731e+00	-1.2055648334084816e+00
8.1369148415412607e+00	-1.2057938977192058e+00
8.1304943389821052e+00	-1.2060455897355200e+00
8.1240750138027025e+00	-1.2063343343743753e+00
8.1176536311512226e+00	-1.2065625503601607e+00
8.1112307184114929e+00	-1.2067573593131520e+00
8.1048075321717103e+00	-1.2069362734161222e+00
8.0983842302146591e+00	-1.2071124318321116e+00
8.0919613177496892e+00	-1.2073040793525514e+00
8.0855424148846033e+00	-1.2075647013350732e+00
8.0791240494456549e+00	-1.2078730909537583e+00
8.0727054203056756e+00	-1.2081825138887061e+00
8.0662831459010800e+00	-1.2083750212886710e+00
8.0598590798563130e+00	-1.2085232607976146e+00
8.0534347703059979e+00	-1.2086739020069779e+00
8.0470113123352167e+00	-1.2088444760704078e+00
8.0405886727839402e+00	-1.2090383864776115e+00
8.0341666513750436e+00	-1.2092531441321293e+00
8.0277454464616689e+00	-1.2094919721990460e+00
8.0213246148262378e+00	-1.2097418520106766e+00
8.0149017974493226e+00	-1.2099322073185659e+00
8.0084787698874074e+00	-1.2101202634788057e+00
8.0020565898304437e+00	-1.2103281997966644e+00
7.9956363430599176e+00	-1.2105801267224854e+00
7.9892162233910140e+00	-1.2108552782284565e+00
7.9827966764121294e+00	-1.2111386219147497e+00
7.9763748156009830e+00	-1.2113524476406055e+00
7.9699511510025225e+00	-1.2115168587806817e+00
7.9635269953417884e+00	-1.2116600819658221e+00
7.9571023903828593e+00	-1.2117769964193672e+00
7.9506772397545813e+00	-1.2118759557231658e+00
7.9442530879443165e+00	-1.2119992112566260e+00
7.9378305477948610e+00	-1.2121697962800622e+00
7.9314081288224694e+00	-1.2123648722952451e+00
7.9249852877705642e+00	-1.2125664494052972e+00
7.9185624375943560e+00	-1.2127690161840989e+00
7.9121400001292939e+00	-1.2129744062829579e+00
7.9057176620931529e+00	-1.2131818759813828e+00
7.8992954003789562e+00	-1.2133916175346360e+00
7.8928734524406154e+00	-1.2136099807134866e+00
7.8864519174790493e+00	-1.2138398604972584e+00
7.8800305728911493e+00	-1.2140778279653337e+00
7.8736097304203740e+00	-1.2143366825340494e+00
7.8671884223041202e+00	-1.2145671456924272e+00
7.8607653256582166e+00	-1.2147294273940736e+00
7.8543410335421555e+00	-1.2148630818130992e+00
7.8479161500558492e+00	-1.2149814478470029e+00
7.8414913619846338e+00	-1.2151021626486067e+00
7.8350664947443853e+00	-1.2152211175805840e+00
7.8286416899717572e+00	-1.2153442843849658e+00
7.8222195328762991e+00	-1.2155086995275179e+00
7.8157984967595278e+00	-1.2157422250734355e+00
7.8093780845916703e+00	-1.2160116192679533e+00
7.8029566624156956e+00	-1.2162292605000244e+00
7.7965326414153555e+00	-1.2163782512999908e+00
7.7901084762191202e+00	-1.2165300025032839e+00
7.7836852034729951e+00	-1.2167028699673190e+00
7.7772623105394061e+00	-1.2168985823524525e+00
7.7708386458931518e+00	-1.2170517061504325e+00
7.7644161502350642e+00	-1.2172273317436335e+00
7.7579940813216410e+00	-1.2174373211689116e+00
7.7515718336101411e+00	-1.2176588458756983e+00
7.7451497492770196e+00	-1.2178715392704138e+00
7.7387249274355625e+00	-1.2179775439476288e+00
7.7323005368058579e+00	-1.2181059835881696e+00
7.7258770859403754e+00	-1.2182671177329962e+00
7.7194544713757667e+00	-1.2184609821624508e+00
7.7130319327943102e+00	-1.2186658735061726e+00
7.7066095126865246e+00	-1.2188717942046130e+00
7.7001864440038243e+00	-1.2190536153995657e+00
7.6937639227902217e+00	-1.2192508973525134e+00
7.6873415330818151e+00	-1.2194567252471706e+00
7.6809180526280656e+00	-1.2196263081099399e+00
7.6744940443160363e+00	-1.2197779174267858e+00
7.6680696163920956e+00	-1.2199035640948854e+00
7.6616446243861036e+00	-1.2200132923212721e+00
7.6552213113674821e+00	-1.2201529947395819e+00
7.6487985942561965e+00	-1.2203457503049930e+00
7.6423765579574159e+00	-1.2205633440150274e+00
7.6359551551181495e+00	-1.2207941052339597e+00
7.6295344270965151e+00	-1.2210461899771892e+00
7.6231134713322861e+00	-1.2212956605056320e+00
7.6166912120201227e+00	-1.2214961844114196e+00
7.6102661924421833e+00	-1.2215805076339779e+00
7.6038405772001578e+00	-1.2216537717476743e+00
7.5974150994776970e+00	-1.2217250820803047e+00
7.5909894776524407e+00	-1.2217939800881989e+00
7.5845642680861882e+00	-1.2218674657611954e+00
7.5781404807515402e+00	-1.2219810728687019e+00
7.5717181768741604e+00	-1.2221537491790568e+00
7.5652954383309456e+00	-1.2223434764427805e+00
7.5588721355521127e+00	-1.2225388232927827e+00
7.5524491581961710e+00	-1.2227358538265205e+00
7.5460265181330612e+00	-1.2229352372545650e+00
7.5396039854427892e+00	-1.2231378960959216e+00
7.5331813510002190e+00	-1.2233347859428989e+00
7.5267579171407721e+00	-1.2235074654854381e+00
7.5203340248289470e+00	-1.2236586351452226e+00
7.5139088596147818e+00	-1.2237597934732336e+00
7.5074854193230474e+00	-1.2238922091096336e+00
7.5010636654903529e+00	-1.2241017252286055e+00
7.4946414106290016e+00	-1.2243222028037688e+00
7.4882192023664160e+00	-1.2245451239338516e+00
7.4817958287934854e+00	-1.2246971953857440e+00
7.4753706752740881e+00	-1.2247816313255251e+00
7.4689455632002115e+00	-1.2248760836039396e+00
7.4625209009830904e+00	-1.2249872883510258e+00
7.4560964213063041e+00	-1.2251110395063085e+00
7.4496721392485430e+00	-1.2252451112346079e+00
7.4432479929722737e+00	-1.2253849894730988e+00
7.4368242125400066e+00	-1.2255404581749056e+00
7.4304010897168089e+00	-1.2257170386655492e+00
7.4239783267763872e+00	-1.2259220744408916e+00
7.4175556263661209e+00	-1.2261110931186534e+00
7.4111310111824729e+00	-1.2262227915525585e+00
7.4047071985320230e+00	-1.2263597393115484e+00
7.3982838488629881e+00	-1.2265308288749628e+00
7.3918603516612125e+00	-1.2267062674088527e+00
7.3854361993817070e+00	-1.2268461453015131e+00
7.3790114680068761e+00	-1.2269596979234971e+00
7.3725865322449478e+00	-1.2270658916167498e+00
7.3661619697233807e+00	-1.2271783208498843e+00
7.3597379737235098e+00	-1.2273171083959331e+00
7.3533137417545991e+00	-1.2274480121808307e+00
7.3468888527497151e+00	-1.2275535344567268e+00
7.3404639720698208e+00	-1.2276595318201198e+00
7.3340395137599863e+00	-1.2277778967694650e+00
7.3276157431898445e+00	-1.2279258238687953e+00
7.3211918694036076e+00	-1.2280826686168516e+00
7.3147680657745742e+00	-1.2282395759134841e+00
7.3083440703341616e+00	-1.2283883091756496e+00
7.3019197605492954e+00	-1.2285205245248458e+00
7.2954950219537889e+00	-1.2286318382326828e+00
7.2890702281060573e+00	-1.2287404787817628e+00
7.2826453792265156e+00	-1.2288465671098880e+00
7.2762205075969106e+00	-1.2289515942430886e+00
7.2697957260479908e+00	-1.2290581562612610e+00
7.2633712378018043e+00	-1.2291749072682812e+00
7.2569470464382597e+00	-1.2293111814094397e+00
7.2505228976394474e+00	-1.2294544709496804e+00
7.2440984618950379e+00	-1.2295804832553001e+00
7.2376741667310798e+00	-1.2297102374749531e+00
7.2312500199484209e+00	-1.2298427799271621e+00
7.2248247320738264e+00	-1.2299190237153377e+00
7.2183993548728349e+00	-1.2300001945319330e+00
7.2119749321307092e+00	-1.2301025232325862e+00
7.2055509683827541e+00	-1.2302476951870032e+00
7.1991270859717371e+00	-1.2304234843013424e+00
7.1927035511992878e+00	-1.2306141770972230e+00
7.1862791892219589e+00	-1.2306862152157869e+00
7.1798531030819577e+00	-1.2306868684800014e+00
7.1734285170696479e+00	-1.2307283395910917e+00
7.1670051159104622e+00	-1.2308676418953417e+00
7.1605808113851905e+00	-1.2310043334050411e+00
7.1541566466797910e+00	-1.2311438262872938e+00
7.1477331224715011e+00	-1.2313048182106521e+00
7.1413096900397361e+00	-1.2314751445264576e+00
7.1348864243882231e+00	-1.2316692422939532e+00
7.1284615520438646e+00	-1.2316899270734045e+00
7.1220354506680783e+00	-1.2316984876673924e+00
7.1156102246713315e+00	-1.2317432817868881e+00
7.1091854498295870e+00	-1.2318279425411209e+00
7.1027607778836952e+00	-1.2319420764702065e+00
7.0963371229327858e+00	-1.2320928562001743e+00
7.0899135381297720e+00	-1.2322614395484432e+00
7.0834890718650758e+00	-1.2323863775444044e+00
7.0770636877341575e+00	-1.2324525384322373e+00
7.0706382782491577e+00	-1.2325187611405042e+00
7.0642136796926289e+00	-1.2326114823278367e+00
7.0577891655611769e+00	-1.2327480131160147e+00
7.0513643520694194e+00	-1.2328295414630537e+00
7.0449386381450072e+00	-1.2328727501888561e+00
7.0385139560631718e+00	-1.2329537086030682e+00
7.0320897857597213e+00	-1.2330833563421240e+00
7.0256663264736039e+00	-1.2332593258683842e+00
7.0192416226711840e+00	-1.2333583672749295e+00
7.0128167140720139e+00	-1.2334712949743729e+00
7.0063921790238242e+00	-1.2336121256283987e+00
6.9999672485740945e+00	-1.2336706148862544e+00
6.9935414763852215e+00	-1.2336594779142771e+00
6.9871156134255354e+00	-1.2336577496053156e+00
6.9806907491359622e+00	-1.2336964656351506e+00
6.9742676567182897e+00	-1.2338139282839338e+00
6.9678427121157460e+00	-1.2339580088733364e+00
6.9614182075543178e+00	-1.2340748596714171e+00
6.9549930668144269e+00	-1.2341486399354069e+00
6.9485675646532297e+00	-1.2342091847781169e+00
6.9421420332808577e+00	-1.2342726703709848e+00
6.9357166237480605e+00	-1.2343380569105331e+00
6.9292911811789475e+00	-1.2344028916247536e+00
6.9228657949956096e+00	-1.2344689561509861e+00
6.9164406859102838e+00	-1.2345422241944737e+00
6.9100161001669473e+00	-1.2346480251158984e+00
6.9035920735124261e+00	-1.2347912051327199e+00
6.8971681639334648e+00	-1.2349396438370632e+00
6.8907439354382705e+00	-1.2350764036450037e+00
6.8843204423228368e+00	-1.2352409766724410e+00
6.8778951349024862e+00	-1.2352758957833521e+00
6.8714692571050593e+00	-1.2353147732561229e+00
6.8650442133338485e+00	-1.2353793721207744e+00
6.8586190881452733e+00	-1.2354652076049428e+00
6.8521939899037188e+00	-1.2355652299616389e+00
6.8457687856525702e+00	-1.2356357686380937e+00
6.8393430931850734e+00	-1.2356572838419653e+00
6.8329174227037353e+00	-1.2356681239415939e+00
6.8264919100491293e+00	-1.2356959953961970e+00
6.8200663695935626e+00	-1.2357393009619733e+00
6.8136409168143866e+00	-1.2357919687123031e+00
6.8072155364181564e+00	-1.2358530845343338e+00
6.8007903507479126e+00	-1.2359279164984620e+00
6.7943652815121629e+00	-1.2360187016105089e+00
6.7879403743850997e+00	-1.2361254449959251e+00
6.7815153153497247e+00	-1.2362043419336317e+00
6.7750897261396279e+00	-1.2362469180899756e+00
6.7686646008876474e+00	-1.2363154004444539e+00
6.7622394127286842e+00	-1.2363977271708613e+00
6.7558140703617111e+00	-1.2364704607863524e+00
6.7493886552668876e+00	-1.2365320571087666e+00
6.7429631214665520e+00	-1.2365705900144706e+00
6.7365375176725451e+00	-1.2366005222717362e+00
6.7301119496482915e+00	-1.2366399315127017e+00
6.7236863796534410e+00	-1.2366803038869554e+00
6.7172611726047720e+00	-1.2367366430348865e+00
6.7108360645605130e+00	-1.2368180588227853e+00
6.7044109274204420e+00	-1.2369071843982065e+00
6.6979858672701367e+00	-1.2369987003701406e+00
6.6915607143111320e+00	-1.2370811136443656e+00
6.6851353880355493e+00	-1.2371506071613765e+00
6.6787100633848402e+00	-1.2372190711953055e+00
6.6722847550897493e+00	-1.2372882398676335e+00
6.6658594388069830e+00	-1.2373599291521229e+00
6.6594341604202096e+00	-1.2374419417615941e+00
6.6530089358121671e+00	-1.2375231002201956e+00
6.6465836096814810e+00	-1.2375809725306910e+00
6.6401580846820440e+00	-1.2376088661175084e+00
6.6337324203140744e+00	-1.2376274973739350e+00
6.6273067145135558e+00	-1.2376497714591739e+00
6.6208810396122386e+00	-1.2376720581811922e+00
6.6144553564367019e+00	-1.2376919194810914e+00
6.6080296765682034e+00	-1.2377162941980258e+00
6.6016041179751594e+00	-1.2377041008497915e+00
6.5951788373803373e+00	-1.2377256538704120e+00
6.5887534411938615e+00	-1.2377765438561439e+00
6.5823279379902351e+00	-1.2378315667949853e+00
6.5759031595613591e+00	-1.2378989449670752e+00
6.5694801249382619e+00	-1.2380935874191241e+00
6.5630541516593954e+00	-1.2381735127118711e+00
6.5566278585483060e+00	-1.2381773438937724e+00
6.5502023074581475e+00	-1.2382073875621962e+00
6.5437769794097083e+00	-1.2382324364222270e+00
6.5373513047791061e+00	-1.2382700872649324e+00
6.5309258250287119e+00	-1.2383218978767454e+00
6.5245002725623591e+00	-1.2383703459479385e+00
6.5180746766928728e+00	-1.2384133553929439e+00
6.5116494641202127e+00	-1.2386008965437629e+00
6.5052234042985422e+00	-1.2384595650503865e+00
6.4987976967639618e+00	-1.2384596072518641e+00
6.4923719856617268e+00	-1.2384544955000860e+00
6.4859464324521321e+00	-1.2384647365760786e+00
6.4795210261084915e+00	-1.2385028312345943e+00
6.4730953464576135e+00	-1.2385286758901399e+00
6.4666697130528412e+00	-1.2385434840869016e+00
6.4602441316572463e+00	-1.2385801880211724e+00
6.4538185487611015e+00	-1.2386178673243815e+00
6.4473929660495832e+00	-1.2386553413157886e+00
6.4409673735784372e+00	-1.2386922152248774e+00
6.4345417428143028e+00	-1.2387095141810096e+00
6.4281161521929739e+00	-1.2386599550150883e+00
6.4216907786489239e+00	-1.2386275683916133e+00
6.4152652525222935e+00	-1.2386358133352615e+00
6.4088395630778514e+00	-1.2386537592330902e+00
6.4024139356001735e+00	-1.2386306884007146e+00
6.3959883113069065e+00	-1.2385939061939442e+00
6.3895626670592049e+00	-1.2385615681027944e+00
6.3831371068859006e+00	-1.2385362929794510e+00
6.3767114969998362e+00	-1.2385337483124153e+00
6.3702857795831109e+00	-1.2385358480345066e+00
6.3638599970344201e+00	-1.2385375508637320e+00
6.3574348803516516e+00	-1.2385674038078900e+00
6.3510096961490863e+00	-1.2386371055042460e+00
6.3445843820916314e+00	-1.2387047358956642e+00
6.3381587275661850e+00	-1.2387300699194999e+00
6.3317330406529884e+00	-1.2387596667903329e+00
6.3253076543823266e+00	-1.2388092384531191e+00
6.3188823354669443e+00	-1.2388712904745585e+00
6.3124570784568927e+00	-1.2389523861486009e+00
6.3060324870112723e+00	-1.2391334688752533e+00
6.2996530438624116e+00	-1.2477717869861005e+00
6.2932052431940475e+00	-1.2479431349386867e+00
6.2867536122377086e+00	-1.2392589052033052e+00
6.2803288120779621e+00	-1.2389912838160930e+00
6.2739035047478167e+00	-1.2389122214023855e+00
6.2674782719443209e+00	-1.2388087200942983e+00
6.2610545186732445e+00	-1.2387582823970342e+00
6.2546300211759869e+00	-1.2388221634154348e+00
6.2482044515342885e+00	-1.2389255102077910e+00
6.2417792590923611e+00	-1.2389959482406365e+00
6.2353537685217386e+00	-1.2389527643385700e+00
6.2289279979487944e+00	-1.2389123520599095e+00
6.2225030774196055e+00	-1.2389147937934122e+00
6.2160777629412065e+00	-1.2389726702179455e+00
6.2096522820489453e+00	-1.2390392418582565e+00
6.2032268035618072e+00	-1.2390842792790731e+00
6.1968011865936301e+00	-1.2390483762336435e+00
6.1903755916249059e+00	-1.2390355451919592e+00
6.1839498420853802e+00	-1.2390339655109985e+00
6.1775243434491900e+00	-1.2390146252740017e+00
6.1710990558190133e+00	-1.2389365294610419e+00
6.1646735820067269e+00	-1.2388760175609748e+00
6.1582479714038465e+00	-1.2388365082128365e+00
6.1518225670452491e+00	-1.2387644169656256e+00
6.1453974075209601e+00	-1.2386982835252409e+00
6.1389721719237826e+00	-1.2386721992383074e+00
6.1325471157998317e+00	-1.2387301894655853e+00
6.1261217701896431e+00	-1.2388013655151842e+00
6.1196962013092557e+00	-1.2388652150178190e+00
6.1132705298673908e+00	-1.2388972422279918e+00
6.1068445441413299e+00	-1.2389278220688953e+00
6.1003308500777118e+00	-1.2463254603115435e+00
6.0939922528600192e+00	-1.2388556599492897e+00
6.0875677794051768e+00	-1.2388328835421922e+00
6.0811441881711996e+00	-1.2387252440448935e+00
6.0747186993960423e+00	-1.2387354881771135e+00
6.0682927907906858e+00	-1.2387447663147981e+00
6.0618670548564992e+00	-1.2387498545982849e+00
6.0554413299429015e+00	-1.2387668160531642e+00
6.0490154001649650e+00	-1.2387717036863766e+00
6.0425889117215030e+00	-1.2387740882117380e+00
6.0361647335709705e+00	-1.2387153828862401e+00
6.0297349152503088e+00	-1.2396527617777937e+00
6.0233144128024740e+00	-1.2386733652072091e+00
6.0168905985826173e+00	-1.2385972095415441e+00
6.0104644850203934e+00	-1.2385813028480286e+00
6.0040389968075907e+00	-1.2385222293107689e+00
5.9976135611383432e+00	-1.2384425284431360e+00
5.9911885714398521e+00	-1.2383756823013357e+00
5.9847633337368995e+00	-1.2383464915039009e+00
5.9783375681024689e+00	-1.2383425451187113e+00
5.9719119122957176e+00	-1.2383135146778814e+00
5.9654863269007050e+00	-1.2382824128131193e+00
5.9590607673918141e+00	-1.2382367346874086e+00
5.9526351423780497e+00	-1.2381988290785519e+00
5.9462095568372044e+00	-1.2381645311810865e+00
5.9397839105455992e+00	-1.2381375402492993e+00
5.9333581622975391e+00	-1.2381284592263782e+00
5.9269320959483478e+00	-1.2381434800911810e+00
5.9205066024077730e+00	-1.2380742840172221e+00
5.9140810673753847e+00	-1.2380040475893934e+00
5.9075609215046674e+00	-1.2429052868743029e+00
5.9012328036854473e+00	-1.2377044071480452e+00
5.8948086182581214e+00	-1.2375649679831637e+00
5.8883838419467391e+00	-1.2374619750347133e+00
5.8819588254366320e+00	-1.2373963409893682e+00
5.8755333078751066e+00	-1.2373507328832687e+00
5.8691076025961957e+00	-1.2373493107255593e+00
5.8626822740891669e+00	-1.2373618854827813e+00
5.8562571856867418e+00	-1.2374034826168336e+00
5.8498313890280462e+00	-1.2374246532508923e+00
5.8434052367253067e+00	-1.2374468644939236e+00
5.8369789730294519e+00	-1.2374830709223956e+00
5.8305535953078582e+00	-1.2375188442531480e+00
5.8241275132375065e+00	-1.2375144819816073e+00
5.8177011864410551e+00	-1.2374568430755082e+00
5.8111885003097630e+00	-1.2439910391373652e+00
5.8048488693093772e+00	-1.2373147354282383e+00
5.7984238330369964e+00	-1.2372462053156497e+00
5.7919996327564895e+00	-1.2371575824481560e+00
5.7855760085761583e+00	-1.2369545028664695e+00
5.7791511109297282e+00	-1.2368278205628744e+00
5.7726871121169721e+00	-1.2391723208880192e+00
5.7663015495237318e+00	-1.2365853671298586e+00
5.7598776018850062e+00	-1.2364321020359743e+00
5.7534530242888531e+00	-1.2363088224311496e+00
5.7470288380213965e+00	-1.2361784240368223e+00
5.7406043712953592e+00	-1.2360864552021973e+00
5.7341788615723930e+00	-1.2360291878382617e+00
5.7277532288130288e+00	-1.2359767329327007e+00
5.7213280411692056e+00	-1.2359009884510717e+00
5.7149024765345668e+00	-1.2358451086753388e+00
5.7084772614107138e+00	-1.2358104792962590e+00
5.7020525394487143e+00	-1.2358080072468247e+00
5.6956267749995275e+00	-1.2358083664147461e+00
5.6891340224089335e+00	-1.2420440941007034e+00
5.6827277495223472e+00	-1.2383293971395386e+00
5.6763518545134461e+00	-1.2354613044240619e+00
5.6699280058827428e+00	-1.2352991242499818e+00
5.6635041024658044e+00	-1.2351588065837000e+00
5.6570794100207209e+00	-1.2350518454980450e+00
5.6506544066631879e+00	-1.2349574563530459e+00
5.6442293788356670e+00	-1.2348647847613394e+00
5.6378043952522425e+00	-1.2347696073363126e+00
5.6313793785449358e+00	-1.2346782764059796e+00
5.6249542163982662e+00	-1.2345959867926559e+00
5.6185284462587468e+00	-1.2345637325295256e+00
5.6121027616249020e+00	-1.2345468353488223e+00
5.6056764523337375e+00	-1.2345451450492171e+00
5.5987280631464147e+00	-1.2580976436975051e+00
5.5928233147535700e+00	-1.2343921237109110e+00
5.5863994655963518e+00	-1.2343150574713788e+00
5.5799765019362884e+00	-1.2342523127690146e+00
5.5735547359670949e+00	-1.2342420071506808e+00
5.5667052899693630e+00	-1.2796548028570582e+00
5.5598579210801891e+00	-1.2818367768526264e+00
5.5542721191517215e+00	-1.2340642680874938e+00
5.5478488631823533e+00	-1.2339720328172017e+00
5.5414238203075259e+00	-1.2338874656976389e+00
5.5349959615039896e+00	-1.2338359067465423e+00
5.5285708231381099e+00	-1.2336353569313721e+00
5.5221497957247205e+00	-1.2333589426937439e+00
5.5157319790640242e+00	-1.2329378826175301e+00
5.5093071099813438e+00	-1.2328303782948089e+00
5.5028819010318752e+00	-1.2327509166916344e+00
5.4964578341677033e+00	-1.2326530245661738e+00
5.4900321522493032e+00	-1.2326034196087596e+00
5.4836069730287917e+00	-1.2324969845563725e+00
5.4771828866943171e+00	-1.2323891245188314e+00
5.4707573472561686e+00	-1.2322751494418929e+00
5.4643334845534746e+00	-1.2320919845938854e+00
5.4579109409763449e+00	-1.2318862271740116e+00
5.4514880536542112e+00	-1.2316964377205200e+00
5.4450642333643096e+00	-1.2315469779856150e+00
5.4386398897251587e+00	-1.2314184794392693e+00
5.4322151245381942e+00	-1.2313103303159212e+00
5.4257902632950126e+00	-1.2312066090203515e+00
5.4193655363913003e+00	-1.2310940850153353e+00
5.4128765309559865e+00	-1.2341701223236921e+00
5.4065148408654018e+00	-1.2309148970376145e+00
5.4000922534124092e+00	-1.2307053616244830e+00
5.3936694662330220e+00	-1.2305114243604180e+00
5.3872460327161829e+00	-1.2303416618332890e+00
5.3808218686484439e+00	-1.2302124919123922e+00
5.3743969027287957e+00	-1.2301180778061376e+00
5.3679719500015919e+00	-1.2300349120929202e+00
5.3614377418441759e+00	-1.2350347075369825e+00
5.3551216005596407e+00	-1.2298247274839003e+00
5.3486978777912730e+00	-1.2296833620104313e+00
5.3422742733709372e+00	-1.2295446097658365e+00
5.3358502046770262e+00	-1.2294238649618603e+00
5.3294260822811363e+00	-1.2292662753319310e+00
5.3230035154631823e+00	-1.2290596523783275e+00
5.3165807222106096e+00	-1.2288663112071820e+00
5.3101563968234125e+00	-1.2287348587371465e+00
5.3037315305914641e+00	-1.2286400752892204e+00
5.2973061393307193e+00	-1.2285669726048527e+00
5.2908816205998406e+00	-1.2284654937283555e+00
5.2844579969045631e+00	-1.2282973378321365e+00
5.2780346864017131e+00	-1.2281138696839622e+00
5.2716123894403033e+00	-1.2279047736104181e+00
5.2651887757246252e+00	-1.2277294175854299e+00
5.2587653308056836e+00	-1.2275710324889724e+00
5.2523444453646801e+00	-1.2273285655777184e+00
5.2459220190929567e+00	-1.2271199587843622e+00
5.2394982232756373e+00	-1.2269664962042679e+00
5.2330740324544038e+00	-1.2268277123117941e+00
5.2266497387983950e+00	-1.2266920670078394e+00
5.2202258456995736e+00	-1.2265391568267812e+00
5.2138019344830067e+00	-1.2263774260986133e+00
5.2073779808852425e+00	-1.2262485944075827e+00
5.2009518384788933e+00	-1.2263014824680509e+00
5.1945265624234835e+00	-1.2262157593123499e+00
5.1881022572550632e+00	-1.2260296943158935e+00
5.1816028632529321e+00	-1.2287618117046089e+00
5.1751682881515260e+00	-1.2283910574589283e+00
5.1686419186906747e+00	-1.2303429081834403e+00
5.1621894170877045e+00	-1.2299976583101646e+00
5.1559941907660809e+00	-1.2248477353197416e+00
5.1495751173462301e+00	-1.2245506825801891e+00
5.1431551128518960e+00	-1.2242674005701015e+00
5.1367346745551172e+00	-1.2240520355549438e+00
5.1303122307090741e+00	-1.2239488328890511e+00
5.1238870365666935e+00	-1.2238756110206599e+00
5.1174607175633948e+00	-1.2237932557926308e+00
5.1110286290719031e+00	-1.2239429641845008e+00
5.1046033002135589e+00	-1.2238364602752123e+00
5.0981776445217495e+00	-1.2238213063076957e+00
5.0917522078542614e+00	-1.2237505256935721e+00
5.0853232136505087e+00	-1.2236886395206581e+00
5.0788916226122316e+00	-1.2236772418407886e+00
5.0724763989426185e+00	-1.2231665929995976e+00
5.0660524461891079e+00	-1.2229952179619834e+00
5.0596250656178068e+00	-1.2229016135847464e+00
5.0531993317874422e+00	-1.2226828377316454e+00
5.0467794538781856e+00	-1.2223843240671337e+00
5.0403838396235461e+00	-1.2215133973330163e+00
5.0339603185070461e+00	-1.2213298361957132e+00
5.0275354865870945e+00	-1.2211615529514783e+00
5.0211140897935307e+00	-1.2210194692774923e+00
5.0146955034774843e+00	-1.2208715947277855e+00
5.0082716237230249e+00	-1.2207767560854155e+00
5.0018440102860637e+00	-1.2206924463506330e+00
4.9954195687132019e+00	-1.2205872634891444e+00
4.9889963792706320e+00	-1.2205073255413195e+00
4.9808220881354393e+00	-1.2913850168921444e+00
4.9738193616086965e+00	-1.2949224443592553e+00
4.9697050923136761e+00	-1.2202558172580120e+00
4.9632846649993070e+00	-1.2198411766323416e+00
4.9568648536930651e+00	-1.2195722289314248e+00
4.9504563518702236e+00	-1.2193538900524141e+00
4.9440436255803242e+00	-1.2192095078837117e+00
4.9376270593542415e+00	-1.2184246919048016e+00
4.9312029395058525e+00	-1.2182776531597712e+00
4.9245955977111304e+00	-1.2224129640103449e+00
4.9183591331992007e+00	-1.2178073118754811e+00
4.9119418631963754e+00	-1.2174712504411764e+00
4.9055211784275592e+00	-1.2172153573765039e+00
4.8991005018616836e+00	-1.2170011191874224e+00
4.8926764562035778e+00	-1.2168709213830879e+00
4.8862517143909896e+00	-1.2167300629235205e+00
4.8797050930209913e+00	-1.2196587286813068e+00
4.8734085651266579e+00	-1.2162507566401621e+00
4.8669863840738863e+00	-1.2160366877252775e+00
4.8605639152927367e+00	-1.2158292107917004e+00
4.8541433438420531e+00	-1.2155838746991936e+00
4.8477241917904168e+00	-1.2153046894160544e+00
4.8413025419651845e+00	-1.2150848387462301e+00
4.8348776272797895e+00	-1.2149562266671363e+00
4.8284547541115801e+00	-1.2147638997451464e+00
4.8220332555884653e+00	-1.2145412247147480e+00
4.8156108092910550e+00	-1.2143900266146177e+00
4.8091835495720696e+00	-1.2143749963999444e+00
4.8027647536036353e+00	-1.2139659449823788e+00
4.7963495259658089e+00	-1.2135703191859502e+00
4.7899295245188602e+00	-1.2133033128384187e+00
4.7835084333978157e+00	-1.2130607069167034e+00
4.7770857434174721e+00	-1.2128627174096713e+00
4.7702761302549730e+00	-1.2233485765145553e+00
4.7642368065300049e+00	-1.2125237601965402e+00
4.7578165507125050e+00	-1.2122163805933377e+00
4.7513995453855227e+00	-1.2118664103006009e+00
4.7449881261843938e+00	-1.2114626610546348e+00
4.7385709805581433e+00	-1.2111710389332775e+00
4.7321494820001506e+00	-1.2109580066096399e+00
4.7257252328081565e+00	-1.2108096805957516e+00
4.7192966183587934e+00	-1.2107903438992040e+00
4.7128714382839316e+00	-1.2106654358477880e+00
4.7064436520572208e+00	-1.2106146281710699e+00
4.6996010158292929e+00	-1.2223313014263653e+00
4.6935948255644133e+00	-1.2102128835680697e+00
4.6864256125333004e+00	-1.2272736266285675e+00
4.6798724927865809e+00	-1.2282963098155522e+00
4.6743192381333127e+00	-1.2094542415007015e+00
4.6679033029013040e+00	-1.2089854800328186e+00
4.6615177783078376e+00	-1.2081951413957224e+00
4.6551072658329682e+00	-1.2079553631694304e+00
4.6486859662772853e+00	-1.2078413203112177e+00
4.6422555321434267e+00	-1.2077742407353853e+00
4.6358246053251708e+00	-1.2076355467885105e+00
4.6293986471958206e+00	-1.2074321484886308e+00
4.6229725993083939e+00	-1.2072537851009759e+00
4.6165484736823981e+00	-1.2070775588641678e+00
4.6101286879420895e+00	-1.2069431285671159e+00
4.6037141918720321e+00	-1.2066963741041812e+00
4.5973056177507168e+00	-1.2060331291746145e+00
4.5908742428047074e+00	-1.2059276699108232e+00
4.5844483784699843e+00	-1.2057992290677126e+00
4.5780315570980372e+00	-1.2056871825739712e+00
4.5716110645401340e+00	-1.2055897347912548e+00
4.5651455938489613e+00	-1.2059657138242150e+00
4.5587740955090190e+00	-1.2047114268024608e+00
4.5516416192645552e+00	-1.2219687994961457e+00
4.5448977954015968e+00	-1.2208428933992126e+00
4.5394751015221946e+00	-1.2041621735375276e+00
4.5330732152506057e+00	-1.2036847414138170e+00
4.5266652295247889e+00	-1.2034067298351860e+00
4.5202490143938494e+00	-1.2031885751628071e+00
4.5138265832442013e+00	-1.2029017765154217e+00
4.5074140639582874e+00	-1.2026378670003870e+00
4.5010078695388227e+00	-1.2023677810954421e+00
4.4945824519546855e+00	-1.2022695191424477e+00
4.4867347323242797e+00	-1.2396505015449497e+00
4.4804750161530675e+00	-1.2313473840703337e+00
4.4750140419192750e+00	-1.2074597679682384e+00
4.4683795413332694e+00	-1.2099920356958500e+00
4.4625038488715054e+00	-1.1998595712253568e+00
4.4560907736941981e+00	-1.1995152923098718e+00
4.4496762453667245e+00	-1.1992464458047845e+00
4.4432581280538184e+00	-1.1990259887324990e+00
4.4368385783986692e+00	-1.1987975920911589e+00
4.4304181100439868e+00	-1.1985614254841894e+00
4.4213123045427283e+00	-1.2683449529195867e+00
4.4161580336757389e+00	-1.2274727263192688e+00
4.4111563575777621e+00	-1.1975175179171489e+00
4.4047690895541516e+00	-1.1966501414946484e+00
4.3983492272091231e+00	-1.1963668165838917e+00
4.3919278148595859e+00	-1.1961201236546328e+00
4.3855017045874263e+00	-1.1959373610541806e+00
4.3790791212440583e+00	-1.1956749876518604e+00
4.3726600023116733e+00	-1.1954316777511613e+00
4.3662422844497852e+00	-1.1951832591691693e+00
4.3598229180198365e+00	-1.1949044636993176e+00
4.3534027465905236e+00	-1.1946668501502595e+00
4.3469788043393924e+00	-1.1944231782100176e+00
4.3400344423672417e+00	-1.2034340188585024e+00
4.3341160883496359e+00	-1.1941451133529730e+00
4.3276992001084862e+00	-1.1938890934101303e+00
4.3212835410829911e+00	-1.1936073660939337e+00
4.3148710371436172e+00	-1.1932282390909816e+00
4.3084727535135441e+00	-1.1925424494211727e+00
4.3020346407148864e+00	-1.1925742297199817e+00
4.2956034734829736e+00	-1.1923701092241710e+00
4.2891709317660318e+00	-1.1922382011833299e+00
4.2827276301550645e+00	-1.1922389159987710e+00
4.2763118708049852e+00	-1.1921776072196495e+00
4.2699128044967258e+00	-1.1921017521010124e+00
4.2634624712783289e+00	-1.1921181622715111e+00
4.2568676332251547e+00	-1.1937111274694248e+00
4.2495141356980319e+00	-1.2045817184981753e+00
4.2441299746488514e+00	-1.1911040439192488e+00
4.2377508098410868e+00	-1.1906492921777656e+00
4.2313458164715696e+00	-1.1904504613703986e+00
4.2249008179433272e+00	-1.1904689229895122e+00
4.2184835608774272e+00	-1.1898295909752410e+00
4.2121527175881743e+00	-1.1882303687578213e+00
4.2057704922195391e+00	-1.1875632490024657e+00
4.1993878559389817e+00	-1.1869172923421512e+00
4.1929950041426380e+00	-1.1862998299097576e+00
4.1865696213905004e+00	-1.1860832997017359e+00
4.1794495688566506e+00	-1.1988987209053881e+00
4.1736373514195977e+00	-1.1867359585214479e+00
4.1672797567857831e+00	-1.1854578058460996e+00
4.1609181477133603e+00	-1.1842803625693732e+00
4.1542293852105203e+00	-1.1887916857801171e+00
4.1470107199928954e+00	-1.2009435374496331e+00
4.1416108305750576e+00	-1.1838977076032060e+00
4.1351862914957263e+00	-1.1836026340063870e+00
4.1287824008958340e+00	-1.1830441291618008e+00
4.1223726879218381e+00	-1.1826016231898717e+00
4.1159680170105526e+00	-1.1821148442649108e+00
4.1095706935797809e+00	-1.1816473829290495e+00
4.1031767959403753e+00	-1.1811289379798482e+00
4.0958886688814093e+00	-1.1979668840937139e+00
4.0903250602466006e+00	-1.1804349242372527e+00
4.0835574213422454e+00	-1.1842350930973098e+00
4.0775822496363654e+00	-1.1782265801651401e+00
4.0711789130289704e+00	-1.1777755855047831e+00
4.0647713075139116e+00	-1.1773696611769271e+00
4.0583544941124163e+00	-1.1770579228194238e+00
4.0519295022406663e+00	-1.1768872616278743e+00
4.0454248061210301e+00	-1.1780985121400849e+00
4.0381009382401825e+00	-1.1917649809593003e+00
4.0315021391923809e+00	-1.1930425377780705e+00
4.0262423131820206e+00	-1.1756479571343532e+00
4.0198267185881686e+00	-1.1752684676868073e+00
4.0134095881981144e+00	-1.1749177551321561e+00
4.0069877185819802e+00	-1.1746362630214049e+00
4.0005560117777312e+00	-1.1745260896196170e+00
3.9941519157967815e+00	-1.1740921943229348e+00
3.9877528513504821e+00	-1.1735503594445169e+00
3.9813492280356275e+00	-1.1732031952721995e+00
3.9749449028315005e+00	-1.1729219461504083e+00
3.9685009339264590e+00	-1.1727826467730120e+00
3.9620695804262347e+00	-1.1722053743785981e+00
3.9556560032406143e+00	-1.1716955321355331e+00
3.9492589463708163e+00	-1.1712308147948503e+00
3.9428670278809679e+00	-1.1707300248878314e+00
3.9365071071936453e+00	-1.1694326015046408e+00
3.9300865564439396e+00	-1.1690926463675131e+00
3.9236527124717404e+00	-1.1689335779139778e+00
3.9172206011761448e+00	-1.1687992120225659e+00
3.9107967629636069e+00	-1.1686487272536221e+00
3.9043754615833244e+00	-1.1684242859340686e+00
3.8979381999948450e+00	-1.1682802691765819e+00
3.8915121316677284e+00	-1.1679667854124682e+00
3.8850933946422241e+00	-1.1677810826127843e+00
3.8786888471265217e+00	-1.1674632729534602e+00
3.8717393895203691e+00	-1.1755956943420018e+00
3.8658457531564170e+00	-1.1666677133658692e+00
3.8583937835244559e+00	-1.1796342545128009e+00
3.8530045853229318e+00	-1.1657455030068469e+00
3.8466069129147429e+00	-1.1651532492892303e+00
3.8402001700462081e+00	-1.1647035433482056e+00
3.8338018391772017e+00	-1.1640796551482300e+00
3.8274214803306954e+00	-1.1632266576206804e+00
3.8210190270326683e+00	-1.1630113095065691e+00
3.8146004995334821e+00	-1.1628684205432180e+00
3.8080704085560386e+00	-1.1638587522877621e+00
3.8017241066098175e+00	-1.1623970923531415e+00
3.7953094330584620e+00	-1.1622082987815079e+00
3.7888941834684533e+00	-1.1620496716352577e+00
3.7825201594493474e+00	-1.1609373169182848e+00
3.7748348741635533e+00	-1.1781428785371446e+00
3.7681890975125891e+00	-1.1792599513409276e+00
3.7617620748344982e+00	-1.1776909685487302e+00
3.7567566881366456e+00	-1.1598401644767893e+00
3.7503448391861633e+00	-1.1595957593831190e+00
3.7439653501383630e+00	-1.1596278137370446e+00
3.7375601078765990e+00	-1.1591117573508676e+00
3.7310598825169108e+00	-1.1594269550562635e+00
3.7246130292400066e+00	-1.1595806977493539e+00
3.7181888126165594e+00	-1.1596517083843878e+00
3.7117754569907575e+00	-1.1595572615889167e+00
3.7038407805203026e+00	-1.1815104558832674e+00
3.6988107094156892e+00	-1.1599988281389217e+00
3.6907638524181423e+00	-1.1790562946374583e+00
3.6860178869455944e+00	-1.1575998786815058e+00
3.6796547430275361e+00	-1.1571096109325949e+00
3.6733601390185324e+00	-1.1560980800855829e+00
3.6657043489805496e+00	-1.1729829633460860e+00
3.6585319083643415e+00	-1.1775372232818000e+00
3.6531211007277320e+00	-1.1634959409331682e+00
3.6476916923968461e+00	-1.1530079339276806e+00
3.6413225034459193e+00	-1.1526767821442574e+00
3.6349324741092675e+00	-1.1523020263218458e+00
3.6286203362145635e+00	-1.1506135277403655e+00
3.6221931916703678e+00	-1.1503536756330623e+00
3.6157738370484118e+00	-1.1501347986452719e+00
3.6093645038567397e+00	-1.1498587117482182e+00
3.6017086919764019e+00	-1.1659877517436921e+00
3.5953879028155735e+00	-1.1627161882895931e+00
3.5901860995117136e+00	-1.1468657929156059e+00
3.5837949671307836e+00	-1.1458956383082715e+00
3.5775572689599002e+00	-1.1438767308093911e+00
3.5711839232522768e+00	-1.1433252177218385e+00
3.5647958351655111e+00	-1.1426192383484288e+00
3.5576927135346010e+00	-1.1502316555078449e+00
3.5519993862153041e+00	-1.1411672495597820e+00
3.5456047559912944e+00	-1.1405901160227137e+00
3.5392079836549937e+00	-1.1400430307333267e+00
3.5328081921711125e+00	-1.1394749673949527e+00
3.5264039327797745e+00	-1.1389197448987598e+00
3.5199668243552211e+00	-1.1386451530205615e+00
3.5135910092279787e+00	-1.1377904428689134e+00
3.5072098796525299e+00	-1.1371302960488756e+00
3.5008181960604103e+00	-1.1365103449302589e+00
3.4944273379839870e+00	-1.1358231984062990e+00
3.4880252526399849e+00	-1.1352800017055191e+00
3.4816214727170802e+00	-1.1347428135865374e+00
3.4752034830352705e+00	-1.1343888968096054e+00
3.4683877302938448e+00	-1.1391668591964430e+00
3.4618936793119772e+00	-1.1392190192870493e+00
3.4553835912889488e+00	-1.1388297914810273e+00
3.4489795708584765e+00	-1.1375442456307423e+00
3.4431908639502717e+00	-1.1314761133249651e+00
3.4367965357054575e+00	-1.1309178568321039e+00
3.4303800658493846e+00	-1.1305856120151363e+00
3.4239393152472442e+00	-1.1304596315413662e+00
3.4175198490050760e+00	-1.1302228397758081e+00
3.4111137914308323e+00	-1.1299344298668936e+00
3.4046748083479499e+00	-1.1295983866065351e+00
3.3972985987405684e+00	-1.1384230143400593e+00
3.3918193129809922e+00	-1.1285525916287136e+00
3.3854103825288910e+00	-1.1281171710245856e+00
3.3789673212592310e+00	-1.1281123583133266e+00
3.3725250426738871e+00	-1.1281086005484746e+00
3.3660966183093719e+00	-1.1278753724191251e+00
3.3596806121576583e+00	-1.1275019925885930e+00
3.3532607245540120e+00	-1.1274284098538228e+00
3.3468777117490234e+00	-1.1270865593111867e+00
3.3404827918933861e+00	-1.1267529782014141e+00
3.3339266730053976e+00	-1.1272710038541571e+00
3.3275280073907552e+00	-1.1256863131177499e+00
3.3211289180332146e+00	-1.1251570496219350e+00
3.3148438949594636e+00	-1.1243459360938424e+00
3.3085900074355137e+00	-1.1226166937823587e+00
3.3021096946665081e+00	-1.1225698273126123e+00
3.2943772756270824e+00	-1.1348011855754696e+00
3.2886323833292193e+00	-1.1266470983233312e+00
3.2829260666057376e+00	-1.1197594714222416e+00
3.2765761957443131e+00	-1.1190576283696743e+00
3.2702748789855463e+00	-1.1175401158877503e+00
3.2638927415726404e+00	-1.1166618917001525e+00
3.2575090853198843e+00	-1.1158500313372697e+00
3.2511166815244379e+00	-1.1151431462040724e+00
3.2448628385572769e+00	-1.1130566394856902e+00
3.2384620960386514e+00	-1.1124675000844884e+00
3.2320816110528985e+00	-1.1117637838831356e+00
3.2257043380608463e+00	-1.1110250142871250e+00
3.2193090611108337e+00	-1.1103910704081499e+00
3.2128939508191263e+00	-1.1099459144745112e+00
3.2063282650487013e+00	-1.1107983515248663e+00
3.2001240972255940e+00	-1.1084407740365365e+00
3.1937409169532676e+00	-1.1077090051955145e+00
3.1873478400280444e+00	-1.1070735643622636e+00
3.1809506728211994e+00	-1.1065087922129366e+00
3.1745535485090732e+00	-1.1059275218306452e+00
3.1677939414158067e+00	-1.1092644101577365e+00
3.1611628828864395e+00	-1.1101912831621190e+00
3.1548932684056372e+00	-1.1079967179850303e+00
3.1489182880007114e+00	-1.1038416251173189e+00
3.1425260816858951e+00	-1.1033000606035201e+00
3.1361407926413039e+00	-1.1026019099722837e+00
3.1297507712136152e+00	-1.1018780444319591e+00
3.1233927864297639e+00	-1.1008672252362421e+00
3.1170135224090241e+00	-1.1001228698352981e+00
3.1106265983772619e+00	-1.0994390507984515e+00
3.1042383746915565e+00	-1.0987313839794639e+00
3.0978505027073133e+00	-1.0980326853277833e+00
3.0914538643152443e+00	-1.0974224071196490e+00
3.0850507683213526e+00	-1.0968717821056322e+00
3.0786573570745959e+00	-1.0962171831391057e+00
3.0722684439457275e+00	-1.0955257866930137e+00
3.0658710625506638e+00	-1.0949226441865860e+00
3.0594713726870459e+00	-1.0943430061570103e+00
3.0530791976712210e+00	-1.0936858039373345e+00
3.0466913991768938e+00	-1.0929943594369853e+00
3.0403068707627043e+00	-1.0922656896567724e+00
3.0339029727847255e+00	-1.0917221021870467e+00
3.0272607976524077e+00	-1.0932920901622245e+00
3.0207592330535422e+00	-1.0929596666807064e+00
3.0147869085314132e+00	-1.0891637743479408e+00
3.0084285617804927e+00	-1.0882341072407491e+00
3.0020717568078914e+00	-1.0873654123609791e+00
2.9956925949091766e+00	-1.0866280154946346e+00
2.9892997677533999e+00	-1.0859789545578855e+00
2.9829009753650628e+00	-1.0854099848827561e+00
2.9745113025590397e+00	-1.1084648492727034e+00
2.9693871247643968e+00	-1.0916772748029000e+00
2.9626192137742251e+00	-1.0932412221997516e+00
2.9570036537682052e+00	-1.0855174600772093e+00
2.9508428125100994e+00	-1.0829694426230188e+00
2.9443706526244133e+00	-1.0831282703677443e+00
2.9374371626630928e+00	-1.0875280116288479e+00
2.9296319754452123e+00	-1.0991780988388737e+00
2.9213925122769653e+00	-1.1137192817608741e+00
2.9141755303178973e+00	-1.1205823086792912e+00
2.9066454139552986e+00	-1.1318016829359434e+00
2.8990164767014712e+00	-1.1438243128133241e+00
2.8920193818958531e+00	-1.1517309930767294e+00
2.8852661658347145e+00	-1.1610994006749442e+00
2.8781322275855072e+00	-1.1699720058974776e+00
2.8698814138999138e+00	-1.1766105582896811e+00
2.8588526678574042e+00	-1.2018765266120008e+00
2.8540528297549668e+00	-1.1835291020042020e+00
2.8479232201686622e+00	-1.1844508495147368e+00
2.8417380341223764e+00	-1.1839559241689268e+00
2.8360513175721547e+00	-1.1760924943339364e+00
2.8312820708519948e+00	-1.1628597733127866e+00
2.8222253961123762e+00	-1.1820522035349961e+00
2.8194535740298967e+00	-1.1487022007507721e+00
2.8147010909232906e+00	-1.1395903119659196e+00
2.8094213227504556e+00	-1.1329265931407411e+00
2.8040875917887935e+00	-1.1211619723881301e+00
2.7988311495669307e+00	-1.1104178223324424e+00
2.7934460390647535e+00	-1.1012224268253366e+00
2.7876687935264894e+00	-1.0950199540452767e+00
2.7813578569689823e+00	-1.0924278283914952e+00
2.7758629476775001e+00	-1.0840764682103090e+00
2.7701263282852007e+00	-1.0784701843087123e+00
2.7639761076782317e+00	-1.0756969068910003e+00
2.7576025833536022e+00	-1.0744567992810916e+00
2.7512341120106805e+00	-1.0735444544366406e+00
2.7449172767752188e+00	-1.0728714483512547e+00
2.7387947728248276e+00	-1.0706691920435567e+00
2.7324055878174751e+00	-1.0702385183494982e+00
2.7259767838743012e+00	-1.0699179247691686e+00
2.7179398757782303e+00	-1.0835492579770054e+00
2.7110382870640830e+00	-1.0859881945432499e+00
2.7039832014296610e+00	-1.0876745224350264e+00
2.6969734417674354e+00	-1.0889657225575340e+00
2.6926260772287951e+00	-1.0734937800671371e+00
2.6863318490538286e+00	-1.0721461809281461e+00
2.6801436912246657e+00	-1.0703517030324972e+00
2.6740123328982799e+00	-1.0697415560634038e+00
2.6679944734849323e+00	-1.0690490178066534e+00
2.6618107706811314e+00	-1.0676293329628479e+00
2.6529572540705333e+00	-1.0860667246147901e+00
2.6484705769108312e+00	-1.0666276565645167e+00
2.6420216165039414e+00	-1.0661753765221642e+00
2.6357801273336885e+00	-1.0647541365569304e+00
2.6292989417831496e+00	-1.0653037585527223e+00
2.6229055460571882e+00	-1.0644837033331498e+00
2.6164264985325816e+00	-1.0638508572718335e+00
2.6076923686077573e+00	-1.0801259988096974e+00
2.6012645912661050e+00	-1.0780812654902998e+00
2.5974320817744343e+00	-1.0582672008304135e+00
2.5911640534323985e+00	-1.0566188568489994e+00
2.5845936279659822e+00	-1.0575280360825423e+00
2.5782041498472292e+00	-1.0578738889474810e+00
2.5720371997983786e+00	-1.0570043003979639e+00
2.5659977418964997e+00	-1.0542428683562539e+00
2.5596083946179307e+00	-1.0534900562822513e+00
2.5530708809083871e+00	-1.0530463830984820e+00
2.5462503344414129e+00	-1.0536533484199808e+00
2.5397354367646825e+00	-1.0525853732232302e+00
2.5332631284659852e+00	-1.0528945745757567e+00
2.5265709382760360e+00	-1.0542154857116603e+00
2.5200045109881080e+00	-1.0542117788953471e+00
2.5140075714563794e+00	-1.0520104015335399e+00
2.5079331639702498e+00	-1.0515767988895799e+00
2.5016730472735822e+00	-1.0514098577574658e+00
2.4952136596225634e+00	-1.0492061220522606e+00
2.4862401114676489e+00	-1.0627819720645164e+00
2.4817280358169764e+00	-1.0480789758393638e+00
2.4756258549913692e+00	-1.0470263951735816e+00
2.4697469198542357e+00	-1.0455988282050890e+00
2.4634579014660138e+00	-1.0449566692133236e+00
2.4543426431239053e+00	-1.0620391672714184e+00
2.4482802977221696e+00	-1.0557709596771707e+00
2.4446276197834247e+00	-1.0363949824580740e+00
2.4384292561833938e+00	-1.0343370963503262e+00
2.4322664822970843e+00	-1.0318422063274688e+00
2.4262108180193747e+00	-1.0291146143145689e+00
2.4200066825524100e+00	-1.0277034341121154e+00
2.4137422225605167e+00	-1.0271482985169755e+00
2.4074595787695792e+00	-1.0268870161555372e+00
2.4011020808878394e+00	-1.0261184686607137e+00
2.3946328249203890e+00	-1.0253169984886268e+00
2.3883110641017806e+00	-1.0234238947212451e+00
2.3817782376982168e+00	-1.0235169441970180e+00
2.3734569673853185e+00	-1.0360960398477173e+00
2.3683920548623605e+00	-1.0247044110284311e+00
2.3598119948203182e+00	-1.0355005716179051e+00
2.3553590444880421e+00	-1.0231273156213945e+00
2.3495351671891447e+00	-1.0203182146962173e+00
2.3432618067734405e+00	-1.0203163775885333e+00
2.3367547998069087e+00	-1.0206310058655836e+00
2.3300418217340662e+00	-1.0213406777236762e+00
2.3234142252653895e+00	-1.0215704082070005e+00
2.3169498074768899e+00	-1.0213840050623955e+00
2.3105423003375583e+00	-1.0210434868741465e+00
2.3043568039022531e+00	-1.0191092844834591e+00
2.2979202118270994e+00	-1.0188589747867047e+00
2.2915047526504506e+00	-1.0185221770219661e+00
2.2850414419166860e+00	-1.0183720816069968e+00
2.2790274830587292e+00	-1.0149913646037421e+00
2.2703532303294560e+00	-1.0296728810500593e+00
2.2639589951454409e+00	-1.0280088010511554e+00
2.2591795166889663e+00	-1.0145729894696143e+00
2.2525037583577969e+00	-1.0140825893084606e+00
2.2465667824821236e+00	-1.0128448004245045e+00
2.2404415519219438e+00	-1.0137960383986859e+00
2.2337922534679286e+00	-1.0141362091347208e+00
2.2228040432788885e+00	-1.0404843488427284e+00
2.2190505585712317e+00	-1.0214989545152091e+00
2.2129518328682147e+00	-1.0172475283159481e+00
2.2058585624646945e+00	-1.0191215543266285e+00
2.1992009563471067e+00	-1.0206530303192709e+00
2.1930252444253746e+00	-1.0217719811275592e+00
2.1868445702141015e+00	-1.0223970301115100e+00
2.1799597016291772e+00	-1.0251161838053555e+00
2.1731445031688805e+00	-1.0264648505722473e+00
2.1667633990116357e+00	-1.0253227451783538e+00
2.1602273009072106e+00	-1.0252371123862061e+00
2.1470350708604768e+00	-1.0634006249393175e+00
2.1462241898434158e+00	-1.0265713269021388e+00
2.1402663184784725e+00	-1.0258610042696850e+00
2.1346612253530552e+00	-1.0242195522193975e+00
2.1242161295025888e+00	-1.0516438610976213e+00
2.1170333645691910e+00	-1.0501152518822767e+00
2.1086230271637434e+00	-1.0541993121488467e+00
2.1021278255726195e+00	-1.0514337846377713e+00
2.1006491862420922e+00	-1.0247971919617183e+00
2.0950672323038155e+00	-1.0210756561063303e+00
2.0890300457401421e+00	-1.0182599991256127e+00
2.0824721818817431e+00	-1.0183512258807554e+00
2.0762659495349927e+00	-1.0170665513796648e+00
2.0692656892244381e+00	-1.0197403852637361e+00
2.0613585932138112e+00	-1.0257275772797456e+00
2.0552305998246179e+00	-1.0229585330592148e+00
2.0494427546459777e+00	-1.0224841675516521e+00
2.0430599880903388e+00	-1.0241915433280946e+00
2.0359508801280795e+00	-1.0260961711295420e+00
2.0230891156885429e+00	-1.0621162187637416e+00
2.0220716693194247e+00	-1.0287443508016212e+00
2.0145825668653115e+00	-1.0331880742058404e+00
2.0086313439407348e+00	-1.0283514469886454e+00
2.0018923192682903e+00	-1.0299312487182701e+00
1.9948873103835087e+00	-1.0318720053990456e+00
1.9879623782947511e+00	-1.0328671854343296e+00
1.9818261957177907e+00	-1.0316606970631710e+00
1.9754639679506718e+00	-1.0324099212798985e+00
1.9695310925051925e+00	-1.0319205335845012e+00
1.9627779387430018e+00	-1.0328200559583809e+00
1.9510140122161057e+00	-1.0578952788338261e+00
1.9459437496730903e+00	-1.0445111360193402e+00
1.9392028541085287e+00	-1.0428973953028680e+00
1.9324131838390100e+00	-1.0435061042641876e+00
1.9262007728300246e+00	-1.0411073045782215e+00
1.9195977539928122e+00	-1.0414393596346669e+00
1.9135616205756800e+00	-1.0391606069393817e+00
1.9086708950932827e+00	-1.0347687321192376e+00
1.9033653744553418e+00	-1.0345962706284779e+00
1.8953814785684298e+00	-1.0416343094878826e+00
1.8880280861468668e+00	-1.0419801535985462e+00
1.8798955973086799e+00	-1.0493945361973931e+00
1.8753052525230360e+00	-1.0347911398535674e+00
1.8685706044712160e+00	-1.0310710524380955e+00
1.8604044974345779e+00	-1.0389157049866491e+00
1.8550136645851236e+00	-1.0400501488912033e+00
1.8502752978340953e+00	-1.0380851030836196e+00
1.8431670936189342e+00	-1.0408581136020707e+00
1.8323988866260625e+00	-1.0574993815365432e+00
1.8262843680365926e+00	-1.0511353829382444e+00
1.8203024753323218e+00	-1.0503766338015907e+00
1.8146109485577404e+00	-1.0497892867241176e+00
1.8087744528666083e+00	-1.0440360884991537e+00
1.7989649669408669e+00	-1.0526879129810280e+00
1.7953971231217283e+00	-1.0343787378160612e+00
1.7903294662013596e+00	-1.0303873948972699e+00
1.7846723974505263e+00	-1.0288760090189379e+00
1.7779683619467335e+00	-1.0293888041240735e+00
1.7713221596644411e+00	-1.0276060987334439e+00
1.7654515705246254e+00	-1.0236962116189234e+00
1.7596910244563653e+00	-1.0233380123818361e+00
1.7535896652440524e+00	-1.0215226721818018e+00
1.7480353799558099e+00	-1.0140442608839535e+00
1.7423780013911028e+00	-1.0101858558099812e+00
1.7359427443821418e+00	-1.0085448440654878e+00
1.7293606583911594e+00	-1.0055744368992465e+00
1.7183788141727192e+00	-1.0252165068672101e+00
1.7141846103534941e+00	-1.0125629826852915e+00
1.7076728900861742e+00	-1.0110367457689557e+00
1.7012784703465516e+00	-1.0092718469540944e+00
1.6951747159621480e+00	-1.0062328001168346e+00
1.6889590495687721e+00	-1.0055288441666808e+00
1.6833322304501113e+00	-1.0063393554727282e+00
1.6778564039706731e+00	-1.0056042521706976e+00
1.6713110778190208e+00	-1.0052698231942119e+00
1.6636144230780314e+00	-1.0058626633740768e+00
1.6531559192319787e+00	-1.0200150867278657e+00
1.6469853548145355e+00	-1.0142269668103796e+00
1.6408529553576905e+00	-1.0073279884025335e+00
1.6342612412421209e+00	-1.0091094292535332e+00
1.6296963373812310e+00	-1.0076140559116618e+00
1.6242443550089554e+00	-1.0073538841979601e+00
1.6148251495890904e+00	-1.0182245457115844e+00
1.6051729645744439e+00	-1.0262314642261825e+00
1.5998751892178287e+00	-1.0190224588516636e+00
1.5938374373698356e+00	-1.0204200315323013e+00
1.5881700748859420e+00	-1.0185170678757767e+00
1.5817339270232742e+00	-1.0173828800818889e+00
1.5732584978271127e+00	-1.0251850140950842e+00
1.5672305182965225e+00	-1.0199135100750878e+00
1.5569485960436389e+00	-1.0343192343015646e+00
1.5479198563803507e+00	-1.0432414474566385e+00
1.5409739462219143e+00	-1.0418979417852887e+00
1.5344437481710818e+00	-1.0387919184918426e+00
1.5283792633458229e+00	-1.0376138806318509e+00
1.5228180024084423e+00	-1.0384496686378015e+00
1.5171935249186395e+00	-1.0378326520776278e+00
1.5085227888466854e+00	-1.0464207195170916e+00
1.4988877812996664e+00	-1.0571429525497318e+00
1.4871408793613095e+00	-1.0766646931370976e+00
1.4793084996813324e+00	-1.0774395387969236e+00
1.4696294769809388e+00	-1.0834024509153832e+00
1.4632842473196337e+00	-1.0769262207988028e+00
1.4563660137372034e+00	-1.0805112061748028e+00
1.4511788356669753e+00	-1.0816498769742962e+00
1.4465045936859788e+00	-1.0779279448481975e+00
1.4398737254732412e+00	-1.0769033380612265e+00
1.4326061336878104e+00	-1.0753149700529265e+00
1.4251275741058576e+00	-1.0780773321887809e+00
1.4196895214455503e+00	-1.0805363274942441e+00
1.4130231161620013e+00	-1.0857252819676799e+00
1.4037752842689488e+00	-1.0937127353567067e+00
1.3976806264379433e+00	-1.0866860074568188e+00
1.3907799259982774e+00	-1.0847205318857527e+00
1.3853763830874930e+00	-1.0811339673402101e+00
1.3776688725550512e+00	-1.0831250388684477e+00
1.3686794576059194e+00	-1.0868311548867553e+00
1.3618966503208341e+00	-1.0863938748087236e+00
1.3548302377256571e+00	-1.0888304294575044e+00
1.3497166358314341e+00	-1.0826164840060744e+00
1.3438176205327594e+00	-1.0777898796647956e+00
1.3362159394333146e+00	-1.0789621120255883e+00
1.3293309934158712e+00	-1.0751757373413628e+00
1.3228206906174622e+00	-1.0726877121770972e+00
1.3178157615050625e+00	-1.0678418658877997e+00
1.3107930981765632e+00	-1.0666678505531082e+00
1.3040969290548523e+00	-1.0625877456342665e+00
1.2975865200606562e+00	-1.0607779704871565e+00
1.2924465765029201e+00	-1.0611637886969318e+00
1.2888661084878910e+00	-1.0604884924887537e+00
1.2842633551882778e+00	-1.0569191567326846e+00
1.2775479640930574e+00	-1.0499887573450024e+00
1.2671102331110300e+00	-1.0564046932941771e+00
1.2603377174213439e+00	-1.0543395785127263e+00
1.2537389491688544e+00	-1.0549941170910653e+00
1.2475631228074484e+00	-1.0543822202572910e+00
1.2384946956129199e+00	-1.0615167564492989e+00
1.2302385378103635e+00	-1.0611533596157070e+00
1.2227718919502657e+00	-1.0626902101352520e+00
1.2200644222063037e+00	-1.0613398686332940e+00
1.2152157023836281e+00	-1.0582747294911958e+00
1.2059641454500938e+00	-1.0542515132656991e+00
1.1967754545176625e+00	-1.0554331419544998e+00
1.1917043889434298e+00	-1.0529277702511077e+00
1.1856599819560538e+00	-1.0546383300893987e+00
1.1745468960042709e+00	-1.0650871990914377e+00
1.1680439743106288e+00	-1.0599742919037816e+00
1.1638128534474812e+00	-1.0580630647282994e+00
1.1600443781433578e+00	-1.0567083723872099e+00
1.1522960879227759e+00	-1.0603001291602192e+00
1.1433414452549318e+00	-1.0648512540300397e+00
1.1303991081878708e+00	-1.0863219391380710e+00
1.1197604911261292e+00	-1.0885686963357926e+00
1.1010657262705263e+00	-1.1083288907039610e+00
1.0906508671745219e+00	-1.1093609819093062e+00
1.0877797591709897e+00	-1.1088277858137896e+00
1.0885723695576544e+00	-1.1095593427745012e+00
1.0862811799513776e+00	-1.1094068964389248e+00
1.0745992919601985e+00	-1.1205450566609769e+00
1.0619065967345702e+00	-1.1233685203789670e+00
1.0490922778513390e+00	-1.1331702397109011e+00
1.0440028706073337e+00	-1.1315228075374901e+00
1.0388705845701924e+00	-1.1327861685106513e+00
1.0326166313013048e+00	-1.1336774897773847e+00
1.0263240031904710e+00	-1.1334298614708627e+00
1.0191248854303183e+00	-1.1365104559443515e+00
1.0117240274642647e+00	-1.1384967424012096e+00
1.0050536417387650e+00	-1.1348128950073777e+00
9.9844041084368174e-01	-1.1306688565352081e+00
9.9113204449895209e-01	-1.1302499786740330e+00
9.8549205567169318e-01	-1.1261815358748195e+00
9.7993736133218834e-01	-1.1222202054084334e+00
9.7285233310291253e-01	-1.1171843446185392e+00
9.6342626072706627e-01	-1.1098240190491251e+00
9.5364015113001299e-01	-1.1023548192544084e+00
9.4706892566794876e-01	-1.0975198420621806e+00
9.4458723678415091e-01	-1.0956166711416542e+00
9.4277275481601797e-01	-1.0942503696268604e+00
9.3816922504385925e-01	-1.0911698700771932e+00
9.3080242537776758e-01	-1.0854355319558162e+00
9.2436070894673894e-01	-1.0806405975624378e+00
9.2076098345145418e-01	-1.0782832070485524e+00
9.1671314465261799e-01	-1.0753329551164588e+00
9.1119639254361240e-01	-1.0712558071619342e+00
9.0494880994178961e-01	-1.0667891989807050e+00
8.9684501583453913e-01	-1.0605511648495838e+00
8.8849688842357755e-01	-1.0546122714308372e+00
8.8225556869991761e-01	-1.0501155755698082e+00
8.7821039748010288e-01	-1.0469729769757861e+00
8.7405499741197201e-01	-1.0436991607256134e+00
8.6758896776009886e-01	-1.0385397454029242e+00
8.6060852576344238e-01	-1.0332802928117482e+00
8.5418766556121073e-01	-1.0283963003451022e+00
8.4796441729123107e-01	-1.0235663456180013e+00
8.4266623996371526e-01	-1.0196925627072466e+00
8.3782034217733814e-01	-1.0160423758628383e+00
8.3167514726608849e-01	-1.0115498815784729e+00
8.2527263111587801e-01	-1.0068488554452273e+00
8.1973645024434261e-01	-1.0027248195193257e+00
8.1447599843424168e-01	-9.9896052365068833e-01
8.0909221296272071e-01	-9.9498365435547742e-01
8.0320405296924657e-01	-9.9072080775377047e-01
7.9515395748023143e-01	-9.8509821913320772e-01
7.8698587145003329e-01	-9.7893175501257856e-01
7.8107706592227710e-01	-9.7468237223210918e-01
7.7579033331816616e-01	-9.7080624186071629e-01
7.7027793566520764e-01	-9.6681508024655261e-01
7.6514977465429890e-01	-9.6291305494007728e-01
7.6017862869105701e-01	-9.5926513369132105e-01
7.5484263330271850e-01	-9.5532284815467616e-01
7.4904832912167474e-01	-9.4986566199428057e-01
7.4222957898924391e-01	-9.4500991126682210e-01
7.3668994399813581e-01	-9.4062000481124686e-01
7.3331217557414952e-01	-9.3833609549337182e-01
7.2934357363931523e-01	-9.3559709290308501e-01
7.2291356476025559e-01	-9.3101367439757754e-01
7.1567030738383763e-01	-9.2538476561546690e-01
7.0946847618060582e-01	-9.2067172695473354e-01
7.0500669343960998e-01	-9.1746430653548972e-01
7.0046600585991892e-01	-9.1421960490647514e-01
6.9404729761669925e-01	-9.0959444486200580e-01
6.8568576592801500e-01	-9.0376207059465175e-01
6.7837538360764194e-01	-8.9865722728978015e-01
6.7302904220584048e-01	-8.9496355525282378e-01
6.6821850823695650e-01	-8.9151569892303439e-01
6.6332802942685543e-01	-8.8855380323898792e-01
6.5770325270108765e-01	-8.8528259292528477e-01
6.5147312624454790e-01	-8.8159727366310159e-01
6.4478987244942265e-01	-8.7894646611987437e-01
6.3848081721218286e-01	-8.7517047199319808e-01
6.3090025726964738e-01	-8.7184460506261652e-01
6.2493329314967905e-01	-8.6797265684892844e-01
6.2292688411465158e-01	-8.6663382151417123e-01
6.1705123384404914e-01	-8.6301922415231236e-01
6.0686592472312972e-01	-8.5602441618114855e-01
5.9874804326060194e-01	-8.5105467735131080e-01
5.9361534850900377e-01	-8.4719452124646910e-01
5.8920721018872324e-01	-8.4606305500062762e-01
5.8430382626291788e-01	-8.4256550744159919e-01
5.7800094077514819e-01	-8.3778061573744023e-01
5.7136769811840460e-01	-8.3259625329966536e-01
5.6638238657964235e-01	-8.2860941222256523e-01
5.6134754955117838e-01	-8.2481161920116319e-01
5.5504298233051574e-01	-8.2015796589306589e-01
5.4992867896933362e-01	-8.1616765059606344e-01
5.4488761451508916e-01	-8.1242081017587686e-01
5.3911737944545313e-01	-8.0868370217710062e-01
5.3290569188863490e-01	-8.0426574153331132e-01
5.2534896979502665e-01	-7.9848879212494117e-01
5.1847211429086548e-01	-7.9402265496106372e-01
5.1459722547475950e-01	-7.9065213546022017e-01
5.1118263042444301e-01	-7.8781109528056292e-01
5.0623822144808794e-01	-7.8364552858206415e-01
4.9973787433002737e-01	-7.7769428924131279e-01
4.9264240978271789e-01	-7.7134518396047669e-01
4.8611281456401662e-01	-7.6626584726902636e-01
4.8038626357983588e-01	-7.6144048478374449e-01
4.7490106677133515e-01	-7.5696294944551568e-01
4.6989438617155493e-01	-7.5275355010669909e-01
4.6530535055997924e-01	-7.4846839036590451e-01
4.6035900834240362e-01	-7.4387735177267900e-01
4.5482134548159997e-01	-7.3858731233595609e-01
4.4924354805233829e-01	-7.3321166846820252e-01
4.4398431531753435e-01	-7.2790277969236705e-01
4.3875947169746110e-01	-7.2274941544531524e-01
4.3347360715900152e-01	-7.1772277154012898e-01
4.2840657880770772e-01	-7.1265203004291744e-01
4.2363522462880498e-01	-7.0784982632806315e-01
4.1849446322057798e-01	-7.0322689561404994e-01
4.1242689061507792e-01	-6.9754049540401020e-01
4.0666430423224470e-01	-6.9245437559788103e-01
4.0212076011081649e-01	-6.8841790725295338e-01
3.9757209940426891e-01	-6.8470108125895335e-01
3.9252067511248850e-01	-6.8167131061386643e-01
3.8531633325596953e-01	-6.7688646825841137e-01
3.7706742037703367e-01	-6.7109490390284343e-01
3.6881824768005933e-01	-6.7021641399492060e-01
3.6295958991070149e-01	-6.6746914909117971e-01
3.5750326044316943e-01	-6.6356270349133262e-01
3.5135647720256574e-01	-6.5995807030581521e-01
3.4328098500207332e-01	-6.5905418186657205e-01
3.3631006267111158e-01	-6.5604134207597220e-01
3.2994399436507438e-01	-6.5392695668390044e-01
3.2368527760942400e-01	-6.5324955672889473e-01
3.1690737184932244e-01	-6.5224648377759087e-01
3.1062981927816274e-01	-6.5000377843242929e-01
3.0408606560951595e-01	-6.4812173964684905e-01
2.9229945397948359e-01	-6.5354781287410002e-01
2.8254890842698982e-01	-6.5542943271045540e-01
2.7286247779504741e-01	-6.5950378711443136e-01
2.6314786364778581e-01	-6.6156148456433039e-01
2.4475435688321873e-01	-6.7415346729858727e-01
2.3183056707081107e-01	-6.7841741999186533e-01
2.2288977127323270e-01	-6.8051236965929118e-01
2.1517384542280002e-01	-6.8321485541333760e-01
2.0714910393009561e-01	-6.8670485309390961e-01
1.9593026614922424e-01	-6.9292882671665479e-01
1.8693379914303929e-01	-6.9274721799977812e-01
1.7823811584692939e-01	-6.9396467921007898e-01
1.6872346119135878e-01	-6.9545556761170513e-01
1.5553596023961561e-01	-6.9874389949322746e-01
1.4365067989645702e-01	-6.9916512353684568e-01
1.2587672649983528e-01	-7.0964308522276787e-01
1.1183741882069653e-01	-7.1493039594756091e-01
9.8225638283084588e-02	-7.2001790817577327e-01
8.6911164613669267e-02	-7.2191572067501963e-01
7.2163529329783704e-02	-7.2962196274461710e-01
6.0467770592731618e-02	-7.3357923498338218e-01
4.9533524731292522e-02	-7.3511759589129289e-01
3.7516180763124962e-02	-7.3611057608881303e-01
2.5766304817479321e-02	-7.3671020438081369e-01
1.4782205638268955e-02	-7.3669378750359016e-01
5.5024182475608384e-03	-7.3398251070894382e-01
-2.0051404407735209e-03	-7.2805362480110458e-01
-8.9039478564929588e-03	-7.2131593412096406e-01
-1.4283535122221084e-02	-7.1401350804628183e-01
-2.0016380648901547e-02	-7.0748215451631058e-01
-2.5449781446339862e-02	-7.0094262212775493e-01
-3.2627274596803285e-02	-6.9244006361104482e-01
-4.3556417465287628e-02	-6.7780715006484149e-01
-5.1978676882880326e-02	-6.6700599606694155e-01
-5.5083293611892403e-02	-6.6303575709656115e-01
-6.0525376011600102e-02	-6.5165275506267129e-01
-6.7833139622342609e-02	-6.3611200428916159e-01
-7.2380116868168948e-02	-6.2644009307295068e-01
-7.4917031486536667e-02	-6.2109631547633037e-01
-8.0033039174811749e-02	-6.1108764327825049e-01
-8.4048352315200331e-02	-6.0255455098295929e-01
-8.7899503067112250e-02	-5.9543608831448702e-01
-9.5675858246834194e-02	-5.7247063269771548e-01
-9.7379756546509849e-02	-5.5573450762174681e-01
-9.7221064563757120e-02	-5.5530716108770151e-01
-9.5699018238122269e-02	-5.3666564107559733e-01
-9.3172572783718516e-02	-5.1089678159084528e-01
-9.1363188808238516e-02	-5.0415263556238921e-01
-8.9324091019544222e-02	-4.8492533705455065e-01
-8.2412001375709351e-02	-4.6179897964522792e-01
-8.2536354477334609e-02	-4.6114279199032793e-01
-8.0702745850909530e-02	-4.5172521938897986e-01
-7.9027061669700818e-02	-4.4576461665528938e-01
-7.7632205155709663e-02	-4.3535722143838868e-01
-7.1103038234390764e-02	-4.1594743444272742e-01
-6.9302553688183374e-02	-4.0588326301219557e-01
-6.7179484683842550e-02	-3.9244517170251592e-01
-6.6943994109054106e-02	-3.7901991382628031e-01
-6.6799545809508906e-02	-3.6631318829573173e-01
-6.8628828490700802e-02	-3.5391838680568377e-01
-7.2660059210929204e-02	-3.4478713643091458e-01
-7.5100667317425943e-02	-3.3807233134578757e-01
-7.9155995595433321e-02	-3.3164804616526489e-01
-8.4656538467497752e-02	-3.2305460871328512e-01
-9.0323489757219252e-02	-3.1426920294612026e-01
-9.5763801505084262e-02	-3.0643887463736708e-01
-1.0048896203124269e-01	-2.9887697644835604e-01
-1.0541337908739762e-01	-2.9128576681785845e-01
-1.1153660350362371e-01	-2.8106051314494990e-01
-1.1574615897323512e-01	-2.7248378352262842e-01
-1.1889713084941014e-01	-2.6513942604974605e-01
-1.2140598110903389e-01	-2.5682313369674320e-01
-1.2361103000695517e-01	-2.5109899464094915e-01
-1.2673154062832351e-01	-2.4280251044769907e-01
-1.3063200367990471e-01	-2.3309065928142014e-01
-1.3451027793927309e-01	-2.2449111958016782e-01
-1.3992926114102203e-01	-2.1293933331371062e-01
-1.4515060329318544e-01	-2.0218116285075965e-01
-1.4837595552186003e-01	-1.9470923882476721e-01
-1.5186269413261216e-01	-1.8631523411041573e-01
-1.5553542923320804e-01	-1.7787846581427141e-01
-1.5987253226513820e-01	-1.6811590971562551e-01
-1.6579121397635446e-01	-1.5750829411104411e-01
-1.7202146893284043e-01	-1.4807599777669758e-01
-1.8022583821604926e-01	-1.3850492787979762e-01
-1.8832831125372754e-01	-1.2940026135552946e-01
-1.9466262491353933e-01	-1.2050271428390512e-01
-2.0148405755679580e-01	-1.1006619532939595e-01
-2.0553105182406609e-01	-9.9930193792302002e-02
-2.0776038816217032e-01	-9.2311083136530733e-02
-2.0979915558206430e-01	-8.4452821225573155e-02
-2.1187573675262564e-01	-7.5435601347535200e-02
-2.1447981089768145e-01	-6.5314955748585771e-02
-2.1873373764035597e-01	-5.2310716259330689e-02
-2.2358541266522286e-01	-4.0567358002183321e-02
-2.2677088721894659e-01	-3.2293946063342557e-02
-2.3029450308450969e-01	-2.3621956700514434e-02
-2.3340604972153464e-01	-1.4112471755206319e-02
-2.3634255557672837e-01	-6.5073285177700731e-03
-2.3913476313525797e-01	-2.1338400255608084e-04
-2.4382061379306660e-01	1.1161718084177274e-02
-2.5984105354781423e-01	3.1703368616195715e-02
-2.8430661357976172e-01	5.4762819298350751e-02
-3.1560880604673786e-01	7.7619651099235451e-02
-3.4505980472598907e-01	1.0211906908027692e-01
-3.5805792229392258e-01	1.1523393440216877e-01
-3.6898177091353324e-01	1.2678557951750777e-01
-3.7813758269588471e-01	1.4214275128362694e-01
-3.8662951666072498e-01	1.5505861956262207e-01
-3.9721670649493918e-01	1.7474454814829815e-01
-4.1235718125983145e-01	1.9773533210903099e-01
-4.2238605697135700e-01	2.1401758247626590e-01
-4.3031648243230991e-01	2.2521403972494880e-01
-4.3792039387257736e-01	2.3698759256219359e-01
-4.4493542228481370e-01	2.5375439868523747e-01
-4.5580282146141965e-01	2.7673782013483994e-01
-4.6616902640838859e-01	3.0125313558827055e-01
-4.7925052317902100e-01	3.2528986212507743e-01
-4.8680280816637905e-01	3.4711353040800513e-01
-4.9727084180038855e-01	3.7228514863548462e-01
-5.0401403759202201e-01	3.9530519997318370e-01
-5.0894160336870120e-01	4.1744868332658835e-01
-5.0999117760809221e-01	4.2679198571839938e-01
-5.1034013905607556e-01	4.3395927134359802e-01
-5.1127449735284591e-01	4.5274244419653936e-01
-5.1156217812821503e-01	4.7238310286217311e-01
-5.1291479987289545e-01	4.9857881729894649e-01
-5.1364689962924792e-01	5.1713694265305776e-01
-5.1311440697699695e-01	5.2558547892812968e-01
-5.1324138248725693e-01	5.4720630996293151e-01
-5.1149945009546138e-01	5.7597089733960150e-01
-5.0907260513318131e-01	5.9270067119248993e-01
-5.0735274944577324e-01	6.0505486470705294e-01
-5.0039192604017968e-01	6.2567425643935215e-01
-4.8915296897884947e-01	6.4036939649488467e-01
-4.5497703078459339e-01	6.3295346916858275e-01
-4.1612976822677855e-01	6.2954219865435712e-01
-3.6020622633061533e-01	6.0539734969365744e-01
-3.4519734475475933e-01	6.0274591057465365e-01
-3.0347647284580365e-01	5.8163848216703129e-01
-2.4103842373051507e-01	5.4846524599467361e-01
-1.5565240654247717e-01	4.9835901334039223e-01
-9.2148555381547342e-02	4.5841900733004681e-01
-6.4723032882353940e-02	4.4207644892209774e-01
-5.5098098600337223e-02	4.4031295616101024e-01
-3.4213659875091035e-02	4.3048446073107061e-01
1.9717995562814849e-02	3.9677628615495675e-01
5.9813048056314225e-02	3.7296299078734774e-01
6.9690214530606254e-02	3.7380360401291812e-01
8.1079793102125874e-02	3.7319876947744290e-01
9.3972255190957393e-02	3.7095748383529686e-01
9.6148964252355196e-02	3.7904723435242221e-01
9.8755768045880710e-02	3.8624454174575013e-01
1.0311832426850556e-01	3.9140815494945158e-01
1.0675463697062439e-01	3.9785343286289443e-01
1.1325887419028607e-01	4.0220639596590457e-01
1.1979321324299158e-01	4.0758440305945787e-01
1.2424354868931654e-01	4.1382503772906321e-01
1.2916372292752734e-01	4.1786704953704223e-01
1.3447997692602098e-01	4.2286239710720286e-01
1.4237896263131272e-01	4.2499898662199670e-01
1.4826402022274662e-01	4.2769139126005451e-01
1.5508749401130725e-01	4.2985196718541946e-01
1.6207668378571635e-01	4.3347408982197821e-01
1.6902693364192595e-01	4.3649292092201314e-01
1.7690900745884508e-01	4.3779172064287097e-01
1.8381663704516474e-01	4.4064645840934763e-01
1.9142596488539787e-01	4.4216655383862447e-01
1.9964525179829273e-01	4.4243339495234113e-01
2.0793950059320870e-01	4.4365038433774112e-01
2.1577990051094362e-01	4.4499824662947163e-01
2.2193480866144075e-01	4.4753761457597901e-01
2.3061193507987524e-01	4.4710474828070751e-01
2.3936922658194607e-01	4.4675119000711377e-01
2.4588592457551967e-01	4.4949178044384136e-01
2.5341593896905085e-01	4.5090930899894871e-01
2.6013903952460449e-01	4.5338174174253065e-01
2.6695312192504267e-01	4.5537799123683564e-01
2.7458808746162122e-01	4.5603978317055327e-01
2.8095390028603645e-01	4.5820739527841109e-01
2.8825697822765523e-01	4.5886640105088522e-01
2.9472554914986876e-01	4.6130150687652555e-01
3.0139313936066597e-01	4.6358021444678704e-01
3.0729827073456867e-01	4.6680742765402716e-01
3.1348018219763402e-01	4.6975467642896546e-01
3.1930176594097753e-01	4.7317079915688987e-01
3.2533036536723925e-01	4.7568341969914318e-01
3.3149342448349217e-01	4.7823948333165228e-01
3.3766666025499065e-01	4.8109719779826426e-01
3.4335791525582554e-01	4.8415996918217019e-01
3.4889241808486404e-01	4.8724729082781643e-01
3.5505041590427722e-01	4.8968501534780495e-01
3.6088537805147958e-01	4.9295014228616313e-01
3.6667630356339076e-01	4.9646365693097144e-01
3.7255803639575585e-01	4.9966114545445550e-01
3.7810878524166125e-01	5.0307849443493369e-01
3.8422261847244915e-01	5.0539148903430098e-01
3.9009194337679487e-01	5.0789923300322626e-01
3.9572146422468951e-01	5.1062095337537405e-01
4.0138142627037421e-01	5.1369223380497775e-01
4.0739984749445907e-01	5.1669423422038430e-01
4.1326249117148511e-01	5.2012573200174661e-01
4.1947193001458200e-01	5.2260730539540168e-01
4.2537038871841076e-01	5.2526062901464254e-01
4.3149833149901151e-01	5.2741257182446666e-01
4.3765863255811388e-01	5.2984116268013803e-01
4.4367264585762295e-01	5.3285377082697372e-01
4.4929490654684451e-01	5.3645035114796746e-01
4.5493428948476761e-01	5.3946579521229421e-01
4.6056723365229768e-01	5.4236003534238897e-01
4.6627358608152641e-01	5.4545756656317812e-01
4.7195816426682069e-01	5.4856827725170421e-01
4.7790310368196864e-01	5.5113174832092515e-01
4.8390163899556898e-01	5.5367821536715700e-01
4.9005596027690107e-01	5.5607377776299871e-01
4.9631398813572153e-01	5.5845927058391809e-01
5.0235123668771009e-01	5.6111399065646483e-01
5.0812595810610739e-01	5.6376483205749661e-01
5.1375900996614554e-01	5.6654960666595577e-01
5.1938154078956922e-01	5.6953285626352834e-01
5.2520753199406256e-01	5.7254681373642990e-01
5.3138632822820486e-01	5.7561812590141237e-01
5.3714489200956117e-01	5.7954144091281534e-01
5.4302452948598035e-01	5.8250157276776493e-01
5.4869850426687006e-01	5.8549195100919960e-01
5.5442979989749297e-01	5.8826148019712143e-01
5.6042007321032061e-01	5.9062245071713038e-01
5.6654547790098730e-01	5.9271858992996518e-01
5.7252278459261596e-01	5.9508835298399587e-01
5.7850489588438869e-01	5.9746687546246846e-01
5.8458984767120947e-01	5.9972947235695118e-01
5.9090470174068921e-01	6.0180208957586923e-01
5.9704177937667779e-01	6.0429154666007123e-01
6.0306071180342480e-01	6.0660481676424449e-01
6.0890640358083481e-01	6.0907604739125543e-01
6.1472109431586641e-01	6.1149636106072947e-01
6.2074585706139096e-01	6.1409950002263214e-01
6.2698222359499645e-01	6.1682824793818025e-01
6.3293314421912172e-01	6.1945254866994004e-01
6.3871807778791079e-01	6.2187866699465544e-01
6.4461392727221267e-01	6.2428715227499276e-01
6.5061474575889000e-01	6.2671333561260034e-01
6.5661979685186811e-01	6.2920266401224467e-01
6.6262230200576822e-01	6.3181156782561043e-01
6.6862015699293631e-01	6.3443186826741194e-01
6.7455067875761798e-01	6.3706463914155609e-01
6.8052134400784337e-01	6.3955006160244310e-01
6.8660984841247641e-01	6.4185360964234572e-01
6.9276072563329727e-01	6.4405224137649508e-01
6.9881874014969680e-01	6.4634697808783170e-01
7.0476257752186955e-01	6.4875842671959871e-01
7.1068308434203975e-01	6.5125572728664372e-01
7.1667200592687219e-01	6.5373968209221267e-01
7.2271617154032886e-01	6.5615092453858470e-01
7.2885850687776144e-01	6.5843165450189112e-01
7.3509851799527104e-01	6.6068376662226735e-01
7.4118242259661171e-01	6.6299382932531148e-01
7.4707171998426569e-01	6.6537332772921842e-01
7.5290346270070019e-01	6.6799010053543295e-01
7.5885929221594162e-01	6.7032310980955934e-01
7.6500806248308362e-01	6.7250683931198230e-01
7.7128655401968904e-01	6.7460355404871608e-01
7.7738467352323670e-01	6.7668605282183991e-01
7.8337662782228179e-01	6.7878804666263526e-01
7.8936826817510908e-01	6.8107212015901897e-01
7.9534876910572505e-01	6.8342523904421093e-01
8.0129797762721622e-01	6.8577941123279174e-01
8.0726821086213396e-01	6.8801294672920377e-01
8.1334107240752551e-01	6.9013675213446335e-01
8.1956790775468724e-01	6.9218962285442431e-01
8.2588132375271706e-01	6.9427907511066167e-01
8.3216950525168076e-01	6.9645403905158210e-01
8.3829405074475116e-01	6.9870602497561329e-01
8.4420205138103555e-01	7.0096753862502537e-01
8.5013615076842608e-01	7.0322322255101855e-01
8.5625487576389525e-01	7.0540672156569073e-01
8.6248046288829150e-01	7.0744583490593482e-01
8.6872841168116155e-01	7.0942000415073170e-01
8.7490540141700146e-01	7.1141043861540709e-01
8.8100140937644167e-01	7.1351693045608022e-01
8.8706419405153925e-01	7.1571938544701141e-01
8.9307969947166754e-01	7.1796270288372777e-01
8.9906662233587720e-01	7.2013235247943708e-01
9.0498477959125379e-01	7.2214672344812036e-01
9.1106823327904773e-01	7.2405836207844598e-01
9.1743142632425889e-01	7.2599545782901409e-01
9.2358592238483150e-01	7.2790102132873347e-01
9.2963794723388937e-01	7.2991379338514939e-01
9.3592389880530902e-01	7.3211867579710399e-01
9.4213229497301265e-01	7.3435630494973014e-01
9.4820991576230318e-01	7.3646624933122506e-01
9.5431849727173113e-01	7.3845516334782457e-01
9.6046606650369859e-01	7.4033552656001334e-01
9.6663891223735199e-01	7.4216061629291841e-01
9.7276167663375479e-01	7.4397602267875129e-01
9.7876510027375807e-01	7.4583744599968660e-01
9.8477017177182813e-01	7.4786606078902773e-01
9.9095874835322328e-01	7.5004953982389622e-01
9.9729802085838382e-01	7.5227310331997399e-01
1.0035141111496699e+00	7.5431340413996306e-01
1.0097964674415503e+00	7.5621855150958084e-01
1.0160969988090398e+00	7.5802402015290382e-01
1.0220242460661786e+00	7.5971286826436624e-01
1.0281607605764107e+00	7.6151754810728167e-01
1.0345390154224479e+00	7.6351751362478637e-01
1.0407283411511701e+00	7.6557599595491443e-01
1.0466917003514256e+00	7.6759690825685800e-01
1.0526152589592808e+00	7.6952764919977357e-01
1.0587850111147414e+00	7.7138634641286330e-01
1.0650795147119843e+00	7.7314829154772668e-01
1.0713581006354613e+00	7.7485034965865340e-01
1.0776854270336398e+00	7.7656995452482791e-01
1.0840725490208472e+00	7.7837840509598744e-01
1.0903424658858740e+00	7.8031174105163859e-01
1.0963895088717621e+00	7.8225250281389513e-01
1.1023669037771147e+00	7.8418792181103258e-01
1.1084757342564169e+00	7.8607101408947555e-01
1.1147167224804184e+00	7.8786565800255215e-01
1.1210009689547638e+00	7.8955823382432322e-01
1.1273227729899962e+00	7.9120134946393772e-01
1.1337148485641906e+00	7.9286718925729349e-01
1.1400255448309853e+00	7.9460078813564083e-01
1.1461164105489692e+00	7.9639698741149834e-01
1.1521250481643150e+00	7.9824997624899663e-01
1.1582013456414864e+00	8.0014118408328694e-01
1.1643596090247947e+00	8.0198179059768304e-01
1.1705548451518679e+00	8.0372621356867535e-01
1.1767985640190515e+00	8.0533976524329509e-01
1.1831178125883317e+00	8.0689194907326200e-01
1.1894349997435121e+00	8.0843576460093791e-01
1.1956239060049720e+00	8.1006131962978711e-01
1.2017988478797834e+00	8.1179017345950200e-01
1.2080590994507383e+00	8.1362206103533274e-01
1.2143746809804172e+00	8.1552595458324939e-01
1.2207051264589668e+00	8.1740963552602131e-01
1.2269021296168963e+00	8.1918098384594040e-01
1.2329998457767437e+00	8.2076523921607769e-01
1.2391197125245721e+00	8.2223395954633482e-01
1.2452141427424097e+00	8.2365294049624960e-01
1.2513652141745155e+00	8.2514345971612213e-01
1.2577726121018300e+00	8.2678324017409555e-01
1.2643272979389626e+00	8.2857918715435896e-01
1.2706726143923261e+00	8.3039431923016271e-01
1.2767326032721709e+00	8.3214931615311760e-01
1.2828504281042727e+00	8.3387524311702277e-01
1.2890069364770826e+00	8.3550728164087495e-01
1.2951318174681352e+00	8.3704692465921249e-01
1.3014252645898619e+00	8.3851694347232475e-01
1.3077983984244634e+00	8.3995654394453678e-01
1.3141256865249482e+00	8.4139614516997951e-01
1.3203963592681442e+00	8.4293390606171059e-01
1.3266383203447321e+00	8.4456562558108284e-01
1.3328322618107504e+00	8.4625618840029870e-01
1.3391234534187331e+00	8.4800479989720745e-01
1.3455668353020740e+00	8.4976873300612332e-01
1.3517956015857373e+00	8.5140189265443866e-01
1.3578649725585459e+00	8.5287899314390714e-01
1.3640913985492347e+00	8.5428858170796262e-01
1.3704367867439304e+00	8.5568165170745392e-01
1.3767170527116770e+00	8.5708001571800030e-01
1.3828527005822526e+00	8.5849139794573059e-01
1.3889951361938593e+00	8.6000468316323175e-01
1.3952660961012138e+00	8.6164081409320481e-01
1.4015961681390392e+00	8.6335075277568130e-01
1.4078765475512960e+00	8.6503203165097298e-01
1.4140794968321488e+00	8.6663241683086045e-01
1.4202719585644110e+00	8.6814731560906344e-01
1.4265628810103055e+00	8.6957295704462922e-01
1.4329855825579867e+00	8.7093017710585308e-01
1.4394253505290711e+00	8.7225751916633854e-01
1.4457218742355686e+00	8.7361092085293623e-01
1.4518898712976438e+00	8.7501713025372696e-01
1.4579743959455629e+00	8.7649128451220071e-01
1.4642312528220547e+00	8.7809037617185981e-01
1.4708477922869576e+00	8.7982245275263726e-01
1.4773502666410656e+00	8.8149878379853486e-01
1.4833706240161129e+00	8.8297931912513583e-01
1.4892293826149332e+00	8.8434602281351293e-01
1.4954145266079926e+00	8.8569604651773315e-01
1.5019951858408185e+00	8.8704785253984897e-01
1.5086870599983446e+00	8.8838686231499497e-01
1.5152302099252415e+00	8.8975009680426231e-01
1.5213465418240111e+00	8.9110602545925599e-01
1.5272425944785051e+00	8.9247666947327120e-01
1.5332415320273540e+00	8.9394604668594813e-01
1.5391608413904960e+00	8.9542433697129420e-01
1.5452318199430932e+00	8.9693833386310151e-01
1.5518284300488230e+00	8.9851059289310486e-01
1.5586349434529345e+00	9.0004005749463967e-01
1.5651811209651825e+00	9.0140725340451211e-01
1.5713732874286206e+00	9.0263311368439036e-01
1.5775062725151188e+00	9.0380548121151616e-01
1.5838926779276206e+00	9.0506150313990152e-01
1.5905720763386135e+00	9.0645066255502771e-01
1.5971824547745364e+00	9.0789374424869718e-01
1.6032457646906946e+00	9.0929642397451227e-01
1.6088074504394703e+00	9.1061900068512192e-01
1.6145382421510563e+00	9.1200003002828178e-01
1.6209316558712836e+00	9.1350933141410895e-01
1.6275843384136111e+00	9.1501131160426286e-01
1.6341001416643433e+00	9.1640879497149241e-01
1.6405666711194311e+00	9.1769961194158500e-01
1.6469869216363988e+00	9.1890397168248517e-01
1.6532852540197474e+00	9.2006977027528269e-01
1.6595061166702429e+00	9.2126967861702935e-01
1.6657833865665017e+00	9.2254430230819884e-01
1.6721307728809458e+00	9.2392139965573117e-01
1.6784739693100021e+00	9.2535612000613443e-01
1.6846350194053723e+00	9.2677496308424989e-01
1.6907655110371682e+00	9.2818038466169583e-01
1.6970783444374689e+00	9.2959618649678566e-01
1.7034373372722804e+00	9.3097401120437140e-01
1.7098471790335599e+00	9.3226159539247400e-01
1.7162900068319666e+00	9.3347818759843770e-01
1.7226424020856352e+00	9.3461222191884286e-01
1.7288447445616169e+00	9.3571688883436843e-01
1.7350418360326887e+00	9.3682619873094852e-01
1.7413451938537470e+00	9.3802222304204885e-01
1.7476876347134882e+00	9.3930241130236192e-01
1.7540124204279985e+00	9.4063279107210318e-01
1.7603426521034118e+00	9.4201922122185966e-01
1.7666770524619175e+00	9.4343659689502735e-01
1.7730302996704737e+00	9.4485866369726113e-01
1.7794424903659316e+00	9.4623019888045823e-01
1.7859711985664672e+00	9.4753684952892736e-01
1.7922732031272910e+00	9.4871786118115142e-01
1.7982315977876491e+00	9.4976325074924528e-01
1.8042184896310751e+00	9.5077454806593653e-01
1.8106574488823937e+00	9.5185627598714317e-01
1.8172787241255210e+00	9.5304729981018699e-01
1.8236216350359622e+00	9.5426211066614230e-01
1.8299100465047760e+00	9.5553032079264955e-01
1.8361901032407233e+00	9.5683998651454671e-01
1.8423933855410592e+00	9.5815778967360399e-01
1.8486020686920055e+00	9.5946980567758799e-01
1.8549016294549019e+00	9.6078102244847641e-01
1.8613543955910539e+00	9.6207668092581411e-01
1.8678620640025687e+00	9.6330080637949056e-01
1.8740470229528348e+00	9.6440773133977964e-01
1.8804015219528791e+00	9.6550000038499506e-01
1.8871188978968376e+00	9.6660980736502466e-01
1.8936564088349990e+00	9.6766766299322859e-01
1.8998084666394621e+00	9.6869820940291196e-01
1.9057747679267261e+00	9.6977502847116304e-01
1.9118874146400149e+00	9.7092158785162974e-01
1.9180975631666233e+00	9.7213726632418707e-01
1.9246047321350972e+00	9.7345705472401667e-01
1.9311933373949939e+00	9.7480523380399042e-01
1.9375525001911740e+00	9.7608818031775801e-01
1.9439236903117667e+00	9.7733750178937528e-01
1.9503351816848544e+00	9.7853462924841594e-01
1.9566173819107344e+00	9.7963482939621338e-01
1.9627007704737907e+00	9.8063207093831339e-01
1.9688542495706547e+00	9.8160324705587432e-01
1.9751693565275918e+00	9.8260048650470788e-01
1.9815015286834039e+00	9.8360819845547032e-01
1.9879588431551425e+00	9.8467945551308189e-01
1.9944967835345913e+00	9.8584988905521631e-01
2.0009673929406655e+00	9.8705649810561713e-01
2.0073822295600139e+00	9.8830206802524190e-01
2.0138707520552144e+00	9.8957294275680319e-01
2.0201318930041205e+00	9.9077012168799172e-01
2.0260492868401681e+00	9.9187482071177768e-01
2.0319964720400083e+00	9.9296867564442848e-01
2.0383833869001475e+00	9.9411091990689837e-01
2.0450922978992399e+00	9.9524469454873632e-01
2.0517109975067069e+00	9.9627607634979998e-01
2.0581472760586950e+00	9.9723213664107047e-01
2.0644476650767616e+00	9.9816760355251899e-01
2.0707548746919686e+00	9.9910157299189861e-01
2.0770603675933534e+00	1.0000808084983981e+00
2.0833141142374649e+00	1.0011163406376018e+00
2.0896631127516851e+00	1.0021994414605218e+00
2.0961767712800086e+00	1.0033742515841433e+00
2.1026703330186107e+00	1.0045930207047129e+00
2.1087997808935448e+00	1.0057357379037088e+00
2.1147518367324065e+00	1.0068400332003502e+00
2.1210591392875648e+00	1.0079872916973160e+00
2.1277146580550359e+00	1.0091510705433160e+00
2.1343407222532806e+00	1.0102251930045365e+00
2.1405667221034967e+00	1.0111931994305530e+00
2.1463744417737578e+00	1.0120539457376803e+00
2.1525113380952821e+00	1.0129318302946080e+00
2.1594020367240874e+00	1.0139109783024218e+00
2.1662644238984825e+00	1.0149302002060985e+00
2.1726094288234585e+00	1.0159378178246175e+00
2.1786361258857827e+00	1.0169130947988241e+00
2.1847608415992861e+00	1.0179484798074567e+00
2.1911891913842929e+00	1.0190775768255873e+00
2.1977128526614864e+00	1.0202382807920907e+00
2.2041289541240712e+00	1.0213828392174278e+00
2.2104465304791261e+00	1.0225123322689404e+00
2.2167540042815936e+00	1.0236174983749216e+00
2.2230422217392425e+00	1.0246668438864368e+00
2.2292000626816773e+00	1.0256232458388768e+00
2.2353735773378109e+00	1.0265247612667634e+00
2.2418997645813081e+00	1.0274242780868215e+00
2.2486913481474065e+00	1.0283313719672302e+00
2.2553438950505136e+00	1.0292377925691460e+00
2.2616963633384142e+00	1.0301178220639873e+00
2.2679223399598807e+00	1.0310007744471981e+00
2.2741582384241812e+00	1.0319317810386384e+00
2.2803306393904341e+00	1.0328831878362761e+00
2.2864305712328403e+00	1.0338568414608078e+00
2.2926659296163860e+00	1.0348784946537053e+00
2.2991898672745212e+00	1.0359374436311808e+00
2.3057905654056663e+00	1.0370195732004073e+00
2.3121961071243482e+00	1.0380742508501493e+00
2.3183893232374371e+00	1.0390585464028057e+00
2.3247010427345818e+00	1.0400434682571043e+00
2.3311975562798870e+00	1.0409860434070410e+00
2.3376843071668199e+00	1.0418492879493721e+00
2.3441191092187803e+00	1.0426606209417195e+00
2.3504319564344067e+00	1.0434232446356673e+00
2.3566951320920952e+00	1.0441552428320207e+00
2.3629687091727667e+00	1.0449125452383980e+00
2.3692192923077622e+00	1.0456937367789492e+00
2.3756939630139011e+00	1.0465440642324244e+00
2.3824107593776360e+00	1.0475114572735471e+00
2.3889956317317145e+00	1.0484650603744943e+00
2.3952324340641384e+00	1.0493845787873706e+00
2.4013433847513812e+00	1.0503170212226778e+00
2.4075283026571306e+00	1.0512862401020679e+00
2.4137305344930819e+00	1.0522514384401132e+00
2.4201042279744849e+00	1.0532169493763923e+00
2.4267980262196791e+00	1.0542179929555433e+00
2.4334671908665055e+00	1.0551748172302771e+00
2.4397714713688470e+00	1.0560147250929253e+00
2.4459974436938752e+00	1.0568058183294953e+00
2.4521320055132563e+00	1.0575409512433578e+00
2.4582490372057242e+00	1.0582514127506661e+00
2.4649056699886107e+00	1.0590185969402732e+00
2.4719229030437027e+00	1.0598662483018453e+00
2.4786030188850345e+00	1.0606730464614280e+00
2.4846304775121393e+00	1.0614348470183994e+00
2.4904517532975774e+00	1.0622104872483713e+00
2.4966741153144363e+00	1.0630519037786064e+00
2.5033337032451430e+00	1.0640129517758088e+00
2.5100055562462273e+00	1.0649888725059138e+00
2.5163854941109456e+00	1.0659583805948565e+00
2.5225564469299493e+00	1.0669191488688876e+00
2.5287481723799585e+00	1.0678593749908696e+00
2.5351008211354804e+00	1.0688014093053342e+00
2.5415460854248679e+00	1.0696977643639116e+00
2.5479611751452942e+00	1.0705513347440383e+00
2.5542957728047506e+00	1.0713323959913199e+00
2.5604400114426507e+00	1.0720467914415350e+00
2.5667280722671233e+00	1.0727574540338631e+00
2.5736473538472056e+00	1.0735365032464579e+00
2.5805593366306976e+00	1.0743128139369764e+00
2.5869024621488856e+00	1.0750433641097399e+00
2.5929077213830141e+00	1.0758075994027922e+00
2.5989416999489232e+00	1.0765865572161388e+00
2.6052062996017487e+00	1.0773984875889149e+00
2.6115952758634764e+00	1.0782656753441739e+00
2.6180263512286137e+00	1.0791839927977585e+00
2.6245134116478273e+00	1.0801243158338021e+00
2.6310523337198126e+00	1.0810384174471670e+00
2.6375215734644155e+00	1.0819031906212899e+00
2.6438611014741373e+00	1.0827040347544410e+00
2.6501798195756670e+00	1.0834786091539550e+00
2.6565642503268299e+00	1.0842171884897926e+00
2.6630023175491071e+00	1.0848756926677490e+00
2.6693674301368193e+00	1.0855823556801647e+00
2.6756425078939019e+00	1.0862452139333201e+00
2.6820518684839363e+00	1.0868785242411723e+00
2.6884967049264699e+00	1.0874775666468872e+00
2.6948378045832722e+00	1.0880629401118662e+00
2.7011546797416139e+00	1.0886666424342877e+00
2.7075111671401597e+00	1.0892570210399375e+00
2.7140028814256754e+00	1.0898841777125809e+00
2.7205220665939374e+00	1.0905327216647920e+00
2.7269646869909554e+00	1.0911867404820919e+00
2.7333821660230546e+00	1.0919031188148962e+00
2.7398079152730039e+00	1.0926409787422642e+00
2.7462031387361661e+00	1.0934046222643452e+00
2.7525264166835526e+00	1.0942464403749206e+00
2.7588323964063863e+00	1.0950693906522475e+00
2.7651430906571135e+00	1.0959273681716493e+00
2.7714682412795835e+00	1.0968053707323695e+00
2.7778875462918893e+00	1.0976901266553198e+00
2.7843408278723558e+00	1.0985859814892305e+00
2.7908106450340742e+00	1.0994409800264802e+00
2.7973243259789875e+00	1.1002342007998285e+00
2.8036983213937017e+00	1.1009704602480428e+00
2.8099941526914183e+00	1.1016410098973559e+00
2.8162777282759759e+00	1.1022576115400282e+00
2.8225047346905359e+00	1.1028442824300979e+00
2.8289288394156853e+00	1.1034485154152791e+00
2.8356050150609984e+00	1.1041132819043324e+00
2.8422014232535560e+00	1.1048228990533342e+00
2.8484879875505467e+00	1.1054863096867567e+00
2.8544993748841967e+00	1.1061753698003554e+00
2.8606806457127467e+00	1.1069211276893882e+00
2.8672108929884739e+00	1.1077370328519318e+00
2.8739373114015829e+00	1.1086639860731329e+00
2.8804301610630572e+00	1.1095468103793766e+00
2.8865605927906977e+00	1.1103562550826143e+00
2.8928891854546182e+00	1.1111880876488982e+00
2.8994029181815635e+00	1.1120153194858868e+00
2.9058308141939340e+00	1.1128027190073151e+00
2.9120535795950717e+00	1.1135398080736876e+00
2.9183018394689633e+00	1.1142569098502086e+00
2.9248220757452255e+00	1.1149917406552246e+00
2.9313322433969491e+00	1.1156774447956499e+00
2.9377236397339384e+00	1.1162968882526574e+00
2.9440429388624350e+00	1.1168752286180279e+00
2.9502116656635975e+00	1.1174269404976911e+00
2.9564609813502680e+00	1.1179813573168071e+00
2.9630421723150748e+00	1.1185958864953902e+00
2.9698806611296655e+00	1.1192348674213601e+00
2.9766071198956228e+00	1.1198856031791462e+00
2.9829371411392209e+00	1.1205548211636212e+00
2.9889920685704161e+00	1.1212175650934761e+00
2.9951232692111396e+00	1.1219468061390805e+00
3.0015053973979233e+00	1.1227278629403632e+00
3.0080415610247879e+00	1.1235158478851528e+00
3.0146957284990465e+00	1.1243238237073385e+00
3.0214040928584209e+00	1.1251484559628389e+00
3.0276956605374705e+00	1.1259239739168176e+00
3.0336673229677538e+00	1.1266885413670986e+00
3.0398741278421499e+00	1.1274353249708267e+00
3.0463478879913626e+00	1.1281943748774994e+00
3.0527637674570776e+00	1.1289262228301811e+00
3.0590504830802558e+00	1.1296136737907760e+00
3.0654077933291082e+00	1.1302570058938350e+00
3.0717903055302251e+00	1.1308317377033836e+00
3.0782153425680656e+00	1.1313600655117320e+00
3.0846808079702885e+00	1.1318665101622405e+00
3.0911387988957042e+00	1.1323665456308658e+00
3.0975661353438295e+00	1.1329085741313860e+00
3.1039995173254451e+00	1.1335109121557161e+00
3.1103983929972787e+00	1.1341491878750498e+00
3.1166514385740043e+00	1.1347961864353653e+00
3.1227755773196462e+00	1.1354706311182658e+00
3.1290959243501790e+00	1.1361455024514338e+00
3.1358008845835159e+00	1.1369013130554610e+00
3.1425556567194817e+00	1.1376911025102578e+00
3.1490781204285070e+00	1.1384301381861495e+00
3.1554407575310166e+00	1.1391901565899138e+00
3.1617866944151931e+00	1.1399327485332305e+00
3.1680610665620450e+00	1.1406321328973668e+00
3.1740926541949621e+00	1.1413237831796752e+00
3.1801615304727537e+00	1.1420006191370782e+00
3.1867135834579345e+00	1.1426873552617844e+00
3.1935222965481880e+00	1.1433441310002608e+00
3.2001900028053942e+00	1.1439332455479412e+00
3.2067003863859296e+00	1.1444983958630004e+00
3.2131890650849959e+00	1.1450645305417353e+00
3.2196718413493963e+00	1.1455931158001944e+00
3.2258419221835348e+00	1.1460996230570983e+00
3.2316516050711943e+00	1.1465527891182787e+00
3.2375971599783444e+00	1.1470234922422886e+00
3.2442671457290340e+00	1.1475725324656814e+00
3.2512356048337225e+00	1.1481479369019596e+00
3.2577969797393878e+00	1.1487091416639683e+00
3.2640436362752299e+00	1.1492895082411532e+00
3.2702666596383212e+00	1.1498629587102636e+00
3.2766926986278206e+00	1.1505351113927695e+00
3.2833181212729499e+00	1.1512402194297870e+00
3.2898789542236528e+00	1.1519414722070307e+00
3.2961988668155047e+00	1.1526311516478112e+00
3.3024768069017383e+00	1.1533086247164432e+00
3.3087690265375631e+00	1.1539821664942198e+00
3.3149459200146394e+00	1.1546652989243735e+00
3.3211634122886911e+00	1.1553039776443308e+00
3.3276054202276204e+00	1.1559489605403721e+00
3.3341662033155850e+00	1.1566114492742812e+00
3.3407657010332974e+00	1.1572380817522316e+00
3.3473595477873590e+00	1.1578523507373857e+00
3.3538056219898302e+00	1.1584421916491896e+00
3.3600251819485725e+00	1.1589738115506862e+00
3.3660469695154007e+00	1.1594485564503745e+00
3.3722393563686879e+00	1.1598966814100433e+00
3.3788547371763014e+00	1.1603706635028432e+00
3.3856298817256150e+00	1.1608215049583854e+00
3.3922109795714372e+00	1.1613002002038688e+00
3.3985548450470273e+00	1.1617679499688578e+00
3.4048647959164371e+00	1.1622787391583349e+00
3.4112669416557426e+00	1.1627950228944111e+00
3.4176940506754709e+00	1.1633682148966458e+00
3.4241288988701011e+00	1.1639866257598757e+00
3.4306557753549511e+00	1.1646281369447731e+00
3.4370751997211997e+00	1.1652830393932891e+00
3.4433454064953470e+00	1.1659085208706190e+00
3.4496902185861029e+00	1.1665144117432718e+00
3.4560345066362919e+00	1.1671652655225422e+00
3.4622702807306758e+00	1.1677905592360365e+00
3.4684497277432138e+00	1.1683834607498484e+00
3.4749098816408912e+00	1.1690010248412699e+00
3.4817439864137869e+00	1.1696045807204136e+00
3.4884371002565628e+00	1.1702365956306569e+00
3.4947596304276831e+00	1.1708126220912602e+00
3.5008965759789934e+00	1.1713227552768062e+00
3.5070538299690233e+00	1.1718389435287855e+00
3.5135335823140750e+00	1.1723427712647703e+00
3.5202056428915434e+00	1.1728715342964973e+00
3.5267572104686367e+00	1.1734075451845221e+00
3.5331201457804209e+00	1.1738833021373025e+00
3.5394068214579977e+00	1.1742671857310205e+00
3.5457921568111801e+00	1.1747175881073342e+00
3.5521153501208409e+00	1.1750911660626322e+00
3.5583097509552908e+00	1.1755426157014310e+00
3.5646736562348829e+00	1.1759729074256935e+00
3.5711914122553341e+00	1.1764379540112895e+00
3.5777204631801287e+00	1.1769424655943372e+00
3.5843047403130801e+00	1.1775114890632306e+00
3.5907597961696327e+00	1.1780783170857523e+00
3.5969081447685141e+00	1.1786748918457752e+00
3.6030703006628171e+00	1.1791212145915739e+00
3.6096359666777715e+00	1.1797475472477577e+00
3.6163083584002291e+00	1.1801003394093168e+00
3.6226886301758969e+00	1.1807193036976624e+00
3.6290946208017583e+00	1.1812225627616562e+00
3.6354279153972695e+00	1.1818605040265349e+00
3.6417470658518676e+00	1.1823974500263776e+00
3.6482226116258283e+00	1.1830911706262519e+00
3.6547708497615936e+00	1.1836532409466312e+00
3.6612590857322442e+00	1.1842548894315246e+00
3.6676765843503096e+00	1.1848118373276233e+00
3.6740753231284788e+00	1.1852950034764540e+00
3.6804311129925562e+00	1.1858266710848702e+00
3.6866933068884080e+00	1.1862405227294550e+00
3.6929130849378100e+00	1.1866395542089461e+00
3.6993078392795384e+00	1.1870544415283064e+00
3.7059271887138503e+00	1.1874806873470571e+00
3.7125258630470626e+00	1.1878012567555125e+00
3.7189401317194237e+00	1.1881716847676271e+00
3.7252957410163585e+00	1.1885551854465672e+00
3.7316712084495474e+00	1.1889164212875933e+00
3.7380272771795946e+00	1.1893170618945157e+00
3.7444123530004645e+00	1.1897579454312102e+00
3.7509288967972285e+00	1.1901805952904456e+00
3.7575046534489820e+00	1.1906427875100729e+00
3.7639644784823751e+00	1.1911581489282779e+00
3.7703031530927893e+00	1.1916552896876247e+00
3.7766174462977351e+00	1.1921789776468870e+00
3.7829176158046227e+00	1.1927284928603059e+00
3.7891843399783194e+00	1.1932492014716625e+00
3.7954746129548731e+00	1.1937569301463866e+00
3.8020372517293541e+00	1.1943080506585644e+00
3.8087844504263733e+00	1.1948275468630523e+00
3.8153641928958986e+00	1.1954177955540159e+00
3.8216816295017129e+00	1.1959765997391023e+00
3.8278534708072591e+00	1.1964972680472123e+00
3.8341648847696237e+00	1.1969953936522626e+00
3.8404760640837536e+00	1.1974140806349480e+00
3.8466733241347812e+00	1.1978787850791566e+00
3.8530804093340887e+00	1.1983815860235749e+00
3.8597418870080857e+00	1.1988296197254633e+00
3.8663757380560599e+00	1.1992549064331786e+00
3.8728888884886761e+00	1.1996311415034266e+00
3.8793192003917771e+00	1.1999721260737071e+00
3.8856357598404019e+00	1.2002964744887832e+00
3.8919680613622103e+00	1.2006215103257225e+00
3.8983863183177339e+00	1.2009126114379427e+00
3.9048494012447605e+00	1.2012653526901911e+00
3.9113364951334444e+00	1.2016262893963416e+00
3.9177828062488058e+00	1.2019581663560130e+00
3.9241872673085565e+00	1.2023905090538605e+00
3.9306595014601418e+00	1.2028137145568909e+00
3.9370563645960450e+00	1.2032627069627539e+00
3.9431859407291054e+00	1.2037852033874261e+00
3.9493906867626136e+00	1.2040850894760551e+00
3.9559003627528768e+00	1.2044246892181438e+00
3.9625741156378398e+00	1.2048978496148490e+00
3.9691747200180378e+00	1.2051140608020228e+00
3.9755697110334185e+00	1.2056812341769214e+00
3.9819868477057851e+00	1.2060204607985505e+00
3.9884742174643688e+00	1.2065737859447734e+00
3.9950116782289942e+00	1.2072692048030707e+00
4.0016505375843696e+00	1.2077742324804304e+00
4.0082179021575657e+00	1.2075245515172088e+00
4.0140019254577579e+00	1.2081921591300833e+00
4.0193828878289954e+00	1.2087730124130673e+00
4.0256317914092827e+00	1.2094383747727746e+00
4.0326547058248750e+00	1.2101200597671753e+00
4.0394541828438522e+00	1.2104647655919833e+00
4.0458404428946064e+00	1.2111763388088188e+00
4.0522880124072698e+00	1.2118167049223072e+00
4.0587475893130804e+00	1.2121449585000870e+00
4.0651209547692000e+00	1.2128720000580586e+00
4.0714061165039794e+00	1.2138684510397302e+00
4.0777171502952925e+00	1.2151290201396174e+00
4.0843340230827128e+00	1.2152012151684799e+00
4.0909576909938927e+00	1.2143577413548321e+00
4.0972404628040922e+00	1.2164659577420061e+00
4.1036832732526838e+00	1.2187820241943914e+00
4.1103482616235905e+00	1.2237511153128475e+00
4.1169804371448206e+00	1.2268327073119383e+00
4.1180942813142210e+00	1.2273175097974400e+00

ZONE T="MinCCS", I=10093, F=POINT
1.1286184160503666e+01	-1.0355898717591847e+00
1.1276641783540427e+01	-1.0362194778985190e+00
1.1275088665905090e+01	-1.0363264007364883e+00
1.1271811728638280e+01	-1.0365519982214710e+00
1.1267143900392606e+01	-1.0368733502117033e+00
1.1259507454832978e+01	-1.0374131805500442e+00
1.1259267821437279e+01	-1.0374301205486427e+00
1.1259245198029163e+01	-1.0374317198269931e+00
1.1258692024695305e+01	-1.0374731683659502e+00
1.1258018126617365e+01	-1.0375236626487128e+00
1.1256418114822134e+01	-1.0376435493951761e+00
1.1250274429204463e+01	-1.0381038875515516e+00
1.1249729787111047e+01	-1.0381446968560588e+00
1.1249688023848730e+01	-1.0381477022349093e+00
1.1249117634368153e+01	-1.0381887487525046e+00
1.1248650968377156e+01	-1.0382223310931029e+00
1.1245884293380362e+01	-1.0384214272857972e+00
1.1241822524523204e+01	-1.0387137213629842e+00
1.1241693528270531e+01	-1.0387230042251956e+00
1.1235636087373754e+01	-1.0391491147555356e+00
1.1234873686118757e+01	-1.0392027458529967e+00
1.1234552866989036e+01	-1.0392253138667567e+00
1.1233629050781637e+01	-1.0392902996950593e+00
1.1231242689201032e+01	-1.0394499627406155e+00
1.1231220678503020e+01	-1.0394514353988697e+00
1.1230542105942186e+01	-1.0394968362981192e+00
1.1229166000157230e+01	-1.0395889066877948e+00
1.1225076737304461e+01	-1.0398625048576862e+00
1.1223817322796252e+01	-1.0399467678451699e+00
1.1222441881892449e+01	-1.0400387937499902e+00
1.1208936769134560e+01	-1.0409376811063278e+00
1.1207662525070683e+01	-1.0410220847842213e+00
1.1206102905276305e+01	-1.0411253912468468e+00
1.1195162729363597e+01	-1.0418345536334541e+00
1.1190113038040344e+01	-1.0421618839413944e+00
1.1185060842119766e+01	-1.0424893766019543e+00
1.1181735239302487e+01	-1.0427207950743715e+00
1.1179756283377534e+01	-1.0428585045310614e+00
1.1178874206692003e+01	-1.0429182365341674e+00
1.1178614257756298e+01	-1.0429358396188986e+00
1.1172911905990505e+01	-1.0433347660586383e+00
1.1172864383390090e+01	-1.0433380906556764e+00
1.1172660532458481e+01	-1.0433522760150791e+00
1.1160002601258528e+01	-1.0442378024847647e+00
1.1157382810036450e+01	-1.0444380377069404e+00
1.1156963556647430e+01	-1.0444678192910559e+00
1.1155395718459530e+01	-1.0445899145893558e+00
1.1155228648600234e+01	-1.0446026840307194e+00
1.1155073310362434e+01	-1.0446147809860227e+00
1.1150291932101778e+01	-1.0449871305113279e+00
1.1150253642503269e+01	-1.0449901123113552e+00
1.1148651110625421e+01	-1.0451149093785344e+00
1.1138187918786819e+01	-1.0459297297717125e+00
1.1136770413508403e+01	-1.0460401179043308e+00
1.1136576242037012e+01	-1.0460553147303495e+00
1.1136152241992676e+01	-1.0460884990846711e+00
1.1135347831133888e+01	-1.0461514562831773e+00
1.1134550592589726e+01	-1.0462138521406341e+00
1.1132855900846168e+01	-1.0463464871533774e+00
1.1132045510246448e+01	-1.0464099123561790e+00
1.1131678270370882e+01	-1.0464386543771160e+00
1.1121664310910139e+01	-1.0472312230139718e+00
1.1121625708137334e+01	-1.0472343540263371e+00
1.1119675340038862e+01	-1.0473887186002337e+00
1.1119604658804494e+01	-1.0473947876288683e+00
1.1118441056935389e+01	-1.0474868825041126e+00
1.1118441033038568e+01	-1.0474865805721680e+00
1.1118407362160923e+01	-1.0474895493235232e+00
1.1118024398840095e+01	-1.0475198594838893e+00
1.1117760919427546e+01	-1.0475432330016277e+00
1.1117490235262741e+01	-1.0475648841136433e+00
1.1116877388081612e+01	-1.0476194830657617e+00
1.1116847153484599e+01	-1.0476219353480780e+00
1.1113389653003408e+01	-1.0479299663043011e+00
1.1111927842562636e+01	-1.0480559026609821e+00
1.1111669697018945e+01	-1.0480779188476754e+00
1.1110692485228046e+01	-1.0481601810958339e+00
1.1105706813558168e+01	-1.0485401197698623e+00
1.1102886696854277e+01	-1.0487501278903970e+00
1.1102601651081040e+01	-1.0487712235894393e+00
1.1100480601824158e+01	-1.0489221255950172e+00
1.1100160156523119e+01	-1.0489449236693418e+00
1.1099789601086124e+01	-1.0489710978566145e+00
1.1091873217685450e+01	-1.0495163590149907e+00
1.1084594131625034e+01	-1.0500095136681880e+00
1.1083867655931444e+01	-1.0500554410827854e+00
1.1071288071283707e+01	-1.0507529401655804e+00
1.1071206861713128e+01	-1.0507575839002854e+00
1.1067547786301988e+01	-1.0509581107390025e+00
1.1067136371329743e+01	-1.0509903431345020e+00
1.1067127147094592e+01	-1.0509908705957434e+00
1.1064285223689033e+01	-1.0512135217031833e+00
1.1060609425089106e+01	-1.0514998915317701e+00
1.1060516100352793e+01	-1.0515063599548999e+00
1.1059656579680956e+01	-1.0515608162913699e+00
1.1058131098982189e+01	-1.0516523293645337e+00
1.1053690828961138e+01	-1.0519159076520437e+00
1.1053651960199005e+01	-1.0519184174360248e+00
1.1052624968477602e+01	-1.0519783687476607e+00
1.1052624385889741e+01	-1.0519784069422244e+00
1.1051974916846548e+01	-1.0520163199530068e+00
1.1050794880655182e+01	-1.0520852050296943e+00
1.1049966905741648e+01	-1.0521504165463991e+00
1.1049963968363862e+01	-1.0521505963381061e+00
1.1049544124585386e+01	-1.0521836633418593e+00
1.1049530366574308e+01	-1.0521845517065493e+00
1.1039373282819556e+01	-1.0529845262300743e+00
1.1035361916430613e+01	-1.0532981942374702e+00
1.1034111061110877e+01	-1.0533920797541980e+00
1.1034071365276777e+01	-1.0533950114805311e+00
1.1033630519655015e+01	-1.0534262807393195e+00
1.1033324319733726e+01	-1.0534468720053694e+00
1.1031123700113790e+01	-1.0535940216081261e+00
1.1030562957223950e+01	-1.0536299784818610e+00
1.1018459978074985e+01	-1.0544060655280993e+00
1.1013956378683792e+01	-1.0546948527023918e+00
1.1013945596036180e+01	-1.0546957077958929e+00
1.1013677136224310e+01	-1.0547129224155221e+00
1.1013653223270023e+01	-1.0547148084759090e+00
1.1013299651250312e+01	-1.0547374807594529e+00
1.1013057382822593e+01	-1.0547568913860714e+00
1.1013044216582959e+01	-1.0547577520602696e+00
1.1012660668933570e+01	-1.0547884820248907e+00
1.1012643496901967e+01	-1.0547896096914462e+00
1.1002147281110053e+01	-1.0556305699748876e+00
1.1001197511264881e+01	-1.0557066658492518e+00
1.1001104862859394e+01	-1.0557140131216725e+00
1.0997464131181800e+01	-1.0560057097487447e+00
1.0996623377586394e+01	-1.0560730712050939e+00
1.0992833739272964e+01	-1.0563703458942943e+00
1.0992510734147666e+01	-1.0563956837340276e+00
1.0992424401842181e+01	-1.0564024559922640e+00
1.0992354046823539e+01	-1.0564079749269406e+00
1.0992297165622810e+01	-1.0564124369203738e+00
1.0992093867930198e+01	-1.0564283844207387e+00
1.0992081062971641e+01	-1.0564293888939260e+00
1.0992035447497967e+01	-1.0564329671577701e+00
1.0991988758957234e+01	-1.0564366295973719e+00
1.0991799078547585e+01	-1.0564515089025093e+00
1.0991698901906480e+01	-1.0564578306464976e+00
1.0991695909773801e+01	-1.0564580194679292e+00
1.0991525733950057e+01	-1.0564687585781534e+00
1.0991335929783306e+01	-1.0564807363539790e+00
1.0991311824019943e+01	-1.0564822575715298e+00
1.0991103755227394e+01	-1.0564953879542613e+00
1.0990094835575473e+01	-1.0565590568063401e+00
1.0982945434147181e+01	-1.0570102267098342e+00
1.0981228038986036e+01	-1.0571186045952961e+00
1.0979886429905060e+01	-1.0572032681361061e+00
1.0978805907534534e+01	-1.0572713877596771e+00
1.0977011159751999e+01	-1.0573831954432238e+00
1.0967941314754029e+01	-1.0579478772288273e+00
1.0964208456804764e+01	-1.0581789814018698e+00
1.0963816683326844e+01	-1.0582031333169020e+00
1.0962803057219428e+01	-1.0582656209864367e+00
1.0959724223809113e+01	-1.0584536871040806e+00
1.0959289946723212e+01	-1.0584797687701482e+00
1.0958218202998637e+01	-1.0585439128185110e+00
1.0956057375852934e+01	-1.0586721431759500e+00
1.0943522037128950e+01	-1.0594160300566726e+00
1.0943146654844806e+01	-1.0594380074364409e+00
1.0941647534611546e+01	-1.0595257759222656e+00
1.0941570710881228e+01	-1.0595303595873609e+00
1.0937823096816480e+01	-1.0597481396168233e+00
1.0937822796410886e+01	-1.0597481585968913e+00
1.0933712162100520e+01	-1.0599870343310929e+00
1.0933704147257652e+01	-1.0599875600912030e+00
1.0933584445691237e+01	-1.0599945161464985e+00
1.0932610648854460e+01	-1.0600587021368442e+00
1.0932192361225948e+01	-1.0600835231597985e+00
1.0931292263606409e+01	-1.0601436200970058e+00
1.0931230039782653e+01	-1.0601473326630042e+00
1.0930205045357653e+01	-1.0602157686017957e+00
1.0930193821103378e+01	-1.0602164423384268e+00
1.0926745970425211e+01	-1.0604466454421884e+00
1.0924668905822220e+01	-1.0605844986210882e+00
1.0912142802615188e+01	-1.0614130587139909e+00
1.0910298981039684e+01	-1.0615345956913684e+00
1.0908155022984731e+01	-1.0616737677880121e+00
1.0906683447263129e+01	-1.0617680778611100e+00
1.0904136040956233e+01	-1.0619298424181858e+00
1.0904054928905893e+01	-1.0619350688275342e+00
1.0895748846767139e+01	-1.0624625189223902e+00
1.0895721800172717e+01	-1.0624643573003161e+00
1.0893920472047348e+01	-1.0625787446462056e+00
1.0893915219824182e+01	-1.0625791381951326e+00
1.0893381684845231e+01	-1.0626130185578060e+00
1.0893373503929828e+01	-1.0626136050294952e+00
1.0893163605789546e+01	-1.0626269339121324e+00
1.0892828629796039e+01	-1.0626482054474480e+00
1.0892821439690213e+01	-1.0626487608666422e+00
1.0892632487217860e+01	-1.0626607596643667e+00
1.0892629911599357e+01	-1.0626609536399805e+00
1.0892356404249220e+01	-1.0626783281387178e+00
1.0892058276257389e+01	-1.0627011811403051e+00
1.0892009371141620e+01	-1.0627049299620157e+00
1.0891759303795926e+01	-1.0627240988747133e+00
1.0891705075035114e+01	-1.0627282557804414e+00
1.0891494860833363e+01	-1.0627443697503398e+00
1.0891348832453529e+01	-1.0627537790068720e+00
1.0891324986762513e+01	-1.0627553154905625e+00
1.0891125638149342e+01	-1.0627681604063437e+00
1.0891002540312867e+01	-1.0627760921462102e+00
1.0890896402590803e+01	-1.0627829310706423e+00
1.0890708516689074e+01	-1.0627973938159885e+00
1.0890594407479702e+01	-1.0628047825148974e+00
1.0890345274454852e+01	-1.0628241826661751e+00
1.0890142789743086e+01	-1.0628375693459795e+00
1.0889979014810905e+01	-1.0628504318489320e+00
1.0889840428614313e+01	-1.0628595937105412e+00
1.0889661058601819e+01	-1.0628737294971995e+00
1.0889660231994084e+01	-1.0628737831500379e+00
1.0889421828657415e+01	-1.0628925712331678e+00
1.0889369105262336e+01	-1.0628961548830789e+00
1.0886998837811660e+01	-1.0630829508504755e+00
1.0886957489174502e+01	-1.0630861337120108e+00
1.0883576118397260e+01	-1.0633526126805686e+00
1.0876848426022033e+01	-1.0638828084629983e+00
1.0870493493861133e+01	-1.0643754984236484e+00
1.0869913036184631e+01	-1.0644198108988951e+00
1.0869591866138389e+01	-1.0644438799238383e+00
1.0867317704637061e+01	-1.0646115909662761e+00
1.0864880639275462e+01	-1.0647913155689679e+00
1.0859128382068773e+01	-1.0652065564607383e+00
1.0859027948906318e+01	-1.0652138064765917e+00
1.0858114076337634e+01	-1.0652797766247875e+00
1.0855597178265000e+01	-1.0654608977639117e+00
1.0853429646106935e+01	-1.0656154836077574e+00
1.0850017808607781e+01	-1.0658550387190937e+00
1.0850006484140646e+01	-1.0658558289071538e+00
1.0849684167335376e+01	-1.0658783192272756e+00
1.0848408613356874e+01	-1.0659673236379679e+00
1.0845617840014905e+01	-1.0661580803318886e+00
1.0843534840333682e+01	-1.0662978584968761e+00
1.0842707673733225e+01	-1.0663533649045789e+00
1.0841807245709324e+01	-1.0664137874663384e+00
1.0841320703862941e+01	-1.0664464364998885e+00
1.0840240357541646e+01	-1.0665189323469606e+00
1.0839113989873216e+01	-1.0665945164227593e+00
1.0838526058457848e+01	-1.0666339691289308e+00
1.0837871658972047e+01	-1.0666778821261906e+00
1.0835177548560466e+01	-1.0668586684282715e+00
1.0833933883840611e+01	-1.0669421236366270e+00
1.0833880747902080e+01	-1.0669457649611318e+00
1.0830782348288372e+01	-1.0671536807934316e+00
1.0829150599416312e+01	-1.0672631781040229e+00
1.0828344272933602e+01	-1.0673172860509179e+00
1.0828048949056848e+01	-1.0673371035429424e+00
1.0827560887670968e+01	-1.0673698545440753e+00
1.0827456255252075e+01	-1.0673768758257600e+00
1.0827332648282912e+01	-1.0673851703807160e+00
1.0827098749211091e+01	-1.0674008660062824e+00
1.0825407092662800e+01	-1.0675143833775238e+00
1.0825182695906625e+01	-1.0675294413571721e+00
1.0825071579235123e+01	-1.0675368977598696e+00
1.0825033826429792e+01	-1.0675395963838437e+00
1.0824563195401298e+01	-1.0675711777336356e+00
1.0824519716288307e+01	-1.0675740953676054e+00
1.0824472977511336e+01	-1.0675774497743156e+00
1.0824406739480343e+01	-1.0675818946287761e+00
1.0824180541787666e+01	-1.0675982858586224e+00
1.0823939523723258e+01	-1.0676144971938875e+00
1.0823536409414594e+01	-1.0676435792634811e+00
1.0823524849353143e+01	-1.0676443587200348e+00
1.0823454860738208e+01	-1.0676494079423684e+00
1.0823447317087959e+01	-1.0676499206101469e+00
1.0820451092672686e+01	-1.0678660786702558e+00
1.0820405424812755e+01	-1.0678692082187695e+00
1.0820111549566143e+01	-1.0678905731620896e+00
1.0818790621831038e+01	-1.0679858694874613e+00
1.0818657618101531e+01	-1.0679953767823482e+00
1.0818030590197537e+01	-1.0680407008154091e+00
1.0814340526493076e+01	-1.0683069148573110e+00
1.0814340062355360e+01	-1.0683069496717497e+00
1.0813783700610953e+01	-1.0683470875448597e+00
1.0810561309519757e+01	-1.0685795620563265e+00
1.0810549281819181e+01	-1.0685804598095401e+00
1.0808837998839349e+01	-1.0687039177212145e+00
1.0808800097012938e+01	-1.0687068540517766e+00
1.0808675684773648e+01	-1.0687158295838366e+00
1.0808652600916767e+01	-1.0687174949336342e+00
1.0808488815006989e+01	-1.0687293110193554e+00
1.0808399967487231e+01	-1.0687357207887367e+00
1.0808387420783054e+01	-1.0687366995521472e+00
1.0808301716141587e+01	-1.0687428825793372e+00
1.0808122803913566e+01	-1.0687557899219449e+00
1.0808122772496125e+01	-1.0687553544364252e+00
1.0808052030560130e+01	-1.0687608957547345e+00
1.0807951776412985e+01	-1.0687681284332349e+00
1.0807839054611872e+01	-1.0687769779317122e+00
1.0807811110974178e+01	-1.0687789957174267e+00
1.0807745378371601e+01	-1.0687841562148699e+00
1.0807710133896949e+01	-1.0687867038235555e+00
1.0807484998854811e+01	-1.0688043785962520e+00
1.0806881662248697e+01	-1.0688517450003054e+00
1.0806769627243201e+01	-1.0688605405802265e+00
1.0806756583889573e+01	-1.0688614888414842e+00
1.0805591714925335e+01	-1.0689529397056790e+00
1.0804954907024838e+01	-1.0690029338549047e+00
1.0803753305149465e+01	-1.0690972685254081e+00
1.0802549815280473e+01	-1.0691904408290516e+00
1.0802029147225094e+01	-1.0692307501356799e+00
1.0801404117234142e+01	-1.0692791389801592e+00
1.0801164719948108e+01	-1.0692976727436754e+00
1.0799755962080337e+01	-1.0694067365747870e+00
1.0797453421788168e+01	-1.0695833492220295e+00
1.0797238764717070e+01	-1.0695968603082604e+00
1.0796778204085884e+01	-1.0696251312716822e+00
1.0796353977041244e+01	-1.0696511719413564e+00
1.0794772724716282e+01	-1.0697434220140922e+00
1.0794408022412837e+01	-1.0697646340001497e+00
1.0794179664395788e+01	-1.0697779158660110e+00
1.0793993852444025e+01	-1.0697887231477115e+00
1.0793592688746639e+01	-1.0698120558184276e+00
1.0793542048566541e+01	-1.0698150011762826e+00
1.0791291300962863e+01	-1.0699459102117812e+00
1.0791200332116146e+01	-1.0699511287816879e+00
1.0791132553017299e+01	-1.0699561647297247e+00
1.0791132550709888e+01	-1.0699561336741601e+00
1.0790872564158782e+01	-1.0699754505252819e+00
1.0790872555352365e+01	-1.0699754510387229e+00
1.0790583738971586e+01	-1.0699969099295976e+00
1.0790574948041439e+01	-1.0699974322299364e+00
1.0790362853057848e+01	-1.0700131907651538e+00
1.0788460441493019e+01	-1.0701531924281200e+00
1.0780216763023477e+01	-1.0707598585754612e+00
1.0779159598912610e+01	-1.0708364054658159e+00
1.0778938868015596e+01	-1.0708519868755249e+00
1.0777070809079246e+01	-1.0709805786167614e+00
1.0772990561419373e+01	-1.0712591584451021e+00
1.0768508087874642e+01	-1.0715652003363614e+00
1.0767000826612152e+01	-1.0716670449993078e+00
1.0764404302847796e+01	-1.0718422442149467e+00
1.0760325210035132e+01	-1.0721170913586375e+00
1.0751608971115100e+01	-1.0727023837063279e+00
1.0750017016553993e+01	-1.0728092820685580e+00
1.0746505777378911e+01	-1.0730924268342263e+00
1.0746241724244442e+01	-1.0731137199615683e+00
1.0742756829989531e+01	-1.0733947402845891e+00
1.0729710289921568e+01	-1.0744422940081266e+00
1.0727563537524828e+01	-1.0746127459260506e+00
1.0727231712039078e+01	-1.0746376459568128e+00
1.0722797081984742e+01	-1.0749406320651838e+00
1.0722773477186044e+01	-1.0749421212759613e+00
1.0722708813182962e+01	-1.0749460662063222e+00
1.0717166289725938e+01	-1.0752696792927463e+00
1.0716068464848101e+01	-1.0753330092461384e+00
1.0716005844123556e+01	-1.0753365757359632e+00
1.0715976545993644e+01	-1.0753383020836238e+00
1.0715721564446332e+01	-1.0753528242582011e+00
1.0715705860307882e+01	-1.0753537509144133e+00
1.0714892793156151e+01	-1.0754000581957455e+00
1.0714560403829985e+01	-1.0754197919987531e+00
1.0714468521984195e+01	-1.0754250520223267e+00
1.0712561359849428e+01	-1.0755382793702237e+00
1.0710867965295325e+01	-1.0756381540171176e+00
1.0708418700317798e+01	-1.0757826091142402e+00
1.0701672600485514e+01	-1.0761759007672838e+00
1.0692333951721542e+01	-1.0766623879102528e+00
1.0688917044445354e+01	-1.0768403881221245e+00
1.0686304375319686e+01	-1.0769759452276924e+00
1.0682528213536754e+01	-1.0771701563455316e+00
1.0682513428920945e+01	-1.0771710790485585e+00
1.0682418295034177e+01	-1.0771759553896938e+00
1.0682415812112747e+01	-1.0771761141753846e+00
1.0682138881111792e+01	-1.0771903090125501e+00
1.0682125041869892e+01	-1.0771911977427897e+00
1.0682074829789039e+01	-1.0771937739923028e+00
1.0682024342118272e+01	-1.0771970199457293e+00
1.0682014780304597e+01	-1.0771975119242694e+00
1.0680761475873277e+01	-1.0772780893751865e+00
1.0680760565862752e+01	-1.0772781378348770e+00
1.0680673809983411e+01	-1.0772837155440391e+00
1.0680661339497949e+01	-1.0772843757766681e+00
1.0679551460195203e+01	-1.0773557321389422e+00
1.0679539937030601e+01	-1.0773564008855765e+00
1.0679405626192025e+01	-1.0773650359982694e+00
1.0679388146657304e+01	-1.0773661268903023e+00
1.0676158258991668e+01	-1.0775737828343350e+00
1.0665096132067482e+01	-1.0782849891198942e+00
1.0661686553308360e+01	-1.0785041977640561e+00
1.0661643606318531e+01	-1.0785071225846867e+00
1.0661451364334413e+01	-1.0785194822067008e+00
1.0661249962998728e+01	-1.0785327503620961e+00
1.0660874232285742e+01	-1.0785569068418204e+00
1.0660699484608564e+01	-1.0785688565917360e+00
1.0660544003523629e+01	-1.0785788615899230e+00
1.0660492927108349e+01	-1.0785823274853217e+00
1.0660431733533072e+01	-1.0785862797554726e+00
1.0660355271768136e+01	-1.0785912181423847e+00
1.0660136566226708e+01	-1.0786053435367469e+00
1.0660129347846013e+01	-1.0786058383297199e+00
1.0660015991303398e+01	-1.0786131541956847e+00
1.0659991137053495e+01	-1.0786147582527310e+00
1.0659529238711034e+01	-1.0786456358396770e+00
1.0659496376043830e+01	-1.0786478326864084e+00
1.0659300567101122e+01	-1.0786609223797399e+00
1.0659226577126587e+01	-1.0786658685587189e+00
1.0659226542537326e+01	-1.0786653443325134e+00
1.0659142950583220e+01	-1.0786709264008132e+00
1.0659028907737651e+01	-1.0786785419059164e+00
1.0658874476065742e+01	-1.0786885581735353e+00
1.0658742884340468e+01	-1.0786976067828888e+00
1.0658628599017129e+01	-1.0787050339002775e+00
1.0658623650734015e+01	-1.0787053748238267e+00
1.0658620355345393e+01	-1.0787055886560275e+00
1.0658534376525557e+01	-1.0787115044840894e+00
1.0658366951510679e+01	-1.0787223105286627e+00
1.0658298370139528e+01	-1.0787270426792743e+00
1.0658070638069859e+01	-1.0787417986356800e+00
1.0657984464834932e+01	-1.0787477287933203e+00
1.0657530517772981e+01	-1.0787774067771774e+00
1.0657268209906121e+01	-1.0787945558443062e+00
1.0657093878442994e+01	-1.0788059532225076e+00
1.0657031955845563e+01	-1.0788102488131610e+00
1.0656948256686206e+01	-1.0788158084564443e+00
1.0656851769931430e+01	-1.0788220590986231e+00
1.0656826585534247e+01	-1.0788238056015407e+00
1.0656775975637299e+01	-1.0788270863690794e+00
1.0656747273288754e+01	-1.0788289469880308e+00
1.0656641569624199e+01	-1.0788357991883379e+00
1.0656513633364897e+01	-1.0788446779295395e+00
1.0656415637023523e+01	-1.0788511872506046e+00
1.0656153429651793e+01	-1.0788683714364951e+00
1.0655864633740658e+01	-1.0788871207040029e+00
1.0655800474976646e+01	-1.0788915782426012e+00
1.0655685329108094e+01	-1.0788990539697334e+00
1.0655652748503917e+01	-1.0789013220505910e+00
1.0655477015468991e+01	-1.0789127824074889e+00
1.0655437153412180e+01	-1.0789155697302517e+00
1.0655389918016056e+01	-1.0789186575460012e+00
1.0655353816788915e+01	-1.0789211836556400e+00
1.0655243498753389e+01	-1.0789284513176607e+00
1.0654999828721220e+01	-1.0789454669155936e+00
1.0646128932354324e+01	-1.0795617709995065e+00
1.0635452500190908e+01	-1.0802947260669278e+00
1.0634736739554896e+01	-1.0803433111459964e+00
1.0634292757366422e+01	-1.0803731021445209e+00
1.0634143274274759e+01	-1.0803823857485753e+00
1.0633143268837307e+01	-1.0804433531478828e+00
1.0625213529696445e+01	-1.0809113455688260e+00
1.0624153538566917e+01	-1.0809729536730219e+00
1.0615581083972513e+01	-1.0814711962159584e+00
1.0613166007614067e+01	-1.0816107274334077e+00
1.0612729611333807e+01	-1.0816358600495390e+00
1.0612711892029932e+01	-1.0816369098553340e+00
1.0611386989519573e+01	-1.0817132126739195e+00
1.0611377892973946e+01	-1.0817137651727406e+00
1.0609440443540000e+01	-1.0818253453467694e+00
1.0609426188373138e+01	-1.0818262276820976e+00
1.0609105353715004e+01	-1.0818447049576134e+00
1.0609098437873612e+01	-1.0818451489910574e+00
1.0608998880396271e+01	-1.0818508826318431e+00
1.0608547021529994e+01	-1.0818790393408768e+00
1.0608529362317947e+01	-1.0818800625410392e+00
1.0608360314557977e+01	-1.0818906736237868e+00
1.0607198936630768e+01	-1.0819630426372442e+00
1.0607141165665178e+01	-1.0819664016712893e+00
1.0607055675353626e+01	-1.0819719696859253e+00
1.0607039073981484e+01	-1.0819730041682381e+00
1.0606985203926376e+01	-1.0819761957775940e+00
1.0606834110391786e+01	-1.0819857760768767e+00
1.0606498612476750e+01	-1.0820066819788741e+00
1.0606480564342178e+01	-1.0820078066133820e+00
1.0606472313810453e+01	-1.0820082924437804e+00
1.0606441641210697e+01	-1.0820102320328429e+00
1.0604700029223986e+01	-1.0821187572065620e+00
1.0604443011995290e+01	-1.0821346655002351e+00
1.0604412172807081e+01	-1.0821366944209871e+00
1.0604317509592942e+01	-1.0821425931756108e+00
1.0604231294583295e+01	-1.0821478296349374e+00
1.0604166282958301e+01	-1.0821521027085588e+00
1.0604079688702953e+01	-1.0821574986602212e+00
1.0604040184268399e+01	-1.0821598694531169e+00
1.0604006467668652e+01	-1.0821620612857690e+00
1.0603631236319551e+01	-1.0821854430934166e+00
1.0603516049272390e+01	-1.0821924006860586e+00
1.0603456792647961e+01	-1.0821963132096375e+00
1.0603024349507901e+01	-1.0822232600581443e+00
1.0603016427048280e+01	-1.0822237500621967e+00
1.0603015462983281e+01	-1.0822238138045459e+00
1.0602859276266695e+01	-1.0822335462743224e+00
1.0602146660766854e+01	-1.0822807030128418e+00
1.0602098656835762e+01	-1.0822837162067767e+00
1.0601525295142167e+01	-1.0823216579403876e+00
1.0601500847059704e+01	-1.0823231449855086e+00
1.0596603066093087e+01	-1.0826472515709253e+00
1.0592213147410565e+01	-1.0829377507917248e+00
1.0591333620394598e+01	-1.0829959527611206e+00
1.0591302095258234e+01	-1.0829980060045525e+00
1.0591285090637449e+01	-1.0829991641774719e+00
1.0586868076325494e+01	-1.0832914564290326e+00
1.0586835045856187e+01	-1.0832937143023931e+00
1.0586697522426318e+01	-1.0833028148010828e+00
1.0586665941849949e+01	-1.0833049588722594e+00
1.0586310945092464e+01	-1.0833283981619157e+00
1.0586265353951797e+01	-1.0833314709304738e+00
1.0584700366780787e+01	-1.0834350326560132e+00
1.0584700057230558e+01	-1.0834350540774387e+00
1.0584394211831878e+01	-1.0834552931425392e+00
1.0584393741350320e+01	-1.0834553256056465e+00
1.0584200125903275e+01	-1.0834681379469606e+00
1.0584171936372456e+01	-1.0834700996405133e+00
1.0583973437329472e+01	-1.0834832351497303e+00
1.0583900436375609e+01	-1.0834883239235285e+00
1.0583763630638078e+01	-1.0834973769295242e+00
1.0583667234429562e+01	-1.0835041075006446e+00
1.0583559937382987e+01	-1.0835112152260713e+00
1.0583156926770759e+01	-1.0835393638889983e+00
1.0583122245676492e+01	-1.0835416732904368e+00
1.0582649643810578e+01	-1.0835746826212549e+00
1.0579722538009788e+01	-1.0837776374435648e+00
1.0579590036842234e+01	-1.0837867799902980e+00
1.0574880945517288e+01	-1.0841100078890304e+00
1.0574833970095947e+01	-1.0841131726034665e+00
1.0574707940072733e+01	-1.0841216588712814e+00
1.0574532928229010e+01	-1.0841333625655369e+00
1.0572947845624483e+01	-1.0842371010411149e+00
1.0570105471430910e+01	-1.0844200556764638e+00
1.0569722567359376e+01	-1.0844443806026769e+00
1.0566054464136082e+01	-1.0846716687246909e+00
1.0565067392662119e+01	-1.0847325375604389e+00
1.0560394362566297e+01	-1.0850079151778920e+00
1.0560181505450768e+01	-1.0850197967671460e+00
1.0560100265620523e+01	-1.0850242104182366e+00
1.0559028538138682e+01	-1.0850811181704738e+00
1.0557583713371796e+01	-1.0851572721856351e+00
1.0556424597588093e+01	-1.0852176503008741e+00
1.0552746048162023e+01	-1.0854066974708325e+00
1.0551232276147985e+01	-1.0854836910898003e+00
1.0551232151287167e+01	-1.0854836993657737e+00
1.0550802459467961e+01	-1.0855055543927492e+00
1.0550799132071564e+01	-1.0855057793940037e+00
1.0549271335549619e+01	-1.0855834863288527e+00
1.0549268674881004e+01	-1.0855836714747202e+00
1.0548845569830354e+01	-1.0856051914848348e+00
1.0548843095360777e+01	-1.0856053659762670e+00
1.0548518416952843e+01	-1.0856218798009352e+00
1.0548505147405242e+01	-1.0856228124840237e+00
1.0548285360737108e+01	-1.0856339912948509e+00
1.0548284902402900e+01	-1.0856340240232918e+00
1.0548277473512565e+01	-1.0856344018691400e+00
1.0548211565002761e+01	-1.0856391105614847e+00
1.0548209841728449e+01	-1.0856391985879505e+00
1.0548128584232353e+01	-1.0856450038557521e+00
1.0548118264891572e+01	-1.0856455349871681e+00
1.0547762590638104e+01	-1.0856709453725573e+00
1.0547756084543247e+01	-1.0856712843443874e+00
1.0546812847799345e+01	-1.0857386718736843e+00
1.0546812839417077e+01	-1.0857386723316962e+00
1.0546663298803491e+01	-1.0857493559406037e+00
1.0545708550928861e+01	-1.0858175658579852e+00
1.0545702341389458e+01	-1.0858179214324497e+00
1.0544260558729880e+01	-1.0859209265070930e+00
1.0540019955349999e+01	-1.0862208218167699e+00
1.0538774771296017e+01	-1.0863088344944187e+00
1.0537130370329926e+01	-1.0864243848739847e+00
1.0534559085005675e+01	-1.0866050664725220e+00
1.0534224318198227e+01	-1.0866279469565867e+00
1.0532376184881699e+01	-1.0867512130297659e+00
1.0530074401171669e+01	-1.0869012206631825e+00
1.0529960560868940e+01	-1.0869085083983980e+00
1.0529874625961199e+01	-1.0869138489944556e+00
1.0521359693476510e+01	-1.0874179707413112e+00
1.0519598091022226e+01	-1.0875215636366788e+00
1.0517227540401013e+01	-1.0876609663730170e+00
1.0515034645273387e+01	-1.0877882005409962e+00
1.0510634641367423e+01	-1.0880407541643082e+00
1.0510157192714509e+01	-1.0880676815381434e+00
1.0509466883732280e+01	-1.0881064227914297e+00
1.0506457192664246e+01	-1.0882662398064531e+00
1.0505282676706381e+01	-1.0883283509240189e+00
1.0504905722576481e+01	-1.0883478003107490e+00
1.0504893313792170e+01	-1.0883485486456264e+00
1.0504888562043377e+01	-1.0883487921752555e+00
1.0504818059778252e+01	-1.0883530439458247e+00
1.0504786263053314e+01	-1.0883547158600648e+00
1.0503895166408839e+01	-1.0884084551049040e+00
1.0503891185070241e+01	-1.0884086665851838e+00
1.0503880000352749e+01	-1.0884093411004290e+00
1.0503870055765811e+01	-1.0884098687444310e+00
1.0501706847029205e+01	-1.0885403250811880e+00
1.0501699138447675e+01	-1.0885407570674615e+00
1.0484065224323986e+01	-1.0896042031419599e+00
1.0484059994670712e+01	-1.0896045941696659e+00
1.0483748055481325e+01	-1.0896234062441781e+00
1.0483743864913755e+01	-1.0896237169191938e+00
1.0482667315357737e+01	-1.0896886402476913e+00
1.0482653496625099e+01	-1.0896896956596942e+00
1.0482594730087261e+01	-1.0896940518460934e+00
1.0482585710526795e+01	-1.0896945964003883e+00
1.0482548376702516e+01	-1.0896974182617971e+00
1.0482544644386063e+01	-1.0896976438592012e+00
1.0482371575903631e+01	-1.0897105935934106e+00
1.0482341458387859e+01	-1.0897128261141171e+00
1.0482292700488745e+01	-1.0897164403902817e+00
1.0482255804284915e+01	-1.0897191753947113e+00
1.0482232336586192e+01	-1.0897206097434919e+00
1.0482056758951774e+01	-1.0897338983556621e+00
1.0482048079896419e+01	-1.0897344300995051e+00
1.0481929593717469e+01	-1.0897433564012744e+00
1.0481553867123651e+01	-1.0897712078816915e+00
1.0481538195441008e+01	-1.0897721729567349e+00
1.0481066737170355e+01	-1.0898071575824908e+00
1.0481045815599693e+01	-1.0898085095595118e+00
1.0480557210874618e+01	-1.0898448041300668e+00
1.0480539595937536e+01	-1.0898461126040622e+00
1.0480104676112511e+01	-1.0898784193490956e+00
1.0480086657771302e+01	-1.0898797577887844e+00
1.0479339712581035e+01	-1.0899352424239457e+00
1.0479336712167083e+01	-1.0899354650700754e+00
1.0479329983730565e+01	-1.0899358931390966e+00
1.0478843126027877e+01	-1.0899720916973579e+00
1.0478610732039490e+01	-1.0899893365251989e+00
1.0478597163855229e+01	-1.0899902708085141e+00
1.0478571546969770e+01	-1.0899922442586820e+00
1.0477968220486982e+01	-1.0900370141832392e+00
1.0477945209218651e+01	-1.0900385183321044e+00
1.0477846021821362e+01	-1.0900460819520126e+00
1.0477161883887460e+01	-1.0900968485014042e+00
1.0477147742787318e+01	-1.0900978254388904e+00
1.0477125488026655e+01	-1.0900995492612562e+00
1.0476464277990987e+01	-1.0901486144428087e+00
1.0476444376893317e+01	-1.0901501604619988e+00
1.0476187858600348e+01	-1.0901691954371764e+00
1.0476138606147909e+01	-1.0901730272371670e+00
1.0475934521366369e+01	-1.0901881870772641e+00
1.0475837459704868e+01	-1.0901953970184308e+00
1.0475793802657986e+01	-1.0901986399542580e+00
1.0475107552927000e+01	-1.0902521721348302e+00
1.0466404469951938e+01	-1.0909254807707078e+00
1.0466304201280440e+01	-1.0909331120629064e+00
1.0464519591035996e+01	-1.0910689359651531e+00
1.0463982563868546e+01	-1.0911057425866357e+00
1.0459168493946043e+01	-1.0914276398960414e+00
1.0458829344867469e+01	-1.0914494784337478e+00
1.0453691505331733e+01	-1.0917707732496800e+00
1.0450588471427961e+01	-1.0919593333590214e+00
1.0449885008876224e+01	-1.0920017754580840e+00
1.0447455103289617e+01	-1.0921483792728353e+00
1.0443492529861036e+01	-1.0923790881279309e+00
1.0435645690098550e+01	-1.0928326787246647e+00
1.0435199330321211e+01	-1.0928584807805100e+00
1.0433179961359038e+01	-1.0929748237115244e+00
1.0432605609220483e+01	-1.0930079141533833e+00
1.0432541828708386e+01	-1.0930115887724636e+00
1.0432509820366333e+01	-1.0930134996030323e+00
1.0432198156210616e+01	-1.0930313688843412e+00
1.0430881622712716e+01	-1.0931068524040051e+00
1.0430826451293996e+01	-1.0931101525328544e+00
1.0430469474495018e+01	-1.0931306198170276e+00
1.0430050141240443e+01	-1.0931557228194528e+00
1.0430038048012973e+01	-1.0931564169227239e+00
1.0429971249125462e+01	-1.0931604330138596e+00
1.0429921411832137e+01	-1.0931632971949123e+00
1.0429686624789888e+01	-1.0931774130910636e+00
1.0429634790343778e+01	-1.0931803922863221e+00
1.0429514336636377e+01	-1.0931876342193028e+00
1.0429514331227814e+01	-1.0931875442596977e+00
1.0428127200163717e+01	-1.0932709415283945e+00
1.0423250591415570e+01	-1.0935603686205000e+00
1.0416865155442622e+01	-1.0939393447206796e+00
1.0416447720416915e+01	-1.0939641195205196e+00
1.0409486098556085e+01	-1.0943647695277781e+00
1.0408205028373217e+01	-1.0944384967120933e+00
1.0408133334517222e+01	-1.0944425994063662e+00
1.0407882450846129e+01	-1.0944567586520275e+00
1.0407823664515499e+01	-1.0944604446770096e+00
1.0407800057408609e+01	-1.0944618032954085e+00
1.0407799618099393e+01	-1.0944618308780807e+00
1.0407764295059788e+01	-1.0944638393665906e+00
1.0407165299300914e+01	-1.0945014481920650e+00
1.0407118739024067e+01	-1.0945041432062976e+00
1.0405960064170639e+01	-1.0945768923029287e+00
1.0401388962396592e+01	-1.0948604267981232e+00
1.0399393239736170e+01	-1.0949828795979870e+00
1.0397489938193472e+01	-1.0950996616576945e+00
1.0394555947669458e+01	-1.0952695482236487e+00
1.0393068682565689e+01	-1.0953556651892884e+00
1.0381483752638244e+01	-1.0960231360787818e+00
1.0380886539286607e+01	-1.0960572532405943e+00
1.0380880399324953e+01	-1.0960577089572128e+00
1.0380238573578154e+01	-1.0960943747028780e+00
1.0380234850805213e+01	-1.0960946518986991e+00
1.0380202069359406e+01	-1.0960965246091741e+00
1.0380062725245155e+01	-1.0961069191021995e+00
1.0380062309377877e+01	-1.0961069429757455e+00
1.0378319925882229e+01	-1.0962369175583853e+00
1.0378319912440441e+01	-1.0962369184202132e+00
1.0378311508758157e+01	-1.0962374572271114e+00
1.0373188923360919e+01	-1.0966195808529988e+00
1.0373168811050331e+01	-1.0966211105093686e+00
1.0370580946517913e+01	-1.0968141544709129e+00
1.0370559099574157e+01	-1.0968158442040143e+00
1.0370129643774016e+01	-1.0968478798256356e+00
1.0369242561560050e+01	-1.0969140524798278e+00
1.0369188335000617e+01	-1.0969179653625194e+00
1.0367985838779461e+01	-1.0970077987872904e+00
1.0364734912259758e+01	-1.0972503044231892e+00
1.0364703208438897e+01	-1.0972528279135447e+00
1.0364259966648527e+01	-1.0972858918998436e+00
1.0364056799923590e+01	-1.0973010472889688e+00
1.0363962868946320e+01	-1.0973079515698738e+00
1.0363895282582863e+01	-1.0973133870011194e+00
1.0363869797155218e+01	-1.0973152909100106e+00
1.0363068431902793e+01	-1.0973797383149202e+00
1.0363063119437879e+01	-1.0973801326135630e+00
1.0362744165455926e+01	-1.0974057835341142e+00
1.0359950402244767e+01	-1.0976279924348842e+00
1.0358540792206270e+01	-1.0977399379569197e+00
1.0357485123591283e+01	-1.0978222514803864e+00
1.0357029943614801e+01	-1.0978568729000091e+00
1.0356814021072729e+01	-1.0978722273361721e+00
1.0356455272068109e+01	-1.0978972067707113e+00
1.0355525421917918e+01	-1.0979617028729758e+00
1.0354041322434673e+01	-1.0980611855598765e+00
1.0348125153410296e+01	-1.0984451540141427e+00
1.0347355307171181e+01	-1.0984943787717660e+00
1.0347278701997308e+01	-1.0984991331331520e+00
1.0347240132039934e+01	-1.0985014718428825e+00
1.0332562256955306e+01	-1.0993193222877449e+00
1.0332241564487751e+01	-1.0993369912921109e+00
1.0332208266814519e+01	-1.0993390434246464e+00
1.0330736044081950e+01	-1.0994201575404652e+00
1.0330266197674183e+01	-1.0994511210995426e+00
1.0330260586025327e+01	-1.0994514364121855e+00
1.0328471442470267e+01	-1.0995693435649259e+00
1.0328433129057595e+01	-1.0995717048170213e+00
1.0328214070127727e+01	-1.0995861411179151e+00
1.0328210490837670e+01	-1.0995863440926368e+00
1.0325903663045798e+01	-1.0997383673867054e+00
1.0319309032649075e+01	-1.1001729630854429e+00
1.0314286727548989e+01	-1.1005029168704379e+00
1.0311783744795990e+01	-1.1006668256630816e+00
1.0310135270262512e+01	-1.1007747766548186e+00
1.0309718492738661e+01	-1.1008020694919960e+00
1.0308264171297056e+01	-1.1008962467513206e+00
1.0306138784700511e+01	-1.1010338800687849e+00
1.0305316671704842e+01	-1.1010859656155094e+00
1.0299871975752611e+01	-1.1014210406455145e+00
1.0294870054579478e+01	-1.1017278184309982e+00
1.0291033201546608e+01	-1.1019616299758408e+00
1.0280441735292561e+01	-1.1026050599521453e+00
1.0280357033207563e+01	-1.1026108646657076e+00
1.0280287205122624e+01	-1.1026151090397494e+00
1.0279716445781398e+01	-1.1026543573184848e+00
1.0279684983523607e+01	-1.1026563127802544e+00
1.0277413157208237e+01	-1.1028125349671265e+00
1.0277087244774695e+01	-1.1028349463428344e+00
1.0276814548009257e+01	-1.1028536345086901e+00
1.0273112481051385e+01	-1.1031082072250078e+00
1.0269988609671366e+01	-1.1033230203096138e+00
1.0264574307356474e+01	-1.1036953349281640e+00
1.0260666029714937e+01	-1.1039640877267092e+00
1.0259993391922627e+01	-1.1040103416793889e+00
1.0259699671420202e+01	-1.1040305393762406e+00
1.0259524301943120e+01	-1.1040423778177881e+00
1.0259387565658418e+01	-1.1040516082981475e+00
1.0258604469580341e+01	-1.1041044717570603e+00
1.0258284797341194e+01	-1.1041260514594144e+00
1.0257665975948305e+01	-1.1041678254386147e+00
1.0257363940502319e+01	-1.1041882145566757e+00
1.0257014128855158e+01	-1.1042118288412501e+00
1.0256469290280696e+01	-1.1042486085575602e+00
1.0255934884296327e+01	-1.1042836184035456e+00
1.0255160182574754e+01	-1.1043339992607917e+00
1.0255158653160034e+01	-1.1043340987225876e+00
1.0255150045338876e+01	-1.1043345169675687e+00
1.0255149816638490e+01	-1.1043345280798800e+00
1.0249935862274647e+01	-1.1045878686412369e+00
1.0249230347058884e+01	-1.1046215767691572e+00
1.0245005938694177e+01	-1.1048199411413782e+00
1.0242825780139892e+01	-1.1049223142420888e+00
1.0240310171119310e+01	-1.1050404389973303e+00
1.0240299961912736e+01	-1.1050409492706146e+00
1.0237501730333468e+01	-1.1051723450549777e+00
1.0237484667276080e+01	-1.1051732218699621e+00
1.0236813806348724e+01	-1.1052047233005091e+00
1.0236813543496698e+01	-1.1052047366336826e+00
1.0231859271779038e+01	-1.1054373729969886e+00
1.0231830494644623e+01	-1.1054388984954393e+00
1.0231023883764149e+01	-1.1054767742988936e+00
1.0231020272715041e+01	-1.1054769683368129e+00
1.0230798378386973e+01	-1.1054873877672482e+00
1.0230774278509653e+01	-1.1054886945152695e+00
1.0230503424565645e+01	-1.1055014129247880e+00
1.0230336452086727e+01	-1.1055104923897794e+00
1.0230335628295437e+01	-1.1055105311682603e+00
1.0230237251687162e+01	-1.1055158783374848e+00
1.0230197439159447e+01	-1.1055177573995829e+00
1.0229282427286735e+01	-1.1055674920205627e+00
1.0229274296854596e+01	-1.1055678770923196e+00
1.0226479926155745e+01	-1.1057197625177757e+00
1.0226465758288017e+01	-1.1057204586150888e+00
1.0226215968580480e+01	-1.1057341096867601e+00
1.0225920484970779e+01	-1.1057501704240822e+00
1.0225822004629499e+01	-1.1057555232316179e+00
1.0225611169740922e+01	-1.1057669829662786e+00
1.0225596740224850e+01	-1.1057678158251460e+00
1.0224988271893968e+01	-1.1058008885564592e+00
1.0224451134721999e+01	-1.1058300841488431e+00
1.0224392462295407e+01	-1.1058331944201638e+00
1.0224313827554441e+01	-1.1058374685385162e+00
1.0224293486364427e+01	-1.1058384801739860e+00
1.0224266189447144e+01	-1.1058400578636181e+00
1.0223951090308422e+01	-1.1058571847848120e+00
1.0223950817269316e+01	-1.1058571986347252e+00
1.0223743074469470e+01	-1.1058684903017733e+00
1.0223718714368159e+01	-1.1058697078605340e+00
1.0223689848969441e+01	-1.1058713833244205e+00
1.0220080754734349e+01	-1.1060675522914205e+00
1.0220055271192505e+01	-1.1060688618076953e+00
1.0220041606655013e+01	-1.1060696801489336e+00
1.0219299242878138e+01	-1.1061100306429250e+00
1.0219299041960420e+01	-1.1061100425544950e+00
1.0219087881425962e+01	-1.1061215199893353e+00
1.0219082053714867e+01	-1.1061218650815674e+00
1.0215553899819446e+01	-1.1063136346115374e+00
1.0215543342657181e+01	-1.1063142667875194e+00
1.0213219302400693e+01	-1.1064405877126218e+00
1.0213141356460069e+01	-1.1064448243876537e+00
1.0212813656537115e+01	-1.1064657938705869e+00
1.0212808013426713e+01	-1.1064661028696978e+00
1.0212731742634512e+01	-1.1064710260979127e+00
1.0212711538860571e+01	-1.1064721302393477e+00
1.0209071299002334e+01	-1.1067044982754992e+00
1.0208897459763206e+01	-1.1067157539733679e+00
1.0208849523344860e+01	-1.1067188577481226e+00
1.0208396447921347e+01	-1.1067477789869669e+00
1.0208380832826901e+01	-1.1067486955260044e+00
1.0208287070623729e+01	-1.1067547608861923e+00
1.0208172107692397e+01	-1.1067620993341036e+00
1.0208162073985193e+01	-1.1067626728522038e+00
1.0208031857212916e+01	-1.1067710519662806e+00
1.0207773376011007e+01	-1.1067875516398209e+00
1.0207766303863428e+01	-1.1067879623591079e+00
1.0207458472418423e+01	-1.1068076529332069e+00
1.0206914634608763e+01	-1.1068423678225374e+00
1.0206880182538599e+01	-1.1068444079274085e+00
1.0206807970541814e+01	-1.1068490967480038e+00
1.0206779251333208e+01	-1.1068507566423131e+00
1.0206494449305742e+01	-1.1068691732188931e+00
1.0206462846467813e+01	-1.1068710468187803e+00
1.0206423039614753e+01	-1.1068736184154166e+00
1.0206399345161163e+01	-1.1068749937368418e+00
1.0205958364425227e+01	-1.1069034112871399e+00
1.0205362434684513e+01	-1.1069414513693669e+00
1.0205345914720517e+01	-1.1069425250104921e+00
1.0205034847218167e+01	-1.1069623814340921e+00
1.0205029641764275e+01	-1.1069627036682823e+00
1.0205021852219801e+01	-1.1069632109459837e+00
1.0204964412903927e+01	-1.1069668774793846e+00
1.0204910563716156e+01	-1.1069703816148890e+00
1.0204566308148282e+01	-1.1069923565377942e+00
1.0204363621426674e+01	-1.1070055661996230e+00
1.0204296709017605e+01	-1.1070098965231239e+00
1.0204122184838928e+01	-1.1070210600391586e+00
1.0204043692408366e+01	-1.1070261774092827e+00
1.0204037964925604e+01	-1.1070265267530934e+00
1.0203847906121247e+01	-1.1070389177727151e+00
1.0203725116935059e+01	-1.1070468413890970e+00
1.0203708301103083e+01	-1.1070478484549249e+00
1.0203590994438137e+01	-1.1070554963468078e+00
1.0196405210150468e+01	-1.1075191967740683e+00
1.0193873601756790e+01	-1.1076820992570378e+00
1.0192715440151508e+01	-1.1077563104349051e+00
1.0192554341172590e+01	-1.1077664117213630e+00
1.0192285330753409e+01	-1.1077830709818388e+00
1.0191934261631294e+01	-1.1078047155412127e+00
1.0191920456920043e+01	-1.1078055614674955e+00
1.0190971923602817e+01	-1.1078626557370455e+00
1.0185063590280624e+01	-1.1082143376144302e+00
1.0182896808603182e+01	-1.1083407476123086e+00
1.0179002328728057e+01	-1.1085658816516704e+00
1.0177531140877036e+01	-1.1086465741525964e+00
1.0169221155807307e+01	-1.1090971880330671e+00
1.0169000889098740e+01	-1.1091090657034819e+00
1.0168213440786122e+01	-1.1091511623921937e+00
1.0168184488087000e+01	-1.1091528737612184e+00
1.0167936087755185e+01	-1.1091661531489279e+00
1.0167925825404025e+01	-1.1091667632279534e+00
1.0167779521179263e+01	-1.1091745845964271e+00
1.0167775030906382e+01	-1.1091748503270473e+00
1.0167390833830677e+01	-1.1091953893413606e+00
1.0167094729376647e+01	-1.1092130996992000e+00
1.0167081636651401e+01	-1.1092138101844125e+00
1.0161054097184598e+01	-1.1095707502464722e+00
1.0153904819865161e+01	-1.1099939832248467e+00
1.0146362472238298e+01	-1.1104346980638757e+00
1.0146107975845647e+01	-1.1104495239249479e+00
1.0145688433938576e+01	-1.1104823493401335e+00
1.0145684582218584e+01	-1.1104825771970324e+00
1.0145121193057401e+01	-1.1105266573778563e+00
1.0145115588040765e+01	-1.1105270087611214e+00
1.0142437156711695e+01	-1.1107365721418974e+00
1.0142434281083816e+01	-1.1107367543316624e+00
1.0139019826759348e+01	-1.1110039049522418e+00
1.0137794313041015e+01	-1.1110997904786741e+00
1.0131605485057259e+01	-1.1115778038477393e+00
1.0130155968832803e+01	-1.1116882180579555e+00
1.0130132494767143e+01	-1.1116897860070887e+00
1.0130079688536211e+01	-1.1116929263672217e+00
1.0117922626762367e+01	-1.1123817195202517e+00
1.0106378545021927e+01	-1.1130231032611424e+00
1.0104663876598314e+01	-1.1131176494474617e+00
1.0104631317007650e+01	-1.1131193961834656e+00
1.0104423345267612e+01	-1.1131303314754202e+00
1.0104147397026038e+01	-1.1131442569145729e+00
1.0101613447746116e+01	-1.1132716336905388e+00
1.0100661302672641e+01	-1.1133187756226379e+00
1.0093345641037354e+01	-1.1136772938211643e+00
1.0093260147078569e+01	-1.1136814496366840e+00
1.0093259992956979e+01	-1.1136814590535273e+00
1.0091553909297819e+01	-1.1137643908658938e+00
1.0091543069034072e+01	-1.1137650709363234e+00
1.0090733270167133e+01	-1.1138044346325195e+00
1.0089821745404697e+01	-1.1138637414448609e+00
1.0088326624893302e+01	-1.1139597075481513e+00
1.0082855679445245e+01	-1.1143088716998075e+00
1.0082570280103122e+01	-1.1143268952957568e+00
1.0080992050283724e+01	-1.1144245883806034e+00
1.0080713435442345e+01	-1.1144417736932029e+00
1.0073575450681801e+01	-1.1148747257759837e+00
1.0072402306783269e+01	-1.1149433612213271e+00
1.0072349236601447e+01	-1.1149463189348856e+00
1.0072048280551297e+01	-1.1149615110358828e+00
1.0069903150394035e+01	-1.1150633110919370e+00
1.0066396543629777e+01	-1.1152281840289897e+00
1.0066291496380638e+01	-1.1152330343484986e+00
1.0063679669904754e+01	-1.1153527470443212e+00
1.0063674644854887e+01	-1.1153530082475669e+00
1.0062374852055322e+01	-1.1154125840660538e+00
1.0062364466911657e+01	-1.1154131356534440e+00
1.0060697393948837e+01	-1.1154895457060852e+00
1.0060664618526904e+01	-1.1154910772736966e+00
1.0057968514695432e+01	-1.1156146528101509e+00
1.0057968280390314e+01	-1.1156146654743162e+00
1.0057431204192174e+01	-1.1156392822856303e+00
1.0057410029534934e+01	-1.1156404692256559e+00
1.0057179023285032e+01	-1.1156510573473823e+00
1.0057165839008764e+01	-1.1156517984069703e+00
1.0057164038656563e+01	-1.1156518809466622e+00
1.0057156122622949e+01	-1.1156523258897511e+00
1.0057142291993074e+01	-1.1156529607072765e+00
1.0056928644806925e+01	-1.1156650836612159e+00
1.0056927050948969e+01	-1.1156651574212642e+00
1.0056869831855970e+01	-1.1156684044296756e+00
1.0056847005933374e+01	-1.1156694710656390e+00
1.0048822003799172e+01	-1.1161205390388496e+00
1.0048814077300300e+01	-1.1161209418307381e+00
1.0048799064038272e+01	-1.1161218284330805e+00
1.0047754519236619e+01	-1.1161805400319971e+00
1.0047729322257211e+01	-1.1161818497767713e+00
1.0047695421302997e+01	-1.1161838617987325e+00
1.0047262574990420e+01	-1.1162081911516299e+00
1.0047241755841979e+01	-1.1162092683411722e+00
1.0047211795614485e+01	-1.1162110453502707e+00
1.0044983489465634e+01	-1.1163362936083330e+00
1.0044959052384485e+01	-1.1163375915379763e+00
1.0044941114017005e+01	-1.1163386754404381e+00
1.0043359090547519e+01	-1.1164275975501172e+00
1.0043329169129635e+01	-1.1164294162319792e+00
1.0042309058736416e+01	-1.1164867544257673e+00
1.0042257061442626e+01	-1.1164895981583363e+00
1.0042241095705856e+01	-1.1164905744803835e+00
1.0041208784297371e+01	-1.1165485984667900e+00
1.0041203720983416e+01	-1.1165489097292982e+00
1.0041119715435716e+01	-1.1165536186389071e+00
1.0033194566642095e+01	-1.1170406410880813e+00
1.0028813515195580e+01	-1.1173096366981010e+00
1.0023524481896395e+01	-1.1176340317899933e+00
1.0021445335868062e+01	-1.1177612974795197e+00
1.0016830773337359e+01	-1.1180435164407383e+00
1.0016780962619281e+01	-1.1180466450184599e+00
1.0015761071163547e+01	-1.1181089989251018e+00
1.0015739902289351e+01	-1.1181103511963695e+00
1.0015616894988865e+01	-1.1181178703688124e+00
1.0015590168831029e+01	-1.1181195020708563e+00
1.0015589652038477e+01	-1.1181195356719369e+00
1.0015372856390007e+01	-1.1181327879249272e+00
1.0015365165069641e+01	-1.1181332867492024e+00
1.0015339298065564e+01	-1.1181348659976555e+00
1.0015332384516569e+01	-1.1181353182239708e+00
1.0015081920007452e+01	-1.1181506097392699e+00
1.0015051416114250e+01	-1.1181526074063457e+00
1.0015049872538214e+01	-1.1181527016483928e+00
1.0015044480947589e+01	-1.1181530548509955e+00
1.0015041826896846e+01	-1.1181532169885864e+00
1.0014980231615379e+01	-1.1181572520897738e+00
1.0014979294838879e+01	-1.1181573093068162e+00
1.0014830472248171e+01	-1.1181670586609580e+00
1.0014812896007442e+01	-1.1181681346858143e+00
1.0014663797667049e+01	-1.1181779021042924e+00
1.0014611215229518e+01	-1.1181811229323559e+00
1.0014081579443772e+01	-1.1182158193236555e+00
1.0014036919483585e+01	-1.1182185585525810e+00
1.0013798011851733e+01	-1.1182342093694297e+00
1.0000543229450530e+01	-1.1190941003956048e+00
9.9997460864091323e+00	-1.1191450308085111e+00
9.9980711360882211e+00	-1.1192503073830939e+00
9.9954597365560769e+00	-1.1194098098114691e+00
9.9937830446134495e+00	-1.1195092293214686e+00
9.9873852006529287e+00	-1.1198836351691210e+00
9.9798476527140778e+00	-1.1203237985795409e+00
9.9769830914783011e+00	-1.1204897376253364e+00
9.9759440577967808e+00	-1.1205498355276118e+00
9.9757819191733699e+00	-1.1205591238001975e+00
9.9753112865722535e+00	-1.1205858724246704e+00
9.9744812864316046e+00	-1.1206329001002793e+00
9.9707879195246143e+00	-1.1208392153420108e+00
9.9707187472563259e+00	-1.1208426202317245e+00
9.9546471158826968e+00	-1.1215601354409899e+00
9.9511421996429448e+00	-1.1217147025226140e+00
9.9511350796499283e+00	-1.1217151045697724e+00
9.9482923260601925e+00	-1.1218404702264912e+00
9.9482593090513838e+00	-1.1218424365726223e+00
9.9477662001657130e+00	-1.1218641983071707e+00
9.9477451404323549e+00	-1.1218656107590583e+00
9.9477292027164683e+00	-1.1218663145868173e+00
9.9477177671173305e+00	-1.1218669580542948e+00
9.9476050938434959e+00	-1.1218719553427678e+00
9.9475659185023115e+00	-1.1218738112854845e+00
9.9475537897508950e+00	-1.1218743474026185e+00
9.9475126190614613e+00	-1.1218763363613629e+00
9.9474908250974501e+00	-1.1218773688564874e+00
9.9474502925543913e+00	-1.1218791633922387e+00
9.9474397851921950e+00	-1.1218797868862367e+00
9.9471119037784863e+00	-1.1218953203596749e+00
9.9471047376795738e+00	-1.1218956380593159e+00
9.9471020927526421e+00	-1.1218957851597611e+00
9.9463621099828892e+00	-1.1219308420498992e+00
9.9463575698440838e+00	-1.1219310447769395e+00
9.9463569482040750e+00	-1.1219310865906105e+00
9.9462101839701074e+00	-1.1219380395871350e+00
9.9461927882602978e+00	-1.1219388159487163e+00
9.9461892316601688e+00	-1.1219390322086631e+00
9.9456026493418737e+00	-1.1219668217096219e+00
9.9455018450157198e+00	-1.1219713422353594e+00
9.9434308367722988e+00	-1.1220694555576360e+00
9.9433257776995649e+00	-1.1220773232718024e+00
9.9432700628440589e+00	-1.1220812945343608e+00
9.9432630515634379e+00	-1.1220816332497938e+00
9.9431960811288818e+00	-1.1220865678284009e+00
9.9428211566304157e+00	-1.1221132918252499e+00
9.9428112642362212e+00	-1.1221137813785254e+00
9.9427812783052882e+00	-1.1221159187259835e+00
9.9427764089808690e+00	-1.1221161458582189e+00
9.9427364801228926e+00	-1.1221191118661757e+00
9.9417649614004748e+00	-1.1221883601105096e+00
9.9417559605218635e+00	-1.1221887876424721e+00
9.9417061477955393e+00	-1.1221925522467915e+00
9.9415522442715627e+00	-1.1222035222349001e+00
9.9415521779145628e+00	-1.1222035254404208e+00
9.9409013659633541e+00	-1.1222499142376439e+00
9.9408912428858027e+00	-1.1222504097562926e+00
9.9408405377456965e+00	-1.1222542499721815e+00
9.9399875482685704e+00	-1.1223150496483618e+00
9.9399862960809173e+00	-1.1223151148287565e+00
9.9399810028134148e+00	-1.1223155161975571e+00
9.9394920442754451e+00	-1.1223503683517411e+00
9.9394912674889948e+00	-1.1223504252440879e+00
9.9394060932756361e+00	-1.1223564963208481e+00
9.9394033389623946e+00	-1.1223566597584209e+00
9.9394025501849956e+00	-1.1223567183001586e+00
9.9393942258264367e+00	-1.1223571455777970e+00
9.9393128112246245e+00	-1.1223631453108380e+00
9.9391448311727402e+00	-1.1223751186505253e+00
9.9391358005237151e+00	-1.1223758067003407e+00
9.9390211767232230e+00	-1.1223839768948618e+00
9.9390203645126345e+00	-1.1223840190681407e+00
9.9390167227887485e+00	-1.1223842943639291e+00
9.9386766086349017e+00	-1.1224085371371084e+00
9.9386732788676468e+00	-1.1224087119799007e+00
9.9386525338278826e+00	-1.1224102531494509e+00
9.9386033434005192e+00	-1.1224137593615851e+00
9.9385950932252083e+00	-1.1224142114775697e+00
9.9384478065473587e+00	-1.1224248457706907e+00
9.9382840031248456e+00	-1.1224365214071588e+00
9.9382774258018856e+00	-1.1224369131232477e+00
9.9382586315169128e+00	-1.1224383298533214e+00
9.9379970921119778e+00	-1.1224569719486284e+00
9.9379859316705712e+00	-1.1224576021492119e+00
9.9379557456218315e+00	-1.1224599190579181e+00
9.9368273070593194e+00	-1.1225403522883741e+00
9.9368096427996466e+00	-1.1225416940675466e+00
9.9364592579116362e+00	-1.1225666689216343e+00
9.9364448807701002e+00	-1.1225677822005009e+00
9.9364236944143869e+00	-1.1225692923288220e+00
9.9364053390189415e+00	-1.1225703221704291e+00
9.9363626123407638e+00	-1.1225736110894415e+00
9.9362180216281839e+00	-1.1225836957362756e+00
9.9361766249318393e+00	-1.1225869030320437e+00
9.9360850154278104e+00	-1.1225934328056568e+00
9.9360829460758584e+00	-1.1225935668003884e+00
9.9360808098347846e+00	-1.1225937325733573e+00
9.9360195062593171e+00	-1.1225981021906117e+00
9.9360058163844780e+00	-1.1225988784797789e+00
9.9359732706139052e+00	-1.1226013977907854e+00
9.9357846001103471e+00	-1.1226148459115757e+00
9.9357741714069867e+00	-1.1226156570397869e+00
9.9356077608865636e+00	-1.1226275185058729e+00
9.9355808536691761e+00	-1.1226290632036344e+00
9.9350946071603445e+00	-1.1226669512054483e+00
9.9350942698691025e+00	-1.1226669755583225e+00
9.9334261310774536e+00	-1.1227969558140485e+00
9.9334012587827925e+00	-1.1227987887423534e+00
9.9274102531227868e+00	-1.1232656038848599e+00
9.9267037257017616e+00	-1.1233206560275966e+00
9.9223684795496609e+00	-1.1236494473411831e+00
9.9223605308457987e+00	-1.1236499857340292e+00
9.9219196052711212e+00	-1.1236745917971325e+00
9.9200899608645550e+00	-1.1237748514456711e+00
9.9170563485771037e+00	-1.1239380300613859e+00
9.9151147067596526e+00	-1.1240401254242893e+00
9.9150528658468353e+00	-1.1240435849793398e+00
9.9149366629126092e+00	-1.1240496951592058e+00
9.9149121553687891e+00	-1.1240510699528270e+00
9.9148372001121530e+00	-1.1240550112483116e+00
9.9146241681727112e+00	-1.1240669695820369e+00
9.9145449709026252e+00	-1.1240711462142829e+00
9.9132987368060199e+00	-1.1241411107382413e+00
9.9132476640180727e+00	-1.1241439780031521e+00
9.9129100472379559e+00	-1.1241629320643238e+00
9.9129079618337226e+00	-1.1241630441851405e+00
9.9128941570943532e+00	-1.1241637863907175e+00
9.9128260538542854e+00	-1.1241674479306600e+00
9.9119525441724790e+00	-1.1242164874243050e+00
9.9098695631940110e+00	-1.1243327645865948e+00
9.9027597185277223e+00	-1.1247287702403730e+00
9.8971491212342375e+00	-1.1250393821377780e+00
9.8894679381885844e+00	-1.1254383097744274e+00
9.8846376166202852e+00	-1.1256880220759871e+00
9.8770591374425347e+00	-1.1260740450711706e+00
9.8761890596381274e+00	-1.1261183039879314e+00
9.8760845315522570e+00	-1.1261235823576234e+00
9.8760791993097516e+00	-1.1261238923377368e+00
9.8760039396502002e+00	-1.1261277206287135e+00
9.8757801173949247e+00	-1.1261407529613134e+00
9.8757561485714778e+00	-1.1261419895967366e+00
9.8756933614801401e+00	-1.1261456454541772e+00
9.8756749398416002e+00	-1.1261465860265167e+00
9.8730891951133621e+00	-1.1262971442687069e+00
9.8729135219546258e+00	-1.1263073730595425e+00
9.8729030392271060e+00	-1.1263079196388208e+00
9.8704678474097793e+00	-1.1264497117482306e+00
9.8703996572208954e+00	-1.1264537459985573e+00
9.8689885872251057e+00	-1.1265359073255641e+00
9.8689814080490166e+00	-1.1265362924520612e+00
9.8689586939186977e+00	-1.1265376479009646e+00
9.8566722907763502e+00	-1.1272530391922042e+00
9.8566595843720251e+00	-1.1272538511125938e+00
9.8563176455537906e+00	-1.1272737609307781e+00
9.8563090444111072e+00	-1.1272743122356681e+00
9.8559663100125761e+00	-1.1272942683775167e+00
9.8559642672981127e+00	-1.1272944005693017e+00
9.8557313061484102e+00	-1.1273079650255355e+00
9.8557200330261754e+00	-1.1273087036555443e+00
9.8548554496289480e+00	-1.1273590451123368e+00
9.8548316729288548e+00	-1.1273606331514980e+00
9.8547812664690202e+00	-1.1273635681310823e+00
9.8547736428845614e+00	-1.1273640782847074e+00
9.8547581951554726e+00	-1.1273649777477521e+00
9.8547450552921259e+00	-1.1273658575944971e+00
9.8547077220094632e+00	-1.1273680325451463e+00
9.8546007156453648e+00	-1.1273751977034623e+00
9.8545863768790909e+00	-1.1273760379193698e+00
9.8540887169038651e+00	-1.1274093612879386e+00
9.8519898230251552e+00	-1.1275471291305383e+00
9.8517964579515080e+00	-1.1275598085977885e+00
9.8489026368116050e+00	-1.1277485620850884e+00
9.8487519314972420e+00	-1.1277579116293110e+00
9.8486667510942016e+00	-1.1277630498653504e+00
9.8472560417917716e+00	-1.1278456142644826e+00
9.8412107875955890e+00	-1.1281905737831985e+00
9.8400651359857907e+00	-1.1282547297667953e+00
9.8303932559763005e+00	-1.1287927403610083e+00
9.8295828086009021e+00	-1.1288374745898488e+00
9.8290386992964631e+00	-1.1288669158471947e+00
9.8157723637716003e+00	-1.1295784571072849e+00
9.8137067095874162e+00	-1.1296885051023546e+00
9.8109666862426987e+00	-1.1298340879679769e+00
9.8109368212179184e+00	-1.1298361276334605e+00
9.8108921241364566e+00	-1.1298385024779001e+00
9.8108877308228966e+00	-1.1298388025596995e+00
9.8108560629745956e+00	-1.1298404851307806e+00
9.8108515240454803e+00	-1.1298407956741834e+00
9.8108492002081693e+00	-1.1298409191779977e+00
9.8108032769615914e+00	-1.1298440611440639e+00
9.8107866665479904e+00	-1.1298449473556378e+00
9.8105831483514727e+00	-1.1298588716165503e+00
9.8105733236604653e+00	-1.1298593954828116e+00
9.8105221864874697e+00	-1.1298628941740898e+00
9.8105184804325187e+00	-1.1298630919130006e+00
9.8081086441332381e+00	-1.1300279675357303e+00
9.8080968655742229e+00	-1.1300286355190723e+00
9.8074005676176075e+00	-1.1300762746716724e+00
9.7999000158941474e+00	-1.1305864501629193e+00
9.7972495920922693e+00	-1.1307648852245593e+00
9.7958805397733979e+00	-1.1308552085879193e+00
9.7952416211042106e+00	-1.1308960928645528e+00
9.7867863753210269e+00	-1.1314258039312151e+00
9.7865828823970507e+00	-1.1314378733303261e+00
9.7802630758237399e+00	-1.1318000488710946e+00
9.7784126039381327e+00	-1.1319032750692162e+00
9.7783895664915494e+00	-1.1319045419370073e+00
9.7773385971480611e+00	-1.1319614454722322e+00
9.7773236111440891e+00	-1.1319622218701162e+00
9.7773002186054292e+00	-1.1319632551753391e+00
9.7772438613092181e+00	-1.1319656952765140e+00
9.7742414268584952e+00	-1.1320896262803937e+00
9.7728905775491715e+00	-1.1321444918094141e+00
9.7726059211463099e+00	-1.1321559164606341e+00
9.7726053649882516e+00	-1.1321559381912634e+00
9.7726052799392562e+00	-1.1321559421954035e+00
9.7724468446262538e+00	-1.1321623009780404e+00
9.7723797879462939e+00	-1.1321651048619208e+00
9.7722668919743239e+00	-1.1321695370451961e+00
9.7714643436577244e+00	-1.1322030945116486e+00
9.7713901146823687e+00	-1.1322060339469584e+00
9.7657937148226086e+00	-1.1324400397964061e+00
9.7657927357638830e+00	-1.1324400942380652e+00
9.7652788450307639e+00	-1.1324615818802173e+00
9.7652776728779713e+00	-1.1324616482639096e+00
9.7630796131325219e+00	-1.1325535571429675e+00
9.7630752043951698e+00	-1.1325538180511128e+00
9.7624614838181998e+00	-1.1325794799424245e+00
9.7624582911622344e+00	-1.1325796690693710e+00
9.7612198022040086e+00	-1.1326314543999787e+00
9.7611281232142968e+00	-1.1326352316125272e+00
9.7611252505369333e+00	-1.1326354079187457e+00
9.7605565378558055e+00	-1.1326591876819947e+00
9.7590059000402558e+00	-1.1327555124712276e+00
9.7590045100594143e+00	-1.1327555721176708e+00
9.7573520168717458e+00	-1.1328582241079774e+00
9.7573519025112336e+00	-1.1328582292854796e+00
9.7553170419323028e+00	-1.1329846337330032e+00
9.7472177779763030e+00	-1.1334820456559234e+00
9.7454079807231082e+00	-1.1335909444380095e+00
9.7331978850865166e+00	-1.1342150215559559e+00
9.7316703876044102e+00	-1.1342926952347203e+00
9.7295973614034512e+00	-1.1343976754366552e+00
9.7245872089372689e+00	-1.1346498543041887e+00
9.7245408761983345e+00	-1.1346524991738587e+00
9.7244450037567010e+00	-1.1346573044946067e+00
9.7241453651827179e+00	-1.1346744069354082e+00
9.7240516322853594e+00	-1.1346791471129705e+00
9.7238094026741848e+00	-1.1346930012673770e+00
9.7237603852945131e+00	-1.1346954806791161e+00
9.7225328798484085e+00	-1.1347656870007246e+00
9.7225250786327599e+00	-1.1347660846222525e+00
9.7178662105950853e+00	-1.1350325453445431e+00
9.7109468241599295e+00	-1.1354246338466962e+00
9.7099974956027673e+00	-1.1354777192185450e+00
9.7075189742874031e+00	-1.1356158633690645e+00
9.7034127212650603e+00	-1.1358363715512394e+00
9.7030550728161433e+00	-1.1358552665219377e+00
9.7001880615859157e+00	-1.1360001387383998e+00
9.7000538821521474e+00	-1.1360068557084517e+00
9.6990450704956785e+00	-1.1360568466594279e+00
9.6976889210848682e+00	-1.1361155255800170e+00
9.6864876258792680e+00	-1.1365864973326458e+00
9.6827618364733574e+00	-1.1367409092365792e+00
9.6827614645408104e+00	-1.1367409259785994e+00
9.6825769676562299e+00	-1.1367485722817352e+00
9.6825386362547743e+00	-1.1367506005140293e+00
9.6824085369732806e+00	-1.1367559953875350e+00
9.6818405272708752e+00	-1.1367816728538271e+00
9.6818078222265314e+00	-1.1367830412831117e+00
9.6817974010169845e+00	-1.1367836037271626e+00
9.6817915368638694e+00	-1.1367838493186959e+00
9.6817870735456069e+00	-1.1367840892847842e+00
9.6813440690474959e+00	-1.1368041157614788e+00
9.6813438456363308e+00	-1.1368041258610118e+00
9.6812302985333680e+00	-1.1368092588752834e+00
9.6810510216842420e+00	-1.1368173531766568e+00
9.6809715710174764e+00	-1.1368207100198502e+00
9.6809259879904186e+00	-1.1368229984142018e+00
9.6807385554855117e+00	-1.1368314609412336e+00
9.6806645646859195e+00	-1.1368346114842340e+00
9.6800467118743310e+00	-1.1368625073719956e+00
9.6800250713345672e+00	-1.1368634153846524e+00
9.6800185018910945e+00	-1.1368637810451283e+00
9.6799265212563537e+00	-1.1368679339459726e+00
9.6798924008174048e+00	-1.1368693669360259e+00
9.6798824295053922e+00	-1.1368699246766336e+00
9.6797294776546234e+00	-1.1368768304114332e+00
9.6796819628698412e+00	-1.1368788549093531e+00
9.6796584538151595e+00	-1.1368800371186243e+00
9.6796355323685646e+00	-1.1368810720157545e+00
9.6796098215036359e+00	-1.1368821530580853e+00
9.6794656435508735e+00	-1.1368886626537569e+00
9.6794122150106148e+00	-1.1368909114684871e+00
9.6793969555452879e+00	-1.1368917638986786e+00
9.6783066763173586e+00	-1.1369409897116887e+00
9.6782603856945677e+00	-1.1369429599573393e+00
9.6772777951299709e+00	-1.1369873236562515e+00
9.6772417774031982e+00	-1.1369888558987915e+00
9.6772345589691469e+00	-1.1369892757572486e+00
9.6768171748560441e+00	-1.1370081205373552e+00
9.6767744034778644e+00	-1.1370099441998289e+00
9.6767664662459900e+00	-1.1370104100174192e+00
9.6749882939838425e+00	-1.1370906940153471e+00
9.6749518795669580e+00	-1.1370922615425711e+00
9.6749468624872819e+00	-1.1370925646362395e+00
9.6747017983869519e+00	-1.1371036292142571e+00
9.6746996264998888e+00	-1.1371037604597347e+00
9.6746824640197708e+00	-1.1371045011652980e+00
9.6746738933656768e+00	-1.1371049766127386e+00
9.6746697334332037e+00	-1.1371051638662442e+00
9.6746676123667825e+00	-1.1371052909453381e+00
9.6744190056431965e+00	-1.1371165154718399e+00
9.6744154178024964e+00	-1.1371167334244494e+00
9.6741772148686938e+00	-1.1371274882226492e+00
9.6741360608384248e+00	-1.1371292663164370e+00
9.6741310637748512e+00	-1.1371295719320857e+00
9.6741226029938243e+00	-1.1371299539340665e+00
9.6741095713774197e+00	-1.1371305164644481e+00
9.6741079273207564e+00	-1.1371306165367463e+00
9.6740056036106168e+00	-1.1371352364246547e+00
9.6739975665108631e+00	-1.1371357285176258e+00
9.6737662985245425e+00	-1.1371461701497185e+00
9.6733829178110202e+00	-1.1371697623680486e+00
9.6733811445296407e+00	-1.1371698440694344e+00
9.6729857876058798e+00	-1.1371941732715427e+00
9.6729775386962320e+00	-1.1371945393220242e+00
9.6577696737984784e+00	-1.1381218707955909e+00
9.6577515751833349e+00	-1.1381229408977362e+00
9.6561023783095941e+00	-1.1382176397816772e+00
9.6543708778290789e+00	-1.1383158661873700e+00
9.6525766648390956e+00	-1.1384170885218625e+00
9.6521145134889412e+00	-1.1384430207562706e+00
9.6519974881813990e+00	-1.1384494691564360e+00
9.6519820939143592e+00	-1.1384503611484895e+00
9.6514168868252188e+00	-1.1384815055356623e+00
9.6513872509086962e+00	-1.1384832255233293e+00
9.6492199914660830e+00	-1.1386026471804200e+00
9.6492199715300000e+00	-1.1386026484196470e+00
9.6491747054115748e+00	-1.1386051427010264e+00
9.6491445786779249e+00	-1.1386070194357343e+00
9.6484935663639906e+00	-1.1386429053275031e+00
9.6481623261053890e+00	-1.1386636886197954e+00
9.6481554872685642e+00	-1.1386640690064287e+00
9.6477480207049755e+00	-1.1386896350313018e+00
9.6477366331028094e+00	-1.1386902736610383e+00
9.6476139114113071e+00	-1.1386980495660000e+00
9.6469463637469399e+00	-1.1387399340829549e+00
9.6469288187953079e+00	-1.1387409276815192e+00
9.6467050757532977e+00	-1.1387549661835421e+00
9.6466929709560603e+00	-1.1387556687129188e+00
9.6464511768565604e+00	-1.1387708398079592e+00
9.6464420642063686e+00	-1.1387713678234559e+00
9.6446038846387161e+00	-1.1388867023042388e+00
9.6445679318001414e+00	-1.1388890018714435e+00
9.6432238499768435e+00	-1.1389733347527069e+00
9.6431728532517571e+00	-1.1389765914563901e+00
9.6428238915700941e+00	-1.1389984866591636e+00
9.6427855619246063e+00	-1.1390007270812916e+00
9.6426898859737982e+00	-1.1390068946874881e+00
9.6423600418845190e+00	-1.1390275903787284e+00
9.6423225878722238e+00	-1.1390297893786425e+00
9.6422456316048777e+00	-1.1390347689212554e+00
9.6401866027659580e+00	-1.1391639603377157e+00
9.6401528930561859e+00	-1.1391659417963200e+00
9.6341636487760489e+00	-1.1395417300987722e+00
9.6340951751981567e+00	-1.1395462515426469e+00
9.6340516171668114e+00	-1.1395489845416515e+00
9.6340100572964236e+00	-1.1395515297406695e+00
9.6339914931895532e+00	-1.1395527569520416e+00
9.6338355187602360e+00	-1.1395625433897418e+00
9.6338324978307508e+00	-1.1395627435025049e+00
9.6329277951795884e+00	-1.1396195080386637e+00
9.6328936513202699e+00	-1.1396217945061606e+00
9.6327142385298234e+00	-1.1396329471155304e+00
9.6326767399570858e+00	-1.1396354625964682e+00
9.6326687024984761e+00	-1.1396359671026290e+00
9.6325112459089901e+00	-1.1396465296126246e+00
9.6324715393455378e+00	-1.1396490279606619e+00
9.6288012969095575e+00	-1.1398952353283083e+00
9.6258368088786970e+00	-1.1400927643306296e+00
9.6232641670677914e+00	-1.1402576944737430e+00
9.6232132300947182e+00	-1.1402609072135781e+00
9.6232108142236257e+00	-1.1402610568539486e+00
9.6230678808381782e+00	-1.1402686300513023e+00
9.6222238664446635e+00	-1.1403116241440037e+00
9.6149014283580385e+00	-1.1406750638248710e+00
9.6077689987683872e+00	-1.1410189669743305e+00
9.6076090177127504e+00	-1.1410263942202035e+00
9.6063934595042308e+00	-1.1410812894969145e+00
9.6050975313219631e+00	-1.1411391555939758e+00
9.5992631475518451e+00	-1.1413985432964329e+00
9.5987495060183790e+00	-1.1414209337750700e+00
9.5987345378684701e+00	-1.1414218080903140e+00
9.5984814026488312e+00	-1.1414328426705773e+00
9.5984779495244137e+00	-1.1414330453998782e+00
9.5982739919835858e+00	-1.1414419362442965e+00
9.5982692106399696e+00	-1.1414422141462104e+00
9.5981567682066071e+00	-1.1414471156966850e+00
9.5981564010533518e+00	-1.1414471372842350e+00
9.5979741999905865e+00	-1.1414550797280167e+00
9.5979702274573970e+00	-1.1414553147178939e+00
9.5979375979282882e+00	-1.1414567370861679e+00
9.5977953026991791e+00	-1.1414651607147015e+00
9.5977769347813329e+00	-1.1414659663586035e+00
9.5962836177289308e+00	-1.1415543681146652e+00
9.5962771640809610e+00	-1.1415546782569246e+00
9.5959349816769262e+00	-1.1415749348563931e+00
9.5804560685619951e+00	-1.1424841561931711e+00
9.5793107037708385e+00	-1.1425511083601667e+00
9.5789793813126280e+00	-1.1425703342958560e+00
9.5788364536850654e+00	-1.1425783011438384e+00
9.5781857716411007e+00	-1.1426114182286569e+00
9.5750648307367889e+00	-1.1427684907314226e+00
9.5593388952616127e+00	-1.1434738119573622e+00
9.5592622180699340e+00	-1.1434775607200189e+00
9.5592051338277706e+00	-1.1434800893231900e+00
9.5586354969773879e+00	-1.1435070069323290e+00
9.5585938905416654e+00	-1.1435089730020691e+00
9.5581222162822321e+00	-1.1435312614887563e+00
9.5580688694814846e+00	-1.1435337823374871e+00
9.5580501953604440e+00	-1.1435346647640556e+00
9.5580236485333110e+00	-1.1435359192073316e+00
9.5580098993593730e+00	-1.1435365689105412e+00
9.5578269373936795e+00	-1.1435447511518240e+00
9.5576016492101274e+00	-1.1435555957795018e+00
9.5573620105710226e+00	-1.1435668442955114e+00
9.5573042076837496e+00	-1.1435694304719803e+00
9.5572755797719484e+00	-1.1435708259698858e+00
9.5572738102629557e+00	-1.1435709048837992e+00
9.5572632664883521e+00	-1.1435714240824906e+00
9.5571278932772135e+00	-1.1435774632949360e+00
9.5570357296728510e+00	-1.1435820100376284e+00
9.5570157385558723e+00	-1.1435829020087782e+00
9.5569741370507924e+00	-1.1435849553578985e+00
9.5569138258672606e+00	-1.1435876472487712e+00
9.5568186058538647e+00	-1.1435923514369446e+00
9.5567031661302568e+00	-1.1435977701189401e+00
9.5566552735864754e+00	-1.1435999094544680e+00
9.5566393858033649e+00	-1.1436006947088406e+00
9.5565431081161574e+00	-1.1436050353074010e+00
9.5564533667989622e+00	-1.1436094056232988e+00
9.5564102995489222e+00	-1.1436113388623257e+00
9.5562151816411571e+00	-1.1436206057396696e+00
9.5561528454865741e+00	-1.1436233950259034e+00
9.5560893043242903e+00	-1.1436263776157891e+00
9.5560384366149069e+00	-1.1436286757936198e+00
9.5559979415643479e+00	-1.1436306661373385e+00
9.5551319881556971e+00	-1.1436713135505312e+00
9.5550709806955627e+00	-1.1436740574363955e+00
9.5550271226911203e+00	-1.1436762358821784e+00
9.5550092691499025e+00	-1.1436770739183353e+00
9.5549616048011146e+00	-1.1436792785610921e+00
9.5549487285453640e+00	-1.1436799156635644e+00
9.5540409838158951e+00	-1.1437225247401310e+00
9.5539262864630370e+00	-1.1437276948464581e+00
9.5539135809945677e+00	-1.1437283368409059e+00
9.5538819225167959e+00	-1.1437297637608466e+00
9.5538135503087585e+00	-1.1437332003534446e+00
9.5536973716779414e+00	-1.1437386537193692e+00
9.5536226027049569e+00	-1.1437424462788277e+00
9.5534798417718818e+00	-1.1437491474045194e+00
9.5534203426868221e+00	-1.1437520945004087e+00
9.5531315941004173e+00	-1.1437652609637370e+00
9.5530829159484387e+00	-1.1437676785341750e+00
9.5530204631394362e+00	-1.1437705198750951e+00
9.5529141265714266e+00	-1.1437758439381358e+00
9.5528292743134138e+00	-1.1437797366974911e+00
9.5528023810514497e+00	-1.1437810803447057e+00
9.5527821710398548e+00	-1.1437820012377984e+00
9.5527778059400976e+00	-1.1437822200373062e+00
9.5527337550349092e+00	-1.1437842378809606e+00
9.5527159073944219e+00	-1.1437851257582092e+00
9.5524949381499340e+00	-1.1437951362060577e+00
9.5524660288173369e+00	-1.1437966299590827e+00
9.5523332640358554e+00	-1.1438026586781760e+00
9.5523015058076872e+00	-1.1438042871815521e+00
9.5522273858305677e+00	-1.1438076525352510e+00
9.5520513257144870e+00	-1.1438167769389680e+00
9.5520405701816067e+00	-1.1438172644766309e+00
9.5520113498013739e+00	-1.1438187821332100e+00
9.5519849212466248e+00	-1.1438201104471963e+00
9.5519178741481046e+00	-1.1438232545920970e+00
9.5517995887599820e+00	-1.1438291996820542e+00
9.5517488603708607e+00	-1.1438315086305129e+00
9.5516182052455232e+00	-1.1438383161192347e+00
9.5515231516659522e+00	-1.1438430935654627e+00
9.5514974922063338e+00	-1.1438443060770904e+00
9.5513237646707410e+00	-1.1438530377204787e+00
9.5513046298475874e+00	-1.1438539115076374e+00
9.5488128498738494e+00	-1.1439791497668377e+00
9.5487864846106838e+00	-1.1439805628395399e+00
9.5480120131421327e+00	-1.1440194882099755e+00
9.5479930611407440e+00	-1.1440203821254278e+00
9.5479770388484457e+00	-1.1440212460375943e+00
9.5473695479794998e+00	-1.1440517788694289e+00
9.5473643274396984e+00	-1.1440520331046997e+00
9.5446823354848291e+00	-1.1441868315247676e+00
9.5446386111953316e+00	-1.1441889805865357e+00
9.5446295686781273e+00	-1.1441894836140711e+00
9.5397067036765151e+00	-1.1444369095704465e+00
9.5395745670469516e+00	-1.1444434283178306e+00
9.5395553424598329e+00	-1.1444445170701005e+00
9.5392016371512582e+00	-1.1444622944973142e+00
9.5390681131241877e+00	-1.1444689266926766e+00
9.5390532032742676e+00	-1.1444697548672331e+00
9.5389753476383525e+00	-1.1444736679351659e+00
9.5389633958462721e+00	-1.1444743640882484e+00
9.5388529947461844e+00	-1.1444799129094663e+00
9.5387570984182872e+00	-1.1444846505098456e+00
9.5387463738175793e+00	-1.1444852717371452e+00
9.5378165488634750e+00	-1.1445320052609074e+00
9.5374021666200868e+00	-1.1445566180094753e+00
9.5373911227597077e+00	-1.1445572683096248e+00
9.5373792352076610e+00	-1.1445578628343342e+00
9.5372289455689145e+00	-1.1445667924155936e+00
9.5371975458968716e+00	-1.1445683706574497e+00
9.5367843359956019e+00	-1.1445929218601891e+00
9.5274236578623590e+00	-1.1451415075885125e+00
9.5266912369453287e+00	-1.1451835538048072e+00
9.5266486169130609e+00	-1.1451859489961305e+00
9.5180783495779906e+00	-1.1456582146654262e+00
9.5149568447623967e+00	-1.1458292814988622e+00
9.5149403997688626e+00	-1.1458301745036612e+00
9.5149381572019180e+00	-1.1458303056272825e+00
9.5148982157875626e+00	-1.1458324945238823e+00
9.5133096981165632e+00	-1.1459187550566452e+00
9.5132899655557885e+00	-1.1459198770660897e+00
9.5130401517899461e+00	-1.1459334425862766e+00
9.5130108416620978e+00	-1.1459351296698781e+00
9.5128785781232690e+00	-1.1459423119150194e+00
9.5128669636991035e+00	-1.1459429811398236e+00
9.5128447068447581e+00	-1.1459441897433844e+00
9.5125455011309370e+00	-1.1459614295952865e+00
9.5124293595744902e+00	-1.1459677944639846e+00
9.5123229141226471e+00	-1.1459742547750240e+00
9.5122837252127717e+00	-1.1459765127900661e+00
9.5122157997254817e+00	-1.1459804265700746e+00
9.5120948753077439e+00	-1.1459873940809102e+00
9.5120340264714702e+00	-1.1459907137541028e+00
9.5113008595686903e+00	-1.1460329792492892e+00
9.5112293316912506e+00	-1.1460370463825393e+00
9.5112195315566606e+00	-1.1460376036261577e+00
9.5111342689176617e+00	-1.1460424517291139e+00
9.5110961010737203e+00	-1.1460447831361678e+00
9.5107629406029606e+00	-1.1460639891208075e+00
9.5107627704936331e+00	-1.1460639984970116e+00
9.5083668616751460e+00	-1.1462021174877228e+00
9.5082630183973791e+00	-1.1462080319334442e+00
9.5076224254006654e+00	-1.1462449607420366e+00
9.5075612403308778e+00	-1.1462483570713435e+00
9.5057022813450089e+00	-1.1463555220589761e+00
9.5056792396488152e+00	-1.1463569812215888e+00
9.5039355500647602e+00	-1.1464575011761067e+00
9.5038949387107596e+00	-1.1464598387554485e+00
9.5038387656414827e+00	-1.1464629934655606e+00
9.5037657661179633e+00	-1.1464672888554999e+00
9.5025115333614529e+00	-1.1465395926765425e+00
9.5025013000132326e+00	-1.1465402545029746e+00
9.5023564016300366e+00	-1.1465486075831453e+00
9.5023239623596236e+00	-1.1465504384572367e+00
9.5023179222622787e+00	-1.1465508258359423e+00
9.5019712845387030e+00	-1.1465708087552227e+00
9.5017713861785555e+00	-1.1465820659228867e+00
9.5017347698788477e+00	-1.1465844433167116e+00
9.5017101244814182e+00	-1.1465860434733668e+00
9.5016064830405647e+00	-1.1465918956251862e+00
9.5013740102668027e+00	-1.1466050222852817e+00
9.4984478979397196e+00	-1.1467964723149173e+00
9.4974611056542280e+00	-1.1468606814932940e+00
9.4878515096577836e+00	-1.1474809660297176e+00
9.4878145524354771e+00	-1.1474831162812993e+00
9.4876249285095042e+00	-1.1474932958841464e+00
9.4864432054269265e+00	-1.1475537068222998e+00
9.4788775481715142e+00	-1.1479294864086333e+00
9.4780960482530379e+00	-1.1479673801351045e+00
9.4765712946991432e+00	-1.1480409535435088e+00
9.4758248293087846e+00	-1.1480764911168384e+00
9.4740235568773503e+00	-1.1481583345626583e+00
9.4682142412567476e+00	-1.1484194345952234e+00
9.4640463854361592e+00	-1.1486054157171590e+00
9.4635065879262790e+00	-1.1486292827232500e+00
9.4634815432295252e+00	-1.1486306149929593e+00
9.4632639907222913e+00	-1.1486402340203172e+00
9.4632582872740638e+00	-1.1486405371558797e+00
9.4627402408142860e+00	-1.1486634424244424e+00
9.4615983105477994e+00	-1.1487224276161945e+00
9.4615876348517887e+00	-1.1487229152750338e+00
9.4615639338350643e+00	-1.1487242033086793e+00
9.4615002336641805e+00	-1.1487274936731651e+00
9.4614656704034950e+00	-1.1487290783884017e+00
9.4613395614796705e+00	-1.1487357930237390e+00
9.4611265681119949e+00	-1.1487467949693069e+00
9.4610999405851484e+00	-1.1487480276997093e+00
9.4610523731477372e+00	-1.1487506274311676e+00
9.4609965544492844e+00	-1.1487535106865889e+00
9.4609787859809149e+00	-1.1487543159714000e+00
9.4603498137118738e+00	-1.1487868048640977e+00
9.4603401351455982e+00	-1.1487872460325399e+00
9.4603219524959279e+00	-1.1487882440055350e+00
9.4590253824711894e+00	-1.1488552169493071e+00
9.4590235368811779e+00	-1.1488553039880574e+00
9.4586436613023004e+00	-1.1488749260565143e+00
9.4586349804992995e+00	-1.1488753259051621e+00
9.4586226037330405e+00	-1.1488760137628278e+00
9.4516295267478920e+00	-1.1492372337068217e+00
9.4515838830169958e+00	-1.1492394688627163e+00
9.4515634011748944e+00	-1.1492406493528706e+00
9.4509045794304161e+00	-1.1492746800884321e+00
9.4508806177471119e+00	-1.1492760862067548e+00
9.4507445595042228e+00	-1.1492831141503883e+00
9.4506702112364263e+00	-1.1492867993752833e+00
9.4506485235948858e+00	-1.1492880747830061e+00
9.4506252438482381e+00	-1.1492892772735261e+00
9.4505677867509430e+00	-1.1492921175082433e+00
9.4499361899826049e+00	-1.1493293446499768e+00
9.4498916339369874e+00	-1.1493319408356972e+00
9.4498912092670828e+00	-1.1493319631540422e+00
9.4498876065004165e+00	-1.1493321755058337e+00
9.4385378793019701e+00	-1.1499934998957051e+00
9.4384619848542854e+00	-1.1499978976501077e+00
9.4376686760957558e+00	-1.1500430196014122e+00
9.4376246728836595e+00	-1.1500453423859212e+00
9.4364780906349157e+00	-1.1501055399074640e+00
9.4321726728708501e+00	-1.1503281002771240e+00
9.4283210338231456e+00	-1.1505252109348820e+00
9.4278376287323464e+00	-1.1505497414978043e+00
9.4253961598177760e+00	-1.1506734265793417e+00
9.4253030318331881e+00	-1.1506784190734791e+00
9.4251100316935439e+00	-1.1506882050915292e+00
9.4236936639651514e+00	-1.1507642796621018e+00
9.4179862517626685e+00	-1.1510641210301549e+00
9.4168312492287320e+00	-1.1511241156344669e+00
9.4168263158277306e+00	-1.1511243547914647e+00
9.4011490282836778e+00	-1.1517801950471145e+00
9.4008242081541731e+00	-1.1517935982004510e+00
9.4008146194676403e+00	-1.1517941846331818e+00
9.4007430692258058e+00	-1.1517971778505203e+00
9.4002699675322177e+00	-1.1518166995918380e+00
9.4002607594678551e+00	-1.1518172657798311e+00
9.4001244991240345e+00	-1.1518228883077894e+00
9.4001162362056210e+00	-1.1518234006474839e+00
9.4001135096142328e+00	-1.1518235147111182e+00
9.3999012021214288e+00	-1.1518366787713874e+00
9.3998976094905942e+00	-1.1518368310205993e+00
9.3998191386957792e+00	-1.1518416965779035e+00
9.3998124656262885e+00	-1.1518419745431476e+00
9.3996714366767939e+00	-1.1518507189994376e+00
9.3996675588573471e+00	-1.1518508819361035e+00
9.3995054202744655e+00	-1.1518609352886671e+00
9.3994946790096137e+00	-1.1518613877076613e+00
9.3986057077627247e+00	-1.1519165080942155e+00
9.3847098842308529e+00	-1.1527718145061963e+00
9.3834361435465148e+00	-1.1528485970105806e+00
9.3832755456901236e+00	-1.1528579575808564e+00
9.3832054696455423e+00	-1.1528614034917006e+00
9.3771273603545833e+00	-1.1531348823553884e+00
9.3770028417318354e+00	-1.1531404022771738e+00
9.3755530005423093e+00	-1.1532035920279606e+00
9.3755357617922446e+00	-1.1532045068506405e+00
9.3752966005064930e+00	-1.1532149304350672e+00
9.3752891406257728e+00	-1.1532153169940962e+00
9.3751355814044057e+00	-1.1532220097056836e+00
9.3751319112808442e+00	-1.1532222057193890e+00
9.3744672165363649e+00	-1.1532511757166248e+00
9.3744655536228070e+00	-1.1532512629541407e+00
9.3743189391788988e+00	-1.1532576529769123e+00
9.3741162407836018e+00	-1.1532683330566462e+00
9.3740932851383683e+00	-1.1532693419544204e+00
9.3739326122215818e+00	-1.1532780083561520e+00
9.3738923343457792e+00	-1.1532801305778126e+00
9.3738922298406386e+00	-1.1532801352009661e+00
9.3738520973646811e+00	-1.1532822497615798e+00
9.3738510480625052e+00	-1.1532822969739533e+00
9.3735146450519853e+00	-1.1533000218847493e+00
9.3735076350765691e+00	-1.1533003364086536e+00
9.3734718155045513e+00	-1.1533022785527456e+00
9.3729677883981637e+00	-1.1533288354955198e+00
9.3729487045752347e+00	-1.1533297072770481e+00
9.3728678275029811e+00	-1.1533341023864061e+00
9.3721359153363757e+00	-1.1533726664820230e+00
9.3721075045169968e+00	-1.1533740010889590e+00
9.3703293893016131e+00	-1.1534676891137150e+00
9.3703285019170846e+00	-1.1534677377950460e+00
9.3646258054485205e+00	-1.1537682100947597e+00
9.3646112332462721e+00	-1.1537690264486020e+00
9.3633341437330238e+00	-1.1538363156731122e+00
9.3632886337615062e+00	-1.1538388819835128e+00
9.3631389267256040e+00	-1.1538467699743271e+00
9.3630529227946493e+00	-1.1538510105383843e+00
9.3629750537205680e+00	-1.1538554043631564e+00
9.3627963521621371e+00	-1.1538648200612422e+00
9.3627760381520915e+00	-1.1538659699086307e+00
9.3627348080573558e+00	-1.1538681423022432e+00
9.3626574199117094e+00	-1.1538719851698003e+00
9.3622091606572813e+00	-1.1538974063118994e+00
9.3621988784624026e+00	-1.1538979173898261e+00
9.3620800524261067e+00	-1.1539046577123926e+00
9.3620679886324538e+00	-1.1539052985576863e+00
9.3614548020779740e+00	-1.1539400811297515e+00
9.3614391421120313e+00	-1.1539408823103885e+00
9.3609998347453303e+00	-1.1539658017089458e+00
9.3609806689940793e+00	-1.1539667813556651e+00
9.3600446464841376e+00	-1.1540198765681562e+00
9.3538970836845436e+00	-1.1543662939358406e+00
9.3488606111627952e+00	-1.1546453001615391e+00
9.3481376497470521e+00	-1.1546803503903409e+00
9.3472392210358795e+00	-1.1547229491118765e+00
9.3411948727899450e+00	-1.1550062895885809e+00
9.3330627824459427e+00	-1.1553862852857995e+00
9.3328073351347065e+00	-1.1553980715451817e+00
9.3293059641771361e+00	-1.1555594885471616e+00
9.3248626491269899e+00	-1.1557614496703095e+00
9.3217751529410187e+00	-1.1559016987133137e+00
9.3166874517657927e+00	-1.1561295126891737e+00
9.3162196393332195e+00	-1.1561498067957470e+00
9.3027817855334387e+00	-1.1566841774053322e+00
9.3023051990084440e+00	-1.1567028184374297e+00
9.2998840027163503e+00	-1.1567974476433138e+00
9.2998809603180188e+00	-1.1567976252855228e+00
9.2997794166554648e+00	-1.1568015939832204e+00
9.2997641493383298e+00	-1.1568024735963256e+00
9.2997009644246500e+00	-1.1568049430790126e+00
9.2994379756265211e+00	-1.1568203555493528e+00
9.2994315906037048e+00	-1.1568206079735490e+00
9.2993963691258656e+00	-1.1568226721298416e+00
9.2993915097838471e+00	-1.1568228656029691e+00
9.2983043442587743e+00	-1.1568865789874523e+00
9.2982317855811427e+00	-1.1568907593921154e+00
9.2981990004459565e+00	-1.1568926807664373e+00
9.2981989910857479e+00	-1.1568926811742681e+00
9.2932121892199859e+00	-1.1571849329218513e+00
9.2932014467217332e+00	-1.1571854317615318e+00
9.2928790755257165e+00	-1.1572043243399703e+00
9.2817824246578002e+00	-1.1578457561722502e+00
9.2817317472853116e+00	-1.1578485213601972e+00
9.2816491213158976e+00	-1.1578525170666063e+00
9.2808816135292052e+00	-1.1578882588658514e+00
9.2803307060087938e+00	-1.1579134787723409e+00
9.2789332409584961e+00	-1.1579762902472985e+00
9.2719742125290630e+00	-1.1582838505203006e+00
9.2717408058087241e+00	-1.1582940512700319e+00
9.2717395567770584e+00	-1.1582941232305224e+00
9.2699044212367170e+00	-1.1583743255415044e+00
9.2699023948252766e+00	-1.1583744459320247e+00
9.2697563514865493e+00	-1.1583808285464003e+00
9.2687364734204785e+00	-1.1584413233239266e+00
9.2687303549143234e+00	-1.1584416012484304e+00
9.2685352200780216e+00	-1.1584531315555235e+00
9.2685181841610049e+00	-1.1584539285044924e+00
9.2681471473338330e+00	-1.1584760623555783e+00
9.2675550472889654e+00	-1.1585110489088590e+00
9.2675299562588691e+00	-1.1585122961629843e+00
9.2671339696656094e+00	-1.1585359299316398e+00
9.2671112408069689e+00	-1.1585372729553918e+00
9.2669433894253856e+00	-1.1585471911125613e+00
9.2667871901998602e+00	-1.1585564207563919e+00
9.2667812546754629e+00	-1.1585567375696011e+00
9.2667410825271315e+00	-1.1585591078995949e+00
9.2667196877102125e+00	-1.1585602608635521e+00
9.2665422931939077e+00	-1.1585708373275334e+00
9.2657985609573785e+00	-1.1586147207368314e+00
9.2657377090180919e+00	-1.1586180178596976e+00
9.2655375359412808e+00	-1.1586299916922052e+00
9.2655331208536342e+00	-1.1586302205669603e+00
9.2653733442897739e+00	-1.1586397307021461e+00
9.2653155803613352e+00	-1.1586429271970240e+00
9.2651411518965627e+00	-1.1586533640130083e+00
9.2651410482604302e+00	-1.1586533694070986e+00
9.2648652532977316e+00	-1.1586696424992626e+00
9.2648528906182772e+00	-1.1586702764558863e+00
9.2647699985897987e+00	-1.1586752135901817e+00
9.2647569516648236e+00	-1.1586759444869703e+00
9.2646546732211146e+00	-1.1586820676319090e+00
9.2635594861376465e+00	-1.1587466883928241e+00
9.2635562697723834e+00	-1.1587468628756505e+00
9.2635366544541249e+00	-1.1587480355606135e+00
9.2635016782758157e+00	-1.1587500993059683e+00
9.2633015871320570e+00	-1.1587620529607163e+00
9.2632692729777375e+00	-1.1587639596351758e+00
9.2632543285846900e+00	-1.1587646995321803e+00
9.2630878020971892e+00	-1.1587746671997208e+00
9.2630615802755347e+00	-1.1587762144002798e+00
9.2630441839958291e+00	-1.1587771533943583e+00
9.2630245403103366e+00	-1.1587783284937254e+00
9.2630175120679628e+00	-1.1587786774218283e+00
9.2628760709801039e+00	-1.1587871602487185e+00
9.2625015904561998e+00	-1.1588092562145746e+00
9.2624877404706769e+00	-1.1588099504995450e+00
9.2623647712902812e+00	-1.1588173291353960e+00
9.2623297633219082e+00	-1.1588193947565020e+00
9.2622659727199270e+00	-1.1588230366366941e+00
9.2621129801438293e+00	-1.1588321858988853e+00
9.2618712992282592e+00	-1.1588464461151520e+00
9.2618671110174802e+00	-1.1588466975290721e+00
9.2618229817715019e+00	-1.1588490624409167e+00
9.2616212396962521e+00	-1.1588611576343810e+00
9.2614195567960618e+00	-1.1588729432974654e+00
9.2611638608228066e+00	-1.1588883003680122e+00
9.2611266912077195e+00	-1.1588903793242247e+00
9.2609355080110678e+00	-1.1589018664564086e+00
9.2609211327357812e+00	-1.1589026056260485e+00
9.2591917629231002e+00	-1.1590065138145356e+00
9.2591902390457683e+00	-1.1590066040469547e+00
9.2584276432093144e+00	-1.1590524241782723e+00
9.2531216376502119e+00	-1.1593700530109843e+00
9.2423637864495891e+00	-1.1600094193080861e+00
9.2421395422707882e+00	-1.1600219573699155e+00
9.2416163309043817e+00	-1.1600479606590626e+00
9.2411954423422280e+00	-1.1600679839160928e+00
9.2363477074338576e+00	-1.1602974814072196e+00
9.2361078396546574e+00	-1.1603085057647411e+00
9.2361059397158094e+00	-1.1603086084538359e+00
9.2358942088959637e+00	-1.1603183396187200e+00
9.2358843549040106e+00	-1.1603188739412369e+00
9.2358661714886345e+00	-1.1603197103672760e+00
9.2356976668778579e+00	-1.1603288473554285e+00
9.2356974258155482e+00	-1.1603288585011533e+00
9.2349434628622760e+00	-1.1603697413621015e+00
9.2349281974279478e+00	-1.1603704641739543e+00
9.2201215034193513e+00	-1.1611733418347567e+00
9.2200825928672785e+00	-1.1611754208254494e+00
9.2200334638475052e+00	-1.1611781156894376e+00
9.2195561164776549e+00	-1.1612039993566137e+00
9.2195356338412502e+00	-1.1612050926243291e+00
9.2195170361858469e+00	-1.1612061184449971e+00
9.2185336616543534e+00	-1.1612594409113814e+00
9.2185089810543417e+00	-1.1612608120740697e+00
9.2167068508480838e+00	-1.1613585307196783e+00
9.2166220573676600e+00	-1.1613633028506389e+00
9.2162801913012764e+00	-1.1613818401843292e+00
9.2162706675648423e+00	-1.1613823744320193e+00
9.2157147211998698e+00	-1.1614125200475260e+00
9.2153083423592221e+00	-1.1614350858143654e+00
9.2131638432829099e+00	-1.1615528395735735e+00
9.2105665181557761e+00	-1.1616952668271106e+00
9.2102664464539536e+00	-1.1617102069412322e+00
9.2040506915669127e+00	-1.1620107600145522e+00
9.2026751785817957e+00	-1.1620753443371292e+00
9.1974243997492025e+00	-1.1623210709238787e+00
9.1951115336943321e+00	-1.1624291319485847e+00
9.1926256793453955e+00	-1.1625447419603634e+00
9.1922720285611295e+00	-1.1625611474122637e+00
9.1908548719072058e+00	-1.1626267239476615e+00
9.1832205997770249e+00	-1.1629730218915630e+00
9.1815265019970305e+00	-1.1630496894293121e+00
9.1792562211346294e+00	-1.1631516373497131e+00
9.1782165762841004e+00	-1.1631972921806080e+00
9.1706255037365612e+00	-1.1635178488636437e+00
9.1665659625709921e+00	-1.1636887508290901e+00
9.1656669228051584e+00	-1.1637263303836130e+00
9.1636341258585006e+00	-1.1638098649017190e+00
9.1578257858530723e+00	-1.1640476868711678e+00
9.1517677054973525e+00	-1.1642955098737318e+00
9.1512941877956848e+00	-1.1643141096940894e+00
9.1406998954403100e+00	-1.1647182316808720e+00
9.1398007876279284e+00	-1.1647518468099736e+00
9.1398007787534059e+00	-1.1647518472823486e+00
9.1381404823198018e+00	-1.1648139211273247e+00
9.1381374893269882e+00	-1.1648141067671729e+00
9.1375218311977910e+00	-1.1648371242750968e+00
9.1372675851425473e+00	-1.1648535575777597e+00
9.1372634669118167e+00	-1.1648537165090806e+00
9.1367733814900962e+00	-1.1648853933901953e+00
9.1367660219455811e+00	-1.1648858648734259e+00
9.1353727063787282e+00	-1.1649742419326479e+00
9.1315670000444342e+00	-1.1652135085509321e+00
9.1314906746896813e+00	-1.1652181617780153e+00
9.1314399046819830e+00	-1.1652212061417644e+00
9.1313207433701411e+00	-1.1652278715372388e+00
9.1313098317334749e+00	-1.1652284582955845e+00
9.1246178236609179e+00	-1.1655578645144793e+00
9.1241674855239072e+00	-1.1655794589435546e+00
9.1241489589629552e+00	-1.1655804760125719e+00
9.1234914495697108e+00	-1.1656120046324951e+00
9.1234541496235124e+00	-1.1656140890088600e+00
9.1234282689903079e+00	-1.1656153300263361e+00
9.1233383142689490e+00	-1.1656203606796129e+00
9.1232789509721766e+00	-1.1656232172233643e+00
9.1232781472294207e+00	-1.1656232622373510e+00
9.1232581946882867e+00	-1.1656242235122756e+00
9.1230586822373940e+00	-1.1656353972998510e+00
9.1230544345966127e+00	-1.1656356029133206e+00
9.1230036765920559e+00	-1.1656384456389657e+00
9.1229687656420708e+00	-1.1656401390898707e+00
9.1170848151094876e+00	-1.1659696724751847e+00
9.1166251275572101e+00	-1.1659954174902813e+00
9.1142037025383722e+00	-1.1661304752047379e+00
9.1117005277198277e+00	-1.1662672019196203e+00
9.1097170344572049e+00	-1.1663752022587197e+00
9.1094204111979131e+00	-1.1663911859665763e+00
9.1090725378007331e+00	-1.1664090833645686e+00
9.1090088507534599e+00	-1.1664121126504572e+00
9.1087633075836916e+00	-1.1664232779960155e+00
9.0966984930252046e+00	-1.1669341382162548e+00
9.0964987063075480e+00	-1.1669424761251594e+00
9.0964977036128971e+00	-1.1669425314752735e+00
9.0952617580848507e+00	-1.1669941124879903e+00
9.0952465305324068e+00	-1.1669950115960985e+00
9.0952227749734273e+00	-1.1669960030117896e+00
9.0952024943052141e+00	-1.1669971983835385e+00
9.0951207432128349e+00	-1.1670006101484263e+00
9.0951064922408627e+00	-1.1670014558415887e+00
9.0950911267795718e+00	-1.1670020984763245e+00
9.0946943985341608e+00	-1.1670257028563022e+00
9.0946851008546901e+00	-1.1670261035050957e+00
9.0938926240643188e+00	-1.1670732539752220e+00
9.0938921619089577e+00	-1.1670732741903984e+00
9.0923455544693859e+00	-1.1671634467828762e+00
9.0893243289864287e+00	-1.1673388256506265e+00
9.0880365040697022e+00	-1.1674127288906193e+00
9.0879322592155507e+00	-1.1674183642039702e+00
9.0871371105063812e+00	-1.1674576968338684e+00
9.0856789131557303e+00	-1.1675296046614565e+00
9.0844052139714311e+00	-1.1675917140249015e+00
9.0818580140636893e+00	-1.1677136524518419e+00
9.0682605747099814e+00	-1.1683520443896434e+00
9.0682308254106783e+00	-1.1683534114335283e+00
9.0670289738066856e+00	-1.1684081489934834e+00
9.0641859967455805e+00	-1.1685214710951186e+00
9.0597007722484513e+00	-1.1686951240248982e+00
9.0579652733418428e+00	-1.1687612120871778e+00
9.0562970748749567e+00	-1.1688245033810176e+00
9.0562904945380609e+00	-1.1688247823395088e+00
9.0547661890731543e+00	-1.1688826143463091e+00
9.0547658017980091e+00	-1.1688826309636802e+00
9.0536284218024718e+00	-1.1689257830543540e+00
9.0536193054115692e+00	-1.1689261772421016e+00
9.0526313521135044e+00	-1.1689636600770659e+00
9.0517606089035372e+00	-1.1690028055814059e+00
9.0446145717637076e+00	-1.1693153025157519e+00
9.0393546738688269e+00	-1.1695424258507732e+00
9.0390039660193651e+00	-1.1695574049998867e+00
9.0384356751817112e+00	-1.1695815490499628e+00
9.0349026414274558e+00	-1.1697355014333948e+00
9.0265305808614897e+00	-1.1700976270439711e+00
9.0241824460004612e+00	-1.1701985552065604e+00
9.0226026171289355e+00	-1.1702660968595613e+00
9.0125586639074342e+00	-1.1706932795496170e+00
9.0124029516468394e+00	-1.1706998491481186e+00
9.0115524776320655e+00	-1.1707356810995524e+00
9.0071445221358015e+00	-1.1709211130405379e+00
9.0071128827276876e+00	-1.1709226030891984e+00
9.0064668587281442e+00	-1.1709497225726255e+00
9.0064641361651390e+00	-1.1709498518467396e+00
9.0062461441196255e+00	-1.1709590033322586e+00
9.0060811792362117e+00	-1.1709668287508244e+00
9.0060696670679086e+00	-1.1709673128656646e+00
9.0056232256430491e+00	-1.1709882179331756e+00
9.0056055195463447e+00	-1.1709889699045386e+00
9.0049135560878160e+00	-1.1710213717875411e+00
9.0048771652985256e+00	-1.1710229123083227e+00
9.0046825853563561e+00	-1.1710321872237111e+00
9.0042074496170610e+00	-1.1710544359312767e+00
9.0041869851990892e+00	-1.1710553062730145e+00
9.0041061764770625e+00	-1.1710591781476367e+00
9.0040348305963978e+00	-1.1710625189900605e+00
9.0040323271441824e+00	-1.1710626280660896e+00
9.0040062584445906e+00	-1.1710638569097274e+00
9.0032374371342261e+00	-1.1710998577387324e+00
9.0032300919732826e+00	-1.1711001716714107e+00
9.0032063604633361e+00	-1.1711013129350176e+00
9.0015627733869188e+00	-1.1711782755484301e+00
9.0015462455642368e+00	-1.1711789908672869e+00
9.0015087366284536e+00	-1.1711808058738453e+00
9.0005092079150124e+00	-1.1712276098084047e+00
9.0005089229814885e+00	-1.1712276222145273e+00
9.0005084268664053e+00	-1.1712276463817892e+00
9.0004615854883561e+00	-1.1712298397762995e+00
9.0004444882789549e+00	-1.1712305836821726e+00
9.0004117603558562e+00	-1.1712321728881048e+00
8.9996005092807803e+00	-1.1712701605334004e+00
8.9996003972983161e+00	-1.1712701659177291e+00
8.9974252600407407e+00	-1.1713720189015326e+00
8.9972794050823381e+00	-1.1713789522506608e+00
8.9962404403968037e+00	-1.1714276028141686e+00
8.9961673652641831e+00	-1.1714311573770779e+00
8.9960846524685181e+00	-1.1714350304866978e+00
8.9959721638986441e+00	-1.1714400627731745e+00
8.9958821885489080e+00	-1.1714445110628100e+00
8.9957403259455369e+00	-1.1714511539215047e+00
8.9957327283100597e+00	-1.1714515270178316e+00
8.9957131803188997e+00	-1.1714524423721249e+00
8.9956473399989889e+00	-1.1714556394151308e+00
8.9952672408148739e+00	-1.1714734379406759e+00
8.9952588111280249e+00	-1.1714738540922065e+00
8.9950549774532558e+00	-1.1714834007897938e+00
8.9950048664100173e+00	-1.1714857477767484e+00
8.9946086379460120e+00	-1.1715043054234455e+00
8.9944767680330635e+00	-1.1715107701338596e+00
8.9943920220771716e+00	-1.1715146338340179e+00
8.9941004288451012e+00	-1.1715291264984768e+00
8.9940509720384938e+00	-1.1715314218826904e+00
8.9940046737049553e+00	-1.1715336915840369e+00
8.9939962849828650e+00	-1.1715340727023464e+00
8.9939542043337219e+00	-1.1715361657637986e+00
8.9937576948564324e+00	-1.1715457993249034e+00
8.9936985745363778e+00	-1.1715484932326523e+00
8.9934146561901311e+00	-1.1715626162438568e+00
8.9933807816441362e+00	-1.1715642768889984e+00
8.9933313203228948e+00	-1.1715666280782364e+00
8.9932171015001874e+00	-1.1715723010448313e+00
8.9931416024698105e+00	-1.1715760022633808e+00
8.9930981667132972e+00	-1.1715780497668573e+00
8.9927631615098722e+00	-1.1715945547228470e+00
8.9924051631468878e+00	-1.1716121050168724e+00
8.9923464528900396e+00	-1.1716148225358554e+00
8.9921464658199799e+00	-1.1716247872372967e+00
8.9915499397028498e+00	-1.1716540309708778e+00
8.9915341483435878e+00	-1.1716547642452055e+00
8.9914863333498491e+00	-1.1716571491700443e+00
8.9912446740496055e+00	-1.1716689961286113e+00
8.9911346838839332e+00	-1.1716741200893876e+00
8.9908294842865129e+00	-1.1716893501390542e+00
8.9907885785476314e+00	-1.1716913914144687e+00
8.9907699454605492e+00	-1.1716922689342488e+00
8.9906379269114414e+00	-1.1716984863091613e+00
8.9903569896281574e+00	-1.1717125134298314e+00
8.9902172249199719e+00	-1.1717193651698858e+00
8.9901905035322400e+00	-1.1717206327490175e+00
8.9900394043037739e+00	-1.1717281942752318e+00
8.9899291279103224e+00	-1.1717336993873158e+00
8.9897563615469327e+00	-1.1717419616849389e+00
8.9889664457641807e+00	-1.1717806860358750e+00
8.9889211051932865e+00	-1.1717828389198037e+00
8.9888576300791634e+00	-1.1717860205498396e+00
8.9885005953578023e+00	-1.1718035236028843e+00
8.9883232435144116e+00	-1.1718119773177076e+00
8.9881135036154145e+00	-1.1718224775047261e+00
8.9880556234302418e+00	-1.1718252604935664e+00
8.9866847563075307e+00	-1.1718939092626091e+00
8.9866325865240384e+00	-1.1718964089291757e+00
8.9863523603794420e+00	-1.1719105247473840e+00
8.9862514635534030e+00	-1.1719156072183869e+00
8.9859631060308534e+00	-1.1719301326381086e+00
8.9857503975959663e+00	-1.1719407814386347e+00
8.9853696868351491e+00	-1.1719598409223460e+00
8.9842278674990030e+00	-1.1720170037064814e+00
8.9839386042697633e+00	-1.1720314850618132e+00
8.9835444819657759e+00	-1.1720512159662326e+00
8.9833172525687015e+00	-1.1720625917281968e+00
8.9819096471939979e+00	-1.1721330605314784e+00
8.9815878312417521e+00	-1.1721491715704382e+00
8.9754535159797584e+00	-1.1724562731652697e+00
8.9751701077620627e+00	-1.1724706636209976e+00
8.9747171498975806e+00	-1.1724932330295286e+00
8.9745811736530001e+00	-1.1725001722372321e+00
8.9733150296476882e+00	-1.1725633552697416e+00
8.9732746553886233e+00	-1.1725654296426822e+00
8.9730311997255097e+00	-1.1725775853164484e+00
8.9728461089868858e+00	-1.1725871108191690e+00
8.9725355454979852e+00	-1.1726026663940938e+00
8.9723418037805338e+00	-1.1726126617240451e+00
8.9723173090933841e+00	-1.1726138886195265e+00
8.9722322667762135e+00	-1.1726182802343474e+00
8.9720699368564887e+00	-1.1726264219876807e+00
8.9714273589522318e+00	-1.1726596051782245e+00
8.9713685361357687e+00	-1.1726625488747158e+00
8.9713052654256273e+00	-1.1726658162202259e+00
8.9712894119570805e+00	-1.1726666108603365e+00
8.9705376910160926e+00	-1.1727054302767141e+00
8.9705316931144559e+00	-1.1727057327339276e+00
8.9703683278494957e+00	-1.1727141690350820e+00
8.9702387017110770e+00	-1.1727207323483011e+00
8.9698563876872992e+00	-1.1727404753226773e+00
8.9698183475892730e+00	-1.1727424068628105e+00
8.9681374885340261e+00	-1.1728292076474902e+00
8.9658446471208855e+00	-1.1729470722480002e+00
8.9605091293549766e+00	-1.1732150536703780e+00
8.9602175354376907e+00	-1.1732292885839422e+00
8.9596510832134673e+00	-1.1732553943370030e+00
8.9589050523342024e+00	-1.1732882579812893e+00
8.9540190898542846e+00	-1.1735011830895585e+00
8.9534352761657718e+00	-1.1735265664601671e+00
8.9530145709233881e+00	-1.1735444349910160e+00
8.9529743281494003e+00	-1.1735463076214372e+00
8.9527851983843512e+00	-1.1735543404901845e+00
8.9514029546823810e+00	-1.1736187352785210e+00
8.9513682818896783e+00	-1.1736202626607748e+00
8.9483168728287641e+00	-1.1737618963390530e+00
8.9378038926197476e+00	-1.1742492377734559e+00
8.9352017921288223e+00	-1.1743671653781067e+00
8.9337413280029754e+00	-1.1744322774946121e+00
8.9333312271664269e+00	-1.1744482780308083e+00
8.9298294220768515e+00	-1.1745780261986465e+00
8.9295530990802146e+00	-1.1745882344855738e+00
8.9283891034464382e+00	-1.1746303962958573e+00
8.9277459253767955e+00	-1.1746530951194118e+00
8.9277218366456736e+00	-1.1746541555156289e+00
8.9276655520876123e+00	-1.1746561418912729e+00
8.9276569271466837e+00	-1.1746565253066110e+00
8.9274134318666540e+00	-1.1746651186432480e+00
8.9272789515373443e+00	-1.1746711166644281e+00
8.9272780381442107e+00	-1.1746711495945605e+00
8.9270200995346389e+00	-1.1746826540372650e+00
8.9269866289729354e+00	-1.1746838599339429e+00
8.9268548554737830e+00	-1.1746897372265028e+00
8.9268444631105712e+00	-1.1746901136747772e+00
8.9264449994617010e+00	-1.1747079303431254e+00
8.9264311023789542e+00	-1.1747084427224539e+00
8.9208460344866385e+00	-1.1749575449940142e+00
8.9206374902402032e+00	-1.1749668463752165e+00
8.9203208553715960e+00	-1.1749807906556780e+00
8.9125620020492313e+00	-1.1753224827354585e+00
8.9052673508331850e+00	-1.1756433464444755e+00
8.9050884495721654e+00	-1.1756511364540267e+00
8.9049838666988919e+00	-1.1756555259176451e+00
8.9038951563410595e+00	-1.1757006948300057e+00
8.8998162536241221e+00	-1.1758673916620146e+00
8.8922877953458901e+00	-1.1761653250624662e+00
8.8867621128145746e+00	-1.1763834312006811e+00
8.8866960889455040e+00	-1.1763860372517947e+00
8.8866682177655978e+00	-1.1763871373648362e+00
8.8866569269669711e+00	-1.1763875830278783e+00
8.8864257483365954e+00	-1.1763967079600515e+00
8.8863713646839599e+00	-1.1763993867071170e+00
8.8863173793137573e+00	-1.1764016662007786e+00
8.8861360912614042e+00	-1.1764088092142777e+00
8.8860863924972318e+00	-1.1764112728322051e+00
8.8860502173250246e+00	-1.1764126779558095e+00
8.8860145975277547e+00	-1.1764143056448200e+00
8.8859739466968115e+00	-1.1764159094910513e+00
8.8859380413958071e+00	-1.1764176834731677e+00
8.8859139842560371e+00	-1.1764186992686956e+00
8.8858722156805587e+00	-1.1764204578161368e+00
8.8857461907684296e+00	-1.1764254385522537e+00
8.8857086247946615e+00	-1.1764272992008902e+00
8.8856554126119427e+00	-1.1764293748443588e+00
8.8856155744424541e+00	-1.1764312386131774e+00
8.8854086881836025e+00	-1.1764394209546016e+00
8.8853366604384334e+00	-1.1764430012769267e+00
8.8852448251666338e+00	-1.1764468677406592e+00
8.8851502743795976e+00	-1.1764505670719592e+00
8.8850804032805293e+00	-1.1764537902579775e+00
8.8850585393760486e+00	-1.1764547107756835e+00
8.8850323349633893e+00	-1.1764557454793287e+00
8.8850216292645747e+00	-1.1764562647712733e+00
8.8848199220843309e+00	-1.1764647570801841e+00
8.8847423289009946e+00	-1.1764678301607385e+00
8.8847190715384876e+00	-1.1764690031064686e+00
8.8845748119981867e+00	-1.1764750767453844e+00
8.8844038771461893e+00	-1.1764819937201731e+00
8.8842657671763323e+00	-1.1764880049295887e+00
8.8837589867722144e+00	-1.1765090764034698e+00
8.8837164300242186e+00	-1.1765112164845715e+00
8.8836623277093008e+00	-1.1765134943091413e+00
8.8836416009167127e+00	-1.1765143110960274e+00
8.8836239963238430e+00	-1.1765151081434426e+00
8.8836210577309966e+00	-1.1765152318645624e+00
8.8835416073526154e+00	-1.1765183829373262e+00
8.8835196586770646e+00	-1.1765195009842249e+00
8.8834333606017033e+00	-1.1765231343200013e+00
8.8832990987622296e+00	-1.1765284649009884e+00
8.8832844459313201e+00	-1.1765292135987300e+00
8.8832652143595237e+00	-1.1765299859723901e+00
8.8832532040226582e+00	-1.1765305848612255e+00
8.8831639321752665e+00	-1.1765341316730689e+00
8.8831258201341239e+00	-1.1765360824393991e+00
8.8830970990719376e+00	-1.1765372916582877e+00
8.8830700136081191e+00	-1.1765383690384745e+00
8.8830608413306358e+00	-1.1765388181876812e+00
8.8829407468387327e+00	-1.1765438744257510e+00
8.8828938523093175e+00	-1.1765457298978086e+00
8.8828815828755729e+00	-1.1765463005719639e+00
8.8827833668146390e+00	-1.1765502241411980e+00
8.8827592884979385e+00	-1.1765514386038776e+00
8.8826444243500919e+00	-1.1765560115251497e+00
8.8826405080615363e+00	-1.1765562135375385e+00
8.8825477941399438e+00	-1.1765599016623698e+00
8.8824950979818773e+00	-1.1765626134207472e+00
8.8824398344821898e+00	-1.1765649362577022e+00
8.8823463642269811e+00	-1.1765687189194596e+00
8.8822675827732738e+00	-1.1765718626476165e+00
8.8822456158530176e+00	-1.1765729868994872e+00
8.8821877869909223e+00	-1.1765752836471339e+00
8.8821621831757334e+00	-1.1765766065051328e+00
8.8816716931172728e+00	-1.1765972227969035e+00
8.8816617940708085e+00	-1.1765977349401118e+00
8.8816322482975778e+00	-1.1765989686552609e+00
8.8816220222637074e+00	-1.1765994977358565e+00
8.8815805766685418e+00	-1.1766011547796393e+00
8.8815254288125534e+00	-1.1766039528127172e+00
8.8811758819822657e+00	-1.1766184314451573e+00
8.8808576183871910e+00	-1.1766311368074271e+00
8.8801027656837768e+00	-1.1766708684938416e+00
8.8800936311524339e+00	-1.1766712377226396e+00
8.8795851473797693e+00	-1.1766980316562070e+00
8.8786524648555645e+00	-1.1767469164954454e+00
8.8786366897358580e+00	-1.1767475739439390e+00
8.8783457721036037e+00	-1.1767629157112705e+00
8.8783367631857235e+00	-1.1767632921170343e+00
8.8779268420584856e+00	-1.1767849084543309e+00
8.8773491610898798e+00	-1.1768151865399050e+00
8.8773413875227281e+00	-1.1768155205946407e+00
8.8771154080019734e+00	-1.1768274382781196e+00
8.8762097835338469e+00	-1.1768749049191103e+00
8.8761968676437544e+00	-1.1768755012827941e+00
8.8705202654214066e+00	-1.1771730299486138e+00
8.8704924651844621e+00	-1.1771743645196653e+00
8.8702435493920273e+00	-1.1771875335103938e+00
8.8699404613420736e+00	-1.1772034193131322e+00
8.8697848357694813e+00	-1.1772116711597782e+00
8.8697248231284096e+00	-1.1772148222559573e+00
8.8696836957505205e+00	-1.1772168904573197e+00
8.8695146714736577e+00	-1.1772258567324352e+00
8.8529464415502037e+00	-1.1780958082138475e+00
8.8528701104456733e+00	-1.1780996387509362e+00
8.8497070768381061e+00	-1.1782368432251600e+00
8.8479286686707432e+00	-1.1783131290719304e+00
8.8462877030201401e+00	-1.1783820192883629e+00
8.8444972373851112e+00	-1.1784569428820502e+00
8.8417013568948750e+00	-1.1785733785660564e+00
8.8327640656164252e+00	-1.1789455760282879e+00
8.8327327512630660e+00	-1.1789469110035835e+00
8.8309211061167652e+00	-1.1790223577698251e+00
8.8308557570503794e+00	-1.1790251548326820e+00
8.8280700459303478e+00	-1.1791411670087522e+00
8.8280085147820540e+00	-1.1791438139886024e+00
8.8269658833304323e+00	-1.1791872364972467e+00
8.8254582211464765e+00	-1.1792522290787635e+00
8.8254367812256369e+00	-1.1792531247184579e+00
8.8193757909343002e+00	-1.1795144030139373e+00
8.8191807367153210e+00	-1.1795226891908663e+00
8.8172949727255059e+00	-1.1796039810552734e+00
8.8010715944904980e+00	-1.1802943369572187e+00
8.8006812543616046e+00	-1.1803075501944282e+00
8.7975779012946198e+00	-1.1804101654851009e+00
8.7903211102103214e+00	-1.1806408521769052e+00
8.7796727571697453e+00	-1.1809751187957591e+00
8.7796701391676066e+00	-1.1809752318420963e+00
8.7765973713841063e+00	-1.1810716902984979e+00
8.7765860201833146e+00	-1.1810722100443982e+00
8.7763601684989911e+00	-1.1810792998430359e+00
8.7763601586383420e+00	-1.1810793002931281e+00
8.7763468328289544e+00	-1.1810797186088273e+00
8.7763397152966220e+00	-1.1810800445376028e+00
8.7761981506909201e+00	-1.1810844884151519e+00
8.7752061572208504e+00	-1.1811302475204688e+00
8.7751923501424454e+00	-1.1811306928153702e+00
8.7716781795276209e+00	-1.1812927960026560e+00
8.7638734047595630e+00	-1.1816528180404628e+00
8.7638644461733382e+00	-1.1816531885685655e+00
8.7632410276980011e+00	-1.1816819859395564e+00
8.7632167613294527e+00	-1.1816830150117639e+00
8.7623382670295786e+00	-1.1817236287328889e+00
8.7623031044678967e+00	-1.1817251470657975e+00
8.7615530907626411e+00	-1.1817598504915392e+00
8.7595468291010388e+00	-1.1818523962001917e+00
8.7593249637774271e+00	-1.1818625549133077e+00
8.7589714872108111e+00	-1.1818789358206050e+00
8.7575985720052429e+00	-1.1819422662490586e+00
8.7574869201051211e+00	-1.1819474458875590e+00
8.7549988405808978e+00	-1.1820622170996895e+00
8.7549931444476581e+00	-1.1820624817782452e+00
8.7545407950312022e+00	-1.1820833479484492e+00
8.7543816485423278e+00	-1.1820907448768851e+00
8.7540579280324735e+00	-1.1821056775970598e+00
8.7540550676011630e+00	-1.1821058104804223e+00
8.7538788815972808e+00	-1.1821139376648748e+00
8.7538784332671771e+00	-1.1821139584862732e+00
8.7509966357574278e+00	-1.1822468912925155e+00
8.7509939749426966e+00	-1.1822470152189901e+00
8.7494836603184112e+00	-1.1823166836674623e+00
8.7489988255241347e+00	-1.1823392880801247e+00
8.7489277903244638e+00	-1.1823425659248836e+00
8.7483912131168857e+00	-1.1823675861877210e+00
8.7483838719303098e+00	-1.1823679250737622e+00
8.7475761576247919e+00	-1.1824055882915361e+00
8.7471082211054245e+00	-1.1824272035340762e+00
8.7457868325222918e+00	-1.1824888190652489e+00
8.7456606896164999e+00	-1.1824946507852709e+00
8.7441361809215792e+00	-1.1825657376814454e+00
8.7440985574446319e+00	-1.1825674785343514e+00
8.7399669516900449e+00	-1.1827601327516009e+00
8.7350502917160231e+00	-1.1829882299797272e+00
8.7227053228504854e+00	-1.1835555024232871e+00
8.7200664928623954e+00	-1.1836739030724737e+00
8.7175471015683605e+00	-1.1837865942233530e+00
8.7105913464992479e+00	-1.1840967468624033e+00
8.7077690171020201e+00	-1.1842201948856346e+00
8.7070151229288015e+00	-1.1842530514198173e+00
8.6974910599909983e+00	-1.1846672759491021e+00
8.6823446689856176e+00	-1.1852868368615255e+00
8.6695125469578098e+00	-1.1858014218719533e+00
8.6693234650335693e+00	-1.1858088959164468e+00
8.6653525623636813e+00	-1.1859589617284743e+00
8.6615928117910865e+00	-1.1860996650458955e+00
8.6615703734223235e+00	-1.1861004823726102e+00
8.6615469747090508e+00	-1.1861013804334934e+00
8.6614240002433380e+00	-1.1861059825779574e+00
8.6610682623048039e+00	-1.1861189427530643e+00
8.6608869641862896e+00	-1.1861259258686363e+00
8.6608852619480228e+00	-1.1861259879779029e+00
8.6606557586230970e+00	-1.1861348278282844e+00
8.6605163847570363e+00	-1.1861400403500273e+00
8.6605006085690004e+00	-1.1861406480063297e+00
8.6604988027785890e+00	-1.1861407141327565e+00
8.6592968804892170e+00	-1.1861870089444397e+00
8.6591513006722582e+00	-1.1861924120100800e+00
8.6585623448883826e+00	-1.1862152631989857e+00
8.6585235683296116e+00	-1.1862167130204329e+00
8.6578160865851927e+00	-1.1862439633130824e+00
8.6576140675892965e+00	-1.1862515718628379e+00
8.6575522892451300e+00	-1.1862541240766264e+00
8.6569955136009771e+00	-1.1862755695759102e+00
8.6568646100429198e+00	-1.1862805328724930e+00
8.6568400481964964e+00	-1.1862815385002339e+00
8.6564740188944160e+00	-1.1862954699683252e+00
8.6564050321290686e+00	-1.1862983133329617e+00
8.6538148285816945e+00	-1.1863980810022254e+00
8.6536017521350352e+00	-1.1864061328246451e+00
8.6472289517886995e+00	-1.1866515959419672e+00
8.6472095669300622e+00	-1.1866524181570703e+00
8.6460034143473692e+00	-1.1866988759082666e+00
8.6459983111838135e+00	-1.1866991017701627e+00
8.6433266635804156e+00	-1.1868020064452625e+00
8.6433129790290515e+00	-1.1868026685680717e+00
8.6428893878810076e+00	-1.1868189841321715e+00
8.6427129024845524e+00	-1.1868279387454352e+00
8.6381603986495090e+00	-1.1870505055989140e+00
8.6381359278280225e+00	-1.1870516204189865e+00
8.6379350733225344e+00	-1.1870602546884941e+00
8.6376036284080779e+00	-1.1870735922393922e+00
8.6347532795422950e+00	-1.1871865873986951e+00
8.6300763220470973e+00	-1.1873681177179642e+00
8.6208497510803319e+00	-1.1877182970107063e+00
8.6198518882182444e+00	-1.1877557368651643e+00
8.6188310787810973e+00	-1.1877928005869185e+00
8.6096691186568819e+00	-1.1881223550460467e+00
8.6088094903677650e+00	-1.1881527119803741e+00
8.6088092322071859e+00	-1.1881527233601041e+00
8.6084176293845598e+00	-1.1881665524317149e+00
8.6083923661298556e+00	-1.1881676795716036e+00
8.6082203880596317e+00	-1.1881737528093619e+00
8.6081135445382948e+00	-1.1881785522257799e+00
8.6081012421663896e+00	-1.1881789907576417e+00
8.6079107315757035e+00	-1.1881875520331198e+00
8.6078937530402939e+00	-1.1881881557695846e+00
8.6076424109580767e+00	-1.1881994507259299e+00
8.6076273813387800e+00	-1.1881999957534433e+00
8.6066648612553980e+00	-1.1882432500395037e+00
8.6066502433604750e+00	-1.1882437827557906e+00
8.6046869235403243e+00	-1.1883320115611888e+00
8.6019619074367011e+00	-1.1884529980769409e+00
8.5993847419834690e+00	-1.1885662976032811e+00
8.5971512059869006e+00	-1.1886628132530606e+00
8.5970723966630747e+00	-1.1886660233809745e+00
8.5970669812650140e+00	-1.1886662316097480e+00
8.5938423765503309e+00	-1.1887786673633842e+00
8.5919018287945139e+00	-1.1888458547715706e+00
8.5918493788643211e+00	-1.1888479761593473e+00
8.5917665265753982e+00	-1.1888508190473204e+00
8.5916935880904717e+00	-1.1888537840814066e+00
8.5915959388160523e+00	-1.1888570271793588e+00
8.5914641127899838e+00	-1.1888623880071052e+00
8.5914474653331627e+00	-1.1888629443170446e+00
8.5912333753263876e+00	-1.1888716504859458e+00
8.5912324835100407e+00	-1.1888716807243105e+00
8.5912070693316309e+00	-1.1888727142154718e+00
8.5911786540546196e+00	-1.1888736763406551e+00
8.5852806654065912e+00	-1.1891135235251198e+00
8.5685676963333570e+00	-1.1897931719299366e+00
8.5685392432547243e+00	-1.1897945953218316e+00
8.5682906567521755e+00	-1.1898047043227624e+00
8.5682805975826675e+00	-1.1898052010841036e+00
8.5678879227526235e+00	-1.1898211695706533e+00
8.5678782208690922e+00	-1.1898216623365092e+00
8.5678451927045582e+00	-1.1898230054563008e+00
8.5677885160316443e+00	-1.1898258859850381e+00
8.5677863223535429e+00	-1.1898259754432010e+00
8.5676740188524398e+00	-1.1898316831434876e+00
8.5676573825784264e+00	-1.1898323659057146e+00
8.5672496377153777e+00	-1.1898530890839665e+00
8.5672234806729204e+00	-1.1898541638415172e+00
8.5649373116842042e+00	-1.1899703558325410e+00
8.5602896995010944e+00	-1.1902065655422023e+00
8.5593862227125985e+00	-1.1902524837430952e+00
8.5593692927235345e+00	-1.1902533306816472e+00
8.5580741673049747e+00	-1.1903191539876892e+00
8.5570284237403520e+00	-1.1903713036556871e+00
8.5523629937875079e+00	-1.1906006138331968e+00
8.5523158682333058e+00	-1.1906027869550504e+00
8.5523125638111068e+00	-1.1906029263778433e+00
8.5522999613173258e+00	-1.1906034526742155e+00
8.5517121512259102e+00	-1.1906179794126761e+00
8.5477047613575348e+00	-1.1907085863156086e+00
8.5474790447114071e+00	-1.1907135110499558e+00
8.5466020986199585e+00	-1.1907319295842962e+00
8.5465924396945638e+00	-1.1907322251379522e+00
8.5459061105082537e+00	-1.1907466401121682e+00
8.5458859561697604e+00	-1.1907473404361804e+00
8.5440187720022163e+00	-1.1907995568318823e+00
8.5440085344957577e+00	-1.1907997944292237e+00
8.5438939869722521e+00	-1.1908029977869417e+00
8.5438812538007571e+00	-1.1908032951618168e+00
8.5438749004934831e+00	-1.1908035315463561e+00
8.5437511325952649e+00	-1.1908069927547686e+00
8.5437438463512692e+00	-1.1908071663856259e+00
8.5437368538531775e+00	-1.1908073920643065e+00
8.5430044310534861e+00	-1.1908278744995129e+00
8.5429872745990956e+00	-1.1908282974964497e+00
8.5429815700266598e+00	-1.1908285138153574e+00
8.5424639125898540e+00	-1.1908429902692756e+00
8.5424630930597658e+00	-1.1908430121116385e+00
8.5424629563244920e+00	-1.1908430170115389e+00
8.5414371123614572e+00	-1.1908717050623663e+00
8.5413675761990007e+00	-1.1908735189705817e+00
8.5351511415794086e+00	-1.1910473620094992e+00
8.5259277406576093e+00	-1.1914718827845294e+00
8.5248130872170567e+00	-1.1915227086234605e+00
8.5188503338328179e+00	-1.1917940128044593e+00
8.5185155834862698e+00	-1.1918082306799820e+00
8.5184972886016954e+00	-1.1918089976234525e+00
8.5183920182602773e+00	-1.1918130824106576e+00
8.5171903814328438e+00	-1.1918526609866091e+00
8.5020078132769523e+00	-1.1923336525930088e+00
8.4979835972523432e+00	-1.1924593049200274e+00
8.4979823468095859e+00	-1.1924593574623519e+00
8.4974908689305853e+00	-1.1924747033927883e+00
8.4974891323282353e+00	-1.1924747749815583e+00
8.4949798588491383e+00	-1.1925531246650363e+00
8.4949578827738836e+00	-1.1925538863904648e+00
8.4932364718108904e+00	-1.1926076358144351e+00
8.4932327141268082e+00	-1.1926078099346054e+00
8.4924933666500024e+00	-1.1926308952970743e+00
8.4918123507337953e+00	-1.1926629154920234e+00
8.4918015465723489e+00	-1.1926632899812992e+00
8.4841407980481662e+00	-1.1930234851769808e+00
8.4752248416453657e+00	-1.1934388407812382e+00
8.4669288992333431e+00	-1.1938244724005564e+00
8.4667171152424512e+00	-1.1938342463977045e+00
8.4664491308157377e+00	-1.1938460087636047e+00
8.4603281711745275e+00	-1.1940983010075064e+00
8.4494166244456608e+00	-1.1945312940317943e+00
8.4483602811324818e+00	-1.1945670452937918e+00
8.4410680613017437e+00	-1.1948057272445702e+00
8.4401208346613146e+00	-1.1948358398233361e+00
8.4399368045502960e+00	-1.1948445179598206e+00
8.4398524836663533e+00	-1.1948472329276152e+00
8.4397747816930124e+00	-1.1948508321321567e+00
8.4395642085091698e+00	-1.1948597267879693e+00
8.4395442279348369e+00	-1.1948603873845429e+00
8.4393087833957807e+00	-1.1948703326116588e+00
8.4393027429337586e+00	-1.1948705329608902e+00
8.4392923843183958e+00	-1.1948710253121553e+00
8.4391231209498478e+00	-1.1948781750326345e+00
8.4391045490726704e+00	-1.1948787991721883e+00
8.4390774614580337e+00	-1.1948801036992236e+00
8.4387693686410579e+00	-1.1948931176049609e+00
8.4387488719618915e+00	-1.1948938211240381e+00
8.4387215971585636e+00	-1.1948951354824831e+00
8.4378862891206747e+00	-1.1949304190706342e+00
8.4378817441839420e+00	-1.1949305797970751e+00
8.4378576561307543e+00	-1.1949316285341831e+00
8.4373339762698141e+00	-1.1949537488822446e+00
8.4373236940146032e+00	-1.1949541409676763e+00
8.4373161015208389e+00	-1.1949545039154210e+00
8.4371497679897089e+00	-1.1949615298789482e+00
8.4371199552503384e+00	-1.1949626845754666e+00
8.4371016521551905e+00	-1.1949635623019725e+00
8.4360567925701115e+00	-1.1950076973917882e+00
8.4360455045972280e+00	-1.1950081476528933e+00
8.4360393509295157e+00	-1.1950084341303751e+00
8.4353026178234671e+00	-1.1950395538925613e+00
8.4352979017102712e+00	-1.1950397469162655e+00
8.4352970934926415e+00	-1.1950397872414635e+00
8.4339180503241717e+00	-1.1950980383165068e+00
8.4339028451532485e+00	-1.1950986097535690e+00
8.4338914453218070e+00	-1.1950991621174325e+00
8.4336587461521830e+00	-1.1951089913795629e+00
8.4336522506525089e+00	-1.1951092448400604e+00
8.4336494412445333e+00	-1.1951093844208298e+00
8.4332150590366375e+00	-1.1951277328171439e+00
8.4332076803124671e+00	-1.1951280128134625e+00
8.4332035728838388e+00	-1.1951282179946670e+00
8.4328852648104977e+00	-1.1951416633949932e+00
8.4328669933738514e+00	-1.1951423316610377e+00
8.4328553942286550e+00	-1.1951429251346866e+00
8.4327979184698627e+00	-1.1951453529228915e+00
8.4327823193656268e+00	-1.1951461445518279e+00
8.4326149965928110e+00	-1.1951532123011330e+00
8.4325378735945886e+00	-1.1951562649190437e+00
8.4325317567959512e+00	-1.1951565777352608e+00
8.4325159269737515e+00	-1.1951571619670673e+00
8.4324896029988956e+00	-1.1951585089530552e+00
8.4324454982267287e+00	-1.1951603719479578e+00
8.4324003872773474e+00	-1.1951621147509930e+00
8.4323823857722591e+00	-1.1951630378313802e+00
8.4323018495266968e+00	-1.1951664396994226e+00
8.4322533337615688e+00	-1.1951689373101191e+00
8.4322242170398418e+00	-1.1951700548910693e+00
8.4319565672892196e+00	-1.1951838417674043e+00
8.4319510976505665e+00	-1.1951840502380324e+00
8.4316310168287174e+00	-1.1952005378854065e+00
8.4316103506352125e+00	-1.1952013119931661e+00
8.4312807200076421e+00	-1.1952182915595135e+00
8.4312765784041890e+00	-1.1952184546396341e+00
8.4289184784184545e+00	-1.1953399224639574e+00
8.4172843859714188e+00	-1.1959328145390287e+00
8.4162730169164011e+00	-1.1959840446378942e+00
8.4161565232109634e+00	-1.1959898248625613e+00
8.4155661737361225e+00	-1.1960188215124201e+00
8.4153228514716147e+00	-1.1960303680062896e+00
8.4132284354027931e+00	-1.1961266394617593e+00
8.4122795031388353e+00	-1.1961698388803772e+00
8.4004664872830226e+00	-1.1967036584264228e+00
8.3988139722052164e+00	-1.1967776264827095e+00
8.3932071237915089e+00	-1.1970258589871043e+00
8.3901638016402096e+00	-1.1971582031522896e+00
8.3890760376467508e+00	-1.1972051141864795e+00
8.3888867403739056e+00	-1.1972132193494229e+00
8.3887870023276445e+00	-1.1972172801137242e+00
8.3887433146426673e+00	-1.1972186756340610e+00
8.3882548476987253e+00	-1.1972324006521184e+00
8.3767698774539223e+00	-1.1975442198346209e+00
8.3735139300560011e+00	-1.1976305399971250e+00
8.3735067211429399e+00	-1.1976307446130754e+00
8.3700542515997629e+00	-1.1977222748792578e+00
8.3700051173055865e+00	-1.1977236996908633e+00
8.3674096042996364e+00	-1.1977925107240508e+00
8.3673969021004808e+00	-1.1977928979037096e+00
8.3637180853389967e+00	-1.1978904289820300e+00
8.3637159230366773e+00	-1.1978904957795007e+00
8.3634092197638772e+00	-1.1978986269539680e+00
8.3633865751710168e+00	-1.1978993511270655e+00
8.3632359138279551e+00	-1.1979033453904937e+00
8.3632347905301856e+00	-1.1979033809022184e+00
8.3631564335729500e+00	-1.1979054582654112e+00
8.3631137414390242e+00	-1.1979068029213580e+00
8.3628878788883512e+00	-1.1979127927688600e+00
8.3626415721442715e+00	-1.1979206382644156e+00
8.3626083766479660e+00	-1.1979215238778886e+00
8.3623775460821967e+00	-1.1979288764178468e+00
8.3623451844185119e+00	-1.1979297816331378e+00
8.3621020507938688e+00	-1.1979376295403055e+00
8.3615584802115599e+00	-1.1979549436443249e+00
8.3615312859046984e+00	-1.1979557052923793e+00
8.3597418868975755e+00	-1.1980127021968290e+00
8.3597126147136294e+00	-1.1980135049586969e+00
8.3596782089921202e+00	-1.1980147304998952e+00
8.3591602121090727e+00	-1.1980312300166216e+00
8.3591527070414955e+00	-1.1980314618618761e+00
8.3591203649980379e+00	-1.1980324992483420e+00
8.3582503593412714e+00	-1.1980602111388101e+00
8.3582037574223040e+00	-1.1980615330456565e+00
8.3571754499602537e+00	-1.1980942872507980e+00
8.3571665523308241e+00	-1.1980945397988434e+00
8.3571605706984968e+00	-1.1980947611930866e+00
8.3566670323119734e+00	-1.1981104816445605e+00
8.3566609482318288e+00	-1.1981106580726164e+00
8.3566553146233407e+00	-1.1981108548827129e+00
8.3542134945187883e+00	-1.1981886330566296e+00
8.3502123387023754e+00	-1.1983160800345525e+00
8.3501983992971542e+00	-1.1983166574641100e+00
8.3498532207544507e+00	-1.1983276522776414e+00
8.3498323750014922e+00	-1.1983282876834809e+00
8.3498299740369237e+00	-1.1983283927446542e+00
8.3494018366934810e+00	-1.1983420300067509e+00
8.3493847706566697e+00	-1.1983425469428086e+00
8.3493826503391588e+00	-1.1983426411408802e+00
8.3474879867495204e+00	-1.1984029909897136e+00
8.3474764702166429e+00	-1.1984034995065835e+00
8.3471379602376334e+00	-1.1984142819094195e+00
8.3470540288860029e+00	-1.1984169410849124e+00
8.3470531474730461e+00	-1.1984169834114433e+00
8.3465359367047576e+00	-1.1984334578884175e+00
8.3465193578129693e+00	-1.1984342048501242e+00
8.3464301244851473e+00	-1.1984382252562940e+00
8.3463284636417558e+00	-1.1984428055839809e+00
8.3462947765584268e+00	-1.1984438861132418e+00
8.3434618717628730e+00	-1.1985717677715706e+00
8.3434449486796645e+00	-1.1985723589794344e+00
8.3397484456445774e+00	-1.1987392247840623e+00
8.3397467842725650e+00	-1.1987392862753374e+00
8.3397329151114672e+00	-1.1987399258560969e+00
8.3392355001748051e+00	-1.1987623799276483e+00
8.3349967156332863e+00	-1.1989537251494566e+00
8.3349874609879873e+00	-1.1989542368663826e+00
8.3343511065081497e+00	-1.1989829628815647e+00
8.3343443309091914e+00	-1.1989833540902450e+00
8.3343147437541649e+00	-1.1989846605222785e+00
8.3338796303901397e+00	-1.1990098519360419e+00
8.3338656688110770e+00	-1.1990104957786851e+00
8.3337292107141536e+00	-1.1990183961850278e+00
8.3319375674935152e+00	-1.1991192827279558e+00
8.3294017397377527e+00	-1.1992600480662159e+00
8.3293555327042998e+00	-1.1992625169173878e+00
8.3293481727229466e+00	-1.1992628939196752e+00
8.3291735980432779e+00	-1.1992712585025749e+00
8.3287730437220571e+00	-1.1992892242962436e+00
8.3215701475395196e+00	-1.1996059847059126e+00
8.3210580033974590e+00	-1.1996283942112709e+00
8.3208163045075505e+00	-1.1996387854443131e+00
8.3207338718221902e+00	-1.1996424808233235e+00
8.3203918338120868e+00	-1.1996571858832996e+00
8.3203580975645206e+00	-1.1996587029852994e+00
8.3202747266227419e+00	-1.1996622873082778e+00
8.3201968571073515e+00	-1.1996657925233514e+00
8.3201574039101676e+00	-1.1996674905146625e+00
8.3199464741721876e+00	-1.1996769870685031e+00
8.3198814634982945e+00	-1.1996797903036238e+00
8.3196449955238059e+00	-1.1996904366490506e+00
8.3196361832269563e+00	-1.1996908179729928e+00
8.3194301128917729e+00	-1.1997000957450688e+00
8.3193347282995411e+00	-1.1997042348332214e+00
8.3190540787098399e+00	-1.1997168703390750e+00
8.3134125636339462e+00	-1.1999676323514519e+00
8.3100689679000457e+00	-1.2001124171759125e+00
8.3099128437731551e+00	-1.2001168603140220e+00
8.3011556085769307e+00	-1.2003600732024959e+00
8.2994232242798542e+00	-1.2004064423711800e+00
8.2993966223259275e+00	-1.2004071717644653e+00
8.2970951126063941e+00	-1.2004687742002489e+00
8.2970112394407973e+00	-1.2004711239817787e+00
8.2961591154166250e+00	-1.2004939320173187e+00
8.2961337392270007e+00	-1.2004946616641152e+00
8.2950962480776820e+00	-1.2005224312543801e+00
8.2893036951088810e+00	-1.2006774752975380e+00
8.2891980013921689e+00	-1.2006806188603114e+00
8.2889605093974037e+00	-1.2006869755944292e+00
8.2889413964699656e+00	-1.2006875584224341e+00
8.2889118609553947e+00	-1.2006883489729254e+00
8.2888809792003713e+00	-1.2006892743604889e+00
8.2887707870849958e+00	-1.2006922331856436e+00
8.2881973850274413e+00	-1.2007094478547684e+00
8.2881851293160160e+00	-1.2007097776412690e+00
8.2881112559029475e+00	-1.2007119954679166e+00
8.2880394537264905e+00	-1.2007139278049490e+00
8.2877664194666778e+00	-1.2007223481429279e+00
8.2875120906470876e+00	-1.2007299835994465e+00
8.2875102515618284e+00	-1.2007300332918103e+00
8.2875038113051218e+00	-1.2007302321617435e+00
8.2874929589150419e+00	-1.2007305579720575e+00
8.2874663161490272e+00	-1.2007312798108902e+00
8.2872883961034987e+00	-1.2007366213241863e+00
8.2872540020547643e+00	-1.2007375523059978e+00
8.2871066558491222e+00	-1.2007420775277429e+00
8.2869840887912041e+00	-1.2007457572343638e+00
8.2869799761183494e+00	-1.2007458710780756e+00
8.2869665918528597e+00	-1.2007462825272197e+00
8.2869220342199199e+00	-1.2007476202358971e+00
8.2868500388752917e+00	-1.2007495726906032e+00
8.2866119293359635e+00	-1.2007569302006957e+00
8.2863114044939863e+00	-1.2007659525535985e+00
8.2862363082319987e+00	-1.2007680116019448e+00
8.2827757988242130e+00	-1.2008719029704422e+00
8.2825432161089427e+00	-1.2008791382887516e+00
8.2825119436634633e+00	-1.2008801111301646e+00
8.2824948771929829e+00	-1.2008806242612073e+00
8.2822113269160837e+00	-1.2008891496589715e+00
8.2820887784743125e+00	-1.2008928342761156e+00
8.2819537813226631e+00	-1.2008968931838602e+00
8.2817560715594425e+00	-1.2009028376477193e+00
8.2817281095950275e+00	-1.2009036783694127e+00
8.2816693691536294e+00	-1.2009054444958056e+00
8.2812288241077052e+00	-1.2009186901952653e+00
8.2810764421607264e+00	-1.2009237298513145e+00
8.2809724580919877e+00	-1.2009269884058942e+00
8.2809098332041771e+00	-1.2009288760437724e+00
8.2807874407107622e+00	-1.2009327863059212e+00
8.2804839047480652e+00	-1.2009422982293667e+00
8.2804326311368808e+00	-1.2009437822226723e+00
8.2803878406899329e+00	-1.2009451858234144e+00
8.2803838192959471e+00	-1.2009453037744426e+00
8.2799530394247274e+00	-1.2009588031473688e+00
8.2798157756109845e+00	-1.2009630009687835e+00
8.2797971274016504e+00	-1.2009636889711590e+00
8.2795251879297407e+00	-1.2009722107536052e+00
8.2794624133968568e+00	-1.2009740157226529e+00
8.2794475212545340e+00	-1.2009746445985514e+00
8.2793710831983880e+00	-1.2009770399421935e+00
8.2789626618363368e+00	-1.2009896783890144e+00
8.2789461177831569e+00	-1.2009903258670551e+00
8.2785914297472409e+00	-1.2010014407458811e+00
8.2784643858020832e+00	-1.2010053486112238e+00
8.2784524264026036e+00	-1.2010057967014691e+00
8.2758252136364270e+00	-1.2010881258149126e+00
8.2747171564294781e+00	-1.2011225959026319e+00
8.2704149925392798e+00	-1.2012574104682483e+00
8.2703900397945738e+00	-1.2012581815002343e+00
8.2703895474233651e+00	-1.2012582078279810e+00
8.2692956609711779e+00	-1.2012924863516841e+00
8.2685096819454369e+00	-1.2013382021019687e+00
8.2549840783906312e+00	-1.2021175201791194e+00
8.2536053592149745e+00	-1.2021963184070850e+00
8.2535218639929315e+00	-1.2022008356946656e+00
8.2534866295637350e+00	-1.2022025159677625e+00
8.2506058215132647e+00	-1.2023110543199891e+00
8.2492753284934288e+00	-1.2023569474839670e+00
8.2485163152477092e+00	-1.2023827901358732e+00
8.2478313919546142e+00	-1.2024058820115937e+00
8.2470369885873076e+00	-1.2024315806957633e+00
8.2470318786955499e+00	-1.2024317133829172e+00
8.2462837988771440e+00	-1.2024493084114916e+00
8.2397953934758377e+00	-1.2025927674416563e+00
8.2397631947141363e+00	-1.2025934650929755e+00
8.2350589538494994e+00	-1.2026922470624135e+00
8.2347278347274440e+00	-1.2027003920844790e+00
8.2344425736963114e+00	-1.2027074090679097e+00
8.2340881360975384e+00	-1.2027161276887037e+00
8.2340675971535084e+00	-1.2027165733594989e+00
8.2339681029347283e+00	-1.2027190274814552e+00
8.2339033326685502e+00	-1.2027204308603201e+00
8.2338778442407321e+00	-1.2027212160633074e+00
8.2338716984487146e+00	-1.2027214053921389e+00
8.2338642351722235e+00	-1.2027216353077319e+00
8.2338400118092494e+00	-1.2027222311652730e+00
8.2334580773491606e+00	-1.2027316261666421e+00
8.2333625777014721e+00	-1.2027339753113635e+00
8.2331854296298523e+00	-1.2027383328819659e+00
8.2307652906918598e+00	-1.2027978645844219e+00
8.2307262830212142e+00	-1.2027989901318028e+00
8.2305249125324700e+00	-1.2028039571313314e+00
8.2304625379362797e+00	-1.2028057136558705e+00
8.2304296209006953e+00	-1.2028064977673787e+00
8.2304196560599792e+00	-1.2028068202512756e+00
8.2301648176386006e+00	-1.2028131176183428e+00
8.2299421688793117e+00	-1.2028184941912246e+00
8.2299260410810167e+00	-1.2028189954233510e+00
8.2298483259726432e+00	-1.2028208633519275e+00
8.2298388452324769e+00	-1.2028211643685101e+00
8.2298025818539600e+00	-1.2028220588401137e+00
8.2295911266007096e+00	-1.2028271024235724e+00
8.2295820931194115e+00	-1.2028274000288541e+00
8.2295436872759709e+00	-1.2028282857103623e+00
8.2295237502253453e+00	-1.2028289364942153e+00
8.2291521192671109e+00	-1.2028381031343016e+00
8.2289979827329987e+00	-1.2028415324886175e+00
8.2289537982353433e+00	-1.2028429949159991e+00
8.2289086519139438e+00	-1.2028441084940538e+00
8.2289025865255390e+00	-1.2028443088829854e+00
8.2288677256985086e+00	-1.2028451703363836e+00
8.2288655200667780e+00	-1.2028452227214363e+00
8.2288341133697873e+00	-1.2028459686489896e+00
8.2284662987994057e+00	-1.2028547044616937e+00
8.2198859177811663e+00	-1.2031397928948040e+00
8.2172476109092418e+00	-1.2032257646794038e+00
8.2167129374880261e+00	-1.2032426419128255e+00
8.2158831818782510e+00	-1.2032683252176672e+00
8.2138177711846403e+00	-1.2033314301296252e+00
8.2023177678277719e+00	-1.2036756861002336e+00
8.2003131183630469e+00	-1.2037337086032869e+00
8.2001990680636645e+00	-1.2037366073214895e+00
8.1923878843137121e+00	-1.2038901137880118e+00
8.1874886172997172e+00	-1.2039857930436291e+00
8.1873634350556923e+00	-1.2039882123563648e+00
8.1835112032564492e+00	-1.2040611427530932e+00
8.1808937464094686e+00	-1.2041850059918706e+00
8.1808915110068412e+00	-1.2041850616234422e+00
8.1798926065845379e+00	-1.2042323317941050e+00
8.1798920165060149e+00	-1.2042323462108513e+00
8.1798838175637343e+00	-1.2042327477082846e+00
8.1761413075230891e+00	-1.2044098508268399e+00
8.1761344186617340e+00	-1.2044102268011141e+00
8.1755518753564029e+00	-1.2044377939033606e+00
8.1744307718828146e+00	-1.2044997801827069e+00
8.1744206816851879e+00	-1.2045002742938142e+00
8.1696229570264673e+00	-1.2047655424942330e+00
8.1695406576795513e+00	-1.2047700928595009e+00
8.1694969981285279e+00	-1.2047724686556782e+00
8.1686605185509080e+00	-1.2048179868741749e+00
8.1665386586786131e+00	-1.2049285968769476e+00
8.1664006497621209e+00	-1.2049350880928267e+00
8.1663567244194954e+00	-1.2049371301955791e+00
8.1663351758773217e+00	-1.2049379620424219e+00
8.1659711791029874e+00	-1.2049480593259290e+00
8.1654500997026425e+00	-1.2049622984986823e+00
8.1581727767888186e+00	-1.2051392873082913e+00
8.1501882054679289e+00	-1.2053275974301858e+00
8.1501693476849386e+00	-1.2053282219836843e+00
8.1494330596803781e+00	-1.2053455867836611e+00
8.1494078307454902e+00	-1.2053464783799950e+00
8.1493677142294114e+00	-1.2053474244979179e+00
8.1491625697274834e+00	-1.2053546959537895e+00
8.1490512696750379e+00	-1.2053573563895519e+00
8.1488741366461088e+00	-1.2053636496402449e+00
8.1488473695558685e+00	-1.2053642925456978e+00
8.1484509588908214e+00	-1.2053783763769721e+00
8.1484463598954004e+00	-1.2053784885924070e+00
8.1482303168806922e+00	-1.2053861642521091e+00
8.1482282807221438e+00	-1.2053862187478632e+00
8.1479941939240650e+00	-1.2053945354740727e+00
8.1479877207722069e+00	-1.2053947137448342e+00
8.1471369337223472e+00	-1.2054249408358715e+00
8.1471239169748131e+00	-1.2054252808634189e+00
8.1468963279769842e+00	-1.2054334891697587e+00
8.1464608015017639e+00	-1.2054489627226506e+00
8.1464529546739310e+00	-1.2054491627603299e+00
8.1464188581067223e+00	-1.2054504529037957e+00
8.1460356682021509e+00	-1.2054640670227834e+00
8.1460165433827711e+00	-1.2054645603372196e+00
8.1459545358417191e+00	-1.2054669495246331e+00
8.1455961711395428e+00	-1.2054796816442381e+00
8.1455245060123644e+00	-1.2054820551314036e+00
8.1327859246462690e+00	-1.2059346363721521e+00
8.1327592010786205e+00	-1.2059358390157968e+00
8.1327449069597790e+00	-1.2059363468627740e+00
8.1327428536538466e+00	-1.2059364401849257e+00
8.1320836259353140e+00	-1.2059598614820242e+00
8.1320651544073357e+00	-1.2059607229243003e+00
8.1320388087693729e+00	-1.2059616567594365e+00
8.1317566621429140e+00	-1.2059748569465043e+00
8.1317510093657024e+00	-1.2059750593031056e+00
8.1315315648508264e+00	-1.2059853286782325e+00
8.1315138264395195e+00	-1.2059859686490950e+00
8.1312984336372960e+00	-1.2059960484156680e+00
8.1312757620199552e+00	-1.2059968660983422e+00
8.1287369230188382e+00	-1.2061156764960603e+00
8.1247317116714797e+00	-1.2062992578941356e+00
8.1237106086382109e+00	-1.2063449019059280e+00
8.1226204650824823e+00	-1.2063928853683761e+00
8.1225448526628163e+00	-1.2063956678097150e+00
8.1215503444773880e+00	-1.2064291929113833e+00
8.1135431032475864e+00	-1.2066832587495997e+00
8.1115777883502229e+00	-1.2067432040326986e+00
8.1083862487388121e+00	-1.2068319650553103e+00
8.0942558884540414e+00	-1.2072226620569411e+00
8.0930722194997369e+00	-1.2072550459771849e+00
8.0930703832539646e+00	-1.2072551270965843e+00
8.0930659201275574e+00	-1.2072553242630741e+00
8.0926493494864875e+00	-1.2072666511090742e+00
8.0925529197682557e+00	-1.2072692731003059e+00
8.0925502209940525e+00	-1.2072693643308468e+00
8.0900475859785814e+00	-1.2073378633430492e+00
8.0900380774860743e+00	-1.2073382983278447e+00
8.0893700329423872e+00	-1.2073564840166460e+00
8.0893558179326863e+00	-1.2073571925908091e+00
8.0892647943042668e+00	-1.2073596877840171e+00
8.0891274377616948e+00	-1.2073634530823036e+00
8.0891183252240495e+00	-1.2073637028805422e+00
8.0888014025047212e+00	-1.2073797870301703e+00
8.0888011522436418e+00	-1.2073797946365801e+00
8.0879165815221388e+00	-1.2074246874983843e+00
8.0879151625287715e+00	-1.2074247294961533e+00
8.0878372486332601e+00	-1.2074286837054198e+00
8.0878283437694147e+00	-1.2074289847293236e+00
8.0847447586083643e+00	-1.2075854798055581e+00
8.0750233986808304e+00	-1.2080711880921844e+00
8.0738905549053115e+00	-1.2081258091136731e+00
8.0729198288145909e+00	-1.2081691305088842e+00
8.0727831429689196e+00	-1.2081746632960739e+00
8.0718149646969035e+00	-1.2082124125742437e+00
8.0718080849409279e+00	-1.2082126302203275e+00
8.0605236733638250e+00	-1.2084954783852968e+00
8.0578112525205032e+00	-1.2085634662686628e+00
8.0565349489288582e+00	-1.2085946338151512e+00
8.0544293646344336e+00	-1.2086460525346558e+00
8.0544256619180086e+00	-1.2086461564514912e+00
8.0521360263276875e+00	-1.2087020697343260e+00
8.0521321679472564e+00	-1.2087021813183447e+00
8.0498150442811731e+00	-1.2087587658645724e+00
8.0497927391089892e+00	-1.2087594439568070e+00
8.0471732478986073e+00	-1.2088234123688761e+00
8.0471508298330487e+00	-1.2088241309827770e+00
8.0469157360380024e+00	-1.2088298720082953e+00
8.0468792790581265e+00	-1.2088311049247225e+00
8.0468591479079450e+00	-1.2088315972030128e+00
8.0466662551185166e+00	-1.2088378117067564e+00
8.0466606041550808e+00	-1.2088379503484992e+00
8.0466348755853101e+00	-1.2088388226736628e+00
8.0459747006224944e+00	-1.2088600917931049e+00
8.0459579153728118e+00	-1.2088605323565822e+00
8.0454202826494168e+00	-1.2088779536975311e+00
8.0451860764647076e+00	-1.2088854992113680e+00
8.0451798450180210e+00	-1.2088856577413827e+00
8.0451149411882987e+00	-1.2088877910048708e+00
8.0429871531848285e+00	-1.2089563427975660e+00
8.0429582512865583e+00	-1.2089570998146624e+00
8.0428825521552536e+00	-1.2089597127705538e+00
8.0425573566583317e+00	-1.2089701897232643e+00
8.0422887814117630e+00	-1.2089788425188417e+00
8.0422788253900368e+00	-1.2089791115718687e+00
8.0422589935053086e+00	-1.2089798022076756e+00
8.0420479343940450e+00	-1.2089866019830378e+00
8.0420206629265216e+00	-1.2089874421312918e+00
8.0419969441158372e+00	-1.2089882447571183e+00
8.0408129061221096e+00	-1.2090263913802579e+00
8.0407864815979089e+00	-1.2090271122669509e+00
8.0407563057251412e+00	-1.2090282148977667e+00
8.0406573689481711e+00	-1.2090314023832747e+00
8.0406551303614737e+00	-1.2090314637656694e+00
8.0406525162165980e+00	-1.2090315587256584e+00
8.0403776304395560e+00	-1.2090404148301068e+00
8.0403203516560069e+00	-1.2090420223606968e+00
8.0402565558753043e+00	-1.2090443155375155e+00
8.0398600644614326e+00	-1.2090570894591490e+00
8.0397920296463568e+00	-1.2090590570199471e+00
8.0397274271693284e+00	-1.2090613626875615e+00
8.0385939259447916e+00	-1.2090978811475008e+00
8.0385832390499399e+00	-1.2090981818932931e+00
8.0380260181602345e+00	-1.2091161341003993e+00
8.0380254872881576e+00	-1.2091161502680801e+00
8.0380246523124228e+00	-1.2091161781044617e+00
8.0374612182170964e+00	-1.2091343304848856e+00
8.0373712650497993e+00	-1.2091370651216651e+00
8.0373388213638943e+00	-1.2091382737930034e+00
8.0356677893089792e+00	-1.2091921100975738e+00
8.0356640760968414e+00	-1.2091922444458485e+00
8.0350732956252493e+00	-1.2092112778553568e+00
8.0347977542780900e+00	-1.2092201103677707e+00
8.0347910301196546e+00	-1.2092203717154562e+00
8.0345004732597065e+00	-1.2092297327014174e+00
8.0344542351061659e+00	-1.2092311197816723e+00
8.0344363788678930e+00	-1.2092317976559399e+00
8.0332434028001050e+00	-1.2092702322405677e+00
8.0332351341583035e+00	-1.2092705607379601e+00
8.0331126539572715e+00	-1.2092745067238100e+00
8.0330288832645191e+00	-1.2092770702043132e+00
8.0327104284428650e+00	-1.2092898012170528e+00
8.0326990307494466e+00	-1.2092901705455821e+00
8.0289629167408592e+00	-1.2094395860531453e+00
8.0289475285949621e+00	-1.2094401702315132e+00
8.0288476554849915e+00	-1.2094441643792784e+00
8.0288398546653497e+00	-1.2094444336452170e+00
8.0283695316128494e+00	-1.2094632429099896e+00
8.0214915611677267e+00	-1.2097302838218784e+00
8.0208987328698544e+00	-1.2097528423321589e+00
8.0208363422509272e+00	-1.2097549786430879e+00
8.0205715387159788e+00	-1.2097629800787737e+00
8.0149377547510490e+00	-1.2099289346852009e+00
8.0128555222000308e+00	-1.2099888344262935e+00
8.0125362613685063e+00	-1.2099978533389903e+00
8.0124925493427437e+00	-1.2099991318544487e+00
8.0114751848394121e+00	-1.2100278717458803e+00
8.0114100510222173e+00	-1.2100297987489232e+00
8.0113571677027871e+00	-1.2100313633174049e+00
8.0113550233174760e+00	-1.2100314267596719e+00
8.0110892209104438e+00	-1.2100389355063357e+00
8.0106833423062547e+00	-1.2100509816377178e+00
8.0105712906777544e+00	-1.2100541660096200e+00
8.0105585869983216e+00	-1.2100545915710874e+00
8.0079998552548251e+00	-1.2101305368566531e+00
8.0077166446278678e+00	-1.2101388203703602e+00
8.0051452568505290e+00	-1.2102151412975328e+00
8.0050676329085650e+00	-1.2102173815297566e+00
8.0050611368773215e+00	-1.2102176380482779e+00
8.0046663357127485e+00	-1.2102293560750939e+00
8.0045922475812699e+00	-1.2102315048593248e+00
8.0045871203980976e+00	-1.2102317072514950e+00
8.0043033964338051e+00	-1.2102401284146531e+00
8.0042896523990272e+00	-1.2102406816245888e+00
8.0032945184873316e+00	-1.2102702180264768e+00
8.0032746417143663e+00	-1.2102707932685370e+00
8.0032734118952380e+00	-1.2102708444876789e+00
8.0029524964714813e+00	-1.2102803695242763e+00
8.0029146459288629e+00	-1.2102814773072006e+00
8.0029130287848407e+00	-1.2102815409580305e+00
8.0028373233216694e+00	-1.2102837879591215e+00
8.0028267771956259e+00	-1.2102840935321302e+00
8.0028261730722292e+00	-1.2102841189077957e+00
8.0025607357854245e+00	-1.2102919973071617e+00
8.0021193400655228e+00	-1.2103049201746479e+00
8.0020944098686879e+00	-1.2103059360977173e+00
8.0020118946913374e+00	-1.2103083852167871e+00
8.0018249728945285e+00	-1.2103138820414250e+00
8.0018209905049282e+00	-1.2103140514117641e+00
8.0016508288168033e+00	-1.2103191019521460e+00
8.0016386304581655e+00	-1.2103196232267108e+00
8.0013029700757379e+00	-1.2103295859059409e+00
8.0012960191024280e+00	-1.2103298856655780e+00
8.0012335131364782e+00	-1.2103317408874523e+00
8.0009700728421951e+00	-1.2103431337919348e+00
8.0009483494763600e+00	-1.2103437997554374e+00
8.0007856974079061e+00	-1.2103508339089817e+00
8.0007787062375382e+00	-1.2103510485542670e+00
8.0007056712399436e+00	-1.2103542070716600e+00
8.0006988896746751e+00	-1.2103544073476742e+00
7.9973345328373560e+00	-1.2104999044372395e+00
7.9973042526299016e+00	-1.2105011383770077e+00
7.9926262190220401e+00	-1.2107034475575569e+00
7.9805959819127876e+00	-1.2112174928751067e+00
7.9799792076441101e+00	-1.2112419683194375e+00
7.9780265830947590e+00	-1.2113007016249773e+00
7.9774956820917371e+00	-1.2113162234538100e+00
7.9726342501461192e+00	-1.2114487423298714e+00
7.9725231646202204e+00	-1.2114515718718468e+00
7.9725073913453945e+00	-1.2114519583978476e+00
7.9712990454335522e+00	-1.2114804280344584e+00
7.9676798453209248e+00	-1.2115641956718262e+00
7.9661750622193725e+00	-1.2115967105307470e+00
7.9604179595512861e+00	-1.2117196126541872e+00
7.9603978676782177e+00	-1.2117200076064005e+00
7.9603750123625758e+00	-1.2117204292166133e+00
7.9603559035535119e+00	-1.2117207773512177e+00
7.9601781560533587e+00	-1.2117237217875325e+00
7.9509210623373940e+00	-1.2118653050625818e+00
7.9447700850894734e+00	-1.2119570564995643e+00
7.9447699651190344e+00	-1.2119570601734324e+00
7.9442627296182753e+00	-1.2119644628086987e+00
7.9442594310781569e+00	-1.2119645653867759e+00
7.9440280830820944e+00	-1.2119679416472935e+00
7.9398858863892006e+00	-1.2120980417818190e+00
7.9398852822389303e+00	-1.2120980535471519e+00
7.9373015730824861e+00	-1.2121792039448156e+00
7.9372872108144943e+00	-1.2121795326223093e+00
7.9370396466442017e+00	-1.2121873082385455e+00
7.9370349073958701e+00	-1.2121874242405208e+00
7.9347302720117225e+00	-1.2122598093529962e+00
7.9347244707275033e+00	-1.2122599606989375e+00
7.9309640292101937e+00	-1.2123780704806668e+00
7.9171763636495438e+00	-1.2128111202069900e+00
7.9169536753827954e+00	-1.2128182984613183e+00
7.9166713419607051e+00	-1.2128271702212907e+00
7.9135380421273993e+00	-1.2129283998355747e+00
7.9133534466851838e+00	-1.2129343501851437e+00
7.9129790642851496e+00	-1.2129464591067503e+00
7.9046864297152597e+00	-1.2132143748006090e+00
7.9043459982264848e+00	-1.2132254235657034e+00
7.9021289349704871e+00	-1.2132970517118074e+00
7.9020544673431203e+00	-1.2132995932470614e+00
7.9013127462959334e+00	-1.2133235565252369e+00
7.9012631118191532e+00	-1.2133252363776161e+00
7.9000693070623731e+00	-1.2133638185079467e+00
7.9000184376930429e+00	-1.2133656003369515e+00
7.8999796433950831e+00	-1.2133668530032056e+00
7.8999586315996968e+00	-1.2133675884083870e+00
7.8995901476408701e+00	-1.2133795065524298e+00
7.8995029355251587e+00	-1.2133825457860257e+00
7.8994777642855727e+00	-1.2133834229723703e+00
7.8993847372522579e+00	-1.2133864421814400e+00
7.8990889046064501e+00	-1.2133960434830779e+00
7.8934325929214033e+00	-1.2135825032880430e+00
7.8933527094441134e+00	-1.2135854317820887e+00
7.8933358925597625e+00	-1.2135859834927634e+00
7.8932975298799679e+00	-1.2135873805709503e+00
7.8931515169429858e+00	-1.2135926980172376e+00
7.8930180478024559e+00	-1.2135975586480863e+00
7.8929270867650905e+00	-1.2136005777209729e+00
7.8922897322681633e+00	-1.2136238307585165e+00
7.8922520738654924e+00	-1.2136250756170144e+00
7.8919249860210794e+00	-1.2136370089852779e+00
7.8919244401102784e+00	-1.2136370269780288e+00
7.8919221085796885e+00	-1.2136371139649289e+00
7.8884006188790687e+00	-1.2137655908684624e+00
7.8883692190420112e+00	-1.2137666625259822e+00
7.8859963829977602e+00	-1.2138532323170295e+00
7.8859574055466037e+00	-1.2138545906326497e+00
7.8858263877114068e+00	-1.2138594343706668e+00
7.8845946212775422e+00	-1.2139043737431350e+00
7.8845796971761528e+00	-1.2139049339691672e+00
7.8845295099408208e+00	-1.2139067163880097e+00
7.8843968798502821e+00	-1.2139117237573522e+00
7.8840462897936003e+00	-1.2139245145728086e+00
7.8840373691995005e+00	-1.2139248267903513e+00
7.8840290858890150e+00	-1.2139251422345592e+00
7.8837631440315761e+00	-1.2139348447721976e+00
7.8837168789620451e+00	-1.2139366038809569e+00
7.8836048170902915e+00	-1.2139405291329513e+00
7.8834848276175835e+00	-1.2139450957031488e+00
7.8834581947946356e+00	-1.2139460424523687e+00
7.8833932960673776e+00	-1.2139485123585014e+00
7.8832404351877416e+00	-1.2139539413254457e+00
7.8830334906826334e+00	-1.2139618350427821e+00
7.8829093557648289e+00	-1.2139665700607631e+00
7.8827759047770591e+00	-1.2139716604320934e+00
7.8826949599690179e+00	-1.2139746295676457e+00
7.8822175171882201e+00	-1.2139928545521665e+00
7.8820547465641786e+00	-1.2139988721928834e+00
7.8817805192102819e+00	-1.2140093400216598e+00
7.8663863400975860e+00	-1.2145887006743690e+00
7.8663540658302118e+00	-1.2145898915145132e+00
7.8663030710095825e+00	-1.2145917383491596e+00
7.8662254577919262e+00	-1.2145943849832799e+00
7.8662048964418245e+00	-1.2145949474384548e+00
7.8658893397493852e+00	-1.2146025617101992e+00
7.8630477510079615e+00	-1.2146638895799002e+00
7.8553447000377181e+00	-1.2148235704384696e+00
7.8535872155401165e+00	-1.2148589145799396e+00
7.8473827598335273e+00	-1.2149818327591893e+00
7.8412584521290691e+00	-1.2151009255282434e+00
7.8399648298082472e+00	-1.2151257605005246e+00
7.8398338924421358e+00	-1.2151281992377967e+00
7.8375366643972795e+00	-1.2151706139272347e+00
7.8313390413145552e+00	-1.2152848142885586e+00
7.8289417904491962e+00	-1.2153287511116058e+00
7.8264784980744162e+00	-1.2153732143741545e+00
7.8260061374820440e+00	-1.2153816913143158e+00
7.8248179049792830e+00	-1.2154027394574791e+00
7.8248164137163654e+00	-1.2154027967267012e+00
7.8242078100784136e+00	-1.2154135774253199e+00
7.8241979084869824e+00	-1.2154138861977570e+00
7.8234043760781340e+00	-1.2154279426923464e+00
7.8233927687974303e+00	-1.2154284049465580e+00
7.8230559013438921e+00	-1.2154343772326888e+00
7.8227290726913097e+00	-1.2154478873618324e+00
7.8227290015498996e+00	-1.2154478886744997e+00
7.8222111768129183e+00	-1.2154692940164582e+00
7.8222042158844500e+00	-1.2154694361046414e+00
7.8221004637606715e+00	-1.2154737520266174e+00
7.8220927061733061e+00	-1.2154738997254602e+00
7.8215376580102971e+00	-1.2154968437736762e+00
7.8215273283612046e+00	-1.2154971658947156e+00
7.8213007840101332e+00	-1.2155066354437385e+00
7.8188956742884068e+00	-1.2156060555609418e+00
7.8183453731391968e+00	-1.2156288033816576e+00
7.8183406069677694e+00	-1.2156289283874950e+00
7.8170574507414186e+00	-1.2156819702679804e+00
7.8170529509246762e+00	-1.2156821060432146e+00
7.8169738885827078e+00	-1.2156854244802926e+00
7.8143424714821794e+00	-1.2157941994747063e+00
7.8142850709656484e+00	-1.2157966442557469e+00
7.8139788777260266e+00	-1.2158093013779958e+00
7.8135349203722830e+00	-1.2158282604943649e+00
7.8134326564363299e+00	-1.2158324961285287e+00
7.8134040261212219e+00	-1.2158337200597582e+00
7.8133961958030929e+00	-1.2158339627903101e+00
7.8130370384131673e+00	-1.2158493165838036e+00
7.8081566464375722e+00	-1.2160521843861549e+00
7.8059076817337356e+00	-1.2161450007224355e+00
7.8058405213324766e+00	-1.2161468603078063e+00
7.8048890704494847e+00	-1.2161721064841307e+00
7.8039443406769680e+00	-1.2161956115257497e+00
7.8001558326771132e+00	-1.2162881602511564e+00
7.7980301676368784e+00	-1.2163377223467216e+00
7.7938306168399718e+00	-1.2164356392498967e+00
7.7913651705580627e+00	-1.2164931545559927e+00
7.7907492777367917e+00	-1.2165075224472737e+00
7.7895959078329895e+00	-1.2165344289037419e+00
7.7895553586305590e+00	-1.2165356041396340e+00
7.7894548903237029e+00	-1.2165379523848461e+00
7.7894092805626833e+00	-1.2165392105253094e+00
7.7886950428566148e+00	-1.2165558965016776e+00
7.7886841898632042e+00	-1.2165562137550869e+00
7.7883087040002312e+00	-1.2165649823913931e+00
7.7882999877863455e+00	-1.2165652397825837e+00
7.7882288651917211e+00	-1.2165669045420884e+00
7.7882073991278826e+00	-1.2165675420588369e+00
7.7879120765592633e+00	-1.2165744825520193e+00
7.7878757787384902e+00	-1.2165753356015467e+00
7.7872131073712101e+00	-1.2165909093050002e+00
7.7871704001386526e+00	-1.2165921817935488e+00
7.7870892259313393e+00	-1.2165940982128167e+00
7.7867495798523256e+00	-1.2166043662789106e+00
7.7867484192353658e+00	-1.2166043937898796e+00
7.7867294723502347e+00	-1.2166049666086816e+00
7.7866679942343540e+00	-1.2166064719625533e+00
7.7859210949732054e+00	-1.2166290528742405e+00
7.7748890332618936e+00	-1.2169560638263686e+00
7.7747757479493407e+00	-1.2169593029246746e+00
7.7738630580102983e+00	-1.2169845031394353e+00
7.7738408247747000e+00	-1.2169850922604328e+00
7.7735725999069860e+00	-1.2169906301761204e+00
7.7728564098687372e+00	-1.2170048970374185e+00
7.7696760444116260e+00	-1.2170587425653578e+00
7.7692197911587195e+00	-1.2170660866827199e+00
7.7687919627549213e+00	-1.2170727377419008e+00
7.7687918573169270e+00	-1.2170727413040867e+00
7.7683068454939326e+00	-1.2170802813418906e+00
7.7682983630043658e+00	-1.2170805717739028e+00
7.7682269144372942e+00	-1.2170816824830601e+00
7.7680857331435025e+00	-1.2170865613527475e+00
7.7680799832975760e+00	-1.2170866554838418e+00
7.7675552971251420e+00	-1.2171047873155689e+00
7.7675455209168218e+00	-1.2171049626594428e+00
7.7630922045879585e+00	-1.2172588580478580e+00
7.7630848936739421e+00	-1.2172590798277945e+00
7.7587757393516643e+00	-1.2174079933406006e+00
7.7557408280471218e+00	-1.2175128722262507e+00
7.7487867331206894e+00	-1.2177524911919733e+00
7.7487111496993837e+00	-1.2177550556470695e+00
7.7459371962377395e+00	-1.2178489138542885e+00
7.7457865266563450e+00	-1.2178534479777916e+00
7.7374691661294612e+00	-1.2179933667625800e+00
7.7359999355229672e+00	-1.2180165228146789e+00
7.7359941291235099e+00	-1.2180166721845045e+00
7.7353459080018778e+00	-1.2180268885807581e+00
7.7353402128566433e+00	-1.2180270155927699e+00
7.7351465706662115e+00	-1.2180300675225557e+00
7.7351402089307637e+00	-1.2180302375772487e+00
7.7343095874545433e+00	-1.2180433287244743e+00
7.7342911721042151e+00	-1.2180438370731650e+00
7.7342793582044296e+00	-1.2180440232660348e+00
7.7342610213287397e+00	-1.2180445450658990e+00
7.7342525610827932e+00	-1.2180446787084300e+00
7.7340862938815205e+00	-1.2180494163505777e+00
7.7339952900851232e+00	-1.2180508843555731e+00
7.7339086749679327e+00	-1.2180529382511700e+00
7.7339011375002427e+00	-1.2180530609724403e+00
7.7338849963992375e+00	-1.2180534997386974e+00
7.7338367362315985e+00	-1.2180546441272180e+00
7.7337692835686882e+00	-1.2180557645329748e+00
7.7336601501686584e+00	-1.2180588314948382e+00
7.7335358829455805e+00	-1.2180617782310501e+00
7.7334822469087641e+00	-1.2180627019369474e+00
7.7333312394094937e+00	-1.2180662827626498e+00
7.7333211188359838e+00	-1.2180664517105604e+00
7.7332513177099873e+00	-1.2180681068976684e+00
7.7332433563643992e+00	-1.2180682377154286e+00
7.7302454974817847e+00	-1.2181393256427890e+00
7.7302320778640663e+00	-1.2181395699651330e+00
7.7301947900028463e+00	-1.2181405280641571e+00
7.7291230251464773e+00	-1.2181659427168277e+00
7.7290942223431074e+00	-1.2181665016139951e+00
7.7290721984550581e+00	-1.2181671479650695e+00
7.7280043348226073e+00	-1.2181924701084081e+00
7.7279544613550701e+00	-1.2181940406420597e+00
7.7279528373431692e+00	-1.2181940917827858e+00
7.7279318177281633e+00	-1.2181945055728070e+00
7.7278192102773646e+00	-1.2181967223517269e+00
7.7277405882225727e+00	-1.2181991370003287e+00
7.7276991801669812e+00	-1.2181999956365619e+00
7.7276604377369464e+00	-1.2182012110016163e+00
7.7276016975913997e+00	-1.2182024601106414e+00
7.7275866682137941e+00	-1.2182029343151028e+00
7.7275611987217152e+00	-1.2182034557518928e+00
7.7275169503518581e+00	-1.2182048481221519e+00
7.7274691286311032e+00	-1.2182059177296984e+00
7.7274350248761730e+00	-1.2182066805134935e+00
7.7272213177689579e+00	-1.2182114604070442e+00
7.7271824959706450e+00	-1.2182127024377514e+00
7.7270981466024180e+00	-1.2182143104201959e+00
7.7266303500227220e+00	-1.2182293332288974e+00
7.7265866506824779e+00	-1.2182302774432434e+00
7.7235197540178495e+00	-1.2183287676928514e+00
7.7234977375615426e+00	-1.2183294438645131e+00
7.7212661724996750e+00	-1.2184011082940633e+00
7.7122708597727838e+00	-1.2186870503539668e+00
7.7048030227392941e+00	-1.2189210426435635e+00
7.7045669556275715e+00	-1.2189279982278214e+00
7.7038114021410040e+00	-1.2189484515290505e+00
7.6992611995445550e+00	-1.2190673406640404e+00
7.6986512252909653e+00	-1.2190823844410079e+00
7.6978108143684363e+00	-1.2191107499421996e+00
7.6978064430678730e+00	-1.2191108681853531e+00
7.6975280435490125e+00	-1.2191202647099249e+00
7.6940323796623105e+00	-1.2192357399393110e+00
7.6877061578540822e+00	-1.2194426557941154e+00
7.6872149957776772e+00	-1.2194554001493967e+00
7.6845947993915473e+00	-1.2195205195542465e+00
7.6709804104076564e+00	-1.2198484628851713e+00
7.6706876028839446e+00	-1.2198544103469930e+00
7.6703048018420992e+00	-1.2198613302843400e+00
7.6700893290514047e+00	-1.2198650151695978e+00
7.6663915038768193e+00	-1.2199258561366257e+00
7.6581330354185964e+00	-1.2200552161838680e+00
7.6575926416230828e+00	-1.2200634761382791e+00
7.6575886402746871e+00	-1.2200635973496678e+00
7.6568912504739002e+00	-1.2200742569982594e+00
7.6568780702680446e+00	-1.2200746911780236e+00
7.6567508596839993e+00	-1.2200766355662314e+00
7.6566183934542016e+00	-1.2200810982762689e+00
7.6566153631643825e+00	-1.2200811455364864e+00
7.6564400419783398e+00	-1.2200870166949327e+00
7.6564335861923620e+00	-1.2200871324078835e+00
7.6562216090770017e+00	-1.2200942724029749e+00
7.6562165120751615e+00	-1.2200943581327719e+00
7.6561271085278912e+00	-1.2200973718534298e+00
7.6561152664429679e+00	-1.2200975846353539e+00
7.6559738347707817e+00	-1.2201023417075523e+00
7.6559714292715171e+00	-1.2201023854980544e+00
7.6557592761429856e+00	-1.2201095201221492e+00
7.6557400087774186e+00	-1.2201098421326169e+00
7.6552155812796361e+00	-1.2201274918811911e+00
7.6552104750767995e+00	-1.2201275903342659e+00
7.6549439784629447e+00	-1.2201365490466167e+00
7.6549437420001176e+00	-1.2201365532074822e+00
7.6549314394084842e+00	-1.2201369704371752e+00
7.6549253255366061e+00	-1.2201370838125813e+00
7.6546637048624149e+00	-1.2201458724167946e+00
7.6546583288153780e+00	-1.2201459694688244e+00
7.6540074176276400e+00	-1.2201676264860732e+00
7.6540046516255460e+00	-1.2201676812473525e+00
7.6538667680269539e+00	-1.2201723061580247e+00
7.6536370710438355e+00	-1.2201799486008329e+00
7.6536306167932935e+00	-1.2201800691849769e+00
7.6535169255961799e+00	-1.2201839460617481e+00
7.6531704596361836e+00	-1.2201954736240532e+00
7.6531548387167625e+00	-1.2201957917964421e+00
7.6527615907034985e+00	-1.2202090774484990e+00
7.6526694809966509e+00	-1.2202121893205873e+00
7.6526652870810858e+00	-1.2202122816478598e+00
7.6526485809784699e+00	-1.2202126494256242e+00
7.6522862084440337e+00	-1.2202248942941563e+00
7.6519666815827030e+00	-1.2202355255429007e+00
7.6519585185907921e+00	-1.2202357019900647e+00
7.6516811810462269e+00	-1.2202450246729810e+00
7.6508957927299193e+00	-1.2202711559926354e+00
7.6508735892115194e+00	-1.2202719068918415e+00
7.6508651686272060e+00	-1.2202721109825647e+00
7.6507332666323604e+00	-1.2202765770036796e+00
7.6507314953132299e+00	-1.2202766151979676e+00
7.6504554130232165e+00	-1.2202859292655501e+00
7.6504501334432060e+00	-1.2202860537195566e+00
7.6504191019507894e+00	-1.2202871145634071e+00
7.6504082172390886e+00	-1.2202873859752392e+00
7.6502111055844084e+00	-1.2202940730575982e+00
7.6501741152709748e+00	-1.2202950375590191e+00
7.6416612629399845e+00	-1.2205839200162893e+00
7.6415406879959189e+00	-1.2205879943436679e+00
7.6415313474869073e+00	-1.2205883286790808e+00
7.6404950676742622e+00	-1.2206234946900789e+00
7.6402899097199786e+00	-1.2206304258304925e+00
7.6402732260013888e+00	-1.2206310228563260e+00
7.6388511017414524e+00	-1.2206792824448611e+00
7.6388440100747497e+00	-1.2206795559529391e+00
7.6381314527675910e+00	-1.2207037364858362e+00
7.6381040140019323e+00	-1.2207048032836163e+00
7.6378070278417036e+00	-1.2207148814675677e+00
7.6378022149240596e+00	-1.2207150744966246e+00
7.6376493427437833e+00	-1.2207202586980679e+00
7.6376298308646708e+00	-1.2207210310250729e+00
7.6375777613522828e+00	-1.2207227979967181e+00
7.6369460796367203e+00	-1.2207441642813761e+00
7.6367410410267000e+00	-1.2207525026764479e+00
7.6321049076535381e+00	-1.2209382842012395e+00
7.6253588957539096e+00	-1.2212071875637796e+00
7.6247152412019501e+00	-1.2212318301700609e+00
7.6243593305143103e+00	-1.2212448914935785e+00
7.6213084129531303e+00	-1.2213553933951771e+00
7.6209838194189619e+00	-1.2213662934296987e+00
7.6180707269050121e+00	-1.2214629763771403e+00
7.6177125041469287e+00	-1.2214741599324261e+00
7.6176916001179142e+00	-1.2214746838604122e+00
7.6176133407911442e+00	-1.2214761401569583e+00
7.6171000740893016e+00	-1.2214833361256381e+00
7.6046306858250636e+00	-1.2216393196024640e+00
7.6020226419557035e+00	-1.2216698064832809e+00
7.6002293980460598e+00	-1.2216902533045959e+00
7.5931634160028230e+00	-1.2217690910978720e+00
7.5893127593966918e+00	-1.2218108338436766e+00
7.5825001882772058e+00	-1.2218827674104074e+00
7.5824992756122676e+00	-1.2218827905397995e+00
7.5819765771633074e+00	-1.2218883096842017e+00
7.5819754839678559e+00	-1.2218883375392733e+00
7.5793491150435965e+00	-1.2219160684866635e+00
7.5713285048147823e+00	-1.2221596269660340e+00
7.5713249509939944e+00	-1.2221597175188557e+00
7.5700787906106406e+00	-1.2221975591442884e+00
7.5700761038261311e+00	-1.2221976272346577e+00
7.5651513859741710e+00	-1.2223471740592924e+00
7.5601860950923880e+00	-1.2224979529479678e+00
7.5601535504920436e+00	-1.2224989547141651e+00
7.5538037257910862e+00	-1.2226917771558889e+00
7.5534423542509357e+00	-1.2227030572686060e+00
7.5532637025501854e+00	-1.2227084823092613e+00
7.5531610036792527e+00	-1.2227116966838372e+00
7.5529919143330790e+00	-1.2227168332037197e+00
7.5524311016320009e+00	-1.2227343917773374e+00
7.5523180120200513e+00	-1.2227378410941896e+00
7.5521169084812234e+00	-1.2227441374767154e+00
7.5520396108575456e+00	-1.2227464996193123e+00
7.5504876808935775e+00	-1.2227950892401778e+00
7.5501026412361947e+00	-1.2228070705966119e+00
7.5492899653206749e+00	-1.2228325147954731e+00
7.5454285106017993e+00	-1.2229522979805654e+00
7.5351019766630571e+00	-1.2232713807477689e+00
7.5330581507366547e+00	-1.2233336454241315e+00
7.5327096596038672e+00	-1.2233439030841782e+00
7.5320490535930844e+00	-1.2233630354840783e+00
7.5316972922305601e+00	-1.2233728452473218e+00
7.5290573975986952e+00	-1.2234413911307549e+00
7.5210910757638452e+00	-1.2236369687249582e+00
7.5202773131966900e+00	-1.2236556416832993e+00
7.5095789644582220e+00	-1.2238153182474700e+00
7.5089390357395853e+00	-1.2238243269135347e+00
7.5089309660441890e+00	-1.2238246017371399e+00
7.5081190515729643e+00	-1.2238360312264978e+00
7.5079184274614246e+00	-1.2238434766373580e+00
7.5067645386617796e+00	-1.2238857970947175e+00
7.5031488898445096e+00	-1.2240169191754227e+00
7.4976238695969348e+00	-1.2242163016353664e+00
7.4931546696643787e+00	-1.2243635875072629e+00
7.4915887629341569e+00	-1.2244139666855660e+00
7.4905251928239327e+00	-1.2244471840528643e+00
7.4843260600922727e+00	-1.2246390919432222e+00
7.4834679837234690e+00	-1.2246648818004569e+00
7.4833901524978614e+00	-1.2246670369465151e+00
7.4833079439070200e+00	-1.2246689027038427e+00
7.4828821062777315e+00	-1.2246760619420038e+00
7.4821199220964614e+00	-1.2246870476502858e+00
7.4752633765378960e+00	-1.2247810511181183e+00
7.4731796123278009e+00	-1.2248078820889901e+00
7.4731635008963693e+00	-1.2248081650558422e+00
7.4705887052175397e+00	-1.2248413186475609e+00
7.4705837180197019e+00	-1.2248414120441458e+00
7.4696228576723351e+00	-1.2248537842473184e+00
7.4692422194976000e+00	-1.2248609257498251e+00
7.4692030572956174e+00	-1.2248614376802289e+00
7.4690052759692094e+00	-1.2248651042745136e+00
7.4686456640254661e+00	-1.2248716587572137e+00
7.4686444119074702e+00	-1.2248716755547995e+00
7.4659923843906135e+00	-1.2249200128494371e+00
7.4659406524725060e+00	-1.2249207759567771e+00
7.4646933571745926e+00	-1.2249435361975094e+00
7.4646808743626378e+00	-1.2249437238630712e+00
7.4594064967808666e+00	-1.2250398575349806e+00
7.4593472597290571e+00	-1.2250410900526736e+00
7.4589492170171408e+00	-1.2250483534071976e+00
7.4541935624373554e+00	-1.2251483206271558e+00
7.4541305534700157e+00	-1.2251496316253350e+00
7.4540852765247321e+00	-1.2251505968735619e+00
7.4518771698321311e+00	-1.2251970128366489e+00
7.4517746513267813e+00	-1.2251992180501738e+00
7.4443543262816716e+00	-1.2253551985263631e+00
7.4443155703322734e+00	-1.2253561488228044e+00
7.4435972415201670e+00	-1.2253712486020583e+00
7.4435624738217196e+00	-1.2253720779489143e+00
7.4432447070863370e+00	-1.2253787576302491e+00
7.4431922271098214e+00	-1.2253801290340418e+00
7.4431729580321351e+00	-1.2253805340836716e+00
7.4431131877278576e+00	-1.2253817754365655e+00
7.4430627096668314e+00	-1.2253831452744519e+00
7.4429237348265405e+00	-1.2253860384298214e+00
7.4424395798026488e+00	-1.2253976607656469e+00
7.4423834530921082e+00	-1.2253988493074026e+00
7.4423228368632612e+00	-1.2254004632268007e+00
7.4421755861046588e+00	-1.2254039980404092e+00
7.4421671973839256e+00	-1.2254041763103516e+00
7.4420764310813468e+00	-1.2254063551919043e+00
7.4420692997714335e+00	-1.2254065103601206e+00
7.4419754240527105e+00	-1.2254087638844569e+00
7.4418909129115205e+00	-1.2254105655570007e+00
7.4417898969982312e+00	-1.2254132175359227e+00
7.4414900579257779e+00	-1.2254204152932975e+00
7.4414764407378513e+00	-1.2254207084324047e+00
7.4414651408371553e+00	-1.2254209796910598e+00
7.4413930734443214e+00	-1.2254225298891324e+00
7.4412911073161805e+00	-1.2254251574356372e+00
7.4388737194584964e+00	-1.2254831878021855e+00
7.4388013860365678e+00	-1.2254847617479443e+00
7.4387562544924126e+00	-1.2254860075958802e+00
7.4370915842753371e+00	-1.2255259686731115e+00
7.4370276094098049e+00	-1.2255274174966513e+00
7.4370111940433121e+00	-1.2255278984729225e+00
7.4364229517863381e+00	-1.2255420194645885e+00
7.4363959023583925e+00	-1.2255426397447540e+00
7.4363903531016247e+00	-1.2255428020091093e+00
7.4346939278983086e+00	-1.2255835253775407e+00
7.4346394081089313e+00	-1.2255847765166739e+00
7.4346306813688452e+00	-1.2255850436358855e+00
7.4341910557909276e+00	-1.2255955970244738e+00
7.4341004008659493e+00	-1.2255977175254107e+00
7.4340922737502977e+00	-1.2255979683270382e+00
7.4335844311227159e+00	-1.2256101592933053e+00
7.4335169984311085e+00	-1.2256122620541448e+00
7.4335101867810804e+00	-1.2256124259267949e+00
7.4330098983757615e+00	-1.2256280377122326e+00
7.4329929922936131e+00	-1.2256284548198775e+00
7.4321966815420861e+00	-1.2256533041517077e+00
7.4321749507722572e+00	-1.2256538369904990e+00
7.4310284917755292e+00	-1.2256896128983148e+00
7.4310192554851682e+00	-1.2256898509065917e+00
7.4297816660281315e+00	-1.2257284705924723e+00
7.4297789404442049e+00	-1.2257285421474471e+00
7.4244023558619636e+00	-1.2258963215402794e+00
7.4238468077651802e+00	-1.2259136577359520e+00
7.4213917735493977e+00	-1.2259892731174455e+00
7.4167003130708249e+00	-1.2261279924420903e+00
7.4166175316437730e+00	-1.2261301920851257e+00
7.4165137988303220e+00	-1.2261321271348280e+00
7.4157236851874648e+00	-1.2261449734264673e+00
7.4086018784502770e+00	-1.2262524315855508e+00
7.4085676820176465e+00	-1.2262529143697198e+00
7.4085666668317280e+00	-1.2262529419331580e+00
7.4083114622038373e+00	-1.2262565449041340e+00
7.4083040243932059e+00	-1.2262567476065735e+00
7.4081483999297983e+00	-1.2262589446688212e+00
7.4076417594923338e+00	-1.2262728708930948e+00
7.4076391490477347e+00	-1.2262729109811286e+00
7.4072406189745887e+00	-1.2262838245016772e+00
7.4072286837559354e+00	-1.2262840347847754e+00
7.4067227159041744e+00	-1.2262979425214222e+00
7.4067116738814933e+00	-1.2262981386529253e+00
7.4059890786692586e+00	-1.2263180009107328e+00
7.4008943982123307e+00	-1.2264570847454153e+00
7.3925228150871636e+00	-1.2266819432646858e+00
7.3904812994825901e+00	-1.2267358488353843e+00
7.3900894477626178e+00	-1.2267459227613422e+00
7.3882671621951905e+00	-1.2267854171223853e+00
7.3851971781647698e+00	-1.2268463627659596e+00
7.3842601784656345e+00	-1.2268638015910873e+00
7.3821279470345127e+00	-1.2269021694278708e+00
7.3816403156717660e+00	-1.2269106145519577e+00
7.3736341641955434e+00	-1.2270447327205318e+00
7.3683786003820160e+00	-1.2271325928723333e+00
7.3657943519556675e+00	-1.2271744295496296e+00
7.3657746592814721e+00	-1.2271748840092380e+00
7.3640637534146949e+00	-1.2272025820493733e+00
7.3640636066890961e+00	-1.2272025858525581e+00
7.3636434482268482e+00	-1.2272093878080197e+00
7.3628766115657891e+00	-1.2272298686799803e+00
7.3572896215641235e+00	-1.2273717386184144e+00
7.3565293956033164e+00	-1.2273857424354966e+00
7.3535180932319379e+00	-1.2274378094040554e+00
7.3460151276838079e+00	-1.2275640514036124e+00
7.3433846580331732e+00	-1.2276063303555396e+00
7.3353495339987171e+00	-1.2277350073334627e+00
7.3352688536488611e+00	-1.2277362573252997e+00
7.3351402900164953e+00	-1.2277382265110846e+00
7.3351378096006856e+00	-1.2277382876088914e+00
7.3349631763042140e+00	-1.2277409932267453e+00
7.3349023326532006e+00	-1.2277425034447613e+00
7.3348970319086284e+00	-1.2277425844480223e+00
7.3340136041881356e+00	-1.2277645122652556e+00
7.3339999087005578e+00	-1.2277647469244735e+00
7.3337824615002614e+00	-1.2277701442448827e+00
7.3337745435570865e+00	-1.2277702749402193e+00
7.3332709878321758e+00	-1.2277827738438041e+00
7.3332566971737290e+00	-1.2277830237375418e+00
7.3279028653703406e+00	-1.2279159127589743e+00
7.3269799976576753e+00	-1.2279386446456104e+00
7.3257540108087627e+00	-1.2279687640833903e+00
7.3219606519483431e+00	-1.2280609255954942e+00
7.3123815561013519e+00	-1.2282911009067132e+00
7.3049152381255213e+00	-1.2284588263995093e+00
7.3041914485707764e+00	-1.2284735092274430e+00
7.3041548887340033e+00	-1.2284742346509587e+00
7.3034291948096515e+00	-1.2284885367730223e+00
7.3031605064988936e+00	-1.2284933814413304e+00
7.2910763504057732e+00	-1.2287048109532173e+00
7.2901882947781571e+00	-1.2287196619366130e+00
7.2871948902691726e+00	-1.2287696053742283e+00
7.2820967308987008e+00	-1.2288543736040305e+00
7.2788327446248120e+00	-1.2289084035288160e+00
7.2783516846616099e+00	-1.2289162882119382e+00
7.2716803864561204e+00	-1.2290249187621682e+00
7.2658002931165395e+00	-1.2291206659099059e+00
7.2657971554216108e+00	-1.2291207304954888e+00
7.2652844164041621e+00	-1.2291290795633725e+00
7.2652382223144025e+00	-1.2291300843969344e+00
7.2640014216055597e+00	-1.2291502235568681e+00
7.2639673788712367e+00	-1.2291509927904398e+00
7.2639563043910007e+00	-1.2291511731191922e+00
7.2639312992274050e+00	-1.2291517385447648e+00
7.2638578882500715e+00	-1.2291529395289318e+00
7.2636276493304699e+00	-1.2291581541431178e+00
7.2636031662244198e+00	-1.2291585565428209e+00
7.2628413415754132e+00	-1.2291758108872592e+00
7.2628098115121595e+00	-1.2291763543541603e+00
7.2599686001900627e+00	-1.2292407041213118e+00
7.2599536572341554e+00	-1.2292410117036421e+00
7.2595807361346401e+00	-1.2292494578849356e+00
7.2566271752945388e+00	-1.2293149341171712e+00
7.2477733264369277e+00	-1.2295081404366093e+00
7.2477342633120436e+00	-1.2295089485868691e+00
7.2475823043777003e+00	-1.2295118898813595e+00
7.2437762497541618e+00	-1.2295807112198607e+00
7.2417322834320839e+00	-1.2296167605774009e+00
7.2403509704996001e+00	-1.2296404203379427e+00
7.2399718447636134e+00	-1.2296467344000501e+00
7.2389478322273941e+00	-1.2296727036638386e+00
7.2378069163672683e+00	-1.2297012195426187e+00
7.2376081639351746e+00	-1.2297059550624680e+00
7.2332398450061852e+00	-1.2298095008130734e+00
7.2332113324733385e+00	-1.2298100822042095e+00
7.2331416581368879e+00	-1.2298114171344270e+00
7.2329488449885551e+00	-1.2298147168455116e+00
7.2328723501735892e+00	-1.2298159164597118e+00
7.2207105497502582e+00	-1.2299661492081178e+00
7.2190188274596077e+00	-1.2299859875180581e+00
7.2188746853149919e+00	-1.2299877415161533e+00
7.2153491725375236e+00	-1.2300290841263233e+00
7.2153439819209604e+00	-1.2300291886595873e+00
7.2134741790228230e+00	-1.2300511152663511e+00
7.2134602482477232e+00	-1.2300514540887082e+00
7.2133412675791329e+00	-1.2300528507780581e+00
7.2132798196634793e+00	-1.2300543699660329e+00
7.2132704779391172e+00	-1.2300544802553075e+00
7.2131544866862223e+00	-1.2300573479281114e+00
7.2131460127395597e+00	-1.2300574510435904e+00
7.2090888830092918e+00	-1.2301577561984931e+00
7.2044168410243117e+00	-1.2302731101549613e+00
7.2043130929877517e+00	-1.2302756708405631e+00
7.2029873199560326e+00	-1.2303083714646799e+00
7.1889690172935419e+00	-1.2306466481619924e+00
7.1877035319799942e+00	-1.2306766849321515e+00
7.1876474483480886e+00	-1.2306778599262602e+00
7.1876327250739083e+00	-1.2306780494882577e+00
7.1876092860003160e+00	-1.2306783444184564e+00
7.1851252540118873e+00	-1.2306803535707134e+00
7.1765796339752477e+00	-1.2306784520160978e+00
7.1742704524848753e+00	-1.2306766031157332e+00
7.1742692226314277e+00	-1.2306766349654892e+00
7.1738270568005174e+00	-1.2306762809350376e+00
7.1738206326855778e+00	-1.2306764551116920e+00
7.1737162323181529e+00	-1.2306763715210871e+00
7.1737152469503451e+00	-1.2306763989628700e+00
7.1735582202350781e+00	-1.2306762732357444e+00
7.1735534400548868e+00	-1.2306764098454597e+00
7.1734601498663126e+00	-1.2306763351504804e+00
7.1734597826483197e+00	-1.2306763458358736e+00
7.1734497248363907e+00	-1.2306763377776513e+00
7.1731654578076425e+00	-1.2306843093653865e+00
7.1731652416867764e+00	-1.2306843096098299e+00
7.1731599867965761e+00	-1.2306844627867837e+00
7.1659804365117097e+00	-1.2308857960727722e+00
7.1655174235647339e+00	-1.2308982312825409e+00
7.1651603784466964e+00	-1.2309064888086247e+00
7.1643244954240526e+00	-1.2309239271421974e+00
7.1572266551143295e+00	-1.2310676187952960e+00
7.1571241032318333e+00	-1.2310696028951489e+00
7.1571173521930636e+00	-1.2310697663499790e+00
7.1565935810836860e+00	-1.2310798998956116e+00
7.1565864898334883e+00	-1.2310800797720669e+00
7.1553322844721281e+00	-1.2311043452327510e+00
7.1553126814715347e+00	-1.2311048451510538e+00
7.1552199805484396e+00	-1.2311066386616494e+00
7.1551934031015234e+00	-1.2311073375823776e+00
7.1549059757977949e+00	-1.2311128985185313e+00
7.1549036630021270e+00	-1.2311129601267035e+00
7.1546179522475795e+00	-1.2311184878523018e+00
7.1546100013564704e+00	-1.2311187025248405e+00
7.1544940868825266e+00	-1.2311209451483494e+00
7.1544399529679668e+00	-1.2311224125378479e+00
7.1543784804452191e+00	-1.2311240561338734e+00
7.1543759982926796e+00	-1.2311241043832823e+00
7.1539985621366347e+00	-1.2311341959256208e+00
7.1539772349235493e+00	-1.2311346281218445e+00
7.1536367805223495e+00	-1.2311437308798845e+00
7.1536127645510676e+00	-1.2311442126633680e+00
7.1532785208401686e+00	-1.2311531493656576e+00
7.1532698451834671e+00	-1.2311533256166123e+00
7.1529368774156730e+00	-1.2311622282039034e+00
7.1529365214240297e+00	-1.2311622357985899e+00
7.1518700429742879e+00	-1.2311907503228507e+00
7.1518452040016403e+00	-1.2311912922577648e+00
7.1491298318641876e+00	-1.2312638933916271e+00
7.1491262695069553e+00	-1.2312639751419905e+00
7.1428859652467498e+00	-1.2314308226833230e+00
7.1428738554370774e+00	-1.2314311599610077e+00
7.1422976699556280e+00	-1.2314465654808227e+00
7.1422878242300500e+00	-1.2314468460895716e+00
7.1397081215359677e+00	-1.2315158198180836e+00
7.1396214067468531e+00	-1.2315183631044568e+00
7.1395369348023587e+00	-1.2315206216379615e+00
7.1395359930511404e+00	-1.2315206493376165e+00
7.1394721863745927e+00	-1.2315222914302197e+00
7.1394278769816797e+00	-1.2315235950699019e+00
7.1392878923153322e+00	-1.2315273438216858e+00
7.1387931186275271e+00	-1.2315419423403515e+00
7.1345729478628508e+00	-1.2316605166204699e+00
7.1338115126798467e+00	-1.2316805127082600e+00
7.1337924115586482e+00	-1.2316809329552105e+00
7.1337842207404565e+00	-1.2316810940341629e+00
7.1337486872988611e+00	-1.2316817447967645e+00
7.1336015629059188e+00	-1.2316823178758221e+00
7.1332739276574397e+00	-1.2316833250367256e+00
7.1326690198527869e+00	-1.2316838025782344e+00
7.1259451513127274e+00	-1.2316880475214262e+00
7.1248086838009215e+00	-1.2316876510021451e+00
7.1247912718112483e+00	-1.2316876584188750e+00
7.1243259919251392e+00	-1.2316874960803619e+00
7.1243205412425290e+00	-1.2316875115351429e+00
7.1214791552371608e+00	-1.2316865201611487e+00
7.1214627338842567e+00	-1.2316866777671205e+00
7.1212245398355574e+00	-1.2316865946600084e+00
7.1212146777295349e+00	-1.2316867190486971e+00
7.1209382501414717e+00	-1.2316866233666321e+00
7.1208663179781970e+00	-1.2316871826825748e+00
7.1207683329159854e+00	-1.2316871543908530e+00
7.1207440671648179e+00	-1.2316874669029043e+00
7.1205678810280322e+00	-1.2316874162251350e+00
7.1205585247309786e+00	-1.2316874821429635e+00
7.1205305135155879e+00	-1.2316874770097774e+00
7.1204934628401775e+00	-1.2316879312169278e+00
7.1203978088099289e+00	-1.2316879188557357e+00
7.1202794464231038e+00	-1.2316878896297661e+00
7.1202595927060450e+00	-1.2316881405670281e+00
7.1202456519929456e+00	-1.2316881412983511e+00
7.1201677333264950e+00	-1.2316884502127980e+00
7.1197372798455545e+00	-1.2316883838562005e+00
7.1197043360059160e+00	-1.2316888145235583e+00
7.1195257534274141e+00	-1.2316888471844747e+00
7.1194846163032190e+00	-1.2316893950169985e+00
7.1191271621246663e+00	-1.2316894301670163e+00
7.1190891312589510e+00	-1.2316899179149323e+00
7.1190136029773834e+00	-1.2316899395587386e+00
7.1190007768125989e+00	-1.2316901249111125e+00
7.1184529518311761e+00	-1.2316903582600860e+00
7.1184034689611977e+00	-1.2316910752764754e+00
7.1180675917685612e+00	-1.2316911818598439e+00
7.1180421462217183e+00	-1.2316915590794753e+00
7.1179691224912114e+00	-1.2316916517364886e+00
7.1179574203368210e+00	-1.2316918153836500e+00
7.1177408140497587e+00	-1.2316918476017960e+00
7.1177376820076397e+00	-1.2316918950171640e+00
7.1175659267196556e+00	-1.2316919300759741e+00
7.1164132950101173e+00	-1.2317099316187208e+00
7.1164037382658520e+00	-1.2317099587157656e+00
7.1074526767922652e+00	-1.2318497543802542e+00
7.1074407100187997e+00	-1.2318499277811241e+00
7.1074231557642298e+00	-1.2318502154330291e+00
7.1069437827663355e+00	-1.2318577021726718e+00
7.1069403568609015e+00	-1.2318577730363596e+00
7.1042419595762043e+00	-1.2318999159981279e+00
7.1042332451468369e+00	-1.2319001276138659e+00
7.1024749820399657e+00	-1.2319275877715350e+00
7.1024691809042171e+00	-1.2319277362293446e+00
7.1018976761021451e+00	-1.2319366618627792e+00
7.1018839454992548e+00	-1.2319370364765070e+00
7.1015468316345229e+00	-1.2319423014148303e+00
7.1013147059406965e+00	-1.2319487592766363e+00
7.1013098391273637e+00	-1.2319488361555855e+00
7.1011738570297149e+00	-1.2319526192507708e+00
7.1011505378356317e+00	-1.2319530013695656e+00
7.0998769135082762e+00	-1.2319884342842220e+00
7.0898600040309159e+00	-1.2322581070032548e+00
7.0897464754783073e+00	-1.2322609781808245e+00
7.0896690959603141e+00	-1.2322627966250446e+00
7.0872817145822049e+00	-1.2323160828876834e+00
7.0871542871862783e+00	-1.2323187943083436e+00
7.0860597339507976e+00	-1.2323392518070104e+00
7.0843866290314210e+00	-1.2323700809528584e+00
7.0843796120906513e+00	-1.2323701982476880e+00
7.0839025345906768e+00	-1.2323769713919643e+00
7.0808727683250385e+00	-1.2324092443787682e+00
7.0797789338193367e+00	-1.2324205522149785e+00
7.0672586274863187e+00	-1.2325396199209719e+00
7.0671335559006616e+00	-1.2325406684426456e+00
7.0671224881268726e+00	-1.2325408978808559e+00
7.0670860796337092e+00	-1.2325412031068110e+00
7.0670811214034606e+00	-1.2325413079980465e+00
7.0668562861902000e+00	-1.2325434461736116e+00
7.0668311893513893e+00	-1.2325439840356833e+00
7.0668002881613452e+00	-1.2325442499730361e+00
7.0657827788323520e+00	-1.2325660566906063e+00
7.0657676006113146e+00	-1.2325662177395775e+00
7.0645885853028050e+00	-1.2325914857672122e+00
7.0574568618547238e+00	-1.2327395422979306e+00
7.0544108368557294e+00	-1.2328015215512249e+00
7.0541588698584867e+00	-1.2328060457012004e+00
7.0541544975290611e+00	-1.2328061194182134e+00
7.0541543078373135e+00	-1.2328061213755703e+00
7.0435779640734584e+00	-1.2328683444931610e+00
7.0435346788520627e+00	-1.2328685991502977e+00
7.0435315632497542e+00	-1.2328686459159008e+00
7.0433114354079329e+00	-1.2328697704908997e+00
7.0418380662407474e+00	-1.2328772975447970e+00
7.0418259835370174e+00	-1.2328775230705744e+00
7.0417390544853671e+00	-1.2328779671605945e+00
7.0416363217213123e+00	-1.2328800574559322e+00
7.0416312066739160e+00	-1.2328800846825472e+00
7.0414192230364421e+00	-1.2328840780477255e+00
7.0414150103974729e+00	-1.2328841030109368e+00
7.0409152436010984e+00	-1.2328935176589051e+00
7.0409151239244832e+00	-1.2328935183926746e+00
7.0408244899634518e+00	-1.2328952257626786e+00
7.0408194569908673e+00	-1.2328952593027094e+00
7.0407849366758759e+00	-1.2328959708707594e+00
7.0405742140200909e+00	-1.2328999404814609e+00
7.0405722702910394e+00	-1.2328999530807840e+00
7.0395893437564219e+00	-1.2329184695315956e+00
7.0395738881906871e+00	-1.2329186228902651e+00
7.0390185388192590e+00	-1.2329291953100068e+00
7.0390118357166767e+00	-1.2329292535605925e+00
7.0371220345484371e+00	-1.2329648537902562e+00
7.0370942458312467e+00	-1.2329652709025802e+00
7.0370689744181973e+00	-1.2329658533413490e+00
7.0366243499534757e+00	-1.2329742292135435e+00
7.0366061739240946e+00	-1.2329744787355192e+00
7.0365913048030624e+00	-1.2329748517208017e+00
7.0344078034414945e+00	-1.2330159846988364e+00
7.0339710381374134e+00	-1.2330241369995885e+00
7.0339627085945784e+00	-1.2330243694321295e+00
7.0335144196831711e+00	-1.2330328143354716e+00
7.0334729642597820e+00	-1.2330339894750093e+00
7.0334128868981161e+00	-1.2330351212172841e+00
7.0334012666959804e+00	-1.2330353050320313e+00
7.0333137809140265e+00	-1.2330377991874975e+00
7.0332713046491389e+00	-1.2330386078260311e+00
7.0305668227644391e+00	-1.2331157106206216e+00
7.0305551586186610e+00	-1.2331159794481181e+00
7.0298263289720664e+00	-1.2331367578466907e+00
7.0290646516036528e+00	-1.2331578042615099e+00
7.0275922349796200e+00	-1.2331976026565401e+00
7.0253307369888764e+00	-1.2332582304369619e+00
7.0242253091695517e+00	-1.2332875181084848e+00
7.0242218842961073e+00	-1.2332875997946875e+00
7.0242039185294720e+00	-1.2332878583607214e+00
7.0195395336736972e+00	-1.2333460523235458e+00
7.0193939843802431e+00	-1.2333475873527802e+00
7.0193413886664171e+00	-1.2333485244272731e+00
7.0192735891869580e+00	-1.2333493703095295e+00
7.0192592546539805e+00	-1.2333496270568913e+00
7.0191760997544961e+00	-1.2333505114519705e+00
7.0190145389804224e+00	-1.2333534089506060e+00
7.0189752687384406e+00	-1.2333538397982033e+00
7.0179963706830266e+00	-1.2333713957662040e+00
7.0027965431879640e+00	-1.2336378293200430e+00
7.0011647847749634e+00	-1.2336642541446945e+00
7.0011257751172442e+00	-1.2336648428320840e+00
7.0009098003059469e+00	-1.2336651139812782e+00
6.9930628643124653e+00	-1.2336557111050592e+00
6.9928030917013047e+00	-1.2336552772501070e+00
6.9927977262274785e+00	-1.2336552682890491e+00
6.9927312810864981e+00	-1.2336551573167902e+00
6.9926211804306782e+00	-1.2336549734339914e+00
6.9920774358693825e+00	-1.2336540653079591e+00
6.9841056839039251e+00	-1.2336460118401307e+00
6.9840504969127029e+00	-1.2336459425955677e+00
6.9840497400519883e+00	-1.2336459553228163e+00
6.9835437645684433e+00	-1.2336454441607410e+00
6.9835428912104343e+00	-1.2336454586288730e+00
6.9811942858469793e+00	-1.2336430852152720e+00
6.9798958435940559e+00	-1.2336736351325175e+00
6.9692351060404523e+00	-1.2339219482857890e+00
6.9687530384359189e+00	-1.2339328717632150e+00
6.9641690909868927e+00	-1.2340356116546891e+00
6.9639659396697722e+00	-1.2340392799932025e+00
6.9639345137268256e+00	-1.2340397182166267e+00
6.9598064540325053e+00	-1.2340868510233582e+00
6.9500813976989857e+00	-1.2341906308725263e+00
6.9489978850294625e+00	-1.2342020027215597e+00
6.9480045946770046e+00	-1.2342122076186748e+00
6.9436376866793026e+00	-1.2342568092508044e+00
6.9381133293729143e+00	-1.2343130044673707e+00
6.9295552933729727e+00	-1.2343997574896539e+00
6.9184472268643962e+00	-1.2345112300628196e+00
6.9184030425958829e+00	-1.2345117371504621e+00
6.9162228652836362e+00	-1.2345336158432811e+00
6.9162179994045712e+00	-1.2345337073479712e+00
6.9147850210760593e+00	-1.2345480876887305e+00
6.9147651119691655e+00	-1.2345484621291074e+00
6.9146119599335281e+00	-1.2345499990484468e+00
6.9144507996963815e+00	-1.2345530741782773e+00
6.9144312697082198e+00	-1.2345532727753257e+00
6.9138990815305306e+00	-1.2345634275614545e+00
6.9138849631333663e+00	-1.2345635895934395e+00
6.9138345006617241e+00	-1.2345646598415732e+00
6.9134364584701169e+00	-1.2345722549620501e+00
6.9134244433137901e+00	-1.2345723903560044e+00
6.9133836811542437e+00	-1.2345732620162795e+00
6.9108556896827107e+00	-1.2346214991132405e+00
6.9108408684158595e+00	-1.2346217054108455e+00
6.9108230906369554e+00	-1.2346221211419732e+00
6.9091321975660920e+00	-1.2346543854015359e+00
6.9091289743335382e+00	-1.2346544637449266e+00
6.9090638310343158e+00	-1.2346556889270324e+00
6.9090331183873417e+00	-1.2346564347362550e+00
6.9089230555435632e+00	-1.2346585348667842e+00
6.9089076070360429e+00	-1.2346588065405424e+00
6.9089035173847622e+00	-1.2346589076781926e+00
6.9084457641023267e+00	-1.2346676421576075e+00
6.9084050299417363e+00	-1.2346683174992683e+00
6.9083889317436231e+00	-1.2346687265868979e+00
6.9078656946860244e+00	-1.2346787105749630e+00
6.9078068188819532e+00	-1.2346797671542817e+00
6.9077470158231185e+00	-1.2346812676562133e+00
6.9076877990401728e+00	-1.2346823975831664e+00
6.9076625503994045e+00	-1.2346827492686403e+00
6.9076125780578437e+00	-1.2346840471752492e+00
6.9075622414121316e+00	-1.2346850076559057e+00
6.9075134628410639e+00	-1.2346862804511343e+00
6.9074708231806792e+00	-1.2346870986962422e+00
6.9074239625613840e+00	-1.2346883214457269e+00
6.9074062954916950e+00	-1.2346885700814185e+00
6.9072938498025369e+00	-1.2346915041636086e+00
6.9039469924405221e+00	-1.2347766129869844e+00
6.9024296614755771e+00	-1.2348146839166014e+00
6.8988439156639538e+00	-1.2349026759457336e+00
6.8961987223891974e+00	-1.2349512464068622e+00
6.8940356136350669e+00	-1.2349899536323721e+00
6.8940351466805039e+00	-1.2349899657250294e+00
6.8939700285247953e+00	-1.2349910305638900e+00
6.8935391981014451e+00	-1.2349980756801424e+00
6.8934102609282446e+00	-1.2350001841138212e+00
6.8850602290038925e+00	-1.2352198518508650e+00
6.8843134612600103e+00	-1.2352372135381844e+00
6.8842716165149209e+00	-1.2352379202957144e+00
6.8841935233784026e+00	-1.2352389354308368e+00
6.8840733455970238e+00	-1.2352398620945377e+00
6.8731350597852634e+00	-1.2352953872937620e+00
6.8698801714969866e+00	-1.2353096235166829e+00
6.8698786873860342e+00	-1.2353096434998736e+00
6.8691220571969209e+00	-1.2353129528472573e+00
6.8690670357671948e+00	-1.2353137415595576e+00
6.8689926518548754e+00	-1.2353140668997424e+00
6.8689909769656667e+00	-1.2353140912620961e+00
6.8688970835320884e+00	-1.2353145019291227e+00
6.8688218420648024e+00	-1.2353156008259478e+00
6.8688106091002670e+00	-1.2353156516346300e+00
6.8686641743158505e+00	-1.2353177903053054e+00
6.8686462047265158e+00	-1.2353178737721178e+00
6.8676260257733732e+00	-1.2353327734205823e+00
6.8676223502231624e+00	-1.2353327957629900e+00
6.8667206067042095e+00	-1.2353459656695014e+00
6.8666910779199677e+00	-1.2353461722061061e+00
6.8610852353284937e+00	-1.2354280451791797e+00
6.8610581767276662e+00	-1.2354284095166159e+00
6.8597846452982152e+00	-1.2354470093618186e+00
6.8565951522155277e+00	-1.2354922898297374e+00
6.8481400634684864e+00	-1.2356098381682483e+00
6.8473915995281072e+00	-1.2356195002886685e+00
6.8473428871506226e+00	-1.2356200020373045e+00
6.8462868662889385e+00	-1.2356278973523054e+00
6.8425968433476543e+00	-1.2356456880082380e+00
6.8417377396744863e+00	-1.2356480794351929e+00
6.8412186741625325e+00	-1.2356494383319976e+00
6.8397193803851000e+00	-1.2356509809832017e+00
6.8320339282662026e+00	-1.2356576242796675e+00
6.8318287461707898e+00	-1.2356576137474371e+00
6.8317558142639694e+00	-1.2356581444365635e+00
6.8315870194098700e+00	-1.2356581357721315e+00
6.8315779518263025e+00	-1.2356581965676106e+00
6.8314224295273185e+00	-1.2356581885760218e+00
6.8314013085064484e+00	-1.2356583350671440e+00
6.8312909544563523e+00	-1.2356583410402586e+00
6.8276797909137619e+00	-1.2356834471275031e+00
6.8269035416420349e+00	-1.2356888438872204e+00
6.8263072921292842e+00	-1.2356929892248962e+00
6.8262925948998090e+00	-1.2356930914052382e+00
6.8260570032055954e+00	-1.2356947293220921e+00
6.8260293437812161e+00	-1.2356948036568414e+00
6.8253240743555841e+00	-1.2356997398677629e+00
6.8235027586537429e+00	-1.2357124873343799e+00
6.8230140167150974e+00	-1.2357159080601448e+00
6.8225061067033046e+00	-1.2357194629440746e+00
6.8162684527686492e+00	-1.2357631205511659e+00
6.8081330574376127e+00	-1.2358409666459074e+00
6.8081294850424339e+00	-1.2358410143219749e+00
6.8077516895682963e+00	-1.2358446293770615e+00
6.8077402337188717e+00	-1.2358447563533135e+00
6.8050290748160158e+00	-1.2358706989319126e+00
6.8050083943240756e+00	-1.2358709723297079e+00
6.8032278475428312e+00	-1.2358880100528651e+00
6.8032276208298095e+00	-1.2358880132116987e+00
6.8031285671741362e+00	-1.2358889610378276e+00
6.8030783722274322e+00	-1.2358897054253570e+00
6.8029496003672110e+00	-1.2358909411059094e+00
6.8028542687627018e+00	-1.2358923734447620e+00
6.8027484508401690e+00	-1.2358933952550819e+00
6.8025905072244131e+00	-1.2358957118001384e+00
6.8025779808813498e+00	-1.2358958332972139e+00
6.8024484933212461e+00	-1.2358977270140890e+00
6.8023892360406091e+00	-1.2358984916249314e+00
6.8022751442083100e+00	-1.2358996064031111e+00
6.8021695988009006e+00	-1.2359011420147892e+00
6.8020604576092589e+00	-1.2359022373437940e+00
6.8019095377347929e+00	-1.2359045161942035e+00
6.8018838881022052e+00	-1.2359047531540264e+00
6.8017772567908077e+00	-1.2359063881393306e+00
6.8017681761097730e+00	-1.2359065053095264e+00
6.8016036950465733e+00	-1.2359081640203753e+00
6.8015037774440943e+00	-1.2359096730049606e+00
6.8014862836978711e+00	-1.2359098468812604e+00
6.8014735138720583e+00	-1.2359100423588991e+00
6.8013342930547838e+00	-1.2359115144749762e+00
6.8011671254455131e+00	-1.2359139813259665e+00
6.8009675628838613e+00	-1.2359160921304768e+00
6.8008553696516847e+00	-1.2359177930808831e+00
6.8007152283370438e+00	-1.2359192401479446e+00
6.8005672705267353e+00	-1.2359214354223775e+00
6.8004673075256958e+00	-1.2359224776818298e+00
6.8002613096843572e+00	-1.2359256672458849e+00
6.8002384212647407e+00	-1.2359259476726387e+00
6.8002175412889709e+00	-1.2359261536431216e+00
6.8001860358681929e+00	-1.2359266412088399e+00
6.7999515881736370e+00	-1.2359291143376638e+00
6.7998729554498274e+00	-1.2359303448646219e+00
6.7998038898235720e+00	-1.2359310927260436e+00
6.7994502442768159e+00	-1.2359366423190590e+00
6.7993894063547486e+00	-1.2359373166445526e+00
6.7985940823963587e+00	-1.2359497979026812e+00
6.7831276168631298e+00	-1.2361844568130775e+00
6.7830626905149405e+00	-1.2361853520937001e+00
6.7827664695915608e+00	-1.2361891923221326e+00
6.7827546610833727e+00	-1.2361892987793877e+00
6.7814076921576216e+00	-1.2361997592804734e+00
6.7754116886191280e+00	-1.2362386759956265e+00
6.7742146085490011e+00	-1.2362455043729998e+00
6.7730279121990487e+00	-1.2362520621904354e+00
6.7729962286250931e+00	-1.2362525033825877e+00
6.7727750450236979e+00	-1.2362537256680339e+00
6.7727727074616482e+00	-1.2362537590025435e+00
6.7726105253331026e+00	-1.2362546552326832e+00
6.7723651303781347e+00	-1.2362581936594683e+00
6.7723495199320123e+00	-1.2362582928193366e+00
6.7716455849361896e+00	-1.2362685114160763e+00
6.7635269058811991e+00	-1.2363771777849570e+00
6.7626744906939606e+00	-1.2363876182253499e+00
6.7540087197770440e+00	-1.2364796205437145e+00
6.7470052912589775e+00	-1.2365455100154037e+00
6.7465066417689865e+00	-1.2365496067907762e+00
6.7420332672403722e+00	-1.2365700587947428e+00
6.7383841933753201e+00	-1.2365848803099615e+00
6.7383692248085856e+00	-1.2365849799444029e+00
6.7383603530314096e+00	-1.2365850087830021e+00
6.7378980754178199e+00	-1.2365880858158707e+00
6.7378643586444884e+00	-1.2365882028962258e+00
6.7370009699638782e+00	-1.2365939498224676e+00
6.7252997838615380e+00	-1.2366628053141668e+00
6.7244904967116126e+00	-1.2366672288853395e+00
6.7202338677085764e+00	-1.2366881623960564e+00
6.7202168270833846e+00	-1.2366883934761979e+00
6.7201470329060751e+00	-1.2366886938016506e+00
6.7201092701300649e+00	-1.2366888308224511e+00
6.7199744990727357e+00	-1.2366907066320441e+00
6.7199740442779001e+00	-1.2366907088152905e+00
6.7198984884986039e+00	-1.2366917465044232e+00
6.7198674753924994e+00	-1.2366918990177094e+00
6.7127689291059482e+00	-1.2367893910217256e+00
6.7126911752719476e+00	-1.2367904454059846e+00
6.7126476678014022e+00	-1.2367910564342077e+00
6.7104082269972478e+00	-1.2368218130938193e+00
6.7103670162260540e+00	-1.2368223964440437e+00
6.7088436062684984e+00	-1.2368433190785810e+00
6.7085540766509570e+00	-1.2368474601790336e+00
6.7074404612055147e+00	-1.2368627546628752e+00
6.7073306359245857e+00	-1.2368643368910801e+00
6.6952532827265552e+00	-1.2370307690473406e+00
6.6940568209882532e+00	-1.2370466113334577e+00
6.6940317153440621e+00	-1.2370469412922931e+00
6.6935493587083208e+00	-1.2370525873335341e+00
6.6822670990618862e+00	-1.2371795017181511e+00
6.6801233129075879e+00	-1.2372033918636509e+00
6.6798716285635260e+00	-1.2372060848297279e+00
6.6753630644503996e+00	-1.2372538052973485e+00
6.6753292318945663e+00	-1.2372541768874312e+00
6.6750975761175599e+00	-1.2372566288259483e+00
6.6750587850418688e+00	-1.2372570567639189e+00
6.6725452641294680e+00	-1.2372836608867182e+00
6.6723270110125501e+00	-1.2372861356372142e+00
6.6721911982884947e+00	-1.2372875731340620e+00
6.6721169848074009e+00	-1.2372884186864543e+00
6.6714505910993873e+00	-1.2372954720672134e+00
6.6713287838418038e+00	-1.2372968674639961e+00
6.6707186646911918e+00	-1.2373033314756234e+00
6.6701598669844895e+00	-1.2373097776155897e+00
6.6700696267916593e+00	-1.2373107397987086e+00
6.6700649609103202e+00	-1.2373107936230601e+00
6.6699450599725658e+00	-1.2373120762393262e+00
6.6677077819065005e+00	-1.2373378848770213e+00
6.6675925153798232e+00	-1.2373391508735483e+00
6.6611878220850080e+00	-1.2374130336918274e+00
6.6461202529236578e+00	-1.2375789187252797e+00
6.6455946934938126e+00	-1.2375840437100292e+00
6.6436631393319026e+00	-1.2375916356642616e+00
6.6301099816308300e+00	-1.2376375339278287e+00
6.6243084443313389e+00	-1.2376542177899439e+00
6.6242872004449538e+00	-1.2376542923743004e+00
6.6220420049513526e+00	-1.2376607490305456e+00
6.6220219477827671e+00	-1.2376608240668863e+00
6.6209194230325794e+00	-1.2376639946697732e+00
6.6207699534510818e+00	-1.2376645891718889e+00
6.6194271848448283e+00	-1.2376684506598228e+00
6.6191488056298224e+00	-1.2376696154008251e+00
6.6190863332851340e+00	-1.2376697975976836e+00
6.6172525378436582e+00	-1.2376774973766183e+00
6.6172035594217880e+00	-1.2376776460668182e+00
6.6171645403309052e+00	-1.2376778099009991e+00
6.6170334542844733e+00	-1.2376782379474862e+00
6.6148220873763393e+00	-1.2376875230814497e+00
6.6147295187256470e+00	-1.2376878480772211e+00
6.6131478313604601e+00	-1.2376944892994535e+00
6.6107261303870102e+00	-1.2377040124759540e+00
6.6097613124536263e+00	-1.2377075821289967e+00
6.6089168897346404e+00	-1.2377099427732552e+00
6.6054199743146675e+00	-1.2377180428822574e+00
6.6052646319233679e+00	-1.2377177034330049e+00
6.6043312016475326e+00	-1.2377122509157428e+00
6.6001808046606705e+00	-1.2376827237833343e+00
6.5998755196916239e+00	-1.2376804369004886e+00
6.5991751033644457e+00	-1.2376745118593409e+00
6.5991722644620516e+00	-1.2376745295078799e+00
6.5989016653592891e+00	-1.2376722403716995e+00
6.5971522554691013e+00	-1.2376840726044849e+00
6.5971411887616016e+00	-1.2376840410974106e+00
6.5967085392142044e+00	-1.2376870737044832e+00
6.5966519446155800e+00	-1.2376874703977911e+00
6.5966506077404503e+00	-1.2376874655272840e+00
6.5966416841931554e+00	-1.2376874330169938e+00
6.5964305301340174e+00	-1.2376889540346288e+00
6.5938875924636289e+00	-1.2377061533374585e+00
6.5938617031661462e+00	-1.2377062529329275e+00
6.5937330634020404e+00	-1.2377071985035109e+00
6.5921030841687047e+00	-1.2377182229602903e+00
6.5919376733873722e+00	-1.2377194854977005e+00
6.5919038183524234e+00	-1.2377197150891681e+00
6.5915617754456566e+00	-1.2377218414594175e+00
6.5913592625351045e+00	-1.2377234080515125e+00
6.5909420745668257e+00	-1.2377262372554407e+00
6.5907882937941062e+00	-1.2377274649634966e+00
6.5898355190827935e+00	-1.2377348928405139e+00
6.5897956223230487e+00	-1.2377351017900236e+00
6.5892525592662743e+00	-1.2377393355354729e+00
6.5890801358512219e+00	-1.2377405441175022e+00
6.5795727900185836e+00	-1.2378146638383196e+00
6.5795710445797679e+00	-1.2378146909381142e+00
6.5790606482539307e+00	-1.2378186700121738e+00
6.5790547217631952e+00	-1.2378187664079108e+00
6.5785480807685088e+00	-1.2378227162052298e+00
6.5785335998389121e+00	-1.2378229668735372e+00
6.5773048694377412e+00	-1.2378325461142525e+00
6.5773025197980353e+00	-1.2378325884454291e+00
6.5768135331533513e+00	-1.2378364006085949e+00
6.5768094265251573e+00	-1.2378364778303743e+00
6.5767119926167643e+00	-1.2378372374119893e+00
6.5764744226740595e+00	-1.2378417396844201e+00
6.5764687378339080e+00	-1.2378417850693140e+00
6.5763284179251453e+00	-1.2378444443217831e+00
6.5763270880329969e+00	-1.2378444548117911e+00
6.5759712087173661e+00	-1.2378511992072025e+00
6.5759555107752128e+00	-1.2378513333397003e+00
6.5743135759208311e+00	-1.2378824502307679e+00
6.5656833164161990e+00	-1.2380398870984282e+00
6.5626398318996912e+00	-1.2380948658647657e+00
6.5623115901014870e+00	-1.2380978163457477e+00
6.5596674913911102e+00	-1.2381125655258856e+00
6.5559759751674580e+00	-1.2381283464284072e+00
6.5559315305404935e+00	-1.2381285074490909e+00
6.5516646148876561e+00	-1.2381435448536056e+00
6.5501173608555492e+00	-1.2381489118204700e+00
6.5489301450812132e+00	-1.2381528971167979e+00
6.5489281708807550e+00	-1.2381529169152623e+00
6.5486730207767820e+00	-1.2381537596987977e+00
6.5486547681312244e+00	-1.2381539472122607e+00
6.5484410030768263e+00	-1.2381546791000850e+00
6.5481651891966290e+00	-1.2381575642623024e+00
6.5481552328836026e+00	-1.2381575991261369e+00
6.5481212306013417e+00	-1.2381579558945486e+00
6.5480729941397451e+00	-1.2381581318325885e+00
6.5478945832278663e+00	-1.2381600038062746e+00
6.5478842355784943e+00	-1.2381600420106988e+00
6.5474403223863442e+00	-1.2381646997628835e+00
6.5474163784163215e+00	-1.2381647997320120e+00
6.5468307726274650e+00	-1.2381709441915383e+00
6.5468190999255294e+00	-1.2381709947110846e+00
6.5466074144904765e+00	-1.2381732158171814e+00
6.5397745337743203e+00	-1.2382416778492207e+00
6.5374880097843846e+00	-1.2382638201126770e+00
6.5355896164840876e+00	-1.2382816198966999e+00
6.5343963785238435e+00	-1.2382923503697787e+00
6.5330453340864443e+00	-1.2383017084622616e+00
6.5216683003014975e+00	-1.2383752825154197e+00
6.5083901694693322e+00	-1.2384457610343829e+00
6.5075571026112389e+00	-1.2384470177366562e+00
6.5051703994143342e+00	-1.2384494306413361e+00
6.5027706001355510e+00	-1.2384511120081247e+00
6.4971531806672465e+00	-1.2384515101160360e+00
6.4960357615016102e+00	-1.2384511378103880e+00
6.4894072409813512e+00	-1.2384448196740587e+00
6.4892156457373860e+00	-1.2384445943400975e+00
6.4872053455579159e+00	-1.2384415246314917e+00
6.4869588584181717e+00	-1.2384410985746759e+00
6.4861214574083856e+00	-1.2384395307672518e+00
6.4855375511186972e+00	-1.2384381973412266e+00
6.4851291399779605e+00	-1.2384422586940791e+00
6.4801644253577262e+00	-1.2384827315962057e+00
6.4795428964679154e+00	-1.2384858259867069e+00
6.4789782610986588e+00	-1.2384883139508460e+00
6.4778845661911939e+00	-1.2384926579178015e+00
6.4758297577083130e+00	-1.2385002713513387e+00
6.4711900835422353e+00	-1.2385152795809917e+00
6.4706618412161960e+00	-1.2385166663648248e+00
6.4706145950523482e+00	-1.2385169537352358e+00
6.4704247022326680e+00	-1.2385174522569926e+00
6.4703545308352561e+00	-1.2385178759164792e+00
6.4702328605488644e+00	-1.2385181953350071e+00
6.4702238148720808e+00	-1.2385182513076478e+00
6.4701465685053794e+00	-1.2385184541009631e+00
6.4701375777412089e+00	-1.2385185094892663e+00
6.4700550238444192e+00	-1.2385187262151127e+00
6.4699529828493825e+00	-1.2385193576771096e+00
6.4699393581514846e+00	-1.2385193944116843e+00
6.4699074990130345e+00	-1.2385195913594487e+00
6.4698960177861258e+00	-1.2385196226067237e+00
6.4697788139732646e+00	-1.2385203868684340e+00
6.4694407480462246e+00	-1.2385224767343812e+00
6.4694277517060703e+00	-1.2385225143259124e+00
6.4690921240302908e+00	-1.2385246318686349e+00
6.4667696718847330e+00	-1.2385389888720035e+00
6.4561579543865957e+00	-1.2386033463754555e+00
6.4527351387007599e+00	-1.2386237050791877e+00
6.4371298496609031e+00	-1.2387057551969023e+00
6.4367602200289236e+00	-1.2387075099175362e+00
6.4358745680371117e+00	-1.2387107644643052e+00
6.4358280416787075e+00	-1.2387107455581914e+00
6.4357321711304785e+00	-1.2387104461790370e+00
6.4305448788449757e+00	-1.2386720111685998e+00
6.4255715000383491e+00	-1.2386342136969994e+00
6.4222527541616143e+00	-1.2386064884537331e+00
6.4222193387728463e+00	-1.2386066107256541e+00
6.4219856980797090e+00	-1.2386046588463691e+00
6.4219766610286610e+00	-1.2386046977828726e+00
6.4219667871471309e+00	-1.2386046156956234e+00
6.4217806476998858e+00	-1.2386054176850363e+00
6.4217758336642916e+00	-1.2386053785771134e+00
6.4217162683120916e+00	-1.2386056352168668e+00
6.4217021472119944e+00	-1.2386055220298118e+00
6.4212213194582306e+00	-1.2386075936958321e+00
6.4212119842852529e+00	-1.2386075265714525e+00
6.4203593796575831e+00	-1.2386112000533223e+00
6.4119409380590389e+00	-1.2386424964161968e+00
6.4102773932428248e+00	-1.2386476677095157e+00
6.4094747738078439e+00	-1.2386494345845369e+00
6.4093450511113774e+00	-1.2386492500920263e+00
6.4071676500071746e+00	-1.2386408602216752e+00
6.3975575333695218e+00	-1.2385991612442704e+00
6.3948322896874448e+00	-1.2385849136741125e+00
6.3873284193912170e+00	-1.2385445583370027e+00
6.3839135384072732e+00	-1.2385261328455586e+00
6.3835834657152262e+00	-1.2385242160733221e+00
6.3835636940665959e+00	-1.2385242408668762e+00
6.3835441251728744e+00	-1.2385241186818650e+00
6.3835409691312490e+00	-1.2385241225933594e+00
6.3834152273307332e+00	-1.2385234441350235e+00
6.3832865570256239e+00	-1.2385236229032535e+00
6.3832531000361437e+00	-1.2385234439911699e+00
6.3832011879949224e+00	-1.2385235161152215e+00
6.3831926298571089e+00	-1.2385234656660808e+00
6.3824488804871207e+00	-1.2385244989950865e+00
6.3824373696303169e+00	-1.2385245097471955e+00
6.3824361516453481e+00	-1.2385245032957748e+00
6.3824278097129703e+00	-1.2385245148856476e+00
6.3824276031017364e+00	-1.2385245138462218e+00
6.3824165684034959e+00	-1.2385245291772919e+00
6.3813304157893755e+00	-1.2385255437352374e+00
6.3761812359696703e+00	-1.2385284548036819e+00
6.3709901385561096e+00	-1.2385306287372808e+00
6.3596909473047738e+00	-1.2385258368581287e+00
6.3595314660147473e+00	-1.2385256580245738e+00
6.3595230282353397e+00	-1.2385257656452542e+00
6.3594066074701230e+00	-1.2385257162723191e+00
6.3587703339458956e+00	-1.2385250027299777e+00
6.3580808312623889e+00	-1.2385347298067957e+00
6.3580685023293571e+00	-1.2385347352954872e+00
6.3550491240676701e+00	-1.2385773308139623e+00
6.3542574794118227e+00	-1.2385883097606609e+00
6.3495314438253265e+00	-1.2386509143090547e+00
6.3465078386362981e+00	-1.2386887660507764e+00
6.3448123567936090e+00	-1.2386985433069184e+00
6.3414307186820196e+00	-1.2387134048904176e+00
6.3346043605639570e+00	-1.2387426735755300e+00
6.3316910788332725e+00	-1.2387536441600677e+00
6.3316839780858691e+00	-1.2387537017480788e+00
6.3299206854406949e+00	-1.2387603418031152e+00
6.3298857196329985e+00	-1.2387606368109452e+00
6.3295068793078464e+00	-1.2387620634150973e+00
6.3295059133755354e+00	-1.2387620721406032e+00
6.3289843255975917e+00	-1.2387640362907750e+00
6.3289596664150993e+00	-1.2387642653288153e+00
6.3287099600365648e+00	-1.2387652056476244e+00
6.3285192395321905e+00	-1.2387670028553088e+00
6.3285124153544521e+00	-1.2387670293187778e+00
6.3283919368357893e+00	-1.2387681646184157e+00
6.3283568191422592e+00	-1.2387683041323732e+00
6.3269335543854401e+00	-1.2387817159171539e+00
6.3269240656778791e+00	-1.2387817626576816e+00
6.3259148942871946e+00	-1.2387912723356482e+00
6.3258998281666461e+00	-1.2387913641142876e+00
6.3228243411066316e+00	-1.2388203452088782e+00
6.3080892999987759e+00	-1.2389505284890292e+00
6.3073935201180129e+00	-1.2389546788579624e+00
6.2974613793559957e+00	-1.2390056639493801e+00
6.2908001083277316e+00	-1.2390337071038526e+00
6.2879344874463934e+00	-1.2390428256779837e+00
6.2878863723659855e+00	-1.2390428283370569e+00
6.2877322087203948e+00	-1.2390425515159382e+00
6.2865054706046442e+00	-1.2390327088431292e+00
6.2797582507828906e+00	-1.2389730635891665e+00
6.2794595165018725e+00	-1.2389700833650452e+00
6.2786003375971022e+00	-1.2389610930070762e+00
6.2745161372740741e+00	-1.2389157222742389e+00
6.2740691945345102e+00	-1.2389102625417505e+00
6.2633088145519151e+00	-1.2387186547575824e+00
6.2631815139238434e+00	-1.2387163131303063e+00
6.2626082320759320e+00	-1.2387056263026326e+00
6.2626041781568027e+00	-1.2387056833331147e+00
6.2625370207697069e+00	-1.2387044313846041e+00
6.2625248829749598e+00	-1.2387046056912008e+00
6.2625211175621658e+00	-1.2387045356862287e+00
6.2595663172196483e+00	-1.2387469685335699e+00
6.2424335843274710e+00	-1.2389846975738958e+00
6.2419809373961987e+00	-1.2389907627614671e+00
6.2419260873961582e+00	-1.2389914344050394e+00
6.2418980613846919e+00	-1.2389916208807841e+00
6.2417874330086365e+00	-1.2389912367995317e+00
6.2407424039752870e+00	-1.2389852852509482e+00
6.2259855962617685e+00	-1.2388816227750050e+00
6.2243087946688878e+00	-1.2388690797687163e+00
6.2235737665611959e+00	-1.2388780255924456e+00
6.2231535123828836e+00	-1.2388830119048551e+00
6.2156518392440345e+00	-1.2389698208503059e+00
6.2148943045278795e+00	-1.2389783622117896e+00
6.2118876151249776e+00	-1.2390089042355246e+00
6.2065013492162366e+00	-1.2390574078059444e+00
6.2039872855678571e+00	-1.2390781250487939e+00
6.2036548890874208e+00	-1.2390796846976226e+00
6.2035647739994229e+00	-1.2390795682033648e+00
6.2031200881256643e+00	-1.2390781908866495e+00
6.2007889585726943e+00	-1.2390655266572355e+00
6.1954672104616080e+00	-1.2390335307196381e+00
6.1953484642099363e+00	-1.2390335301599400e+00
6.1953319315591173e+00	-1.2390334196278798e+00
6.1951575598785356e+00	-1.2390334302102866e+00
6.1951538383474016e+00	-1.2390334062190886e+00
6.1950994273372624e+00	-1.2390334095212272e+00
6.1950668624764846e+00	-1.2390332013635286e+00
6.1948412981471250e+00	-1.2390332150527554e+00
6.1948166157355349e+00	-1.2390330809616568e+00
6.1924873661314175e+00	-1.2390332223210034e+00
6.1924596988151013e+00	-1.2390331603172311e+00
6.1909178346102296e+00	-1.2390332538911084e+00
6.1834101835086903e+00	-1.2390290721606203e+00
6.1817279300351240e+00	-1.2390280939414919e+00
6.1801140557888186e+00	-1.2390251578698430e+00
6.1799571222475933e+00	-1.2390247175615441e+00
6.1799172711354107e+00	-1.2390244052171069e+00
6.1732311966475395e+00	-1.2389540687202045e+00
6.1708989443167495e+00	-1.2389282257301391e+00
6.1686693159107211e+00	-1.2389023581179377e+00
6.1686409964458973e+00	-1.2389020932494759e+00
6.1676773909963734e+00	-1.2388909137309445e+00
6.1676509364437626e+00	-1.2388906787685683e+00
6.1673176448169178e+00	-1.2388868119993210e+00
6.1673169468939024e+00	-1.2388868058251206e+00
6.1668212364168031e+00	-1.2388810547114590e+00
6.1668030235975255e+00	-1.2388808991053686e+00
6.1662943584193632e+00	-1.2388749976943829e+00
6.1662429259254843e+00	-1.2388745858412002e+00
6.1659297876936074e+00	-1.2388709602914376e+00
6.1612079095420729e+00	-1.2388281849500493e+00
6.1506872722792467e+00	-1.2387278888923581e+00
6.1492145239368989e+00	-1.2387136494773485e+00
6.1452823308103897e+00	-1.2386748243386714e+00
6.1428225547349911e+00	-1.2386499772896267e+00
6.1427901996787808e+00	-1.2386500947631016e+00
6.1427012490545883e+00	-1.2386491962406296e+00
6.1426795864382653e+00	-1.2386493301958019e+00
6.1426335732209285e+00	-1.2386488667514188e+00
6.1426156035698023e+00	-1.2386489790172606e+00
6.1425707567086762e+00	-1.2386485305453823e+00
6.1425307629705168e+00	-1.2386487586058967e+00
6.1425082439398055e+00	-1.2386485350495793e+00
6.1424819541106599e+00	-1.2386486523648479e+00
6.1424710518448675e+00	-1.2386485436823913e+00
6.1424417220183649e+00	-1.2386485428356173e+00
6.1424038345832557e+00	-1.2386481672724976e+00
6.1423699348484293e+00	-1.2386483548922123e+00
6.1423433746685800e+00	-1.2386480907493942e+00
6.1422738979464953e+00	-1.2386485379904106e+00
6.1421402110438388e+00	-1.2386485341307696e+00
6.1419743304604726e+00	-1.2386469595760761e+00
6.1419280550088740e+00	-1.2386472047341959e+00
6.1418142310246404e+00	-1.2386474546973842e+00
6.1417531116611466e+00	-1.2386468639856048e+00
6.1416543883409807e+00	-1.2386475268523123e+00
6.1414810845207688e+00	-1.2386460338577683e+00
6.1414337293451764e+00	-1.2386463287231186e+00
6.1413961662314298e+00	-1.2386460021689949e+00
6.1413900876191976e+00	-1.2386460416210581e+00
6.1413254771364247e+00	-1.2386454699757503e+00
6.1412687577225826e+00	-1.2386458084808118e+00
6.1412441400419588e+00	-1.2386455805936250e+00
6.1412277856657154e+00	-1.2386456909331349e+00
6.1411542081143811e+00	-1.2386450295031188e+00
6.1410510406388772e+00	-1.2386456603864955e+00
6.1409758384735458e+00	-1.2386451199099331e+00
6.1409058609196485e+00	-1.2386454460606360e+00
6.1407314055437858e+00	-1.2386440688326210e+00
6.1405769875055149e+00	-1.2386450173406554e+00
6.1403314502600006e+00	-1.2386429555730731e+00
6.1403300666459026e+00	-1.2386434950781318e+00
6.1403293638704080e+00	-1.2386434889452038e+00
6.1403023113965141e+00	-1.2386436509433985e+00
6.1402594492986244e+00	-1.2386433443408071e+00
6.1402529311918777e+00	-1.2386432977152682e+00
6.1401974748909760e+00	-1.2386429010234028e+00
6.1401816094525330e+00	-1.2386430192503866e+00
6.1401527255404620e+00	-1.2386428177761009e+00
6.1401069671994728e+00	-1.2386431617820002e+00
6.1401052540979624e+00	-1.2386431500871744e+00
6.1400569250855481e+00	-1.2386428201596229e+00
6.1399952385739249e+00	-1.2386423990444642e+00
6.1399477752408256e+00	-1.2386427588523330e+00
6.1399132355019503e+00	-1.2386425366676010e+00
6.1398661373572416e+00	-1.2386422336980651e+00
6.1398304587217494e+00	-1.2386420041871216e+00
6.1398044533989964e+00	-1.2386422085609590e+00
6.1396917691409119e+00	-1.2386414026026478e+00
6.1396392083942342e+00	-1.2386418167714328e+00
6.1396335418970329e+00	-1.2386417720890461e+00
6.1396256803958380e+00	-1.2386418344465273e+00
6.1395826086150898e+00	-1.2386414591911457e+00
6.1395550696248469e+00	-1.2386416821060282e+00
6.1395084599278729e+00	-1.2386415287634158e+00
6.1394997185845916e+00	-1.2386414530607153e+00
6.1394156458164435e+00	-1.2386421378003387e+00
6.1393999938509287e+00	-1.2386420389756236e+00
6.1392534965094532e+00	-1.2386432321388399e+00
6.1392437490662628e+00	-1.2386431621915077e+00
6.1367525945637782e+00	-1.2386634516649431e+00
6.1365838304186706e+00	-1.2386647666750634e+00
6.1365795159271723e+00	-1.2386647546094156e+00
6.1364499548644718e+00	-1.2386658098333037e+00
6.1311848312358173e+00	-1.2387068356735504e+00
6.1301761367670595e+00	-1.2387144972579067e+00
6.1224399391391229e+00	-1.2387714081829468e+00
6.1192055138423083e+00	-1.2387938478093734e+00
6.1178634301950412e+00	-1.2388029896852031e+00
6.1178487080616026e+00	-1.2388030894768800e+00
6.1139936284588163e+00	-1.2388288473601796e+00
6.1119214109059898e+00	-1.2388419880336465e+00
6.1116328929133044e+00	-1.2388438017979837e+00
6.1114877199908095e+00	-1.2388447028271958e+00
6.1047689277674113e+00	-1.2388784639780450e+00
6.1041736378670812e+00	-1.2388807203392063e+00
6.1040779779118504e+00	-1.2388809264432072e+00
6.1040434621604067e+00	-1.2388809877586082e+00
6.1040096557849335e+00	-1.2388807647465805e+00
6.1032004051832436e+00	-1.2388705853664306e+00
6.0981130602809070e+00	-1.2387932008422935e+00
6.0981117480079510e+00	-1.2387931805719747e+00
6.0946857327369424e+00	-1.2387372462017032e+00
6.0946336490252806e+00	-1.2387366771279233e+00
6.0940298648486371e+00	-1.2387268195104886e+00
6.0939173964850859e+00	-1.2387256460713911e+00
6.0939031748906203e+00	-1.2387254155866416e+00
6.0928937078042376e+00	-1.2387148833079691e+00
6.0928926238370247e+00	-1.2387148670505617e+00
6.0906621658183679e+00	-1.2386915955583686e+00
6.0906372164435796e+00	-1.2386912472747778e+00
6.0906165305586395e+00	-1.2386911194227133e+00
6.0902268606147194e+00	-1.2386870537998762e+00
6.0902222106305395e+00	-1.2386869970016037e+00
6.0902214921559139e+00	-1.2386869977880408e+00
6.0897738479969483e+00	-1.2386823272910115e+00
6.0897286665189609e+00	-1.2386816924050532e+00
6.0896002724876279e+00	-1.2386805162902770e+00
6.0894239150163116e+00	-1.2386786762639315e+00
6.0893953863148784e+00	-1.2386783218399846e+00
6.0893887562869953e+00	-1.2386783094351959e+00
6.0890772474005450e+00	-1.2386750593060480e+00
6.0890299421991543e+00	-1.2386744350984578e+00
6.0890094613510346e+00	-1.2386743520600436e+00
6.0882968352764779e+00	-1.2386669168731932e+00
6.0882669004743066e+00	-1.2386665458557795e+00
6.0882604869925201e+00	-1.2386665376332346e+00
6.0877092918338640e+00	-1.2386607867364574e+00
6.0877091969138810e+00	-1.2386607869321709e+00
6.0873975351868248e+00	-1.2386575352083602e+00
6.0873484227864791e+00	-1.2386569346231566e+00
6.0873409157431908e+00	-1.2386569444691804e+00
6.0872368742915031e+00	-1.2386558589522998e+00
6.0868399848759207e+00	-1.2386515224840895e+00
6.0868229083459644e+00	-1.2386515398370377e+00
6.0865111012859625e+00	-1.2386482865968953e+00
6.0865106191717135e+00	-1.2386482802402017e+00
6.0865102113532181e+00	-1.2386482773117786e+00
6.0846860584380940e+00	-1.2386292450054235e+00
6.0846667573253637e+00	-1.2386290123200052e+00
6.0846646346386262e+00	-1.2386290214801305e+00
6.0842319063353090e+00	-1.2386245066077375e+00
6.0842312268475531e+00	-1.2386245114608159e+00
6.0841220658221760e+00	-1.2386233725058053e+00
6.0841192333758398e+00	-1.2386233355121345e+00
6.0836966191199462e+00	-1.2386264376552507e+00
6.0836862795243132e+00	-1.2386263429425053e+00
6.0827867904874164e+00	-1.2386329455208258e+00
6.0711499117117764e+00	-1.2387118820313450e+00
6.0694572042577137e+00	-1.2387226916459466e+00
6.0689811762181618e+00	-1.2387252533665813e+00
6.0687760143064029e+00	-1.2387261444025408e+00
6.0662247310282371e+00	-1.2387333013871780e+00
6.0657152597828023e+00	-1.2387344183553912e+00
6.0540991339130921e+00	-1.2387500055391731e+00
6.0535662077175196e+00	-1.2387498848237197e+00
6.0530811564815279e+00	-1.2387492298798179e+00
6.0526204561628338e+00	-1.2387482749187582e+00
6.0464931448316133e+00	-1.2387226642537832e+00
6.0451449039485690e+00	-1.2387142931586335e+00
6.0449658519203453e+00	-1.2387126735854384e+00
6.0449476389806254e+00	-1.2387124225577415e+00
6.0447178922882348e+00	-1.2387085824481012e+00
6.0442685897075936e+00	-1.2387008528596928e+00
6.0370734969238358e+00	-1.2385713237197553e+00
6.0363386943445336e+00	-1.2385573153955216e+00
6.0325163111724045e+00	-1.2385898057967786e+00
6.0318554526483981e+00	-1.2385938294732100e+00
6.0318021425881803e+00	-1.2385939836119502e+00
6.0317542224687655e+00	-1.2385939588881913e+00
6.0316866501222108e+00	-1.2385935007274387e+00
6.0304832637822328e+00	-1.2385806898974669e+00
6.0257480371925896e+00	-1.2385272471606716e+00
6.0231996479326515e+00	-1.2384977863961544e+00
6.0224629689842537e+00	-1.2384887217518954e+00
6.0224451252290141e+00	-1.2384888511962353e+00
6.0224069748944311e+00	-1.2384883817662182e+00
6.0223966813940288e+00	-1.2384884524903557e+00
6.0220735541552610e+00	-1.2384845167462970e+00
6.0192467313452980e+00	-1.2385068269505273e+00
6.0134145660291578e+00	-1.2385494286932748e+00
6.0101606731102040e+00	-1.2385699295859798e+00
6.0099455004921136e+00	-1.2385711285470558e+00
6.0099074278350937e+00	-1.2385712059693899e+00
6.0098964242212913e+00	-1.2385711641392301e+00
6.0097463186057558e+00	-1.2385703571743829e+00
6.0065364673030466e+00	-1.2385463734497459e+00
6.0058401063294342e+00	-1.2385389120530970e+00
6.0047692588851493e+00	-1.2385262685739111e+00
6.0043021073504628e+00	-1.2385206892517906e+00
5.9954229453418453e+00	-1.2384099404906570e+00
5.9953478022777222e+00	-1.2384089743045641e+00
5.9912254467669550e+00	-1.2383541677847640e+00
5.9912212750769127e+00	-1.2383541559876916e+00
5.9900380028222919e+00	-1.2383384244395312e+00
5.9900285035718159e+00	-1.2383384170546949e+00
5.9898830126551816e+00	-1.2383364827474839e+00
5.9897024530232255e+00	-1.2383363866612027e+00
5.9896865402523582e+00	-1.2383361820555203e+00
5.9890358306180893e+00	-1.2383358357750800e+00
5.9890331851457486e+00	-1.2383358035188543e+00
5.9886726200564322e+00	-1.2383356116412005e+00
5.9795501920552203e+00	-1.2383268623412294e+00
5.9750146608898653e+00	-1.2383199603104003e+00
5.9746611902135642e+00	-1.2383193406856750e+00
5.9746485654491792e+00	-1.2383193054413428e+00
5.9600786993349395e+00	-1.2382414758808842e+00
5.9563092734821925e+00	-1.2382191702092480e+00
5.9562348401005512e+00	-1.2382187432399498e+00
5.9514114016804385e+00	-1.2381902004226191e+00
5.9513084121901798e+00	-1.2381896411716242e+00
5.9486700255936213e+00	-1.2381740284530376e+00
5.9486276223952954e+00	-1.2381738494844468e+00
5.9472103907841944e+00	-1.2381654629809884e+00
5.9467703490004293e+00	-1.2381636841999160e+00
5.9467504480902127e+00	-1.2381635682851253e+00
5.9462961311424651e+00	-1.2381617322121781e+00
5.9462327957171368e+00	-1.2381613689036530e+00
5.9455216581393318e+00	-1.2381584949178270e+00
5.9439283651186035e+00	-1.2381515345198328e+00
5.9312179861086092e+00	-1.2380933637831804e+00
5.9296970219578267e+00	-1.2380858398883605e+00
5.9294702631257561e+00	-1.2380840622723004e+00
5.9279207323325949e+00	-1.2380692407428389e+00
5.9207661479842928e+00	-1.2379986808247110e+00
5.9101035710466796e+00	-1.2378827137486654e+00
5.9099775173490761e+00	-1.2378812608801972e+00
5.9099664702940711e+00	-1.2378810994870599e+00
5.9098256169639276e+00	-1.2378789921693849e+00
5.9098107174990622e+00	-1.2378787372875089e+00
5.9079168146134622e+00	-1.2378393464085928e+00
5.9064099519956068e+00	-1.2378074662949716e+00
5.9056313353385201e+00	-1.2377908235129107e+00
5.8983367604411541e+00	-1.2376285238503926e+00
5.8976821179178351e+00	-1.2376138134427976e+00
5.8971162280706251e+00	-1.2376010432465436e+00
5.8971097995560440e+00	-1.2376009293877885e+00
5.8963664980165031e+00	-1.2375841556170935e+00
5.8963516155789408e+00	-1.2375839158559252e+00
5.8959941596505949e+00	-1.2375758834990038e+00
5.8959640775194284e+00	-1.2375753703578045e+00
5.8958934158723313e+00	-1.2375741650109444e+00
5.8958562573465567e+00	-1.2375735311605576e+00
5.8957773375045637e+00	-1.2375721849453525e+00
5.8957135619616272e+00	-1.2375710970617044e+00
5.8956694226718183e+00	-1.2375703441333967e+00
5.8956628422532216e+00	-1.2375701975373690e+00
5.8956257265937317e+00	-1.2375693706890207e+00
5.8953793771819951e+00	-1.2375651830790346e+00
5.8953696978976318e+00	-1.2375649668594275e+00
5.8952366236666425e+00	-1.2375627047757689e+00
5.8952266791577479e+00	-1.2375624853180041e+00
5.8951499014186188e+00	-1.2375612306137269e+00
5.8943823566888307e+00	-1.2375481833815349e+00
5.8943525833972101e+00	-1.2375475548984973e+00
5.8941842127164357e+00	-1.2375448151994408e+00
5.8938461161991258e+00	-1.2375390680115657e+00
5.8938276006938723e+00	-1.2375386745636121e+00
5.8937892225546413e+00	-1.2375381008958251e+00
5.8933709087677117e+00	-1.2375309901218265e+00
5.8933182929314736e+00	-1.2375299096540626e+00
5.8930515376042694e+00	-1.2375255393994371e+00
5.8927981484629868e+00	-1.2375212321234792e+00
5.8927612474579476e+00	-1.2375204541210487e+00
5.8927332383881366e+00	-1.2375201287391613e+00
5.8898857706645291e+00	-1.2374717256023702e+00
5.8898356365420099e+00	-1.2374707400137279e+00
5.8898058100003672e+00	-1.2374703663781959e+00
5.8881248818804597e+00	-1.2374417928519539e+00
5.8880437180751883e+00	-1.2374403553177133e+00
5.8880373148788498e+00	-1.2374403043302324e+00
5.8876712816025529e+00	-1.2374340822548791e+00
5.8876497676132189e+00	-1.2374339060929436e+00
5.8873532924998244e+00	-1.2374288664131783e+00
5.8873483540859226e+00	-1.2374288335452761e+00
5.8866614907925303e+00	-1.2374171072074596e+00
5.8866073337661406e+00	-1.2374167780429324e+00
5.8865658777001713e+00	-1.2374160674863119e+00
5.8865558457822047e+00	-1.2374160072920419e+00
5.8865376455475822e+00	-1.2374156549952593e+00
5.8862325948951382e+00	-1.2374138246073532e+00
5.8862069238673822e+00	-1.2374134040387033e+00
5.8758790612634515e+00	-1.2373514340194427e+00
5.8686794518045389e+00	-1.2373082343803745e+00
5.8686729841749985e+00	-1.2373082264217832e+00
5.8668648229261624e+00	-1.2372973769564375e+00
5.8668602969188992e+00	-1.2372973826341958e+00
5.8650138379377621e+00	-1.2372863033719115e+00
5.8649959932802043e+00	-1.2372863269428864e+00
5.8643553855531829e+00	-1.2372824831201417e+00
5.8643494912741039e+00	-1.2372824960633408e+00
5.8636214263128226e+00	-1.2372781274312270e+00
5.8635052622250647e+00	-1.2372786570182148e+00
5.8635006454310679e+00	-1.2372786298842680e+00
5.8633812369983147e+00	-1.2372791044623337e+00
5.8633672664714460e+00	-1.2372790237608060e+00
5.8632523094956577e+00	-1.2372794138562222e+00
5.8632233112274097e+00	-1.2372792488874145e+00
5.8584067329285174e+00	-1.2372955935247192e+00
5.8584038150834532e+00	-1.2372955899342326e+00
5.8583993063855679e+00	-1.2372956187260433e+00
5.8578277657352027e+00	-1.2372975581992658e+00
5.8577493240971190e+00	-1.2372980787023045e+00
5.8573832641366570e+00	-1.2372993208947727e+00
5.8573801811717754e+00	-1.2372993403576553e+00
5.8569208058039548e+00	-1.2373008992036854e+00
5.8568828629553042e+00	-1.2373008887108901e+00
5.8568428479408077e+00	-1.2373011637461793e+00
5.8567320620719832e+00	-1.2373015396873461e+00
5.8566670313534743e+00	-1.2373019922209665e+00
5.8566438908749756e+00	-1.2373020718952736e+00
5.8552191824920214e+00	-1.2373119861090087e+00
5.8551903154755989e+00	-1.2373120223219289e+00
5.8543036160262325e+00	-1.2373181926568304e+00
5.8459690406281810e+00	-1.2373691638196416e+00
5.8450289770726167e+00	-1.2373736215328552e+00
5.8450096890806122e+00	-1.2373735959732861e+00
5.8399283378739169e+00	-1.2373407177228242e+00
5.8395992060038306e+00	-1.2373382418112606e+00
5.8387053892931613e+00	-1.2373308917525809e+00
5.8386856793387851e+00	-1.2373308118643918e+00
5.8384055477198729e+00	-1.2373285082716163e+00
5.8382779811874377e+00	-1.2373280735718852e+00
5.8382702891281388e+00	-1.2373280131320190e+00
5.8380840780244601e+00	-1.2373273339706279e+00
5.8380671101579518e+00	-1.2373272007471412e+00
5.8377694183919422e+00	-1.2373261863233096e+00
5.8376272275855126e+00	-1.2373256677156432e+00
5.8373915724736634e+00	-1.2373247577176461e+00
5.8373847496857580e+00	-1.2373247070896403e+00
5.8373312589288950e+00	-1.2373245248128535e+00
5.8331703365837120e+00	-1.2373084571325441e+00
5.8226543141855132e+00	-1.2372658336962035e+00
5.8207114648729252e+00	-1.2372521907141070e+00
5.8152640481193583e+00	-1.2372110721566996e+00
5.8148985366160959e+00	-1.2372074410488212e+00
5.7989655533332094e+00	-1.2369802653391029e+00
5.7971313435791396e+00	-1.2369530972548186e+00
5.7970887246431788e+00	-1.2369525955685565e+00
5.7969554214066736e+00	-1.2369506210977761e+00
5.7969531807549206e+00	-1.2369505961146807e+00
5.7952498891155386e+00	-1.2369253671730525e+00
5.7952332061001712e+00	-1.2369251897727358e+00
5.7951841193804210e+00	-1.2369244627058367e+00
5.7946292046910886e+00	-1.2369185960143190e+00
5.7945956379895760e+00	-1.2369181148614687e+00
5.7939566493609975e+00	-1.2369113734949002e+00
5.7939389181526026e+00	-1.2369111854565122e+00
5.7939375979356349e+00	-1.2369111665078514e+00
5.7922716555757727e+00	-1.2368934992903311e+00
5.7922383929166106e+00	-1.2368930585674982e+00
5.7914102994519245e+00	-1.2368843260458551e+00
5.7913988343230036e+00	-1.2368841863042346e+00
5.7910790498454192e+00	-1.2368808302453944e+00
5.7907360061267177e+00	-1.2368771377497572e+00
5.7907014043465175e+00	-1.2368766833863063e+00
5.7901861729891362e+00	-1.2368712193890616e+00
5.7880838332627267e+00	-1.2368485899694155e+00
5.7824011705090719e+00	-1.2367857060955776e+00
5.7822089518905777e+00	-1.2367835564000187e+00
5.7793493987744151e+00	-1.2367508444509783e+00
5.7776199088274280e+00	-1.2367307621511514e+00
5.7776021968903626e+00	-1.2367305404411169e+00
5.7773987708879524e+00	-1.2367276539936192e+00
5.7707514085205851e+00	-1.2366208946058950e+00
5.7667543072587257e+00	-1.2365506366121810e+00
5.7644981030286671e+00	-1.2365104633989417e+00
5.7641892352247623e+00	-1.2365047771100610e+00
5.7635538485526547e+00	-1.2364926778720799e+00
5.7602505162089974e+00	-1.2364243834159967e+00
5.7499060249141483e+00	-1.2362068391277654e+00
5.7496401093519385e+00	-1.2362011972497509e+00
5.7490677144767517e+00	-1.2361889008194114e+00
5.7490592745393583e+00	-1.2361888043712455e+00
5.7477813796043673e+00	-1.2361614087481687e+00
5.7477750094284374e+00	-1.2361613429258385e+00
5.7472685838641446e+00	-1.2361504786588082e+00
5.7472635790317295e+00	-1.2361504294288808e+00
5.7469300363713005e+00	-1.2361432923038762e+00
5.7469124943660290e+00	-1.2361431065042101e+00
5.7466991040404665e+00	-1.2361385403913587e+00
5.7466930493900277e+00	-1.2361384872786052e+00
5.7461567815870680e+00	-1.2361270106315290e+00
5.7461550349830546e+00	-1.2361269962702506e+00
5.7459944510514944e+00	-1.2361235600786689e+00
5.7456760931581083e+00	-1.2361210051670184e+00
5.7456563698450323e+00	-1.2361205900226242e+00
5.7453497792580270e+00	-1.2361181295469177e+00
5.7453449883489043e+00	-1.2361180312212519e+00
5.7442223396882950e+00	-1.2361090216499422e+00
5.7442196982511078e+00	-1.2361089721601093e+00
5.7420603403633281e+00	-1.2360916427056188e+00
5.7420599100856835e+00	-1.2360915319047054e+00
5.7388305724428363e+00	-1.2360656155616883e+00
5.7383119914785921e+00	-1.2360613263454840e+00
5.7368930665003210e+00	-1.2360493637565757e+00
5.7247173545305587e+00	-1.2359437643621347e+00
5.7246229365463615e+00	-1.2359427412801156e+00
5.7243243631936451e+00	-1.2359386173061115e+00
5.7236364897323693e+00	-1.2359288486299598e+00
5.7227026149124312e+00	-1.2359155470891259e+00
5.7199226849557521e+00	-1.2358752747275366e+00
5.7191754749592345e+00	-1.2358642480046864e+00
5.7178557047478984e+00	-1.2358440320305848e+00
5.7177069714357103e+00	-1.2358416604852704e+00
5.7176744236474972e+00	-1.2358412552032254e+00
5.7174252022601486e+00	-1.2358374376802439e+00
5.7174207941550179e+00	-1.2358373800865612e+00
5.7173402249667937e+00	-1.2358361004120890e+00
5.7171895979158291e+00	-1.2358343594138630e+00
5.7171545725246284e+00	-1.2358339017929116e+00
5.7171425769898434e+00	-1.2358337124019885e+00
5.7171220267258374e+00	-1.2358334765688415e+00
5.7170288387753363e+00	-1.2358322590304469e+00
5.7169455976616321e+00	-1.2358309579391960e+00
5.7168490251735040e+00	-1.2358299096927599e+00
5.7160723949750682e+00	-1.2358197627040144e+00
5.7160579614815612e+00	-1.2358195426462690e+00
5.7160444747720680e+00	-1.2358193979152305e+00
5.7152709395688950e+00	-1.2358092913638543e+00
5.7152492650130879e+00	-1.2358089804605779e+00
5.7152438749707235e+00	-1.2358089377538948e+00
5.7152373176459044e+00	-1.2358088520797847e+00
5.7152246808515805e+00	-1.2358086614397759e+00
5.7151968873882035e+00	-1.2358083238420590e+00
5.7147170568047443e+00	-1.2358020546607420e+00
5.7147051083712617e+00	-1.2358018804565860e+00
5.7142716852199227e+00	-1.2357962176072048e+00
5.7140849285024391e+00	-1.2357935994936331e+00
5.7140581067808025e+00	-1.2357934271182149e+00
5.7138551789330601e+00	-1.2357907757835238e+00
5.7138266739115089e+00	-1.2357903886419834e+00
5.7131942736409487e+00	-1.2357821260757829e+00
5.7131933858879362e+00	-1.2357821135416984e+00
5.7130448447398363e+00	-1.2357801727913116e+00
5.7129058555994447e+00	-1.2357782272648767e+00
5.7128826372448849e+00	-1.2357780534845566e+00
5.7123597297259199e+00	-1.2357712214855943e+00
5.7122947946581366e+00	-1.2357702861813913e+00
5.7122691059522790e+00	-1.2357700374492111e+00
5.7119116164884076e+00	-1.2357653667042752e+00
5.7118933749327105e+00	-1.2357650993246174e+00
5.7118808477381631e+00	-1.2357649646980653e+00
5.7108890052981414e+00	-1.2357520058740377e+00
5.7108883155018315e+00	-1.2357519109498789e+00
5.7108788036423652e+00	-1.2357518725852645e+00
5.7096319695515696e+00	-1.2357355821918288e+00
5.7095713324586024e+00	-1.2357347342479381e+00
5.7095665476991764e+00	-1.2357347274287751e+00
5.7090593065713131e+00	-1.2357281001175708e+00
5.7090566357126313e+00	-1.2357280808688142e+00
5.7088707724697461e+00	-1.2357256524901115e+00
5.7088662518892770e+00	-1.2357256508897492e+00
5.7088446556734445e+00	-1.2357253687257685e+00
5.7086625859524531e+00	-1.2357245485292070e+00
5.7085947395994507e+00	-1.2357236651503245e+00
5.7085741642409236e+00	-1.2357236242657921e+00
5.7085564624965004e+00	-1.2357233974500066e+00
5.7084697637926194e+00	-1.2357233645628216e+00
5.7084146910182625e+00	-1.2357226434794233e+00
5.7084044760250476e+00	-1.2357226208919980e+00
5.7083825892755948e+00	-1.2357223344481378e+00
5.7083005630985868e+00	-1.2357221472582522e+00
5.7082565525755591e+00	-1.2357215589032273e+00
5.7082432042397029e+00	-1.2357215155417123e+00
5.7082251711496488e+00	-1.2357212695425950e+00
5.7078082897789244e+00	-1.2357184030178889e+00
5.7077560626002963e+00	-1.2357177526898968e+00
5.7077412935279126e+00	-1.2357177632871590e+00
5.7077325034967661e+00	-1.2357176565176498e+00
5.7077005862883849e+00	-1.2357176624361832e+00
5.7073410429843729e+00	-1.2357151901746810e+00
5.7073127352214224e+00	-1.2357148603262733e+00
5.7072953726315028e+00	-1.2357148761400323e+00
5.7070861995274411e+00	-1.2357134378414831e+00
5.7070183727685837e+00	-1.2357127089246738e+00
5.7069987915020572e+00	-1.2357127333447684e+00
5.7069875455198114e+00	-1.2357126039888069e+00
5.7068752223609582e+00	-1.2357119356367212e+00
5.7068514953303291e+00	-1.2357117944547018e+00
5.7068429230176116e+00	-1.2357117434472056e+00
5.7068285415845645e+00	-1.2357115644758156e+00
5.7068085228245735e+00	-1.2357115285042353e+00
5.7063047686603543e+00	-1.2357080646321150e+00
5.7062881448337786e+00	-1.2357078772213321e+00
5.7062792959889048e+00	-1.2357078894790687e+00
5.7062013441664661e+00	-1.2357073534732872e+00
5.7061102311196628e+00	-1.2357063003579813e+00
5.7060546786198962e+00	-1.2357063449839607e+00
5.7060446124983724e+00	-1.2357063530701951e+00
5.7060420801611658e+00	-1.2357063551044516e+00
5.7059665588495951e+00	-1.2357058108258037e+00
5.7059401695688461e+00	-1.2357056206394608e+00
5.7058622367085698e+00	-1.2357050589808916e+00
5.7058420772994074e+00	-1.2357049136929492e+00
5.7057577090136471e+00	-1.2357043056545618e+00
5.7057496443711546e+00	-1.2357042475330511e+00
5.7050447494373957e+00	-1.2356991673874145e+00
5.7050293659211571e+00	-1.2356992098985091e+00
5.7050277944022438e+00	-1.2356991931559209e+00
5.7050187539612462e+00	-1.2356992218457343e+00
5.7048386368660866e+00	-1.2356979833396760e+00
5.7048154197637349e+00	-1.2356976950318235e+00
5.7048022977777606e+00	-1.2356977334678856e+00
5.7048000752149495e+00	-1.2356977181852857e+00
5.7046860333655438e+00	-1.2356966139693712e+00
5.7046553392125832e+00	-1.2356967229637292e+00
5.7045376349530432e+00	-1.2356959136155750e+00
5.7044777522658965e+00	-1.2356952709915530e+00
5.7044557564013836e+00	-1.2356953506091473e+00
5.7044466318377243e+00	-1.2356952878675882e+00
5.7043428543015056e+00	-1.2356941614139305e+00
5.7043042856700543e+00	-1.2356943090788126e+00
5.7042994701878209e+00	-1.2356942759669978e+00
5.7042409123285847e+00	-1.2356936718863141e+00
5.7027121361111996e+00	-1.2356998786010231e+00
5.6950008380257238e+00	-1.2357233887132573e+00
5.6946430974528450e+00	-1.2357235673062021e+00
5.6946327507562353e+00	-1.2357234896485572e+00
5.6927324805120705e+00	-1.2357020518987596e+00
5.6889295628600127e+00	-1.2356566171447896e+00
5.6872276763398153e+00	-1.2356356985916903e+00
5.6804874914993517e+00	-1.2355447313068442e+00
5.6798087289658774e+00	-1.2355344430540740e+00
5.6797564220305627e+00	-1.2355333716484209e+00
5.6743383015380235e+00	-1.2354032232337355e+00
5.6669908745032176e+00	-1.2352210009612021e+00
5.6646309847565517e+00	-1.2351616256639315e+00
5.6646296867219261e+00	-1.2351616065012514e+00
5.6641169409065295e+00	-1.2351487057141461e+00
5.6640919544298356e+00	-1.2351483499666829e+00
5.6639366356097209e+00	-1.2351444420981155e+00
5.6630462906267773e+00	-1.2351319783766428e+00
5.6630447283948717e+00	-1.2351319408503445e+00
5.6613813233608052e+00	-1.2351084544090023e+00
5.6613771615258619e+00	-1.2351083565809855e+00
5.6607522556093111e+00	-1.2350995722891678e+00
5.6544524198364732e+00	-1.2350106217808341e+00
5.6544199693667370e+00	-1.2350101531023225e+00
5.6492578680227226e+00	-1.2349350891702300e+00
5.6363327485131247e+00	-1.2347433383016071e+00
5.6362765602240978e+00	-1.2347424943440608e+00
5.6356022064946449e+00	-1.2347322220438086e+00
5.6348245989948929e+00	-1.2347216526365483e+00
5.6344648584444794e+00	-1.2347167581061895e+00
5.6344252438173488e+00	-1.2347161388547609e+00
5.6337642886457493e+00	-1.2347071536429830e+00
5.6337198619209765e+00	-1.2347064770282397e+00
5.6297948196931271e+00	-1.2346531347414689e+00
5.6296057078831492e+00	-1.2346505338143181e+00
5.6184099521495803e+00	-1.2344980226245903e+00
5.6120425569788965e+00	-1.2344274647379598e+00
5.6120306822685952e+00	-1.2344273466455280e+00
5.6115370308019710e+00	-1.2344218764330968e+00
5.6113990914400240e+00	-1.2344205287537049e+00
5.6113974326945799e+00	-1.2344205103729433e+00
5.6113964858031959e+00	-1.2344205010663933e+00
5.6109676111026081e+00	-1.2344157486532492e+00
5.6109634918262961e+00	-1.2344157089500334e+00
5.6097132782164900e+00	-1.2344018551797271e+00
5.6095278254050989e+00	-1.2344001409420031e+00
5.6095070904943487e+00	-1.2343998852089602e+00
5.6094265129021528e+00	-1.2343991445073916e+00
5.6094033304654989e+00	-1.2343988896153992e+00
5.6093993505310982e+00	-1.2343988458558315e+00
5.6092668881934076e+00	-1.2343973894261346e+00
5.6091505930785939e+00	-1.2343963203947625e+00
5.6091450589565097e+00	-1.2343962598999207e+00
5.6087799143089336e+00	-1.2343929033437642e+00
5.6086766675602364e+00	-1.2343917858275939e+00
5.6075008631069903e+00	-1.2343809773611336e+00
5.6054443142475181e+00	-1.2343605901165020e+00
5.6034447538865342e+00	-1.2343389114051624e+00
5.6013331154393953e+00	-1.2343151869230322e+00
5.6011702450876104e+00	-1.2343116003104904e+00
5.5953315212725352e+00	-1.2341576015316920e+00
5.5942817563346958e+00	-1.2341284594223865e+00
5.5942801687852324e+00	-1.2341284288481122e+00
5.5937608155186895e+00	-1.2341140112874600e+00
5.5937548632303864e+00	-1.2341138962586820e+00
5.5920227151261992e+00	-1.2340658107801465e+00
5.5910328160518032e+00	-1.2340497323216653e+00
5.5910240844745678e+00	-1.2340495078646869e+00
5.5908388938597211e+00	-1.2340465017329196e+00
5.5846436485763364e+00	-1.2339375439533034e+00
5.5824436176180461e+00	-1.2338947954733086e+00
5.5794281642773784e+00	-1.2338332598734374e+00
5.5792873833381895e+00	-1.2338328325805661e+00
5.5792807850847010e+00	-1.2338326965481483e+00
5.5790197399326988e+00	-1.2338319042339814e+00
5.5790166461901869e+00	-1.2338318431664617e+00
5.5774762523040948e+00	-1.2338271678224102e+00
5.5774704070045686e+00	-1.2338270713828219e+00
5.5769920797305703e+00	-1.2338256195823472e+00
5.5769825285744892e+00	-1.2338254832481950e+00
5.5762521068800801e+00	-1.2338232663004682e+00
5.5735636600276850e+00	-1.2338145003345204e+00
5.5723514761757391e+00	-1.2338099684675932e+00
5.5719814146353785e+00	-1.2338082765925651e+00
5.5689114393273087e+00	-1.2337934694941959e+00
5.5683611051664448e+00	-1.2337905367040538e+00
5.5683252614432588e+00	-1.2337901707042080e+00
5.5676188217493348e+00	-1.2337796863677903e+00
5.5657718766675188e+00	-1.2337517257831019e+00
5.5583081220974053e+00	-1.2336304064525858e+00
5.5551877571148820e+00	-1.2335788482801320e+00
5.5530475241477939e+00	-1.2335429616185938e+00
5.5529553709495874e+00	-1.2335416185533792e+00
5.5518344940755409e+00	-1.2335228365380828e+00
5.5512567264370256e+00	-1.2335145626327380e+00
5.5512066342076967e+00	-1.2335137404910306e+00
5.5469031677757084e+00	-1.2334521128200788e+00
5.5466773341394120e+00	-1.2334488617502570e+00
5.5396739487314539e+00	-1.2333461833251493e+00
5.5355003975027115e+00	-1.2332838643509874e+00
5.5336649424001401e+00	-1.2332538055791573e+00
5.5316398557869535e+00	-1.2332093647037885e+00
5.5269599266792069e+00	-1.2331053144212163e+00
5.5246351083917213e+00	-1.2330527127633282e+00
5.5240022173569896e+00	-1.2330379802081814e+00
5.5236234246801779e+00	-1.2330302400842681e+00
5.5235133979267133e+00	-1.2330277066625872e+00
5.5231529152563033e+00	-1.2330204619335248e+00
5.5230820051751985e+00	-1.2330189830408678e+00
5.5230379100335618e+00	-1.2330179708125091e+00
5.5228428133394214e+00	-1.2330139944829082e+00
5.5228099230878431e+00	-1.2330133085275294e+00
5.5227479250985585e+00	-1.2330118927933638e+00
5.5223320810093188e+00	-1.2330032199959222e+00
5.5222872310011279e+00	-1.2330022267467062e+00
5.5206512186833248e+00	-1.2329681062582556e+00
5.5205151034544677e+00	-1.2329651919314366e+00
5.5204540661776553e+00	-1.2329639944678248e+00
5.5200150742616749e+00	-1.2329548389019185e+00
5.5199648877153873e+00	-1.2329537495356122e+00
5.5199295652884937e+00	-1.2329530555364145e+00
5.5187163803596517e+00	-1.2329277534883170e+00
5.5186770011422706e+00	-1.2329269900623006e+00
5.5183712392311675e+00	-1.2329206131263553e+00
5.5182836935633306e+00	-1.2329188172692978e+00
5.5166525588166060e+00	-1.2328847985069193e+00
5.5165708455758056e+00	-1.2328830357431857e+00
5.5165353999528284e+00	-1.2328823550548653e+00
5.5161241209880645e+00	-1.2328737774671452e+00
5.5160581257619343e+00	-1.2328723444397767e+00
5.5160299350957045e+00	-1.2328718131367931e+00
5.5155423876008660e+00	-1.2328616449012082e+00
5.5155414179605948e+00	-1.2328616237431456e+00
5.5155408717720071e+00	-1.2328616132872525e+00
5.5154044701656328e+00	-1.2328587685107284e+00
5.5147733479653942e+00	-1.2328455190388814e+00
5.5140929899895044e+00	-1.2328328517980733e+00
5.5140558215199880e+00	-1.2328320893473439e+00
5.5126105165267170e+00	-1.2328052059720145e+00
5.5125209273621554e+00	-1.2328033753367422e+00
5.5064737337096759e+00	-1.2326908945957173e+00
5.4948876579325798e+00	-1.2324753879551384e+00
5.4947482357685686e+00	-1.2324739172817418e+00
5.4945120494978070e+00	-1.2324714259069487e+00
5.4932981248481001e+00	-1.2324586210082416e+00
5.4894557544730933e+00	-1.2324140806945998e+00
5.4887842335887456e+00	-1.2324028713508803e+00
5.4843599497425890e+00	-1.2323264439643093e+00
5.4824825518134590e+00	-1.2322924112192086e+00
5.4817016210184857e+00	-1.2322778108499721e+00
5.4816971707585660e+00	-1.2322777559430056e+00
5.4814414406904302e+00	-1.2322729747851313e+00
5.4814411380850130e+00	-1.2322729710507279e+00
5.4809158699090821e+00	-1.2322631505783299e+00
5.4807240938761712e+00	-1.2322608899167504e+00
5.4806913046835186e+00	-1.2322602830500435e+00
5.4806697916617404e+00	-1.2322600306157914e+00
5.4806590877955150e+00	-1.2322598321614830e+00
5.4805432941552974e+00	-1.2322584734364617e+00
5.4805297122252172e+00	-1.2322582259373223e+00
5.4797386456766333e+00	-1.2322489435457233e+00
5.4797154742656886e+00	-1.2322485420771307e+00
5.4773371557683728e+00	-1.2322206348376215e+00
5.4773239955141184e+00	-1.2322204167276676e+00
5.4738975152011324e+00	-1.2321802103352619e+00
5.4686651494590848e+00	-1.2321106748291422e+00
5.4686376785059565e+00	-1.2321101676658484e+00
5.4683908872622915e+00	-1.2321041160307473e+00
5.4675233381627111e+00	-1.2320816584046905e+00
5.4641719136865090e+00	-1.2319896551014053e+00
5.4637020192493040e+00	-1.2319759863670623e+00
5.4635714590638793e+00	-1.2319728244104331e+00
5.4635360120013905e+00	-1.2319717932912184e+00
5.4634984007523366e+00	-1.2319708870336044e+00
5.4633795202341711e+00	-1.2319674599038144e+00
5.4632891490151199e+00	-1.2319652823742877e+00
5.4632740702457303e+00	-1.2319648476881249e+00
5.4618391328656415e+00	-1.2319302723161547e+00
5.4618182639238535e+00	-1.2319296955745371e+00
5.4557888558217833e+00	-1.2317844146509356e+00
5.4544370923848398e+00	-1.2317518433873413e+00
5.4544156904227101e+00	-1.2317512948547871e+00
5.4537140502937635e+00	-1.2317343885641125e+00
5.4536732626183282e+00	-1.2317333749119093e+00
5.4536545127345732e+00	-1.2317329539835631e+00
5.4531738491299615e+00	-1.2317213722078335e+00
5.4531583097895711e+00	-1.2317209804198195e+00
5.4531513516012540e+00	-1.2317208301211653e+00
5.4501201114602988e+00	-1.2316477912158730e+00
5.4501119863748269e+00	-1.2316476282827782e+00
5.4497999234172800e+00	-1.2316401090049443e+00
5.4497883375833105e+00	-1.2316398725242483e+00
5.4483183248803089e+00	-1.2316044519987868e+00
5.4483177640336731e+00	-1.2316044394746708e+00
5.4465981087521405e+00	-1.2315630037145848e+00
5.4465930579487871e+00	-1.2315629103123784e+00
5.4462021545995976e+00	-1.2315534913447703e+00
5.4461783268155211e+00	-1.2315530629835150e+00
5.4459798159686530e+00	-1.2315482797877702e+00
5.4459370737451938e+00	-1.2315472350525167e+00
5.4459350140954106e+00	-1.2315472002692811e+00
5.4453619874741648e+00	-1.2315333929708907e+00
5.4453551939344358e+00	-1.2315332729458599e+00
5.4451288487633906e+00	-1.2315278190712928e+00
5.4450917488113815e+00	-1.2315271587696091e+00
5.4450468737897637e+00	-1.2315260774885817e+00
5.4450407452085292e+00	-1.2315259723873349e+00
5.4450170432039418e+00	-1.2315254013630126e+00
5.4450046174963873e+00	-1.2315251804479452e+00
5.4449837808608956e+00	-1.2315246787856697e+00
5.4447731582180614e+00	-1.2315209341526059e+00
5.4447614068613932e+00	-1.2315206521120587e+00
5.4447050626441280e+00	-1.2315197234900950e+00
5.4446497221672914e+00	-1.2315187395988261e+00
5.4446091260743419e+00	-1.2315177816359655e+00
5.4443595438319976e+00	-1.2315135805552677e+00
5.4438171361312842e+00	-1.2315039371580394e+00
5.4437459448130676e+00	-1.2315023474037741e+00
5.4436460769603423e+00	-1.2315006810804128e+00
5.4435545712447899e+00	-1.2314991542816744e+00
5.4434926191941733e+00	-1.2314981205941924e+00
5.4434728260359844e+00	-1.2314976769092674e+00
5.4434090868474163e+00	-1.2314966139080585e+00
5.4433908212015556e+00	-1.2314961650916911e+00
5.4421998387002208e+00	-1.2314749907659261e+00
5.4421884235051934e+00	-1.2314747444146945e+00
5.4421530907369222e+00	-1.2314741596398577e+00
5.4420264664425311e+00	-1.2314719084027017e+00
5.4419755633680067e+00	-1.2314707656464448e+00
5.4416260145536759e+00	-1.2314647888197201e+00
5.4408065589096690e+00	-1.2314502198224959e+00
5.4407474365721322e+00	-1.2314490685165580e+00
5.4406852284234537e+00	-1.2314480627032791e+00
5.4406595022101429e+00	-1.2314476053202188e+00
5.4406491593988502e+00	-1.2314473792209448e+00
5.4406071070859694e+00	-1.2314466737939986e+00
5.4405807599820646e+00	-1.2314462053722035e+00
5.4405709787450158e+00	-1.2314459952006507e+00
5.4405428332876955e+00	-1.2314455310783490e+00
5.4397703881102863e+00	-1.2314317978742053e+00
5.4397117017872354e+00	-1.2314305302345598e+00
5.4395481101329253e+00	-1.2314278227856679e+00
5.4395446072235334e+00	-1.2314277452910660e+00
5.4395202108596648e+00	-1.2314273500048221e+00
5.4384620128429564e+00	-1.2314085364374485e+00
5.4384283514677643e+00	-1.2314080016526168e+00
5.4383380355348017e+00	-1.2314061581966578e+00
5.4382400387399299e+00	-1.2314046080207981e+00
5.4382164716830337e+00	-1.2314041193070893e+00
5.4378864598674346e+00	-1.2313989196705286e+00
5.4378464284243870e+00	-1.2313982071944252e+00
5.4373143255535519e+00	-1.2313898329046591e+00
5.4369980019273632e+00	-1.2313846523329193e+00
5.4369766863558349e+00	-1.2313842248897808e+00
5.4368541400336623e+00	-1.2313822962431453e+00
5.4253513102696607e+00	-1.2311939093195323e+00
5.4235659510706746e+00	-1.2311640329722149e+00
5.4233320728311547e+00	-1.2311599050142654e+00
5.4215160006069940e+00	-1.2311274622299377e+00
5.4143850796752426e+00	-1.2309975062423875e+00
5.4109033820993790e+00	-1.2309298188851723e+00
5.4083054299925166e+00	-1.2308768039193019e+00
5.4081870724541199e+00	-1.2308740192975511e+00
5.4075215051542784e+00	-1.2308575375839088e+00
5.4032106922788996e+00	-1.2307460447563168e+00
5.3926962504417588e+00	-1.2304726670693589e+00
5.3920890818918812e+00	-1.2304568566125549e+00
5.3914971082313619e+00	-1.2304414418253586e+00
5.3911959034786667e+00	-1.2304335985588841e+00
5.3911120009630231e+00	-1.2304314079998269e+00
5.3908507197855737e+00	-1.2304245240442719e+00
5.3908418007831340e+00	-1.2304243535099022e+00
5.3908269204420245e+00	-1.2304239650082496e+00
5.3903056489751648e+00	-1.2304102859174906e+00
5.3894858996366839e+00	-1.2303890145657113e+00
5.3892967988248559e+00	-1.2303841076634410e+00
5.3888698243397970e+00	-1.2303730282711851e+00
5.3880726390496543e+00	-1.2303522698448848e+00
5.3880687531916722e+00	-1.2303521991017448e+00
5.3875577687059213e+00	-1.2303388830989097e+00
5.3875374013242876e+00	-1.2303384444025860e+00
5.3868420536004740e+00	-1.2303203470227011e+00
5.3868345824885155e+00	-1.2303202165843168e+00
5.3867466138682873e+00	-1.2303179339213386e+00
5.3854356124980063e+00	-1.2302837925216970e+00
5.3854232248149581e+00	-1.2302835938215388e+00
5.3853975639980440e+00	-1.2302829279591370e+00
5.3853948306299513e+00	-1.2302828843295837e+00
5.3853417720316470e+00	-1.2302814939718518e+00
5.3853401460753760e+00	-1.2302814662732471e+00
5.3852943904685135e+00	-1.2302802745386876e+00
5.3852776290394768e+00	-1.2302799947659786e+00
5.3849276689330452e+00	-1.2302708780984215e+00
5.3849256803842618e+00	-1.2302708463271930e+00
5.3847140820783252e+00	-1.2302653188864092e+00
5.3841130450837431e+00	-1.2302560928667567e+00
5.3841075052368428e+00	-1.2302559512715960e+00
5.3841005515511675e+00	-1.2302558442896154e+00
5.3840768426658725e+00	-1.2302552391161787e+00
5.3834398064401867e+00	-1.2302454383572274e+00
5.3834365544698324e+00	-1.2302453574738230e+00
5.3778218625551997e+00	-1.2301589758210656e+00
5.3778113206834863e+00	-1.2301588271285444e+00
5.3691928466407592e+00	-1.2300262324922977e+00
5.3691835292036361e+00	-1.2300261393411092e+00
5.3680690123451056e+00	-1.2300089925751370e+00
5.3680537932330843e+00	-1.2300088808039029e+00
5.3679245093489918e+00	-1.2300068917801501e+00
5.3679236275776843e+00	-1.2300068854215709e+00
5.3675336945142362e+00	-1.2300008863279435e+00
5.3675236779862683e+00	-1.2300008305622816e+00
5.3675196783104759e+00	-1.2300007690275419e+00
5.3675044830871714e+00	-1.2300006852164949e+00
5.3674673217869637e+00	-1.2300001134897414e+00
5.3674208850213576e+00	-1.2299998653829811e+00
5.3674073647034009e+00	-1.2299996578438108e+00
5.3670032797387313e+00	-1.2299974988602955e+00
5.3669993571218750e+00	-1.2299974424344431e+00
5.3667109362898042e+00	-1.2299959014322372e+00
5.3666821232224633e+00	-1.2299955070982109e+00
5.3659581703056780e+00	-1.2299916390938312e+00
5.3659546495712087e+00	-1.2299915894340649e+00
5.3658144156282965e+00	-1.2299907625759368e+00
5.3630656611480694e+00	-1.2299682614790248e+00
5.3629476595209988e+00	-1.2299664183301566e+00
5.3629173384942925e+00	-1.2299658796184849e+00
5.3626819479618790e+00	-1.2299593945923153e+00
5.3612969102324257e+00	-1.2299202234682849e+00
5.3600031486516677e+00	-1.2298812232384808e+00
5.3571677331692351e+00	-1.2297922057994284e+00
5.3559246574011112e+00	-1.2297527804212622e+00
5.3558943002362751e+00	-1.2297519035612905e+00
5.3556529932474959e+00	-1.2297442502713376e+00
5.3556451457339103e+00	-1.2297440458727533e+00
5.3550877817685549e+00	-1.2297263685230102e+00
5.3550776597364802e+00	-1.2297260786425082e+00
5.3545020939955723e+00	-1.2297078286872778e+00
5.3541278230170599e+00	-1.2296972733170242e+00
5.3541177550130881e+00	-1.2296969566997393e+00
5.3540378591930393e+00	-1.2296947361139641e+00
5.3537678503368618e+00	-1.2296871211942606e+00
5.3536932093244349e+00	-1.2296847890562999e+00
5.3481548841069859e+00	-1.2295285945432028e+00
5.3481086932966475e+00	-1.2295275189239476e+00
5.3479252926132874e+00	-1.2295223465696141e+00
5.3479110458927561e+00	-1.2295220126073099e+00
5.3478949358160710e+00	-1.2295215295633048e+00
5.3478540256482114e+00	-1.2295205017019526e+00
5.3476380463867539e+00	-1.2295140319343143e+00
5.3475629203796604e+00	-1.2295123369345025e+00
5.3474672892876729e+00	-1.2295096429896790e+00
5.3473864804131015e+00	-1.2295078106778787e+00
5.3473742210717115e+00	-1.2295074565165549e+00
5.3472426456409199e+00	-1.2295042998282326e+00
5.3472362902910477e+00	-1.2295041216965075e+00
5.3472251570746021e+00	-1.2295038758662711e+00
5.3472099859038327e+00	-1.2295034512638723e+00
5.3471631043472154e+00	-1.2295023915154764e+00
5.3469614576359410e+00	-1.2294975537139592e+00
5.3469009769618081e+00	-1.2294958645391627e+00
5.3467625836914747e+00	-1.2294925306258722e+00
5.3466070551101259e+00	-1.2294882079397145e+00
5.3465232022304896e+00	-1.2294862790479695e+00
5.3464722817957799e+00	-1.2294851077106630e+00
5.3464143846686003e+00	-1.2294837758865067e+00
5.3463965575880836e+00	-1.2294833141340233e+00
5.3462975454138375e+00	-1.2294805902357224e+00
5.3462569552921178e+00	-1.2294796981910323e+00
5.3461884725436288e+00	-1.2294779243683835e+00
5.3461777234532910e+00	-1.2294776459481929e+00
5.3461628444265150e+00	-1.2294772605554440e+00
5.3461301529987173e+00	-1.2294765490367969e+00
5.3460192424407369e+00	-1.2294739915868822e+00
5.3459880483159967e+00	-1.2294731560126986e+00
5.3458695919162693e+00	-1.2294699185687343e+00
5.3455146432783414e+00	-1.2294613501275062e+00
5.3454392860321596e+00	-1.2294594033891215e+00
5.3453547349491268e+00	-1.2294571523832778e+00
5.3448351093696145e+00	-1.2294442604444964e+00
5.3446308056118621e+00	-1.2294390135563438e+00
5.3445768868455561e+00	-1.2294378539296837e+00
5.3443839590762954e+00	-1.2294330673812754e+00
5.3443771318580158e+00	-1.2294328832824837e+00
5.3443668391804939e+00	-1.2294326426357329e+00
5.3428788491956638e+00	-1.2293957255235888e+00
5.3428256708671338e+00	-1.2293943035952903e+00
5.3427915331195655e+00	-1.2293935592070098e+00
5.3425364299936788e+00	-1.2293872300846349e+00
5.3425190589572216e+00	-1.2293867544049164e+00
5.3424976153793464e+00	-1.2293862670919504e+00
5.3407707643533850e+00	-1.2293434238244338e+00
5.3407146016604212e+00	-1.2293419571429614e+00
5.3406368942355940e+00	-1.2293403842062589e+00
5.3405966147182253e+00	-1.2293395383837793e+00
5.3404570318045392e+00	-1.2293356977567758e+00
5.3403365583742115e+00	-1.2293332793472360e+00
5.3403076920172934e+00	-1.2293325540928959e+00
5.3402982145899367e+00	-1.2293323643462053e+00
5.3402749979975539e+00	-1.2293317556868253e+00
5.3394507342059940e+00	-1.2293152531782097e+00
5.3384571995147541e+00	-1.2292946131813411e+00
5.3294448251478412e+00	-1.2291053639219056e+00
5.3257001844701071e+00	-1.2290169971441218e+00
5.3252311005216102e+00	-1.2290054979254015e+00
5.3252277603869498e+00	-1.2290054330793632e+00
5.3251701090357395e+00	-1.2290040038338319e+00
5.3249304443468519e+00	-1.2289979054406366e+00
5.3248952493245838e+00	-1.2289971897348440e+00
5.3247660181058638e+00	-1.2289939859393042e+00
5.3241569325482017e+00	-1.2289784874391396e+00
5.3240122775881957e+00	-1.2289757742212688e+00
5.3239189567587788e+00	-1.2289734158594241e+00
5.3237554843960604e+00	-1.2289703629124171e+00
5.3237426669193750e+00	-1.2289700422683805e+00
5.3234059158276699e+00	-1.2289637532344400e+00
5.3233181288954761e+00	-1.2289616349077614e+00
5.3230730370972852e+00	-1.2289571624724154e+00
5.3208053770804549e+00	-1.2289148125256364e+00
5.3207982302952219e+00	-1.2289146507594442e+00
5.3185513673470934e+00	-1.2288726892107256e+00
5.3185190976636854e+00	-1.2288719791914475e+00
5.3130954046264431e+00	-1.2287706883851675e+00
5.3130925786166214e+00	-1.2287706491019077e+00
5.3125835295870791e+00	-1.2287611422979119e+00
5.3125255427348952e+00	-1.2287603857523803e+00
5.3124353219067801e+00	-1.2287586478733363e+00
5.3123704297776380e+00	-1.2287575794652703e+00
5.3122964651170808e+00	-1.2287561981297019e+00
5.3122875573000368e+00	-1.2287560802378361e+00
5.3121782721568511e+00	-1.2287540392705114e+00
5.3121741585622670e+00	-1.2287539851645843e+00
5.3120318244357279e+00	-1.2287513411480990e+00
5.3115184677841585e+00	-1.2287429673223316e+00
5.3114844715030705e+00	-1.2287423392841483e+00
5.3114576002016465e+00	-1.2287419744560089e+00
5.3111903444857180e+00	-1.2287376150057248e+00
5.3111873043158040e+00	-1.2287375531583824e+00
5.3108434118300174e+00	-1.2287319436162640e+00
5.3108144292490831e+00	-1.2287314167470345e+00
5.3107707052809729e+00	-1.2287307576338247e+00
5.3103342849008772e+00	-1.2287236387853340e+00
5.3103010957903631e+00	-1.2287230507420803e+00
5.3102901760138330e+00	-1.2287229192852869e+00
5.3102008474801545e+00	-1.2287214621665863e+00
5.3101811923325508e+00	-1.2287211114613170e+00
5.3101569556339330e+00	-1.2287207462068890e+00
5.3097832136098706e+00	-1.2287146497618895e+00
5.3096671369606847e+00	-1.2287125315950944e+00
5.3058455124409543e+00	-1.2286501936127596e+00
5.3058238278586254e+00	-1.2286499801388269e+00
5.3057884920726934e+00	-1.2286493681050321e+00
5.3033093668327504e+00	-1.2286251611845960e+00
5.3032969631423894e+00	-1.2286249681156887e+00
5.3015975880151442e+00	-1.2286083749086036e+00
5.3011881803187091e+00	-1.2286043444933654e+00
5.3011846940699430e+00	-1.2286043104525897e+00
5.3001241986171985e+00	-1.2285933648690206e+00
5.2951562846610374e+00	-1.2285393713053527e+00
5.2944632840718411e+00	-1.2285298766011759e+00
5.2944291970267683e+00	-1.2285293063832508e+00
5.2815506371482206e+00	-1.2282023185404922e+00
5.2785430662605757e+00	-1.2281237201282635e+00
5.2784841626574863e+00	-1.2281220988546480e+00
5.2775334792643536e+00	-1.2280941828219232e+00
5.2761061616029759e+00	-1.2280509393737911e+00
5.2754253706661851e+00	-1.2280298272554886e+00
5.2747495133217566e+00	-1.2280081505053901e+00
5.2616257827088297e+00	-1.2275508525497103e+00
5.2603934735061149e+00	-1.2275074998729374e+00
5.2601927191112843e+00	-1.2275003930734933e+00
5.2601908272265137e+00	-1.2275003396002000e+00
5.2596697841789464e+00	-1.2274818944326913e+00
5.2596528039324451e+00	-1.2274814430938821e+00
5.2591778078942362e+00	-1.2274647327182171e+00
5.2591684663457343e+00	-1.2274644875940490e+00
5.2590226711972772e+00	-1.2274593263739511e+00
5.2590026161888268e+00	-1.2274588018541919e+00
5.2589789296987233e+00	-1.2274579641923440e+00
5.2567501375518111e+00	-1.2273996722438134e+00
5.2567359736562622e+00	-1.2273991969781108e+00
5.2550810635716063e+00	-1.2273559143716053e+00
5.2550664419932032e+00	-1.2273555010991046e+00
5.2427090580671178e+00	-1.2270323054216654e+00
5.2427060403996881e+00	-1.2270322399939051e+00
5.2421923254892251e+00	-1.2270188042667729e+00
5.2421392258898196e+00	-1.2270176889879290e+00
5.2419705523719946e+00	-1.2270132774917590e+00
5.2408166857715743e+00	-1.2269891316216313e+00
5.2407981256600955e+00	-1.2269886729499144e+00
5.2406137075768484e+00	-1.2269848150358105e+00
5.2404468887893891e+00	-1.2269812935186795e+00
5.2404457386735457e+00	-1.2269812649541516e+00
5.2404232345329484e+00	-1.2269807941812214e+00
5.2381142357969219e+00	-1.2269320515981592e+00
5.2332662289371550e+00	-1.2268280764275710e+00
5.2237169389037135e+00	-1.2266227767838163e+00
5.2234267259458296e+00	-1.2266159418172764e+00
5.2163736279948543e+00	-1.2264340353319769e+00
5.2089025987424424e+00	-1.2262407810485811e+00
5.2082299603376212e+00	-1.2262231517006716e+00
5.2075487550268686e+00	-1.2262051910404173e+00
5.2075371988286880e+00	-1.2262049949413019e+00
5.2073643745714842e+00	-1.2262004653471905e+00
5.2060737190235953e+00	-1.2261664359210613e+00
5.2060695595601656e+00	-1.2261663830133505e+00
5.2059545598323407e+00	-1.2261633509043721e+00
5.2059544985116499e+00	-1.2261634936847632e+00
5.2059536546430065e+00	-1.2261634714384217e+00
5.2058502926653807e+00	-1.2261621863842966e+00
5.2058438491977697e+00	-1.2261620189617697e+00
5.2057520601468426e+00	-1.2261608777887654e+00
5.2057488607505533e+00	-1.2261607946136417e+00
5.2054611003890967e+00	-1.2261572170153019e+00
5.1902636678715064e+00	-1.2259623243941888e+00
5.1888834406017690e+00	-1.2259421403162645e+00
5.1885311614831258e+00	-1.2259336632781754e+00
5.1759278418008465e+00	-1.2255957390604597e+00
5.1756500252306283e+00	-1.2255881262206494e+00
5.1752602696795833e+00	-1.2255772563186516e+00
5.1707231538329514e+00	-1.2254450015408420e+00
5.1705128870345254e+00	-1.2254383821321888e+00
5.1634012626407753e+00	-1.2251246267672466e+00
5.1609134963509904e+00	-1.2250136719105791e+00
5.1545972608905934e+00	-1.2247283795470449e+00
5.1544975655117238e+00	-1.2247241037134471e+00
5.1542182795804168e+00	-1.2247114888981914e+00
5.1542136719030740e+00	-1.2247112915225720e+00
5.1529879191072689e+00	-1.2246559265960399e+00
5.1529764121242554e+00	-1.2246554369673079e+00
5.1528757779212668e+00	-1.2246508915114263e+00
5.1524943124877929e+00	-1.2246346689859624e+00
5.1524496526516490e+00	-1.2246326568222594e+00
5.1523464605947469e+00	-1.2246282691553019e+00
5.1523131578430990e+00	-1.2246267705279434e+00
5.1510491674177832e+00	-1.2245730263814432e+00
5.1510445871415307e+00	-1.2245728233410516e+00
5.1509433095254016e+00	-1.2245685170750156e+00
5.1508752654746228e+00	-1.2245654685471110e+00
5.1474635646285378e+00	-1.2244204049877558e+00
5.1474446628382182e+00	-1.2244195839222607e+00
5.1419571712648926e+00	-1.2241862589340891e+00
5.1419206303323621e+00	-1.2241846917305859e+00
5.1370706656252523e+00	-1.2239784740183948e+00
5.1370697198946393e+00	-1.2239784473105237e+00
5.1366644337210214e+00	-1.2239612147753294e+00
5.1366636284770895e+00	-1.2239611979090532e+00
5.1365859584095412e+00	-1.2239578954224162e+00
5.1365677624835806e+00	-1.2239573288000363e+00
5.1355089441564470e+00	-1.2239123084532433e+00
5.1355074569609505e+00	-1.2239122815742516e+00
5.1350990410169057e+00	-1.2238949158174297e+00
5.1350437956207315e+00	-1.2238939598496239e+00
5.1350407721688907e+00	-1.2238938321101467e+00
5.1345527459592422e+00	-1.2238853872916251e+00
5.1345465170537743e+00	-1.2238851417157501e+00
5.1338783083740607e+00	-1.2238735790149706e+00
5.1338759349082617e+00	-1.2238735051050831e+00
5.1325273937007125e+00	-1.2238501699121334e+00
5.1325245725781423e+00	-1.2238500902423235e+00
5.1320458005239198e+00	-1.2238418055579536e+00
5.1177022890400492e+00	-1.2235852260183551e+00
5.1173454066554793e+00	-1.2235782774775390e+00
5.1171794349814572e+00	-1.2235746576277451e+00
5.1012211821556432e+00	-1.2231950220723458e+00
5.0997403464127133e+00	-1.2231590072520184e+00
5.0993803768946142e+00	-1.2231511567703020e+00
5.0993629181231164e+00	-1.2231507333155993e+00
5.0993409207905351e+00	-1.2231502538686865e+00
5.0992373497216255e+00	-1.2231477607282020e+00
5.0962375807497233e+00	-1.2230823787111889e+00
5.0960979543897498e+00	-1.2230793260726260e+00
5.0876613381785907e+00	-1.2228878337948297e+00
5.0864118060172201e+00	-1.2228592562646168e+00
5.0863193121110584e+00	-1.2228570208840874e+00
5.0861801823695965e+00	-1.2228535455480201e+00
5.0859702606472030e+00	-1.2228478988462974e+00
5.0816700264303867e+00	-1.2227269164890591e+00
5.0799521646060857e+00	-1.2226768895536748e+00
5.0752502365698104e+00	-1.2225365137760369e+00
5.0745885998030200e+00	-1.2225164785495848e+00
5.0732982773852271e+00	-1.2224760984877088e+00
5.0732409512857668e+00	-1.2224742841780958e+00
5.0672455671258732e+00	-1.2222799033313054e+00
5.0638742270070205e+00	-1.2221696385235505e+00
5.0635520483957253e+00	-1.2221588574621445e+00
5.0564662148591903e+00	-1.2219197157511898e+00
5.0555185190152976e+00	-1.2218865632050619e+00
5.0531043456479781e+00	-1.2217919959060386e+00
5.0519465993357127e+00	-1.2217462664109968e+00
5.0516898818541724e+00	-1.2217360686881458e+00
5.0501981513222898e+00	-1.2216752373886850e+00
5.0492279516297396e+00	-1.2216377471796063e+00
5.0492218290748392e+00	-1.2216374970914716e+00
5.0446756234889918e+00	-1.2214618237746928e+00
5.0445633827963077e+00	-1.2214576223347011e+00
5.0443585813826717e+00	-1.2214497084507081e+00
5.0443354517675001e+00	-1.2214487853801066e+00
5.0380782451253596e+00	-1.2212069959968863e+00
5.0380131991424912e+00	-1.2212046531071334e+00
5.0377322661326671e+00	-1.2211937973643290e+00
5.0372505488337014e+00	-1.2211759303786569e+00
5.0331706467310076e+00	-1.2210238333803798e+00
5.0330457655911873e+00	-1.2210191286703169e+00
5.0317952437917093e+00	-1.2209714302778287e+00
5.0288991998760748e+00	-1.2208586947909696e+00
5.0286510197962180e+00	-1.2208489495214683e+00
5.0239905732777412e+00	-1.2206658917739686e+00
5.0206525838637370e+00	-1.2205341876444957e+00
5.0206437659056142e+00	-1.2205339641649107e+00
5.0200290158547958e+00	-1.2205093578310047e+00
5.0197058682996731e+00	-1.2205022842917348e+00
5.0197006264306605e+00	-1.2205020782798164e+00
5.0196326442317813e+00	-1.2205006239788043e+00
5.0196199620962085e+00	-1.2205001308770045e+00
5.0194651907980132e+00	-1.2204969753844990e+00
5.0192498246995232e+00	-1.2204921993114004e+00
5.0192193115883477e+00	-1.2204910140258300e+00
5.0191995492697350e+00	-1.2204905628627019e+00
5.0191905347376657e+00	-1.2204902156165631e+00
5.0189661803981558e+00	-1.2204850937273950e+00
5.0189618906329363e+00	-1.2204849372302378e+00
5.0189354149245267e+00	-1.2204843913681427e+00
5.0178825819360426e+00	-1.2204603557560330e+00
5.0178820210051240e+00	-1.2204603348064489e+00
5.0178774242742881e+00	-1.2204602380093832e+00
5.0164388680022380e+00	-1.2204273965417134e+00
5.0163869494244384e+00	-1.2204260807334433e+00
5.0163448827430166e+00	-1.2204252509086837e+00
5.0157124080232505e+00	-1.2204108118502579e+00
5.0156931160524749e+00	-1.2204102080469046e+00
5.0156230048738335e+00	-1.2204087708243361e+00
5.0153902345156594e+00	-1.2204034568019784e+00
5.0153875059182216e+00	-1.2204034014138629e+00
5.0153791610016825e+00	-1.2204031171374610e+00
5.0153318721559375e+00	-1.2204021967862282e+00
5.0144713676698300e+00	-1.2203825519306120e+00
5.0144534656689626e+00	-1.2203819830201306e+00
5.0144058033618730e+00	-1.2203810551326473e+00
5.0142860012886947e+00	-1.2203783201156100e+00
5.0142579293687497e+00	-1.2203774126486786e+00
5.0141834243155019e+00	-1.2203759783383614e+00
5.0140742727837297e+00	-1.2203734864674687e+00
5.0140695862676319e+00	-1.2203733399218553e+00
5.0140587078301735e+00	-1.2203731311279322e+00
5.0139468503867093e+00	-1.2203705774825278e+00
5.0139468106545877e+00	-1.2203705761458328e+00
5.0139466961279640e+00	-1.2203705739608832e+00
5.0136813731599332e+00	-1.2203645167799124e+00
5.0136394574266854e+00	-1.2203637242129752e+00
5.0136343018018277e+00	-1.2203636067157706e+00
5.0132727185820656e+00	-1.2203567717630013e+00
5.0132713865743801e+00	-1.2203567275001712e+00
5.0128814178137544e+00	-1.2203493559798277e+00
5.0051670876577719e+00	-1.2201991971087789e+00
5.0024839718063205e+00	-1.2201440682001721e+00
5.0023849704500734e+00	-1.2201419884413229e+00
5.0002232255197248e+00	-1.2200882245788984e+00
4.9989471888719121e+00	-1.2200553646803334e+00
4.9972641889874660e+00	-1.2200114742065447e+00
4.9963096890236507e+00	-1.2199862013652649e+00
4.9961223664829726e+00	-1.2199811205581410e+00
4.9961053384270055e+00	-1.2199807906576796e+00
4.9959823265248247e+00	-1.2199775336012131e+00
4.9959019014463566e+00	-1.2199753704124940e+00
4.9958987263958194e+00	-1.2199753091092522e+00
4.9956005261201355e+00	-1.2199672209310779e+00
4.9955959621732946e+00	-1.2199671360484778e+00
4.9955908227759585e+00	-1.2199669966510167e+00
4.9955893376639882e+00	-1.2199669689705064e+00
4.9955168570122925e+00	-1.2199650030554055e+00
4.9955155928998396e+00	-1.2199649797164642e+00
4.9954093950005820e+00	-1.2199621004002321e+00
4.9946250325528041e+00	-1.2199477337977915e+00
4.9946079590618906e+00	-1.2199472905869688e+00
4.9939297238996430e+00	-1.2199348678416362e+00
4.9914101437864069e+00	-1.2198875084009830e+00
4.9863507264296416e+00	-1.2197907453397225e+00
4.9849753830873862e+00	-1.2197638359867509e+00
4.9845918263330411e+00	-1.2197544753072052e+00
4.9830792720478687e+00	-1.2197111762796269e+00
4.9814952069548131e+00	-1.2196649093342251e+00
4.9812147562795852e+00	-1.2196565438435565e+00
4.9785536037917542e+00	-1.2195770882184671e+00
4.9680669869852565e+00	-1.2192495630723754e+00
4.9680614350835608e+00	-1.2192493487258389e+00
4.9672324441546207e+00	-1.2192171765104824e+00
4.9555158326090423e+00	-1.2187481678980565e+00
4.9501034473469385e+00	-1.2185280103871203e+00
4.9500977055951143e+00	-1.2185279075816087e+00
4.9496445936889772e+00	-1.2185094765231013e+00
4.9496414991217517e+00	-1.2185094332537569e+00
4.9495145514133618e+00	-1.2185042694507118e+00
4.9495097034336100e+00	-1.2185042036656519e+00
4.9494726267005795e+00	-1.2185026954926796e+00
4.9494230894171567e+00	-1.2185020310164734e+00
4.9494150571211817e+00	-1.2185017057674508e+00
4.9490287487712186e+00	-1.2184965239591419e+00
4.9490263795820999e+00	-1.2184964336255173e+00
4.9462895064268437e+00	-1.2184597221434654e+00
4.9462734844528349e+00	-1.2184594352715690e+00
4.9440723982632164e+00	-1.2184299106529402e+00
4.9440683946882178e+00	-1.2184297932617549e+00
4.9398644330937298e+00	-1.2183734027562885e+00
4.9364419540902551e+00	-1.2183274947914757e+00
4.9320668699095904e+00	-1.2182624896826075e+00
4.9318138807791536e+00	-1.2182583166031593e+00
4.9316902565015308e+00	-1.2182556217526048e+00
4.9316057876719572e+00	-1.2182535867308490e+00
4.9314824969075710e+00	-1.2182491727645579e+00
4.9314277997151379e+00	-1.2182471380257347e+00
4.9306745457954673e+00	-1.2182164074582236e+00
4.9269135741213219e+00	-1.2180601315716804e+00
4.9262111638574186e+00	-1.2180305546461498e+00
4.9261306880891329e+00	-1.2180270922509207e+00
4.9219756468306368e+00	-1.2178483254576675e+00
4.9219586089827754e+00	-1.2178476232970283e+00
4.9172430431741709e+00	-1.2176447404553108e+00
4.9172332460555701e+00	-1.2176443518082092e+00
4.9147738096701437e+00	-1.2175385368406844e+00
4.9147372428943612e+00	-1.2175370943514385e+00
4.9144459506678624e+00	-1.2175245617737838e+00
4.9144408745850301e+00	-1.2175243653640380e+00
4.9137910136471854e+00	-1.2174964075761940e+00
4.9136821110597877e+00	-1.2174922309387646e+00
4.9136692465199134e+00	-1.2174916789653865e+00
4.9106721007214365e+00	-1.2173767322811744e+00
4.9106064047693403e+00	-1.2173741407017320e+00
4.9105801048299105e+00	-1.2173732040501830e+00
4.9091681997695726e+00	-1.2173190545973300e+00
4.9091378055392303e+00	-1.2173178606048578e+00
4.9086503150467333e+00	-1.2172991643453279e+00
4.9086127513847151e+00	-1.2172976162786266e+00
4.9085957765340291e+00	-1.2172970726815855e+00
4.9081292114169424e+00	-1.2172791789530906e+00
4.9080983200191497e+00	-1.2172779002831771e+00
4.9080885428884127e+00	-1.2172776192316686e+00
4.9050778827219013e+00	-1.2171621542437441e+00
4.9050197777860207e+00	-1.2171598492481799e+00
4.8994657850352814e+00	-1.2169468422429288e+00
4.8994052478206251e+00	-1.2169457326349247e+00
4.8993414352424400e+00	-1.2169432917904142e+00
4.8993009866487220e+00	-1.2169425838110091e+00
4.8992940586824441e+00	-1.2169423159848052e+00
4.8991622464744271e+00	-1.2169400088507358e+00
4.8991608146368550e+00	-1.2169399548287620e+00
4.8984534102304167e+00	-1.2169275729953077e+00
4.8984435059588654e+00	-1.2169272291045228e+00
4.8980634182381602e+00	-1.2169205763570801e+00
4.8918042568397082e+00	-1.2168039069303667e+00
4.8911846541374810e+00	-1.2167916720459140e+00
4.8910579059212766e+00	-1.2167889389556990e+00
4.8910419292815845e+00	-1.2167885573822197e+00
4.8888877295352566e+00	-1.2167359510074875e+00
4.8866019904083275e+00	-1.2166760381170261e+00
4.8865407447025069e+00	-1.2166743342635515e+00
4.8847584755671649e+00	-1.2166243460903332e+00
4.8847377657230320e+00	-1.2166237002329521e+00
4.8847263260786695e+00	-1.2166232887315320e+00
4.8772670919829340e+00	-1.2163243489232800e+00
4.8736421124329210e+00	-1.2161784232600039e+00
4.8734312365329169e+00	-1.2161697933632749e+00
4.8734206604964161e+00	-1.2161693740521395e+00
4.8718135632864614e+00	-1.2161036051190597e+00
4.8716196692996059e+00	-1.2160959685234296e+00
4.8712965324497475e+00	-1.2160827459788435e+00
4.8712545707853518e+00	-1.2160810888196187e+00
4.8711206735429569e+00	-1.2160756140426037e+00
4.8709948960500711e+00	-1.2160706612045966e+00
4.8708604785304050e+00	-1.2160651663960174e+00
4.8708483583114797e+00	-1.2160646885380511e+00
4.8708369973843171e+00	-1.2160642240575270e+00
4.8705349758165939e+00	-1.2160523061288415e+00
4.8702466998168665e+00	-1.2160405692494216e+00
4.8701366774526207e+00	-1.2160362157522391e+00
4.8696777886062188e+00	-1.2160175465037435e+00
4.8692801998938320e+00	-1.2160018618257757e+00
4.8691910075023648e+00	-1.2159982495034500e+00
4.8691606433492192e+00	-1.2159970581241220e+00
4.8689496973251272e+00	-1.2159884866354709e+00
4.8689426260564721e+00	-1.2159882092794088e+00
4.8688822075761689e+00	-1.2159857567058356e+00
4.8685377338137910e+00	-1.2159722507987822e+00
4.8682666634651310e+00	-1.2159612876043016e+00
4.8679249059229797e+00	-1.2159478938111292e+00
4.8679239808287527e+00	-1.2159478565656605e+00
4.8659784209411052e+00	-1.2158716082798859e+00
4.8656861958517617e+00	-1.2158600801447110e+00
4.8598939196773241e+00	-1.2156330755010416e+00
4.8598262716028984e+00	-1.2156303934385415e+00
4.8558831368291013e+00	-1.2154758583512442e+00
4.8519664350378466e+00	-1.2153223591969036e+00
4.8519613219204381e+00	-1.2153221896812110e+00
4.8506808625266613e+00	-1.2152720072970042e+00
4.8506339588294844e+00	-1.2152704821937796e+00
4.8505145631409494e+00	-1.2152658052826988e+00
4.8455246432280692e+00	-1.2151038836150052e+00
4.8445204999808613e+00	-1.2150713011629912e+00
4.8445084695090097e+00	-1.2150708663344778e+00
4.8404694348703954e+00	-1.2149398006588807e+00
4.8384827313199095e+00	-1.2148753326197690e+00
4.8383921410784740e+00	-1.2148723292724397e+00
4.8382433342318043e+00	-1.2148675642434377e+00
4.8381846455501218e+00	-1.2148656849396517e+00
4.8379318856320062e+00	-1.2148574662918830e+00
4.8378276926086992e+00	-1.2148540783901740e+00
4.8378031821225678e+00	-1.2148532814162958e+00
4.8373044943879613e+00	-1.2148370662708412e+00
4.8372289628279619e+00	-1.2148346481421297e+00
4.8364669626459085e+00	-1.2148099214245840e+00
4.8363928191476369e+00	-1.2148075658906083e+00
4.8332972196785144e+00	-1.2147071227037898e+00
4.8332919840653439e+00	-1.2147069581451766e+00
4.8329411552124109e+00	-1.2146955744463890e+00
4.8279990793810406e+00	-1.2145353015831835e+00
4.8278546822144586e+00	-1.2145309602189573e+00
4.8276930420446993e+00	-1.2145257181838633e+00
4.8276137100359726e+00	-1.2145234381958494e+00
4.8273549759476246e+00	-1.2145155349553864e+00
4.8273190262804899e+00	-1.2145143713756053e+00
4.8272823951034693e+00	-1.2145132524468925e+00
4.8272583415877790e+00	-1.2145124732369654e+00
4.8272451102378753e+00	-1.2145121135507373e+00
4.8269796077999114e+00	-1.2145040035656012e+00
4.8267849677429702e+00	-1.2144977268643116e+00
4.8250431570933854e+00	-1.2144445218595417e+00
4.8249318220728741e+00	-1.2144409574897643e+00
4.8246938291918253e+00	-1.2144336878061313e+00
4.8246729161502451e+00	-1.2144330181376859e+00
4.8208387557704464e+00	-1.2143159006304849e+00
4.8208336369687368e+00	-1.2143157751353761e+00
4.8206843459477069e+00	-1.2143112149212749e+00
4.8206688463465515e+00	-1.2143107241088673e+00
4.8179992870829809e+00	-1.2142291802778054e+00
4.8179964374696640e+00	-1.2142291105987246e+00
4.8179538570384004e+00	-1.2142278099452644e+00
4.8179487778845118e+00	-1.2142276876482023e+00
4.8170828440028011e+00	-1.2142012370025379e+00
4.8170647888697715e+00	-1.2142008160558693e+00
4.8169664703405237e+00	-1.2141978128374546e+00
4.8169399569100131e+00	-1.2141972205518534e+00
4.8168213095225143e+00	-1.2141935963721417e+00
4.8165243201360379e+00	-1.2141843217219321e+00
4.8165049564628069e+00	-1.2141838984148898e+00
4.8163413749229269e+00	-1.2141787949180349e+00
4.8156328052391473e+00	-1.2141635041203942e+00
4.8156259862544148e+00	-1.2141632991046236e+00
4.8133362819731893e+00	-1.2141138877261484e+00
4.8133116772365723e+00	-1.2141133140786491e+00
4.8128785030326471e+00	-1.2141039662625528e+00
4.8128610248730102e+00	-1.2141035388845329e+00
4.8106405175024349e+00	-1.2140556207620949e+00
4.8042382020723453e+00	-1.2139111403499161e+00
4.8041980872279879e+00	-1.2139101709031204e+00
4.8035939773488110e+00	-1.2138945225778879e+00
4.8034987404492453e+00	-1.2138908920976603e+00
4.8032822112386260e+00	-1.2138814362166821e+00
4.8029044276346733e+00	-1.2138636112019610e+00
4.7998417444777859e+00	-1.2137137292141960e+00
4.7993857868042378e+00	-1.2136906520128634e+00
4.7993790557859679e+00	-1.2136903751029402e+00
4.7987943640524904e+00	-1.2136607823366952e+00
4.7987804465971173e+00	-1.2136602137007524e+00
4.7986990101358415e+00	-1.2136560919900725e+00
4.7986606914749883e+00	-1.2136545330570137e+00
4.7986526703154393e+00	-1.2136541270840417e+00
4.7986504262682343e+00	-1.2136540375476885e+00
4.7986470186045134e+00	-1.2136538651437059e+00
4.7984853603854347e+00	-1.2136473010130093e+00
4.7984441664659272e+00	-1.2136452449099311e+00
4.7976459396167410e+00	-1.2136128329150859e+00
4.7976377195894360e+00	-1.2136124412433502e+00
4.7940211120724525e+00	-1.2134655889239661e+00
4.7939483449617759e+00	-1.2134627139688952e+00
4.7936913930952967e+00	-1.2134522804404060e+00
4.7936609439872635e+00	-1.2134509955303157e+00
4.7936408328187090e+00	-1.2134502206346671e+00
4.7931832685979288e+00	-1.2134315255891257e+00
4.7875723271714818e+00	-1.2132036933572528e+00
4.7871125668891814e+00	-1.2131850247946565e+00
4.7870927900790363e+00	-1.2131841715250713e+00
4.7856814288413485e+00	-1.2131268632132708e+00
4.7856561607561305e+00	-1.2131258236998932e+00
4.7856529860559061e+00	-1.2131257082941946e+00
4.7853507360103285e+00	-1.2131134354335045e+00
4.7853395956333928e+00	-1.2131130333109550e+00
4.7837064549165094e+00	-1.2130467196451704e+00
4.7836755640063577e+00	-1.2130456032036427e+00
4.7833423383388052e+00	-1.2130320725780692e+00
4.7833252374676469e+00	-1.2130314637040405e+00
4.7832246598129302e+00	-1.2130273797491729e+00
4.7832014325562788e+00	-1.2130265564985243e+00
4.7831347264254553e+00	-1.2130237704633449e+00
4.7733005362152339e+00	-1.2126706961300917e+00
4.7652712937731749e+00	-1.2123818588403190e+00
4.7651827713933219e+00	-1.2123785702063952e+00
4.7595554373830513e+00	-1.2121067837020378e+00
4.7590256529106476e+00	-1.2120802337721071e+00
4.7581597310543575e+00	-1.2120361245267808e+00
4.7569056628518362e+00	-1.2119716458786181e+00
4.7563807016385002e+00	-1.2119444232033165e+00
4.7548917048039616e+00	-1.2118599997953559e+00
4.7528295223688293e+00	-1.2117416133083376e+00
4.7485248367428019e+00	-1.2114925479254919e+00
4.7474752632546666e+00	-1.2114312409911341e+00
4.7458637845067937e+00	-1.2113366958352123e+00
4.7458396250270454e+00	-1.2113357376718514e+00
4.7455291125465209e+00	-1.2113175199230704e+00
4.7454928148359450e+00	-1.2113159695255935e+00
4.7454657178888100e+00	-1.2113143849172470e+00
4.7419676615469477e+00	-1.2111649711487174e+00
4.7419460258528385e+00	-1.2111641751860780e+00
4.7419454805444703e+00	-1.2111641461942464e+00
4.7419277113836626e+00	-1.2111634928426254e+00
4.7413503130894918e+00	-1.2111388302166859e+00
4.7413280362195600e+00	-1.2111377802805814e+00
4.7413159314782360e+00	-1.2111373616622647e+00
4.7412366364456178e+00	-1.2111339747043397e+00
4.7412364879824258e+00	-1.2111338856070466e+00
4.7412258079617047e+00	-1.2111335121833193e+00
4.7409957632260111e+00	-1.2111236861978201e+00
4.7409812835203935e+00	-1.2111229135631791e+00
4.7409626205258411e+00	-1.2111222705614646e+00
4.7407354683472738e+00	-1.2111125681268229e+00
4.7407143013988158e+00	-1.2111114796165172e+00
4.7406899871618799e+00	-1.2111106254722048e+00
4.7400366285893796e+00	-1.2110827183269282e+00
4.7399592325845932e+00	-1.2110800266528841e+00
4.7398694061227662e+00	-1.2110762014717118e+00
4.7398233739478037e+00	-1.2110738671709318e+00
4.7397929880859575e+00	-1.2110728316281865e+00
4.7397248064604076e+00	-1.2110695602864401e+00
4.7396690775564867e+00	-1.2110676706552421e+00
4.7396439020512124e+00	-1.2110665985784084e+00
4.7396336499057501e+00	-1.2110662515652002e+00
4.7396220777148752e+00	-1.2110656896113141e+00
4.7393994317942187e+00	-1.2110581535228426e+00
4.7393970923016369e+00	-1.2110580411567822e+00
4.7392119861278568e+00	-1.2110517757084949e+00
4.7392095958814711e+00	-1.2110516503230626e+00
4.7390212111849728e+00	-1.2110453183844916e+00
4.7389728490942247e+00	-1.2110436814311016e+00
4.7389366117042835e+00	-1.2110421234326918e+00
4.7365455679603681e+00	-1.2109611917132139e+00
4.7365299224440394e+00	-1.2109604678508599e+00
4.7329814455814141e+00	-1.2108403594945196e+00
4.7294498028115104e+00	-1.2107208209362321e+00
4.7293975978610430e+00	-1.2107190847763332e+00
4.7292885807124385e+00	-1.2107153947788951e+00
4.7290338639019147e+00	-1.2107069284419787e+00
4.7282841303816046e+00	-1.2106815515649962e+00
4.7282503886781537e+00	-1.2106803297476159e+00
4.7281207815331667e+00	-1.2106760225556619e+00
4.7280049224535547e+00	-1.2106721009734851e+00
4.7274323383987076e+00	-1.2106530965040532e+00
4.7263610222629042e+00	-1.2106174144257997e+00
4.7221481574346615e+00	-1.2104766162064857e+00
4.7218873274908351e+00	-1.2104678851314996e+00
4.7158100772730949e+00	-1.2102635420230972e+00
4.7152284523080299e+00	-1.2102439571971415e+00
4.7135137234078508e+00	-1.2101858433320787e+00
4.7066146415903010e+00	-1.2099507766409059e+00
4.7047595932135735e+00	-1.2098871322851441e+00
4.7023390212977914e+00	-1.2098038585259712e+00
4.7010194639795282e+00	-1.2097575416366888e+00
4.6936010351635744e+00	-1.2094938348877480e+00
4.6931102514266039e+00	-1.2094757535662868e+00
4.6930206596823867e+00	-1.2094718854466364e+00
4.6874325394337442e+00	-1.2092244248925106e+00
4.6828348712210222e+00	-1.2090203660317960e+00
4.6768472209046665e+00	-1.2087481419718606e+00
4.6752026619873224e+00	-1.2086717290418489e+00
4.6751822971207178e+00	-1.2086707130310941e+00
4.6751724155712520e+00	-1.2086702029881546e+00
4.6741571355151690e+00	-1.2086145140643461e+00
4.6708477508354465e+00	-1.2084292068434930e+00
4.6633158660431278e+00	-1.2080056420844556e+00
4.6632666076897493e+00	-1.2080028594923042e+00
4.6624350099751153e+00	-1.2079556191367304e+00
4.6591334774041311e+00	-1.2077680698327249e+00
4.6591324724927867e+00	-1.2077680436451326e+00
4.6576442329173018e+00	-1.2076835016057692e+00
4.6576419797350548e+00	-1.2076834442351223e+00
4.6567562144795982e+00	-1.2076331254940937e+00
4.6560210045416452e+00	-1.2076186382343106e+00
4.6478804854191225e+00	-1.2074553900393852e+00
4.6425524923295436e+00	-1.2073459451159629e+00
4.6421472502003267e+00	-1.2073366690649376e+00
4.6420333394546853e+00	-1.2073327331270323e+00
4.6387086703638571e+00	-1.2072089705832700e+00
4.6383939969430168e+00	-1.2071969870454298e+00
4.6383262660412061e+00	-1.2071942852118538e+00
4.6356093105977623e+00	-1.2070834177327709e+00
4.6347501579445041e+00	-1.2070478489444605e+00
4.6347028044607548e+00	-1.2070457548524205e+00
4.6343382895422565e+00	-1.2070296272115741e+00
4.6341803979611536e+00	-1.2070224635991693e+00
4.6317575462936906e+00	-1.2069114199597606e+00
4.6259368322742001e+00	-1.2066392903197365e+00
4.6206491768509403e+00	-1.2063837935014672e+00
4.6166606133838277e+00	-1.2061907099109008e+00
4.6164473454521024e+00	-1.2061807277943599e+00
4.6164269136461717e+00	-1.2061797230181084e+00
4.6164197968163689e+00	-1.2061794383661266e+00
4.6160927210741249e+00	-1.2061641294157823e+00
4.6160504054604541e+00	-1.2061620605950523e+00
4.6159979777702169e+00	-1.2061596317049810e+00
4.6159672654922241e+00	-1.2061581300276036e+00
4.6154161504333731e+00	-1.2061323348004431e+00
4.6153496961192948e+00	-1.2061291045991072e+00
4.6114287310812188e+00	-1.2059455817898115e+00
4.6113536476647194e+00	-1.2059419600095491e+00
4.6113422897884311e+00	-1.2059415358601138e+00
4.6104340709553808e+00	-1.2058990262049452e+00
4.6104210184659769e+00	-1.2058985514800158e+00
4.6102718764251893e+00	-1.2058913908962559e+00
4.6102247726241847e+00	-1.2058896676017687e+00
4.6100546813316408e+00	-1.2058815028078056e+00
4.6100510303396494e+00	-1.2058813711990970e+00
4.6099540158775936e+00	-1.2058767306457523e+00
4.6096748649085635e+00	-1.2058666921156189e+00
4.6096733910734269e+00	-1.2058666238352214e+00
4.6087379679845162e+00	-1.2058329851453822e+00
4.6087157588760004e+00	-1.2058319337125321e+00
4.6083032702839573e+00	-1.2058171002366702e+00
4.5977194678999522e+00	-1.2054290021746006e+00
4.5961885948172512e+00	-1.2053725968002629e+00
4.5942274980436455e+00	-1.2052890458234202e+00
4.5892314935621750e+00	-1.2050708256814571e+00
4.5877249317647966e+00	-1.2050037922280461e+00
4.5877108088564489e+00	-1.2050032397018213e+00
4.5866525575744070e+00	-1.2049561746469823e+00
4.5866448892924501e+00	-1.2049558648387118e+00
4.5849197112309783e+00	-1.2048791386381881e+00
4.5847523133796653e+00	-1.2048716918001754e+00
4.5816453172676885e+00	-1.2047335101179260e+00
4.5782550373792086e+00	-1.2045826575460594e+00
4.5782442054788035e+00	-1.2045823077619460e+00
4.5778575280293490e+00	-1.2045651105275343e+00
4.5778541501726915e+00	-1.2045650043872802e+00
4.5771434351563656e+00	-1.2045333929087543e+00
4.5769525520365564e+00	-1.2045277616757362e+00
4.5769490305776079e+00	-1.2045276060896020e+00
4.5753772552303875e+00	-1.2044812372265967e+00
4.5753711344242474e+00	-1.2044809779249754e+00
4.5749256580317841e+00	-1.2044678359490240e+00
4.5749173205312550e+00	-1.2044674825937947e+00
4.5749168374297868e+00	-1.2044675757329020e+00
4.5743487851644078e+00	-1.2044508176524806e+00
4.5743412549133611e+00	-1.2044505016096070e+00
4.5716136175730675e+00	-1.2043700337218877e+00
4.5700438592652333e+00	-1.2043216707234941e+00
4.5660108872317515e+00	-1.2041962777200437e+00
4.5659610409226490e+00	-1.2041943921100335e+00
4.5659288603603523e+00	-1.2041929104828615e+00
4.5659036604030767e+00	-1.2041917198686709e+00
4.5612995414428461e+00	-1.2039283002097194e+00
4.5608515846537108e+00	-1.2039021987958158e+00
4.5596350602828633e+00	-1.2038304455170956e+00
4.5596305445205534e+00	-1.2038303294196431e+00
4.5594087849445764e+00	-1.2038172492271519e+00
4.5592140511951982e+00	-1.2038125051135429e+00
4.5532453697651194e+00	-1.2036579406372261e+00
4.5532291088154242e+00	-1.2036572666359742e+00
4.5532090273524712e+00	-1.2036563426656408e+00
4.5525947397852331e+00	-1.2036252263718852e+00
4.5525457996531307e+00	-1.2036227256212548e+00
4.5489259890077660e+00	-1.2034138528690195e+00
4.5484063389782454e+00	-1.2033831117802349e+00
4.5422523828046293e+00	-1.2030163574826960e+00
4.5416025060094656e+00	-1.2029770879820458e+00
4.5406095346152924e+00	-1.2029133518773487e+00
4.5388691331337379e+00	-1.2028011593772718e+00
4.5383887555931732e+00	-1.2027698091587586e+00
4.5362067207746897e+00	-1.2026269741032229e+00
4.5359729361849608e+00	-1.2026114058208790e+00
4.5359584751472841e+00	-1.2026106489360466e+00
4.5358021271341329e+00	-1.2026019701509472e+00
4.5357794898976627e+00	-1.2026004728159640e+00
4.5280855458755651e+00	-1.2021733865653004e+00
4.5280717717500272e+00	-1.2021727269197009e+00
4.5252798105855430e+00	-1.2020177468181672e+00
4.5252597227866866e+00	-1.2020165596935137e+00
4.5252489736631336e+00	-1.2020160350789686e+00
4.5250140545933091e+00	-1.2020029948613049e+00
4.5250093885387157e+00	-1.2020027863361464e+00
4.5242469203425077e+00	-1.2019604621806503e+00
4.5242360271314315e+00	-1.2019602794580833e+00
4.5240772158494451e+00	-1.2019514477217876e+00
4.5240750517735551e+00	-1.2019509351088646e+00
4.5240445617866145e+00	-1.2019496317798199e+00
4.5238204985043948e+00	-1.2019371712808093e+00
4.5237912561162785e+00	-1.2019359601501818e+00
4.5237800666877970e+00	-1.2019353400561037e+00
4.5234945493626633e+00	-1.2019233070991571e+00
4.5234945197015204e+00	-1.2019233054386211e+00
4.5234939554213671e+00	-1.2019232820678563e+00
4.5232144786512638e+00	-1.2019115036864896e+00
4.5218348396181725e+00	-1.2018527456064416e+00
4.5199418067311496e+00	-1.2017698086825688e+00
4.5187422461063580e+00	-1.2017172280646382e+00
4.5119370735563651e+00	-1.2013955257280429e+00
4.5072823863797229e+00	-1.2011735188106789e+00
4.5067137292635628e+00	-1.2011460906084945e+00
4.5067133601688818e+00	-1.2011460595607082e+00
4.5067124441111535e+00	-1.2011460286213691e+00
4.5062825338197339e+00	-1.2011252926346749e+00
4.5062624612211648e+00	-1.2011246249229628e+00
4.5061258937026185e+00	-1.2011180377992736e+00
4.5061010301448556e+00	-1.2011172209509939e+00
4.5060972138289381e+00	-1.2011170370578701e+00
4.5051967462023272e+00	-1.2010874537842808e+00
4.5051855042245368e+00	-1.2010869237327928e+00
4.5051473036226142e+00	-1.2010856687194813e+00
4.5051302041235690e+00	-1.2010848891399259e+00
4.5046413818929443e+00	-1.2010688297488299e+00
4.5046389842974524e+00	-1.2010687181278927e+00
4.5035395536892562e+00	-1.2010325982769248e+00
4.5035375684192607e+00	-1.2010325156884700e+00
4.5033886259664984e+00	-1.2010276224472263e+00
4.4941830987337070e+00	-1.2007230105915825e+00
4.4907780309814198e+00	-1.2006050973282192e+00
4.4905731586066935e+00	-1.2005975917237219e+00
4.4903367462787225e+00	-1.2005885360540469e+00
4.4847312598642901e+00	-1.2003559621920754e+00
4.4843873845078539e+00	-1.2003414026763564e+00
4.4756107831286753e+00	-1.1999648566761292e+00
4.4731988079571385e+00	-1.1998597814337677e+00
4.4726607506882505e+00	-1.1998356402445083e+00
4.4725840005799888e+00	-1.1998320216090639e+00
4.4725652258981290e+00	-1.1998310924581128e+00
4.4715357597977352e+00	-1.1997741750428303e+00
4.4559922343696439e+00	-1.1988858881424387e+00
4.4554442490819133e+00	-1.1988543459133987e+00
4.4554368597700451e+00	-1.1988540120841251e+00
4.4548165012635925e+00	-1.1988183040267455e+00
4.4548044369833173e+00	-1.1988177364546841e+00
4.4545637010843766e+00	-1.1988038795998732e+00
4.4541135701825336e+00	-1.1987830745573591e+00
4.4541029921185125e+00	-1.1987824690134437e+00
4.4540773693806681e+00	-1.1987814013569218e+00
4.4539364856558059e+00	-1.1987748897135901e+00
4.4539203121999371e+00	-1.1987739738183170e+00
4.4538178949388083e+00	-1.1987693608819630e+00
4.4536289897795802e+00	-1.1987606296887638e+00
4.4536061651126007e+00	-1.1987593314554472e+00
4.4535540186470994e+00	-1.1987571645243145e+00
4.4535168647885337e+00	-1.1987554472736128e+00
4.4535048349807616e+00	-1.1987547837122978e+00
4.4534831736367870e+00	-1.1987538900691606e+00
4.4531969675546268e+00	-1.1987406616289831e+00
4.4531929569123552e+00	-1.1987401692287092e+00
4.4505514199183924e+00	-1.1986180774344399e+00
4.4505181825276248e+00	-1.1986167503202987e+00
4.4493523308282006e+00	-1.1985628646748734e+00
4.4493512774375441e+00	-1.1985628085377271e+00
4.4493486811190799e+00	-1.1985626959853808e+00
4.4488368189190020e+00	-1.1985390377233278e+00
4.4488346083118842e+00	-1.1985389521378362e+00
4.4480244408797862e+00	-1.1985015062131077e+00
4.4479968036901125e+00	-1.1985000339978049e+00
4.4479723487755845e+00	-1.1984990985169506e+00
4.4476541818246238e+00	-1.1984843928459685e+00
4.4476408577501543e+00	-1.1984837456924313e+00
4.4476366095860946e+00	-1.1984835806574070e+00
4.4473446872210776e+00	-1.1984700880107344e+00
4.4473305769432132e+00	-1.1984695517119652e+00
4.4472460116936601e+00	-1.1984656431075906e+00
4.4471988941751182e+00	-1.1984633180057456e+00
4.4466824475184481e+00	-1.1984434569574638e+00
4.4466802141186097e+00	-1.1984433409256010e+00
4.4466395907945060e+00	-1.1984418088115181e+00
4.4462495835218139e+00	-1.1984268102571212e+00
4.4462419307548631e+00	-1.1984264279193517e+00
4.4425500808463223e+00	-1.1982844500241798e+00
4.4425203596971494e+00	-1.1982833363362415e+00
4.4408074818186414e+00	-1.1982174639953009e+00
4.4407692003411166e+00	-1.1982160422445454e+00
4.4380976885900036e+00	-1.1981133036108669e+00
4.4380689979843924e+00	-1.1981121214969856e+00
4.4379624310911527e+00	-1.1981081019977273e+00
4.4375883784845671e+00	-1.1980937170137540e+00
4.4375488478772027e+00	-1.1980920743309189e+00
4.4374812870026101e+00	-1.1980895985843554e+00
4.4363761983575438e+00	-1.1980471000636430e+00
4.4362927405544621e+00	-1.1980440401819670e+00
4.4361792663384678e+00	-1.1980396762910337e+00
4.4361755826844691e+00	-1.1980395240506894e+00
4.4361695995061554e+00	-1.1980393045325552e+00
4.4360586216591695e+00	-1.1980350366447710e+00
4.4360098651210285e+00	-1.1980330251839053e+00
4.4359347309955393e+00	-1.1980302721673166e+00
4.4354999293561637e+00	-1.1980135509508250e+00
4.4354207392767657e+00	-1.1980106677366640e+00
4.4352699936374540e+00	-1.1980048704938178e+00
4.4350508165845124e+00	-1.1979968980377407e+00
4.4350465272323056e+00	-1.1979967289393743e+00
4.4345485868902355e+00	-1.1979786166075728e+00
4.4344328068823362e+00	-1.1979742017664674e+00
4.4343523138622132e+00	-1.1979712738729729e+00
4.4342730878345940e+00	-1.1979681105084856e+00
4.4312614288956853e+00	-1.1978585629153999e+00
4.4279175122320318e+00	-1.1977357275713973e+00
4.4227579174192737e+00	-1.1975450502147620e+00
4.4210289462388621e+00	-1.1974806856002098e+00
4.4210200100095900e+00	-1.1974803476818525e+00
4.4197035480023326e+00	-1.1974298390467322e+00
4.4196465316129530e+00	-1.1974275111421244e+00
4.4196412673092675e+00	-1.1974272491130691e+00
4.4195823400669925e+00	-1.1974242471603564e+00
4.4193555212871773e+00	-1.1974124642272683e+00
4.4182699060467145e+00	-1.1973534240196864e+00
4.4101114574691191e+00	-1.1969015123957523e+00
4.4028535893892284e+00	-1.1964968657415227e+00
4.4006632563763786e+00	-1.1963742831520225e+00
4.4006179191193153e+00	-1.1963718442070752e+00
4.3993862757877134e+00	-1.1963029230828182e+00
4.3991479269196194e+00	-1.1962901440752147e+00
4.3991011202542261e+00	-1.1962875270504698e+00
4.3973220748750332e+00	-1.1961921440322514e+00
4.3840678962082871e+00	-1.1954751188203998e+00
4.3820594575388236e+00	-1.1953647008610007e+00
4.3819564642935074e+00	-1.1953585894343370e+00
4.3752837189651395e+00	-1.1949589693886458e+00
4.3738636015117454e+00	-1.1948720717731833e+00
4.3726953419404930e+00	-1.1948153017776559e+00
4.3726927271055098e+00	-1.1948151463892549e+00
4.3723577514238272e+00	-1.1947988686985611e+00
4.3723576016650449e+00	-1.1947988604306545e+00
4.3723431937753414e+00	-1.1947981612893006e+00
4.3646929793081553e+00	-1.1944264094528310e+00
4.3644598715154306e+00	-1.1944151176127995e+00
4.3644459893967866e+00	-1.1944143635987670e+00
4.3643935952937198e+00	-1.1944119071646000e+00
4.3638604781162194e+00	-1.1943860827431341e+00
4.3638281120271607e+00	-1.1943843544472517e+00
4.3637339327912210e+00	-1.1943799528340910e+00
4.3630613277112111e+00	-1.1943473715596558e+00
4.3630324437616395e+00	-1.1943458308018473e+00
4.3629261206071730e+00	-1.1943408220703742e+00
4.3600639282973388e+00	-1.1942021762648263e+00
4.3600200745542423e+00	-1.1941999480111598e+00
4.3598979097785318e+00	-1.1941941342575870e+00
4.3584665011980528e+00	-1.1941247962207868e+00
4.3582701175130936e+00	-1.1941152667228361e+00
4.3582440648699041e+00	-1.1941140213110111e+00
4.3559520101709932e+00	-1.1940029932123755e+00
4.3559209928220106e+00	-1.1940015925967531e+00
4.3557850286050988e+00	-1.1939950073475134e+00
4.3557643887513562e+00	-1.1939940756788885e+00
4.3555629248753567e+00	-1.1939843180373721e+00
4.3554669797246497e+00	-1.1939799994478437e+00
4.3554429082892119e+00	-1.1939788322686615e+00
4.3549833103412654e+00	-1.1939581452941694e+00
4.3549521635635431e+00	-1.1939566563640442e+00
4.3541328285105836e+00	-1.1939197772539074e+00
4.3541035148071980e+00	-1.1939183822311048e+00
4.3531535853350940e+00	-1.1938756249323692e+00
4.3514775672069597e+00	-1.1937984472716232e+00
4.3476069423295742e+00	-1.1936191575301536e+00
4.3466406472159393e+00	-1.1935736367518022e+00
4.3465999363800663e+00	-1.1935716349830301e+00
4.3465840149150026e+00	-1.1935708275274395e+00
4.3465018827643149e+00	-1.1935664022614951e+00
4.3461860183255183e+00	-1.1935492778132923e+00
4.3383727921820450e+00	-1.1931174789957033e+00
4.3349831003155685e+00	-1.1929292237814866e+00
4.3335213056756565e+00	-1.1928474615973841e+00
4.3315421989246738e+00	-1.1927365371717766e+00
4.3291689234094308e+00	-1.1926035204847254e+00
4.3291611255421421e+00	-1.1926031271620381e+00
4.3291466047051825e+00	-1.1926023133022003e+00
4.3291139812621253e+00	-1.1926006591324243e+00
4.3288967869651076e+00	-1.1925884858867770e+00
4.3288862491792521e+00	-1.1925879552106475e+00
4.3288417243427730e+00	-1.1925854596949765e+00
4.3288264303696913e+00	-1.1925846899492407e+00
4.3287946036022111e+00	-1.1925829061314148e+00
4.3284365545612236e+00	-1.1925648934613193e+00
4.3284098626764624e+00	-1.1925634009404398e+00
4.3284090855166326e+00	-1.1925633618441989e+00
4.3284053153104827e+00	-1.1925631513636259e+00
4.3281418580598876e+00	-1.1925498977352547e+00
4.3280959778742192e+00	-1.1925473367321939e+00
4.3275738953307776e+00	-1.1925211229005663e+00
4.3275619289702139e+00	-1.1925204570592556e+00
4.3268255423180877e+00	-1.1924835479995877e+00
4.3262183908688021e+00	-1.1924530628472607e+00
4.3259690542207148e+00	-1.1924405195778478e+00
4.3259690040496466e+00	-1.1924405169132528e+00
4.3255066858517504e+00	-1.1924172592744127e+00
4.3254936734237432e+00	-1.1924165479662363e+00
4.3248566724687842e+00	-1.1923845026385407e+00
4.3248325935400374e+00	-1.1923831844660933e+00
4.3246634356341733e+00	-1.1923747815578427e+00
4.3241289755717451e+00	-1.1923478947098600e+00
4.3240530389161389e+00	-1.1923440443461699e+00
4.3230989892158522e+00	-1.1922960493862793e+00
4.3230987011009319e+00	-1.1922960339015436e+00
4.3230974188774427e+00	-1.1922959703879537e+00
4.3200890458315913e+00	-1.1921446294844049e+00
4.3169866550360743e+00	-1.1919886158035664e+00
4.3150924891890767e+00	-1.1918933268329546e+00
4.3150802536264328e+00	-1.1918927331687756e+00
4.3138945559965611e+00	-1.1918330847980767e+00
4.3129748885512127e+00	-1.1917866969771873e+00
4.3128922986673262e+00	-1.1917827179493448e+00
4.3123612047553843e+00	-1.1917560101869982e+00
4.3122838260846814e+00	-1.1917521189521312e+00
4.3110426107694408e+00	-1.1916897004552984e+00
4.3105871626321663e+00	-1.1916682168678774e+00
4.3105562548751806e+00	-1.1916666649854255e+00
4.3104161929087939e+00	-1.1916600582320920e+00
4.3009649232273830e+00	-1.1912059026103219e+00
4.3006398233681526e+00	-1.1911899367514227e+00
4.3004494964497715e+00	-1.1911798899523283e+00
4.2974522834843336e+00	-1.1910184083291353e+00
4.2919602024321000e+00	-1.1907057297429400e+00
4.2820944869105011e+00	-1.1901283280886892e+00
4.2817689833269670e+00	-1.1901089232890179e+00
4.2808364970486075e+00	-1.1900517866216043e+00
4.2760096419403393e+00	-1.1897544533861706e+00
4.2756685609783176e+00	-1.1897330523767777e+00
4.2756681256825626e+00	-1.1897332511326835e+00
4.2756209695124117e+00	-1.1897303171909861e+00
4.2754203635932342e+00	-1.1897220738942424e+00
4.2754169331574792e+00	-1.1897218610934841e+00
4.2750765781769919e+00	-1.1897078752294885e+00
4.2750666430069684e+00	-1.1897072724852211e+00
4.2700645554860150e+00	-1.1895017267468799e+00
4.2659520126547736e+00	-1.1893287320858601e+00
4.2634692327171795e+00	-1.1892220413422496e+00
4.2634131279449994e+00	-1.1892194533760339e+00
4.2631630190237848e+00	-1.1892070042444234e+00
4.2607554965148475e+00	-1.1890776713076003e+00
4.2587211494427457e+00	-1.1889615105204212e+00
4.2579911725410877e+00	-1.1889194890222572e+00
4.2579260720471952e+00	-1.1889155786348311e+00
4.2571960324660996e+00	-1.1888624818533382e+00
4.2528410429040928e+00	-1.1885346885944827e+00
4.2503026829394912e+00	-1.1883399824304042e+00
4.2503000185472004e+00	-1.1883398521488189e+00
4.2494186426845673e+00	-1.1882722457747357e+00
4.2494117392984716e+00	-1.1882717648738439e+00
4.2427969465623905e+00	-1.1877643739057473e+00
4.2427841942843489e+00	-1.1877635351284357e+00
4.2421821011906440e+00	-1.1877173512781039e+00
4.2421769766313329e+00	-1.1877166960849872e+00
4.2421594309741497e+00	-1.1877156123478678e+00
4.2418811460831938e+00	-1.1876942663668428e+00
4.2418705254808371e+00	-1.1876936117884402e+00
4.2418650499632706e+00	-1.1876931917861409e+00
4.2418596699228486e+00	-1.1876928448620474e+00
4.2417841779612546e+00	-1.1876870542068376e+00
4.2416839098186987e+00	-1.1876806059990417e+00
4.2416569653456211e+00	-1.1876785418832665e+00
4.2416280048018615e+00	-1.1876767630415965e+00
4.2416134143877935e+00	-1.1876756472952843e+00
4.2408525335139959e+00	-1.1876266751089541e+00
4.2408408466458365e+00	-1.1876257869973905e+00
4.2351462216659419e+00	-1.1872592667638036e+00
4.2351158474269779e+00	-1.1872574477178526e+00
4.2335180274803150e+00	-1.1871546080502451e+00
4.2334891327874864e+00	-1.1871528898364017e+00
4.2334499509396544e+00	-1.1871503679951794e+00
4.2334233062302937e+00	-1.1871484822142568e+00
4.2333909641347951e+00	-1.1871465714576424e+00
4.2328342548381848e+00	-1.1871107402620582e+00
4.2328288713732825e+00	-1.1871103834148300e+00
4.2328270284791021e+00	-1.1871102751556062e+00
4.2327981215062778e+00	-1.1871084146309063e+00
4.2327403940098556e+00	-1.1871050415080042e+00
4.2326733894132609e+00	-1.1871011263072191e+00
4.2326705992148055e+00	-1.1871009632708345e+00
4.2326049768103156e+00	-1.1870967431178583e+00
4.2322315319122872e+00	-1.1870749642111069e+00
4.2321950269744617e+00	-1.1870724212188832e+00
4.2315509591736120e+00	-1.1870348598740894e+00
4.2225338754225437e+00	-1.1865012754636943e+00
4.2224989003152285e+00	-1.1864990089336085e+00
4.2178126614337863e+00	-1.1861839709225261e+00
4.2176285308321182e+00	-1.1861713089831607e+00
4.2175272622860529e+00	-1.1861647846236325e+00
4.2174488056909079e+00	-1.1861595102852309e+00
4.2171565038392753e+00	-1.1861406783532547e+00
4.2171551050171434e+00	-1.1861405825968960e+00
4.2170486841258876e+00	-1.1861337262907392e+00
4.2170397414107326e+00	-1.1861331122252698e+00
4.2164676941768242e+00	-1.1860962573284020e+00
4.2164365126438730e+00	-1.1860941364721791e+00
4.2160951640372204e+00	-1.1860721446383786e+00
4.2160799605523271e+00	-1.1860711146221710e+00
4.2160479390799885e+00	-1.1860691021082774e+00
4.2158578964280240e+00	-1.1860568583599933e+00
4.2158344014119127e+00	-1.1860552648101976e+00
4.2158155357390266e+00	-1.1860541292167832e+00
4.2146245673342086e+00	-1.1859773995078873e+00
4.2146040754325167e+00	-1.1859760307052500e+00
4.2145946863097654e+00	-1.1859754743835114e+00
4.2077463335983474e+00	-1.1855342602355645e+00
4.2077452622712954e+00	-1.1855341995132724e+00
4.2066550948589194e+00	-1.1854639640411466e+00
4.2065532398145891e+00	-1.1854572709833635e+00
4.2065442623288885e+00	-1.1854568235093483e+00
4.2052174364072838e+00	-1.1853713410009052e+00
4.2048772254746973e+00	-1.1853492277360269e+00
4.2048335139632442e+00	-1.1853469476962952e+00
4.2045477308513810e+00	-1.1853285377596086e+00
4.2044881109396366e+00	-1.1853254467772949e+00
4.2044825026110404e+00	-1.1853250867943896e+00
4.2044622695113532e+00	-1.1853241070336513e+00
4.2043435658405386e+00	-1.1853179528657514e+00
4.2043283818775139e+00	-1.1853169598012216e+00
4.2043086241345167e+00	-1.1853160283437412e+00
4.2042842306481178e+00	-1.1853145020884561e+00
4.2042332100137640e+00	-1.1853120894379185e+00
4.2042075674070043e+00	-1.1853107505804508e+00
4.2041949898916791e+00	-1.1853099281829813e+00
4.2041614441794080e+00	-1.1853083423842685e+00
4.2039285300136253e+00	-1.1852961814182204e+00
4.2039143182961087e+00	-1.1852952545887514e+00
4.2038776702755047e+00	-1.1852935259183006e+00
4.2038468347366793e+00	-1.1852919159263129e+00
4.2038290235919726e+00	-1.1852907602845080e+00
4.2037858979803131e+00	-1.1852887342828833e+00
4.2037087628348013e+00	-1.1852847068855692e+00
4.2037049570211886e+00	-1.1852844651616727e+00
4.2035039124724731e+00	-1.1852739681791347e+00
4.2034889379558651e+00	-1.1852730021353872e+00
4.2034761979291693e+00	-1.1852724017054952e+00
4.2034748307915040e+00	-1.1852723170367583e+00
4.2034395139741045e+00	-1.1852706057904641e+00
4.2031833420684848e+00	-1.1852572304861486e+00
4.2031832513740310e+00	-1.1852570249662102e+00
4.2031457014001825e+00	-1.1852552651832322e+00
4.2029194003780876e+00	-1.1852434495041080e+00
4.2029108193666875e+00	-1.1852429455133926e+00
4.2028635071881366e+00	-1.1852404752394397e+00
4.2028429944813706e+00	-1.1852391860386520e+00
4.2020636238170299e+00	-1.1851984933647814e+00
4.2020539755315136e+00	-1.1851978846770352e+00
4.1970588566663869e+00	-1.1849370784237032e+00
4.1970588326450100e+00	-1.1849370597893010e+00
4.1970567998371715e+00	-1.1849369710320803e+00
4.1969989631436979e+00	-1.1849339512498214e+00
4.1969534355224436e+00	-1.1849319532247355e+00
4.1966423429540969e+00	-1.1849157103906047e+00
4.1966339749073889e+00	-1.1849152212528520e+00
4.1966280715176119e+00	-1.1849149652471997e+00
4.1965434988152284e+00	-1.1849105495185177e+00
4.1965196429711336e+00	-1.1849095189381660e+00
4.1964854515441541e+00	-1.1849075992021558e+00
4.1964528208607916e+00	-1.1849061922488990e+00
4.1964123646442859e+00	-1.1849040835492870e+00
4.1960145206991637e+00	-1.1848869394657924e+00
4.1959863144654843e+00	-1.1848854681981256e+00
4.1925152559176837e+00	-1.1847358916662027e+00
4.1911177003507323e+00	-1.1846745553274989e+00
4.1864137635545733e+00	-1.1844643404749913e+00
4.1859711817826311e+00	-1.1844421828824010e+00
4.1851610970663318e+00	-1.1844001975361720e+00
4.1794771662401669e+00	-1.1841000833891226e+00
4.1721288627351889e+00	-1.1837005465890569e+00
4.1719206858050288e+00	-1.1836890519894616e+00
4.1717856838272152e+00	-1.1836809269431863e+00
4.1676440074657677e+00	-1.1834253231860705e+00
4.1663538076066118e+00	-1.1833451064924103e+00
4.1663468421616185e+00	-1.1833447604223999e+00
4.1662498241694399e+00	-1.1833386078155390e+00
4.1657686519650703e+00	-1.1833148245083274e+00
4.1657549935509808e+00	-1.1833139751630639e+00
4.1649597868418891e+00	-1.1832746698056735e+00
4.1649596986084134e+00	-1.1832746644538612e+00
4.1630324696597114e+00	-1.1831794056717917e+00
4.1630196329710847e+00	-1.1831786646970974e+00
4.1615787422643296e+00	-1.1831074445683663e+00
4.1570790216449769e+00	-1.1828778659311279e+00
4.1563486426517144e+00	-1.1828398816383363e+00
4.1539804118377424e+00	-1.1827014914130702e+00
4.1535728960124105e+00	-1.1826773991405608e+00
4.1493365884807742e+00	-1.1824231158497744e+00
4.1482729047564035e+00	-1.1823582319175614e+00
4.1467106800033813e+00	-1.1822627432592638e+00
4.1438254220410435e+00	-1.1820856054857352e+00
4.1418908070794371e+00	-1.1819654521139045e+00
4.1414510241863356e+00	-1.1819378983791611e+00
4.1411597939735030e+00	-1.1819194512225442e+00
4.1395307721790999e+00	-1.1818143654952908e+00
4.1342384940602424e+00	-1.1814654658812873e+00
4.1264057472495708e+00	-1.1809471652740813e+00
4.1248792374254721e+00	-1.1808456164192975e+00
4.1248035570648156e+00	-1.1808407294585299e+00
4.1247582557507734e+00	-1.1808377160620922e+00
4.1235851299010458e+00	-1.1807619812479668e+00
4.1235440896786031e+00	-1.1807592598416801e+00
4.1234763258431313e+00	-1.1807548851350065e+00
4.1234215535411431e+00	-1.1807512609849407e+00
4.1206289063856216e+00	-1.1805709728996598e+00
4.1206003704103100e+00	-1.1805690879094761e+00
4.1205892491349889e+00	-1.1805684127016161e+00
4.1205183943896433e+00	-1.1805638384515731e+00
4.1204563612621499e+00	-1.1805597580449896e+00
4.1141079420596833e+00	-1.1801499159565216e+00
4.1140991440224708e+00	-1.1801494236353840e+00
4.1116050284602750e+00	-1.1799884081922807e+00
4.1096887422444714e+00	-1.1798646963327233e+00
4.1096862365848121e+00	-1.1798645639130263e+00
4.1090104943749708e+00	-1.1798209392578618e+00
4.1089999992358814e+00	-1.1798203917312686e+00
4.1089638408048188e+00	-1.1798180574075059e+00
4.1086502661943323e+00	-1.1797977413328693e+00
4.1086445538309855e+00	-1.1797974448104367e+00
4.1083073425628545e+00	-1.1797756750529242e+00
4.1083070036574920e+00	-1.1797755811128237e+00
4.1069868014988717e+00	-1.1797073972401311e+00
4.1069837492696841e+00	-1.1797072095840990e+00
4.1031046763624950e+00	-1.1795068688926811e+00
4.1030935745546540e+00	-1.1795061948667536e+00
4.1012127837057832e+00	-1.1794090585282289e+00
4.1012122881795881e+00	-1.1794089826781138e+00
4.1001673047427349e+00	-1.1793550128999559e+00
4.0917362413380189e+00	-1.1789141377350227e+00
4.0897711802616064e+00	-1.1788096794609120e+00
4.0897049496293629e+00	-1.1788055195212748e+00
4.0896763051732625e+00	-1.1788035151185339e+00
4.0894941532926534e+00	-1.1787900814329175e+00
4.0725019880818243e+00	-1.1774807930287159e+00
4.0720824441764751e+00	-1.1774482703397378e+00
4.0720761945073685e+00	-1.1774479425827502e+00
4.0713566059562156e+00	-1.1773921603877311e+00
4.0712927451271907e+00	-1.1773889312728971e+00
4.0712896613733118e+00	-1.1773886929469453e+00
4.0711187697082805e+00	-1.1773800518312727e+00
4.0711158501448548e+00	-1.1773798271961899e+00
4.0681103505835070e+00	-1.1772278544867054e+00
4.0681043561811832e+00	-1.1772274205721134e+00
4.0680527166748854e+00	-1.1772249402353230e+00
4.0674032436225174e+00	-1.1771920997116461e+00
4.0673990549529515e+00	-1.1771918008209756e+00
4.0652132939669832e+00	-1.1770812780900475e+00
4.0652078585902487e+00	-1.1770809092785013e+00
4.0592724957059882e+00	-1.1767807883964703e+00
4.0592316777196054e+00	-1.1767788972108364e+00
4.0589722291909549e+00	-1.1767657782284289e+00
4.0589576296376348e+00	-1.1767651205951333e+00
4.0577170647909568e+00	-1.1767023915887924e+00
4.0576845645753181e+00	-1.1767006171566079e+00
4.0576630343521307e+00	-1.1766996595464096e+00
4.0575549191248337e+00	-1.1766941927134611e+00
4.0575437449842466e+00	-1.1766936968482895e+00
4.0572741828564736e+00	-1.1766800664730073e+00
4.0572714181335243e+00	-1.1766799448266168e+00
4.0570108348384171e+00	-1.1766667684648853e+00
4.0569768163280653e+00	-1.1766652858176379e+00
4.0568775883523855e+00	-1.1766598144300684e+00
4.0567763582663607e+00	-1.1766554194709260e+00
4.0567388862158644e+00	-1.1766533799950669e+00
4.0558156208995007e+00	-1.1766133706069741e+00
4.0491973755525104e+00	-1.1763178440044377e+00
4.0490449345619126e+00	-1.1763104397056117e+00
4.0459086133682352e+00	-1.1761424146527761e+00
4.0447370964100733e+00	-1.1760775252798965e+00
4.0422045486442375e+00	-1.1759330925392399e+00
4.0421693463970856e+00	-1.1759309718677509e+00
4.0410919743060507e+00	-1.1758613275762284e+00
4.0398254219076835e+00	-1.1757780006284708e+00
4.0299122452516132e+00	-1.1751163730845748e+00
4.0288208172555935e+00	-1.1750429371696467e+00
4.0276887992414849e+00	-1.1749662185659491e+00
4.0269716599089875e+00	-1.1749170609561002e+00
4.0268750876597075e+00	-1.1749104174967335e+00
4.0140656697588213e+00	-1.1740188512460565e+00
4.0124558796346532e+00	-1.1739063834462109e+00
4.0118060876169608e+00	-1.1738608056754753e+00
4.0115897084495806e+00	-1.1738458263534763e+00
4.0112174826696680e+00	-1.1738197216417203e+00
4.0110891378939417e+00	-1.1738107267305888e+00
4.0094821317185501e+00	-1.1736980079574457e+00
4.0094360889687337e+00	-1.1736948745029143e+00
4.0090964220196312e+00	-1.1736710692953849e+00
4.0090482593856622e+00	-1.1736678030025545e+00
4.0089440086241579e+00	-1.1736604920037359e+00
4.0088179411248390e+00	-1.1736517231732855e+00
4.0084677836666289e+00	-1.1736271723130698e+00
4.0002786355803659e+00	-1.1730575627666797e+00
4.0002574986918829e+00	-1.1730561692367114e+00
3.9986131863866325e+00	-1.1729417964135007e+00
3.9986130418836092e+00	-1.1729418433602485e+00
3.9974249228274736e+00	-1.1728592018022386e+00
3.9968862176828881e+00	-1.1728216305227515e+00
3.9968698362737443e+00	-1.1728205918520036e+00
3.9952618437738554e+00	-1.1727087453120690e+00
3.9952402085989243e+00	-1.1727074175672956e+00
3.9952118229535949e+00	-1.1727054431566191e+00
3.9950511164206675e+00	-1.1726956747623767e+00
3.9950218838416078e+00	-1.1726936530199461e+00
3.9948485703756544e+00	-1.1726832464864521e+00
3.9948200211138265e+00	-1.1726812767049604e+00
3.9944611617394385e+00	-1.1726596076744145e+00
3.9944029367960168e+00	-1.1726560344255474e+00
3.9943370962061566e+00	-1.1726514764664424e+00
3.9942315726559601e+00	-1.1726455178550999e+00
3.9940855300851537e+00	-1.1726365552624376e+00
3.9940690228360531e+00	-1.1726355422170713e+00
3.9940163028812217e+00	-1.1726323068078497e+00
3.9939600345048158e+00	-1.1726288536329659e+00
3.9939118151114830e+00	-1.1726258944219736e+00
3.9938976971996736e+00	-1.1726250280095838e+00
3.9938174744869936e+00	-1.1726201047636287e+00
3.9937603636354688e+00	-1.1726165998862768e+00
3.9937533013901700e+00	-1.1726161164552968e+00
3.9937433114960714e+00	-1.1726154326183453e+00
3.9934892864729230e+00	-1.1725998752214852e+00
3.9934818284245464e+00	-1.1725993644586772e+00
3.9928853043124870e+00	-1.1725627947482373e+00
3.9928751598617080e+00	-1.1725621303326537e+00
3.9920330687860659e+00	-1.1725105062219470e+00
3.9920229814259822e+00	-1.1725098197233279e+00
3.9920144236446617e+00	-1.1725093631878123e+00
3.9916174567596827e+00	-1.1724850272661882e+00
3.9916079085810980e+00	-1.1724843904240601e+00
3.9915809389692827e+00	-1.1724827885553066e+00
3.9915170763313572e+00	-1.1724788734777269e+00
3.9915054767398241e+00	-1.1724780868167921e+00
3.9914956999434930e+00	-1.1724775630054449e+00
3.9913998259209622e+00	-1.1724716854806780e+00
3.9913965647084830e+00	-1.1724714642037177e+00
3.9913943408237516e+00	-1.1724713492186347e+00
3.9912899885587612e+00	-1.1724649519380601e+00
3.9912366864842679e+00	-1.1724614377955582e+00
3.9912077001678723e+00	-1.1724599072758803e+00
3.9912071228235275e+00	-1.1724598767912591e+00
3.9912034576622637e+00	-1.1724596832654119e+00
3.9911807937431547e+00	-1.1724582923868894e+00
3.9906489915398242e+00	-1.1724256558309933e+00
3.9904031279753474e+00	-1.1724105672512271e+00
3.9903090758331685e+00	-1.1724046038320857e+00
3.9902362255751562e+00	-1.1724003101528513e+00
3.9902135607827112e+00	-1.1723987910661682e+00
3.9901996547882024e+00	-1.1723980801573339e+00
3.9901954864821674e+00	-1.1723978243495317e+00
3.9901530930944826e+00	-1.1723952226789141e+00
3.9889141976797178e+00	-1.1723191920058555e+00
3.9889046215760802e+00	-1.1723187178159418e+00
3.9885071800678600e+00	-1.1722943527976992e+00
3.9884780316762334e+00	-1.1722924243719319e+00
3.9884672065303701e+00	-1.1722919022334024e+00
3.9880032294561696e+00	-1.1722634582746232e+00
3.9879785529823928e+00	-1.1722621540412810e+00
3.9879657217217210e+00	-1.1722613920658538e+00
3.9878081044614211e+00	-1.1722517293926225e+00
3.9878062692620193e+00	-1.1722516204620230e+00
3.9877916531776121e+00	-1.1722507244278750e+00
3.9875811694661709e+00	-1.1722374930370019e+00
3.9874778001074538e+00	-1.1722314837707677e+00
3.9874634083076539e+00	-1.1722306471190012e+00
3.9874570189796197e+00	-1.1722302756823038e+00
3.9874252531431362e+00	-1.1722282753665987e+00
3.9874174681082404e+00	-1.1722277851378091e+00
3.9872691376183655e+00	-1.1722184446688875e+00
3.9872627788346473e+00	-1.1722181030345051e+00
3.9872191709851372e+00	-1.1722152522662719e+00
3.9871927595761054e+00	-1.1722140094566800e+00
3.9868098135246126e+00	-1.1721905330775462e+00
3.9867417983873175e+00	-1.1721861697304337e+00
3.9866810920330744e+00	-1.1721826418497185e+00
3.9866174048867999e+00	-1.1721787375305956e+00
3.9865855219122617e+00	-1.1721770640993054e+00
3.9861912994207711e+00	-1.1721529205103185e+00
3.9860475508839928e+00	-1.1721439215803755e+00
3.9859312753705387e+00	-1.1721363540534186e+00
3.9858906339519420e+00	-1.1721345066865041e+00
3.9857430098826980e+00	-1.1721254656628959e+00
3.9856670203273596e+00	-1.1721219925090742e+00
3.9856331857926275e+00	-1.1721200706570511e+00
3.9854241213278292e+00	-1.1721073301358345e+00
3.9854109713975037e+00	-1.1721067092110984e+00
3.9853746507510497e+00	-1.1721044913496106e+00
3.9852642986529210e+00	-1.1720989039836713e+00
3.9850458473459902e+00	-1.1720858258055755e+00
3.9850170682476178e+00	-1.1720840234168786e+00
3.9847406824169762e+00	-1.1720681946902229e+00
3.9846824075087772e+00	-1.1720646739069780e+00
3.9840802411450347e+00	-1.1720301873991341e+00
3.9840406136042850e+00	-1.1720278054127882e+00
3.9840302126116831e+00	-1.1720273222284574e+00
3.9838587558706977e+00	-1.1720175027755639e+00
3.9838517182149138e+00	-1.1720170848493048e+00
3.9838485857280559e+00	-1.1720169203240602e+00
3.9838409588466765e+00	-1.1720164835269884e+00
3.9838408090489414e+00	-1.1720164743444277e+00
3.9838406973420342e+00	-1.1720164685504262e+00
3.9832485753344766e+00	-1.1719825572902036e+00
3.9832125663806837e+00	-1.1719803829590441e+00
3.9832037225766541e+00	-1.1719799885399751e+00
3.9822586265561899e+00	-1.1719258622000044e+00
3.9822554474718537e+00	-1.1719256719782944e+00
3.9822548608775969e+00	-1.1719256465368386e+00
3.9820934078736738e+00	-1.1719164000052793e+00
3.9820787250020855e+00	-1.1719155244469650e+00
3.9820760682017440e+00	-1.1719154069495925e+00
3.9817443749215413e+00	-1.1718964106329626e+00
3.9817045808166154e+00	-1.1718940212128244e+00
3.9816953941126294e+00	-1.1718936054662306e+00
3.9807408673178397e+00	-1.1718389390189201e+00
3.9807031916214264e+00	-1.1718367012588342e+00
3.9806980833097367e+00	-1.1718364887475001e+00
3.9797036822954310e+00	-1.1717795386744894e+00
3.9795577486332712e+00	-1.1717709375747554e+00
3.9786599640862002e+00	-1.1717366610479860e+00
3.9688983681726517e+00	-1.1713571001408178e+00
3.9679287056554924e+00	-1.1713185432459410e+00
3.9679279510650018e+00	-1.1713185094140239e+00
3.9678735362546385e+00	-1.1713158917210968e+00
3.9678603792210665e+00	-1.1713151588984501e+00
3.9657988469287591e+00	-1.1711724700961450e+00
3.9645443925738508e+00	-1.1710845816487958e+00
3.9637555795144177e+00	-1.1710281399215878e+00
3.9622570623205848e+00	-1.1709195146460185e+00
3.9620547219594386e+00	-1.1709043391285869e+00
3.9609938072825321e+00	-1.1708223989728364e+00
3.9504235710785633e+00	-1.1699901427936881e+00
3.9504233505595741e+00	-1.1699901254309455e+00
3.9477596847473553e+00	-1.1697786972785691e+00
3.9477474789957001e+00	-1.1697779723912705e+00
3.9476058701453458e+00	-1.1697667324458292e+00
3.9471625419342757e+00	-1.1697406363759288e+00
3.9471576116409541e+00	-1.1697402530649643e+00
3.9470625522258178e+00	-1.1697346574879626e+00
3.9470591948637956e+00	-1.1697343953863935e+00
3.9469542583340598e+00	-1.1697282184029607e+00
3.9469500876151864e+00	-1.1697278970432385e+00
3.9467547860755525e+00	-1.1697164008142535e+00
3.9467512891156757e+00	-1.1697161349902350e+00
3.9464983066979440e+00	-1.1697012434342910e+00
3.9414809675640190e+00	-1.1694028769553546e+00
3.9383009505254525e+00	-1.1692122699543168e+00
3.9381010937859413e+00	-1.1692001192180626e+00
3.9377294974628230e+00	-1.1691773054740504e+00
3.9372620995874952e+00	-1.1691481623985178e+00
3.9328195979992344e+00	-1.1688457257714930e+00
3.9291364666051649e+00	-1.1685846098161545e+00
3.9289405989397399e+00	-1.1685703769850173e+00
3.9203255187566008e+00	-1.1679258213372645e+00
3.9166332285361158e+00	-1.1676467514604736e+00
3.9160757625341613e+00	-1.1676045110644591e+00
3.9160687010169082e+00	-1.1676040337770019e+00
3.9158216799966552e+00	-1.1675853164638692e+00
3.9158128203744336e+00	-1.1675847182124899e+00
3.9154603581105585e+00	-1.1675580113899140e+00
3.9154554101808747e+00	-1.1675576711928086e+00
3.9148188295106663e+00	-1.1675094767245546e+00
3.9142944218656575e+00	-1.1674697746902607e+00
3.9138891397812867e+00	-1.1674390914548700e+00
3.9138530738917203e+00	-1.1674366877505951e+00
3.9138495070199193e+00	-1.1674364177508221e+00
3.9129576740829477e+00	-1.1673761452209066e+00
3.9129478810713478e+00	-1.1673754092496329e+00
3.9128406259750697e+00	-1.1673681909401070e+00
3.9127768077170599e+00	-1.1673634020455048e+00
3.9123848773121250e+00	-1.1673370490788504e+00
3.9123362367094963e+00	-1.1673334453158986e+00
3.9094123669175715e+00	-1.1671346911915559e+00
3.9092195165309391e+00	-1.1671219570741866e+00
3.9091998003421575e+00	-1.1671205660034929e+00
3.9091905082121485e+00	-1.1671199556488567e+00
3.9091386009299698e+00	-1.1671161725729644e+00
3.9089232313940183e+00	-1.1671020294116092e+00
3.9089211609486485e+00	-1.1671018830920548e+00
3.9088005124581136e+00	-1.1670939601931110e+00
3.9085617558299943e+00	-1.1670782339671946e+00
3.9085413744924318e+00	-1.1670767395060286e+00
3.9077733301769895e+00	-1.1670263025924081e+00
3.9067531244318392e+00	-1.1669591045164596e+00
3.9048257199498653e+00	-1.1668307400369926e+00
3.8986585407447856e+00	-1.1664189150066118e+00
3.8984509778160636e+00	-1.1664048041206183e+00
3.8984060126270061e+00	-1.1664016832135740e+00
3.8981834606657935e+00	-1.1663861426357427e+00
3.8962450522051246e+00	-1.1662483851770409e+00
3.8892856992218348e+00	-1.1657468920802514e+00
3.8885045501314490e+00	-1.1656902971495622e+00
3.8859753364591256e+00	-1.1655063779969508e+00
3.8859568212074227e+00	-1.1655051953731308e+00
3.8851134872660582e+00	-1.1654438698846750e+00
3.8850841049437439e+00	-1.1654420056449051e+00
3.8850840691245088e+00	-1.1654420030402048e+00
3.8850820509869779e+00	-1.1654418751246958e+00
3.8849907739029219e+00	-1.1654352376451755e+00
3.8849475499053221e+00	-1.1654325001588293e+00
3.8849336180461123e+00	-1.1654314874611640e+00
3.8848809417217316e+00	-1.1654281521783911e+00
3.8848747775486872e+00	-1.1654277049571837e+00
3.8846644507839079e+00	-1.1654143877934775e+00
3.8846303902916377e+00	-1.1654119261331644e+00
3.8838180974049226e+00	-1.1653604945554419e+00
3.8838080240091579e+00	-1.1653597768960580e+00
3.8777319471774061e+00	-1.1649750607143321e+00
3.8775756372450516e+00	-1.1649651209522085e+00
3.8766333614008004e+00	-1.1649052015497399e+00
3.8662696968155683e+00	-1.1642425823767211e+00
3.8657425229069902e+00	-1.1642073913959379e+00
3.8655465826667332e+00	-1.1641938423956166e+00
3.8654415405642628e+00	-1.1641862405118071e+00
3.8532813141217237e+00	-1.1632559376015690e+00
3.8532627641239707e+00	-1.1632545056862718e+00
3.8483310675216873e+00	-1.1628731634217628e+00
3.8422273493235939e+00	-1.1624008786181073e+00
3.8387306275697228e+00	-1.1621301503150867e+00
3.8382851177009623e+00	-1.1620966376174682e+00
3.8374601011864540e+00	-1.1620338476222514e+00
3.8357333204527575e+00	-1.1619016391739325e+00
3.8318192666750921e+00	-1.1616014425172283e+00
3.8262875470943918e+00	-1.1611716308808426e+00
3.8233108487704408e+00	-1.1609396309921762e+00
3.8229508424676943e+00	-1.1609115126538385e+00
3.8223335215866907e+00	-1.1608630080643512e+00
3.8214509692365719e+00	-1.1607934352166664e+00
3.8194807573590159e+00	-1.1606807223233437e+00
3.8193855582604157e+00	-1.1606752330427137e+00
3.8138936072822363e+00	-1.1603520824190681e+00
3.8138437197407211e+00	-1.1603489354321108e+00
3.8137770521481498e+00	-1.1603445349888972e+00
3.8130312571597273e+00	-1.1602936230403689e+00
3.8045106506798727e+00	-1.1596960279428170e+00
3.8037210167865396e+00	-1.1596403906824806e+00
3.8000084258462210e+00	-1.1593760131996018e+00
3.7977571835959063e+00	-1.1592150302755986e+00
3.7968282535535307e+00	-1.1591480585802454e+00
3.7961022901975867e+00	-1.1590953442043075e+00
3.7959507321857946e+00	-1.1590856779913348e+00
3.7959439783088338e+00	-1.1590851892685974e+00
3.7911411590734594e+00	-1.1587748874588626e+00
3.7824099434070200e+00	-1.1582088678920257e+00
3.7783816514660540e+00	-1.1579450280654195e+00
3.7783545765179731e+00	-1.1579429964704673e+00
3.7780440596098956e+00	-1.1579194791657745e+00
3.7689206995918103e+00	-1.1572226246029893e+00
3.7614609934201235e+00	-1.1566450771998500e+00
3.7609450525163255e+00	-1.1566041717252258e+00
3.7609039314118564e+00	-1.1566008358447151e+00
3.7603216463861737e+00	-1.1565515113268012e+00
3.7601820899577665e+00	-1.1565396835371700e+00
3.7573531597943917e+00	-1.1562970630135629e+00
3.7512511151894761e+00	-1.1557724496699344e+00
3.7487541057186000e+00	-1.1555570429148092e+00
3.7483671884800729e+00	-1.1555235229741325e+00
3.7483610135359733e+00	-1.1555230824790865e+00
3.7468282846677887e+00	-1.1553902970262322e+00
3.7468280728339316e+00	-1.1553902834599181e+00
3.7461550682022122e+00	-1.1553319784593761e+00
3.7452165904236838e+00	-1.1552747483601526e+00
3.7452082739491539e+00	-1.1552740628294407e+00
3.7437109134086288e+00	-1.1551827510325414e+00
3.7432445969283759e+00	-1.1551542255161087e+00
3.7417216280748553e+00	-1.1550599341569994e+00
3.7382955090884940e+00	-1.1548446274900159e+00
3.7377442263788607e+00	-1.1548097430052502e+00
3.7377206674769883e+00	-1.1548080743474893e+00
3.7371311486056378e+00	-1.1547650902615956e+00
3.7332969854974642e+00	-1.1544814998526001e+00
3.7322808924436561e+00	-1.1544054987656065e+00
3.7314875142611927e+00	-1.1543455277746384e+00
3.7227512066009356e+00	-1.1537034768405325e+00
3.7227511445267387e+00	-1.1537035789204539e+00
3.7208862173089843e+00	-1.1535665253235079e+00
3.7208799172226557e+00	-1.1535660916888604e+00
3.7203841935699473e+00	-1.1535296609321808e+00
3.7203839952556610e+00	-1.1535297041271371e+00
3.7195966376145932e+00	-1.1534718411736855e+00
3.7195799165833154e+00	-1.1534706905396452e+00
3.7193870213681359e+00	-1.1534565146603817e+00
3.7193818818102282e+00	-1.1534561635471359e+00
3.7188144530720528e+00	-1.1534144631800454e+00
3.7187936706720373e+00	-1.1534130501030311e+00
3.7187515775000182e+00	-1.1534099566736591e+00
3.7187236158888752e+00	-1.1534080564523606e+00
3.7187018336955422e+00	-1.1534064556778545e+00
3.7186973677802717e+00	-1.1534061524831924e+00
3.7183857067821866e+00	-1.1533832485004478e+00
3.7183438371849289e+00	-1.1533804208974454e+00
3.7179773172386987e+00	-1.1533535187651232e+00
3.7179461315133411e+00	-1.1533514166056751e+00
3.7179427805469234e+00	-1.1533511689912190e+00
3.7117509769479997e+00	-1.1529318949431595e+00
3.7056670363147188e+00	-1.1525185322210736e+00
3.7015883601821198e+00	-1.1522390296741558e+00
3.6988442907070063e+00	-1.1520487004186981e+00
3.6985119029094058e+00	-1.1520255242654871e+00
3.6960858939934575e+00	-1.1518314697364014e+00
3.6922667616296292e+00	-1.1515230114101183e+00
3.6884460010820779e+00	-1.1512092073322178e+00
3.6866454861509421e+00	-1.1510592777610049e+00
3.6859415010649808e+00	-1.1509986421205169e+00
3.6849927484974199e+00	-1.1509161266569665e+00
3.6811715005069026e+00	-1.1505816277880070e+00
3.6809252111735069e+00	-1.1505598014337395e+00
3.6809076977041535e+00	-1.1505582421709468e+00
3.6809072893161168e+00	-1.1505582131846541e+00
3.6808641669339850e+00	-1.1505543916452625e+00
3.6806901375718311e+00	-1.1505389241943447e+00
3.6806877467814472e+00	-1.1505387571527081e+00
3.6803844993309487e+00	-1.1505118831253434e+00
3.6800562547572766e+00	-1.1504890612982301e+00
3.6800397672754843e+00	-1.1504876121839827e+00
3.6800387439614064e+00	-1.1504878438269053e+00
3.6797286817724779e+00	-1.1504662861646082e+00
3.6797191446456297e+00	-1.1504655002653386e+00
3.6794849597797010e+00	-1.1504492181179660e+00
3.6794836749064448e+00	-1.1504491083769064e+00
3.6788132251051939e+00	-1.1504024940817146e+00
3.6788123603265555e+00	-1.1504023627646189e+00
3.6784083599182917e+00	-1.1503742738692935e+00
3.6783940734790974e+00	-1.1503730981195939e+00
3.6739735919011118e+00	-1.1500657557461882e+00
3.6658807503110573e+00	-1.1494990601639579e+00
3.6629309370459309e+00	-1.1492890074222242e+00
3.6629224865579024e+00	-1.1492883023809650e+00
3.6623377561789057e+00	-1.1492356191741060e+00
3.6463509323450265e+00	-1.1477493170236699e+00
3.6451509982092687e+00	-1.1476372192221400e+00
3.6449719939776783e+00	-1.1476231957382343e+00
3.6448974333494712e+00	-1.1476162660554665e+00
3.6448916101741347e+00	-1.1476158103075094e+00
3.6448620005027688e+00	-1.1476130499552248e+00
3.6447539566037972e+00	-1.1476045939525474e+00
3.6447507017108087e+00	-1.1476042908995301e+00
3.6445604491114505e+00	-1.1475894008733010e+00
3.6445597264198786e+00	-1.1475893339479510e+00
3.6440728840318100e+00	-1.1475512314676053e+00
3.6440699764877453e+00	-1.1475509642445081e+00
3.6440542698970324e+00	-1.1475497349759016e+00
3.6440519077798261e+00	-1.1475495172035619e+00
3.6438051321627833e+00	-1.1475302034311201e+00
3.6437913128888946e+00	-1.1475289270947584e+00
3.6375995738886391e+00	-1.1470443336835332e+00
3.6375748796995917e+00	-1.1470424145380769e+00
3.6361280108615706e+00	-1.1469291760592288e+00
3.6361065362076257e+00	-1.1469275127656140e+00
3.6320665129559617e+00	-1.1466113223304435e+00
3.6318880818725092e+00	-1.1465975986298496e+00
3.6317120160363210e+00	-1.1465838189236708e+00
3.6317078669566523e+00	-1.1465834998446580e+00
3.6307966291561202e+00	-1.1465121822658357e+00
3.6307429270568368e+00	-1.1465080599335071e+00
3.6307203948929860e+00	-1.1465062964647721e+00
3.6306602722563981e+00	-1.1465014287583641e+00
3.6305619855576095e+00	-1.1464938986359559e+00
3.6302966010028515e+00	-1.1464731284441452e+00
3.6302171515549735e+00	-1.1464670432660857e+00
3.6296019103320010e+00	-1.1464188917128781e+00
3.6295748416971430e+00	-1.1464168228521716e+00
3.6295475857931132e+00	-1.1464146766408712e+00
3.6294680255683609e+00	-1.1464085895273695e+00
3.6292807498508464e+00	-1.1463939180417451e+00
3.6286840150169510e+00	-1.1463486052672964e+00
3.6285325299280178e+00	-1.1463370152179591e+00
3.6284337519304652e+00	-1.1463293045521341e+00
3.6262112853237065e+00	-1.1461592759797155e+00
3.6261945387833809e+00	-1.1461579744975443e+00
3.6261783828338223e+00	-1.1461567587930153e+00
3.6231054124775923e+00	-1.1459216629039857e+00
3.6220311416644306e+00	-1.1458394629471103e+00
3.6186061334149047e+00	-1.1455773084501824e+00
3.6185988761232788e+00	-1.1455767703751500e+00
3.6122288550131705e+00	-1.1450892008401654e+00
3.6118967965160640e+00	-1.1450658831163314e+00
3.6118621293330273e+00	-1.1450632338303499e+00
3.6117490041654894e+00	-1.1450553150686222e+00
3.6117078654565398e+00	-1.1450521960267430e+00
3.6115700295641999e+00	-1.1450425475142791e+00
3.6096621000416684e+00	-1.1449064740713570e+00
3.6070947492288088e+00	-1.1447211604890546e+00
3.6069194051482176e+00	-1.1447081446564464e+00
3.6058160065718265e+00	-1.1446250226428567e+00
3.6034771710887203e+00	-1.1444475506013219e+00
3.5955435279753747e+00	-1.1438359379365370e+00
3.5947137747192603e+00	-1.1437697566401710e+00
3.5946981965982059e+00	-1.1437684877628833e+00
3.5946147971519169e+00	-1.1437614768916271e+00
3.5945548983130102e+00	-1.1437563684521705e+00
3.5917985366280050e+00	-1.1435183616712969e+00
3.5917162910745781e+00	-1.1435112171045738e+00
3.5891518973556771e+00	-1.1432806915621363e+00
3.5890947790002139e+00	-1.1432754532984437e+00
3.5889275897765298e+00	-1.1432600319372725e+00
3.5888478711570895e+00	-1.1432525673096789e+00
3.5888238838101705e+00	-1.1432502826368534e+00
3.5866030780937495e+00	-1.1430279892538018e+00
3.5804653886025091e+00	-1.1424089970827218e+00
3.5791459967960622e+00	-1.1422747684106391e+00
3.5791325856222449e+00	-1.1422735993487434e+00
3.5779701145774410e+00	-1.1421553350515754e+00
3.5779671084973548e+00	-1.1421551065336772e+00
3.5775071545234205e+00	-1.1421083129952918e+00
3.5774907789800530e+00	-1.1421070046478987e+00
3.5772906194851450e+00	-1.1420866413690949e+00
3.5770626294243950e+00	-1.1420682481850222e+00
3.5768880695764089e+00	-1.1420508919635952e+00
3.5768807106923792e+00	-1.1420493399112421e+00
3.5768461808801475e+00	-1.1420467270339394e+00
3.5768375409530551e+00	-1.1420458679790682e+00
3.5765786785511762e+00	-1.1420253765206616e+00
3.5765686374024956e+00	-1.1420243781529698e+00
3.5764765111282797e+00	-1.1420170854688929e+00
3.5764763608843628e+00	-1.1420170705336568e+00
3.5764679455194859e+00	-1.1420164074182566e+00
3.5761395977351080e+00	-1.1419904155209488e+00
3.5761349128791502e+00	-1.1419899536626548e+00
3.5761124392560948e+00	-1.1419882656651219e+00
3.5755898758685554e+00	-1.1419468997276863e+00
3.5755800527415698e+00	-1.1419459503853826e+00
3.5755429905633460e+00	-1.1419431883031046e+00
3.5754060293363854e+00	-1.1419323464996398e+00
3.5754031470878451e+00	-1.1419320676312035e+00
3.5753883995528755e+00	-1.1419309509320608e+00
3.5752887741923614e+00	-1.1419230646229004e+00
3.5752786218522861e+00	-1.1419221024913444e+00
3.5751973413686735e+00	-1.1419157743276189e+00
3.5751816409603117e+00	-1.1419142895042029e+00
3.5750377711789532e+00	-1.1419031953109731e+00
3.5741702340792543e+00	-1.1418345213735237e+00
3.5741491990154950e+00	-1.1418326055541903e+00
3.5740787709072550e+00	-1.1418272811803896e+00
3.5737671579590415e+00	-1.1418026140069379e+00
3.5737660551523289e+00	-1.1418025106254246e+00
3.5737632743445871e+00	-1.1418023065813578e+00
3.5733580918268246e+00	-1.1417702324730687e+00
3.5733133574039511e+00	-1.1417663329404908e+00
3.5732383178714726e+00	-1.1417607512080938e+00
3.5730792254120223e+00	-1.1417481575039021e+00
3.5730684200780685e+00	-1.1417471385776139e+00
3.5730239503709624e+00	-1.1417437819507257e+00
3.5724113927912398e+00	-1.1416952921040913e+00
3.5724053689695592e+00	-1.1416947255357082e+00
3.5723857051468819e+00	-1.1416932586790278e+00
3.5721593973997607e+00	-1.1416753442358583e+00
3.5721513127945888e+00	-1.1416746281415304e+00
3.5721393088615536e+00	-1.1416737540341058e+00
3.5719810093201683e+00	-1.1416612230970344e+00
3.5719685546910362e+00	-1.1416601065178102e+00
3.5719464804789229e+00	-1.1416584898058764e+00
3.5719101087772533e+00	-1.1416556106345230e+00
3.5719033391311203e+00	-1.1416549727338539e+00
3.5719029182610549e+00	-1.1416550414357420e+00
3.5716635914258270e+00	-1.1416360964060503e+00
3.5716586071119409e+00	-1.1416356643255419e+00
3.5716585294039942e+00	-1.1416356956981488e+00
3.5715019538609636e+00	-1.1416233012321924e+00
3.5714987606572253e+00	-1.1416230103840612e+00
3.5714935417637235e+00	-1.1416226353334777e+00
3.5714660112061671e+00	-1.1416204560240415e+00
3.5714556447057371e+00	-1.1416194791275087e+00
3.5714548548502569e+00	-1.1416195728907574e+00
3.5713325094001624e+00	-1.1416098880671459e+00
3.5713322538550099e+00	-1.1416098640980918e+00
3.5713315211200864e+00	-1.1416098098352361e+00
3.5713131279078310e+00	-1.1416083538349009e+00
3.5712940743921835e+00	-1.1416067649234392e+00
3.5712561427163232e+00	-1.1416040464206325e+00
3.5712134097637311e+00	-1.1416006636948512e+00
3.5712044908745972e+00	-1.1415998939764955e+00
3.5711966461260913e+00	-1.1415993366910802e+00
3.5711828268142423e+00	-1.1415982427591229e+00
3.5711244921934964e+00	-1.1415934948286564e+00
3.5711242295285692e+00	-1.1415936042182093e+00
3.5710822373389721e+00	-1.1415902801309712e+00
3.5710738267632287e+00	-1.1415895062441959e+00
3.5710606978637136e+00	-1.1415885750735424e+00
3.5709991144375985e+00	-1.1415837001507818e+00
3.5709952982091546e+00	-1.1415834288951192e+00
3.5707045668446056e+00	-1.1415604147006246e+00
3.5706983632117617e+00	-1.1415599768932554e+00
3.5706859355374929e+00	-1.1415588975038551e+00
3.5705086797605170e+00	-1.1415463928681213e+00
3.5705001405272685e+00	-1.1415455946926927e+00
3.5704006078688937e+00	-1.1415385730900243e+00
3.5703999887410531e+00	-1.1415383107816521e+00
3.5694418247746129e+00	-1.1414707164184219e+00
3.5694367293127209e+00	-1.1414702519084001e+00
3.5674247440172144e+00	-1.1413283149647855e+00
3.5674166867816770e+00	-1.1413277156362562e+00
3.5663918139166535e+00	-1.1412554152459999e+00
3.5621237675715651e+00	-1.1409486698610334e+00
3.5617170942832401e+00	-1.1409184861027584e+00
3.5615029167883860e+00	-1.1409022964596420e+00
3.5613802421512264e+00	-1.1408927833146905e+00
3.5604209785896739e+00	-1.1408115239878414e+00
3.5585691332717291e+00	-1.1406493471477279e+00
3.5529279107914680e+00	-1.1401491559043202e+00
3.5516380452825502e+00	-1.1400342800603305e+00
3.5516250784607117e+00	-1.1400332010363274e+00
3.5506453089816365e+00	-1.1399459424461520e+00
3.5506406443058149e+00	-1.1399455564045486e+00
3.5476719278161650e+00	-1.1396811615432572e+00
3.5476646336277478e+00	-1.1396805697622017e+00
3.5473379138308698e+00	-1.1396514719902595e+00
3.5473375719038716e+00	-1.1396515680853572e+00
3.5463751339832346e+00	-1.1395658530494432e+00
3.5463550599922402e+00	-1.1395642367869478e+00
3.5462757707997681e+00	-1.1395571752597393e+00
3.5456007434872272e+00	-1.1395028860413352e+00
3.5456000187780843e+00	-1.1395028218750749e+00
3.5455778650010461e+00	-1.1395010401527390e+00
3.5455699513695205e+00	-1.1395003474078769e+00
3.5455698705559735e+00	-1.1395003971977555e+00
3.5454225524475449e+00	-1.1394885491068489e+00
3.5453986404936231e+00	-1.1394864322966720e+00
3.5451067275920720e+00	-1.1394629442932505e+00
3.5451049914811947e+00	-1.1394627916678275e+00
3.5447568485924350e+00	-1.1394347922002910e+00
3.5441295626856419e+00	-1.1393843192905748e+00
3.5441211583044883e+00	-1.1393835929491263e+00
3.5437568919595299e+00	-1.1393542967491188e+00
3.5401486514323897e+00	-1.1390638319816249e+00
3.5256251309210307e+00	-1.1378900643464205e+00
3.5243626504011347e+00	-1.1377880326955427e+00
3.5240111338330333e+00	-1.1377599248352446e+00
3.5229823232809556e+00	-1.1376748521556870e+00
3.5214854964947087e+00	-1.1375510790613286e+00
3.5202955176200041e+00	-1.1374380590941890e+00
3.5127626686530595e+00	-1.1367093428194708e+00
3.5123830272431587e+00	-1.1366723134105401e+00
3.5123759406083277e+00	-1.1366717530642767e+00
3.5118332304805699e+00	-1.1366188182823285e+00
3.5117935098488684e+00	-1.1366156652802650e+00
3.5116053852766465e+00	-1.1365973229611799e+00
3.5115166241635620e+00	-1.1365903773241544e+00
3.5114944276759483e+00	-1.1365882197909600e+00
3.5110898106784303e+00	-1.1365565581465595e+00
3.5110894109447233e+00	-1.1365563659006404e+00
3.5051565454933820e+00	-1.1360921138367155e+00
3.5051448526460312e+00	-1.1360910688989603e+00
3.5050821496521061e+00	-1.1360862922951445e+00
3.5041689801823996e+00	-1.1360148359618598e+00
3.5041494231190216e+00	-1.1360132194370782e+00
3.5041145578376831e+00	-1.1360105773643800e+00
3.5033815878394599e+00	-1.1359532218020030e+00
3.5033623518139216e+00	-1.1359515227262198e+00
3.5032895240699564e+00	-1.1359460177291387e+00
3.5031143205932733e+00	-1.1359323078993231e+00
3.5031137901959011e+00	-1.1359320860888922e+00
3.5031118534376189e+00	-1.1359321148421715e+00
3.4994862534941111e+00	-1.1356484083818541e+00
3.4994575263556382e+00	-1.1356459975606503e+00
3.4994154429976887e+00	-1.1356428673967465e+00
3.4975829910371714e+00	-1.1354994763807711e+00
3.4975596898847741e+00	-1.1354975658852142e+00
3.4975405138876359e+00	-1.1354961525055707e+00
3.4963627048995072e+00	-1.1354039878916700e+00
3.4963538520047726e+00	-1.1354032660120501e+00
3.4963479849973274e+00	-1.1354028360460695e+00
3.4955903202727363e+00	-1.1353435480991172e+00
3.4955535230629340e+00	-1.1353406108944817e+00
3.4955425086224809e+00	-1.1353398067944318e+00
3.4949066106765292e+00	-1.1352900472075551e+00
3.4948700201390235e+00	-1.1352873449314436e+00
3.4946260271709453e+00	-1.1352682522619835e+00
3.4943615881356802e+00	-1.1352473428418073e+00
3.4943177186053211e+00	-1.1352441573585887e+00
3.4938322801013562e+00	-1.1352061713501491e+00
3.4929440957382165e+00	-1.1351418396190303e+00
3.4929272454185467e+00	-1.1351405261712431e+00
3.4821113201050138e+00	-1.1343545161430644e+00
3.4794461379482930e+00	-1.1341598057787141e+00
3.4756214322944476e+00	-1.1338776003607485e+00
3.4756197035925620e+00	-1.1338774709609785e+00
3.4753533985513894e+00	-1.1338568203798154e+00
3.4739696500557060e+00	-1.1337489203696469e+00
3.4644936955235917e+00	-1.1329970535271991e+00
3.4580094117362341e+00	-1.1324736778275295e+00
3.4578307226614355e+00	-1.1324588996070621e+00
3.4578005607500200e+00	-1.1324562463612173e+00
3.4577938980135885e+00	-1.1324556000396122e+00
3.4573736709768048e+00	-1.1324113308105359e+00
3.4528131684040608e+00	-1.1319220714650564e+00
3.4510480430592936e+00	-1.1317312342259322e+00
3.4505667032342004e+00	-1.1316789210213687e+00
3.4505666217258706e+00	-1.1316789257341502e+00
3.4497883228351971e+00	-1.1315943382827138e+00
3.4497881171059417e+00	-1.1315943333823053e+00
3.4460608267327895e+00	-1.1311892422313266e+00
3.4460529948765930e+00	-1.1311884669969545e+00
3.4437885956850711e+00	-1.1309423664834619e+00
3.4437860760676662e+00	-1.1309421240318061e+00
3.4416574100131734e+00	-1.1307107753318832e+00
3.4416555824123463e+00	-1.1307106035076695e+00
3.4393926585312253e+00	-1.1304646633345659e+00
3.4393925500347717e+00	-1.1304647578926230e+00
3.4387126330478810e+00	-1.1303908626983452e+00
3.4385823858425861e+00	-1.1303790109806802e+00
3.4385780514700479e+00	-1.1303785405423565e+00
3.4362971887973393e+00	-1.1301709956636123e+00
3.4362912311816087e+00	-1.1301703650259274e+00
3.4346631495315787e+00	-1.1300222193209342e+00
3.4346599143278902e+00	-1.1300218810948506e+00
3.4342537849749526e+00	-1.1299849695915736e+00
3.4330820343253730e+00	-1.1298783472817804e+00
3.4329407143583173e+00	-1.1298655670318694e+00
3.4298140807972985e+00	-1.1295810620544047e+00
3.4297945788326922e+00	-1.1295791316572030e+00
3.4297612632242149e+00	-1.1295762559707538e+00
3.4287859752711980e+00	-1.1294875105928004e+00
3.4287335273792943e+00	-1.1294827463232762e+00
3.4284652685561441e+00	-1.1294583363727830e+00
3.4266428644622122e+00	-1.1292925084861576e+00
3.4266260068082888e+00	-1.1292908863485667e+00
3.4266132549712327e+00	-1.1292898141993475e+00
3.4244407691656185e+00	-1.1290921309681321e+00
3.4244219553284432e+00	-1.1290903621613262e+00
3.4244156682489337e+00	-1.1290898469346511e+00
3.4240999746231253e+00	-1.1290611207004624e+00
3.4240996452938970e+00	-1.1290610897944553e+00
3.4240995545595805e+00	-1.1290610824771889e+00
3.4228064027418323e+00	-1.1289434133862684e+00
3.4227923869439496e+00	-1.1289422466830261e+00
3.4225886258065250e+00	-1.1289237063647142e+00
3.4224522410312113e+00	-1.1289116021130883e+00
3.4223734833840238e+00	-1.1289044421191898e+00
3.4221068932514389e+00	-1.1288802059492318e+00
3.4220162704090784e+00	-1.1288719672699221e+00
3.4219279835768694e+00	-1.1288638564629192e+00
3.4203769769863075e+00	-1.1287232516946670e+00
3.4201270817227969e+00	-1.1287005582693928e+00
3.4201231369894343e+00	-1.1287002401135748e+00
3.4196977395211570e+00	-1.1286616761817345e+00
3.4196624120790751e+00	-1.1286584655152452e+00
3.4196616580041170e+00	-1.1286584052521509e+00
3.4195625855746519e+00	-1.1286494239518328e+00
3.4190987853346368e+00	-1.1286072678985855e+00
3.4190863309007971e+00	-1.1286062496168856e+00
3.4190856402602594e+00	-1.1286061870076398e+00
3.4189220695937790e+00	-1.1285913239646714e+00
3.4189188104948363e+00	-1.1285910632417915e+00
3.4187374736325116e+00	-1.1285746243512942e+00
3.4178718273218625e+00	-1.1284960777416706e+00
3.4171365898084685e+00	-1.1284292548890777e+00
3.4171188679383833e+00	-1.1284279055469357e+00
3.4163604012923954e+00	-1.1283591476012023e+00
3.4163466690659341e+00	-1.1283581347412952e+00
3.4162316432137088e+00	-1.1283477072012746e+00
3.4158326497902971e+00	-1.1283183694870866e+00
3.4158277928743379e+00	-1.1283179352263824e+00
3.4158261764446531e+00	-1.1283178163763561e+00
3.4158035568640668e+00	-1.1283157707779965e+00
3.4114482850141874e+00	-1.1279955439354870e+00
3.4114422880604618e+00	-1.1279950262994793e+00
3.4105737938490925e+00	-1.1279311691698601e+00
3.4105736096553398e+00	-1.1279311382233794e+00
3.4102100340686436e+00	-1.1279044058709216e+00
3.4078554942080985e+00	-1.1277291884750849e+00
3.4048551164002028e+00	-1.1275016960210726e+00
3.4048519126554053e+00	-1.1275014480267296e+00
3.4038499101193560e+00	-1.1274027901366341e+00
3.3993248966994329e+00	-1.1269533353897088e+00
3.3932409608896994e+00	-1.1263393741264809e+00
3.3927358222781190e+00	-1.1262878969070540e+00
3.3914677262337265e+00	-1.1261558996312113e+00
3.3876778747031366e+00	-1.1257585629857885e+00
3.3874667534078275e+00	-1.1257362457699920e+00
3.3873245503487519e+00	-1.1257211681643822e+00
3.3873005965378877e+00	-1.1257187901199397e+00
3.3870975185790448e+00	-1.1256972259388403e+00
3.3870811721999958e+00	-1.1256956080525553e+00
3.3869697349424639e+00	-1.1256837657207206e+00
3.3855910894188281e+00	-1.1255474995536983e+00
3.3855704791860290e+00	-1.1255453738738526e+00
3.3855034052258199e+00	-1.1255388327944154e+00
3.3837670473997199e+00	-1.1253672101245662e+00
3.3837634551927112e+00	-1.1253668414400009e+00
3.3835778912410395e+00	-1.1253485001854882e+00
3.3835548198866379e+00	-1.1253461471481563e+00
3.3835286132711953e+00	-1.1253436295208001e+00
3.3826411163726515e+00	-1.1252559087843705e+00
3.3826273530023956e+00	-1.1252545181686480e+00
3.3826173896388028e+00	-1.1252535636194807e+00
3.3824148574066371e+00	-1.1252335452097426e+00
3.3823701422343300e+00	-1.1252290433698788e+00
3.3817509288822394e+00	-1.1251678399433185e+00
3.3816105141751120e+00	-1.1251539000981798e+00
3.3815042726459175e+00	-1.1251433373344868e+00
3.3814671808733299e+00	-1.1251397941165187e+00
3.3799067111906056e+00	-1.1249855563383706e+00
3.3799042910991730e+00	-1.1249851301863394e+00
3.3798551225781992e+00	-1.1249804572883579e+00
3.3762100694112931e+00	-1.1246201780032687e+00
3.3761929474812726e+00	-1.1246185678261058e+00
3.3760996306253173e+00	-1.1246093443309713e+00
3.3760707676935229e+00	-1.1246064175176429e+00
3.3760555736208944e+00	-1.1246049897096997e+00
3.3751694507190955e+00	-1.1245174047799489e+00
3.3751636648997918e+00	-1.1245168629987821e+00
3.3749813948623646e+00	-1.1244988473167685e+00
3.3747170486924132e+00	-1.1244724509719908e+00
3.3746136104670987e+00	-1.1244628283083407e+00
3.3743334446034776e+00	-1.1244346109941077e+00
3.3725942151430823e+00	-1.1242728994190263e+00
3.3683799582520568e+00	-1.1238797384604842e+00
3.3631969205528014e+00	-1.1233958856023794e+00
3.3609844172875185e+00	-1.1231889240966852e+00
3.3609673912838924e+00	-1.1231874191588369e+00
3.3609638256860066e+00	-1.1231870842335530e+00
3.3605209848242734e+00	-1.1231452398160782e+00
3.3605086445051930e+00	-1.1231441912075766e+00
3.3604542088465079e+00	-1.1231390531984229e+00
3.3604077015035627e+00	-1.1231348461361261e+00
3.3602413194345360e+00	-1.1231192174635989e+00
3.3602232978825262e+00	-1.1231175888395226e+00
3.3599484035281169e+00	-1.1230916086033691e+00
3.3598500431860487e+00	-1.1230832890037366e+00
3.3597988950689111e+00	-1.1230786692443873e+00
3.3596091769524286e+00	-1.1230609584619811e+00
3.3593403615990445e+00	-1.1230367041528575e+00
3.3592753178200412e+00	-1.1230306315815692e+00
3.3592424756357335e+00	-1.1230278722301898e+00
3.3592090341203633e+00	-1.1230248549142474e+00
3.3591530205337654e+00	-1.1230195804686247e+00
3.3591160253536834e+00	-1.1230164630446988e+00
3.3589228966289144e+00	-1.1229990376866150e+00
3.3588617987941789e+00	-1.1229933670988810e+00
3.3588276591247506e+00	-1.1229904447255468e+00
3.3587706836780455e+00	-1.1229853040217908e+00
3.3586963563208361e+00	-1.1229784454308691e+00
3.3586725356162397e+00	-1.1229764484508535e+00
3.3583849203559413e+00	-1.1229504978890865e+00
3.3582655479436871e+00	-1.1229394920184352e+00
3.3578497956096389e+00	-1.1229019800776110e+00
3.3578177538359570e+00	-1.1228990008699742e+00
3.3578065166622895e+00	-1.1228980751631248e+00
3.3573707439211744e+00	-1.1228587568480153e+00
3.3573122035782568e+00	-1.1228533109499623e+00
3.3572896336200717e+00	-1.1228514385371702e+00
3.3539434318300212e+00	-1.1225495219554584e+00
3.3539429909633109e+00	-1.1225494812385814e+00
3.3539426542110538e+00	-1.1225494517935031e+00
3.3535608209914645e+00	-1.1225150002607878e+00
3.3535557848765492e+00	-1.1225145376942198e+00
3.3535546638620546e+00	-1.1225144447236202e+00
3.3528288618799165e+00	-1.1224489580413470e+00
3.3528160752693070e+00	-1.1224479348772536e+00
3.3528005067054441e+00	-1.1224464974356818e+00
3.3527840507715521e+00	-1.1224452093706745e+00
3.3519215899133927e+00	-1.1223671910120878e+00
3.3519060632399027e+00	-1.1223659527662986e+00
3.3518974466958982e+00	-1.1223651740813656e+00
3.3518878063245312e+00	-1.1223644081664497e+00
3.3517399986138043e+00	-1.1223510719716911e+00
3.3517171351378625e+00	-1.1223492555364885e+00
3.3514749830668191e+00	-1.1223271340969110e+00
3.3514457773326232e+00	-1.1223248497881515e+00
3.3513482163142290e+00	-1.1223171337165498e+00
3.3513368608388152e+00	-1.1223161128440065e+00
3.3512162290407850e+00	-1.1223066948827907e+00
3.3510814096581294e+00	-1.1222960320583657e+00
3.3510720797841302e+00	-1.1222951952962195e+00
3.3507541044287712e+00	-1.1222700467210007e+00
3.3507326016089785e+00	-1.1222680921897028e+00
3.3506514221700665e+00	-1.1222616717322953e+00
3.3506506984639413e+00	-1.1222616084525903e+00
3.3506468272055825e+00	-1.1222613083179362e+00
3.3494846389404995e+00	-1.1221693911975992e+00
3.3494843014686384e+00	-1.1221693607337395e+00
3.3475306318139131e+00	-1.1220148455883474e+00
3.3475281614265042e+00	-1.1220146407083926e+00
3.3475237480066808e+00	-1.1220143011501038e+00
3.3470531891865845e+00	-1.1219770847945512e+00
3.3470388988990045e+00	-1.1219758223408660e+00
3.3468045617071440e+00	-1.1219574209219811e+00
3.3454435131794606e+00	-1.1218497760032857e+00
3.3454325950817463e+00	-1.1218488240529143e+00
3.3453809655907416e+00	-1.1218448291333061e+00
3.3450570111042044e+00	-1.1218192076704008e+00
3.3450328148929165e+00	-1.1218171114124493e+00
3.3449651379688898e+00	-1.1218118955330965e+00
3.3449450928238864e+00	-1.1218101599664017e+00
3.3448495682705821e+00	-1.1218028010790817e+00
3.3425142000665264e+00	-1.1216180975102255e+00
3.3425024535015893e+00	-1.1216172108188271e+00
3.3424408044187750e+00	-1.1216123350114093e+00
3.3424102717913424e+00	-1.1216100370604951e+00
3.3422484331505879e+00	-1.1215972372910736e+00
3.3422329290492487e+00	-1.1215960722600609e+00
3.3419041331980384e+00	-1.1215700797865780e+00
3.3417885508345400e+00	-1.1215614194807371e+00
3.3417835022252125e+00	-1.1215609953041055e+00
3.3412795269783961e+00	-1.1215232336626093e+00
3.3412552313500212e+00	-1.1215212180875254e+00
3.3394132134824366e+00	-1.1213832001614772e+00
3.3394114647895701e+00	-1.1213830675915812e+00
3.3360706446367216e+00	-1.1211283286665665e+00
3.3341674981625697e+00	-1.1209826083784862e+00
3.3338534770098973e+00	-1.1209581052614355e+00
3.3337602052270028e+00	-1.1209507840638506e+00
3.3336842334870638e+00	-1.1209432630214919e+00
3.3331592477785379e+00	-1.1208902861630858e+00
3.3297834043772023e+00	-1.1205475723065408e+00
3.3275272641077880e+00	-1.1203176392894589e+00
3.3271757011804062e+00	-1.1202814145096811e+00
3.3271743690965843e+00	-1.1202812908160589e+00
3.3270319066861442e+00	-1.1202666115963720e+00
3.3270170585346284e+00	-1.1202652646361888e+00
3.3266754752076175e+00	-1.1202300681469319e+00
3.3261030436496872e+00	-1.1201712358906837e+00
3.3259497169618109e+00	-1.1201554775788543e+00
3.3256858525264441e+00	-1.1201283586336088e+00
3.3256241366055277e+00	-1.1201220157148377e+00
3.3253264964116243e+00	-1.1200914254304362e+00
3.3252768372519381e+00	-1.1200863216579986e+00
3.3247653581791026e+00	-1.1200337538576008e+00
3.3247573659807044e+00	-1.1200329798985318e+00
3.3231427516619183e+00	-1.1198668737207653e+00
3.3231335385760619e+00	-1.1198660842222479e+00
3.3214969790931841e+00	-1.1196978548221823e+00
3.3214890932947965e+00	-1.1196972028866552e+00
3.3187210262222968e+00	-1.1194127777144542e+00
3.3180271768741201e+00	-1.1193414303106541e+00
3.3180243570586487e+00	-1.1193411933772084e+00
3.3158813825216709e+00	-1.1191209978813126e+00
3.3157096440582259e+00	-1.1191084652150574e+00
3.3157085307060559e+00	-1.1191083512193889e+00
3.3157084448376950e+00	-1.1191083777015767e+00
3.3136840241402457e+00	-1.1189606449895646e+00
3.3136827016762291e+00	-1.1189605169230468e+00
3.3129570979117520e+00	-1.1189075657691154e+00
3.3129517038987477e+00	-1.1189070399613574e+00
3.3102571234229230e+00	-1.1187104021370504e+00
3.3102539118535264e+00	-1.1187101039195921e+00
3.3100753773208931e+00	-1.1186970753081347e+00
3.3066834488303956e+00	-1.1184477820964267e+00
3.3057329211213915e+00	-1.1183777781641893e+00
3.3053392088213562e+00	-1.1183483346165626e+00
3.3046872463211523e+00	-1.1182987012410688e+00
3.3039689049265260e+00	-1.1182428313823876e+00
3.3038950306886838e+00	-1.1182368203545912e+00
3.2996419230120737e+00	-1.1178723219370748e+00
3.2982176277456103e+00	-1.1177470321545073e+00
3.2981042015934743e+00	-1.1177368592770616e+00
3.2963965618492588e+00	-1.1175601697516730e+00
3.2927426951261749e+00	-1.1171806621644118e+00
3.2927392630208980e+00	-1.1171803138825989e+00
3.2904946258056929e+00	-1.1169436607398135e+00
3.2904915326311728e+00	-1.1169433520777374e+00
3.2892933514685168e+00	-1.1168170272819762e+00
3.2892885165108359e+00	-1.1168165505465846e+00
3.2861577364505821e+00	-1.1164864709526039e+00
3.2861277535201019e+00	-1.1164834401222929e+00
3.2841834271446362e+00	-1.1162784488906419e+00
3.2841832105183490e+00	-1.1162784283257985e+00
3.2814898488873081e+00	-1.1159944659597083e+00
3.2814855783168295e+00	-1.1159940194938953e+00
3.2806850127605078e+00	-1.1159096154959460e+00
3.2806754618000027e+00	-1.1159087156714511e+00
3.2804783870278822e+00	-1.1158879379868123e+00
3.2804773324553991e+00	-1.1158878409080137e+00
3.2798703928451194e+00	-1.1158238509833700e+00
3.2797751317974186e+00	-1.1158152012541449e+00
3.2795347365061218e+00	-1.1157900691834568e+00
3.2772837003851176e+00	-1.1155877255661943e+00
3.2772829304288416e+00	-1.1155876468491497e+00
3.2771299640937150e+00	-1.1155738968425282e+00
3.2771189912785106e+00	-1.1155727876533867e+00
3.2767288992507120e+00	-1.1155377226310028e+00
3.2753832626148749e+00	-1.1154161820047741e+00
3.2648854727754948e+00	-1.1144641776722441e+00
3.2646030891335824e+00	-1.1144380200146560e+00
3.2643315371518877e+00	-1.1144127419550867e+00
3.2642315046540373e+00	-1.1144033403810187e+00
3.2629350209089392e+00	-1.1142805709626311e+00
3.2590753917986084e+00	-1.1139096474302657e+00
3.2573691128212712e+00	-1.1137443998381824e+00
3.2489866920645345e+00	-1.1129309744845468e+00
3.2485370298714198e+00	-1.1128865055672044e+00
3.2485076124560743e+00	-1.1128835507596089e+00
3.2468890134072392e+00	-1.1127172190418890e+00
3.2398771160098350e+00	-1.1119866293266376e+00
3.2350531081938492e+00	-1.1114798718097116e+00
3.2334982810258386e+00	-1.1113163374011732e+00
3.2334969667919462e+00	-1.1113162286135767e+00
3.2325560223382497e+00	-1.1112172614757052e+00
3.2325536288993875e+00	-1.1112170676688791e+00
3.2311624922423334e+00	-1.1110707499847736e+00
3.2311490418854940e+00	-1.1110696541552647e+00
3.2310131313983153e+00	-1.1110553592411212e+00
3.2309507677571050e+00	-1.1110503661460338e+00
3.2309485947982948e+00	-1.1110501379558937e+00
3.2303687502545428e+00	-1.1110034833919837e+00
3.2303687398657588e+00	-1.1110034823103276e+00
3.2303605630444983e+00	-1.1110026309585956e+00
3.2293739498868357e+00	-1.1109232476012554e+00
3.2293677709208697e+00	-1.1109226445648408e+00
3.2255419212137513e+00	-1.1106148149032640e+00
3.2255395984941981e+00	-1.1106146061082969e+00
3.2255300687104089e+00	-1.1106138612452869e+00
3.2245914560884703e+00	-1.1105383400335609e+00
3.2245603713142250e+00	-1.1105359111943665e+00
3.2245553075595277e+00	-1.1105354447784814e+00
3.2245220747135090e+00	-1.1105328634495100e+00
3.2245077190574669e+00	-1.1105317083866928e+00
3.2244864278239436e+00	-1.1105300450894495e+00
3.2244171170834672e+00	-1.1105244683147673e+00
3.2244096593872777e+00	-1.1105238336345402e+00
3.2243969497264802e+00	-1.1105228456397667e+00
3.2242895085352492e+00	-1.1105142008711353e+00
3.2242778405408163e+00	-1.1105131582238061e+00
3.2242355284816520e+00	-1.1105098576107089e+00
3.2241996457936906e+00	-1.1105069704728081e+00
3.2241813393576528e+00	-1.1105052190943552e+00
3.2240736748033392e+00	-1.1104968347878501e+00
3.2239241803527290e+00	-1.1104848063942481e+00
3.2239102570068163e+00	-1.1104835386040235e+00
3.2238515371430903e+00	-1.1104789614875343e+00
3.2237156514820295e+00	-1.1104680280635215e+00
3.2237111987427074e+00	-1.1104676097517763e+00
3.2236900284218257e+00	-1.1104659664200816e+00
3.2236086046176937e+00	-1.1104594150226172e+00
3.2236073644091601e+00	-1.1104592989889568e+00
3.2236016354028214e+00	-1.1104588542763203e+00
3.2228065756380078e+00	-1.1103948833947981e+00
3.2227885475742624e+00	-1.1103931982169011e+00
3.2226560759644434e+00	-1.1103829847292048e+00
3.2226472770862693e+00	-1.1103822767673408e+00
3.2225515263719200e+00	-1.1103749027740246e+00
3.2225063542092638e+00	-1.1103712704322417e+00
3.2224928751476702e+00	-1.1103702327875808e+00
3.2224918823878901e+00	-1.1103701451972476e+00
3.2224203603737598e+00	-1.1103646392919904e+00
3.2224151917499850e+00	-1.1103641591234381e+00
3.2223899196549723e+00	-1.1103622136278801e+00
3.2223670631326025e+00	-1.1103601986329450e+00
3.2222529084585005e+00	-1.1103514107817090e+00
3.2222369344758297e+00	-1.1103499373510539e+00
3.2190469473314725e+00	-1.1101043658692920e+00
3.2134613661450508e+00	-1.1096657983072240e+00
3.2134309788798716e+00	-1.1096630239580332e+00
3.2134215166529110e+00	-1.1096621295650904e+00
3.2131969642733611e+00	-1.1096387349412036e+00
3.2098728650464303e+00	-1.1092846204975269e+00
3.2064830852145745e+00	-1.1089178443298047e+00
3.2058759222262583e+00	-1.1088514020953169e+00
3.2050061676541457e+00	-1.1087556153372449e+00
3.2043169465708785e+00	-1.1086793517408220e+00
3.2030220981284439e+00	-1.1085337341273866e+00
3.1993890995070244e+00	-1.1081215704130833e+00
3.1982158705086783e+00	-1.1079867337467617e+00
3.1982127123850015e+00	-1.1079864002632474e+00
3.1973534452967107e+00	-1.1078876465588741e+00
3.1972861550008331e+00	-1.1078804900574599e+00
3.1972591811030098e+00	-1.1078773924032173e+00
3.1969406956690545e+00	-1.1078435624903933e+00
3.1969272474221402e+00	-1.1078420259676593e+00
3.1968339895474926e+00	-1.1078321200020071e+00
3.1968258661690352e+00	-1.1078311950655126e+00
3.1950522923761588e+00	-1.1076428038852486e+00
3.1950321185704404e+00	-1.1076405362350008e+00
3.1940210113669236e+00	-1.1075331351896036e+00
3.1885071348720975e+00	-1.1069403358168137e+00
3.1884795692778285e+00	-1.1069445164246432e+00
3.1872821580605808e+00	-1.1068173259387526e+00
3.1872783291431421e+00	-1.1068169056586923e+00
3.1872773261964724e+00	-1.1068168126922298e+00
3.1853306364215008e+00	-1.1066100329203434e+00
3.1853185787448535e+00	-1.1066089338476799e+00
3.1823900925007909e+00	-1.1062978664525021e+00
3.1823695858557679e+00	-1.1062960559848600e+00
3.1821859896014542e+00	-1.1062765541437416e+00
3.1821417702995078e+00	-1.1062726878601390e+00
3.1821417100921678e+00	-1.1062726814797554e+00
3.1820335567056306e+00	-1.1062632251643787e+00
3.1820302721133213e+00	-1.1062628777991628e+00
3.1818183505196731e+00	-1.1062443485834921e+00
3.1817998593654817e+00	-1.1062423942604585e+00
3.1814919088376410e+00	-1.1062154688223846e+00
3.1814849997302104e+00	-1.1062147308642076e+00
3.1774304314438813e+00	-1.1058602225343297e+00
3.1648494509457259e+00	-1.1047531341530965e+00
3.1645390503943820e+00	-1.1047245707909570e+00
3.1644754637023293e+00	-1.1047184862066157e+00
3.1539681842861444e+00	-1.1035105889430292e+00
3.1521677461705111e+00	-1.1033020599094954e+00
3.1521596218582602e+00	-1.1033012260072328e+00
3.1491679921997151e+00	-1.1029547316534580e+00
3.1491371011189702e+00	-1.1029513464141538e+00
3.1489268119369274e+00	-1.1029269904512962e+00
3.1488937927160148e+00	-1.1029236654443197e+00
3.1487709841260032e+00	-1.1029094767225176e+00
3.1486949216256499e+00	-1.1029016687006907e+00
3.1485572303465341e+00	-1.1028857558932001e+00
3.1485191304901643e+00	-1.1028819638089675e+00
3.1484296901188236e+00	-1.1028716197690935e+00
3.1484151216254945e+00	-1.1028701683133681e+00
3.1482362717257959e+00	-1.1028495553621211e+00
3.1482065204421290e+00	-1.1028466107964676e+00
3.1481552541945605e+00	-1.1028407004784082e+00
3.1481420650841696e+00	-1.1028393943200203e+00
3.1481014059361438e+00	-1.1028347527941240e+00
3.1480965048654346e+00	-1.1028342668504856e+00
3.1480639956254066e+00	-1.1028305214934930e+00
3.1480560210071742e+00	-1.1028297304668591e+00
3.1480387512599082e+00	-1.1028277471764030e+00
3.1479981524007425e+00	-1.1028235815584948e+00
3.1479708711095182e+00	-1.1028204448438419e+00
3.1478843603627618e+00	-1.1028118905241666e+00
3.1475777444638635e+00	-1.1027765200229269e+00
3.1475097745411418e+00	-1.1027694192959363e+00
3.1473727331087167e+00	-1.1027536249475260e+00
3.1473720989450507e+00	-1.1027535618010780e+00
3.1472681384338981e+00	-1.1027415737156883e+00
3.1472029649511679e+00	-1.1027350555527007e+00
3.1469770713034322e+00	-1.1027091049569744e+00
3.1469455739126202e+00	-1.1027060044933064e+00
3.1469169544844435e+00	-1.1027027273715206e+00
3.1468784571784818e+00	-1.1026989671409109e+00
3.1466676166489180e+00	-1.1026748512356550e+00
3.1466609534398504e+00	-1.1026742022202773e+00
3.1466011352918382e+00	-1.1026673634316062e+00
3.1465558481646796e+00	-1.1026629568513104e+00
3.1464906209204986e+00	-1.1026554747338322e+00
3.1464258551116306e+00	-1.1026491812388250e+00
3.1464098157024152e+00	-1.1026473518259396e+00
3.1463188938693709e+00	-1.1026385166687431e+00
3.1463076006504149e+00	-1.1026372205395285e+00
3.1461464206468004e+00	-1.1026215581774623e+00
3.1461176498247458e+00	-1.1026183014974529e+00
3.1425771744438671e+00	-1.1022742624972148e+00
3.1407092856413090e+00	-1.1020921692823975e+00
3.1357050637103305e+00	-1.1016034572203339e+00
3.1353728257266811e+00	-1.1015708278104990e+00
3.1344083025299523e+00	-1.1014754730194924e+00
3.1328091246618257e+00	-1.1013165023075189e+00
3.1326104010628950e+00	-1.1012965944591093e+00
3.1256604623171542e+00	-1.1005746810158012e+00
3.1226088750465499e+00	-1.1002543212512554e+00
3.1207075679375618e+00	-1.1000519818961845e+00
3.1199674506515978e+00	-1.0999723454281065e+00
3.1179535620230427e+00	-1.0997538514502778e+00
3.1174409583975207e+00	-1.0997069200895340e+00
3.1089222615011560e+00	-1.0989189822870884e+00
3.1083425752150426e+00	-1.0988646058445950e+00
3.1075195304180534e+00	-1.0987870874649621e+00
3.1014408158875599e+00	-1.0982085425935140e+00
3.1009422213272733e+00	-1.0981605599042801e+00
3.1008756624728884e+00	-1.0981544171049031e+00
3.1004255957641651e+00	-1.0981111045364573e+00
3.1003681593642125e+00	-1.0981058277828581e+00
3.1003213716204518e+00	-1.0981013259938637e+00
3.1001193714505884e+00	-1.0980827731860314e+00
3.1001179506745364e+00	-1.0980824163200367e+00
3.0996546783605479e+00	-1.0980398668398987e+00
3.0996162025364700e+00	-1.0980361841750654e+00
3.0989926620611818e+00	-1.0979789147845422e+00
3.0989568203747386e+00	-1.0979755286391952e+00
3.0986288396410071e+00	-1.0979454050827164e+00
3.0986244784176553e+00	-1.0979449909753034e+00
3.0968331210923399e+00	-1.0977804628551637e+00
3.0850067099865899e+00	-1.0966861257903626e+00
3.0845157995982628e+00	-1.0966404183454481e+00
3.0843320377632137e+00	-1.0966232450172098e+00
3.0843265652520118e+00	-1.0966227011878407e+00
3.0840311881082028e+00	-1.0965928137151788e+00
3.0825306882929584e+00	-1.0964403900679756e+00
3.0778618980105019e+00	-1.0959574385360298e+00
3.0763567399877703e+00	-1.0957991937767326e+00
3.0705024247968158e+00	-1.0951776966057882e+00
3.0684505603312813e+00	-1.0949584764878819e+00
3.0682131960491601e+00	-1.0949330460183109e+00
3.0672262139732336e+00	-1.0948268819469968e+00
3.0664911565137025e+00	-1.0947478159796842e+00
3.0664529811522105e+00	-1.0947437096722863e+00
3.0493683420635471e+00	-1.0929678613232592e+00
3.0482190668535840e+00	-1.0928479717968875e+00
3.0481675866618425e+00	-1.0928427514973329e+00
3.0481603336532155e+00	-1.0928419925062423e+00
3.0480416816392686e+00	-1.0928299627283899e+00
3.0479461578788056e+00	-1.0928200335919633e+00
3.0461223062681473e+00	-1.0926351186547287e+00
3.0461016512070156e+00	-1.0926329740506679e+00
3.0455960819254670e+00	-1.0925817158718671e+00
3.0455902648240305e+00	-1.0925811125320770e+00
3.0429642656602933e+00	-1.0923148702195429e+00
3.0362955754081935e+00	-1.0916308897812155e+00
3.0356929143275533e+00	-1.0915686124717956e+00
3.0356695680775023e+00	-1.0915661713432614e+00
3.0285443674395722e+00	-1.0908084552025452e+00
3.0268463615886234e+00	-1.0906262963295787e+00
3.0249230805661980e+00	-1.0904189218650453e+00
3.0229521909047716e+00	-1.0902031467548774e+00
3.0222949812881534e+00	-1.0901293075961971e+00
3.0222148063871850e+00	-1.0901191074104124e+00
3.0215524924037864e+00	-1.0900250434713965e+00
3.0206632528316533e+00	-1.0898950203439464e+00
3.0162631068276893e+00	-1.0892321546091395e+00
3.0125289899921417e+00	-1.0886631445445010e+00
3.0121777657033442e+00	-1.0886095233084729e+00
3.0107848060574427e+00	-1.0883964492520237e+00
3.0066325538782546e+00	-1.0877602153740908e+00
3.0065776274249441e+00	-1.0877517735006013e+00
3.0065771853178260e+00	-1.0877517231116838e+00
3.0057992323060434e+00	-1.0876321562998761e+00
3.0057973839953456e+00	-1.0876319410240907e+00
3.0042771900641299e+00	-1.0873982933802704e+00
2.9990402456022607e+00	-1.0868449260070967e+00
2.9990332189570950e+00	-1.0868441076021829e+00
2.9932803588768064e+00	-1.0862362245725825e+00
2.9932783637991411e+00	-1.0862359971846940e+00
2.9932769749033201e+00	-1.0862358670008656e+00
2.9928843064311823e+00	-1.0861943752042393e+00
2.9928826766608578e+00	-1.0861941729103706e+00
2.9928804757722736e+00	-1.0861939704329584e+00
2.9881331489486427e+00	-1.0856923383105399e+00
2.9821443053714516e+00	-1.0851747105799754e+00
2.9797236818192419e+00	-1.0849654912441000e+00
2.9797212953085106e+00	-1.0849652675519421e+00
2.9764722618769999e+00	-1.0846844470930330e+00
2.9764698288744209e+00	-1.0846842232615910e+00
2.9737689159134271e+00	-1.0844507779514185e+00
2.9708623778978933e+00	-1.0841968479584845e+00
2.9696386710279197e+00	-1.0840892999545644e+00
2.9693867468698754e+00	-1.0840667105552302e+00
2.9685649664331302e+00	-1.0839928140899036e+00
2.9684538495765942e+00	-1.0839822388722682e+00
2.9683090931317344e+00	-1.0839658231258369e+00
2.9578420537900612e+00	-1.0827533888123984e+00
2.9542274241592659e+00	-1.0823317599349938e+00
2.9542248107403544e+00	-1.0823314725666819e+00
2.9536179690586173e+00	-1.0822606874508700e+00
2.9536068984754866e+00	-1.0822594721399339e+00
2.9525603089644665e+00	-1.0821373925894109e+00
2.9525529188527351e+00	-1.0821365600475812e+00
2.9519129430842037e+00	-1.0820619100025106e+00
2.9519059951052200e+00	-1.0820611585005540e+00
2.9507665940751111e+00	-1.0819282529400103e+00
2.9507560859866198e+00	-1.0819271205568119e+00
2.9504676926840743e+00	-1.0818934808877938e+00
2.9504617054714921e+00	-1.0818928372077707e+00
2.9504589065395357e+00	-1.0818925107260398e+00
2.9504228564385033e+00	-1.0818886324090116e+00
2.9502545672240355e+00	-1.0818690077682229e+00
2.9500000188154902e+00	-1.0818417000464369e+00
2.9499829840683747e+00	-1.0818397179029247e+00
2.9494305909073737e+00	-1.0817804576669512e+00
2.9494268122648917e+00	-1.0817800186542950e+00
2.9494004060207826e+00	-1.0817771760150294e+00
2.9493838167765838e+00	-1.0817752780364138e+00
2.9490816919377330e+00	-1.0817428663584501e+00
2.9490193631529320e+00	-1.0817361566480379e+00
2.9490189412051970e+00	-1.0817361077169712e+00
2.9490094894544177e+00	-1.0817350937417429e+00
2.9348798523904938e+00	-1.0802140345195808e+00
2.9340015379161040e+00	-1.0801185564650899e+00
2.9326054423307371e+00	-1.0799658082236683e+00
2.9314402304493923e+00	-1.0798336803904542e+00
2.9263003442641287e+00	-1.0792442799265791e+00
2.9170535596925409e+00	-1.0781781854695898e+00
2.9170259477822289e+00	-1.0781751260596437e+00
2.9167724451871582e+00	-1.0781458459171567e+00
2.9167442092930935e+00	-1.0781427284305618e+00
2.9154227678404494e+00	-1.0779900988528999e+00
2.9153140597161573e+00	-1.0779783341425433e+00
2.9148342380247159e+00	-1.0779229536382502e+00
2.9148172309530183e+00	-1.0779217507692711e+00
2.9146435670654469e+00	-1.0779017276404337e+00
2.9146425662605684e+00	-1.0779021993891027e+00
2.9145402029057728e+00	-1.0778913667837973e+00
2.9144697987197041e+00	-1.0778832648329739e+00
2.9141717665995608e+00	-1.0778508492559478e+00
2.9141397038954633e+00	-1.0778471849730287e+00
2.9135995847969967e+00	-1.0777882563088270e+00
2.9135655868082737e+00	-1.0777843459047347e+00
2.9092228310319705e+00	-1.0773105378176324e+00
2.9091315489707328e+00	-1.0773004237312516e+00
2.9087816724931344e+00	-1.0772624060565661e+00
2.9078705323633258e+00	-1.0771629978502970e+00
2.9078512354225809e+00	-1.0771608673013597e+00
2.9078343539111149e+00	-1.0771590506692630e+00
2.9061125793930009e+00	-1.0769711997439817e+00
2.9059120706766812e+00	-1.0769502946283218e+00
2.9057961400195524e+00	-1.0769376565612521e+00
2.9051796889560260e+00	-1.0768693843170818e+00
2.9043963069707037e+00	-1.0767858910277395e+00
2.9043834215799622e+00	-1.0767844908976227e+00
2.9003395792469404e+00	-1.0763534959241718e+00
2.9003388812272832e+00	-1.0763534195951521e+00
2.9003386709035999e+00	-1.0763533991124314e+00
2.8972523191080337e+00	-1.0760244540150106e+00
2.8971824883885819e+00	-1.0760178211418077e+00
2.8970299208766854e+00	-1.0760015905355969e+00
2.8873759381531126e+00	-1.0750863456424811e+00
2.8872273428193256e+00	-1.0750722313097736e+00
2.8855620509757691e+00	-1.0749143534785195e+00
2.8855613028696934e+00	-1.0749142806229688e+00
2.8833426931491961e+00	-1.0747039455442098e+00
2.8806610956212721e+00	-1.0744405694367698e+00
2.8803673313818803e+00	-1.0744101450504981e+00
2.8798892193245513e+00	-1.0743594912042340e+00
2.8786113479117894e+00	-1.0742184740995178e+00
2.8782250206296034e+00	-1.0741735332116888e+00
2.8780081109849012e+00	-1.0741472605645352e+00
2.8720259798657755e+00	-1.0734143328870682e+00
2.8713641056366188e+00	-1.0733325128883673e+00
2.8677751263171096e+00	-1.0728888481098877e+00
2.8666407919635524e+00	-1.0727486232284131e+00
2.8666407164743672e+00	-1.0727485843936089e+00
2.8666309126158218e+00	-1.0727474019567835e+00
2.8622285707629680e+00	-1.0722031903999434e+00
2.8621941455057702e+00	-1.0721990666880896e+00
2.8619884467826613e+00	-1.0721736384896250e+00
2.8619785740749246e+00	-1.0721724712068925e+00
2.8616653809769721e+00	-1.0721337546989236e+00
2.8616455869503730e+00	-1.0721313985828624e+00
2.8615365735577889e+00	-1.0721179224944355e+00
2.8615015824654200e+00	-1.0721137544761310e+00
2.8614316351192475e+00	-1.0721051076780554e+00
2.8578243876032619e+00	-1.0716756247757306e+00
2.8458826012774092e+00	-1.0702451493098475e+00
2.8453333328193251e+00	-1.0701790577215671e+00
2.8446732495110791e+00	-1.0700994737197482e+00
2.8445938631407728e+00	-1.0700899276005691e+00
2.8445191536215741e+00	-1.0700809201276675e+00
2.8436120502570796e+00	-1.0699718011467529e+00
2.8425749491087564e+00	-1.0698470442283687e+00
2.8416658897723375e+00	-1.0697376899560074e+00
2.8411946137939039e+00	-1.0696810598667641e+00
2.8404463262202713e+00	-1.0695910209914126e+00
2.8404445890747252e+00	-1.0695907792764197e+00
2.8402443318421158e+00	-1.0695667157012041e+00
2.8375227377651244e+00	-1.0692396799036730e+00
2.8375132496516526e+00	-1.0692385378437594e+00
2.8369961784396867e+00	-1.0691762993065206e+00
2.8358226979202361e+00	-1.0690352899837821e+00
2.8325012285311204e+00	-1.0686313344559779e+00
2.8316044275458792e+00	-1.0685203582350418e+00
2.8313060768245579e+00	-1.0684828554552119e+00
2.8311925238401123e+00	-1.0684684859174387e+00
2.8310630228270770e+00	-1.0684515847734717e+00
2.8298514323490838e+00	-1.0682924373076481e+00
2.8273373425568114e+00	-1.0679601709947490e+00
2.8270756316804739e+00	-1.0679252729677353e+00
2.8270555897491860e+00	-1.0679229340723344e+00
2.8270427755565706e+00	-1.0679212405272007e+00
2.8258956918059184e+00	-1.0677682818107823e+00
2.8258929060128639e+00	-1.0677679672789246e+00
2.8258820125523467e+00	-1.0677665146825148e+00
2.8253816730671661e+00	-1.0677101551713235e+00
2.8252598945704430e+00	-1.0676942442182096e+00
2.8249548541394458e+00	-1.0676599571460088e+00
2.8249532895157294e+00	-1.0676597586683059e+00
2.8248483391566004e+00	-1.0676479620663630e+00
2.8248354075277793e+00	-1.0676462754826841e+00
2.8241622184838806e+00	-1.0675706078694516e+00
2.8241618874852121e+00	-1.0675705654522114e+00
2.8171281513174868e+00	-1.0667745843175416e+00
2.8152341261061267e+00	-1.0665578789696051e+00
2.8152062510690952e+00	-1.0665546630850384e+00
2.8096494555235192e+00	-1.0659106738485202e+00
2.8002651633072415e+00	-1.0648168569407852e+00
2.7905977860069471e+00	-1.0636840261489220e+00
2.7886322962277208e+00	-1.0634515344488307e+00
2.7877787053519998e+00	-1.0633502888318780e+00
2.7781801565344248e+00	-1.0621551231900388e+00
2.7770715067107341e+00	-1.0620160463666724e+00
2.7767015005013467e+00	-1.0619705804806947e+00
2.7766034041023686e+00	-1.0619585265216596e+00
2.7765777440807362e+00	-1.0619553105159134e+00
2.7764096888708800e+00	-1.0619342479256983e+00
2.7759238287399977e+00	-1.0618745699097119e+00
2.7708241443422454e+00	-1.0612458950863204e+00
2.7634691065162356e+00	-1.0603364478046102e+00
2.7625896245718096e+00	-1.0602251652810772e+00
2.7546319631952185e+00	-1.0592182672486390e+00
2.7538837669150080e+00	-1.0591235965499537e+00
2.7489629122011170e+00	-1.0584963389428121e+00
2.7489252984012218e+00	-1.0584915443403520e+00
2.7487489678013439e+00	-1.0584690676129183e+00
2.7459504697894235e+00	-1.0581123452001244e+00
2.7459000770816924e+00	-1.0581064921930163e+00
2.7457059903795522e+00	-1.0580817521087340e+00
2.7451077660102210e+00	-1.0580123475891834e+00
2.7449793657346246e+00	-1.0579960559747796e+00
2.7449217022707129e+00	-1.0579882783982115e+00
2.7449206991599380e+00	-1.0579881622528637e+00
2.7449193074543752e+00	-1.0579878550112811e+00
2.7445876876130129e+00	-1.0579494593373502e+00
2.7445658544406366e+00	-1.0579466941880087e+00
2.7423528111099422e+00	-1.0576904631682627e+00
2.7358405277659443e+00	-1.0569353419854217e+00
2.7334150964952504e+00	-1.0566537294881717e+00
2.7312063617213695e+00	-1.0563968659298590e+00
2.7283438808952489e+00	-1.0560638219974467e+00
2.7170512255172468e+00	-1.0547476361930981e+00
2.7153278635683815e+00	-1.0545462623485746e+00
2.7128683718847255e+00	-1.0542567274261949e+00
2.7104209958948493e+00	-1.0539676590293154e+00
2.7100006473534171e+00	-1.0539162754080869e+00
2.7097539457754363e+00	-1.0538852739102846e+00
2.7097528290368458e+00	-1.0538851297229725e+00
2.7025522708076846e+00	-1.0528841436432146e+00
2.6972646572730965e+00	-1.0521427827387559e+00
2.6971697468423002e+00	-1.0521296222554328e+00
2.6931098697270701e+00	-1.0515603987010922e+00
2.6930989843529196e+00	-1.0515588892275884e+00
2.6925494155275103e+00	-1.0514818357820590e+00
2.6925275358384471e+00	-1.0514788143105012e+00
2.6920958046083552e+00	-1.0514182825312532e+00
2.6915988883685449e+00	-1.0513496973881422e+00
2.6913282370494724e+00	-1.0513117717048730e+00
2.6911698817801368e+00	-1.0512903155754076e+00
2.6911500222538316e+00	-1.0512875762156988e+00
2.6909345401300278e+00	-1.0512573901861906e+00
2.6777379265827617e+00	-1.0494370914091700e+00
2.6776704191415330e+00	-1.0494279435860521e+00
2.6768149249097415e+00	-1.0493099394406475e+00
2.6768140646808263e+00	-1.0493098365773170e+00
2.6759581350910850e+00	-1.0491917723800257e+00
2.6759570570259799e+00	-1.0491916404031063e+00
2.6745830978031355e+00	-1.0490021208506801e+00
2.6745830257729475e+00	-1.0490021525162267e+00
2.6740053263694357e+00	-1.0489224662815020e+00
2.6737113655112150e+00	-1.0488914586939353e+00
2.6737033152781819e+00	-1.0488903678200034e+00
2.6616597926750658e+00	-1.0476199926279202e+00
2.6597136320865107e+00	-1.0474130645899928e+00
2.6562210139259168e+00	-1.0470378846452235e+00
2.6560512347718657e+00	-1.0470172947039265e+00
2.6548736796248651e+00	-1.0468717455315739e+00
2.6539360909261900e+00	-1.0467513006414992e+00
2.6497985994122759e+00	-1.0462148857502431e+00
2.6428925876435208e+00	-1.0453195394904398e+00
2.6408742202145876e+00	-1.0450576379595096e+00
2.6387025115961129e+00	-1.0447758390146002e+00
2.6386843166662985e+00	-1.0447735541965206e+00
2.6380399961333194e+00	-1.0446899477472795e+00
2.6379373729933118e+00	-1.0446771423995107e+00
2.6379218583893422e+00	-1.0446752064823355e+00
2.6379021289973026e+00	-1.0446727446425756e+00
2.6378915192482757e+00	-1.0446714207547467e+00
2.6374763322197139e+00	-1.0446196135864079e+00
2.6374320720731150e+00	-1.0446139012127189e+00
2.6374115013357367e+00	-1.0446112462793762e+00
2.6373652278475768e+00	-1.0446052740565848e+00
2.6369746876483560e+00	-1.0445565937640526e+00
2.6369446610148772e+00	-1.0445527273521320e+00
2.6349207187510921e+00	-1.0443004457645617e+00
2.6233044156088443e+00	-1.0428483703990907e+00
2.6212976635660770e+00	-1.0425950546772262e+00
2.6205928916173775e+00	-1.0425056223748574e+00
2.6205136615044826e+00	-1.0424954510351059e+00
2.6204913956083522e+00	-1.0424925431388772e+00
2.6158235851450122e+00	-1.0418759008859040e+00
2.6042315851624389e+00	-1.0403218625789541e+00
2.6041350228318616e+00	-1.0403087729315112e+00
2.6041027360946178e+00	-1.0403042234978517e+00
2.6008152190994838e+00	-1.0398342886363403e+00
2.5901348057070765e+00	-1.0383001092164037e+00
2.5864139213460811e+00	-1.0377642458896497e+00
2.5864054891550912e+00	-1.0377630659510888e+00
2.5852835427867156e+00	-1.0376014553159421e+00
2.5852760193047493e+00	-1.0376004652646569e+00
2.5846604725675437e+00	-1.0375118172446978e+00
2.5845094186982007e+00	-1.0374911782268192e+00
2.5845081986167591e+00	-1.0374908588846703e+00
2.5844909707240737e+00	-1.0374886576156659e+00
2.5838392977082174e+00	-1.0373996172548741e+00
2.5838370555543841e+00	-1.0373992952166073e+00
2.5838352542268814e+00	-1.0373990647798932e+00
2.5825193085062290e+00	-1.0372192625187930e+00
2.5824907539536768e+00	-1.0372152668054979e+00
2.5789635447420634e+00	-1.0367333323852745e+00
2.5789632232742430e+00	-1.0367333821702787e+00
2.5780590761466402e+00	-1.0366098453895749e+00
2.5779717848375552e+00	-1.0365991637490701e+00
2.5779712586617465e+00	-1.0365989174811643e+00
2.5734086008996826e+00	-1.0360405953472518e+00
2.5680260156344459e+00	-1.0353819405350853e+00
2.5676163836643568e+00	-1.0353322590429994e+00
2.5675743699475420e+00	-1.0353271634833463e+00
2.5675659412214760e+00	-1.0353260865150964e+00
2.5674892183078057e+00	-1.0353162833560632e+00
2.5671469480301368e+00	-1.0352748152638032e+00
2.5670537383621146e+00	-1.0352634094070712e+00
2.5669921309753851e+00	-1.0352559509429720e+00
2.5668253434039916e+00	-1.0352355415240353e+00
2.5666563929086186e+00	-1.0352150956319108e+00
2.5666378052177161e+00	-1.0352127279440897e+00
2.5660617409610622e+00	-1.0351430143417573e+00
2.5660388110402281e+00	-1.0351402105837726e+00
2.5657901417691589e+00	-1.0351101173598389e+00
2.5655506407491639e+00	-1.0350808460991228e+00
2.5646745793321863e+00	-1.0349748277226369e+00
2.5563674724666106e+00	-1.0339637908590669e+00
2.5550083176852696e+00	-1.0337964935464152e+00
2.5549018699268702e+00	-1.0337827618610651e+00
2.5541977104275837e+00	-1.0336907558153170e+00
2.5516622359765448e+00	-1.0333574523218390e+00
2.5506712379271144e+00	-1.0332242974032444e+00
2.5491800774350026e+00	-1.0330220641713599e+00
2.5490479604859129e+00	-1.0330038619497532e+00
2.5489471835905473e+00	-1.0329894524872152e+00
2.5475958722136860e+00	-1.0327925468633778e+00
2.5474685595646980e+00	-1.0327739955679469e+00
2.5462453425189220e+00	-1.0325957551419347e+00
2.5462114835899081e+00	-1.0325908214059696e+00
2.5458614945440616e+00	-1.0325398229369354e+00
2.5458610638597801e+00	-1.0325397601800026e+00
2.5453856850691849e+00	-1.0324691671814126e+00
2.5453298606956554e+00	-1.0324608773502300e+00
2.5436921654379931e+00	-1.0322176821944884e+00
2.5436161600941301e+00	-1.0322063955211274e+00
2.5435439324322737e+00	-1.0321956698275701e+00
2.5422722330775560e+00	-1.0320068244845919e+00
2.5422712392315381e+00	-1.0320065436269621e+00
2.5369768461964486e+00	-1.0312203346343540e+00
2.5369592426173071e+00	-1.0312178538037597e+00
2.5367735875064938e+00	-1.0311902843134182e+00
2.5366910447374282e+00	-1.0311785797362374e+00
2.5363434263466447e+00	-1.0311269994372010e+00
2.5359216395671922e+00	-1.0310679421445010e+00
2.5359215283691077e+00	-1.0310678846194616e+00
2.5359213991744007e+00	-1.0310679084854388e+00
2.5357024685381604e+00	-1.0310372544884543e+00
2.5310823675006788e+00	-1.0303809699248867e+00
2.5283421633571823e+00	-1.0299788946180071e+00
2.5259624818892417e+00	-1.0296261821627228e+00
2.5228404245849014e+00	-1.0291604711800071e+00
2.5227872567601914e+00	-1.0291527659190132e+00
2.5218654019692952e+00	-1.0290152547016524e+00
2.5218328316181844e+00	-1.0290105961845564e+00
2.5215919882982578e+00	-1.0289746700729352e+00
2.5211556387512011e+00	-1.0289124486132277e+00
2.5211550184591403e+00	-1.0289122143160003e+00
2.5207917245516342e+00	-1.0288604188051340e+00
2.5207638575385842e+00	-1.0288562847736131e+00
2.5207488392509876e+00	-1.0288543045653689e+00
2.5201952608907274e+00	-1.0287753798342303e+00
2.5199031575513509e+00	-1.0287337340995339e+00
2.5198476661443370e+00	-1.0287255625731975e+00
2.5198021620690763e+00	-1.0287193349794508e+00
2.5194530512687985e+00	-1.0286695615814507e+00
2.5192723277058025e+00	-1.0286433705114146e+00
2.5192606347176576e+00	-1.0286418491265634e+00
2.5192565252231884e+00	-1.0286412506816374e+00
2.5192309111729458e+00	-1.0286378906408957e+00
2.5180188222109723e+00	-1.0284650807872102e+00
2.5178200104515125e+00	-1.0284366448646995e+00
2.5177665118976154e+00	-1.0284288987926760e+00
2.5177607777074953e+00	-1.0284281728421010e+00
2.5177335845220332e+00	-1.0284242834176689e+00
2.5177039332498525e+00	-1.0284199249170503e+00
2.5173534032158971e+00	-1.0283699491761760e+00
2.5173463295290865e+00	-1.0283689090690700e+00
2.5173442603440352e+00	-1.0283686456593564e+00
2.5143532230290426e+00	-1.0279422077187534e+00
2.5143501552898035e+00	-1.0279418323901652e+00
2.5135841110125092e+00	-1.0278326159847455e+00
2.5135159003545002e+00	-1.0278243450903972e+00
2.5134043105104467e+00	-1.0278084178454445e+00
2.5129051205459483e+00	-1.0277356263652671e+00
2.5081059924640288e+00	-1.0271597555000107e+00
2.5081051764353539e+00	-1.0271595640514855e+00
2.5015541907679562e+00	-1.0263734792210388e+00
2.5013089033609601e+00	-1.0263440459846485e+00
2.5008158794418964e+00	-1.0262842544155131e+00
2.4991246100501687e+00	-1.0260781929854927e+00
2.4982615653156750e+00	-1.0259714982237136e+00
2.4978781362224929e+00	-1.0259236036464143e+00
2.4969647360103995e+00	-1.0258015847236257e+00
2.4948733599286030e+00	-1.0255167941645995e+00
2.4932190953830915e+00	-1.0252835314102284e+00
2.4931618882412732e+00	-1.0252753783413722e+00
2.4928794829083856e+00	-1.0252343002617446e+00
2.4926904266717167e+00	-1.0252053888057213e+00
2.4914180138834809e+00	-1.0250091558909125e+00
2.4878893728456184e+00	-1.0244570456554287e+00
2.4861417212203505e+00	-1.0241818002832925e+00
2.4808576350028906e+00	-1.0233495862102493e+00
2.4808359119264178e+00	-1.0233466614932092e+00
2.4806507403244709e+00	-1.0233174979998962e+00
2.4806344162008140e+00	-1.0233151404495526e+00
2.4804492601240207e+00	-1.0232859794013647e+00
2.4803776177132528e+00	-1.0232757844698062e+00
2.4801349251069786e+00	-1.0232376889327932e+00
2.4799356941353907e+00	-1.0232115535615827e+00
2.4796947720786466e+00	-1.0231739309428161e+00
2.4795476095359859e+00	-1.0231544465169415e+00
2.4795469509534764e+00	-1.0231529950966336e+00
2.4795406473840957e+00	-1.0231535247230530e+00
2.4794998861334223e+00	-1.0231481279043182e+00
2.4793962463456665e+00	-1.0231317202983035e+00
2.4793215198013874e+00	-1.0231216601195241e+00
2.4792300359156081e+00	-1.0231074982541251e+00
2.4789667745619153e+00	-1.0230728526022901e+00
2.4786262911179637e+00	-1.0230206571200873e+00
2.4784959275531770e+00	-1.0230027681504992e+00
2.4784009058634728e+00	-1.0229879940301587e+00
2.4774698188991762e+00	-1.0228540743824004e+00
2.4774261371391231e+00	-1.0228476593260813e+00
2.4774130084073969e+00	-1.0228459032433554e+00
2.4769899755387752e+00	-1.0227850577853816e+00
2.4769815085551388e+00	-1.0227837817370429e+00
2.4769777956661567e+00	-1.0227833059358624e+00
2.4752605337701228e+00	-1.0225363095573883e+00
2.4752347103622738e+00	-1.0225325222462835e+00
2.4752307473133968e+00	-1.0225320253262200e+00
2.4747294689352963e+00	-1.0224599256981528e+00
2.4747033857958778e+00	-1.0224566695770831e+00
2.4746463987863327e+00	-1.0224483081621469e+00
2.4746333900426611e+00	-1.0224463215639226e+00
2.4743550277770470e+00	-1.0224117160891160e+00
2.4743546189262031e+00	-1.0224116546103539e+00
2.4739930531773178e+00	-1.0223667054345511e+00
2.4739805573105937e+00	-1.0223648380391406e+00
2.4696552012266855e+00	-1.0218271178827807e+00
2.4694395245698533e+00	-1.0218003053652942e+00
2.4663615177179152e+00	-1.0214156952361939e+00
2.4628072914518859e+00	-1.0209676651523172e+00
2.4625989533742305e+00	-1.0209407058530944e+00
2.4592084340275973e+00	-1.0204739701282572e+00
2.4579189626678999e+00	-1.0202927329351483e+00
2.4578812016115279e+00	-1.0202873807100321e+00
2.4566551557615135e+00	-1.0201105877877119e+00
2.4565102836695569e+00	-1.0200895528014475e+00
2.4547524011541419e+00	-1.0198239247226972e+00
2.4488296766158300e+00	-1.0189255636608023e+00
2.4469436563373992e+00	-1.0186374892416235e+00
2.4468686384135494e+00	-1.0186261082406165e+00
2.4458972457912602e+00	-1.0184777358351547e+00
2.4455506179110542e+00	-1.0184251850243469e+00
2.4446603081531944e+00	-1.0182893013706180e+00
2.4443665533977050e+00	-1.0182448181319954e+00
2.4402397656179460e+00	-1.0176150392650691e+00
2.4383224453284180e+00	-1.0173202772885734e+00
2.4382052475269909e+00	-1.0173021354315388e+00
2.4373212840031115e+00	-1.0171643257405494e+00
2.4339383280915912e+00	-1.0166349451303045e+00
2.4325288131056837e+00	-1.0164121945904854e+00
2.4324488346714888e+00	-1.0163997319436615e+00
2.4302618841737149e+00	-1.0160535742661503e+00
2.4302605709488034e+00	-1.0160533812983621e+00
2.4299834815947774e+00	-1.0160095226891479e+00
2.4299817177338063e+00	-1.0160092602768027e+00
2.4299034033403886e+00	-1.0159968644184745e+00
2.4298997117672214e+00	-1.0159963105671128e+00
2.4298382405652683e+00	-1.0159865807042177e+00
2.4298365776161037e+00	-1.0159863333623542e+00
2.4294609380523657e+00	-1.0159268759036246e+00
2.4294436075824248e+00	-1.0159242971909637e+00
2.4292250435734140e+00	-1.0158897021647737e+00
2.4292247019658744e+00	-1.0158897355822043e+00
2.4290119763815130e+00	-1.0158582170729418e+00
2.4289567997629620e+00	-1.0158495073904967e+00
2.4282468584484507e+00	-1.0157443374644803e+00
2.4282434031170612e+00	-1.0157437999891630e+00
2.4281627132276586e+00	-1.0157318466776353e+00
2.4281257063724202e+00	-1.0157260800810328e+00
2.4146217016485885e+00	-1.0137256116638556e+00
2.4146130676530180e+00	-1.0137245302771971e+00
2.4145344406841782e+00	-1.0137128825644541e+00
2.4145330501558608e+00	-1.0137127083922199e+00
2.4141613210120050e+00	-1.0136576408454265e+00
2.4141514361968008e+00	-1.0136564031442485e+00
2.4141272946351022e+00	-1.0136528254405308e+00
2.4134248565404133e+00	-1.0135654263805998e+00
2.4131373483669099e+00	-1.0135294267996620e+00
2.4131365193933720e+00	-1.0135295507699444e+00
2.4127994984224324e+00	-1.0134876177992529e+00
2.4127879453939420e+00	-1.0134859201750801e+00
2.4120805282788345e+00	-1.0133979016132924e+00
2.4002515756744334e+00	-1.0119179751910221e+00
2.3997099526670898e+00	-1.0118496724030714e+00
2.3997050215770463e+00	-1.0118490458024652e+00
2.3981975252217178e+00	-1.0116546702495759e+00
2.3929450946104001e+00	-1.0109642507657122e+00
2.3927777468375648e+00	-1.0109413553372488e+00
2.3897266347468311e+00	-1.0105211316348068e+00
2.3852736841784163e+00	-1.0098938291347987e+00
2.3837399059034872e+00	-1.0096762854589050e+00
2.3739540095020564e+00	-1.0082830717318600e+00
2.3725366627892552e+00	-1.0080783026122968e+00
2.3706820693598023e+00	-1.0078090231331662e+00
2.3706449463639228e+00	-1.0078035741562408e+00
2.3704688287265561e+00	-1.0077773063723372e+00
2.3691603719256413e+00	-1.0075621859288801e+00
2.3542818791798363e+00	-1.0050647095724583e+00
2.3537772368260912e+00	-1.0049798567447774e+00
2.3537768125930461e+00	-1.0049798668938816e+00
2.3523417143753158e+00	-1.0047385630459773e+00
2.3523281714867554e+00	-1.0047366115940033e+00
2.3516953338655360e+00	-1.0046302034393473e+00
2.3516885796344891e+00	-1.0046292381442341e+00
2.3515316161486064e+00	-1.0046028455476868e+00
2.3513968328911758e+00	-1.0045836640066848e+00
2.3513912428693482e+00	-1.0045823077374934e+00
2.3512356183328698e+00	-1.0045601601912455e+00
2.3512333408285944e+00	-1.0045597785357026e+00
2.3502022618842098e+00	-1.0044130415935548e+00
2.3478586086683877e+00	-1.0040795069905861e+00
2.3478519717752957e+00	-1.0040784388757906e+00
2.3424634362405903e+00	-1.0033115749694685e+00
2.3423694195072104e+00	-1.0032981950745128e+00
2.3403649577052046e+00	-1.0030129321496124e+00
2.3396771286805973e+00	-1.0029150444676449e+00
2.3392011410929934e+00	-1.0028473047824484e+00
2.3391493889717148e+00	-1.0028399397324030e+00
2.3390391595072693e+00	-1.0028242525392590e+00
2.3388767573716747e+00	-1.0028011404459463e+00
2.3388764088196154e+00	-1.0028008088390965e+00
2.3388761417276167e+00	-1.0028005547320442e+00
2.3388761300355791e+00	-1.0028005436084269e+00
2.3388756246080584e+00	-1.0028000627527738e+00
2.3388754315896088e+00	-1.0027998791181103e+00
2.3388729192000173e+00	-1.0027974888708677e+00
2.3388724025102507e+00	-1.0027969973004942e+00
2.3388656590937744e+00	-1.0027905817219973e+00
2.3369431464093791e+00	-1.0025211413453403e+00
2.3367637750849291e+00	-1.0024960024333252e+00
2.3361989956327451e+00	-1.0024145773877908e+00
2.3346006851397227e+00	-1.0021841467229196e+00
2.3340007812027666e+00	-1.0020968170767204e+00
2.3231506489057763e+00	-1.0004570927815057e+00
2.3197000597863862e+00	-9.9993347255810139e-01
2.3196158025949107e+00	-9.9992077755120989e-01
2.3186482417455028e+00	-9.9977395206414232e-01
2.3186140411226912e+00	-9.9976884343219974e-01
2.3176474299670975e+00	-9.9962216205603582e-01
2.3162947092963244e+00	-9.9942038937573330e-01
2.3161806877972189e+00	-9.9940320978914154e-01
2.3151867767003087e+00	-9.9925495737433134e-01
2.3151524692268173e+00	-9.9924976730148718e-01
2.3109719243362696e+00	-9.9862619455220070e-01
2.3068332826383395e+00	-9.9800887210992173e-01
2.3067588799980090e+00	-9.9799784691266924e-01
2.3017194594636945e+00	-9.9724616372311703e-01
2.3011138447421793e+00	-9.9715599375796959e-01
2.3004404736650539e+00	-9.9705555329749218e-01
2.3004351902962528e+00	-9.9705477337969517e-01
2.2989666856103375e+00	-9.9683573028165140e-01
2.2987120943418708e+00	-9.9679839718345631e-01
2.2982773116321003e+00	-9.9673366239350825e-01
2.2973546640458493e+00	-9.9659843361877709e-01
2.2973527739826167e+00	-9.9659805069364904e-01
2.2951576618176945e+00	-9.9627632186361292e-01
2.2912477005456746e+00	-9.9570116100729933e-01
2.2816343501045750e+00	-9.9428675583603832e-01
2.2809272671565530e+00	-9.9418229518106538e-01
2.2803400965066638e+00	-9.9409530520685541e-01
2.2775738275470943e+00	-9.9368200838566956e-01
2.2719956842476443e+00	-9.9284738233466319e-01
2.2662829210677087e+00	-9.9198457699939235e-01
2.2629364434871695e+00	-9.9147624289074232e-01
2.2628108711137607e+00	-9.9145689579259655e-01
2.2628057669673129e+00	-9.9145605740274190e-01
2.2621256029961434e+00	-9.9134087410823268e-01
2.2613980147886852e+00	-9.9121592232056799e-01
2.2521587246485688e+00	-9.8960778747681888e-01
2.2512525203855684e+00	-9.8944968407055012e-01
2.2512484500909871e+00	-9.8944908258113451e-01
2.2505668978210820e+00	-9.8933017369952603e-01
2.2505668606251303e+00	-9.8933016843352528e-01
2.2492529847878395e+00	-9.8910093796787779e-01
2.2492226454010269e+00	-9.8909675131815555e-01
2.2492186918139430e+00	-9.8909606318074983e-01
2.2477949510421307e+00	-9.8889959566663344e-01
2.2376616642659894e+00	-9.8749450172155540e-01
2.2363848241693121e+00	-9.8731600186899493e-01
2.2363747157189136e+00	-9.8731455200738638e-01
2.2362854126304081e+00	-9.8730106050240607e-01
2.2318947119775134e+00	-9.8661808844764820e-01
2.2291887579324015e+00	-9.8618983346453437e-01
2.2286114063828721e+00	-9.8609804294063019e-01
2.2278888785608619e+00	-9.8598254110365835e-01
2.2270953138753500e+00	-9.8585480989127683e-01
2.2264392460230935e+00	-9.8574877337136402e-01
2.2253887879582175e+00	-9.8557812116607491e-01
2.2185810845699745e+00	-9.8445586287848330e-01
2.2180870631919749e+00	-9.8437358870787650e-01
2.2177289887782337e+00	-9.8431092908841278e-01
2.2121417022766052e+00	-9.8331708630579773e-01
2.2076976282505751e+00	-9.8252061053645601e-01
2.2076569777794361e+00	-9.8251358519876708e-01
2.2076141853141640e+00	-9.8250618967515690e-01
2.2075153509106356e+00	-9.8248910881383800e-01
2.2074929378268293e+00	-9.8248523531673027e-01
2.2072997322722721e+00	-9.8245063694124457e-01
2.2072715550621771e+00	-9.8244559109410401e-01
2.2071788237393011e+00	-9.8242898518887778e-01
2.2071586388972948e+00	-9.8242537057880897e-01
2.2033595680277567e+00	-9.8177022818879978e-01
2.2033453359993862e+00	-9.8176790767644284e-01
2.2029180346588224e+00	-9.8169422039049203e-01
2.2028988875869637e+00	-9.8169085775603360e-01
2.2028873681121808e+00	-9.8168893200410745e-01
2.2019412023258811e+00	-9.8152576755262244e-01
2.2014955933019347e+00	-9.8144875604985915e-01
2.2014794102266526e+00	-9.8144621495606443e-01
2.2013076368676376e+00	-9.8141659297405115e-01
2.2013059661566015e+00	-9.8141629915063266e-01
2.2013056413303280e+00	-9.8141624884751943e-01
2.2008065605597791e+00	-9.8133018333833222e-01
2.2007619513678054e+00	-9.8132234920820738e-01
2.2007536667184637e+00	-9.8132106189816792e-01
2.2005872241945061e+00	-9.8129235920830260e-01
2.2005747843543797e+00	-9.8129017962207288e-01
2.2005728592497760e+00	-9.8128988200149447e-01
2.2005121747291794e+00	-9.8127941707382516e-01
2.2004759222089767e+00	-9.8127390798929193e-01
2.2002176175505048e+00	-9.8122856748155429e-01
2.1991967347071939e+00	-9.8107195557748528e-01
2.1991901324895937e+00	-9.8107085186108323e-01
2.1991901088324330e+00	-9.8107093911328536e-01
2.1991427125925092e+00	-9.8106366813657264e-01
2.1991410774688505e+00	-9.8106339079499449e-01
2.1991232249497230e+00	-9.8106067857037271e-01
2.1971851111914003e+00	-9.8076335582860807e-01
2.1971810532240608e+00	-9.8076267132541062e-01
2.1971676165227474e+00	-9.8076063914027001e-01
2.1971540469920732e+00	-9.8075842664723745e-01
2.1970640511957482e+00	-9.8074478422017164e-01
2.1957205842786252e+00	-9.8053868524091736e-01
2.1956514155216325e+00	-9.8052824871822308e-01
2.1955181233971195e+00	-9.8050753712465000e-01
2.1953856710711803e+00	-9.8048748794828688e-01
2.1953594029373376e+00	-9.8048324443075374e-01
2.1951858261950310e+00	-9.8045704835146752e-01
2.1948654458722943e+00	-9.8040751765231093e-01
2.1948398844493262e+00	-9.8040366541230461e-01
2.1947613622134123e+00	-9.8039133571829151e-01
2.1945524258207660e+00	-9.8035982520942866e-01
2.1945420887886007e+00	-9.8035815620457989e-01
2.1941586839657998e+00	-9.8030033725748555e-01
2.1939107236621762e+00	-9.8026161560064018e-01
2.1939045199117935e+00	-9.8026168209149944e-01
2.1937885309114691e+00	-9.8024282821664299e-01
2.1932005603712419e+00	-9.8015434671862500e-01
2.1931850088972391e+00	-9.8015196710483699e-01
2.1931848716257645e+00	-9.8015198577771578e-01
2.1927634401802245e+00	-9.8008856612815520e-01
2.1927554197452106e+00	-9.8008724552073867e-01
2.1927550730273837e+00	-9.8008730698646873e-01
2.1924974139877791e+00	-9.8004853283667337e-01
2.1864548041595397e+00	-9.7913694265346984e-01
2.1861425504597172e+00	-9.7908966540149389e-01
2.1820662487042455e+00	-9.7846917242153653e-01
2.1806582202533291e+00	-9.7825372094191498e-01
2.1727123390908480e+00	-9.7703276654917059e-01
2.1699468209916235e+00	-9.7660672740455989e-01
2.1693022076917328e+00	-9.7650720880376096e-01
2.1691976069694965e+00	-9.7649131866755101e-01
2.1690790841145446e+00	-9.7647331358815093e-01
2.1690650609111830e+00	-9.7647118329108651e-01
2.1688179810471113e+00	-9.7643306025487764e-01
2.1676675368032843e+00	-9.7625848157102890e-01
2.1676558698313073e+00	-9.7625668416838463e-01
2.1672505135258051e+00	-9.7619517178246573e-01
2.1668649520802865e+00	-9.7613652030326903e-01
2.1665763083645673e+00	-9.7609227328811266e-01
2.1653594446497215e+00	-9.7590290098609012e-01
2.1643795807799115e+00	-9.7575025729751097e-01
2.1607745323929430e+00	-9.7515121862849108e-01
2.1592931061072451e+00	-9.7490268739018149e-01
2.1560532288580396e+00	-9.7435914991383898e-01
2.1544535354980128e+00	-9.7409014493259138e-01
2.1537014481439520e+00	-9.7396367366651559e-01
2.1479998736521675e+00	-9.7300489495456399e-01
2.1479853387748169e+00	-9.7300269317317434e-01
2.1472198741412885e+00	-9.7287397219301441e-01
2.1469646301738878e+00	-9.7283576588225318e-01
2.1469620742004887e+00	-9.7283533701200386e-01
2.1466648756684008e+00	-9.7279085071291382e-01
2.1466612020627420e+00	-9.7279023888441518e-01
2.1429684915599019e+00	-9.7223749381286850e-01
2.1429683985997574e+00	-9.7223751535580882e-01
2.1417547789375457e+00	-9.7205585413798423e-01
2.1417544134064590e+00	-9.7205579561982292e-01
2.1400736467308343e+00	-9.7180420928624578e-01
2.1399810028486876e+00	-9.7179017534769530e-01
2.1330346442439994e+00	-9.7075040646221555e-01
2.1300014666637344e+00	-9.7029269574270072e-01
2.1285585465445935e+00	-9.7007115283762901e-01
2.1285401914380317e+00	-9.7006821430660162e-01
2.1285068721614824e+00	-9.7006265629722033e-01
2.1283711488400354e+00	-9.7003998514812750e-01
2.1261173461063390e+00	-9.6964859972609729e-01
2.1230812295937596e+00	-9.6911314735252330e-01
2.1206198290364231e+00	-9.6867860428421571e-01
2.1160328203537597e+00	-9.6786879995497854e-01
2.1116225813120582e+00	-9.6709020307059967e-01
2.1115933759041265e+00	-9.6708521292121363e-01
2.1108338343440241e+00	-9.6695112116639936e-01
2.1108207510014685e+00	-9.6694889971334241e-01
2.1102231973279166e+00	-9.6684340577040873e-01
2.1092353123585306e+00	-9.6667613460251267e-01
2.1092306539804988e+00	-9.6667531964946685e-01
2.1084963985747027e+00	-9.6655099367724573e-01
2.1067377529484177e+00	-9.6625294955651098e-01
2.1009492161808301e+00	-9.6527119902288083e-01
2.0995224931586649e+00	-9.6502891821379777e-01
2.0929062675350192e+00	-9.6390474886523836e-01
2.0886233320823435e+00	-9.6317537413882770e-01
2.0886232673918679e+00	-9.6317527496865929e-01
2.0885878402121509e+00	-9.6316932994941662e-01
2.0880788687227065e+00	-9.6308391967056006e-01
2.0877311168239459e+00	-9.6302461494001601e-01
2.0875349956497167e+00	-9.6299116893028003e-01
2.0855004407941324e+00	-9.6265122813199100e-01
2.0846512193613376e+00	-9.6250863592432945e-01
2.0787126409357448e+00	-9.6150664673174890e-01
2.0784933842413551e+00	-9.6146958958904172e-01
2.0741660360751317e+00	-9.6073151888796327e-01
2.0715098142014838e+00	-9.6027251513611200e-01
2.0702720465641922e+00	-9.6005752003463307e-01
2.0698082158344331e+00	-9.5997596568573640e-01
2.0653154672688623e+00	-9.5917169202823671e-01
2.0653036258120863e+00	-9.5916972166124026e-01
2.0643827893704931e+00	-9.5900301596527326e-01
2.0643826213363230e+00	-9.5900321631257945e-01
2.0633487106207138e+00	-9.5881603996113629e-01
2.0633455571183172e+00	-9.5881553114045659e-01
2.0632642483871311e+00	-9.5880081123146044e-01
2.0632608585655090e+00	-9.5880026574473154e-01
2.0632271358185563e+00	-9.5879416065879686e-01
2.0629629808183640e+00	-9.5875171549931915e-01
2.0629591317141216e+00	-9.5875102186085503e-01
2.0628557182841782e+00	-9.5873440510356145e-01
2.0628445627559331e+00	-9.5873240241078461e-01
2.0621444126444586e+00	-9.5861990034526157e-01
2.0621357310585946e+00	-9.5861836232408915e-01
2.0614333205355568e+00	-9.5850549704935484e-01
2.0614331617313773e+00	-9.5850533415743666e-01
2.0593470607757687e+00	-9.5817013365893045e-01
2.0587987412677755e+00	-9.5808181238736745e-01
2.0494967050690418e+00	-9.5657997686987495e-01
2.0488517419053038e+00	-9.5647505117958165e-01
2.0484319433779326e+00	-9.5640577179465402e-01
2.0470386100558406e+00	-9.5617452795714142e-01
2.0457058385773141e+00	-9.5595268549118007e-01
2.0430101624164214e+00	-9.5550106998489248e-01
2.0349039811549572e+00	-9.5413620506990171e-01
2.0343069124618847e+00	-9.5403539458223929e-01
2.0330884871723018e+00	-9.5382812923091331e-01
2.0251925026408397e+00	-9.5247584024953713e-01
2.0242557752138737e+00	-9.5231447288040572e-01
2.0241495085287236e+00	-9.5229579614875426e-01
2.0192521778091477e+00	-9.5142893815198915e-01
2.0190359885800544e+00	-9.5139027715670677e-01
2.0189999994867573e+00	-9.5138401904055958e-01
2.0188505151154108e+00	-9.5135728683655629e-01
2.0186129632196064e+00	-9.5131603676633902e-01
2.0185407616199464e+00	-9.5130349920672197e-01
2.0171395625491093e+00	-9.5106018580412921e-01
2.0169936328370150e+00	-9.5103474106032737e-01
2.0169933638684365e+00	-9.5103463524767229e-01
2.0169154616756519e+00	-9.5102111090136221e-01
2.0147777753057450e+00	-9.5064837747216258e-01
2.0099371702793549e+00	-9.4980321207018370e-01
2.0092377327927795e+00	-9.4968011307689759e-01
2.0084823597770471e+00	-9.4954685870993061e-01
2.0026931233835117e+00	-9.4850905993160317e-01
2.0013990667387951e+00	-9.4827637573179158e-01
2.0013958246343431e+00	-9.4827748261660672e-01
2.0013237489330491e+00	-9.4826483604307110e-01
2.0013211191314380e+00	-9.4826348025169460e-01
2.0013129501432192e+00	-9.4826294126178945e-01
2.0011251249487199e+00	-9.4822998500758138e-01
2.0010258430695691e+00	-9.4821212850099756e-01
2.0008687934128226e+00	-9.4818386941837973e-01
2.0005826346205198e+00	-9.4813369752113885e-01
2.0005152177108072e+00	-9.4812159224380455e-01
1.9989696743692245e+00	-9.4785061387864178e-01
1.9989376672381576e+00	-9.4784492772761419e-01
1.9982421182799974e+00	-9.4772297791585414e-01
1.9982420349643357e+00	-9.4772293458602919e-01
1.9950382468170842e+00	-9.4716121803553688e-01
1.9950268763767958e+00	-9.4715925319129202e-01
1.9909268796961741e+00	-9.4644040541278185e-01
1.9908991585659179e+00	-9.4643551537169279e-01
1.9875567386627748e+00	-9.4584949267231389e-01
1.9872788281735057e+00	-9.4580065896345278e-01
1.9872634432930472e+00	-9.4579806952702883e-01
1.9867653800340865e+00	-9.4571074465943716e-01
1.9867614234551236e+00	-9.4571008068361484e-01
1.9864651160213280e+00	-9.4565812943654515e-01
1.9864556715065171e+00	-9.4565654791740705e-01
1.9860784246041705e+00	-9.4559040564490637e-01
1.9860714071930077e+00	-9.4558923510292936e-01
1.9855804257243903e+00	-9.4550315187762490e-01
1.9855566472425077e+00	-9.4549920271117693e-01
1.9854310732782985e+00	-9.4547718597012997e-01
1.9854275424829397e+00	-9.4547670213876822e-01
1.9851823815972922e+00	-9.4543364874032343e-01
1.9851659307040801e+00	-9.4543092529422856e-01
1.9850614968823694e+00	-9.4541261897650042e-01
1.9850395430363914e+00	-9.4540898904962878e-01
1.9850306477583475e+00	-9.4540742986527182e-01
1.9844261713295339e+00	-9.4530748358549854e-01
1.9844203822734905e+00	-9.4530647354192820e-01
1.9770052074373987e+00	-9.4407097591501599e-01
1.9751797342329394e+00	-9.4375514673524008e-01
1.9741701661835647e+00	-9.4357704918542884e-01
1.9690935730222068e+00	-9.4267689891975648e-01
1.9670880216227169e+00	-9.4231796981333626e-01
1.9667695951679118e+00	-9.4225805347761482e-01
1.9626120375765694e+00	-9.4147366771147278e-01
1.9623062346527569e+00	-9.4141523300765484e-01
1.9533526484395523e+00	-9.3969789787897540e-01
1.9441757547461620e+00	-9.3792442457852232e-01
1.9417763870064062e+00	-9.3746023808111034e-01
1.9341128051538308e+00	-9.3597485769227495e-01
1.9340774037997237e+00	-9.3596818028442974e-01
1.9319024325854168e+00	-9.3554662028152746e-01
1.9316177961174008e+00	-9.3549198333071382e-01
1.9316174002902995e+00	-9.3549131657096607e-01
1.9315561308974363e+00	-9.3548014647926048e-01
1.9313179821122775e+00	-9.3543443299935503e-01
1.9312636533230618e+00	-9.3542389083865651e-01
1.9312635063379862e+00	-9.3542315018158118e-01
1.9307097557739477e+00	-9.3531709622955861e-01
1.9305500054152496e+00	-9.3528625745218441e-01
1.9305486276052490e+00	-9.3528595987954344e-01
1.9305451885113178e+00	-9.3528532757991878e-01
1.9305289141550128e+00	-9.3528218592029999e-01
1.9304136054579242e+00	-9.3526037771142667e-01
1.9297176809333172e+00	-9.3512709469387867e-01
1.9297171058349301e+00	-9.3512698345665179e-01
1.9297171040909693e+00	-9.3512698421740303e-01
1.9293886014581445e+00	-9.3506406960435640e-01
1.9293038518128085e+00	-9.3504769231564000e-01
1.9290241103118102e+00	-9.3499411640321251e-01
1.9289313389160325e+00	-9.3497630861412862e-01
1.9287452570139452e+00	-9.3494038134906332e-01
1.9287249864103846e+00	-9.3493669853963635e-01
1.9286490653344328e+00	-9.3492212522750451e-01
1.9286351865943052e+00	-9.3491962998287215e-01
1.9275931292817645e+00	-9.3472005583630524e-01
1.9274944987038320e+00	-9.3470101062685651e-01
1.9274828834689328e+00	-9.3469894162910794e-01
1.9272496242072426e+00	-9.3465426796526963e-01
1.9270565982676280e+00	-9.3461700394280711e-01
1.9270391466276477e+00	-9.3461395743454012e-01
1.9270305280697733e+00	-9.3461245290500339e-01
1.9269916591089371e+00	-9.3460566760513186e-01
1.9267042719255987e+00	-9.3455040988233873e-01
1.9265766886763536e+00	-9.3452587865677073e-01
1.9262331073818559e+00	-9.3445981614240348e-01
1.9261750329107632e+00	-9.3444864980231923e-01
1.9257196873043758e+00	-9.3436109766794584e-01
1.9250620749133427e+00	-9.3424769395266194e-01
1.9250185350932838e+00	-9.3423932537853094e-01
1.9249932661904918e+00	-9.3423446856731918e-01
1.9249758080854869e+00	-9.3423111303103712e-01
1.9249274553663738e+00	-9.3422278809219050e-01
1.9249145894582840e+00	-9.3422035477694154e-01
1.9237270254720233e+00	-9.3401589062800905e-01
1.9237138554069333e+00	-9.3401340648868236e-01
1.9152295430069786e+00	-9.3254955302972165e-01
1.9131276062892910e+00	-9.3218116340264301e-01
1.9128044426688042e+00	-9.3212313105068501e-01
1.9097964677839527e+00	-9.3157349711203341e-01
1.8960980755172741e+00	-9.2903812047616152e-01
1.8954100195209396e+00	-9.2890964751327076e-01
1.8916093260181117e+00	-9.2816297695008187e-01
1.8898924410804665e+00	-9.2782171429072324e-01
1.8897875877790578e+00	-9.2780078121029619e-01
1.8874033604037295e+00	-9.2732222471257097e-01
1.8807153928321003e+00	-9.2597759518593725e-01
1.8807153136522963e+00	-9.2597758029954758e-01
1.8780115948135356e+00	-9.2543179101637740e-01
1.8780068293502927e+00	-9.2543094032843065e-01
1.8773780202158357e+00	-9.2530400487032272e-01
1.8772858660612137e+00	-9.2528764159538746e-01
1.8772734855800055e+00	-9.2528514636580106e-01
1.8718725354582126e+00	-9.2432613120130025e-01
1.8641912476533984e+00	-9.2296110675446164e-01
1.8637441713501690e+00	-9.2288153180024024e-01
1.8597897840184920e+00	-9.2217289615221143e-01
1.8595033297584653e+00	-9.2212054659518450e-01
1.8580337315718563e+00	-9.2184154602891377e-01
1.8500852488726824e+00	-9.2032417929833221e-01
1.8490700263799960e+00	-9.2012956506174859e-01
1.8456391721377341e+00	-9.1947188353479514e-01
1.8456377986280672e+00	-9.1947217827168759e-01
1.8455926870627175e+00	-9.1946353055858543e-01
1.8453711250699292e+00	-9.1942248589357223e-01
1.8439170087531809e+00	-9.1914422493880410e-01
1.8429511492476589e+00	-9.1896629992380685e-01
1.8429430308688570e+00	-9.1896480440332806e-01
1.8429058508080485e+00	-9.1895773345915610e-01
1.8427765496871571e+00	-9.1893314283215555e-01
1.8423054187918741e+00	-9.1884607689968112e-01
1.8422332014499307e+00	-9.1883273099033813e-01
1.8419505430042800e+00	-9.1878049514380644e-01
1.8418549533085307e+00	-9.1876282997669745e-01
1.8418021348774174e+00	-9.1875306902490517e-01
1.8417599464364427e+00	-9.1874503801594276e-01
1.8407679927051723e+00	-9.1856139706194972e-01
1.8407245836813797e+00	-9.1855314088172002e-01
1.8404938100543951e+00	-9.1851063747310013e-01
1.8396971998661193e+00	-9.1836316057944678e-01
1.8396397210063218e+00	-9.1835232502209485e-01
1.8394817303300985e+00	-9.1832327058266172e-01
1.8385262096865986e+00	-9.1814637450676551e-01
1.8383462175923531e+00	-9.1811266268733149e-01
1.8381717519944831e+00	-9.1808071490475585e-01
1.8381484682574005e+00	-9.1807633589819149e-01
1.8380962977305533e+00	-9.1806678466375924e-01
1.8379802770292739e+00	-9.1804530568586529e-01
1.8379078934784900e+00	-9.1803190527826528e-01
1.8370778624349318e+00	-9.1787824116281536e-01
1.8370778719016376e+00	-9.1787812706187288e-01
1.8366877580191119e+00	-9.1780682145952919e-01
1.8366876328642925e+00	-9.1780679802487330e-01
1.8308108050003749e+00	-9.1672921916572159e-01
1.8295663140290963e+00	-9.1649668149126040e-01
1.8295072990750447e+00	-9.1648565433197171e-01
1.8294369977624603e+00	-9.1647167054493417e-01
1.8275424806501717e+00	-9.1609482802431474e-01
1.8272553896659183e+00	-9.1603649421021938e-01
1.8225739980216273e+00	-9.1508528555211532e-01
1.8220442217277200e+00	-9.1497764068154830e-01
1.8176055153930830e+00	-9.1407574307991590e-01
1.8174971200023697e+00	-9.1405443046704660e-01
1.8174568563780376e+00	-9.1404651386623492e-01
1.8169672317150536e+00	-9.1394737965772321e-01
1.8167610837285548e+00	-9.1390564091573812e-01
1.8167246962045180e+00	-9.1389827354095532e-01
1.8156787778844521e+00	-9.1368650666590512e-01
1.8156783645993089e+00	-9.1368472677990065e-01
1.8154948586053010e+00	-9.1364926856589279e-01
1.8151307539896622e+00	-9.1357554837649957e-01
1.8146086388109437e+00	-9.1346983581970398e-01
1.8146044797693561e+00	-9.1346899373937773e-01
1.8133318291748088e+00	-9.1322210069243626e-01
1.8133176829302202e+00	-9.1321924730957382e-01
1.8115663161059159e+00	-9.1287948375356143e-01
1.7975893164226786e+00	-9.1016220913018264e-01
1.7961830104248584e+00	-9.0988654845866834e-01
1.7894414984890126e+00	-9.0855531437831938e-01
1.7888482399943046e+00	-9.0843759149690639e-01
1.7888449122832892e+00	-9.0843705061541324e-01
1.7845156982321708e+00	-9.0757798571048975e-01
1.7842025968725195e+00	-9.0751831476240785e-01
1.7841975173502831e+00	-9.0751535613070300e-01
1.7827969701757611e+00	-9.0724633209321026e-01
1.7825773545818824e+00	-9.0719334709479515e-01
1.7825602584976801e+00	-9.0719320632405542e-01
1.7825458595509716e+00	-9.0718714121929667e-01
1.7802163544263070e+00	-9.0674694439000747e-01
1.7799338443379236e+00	-9.0669154949415431e-01
1.7799242601863292e+00	-9.0668967022293090e-01
1.7798914418643106e+00	-9.0668323516944060e-01
1.7792713143046710e+00	-9.0656637128161099e-01
1.7792670091916174e+00	-9.0656552478312091e-01
1.7785514765978812e+00	-9.0643024478284961e-01
1.7743189998288018e+00	-9.0562762975057876e-01
1.7737599504876247e+00	-9.0552043684399408e-01
1.7729432577512827e+00	-9.0536272668169282e-01
1.7691351955457097e+00	-9.0461268852040511e-01
1.7676328541574189e+00	-9.0431479684916038e-01
1.7674440822748232e+00	-9.0427814404384210e-01
1.7671871266814383e+00	-9.0422714889321809e-01
1.7650187600730625e+00	-9.0380649879141561e-01
1.7650148343008452e+00	-9.0380562395155983e-01
1.7619653402730791e+00	-9.0321274092624593e-01
1.7548569941147050e+00	-9.0182816437435076e-01
1.7547055492989954e+00	-9.0179828177995369e-01
1.7544481245999599e+00	-9.0174687778274898e-01
1.7518439432773587e+00	-9.0122505317058588e-01
1.7472310822648129e+00	-9.0028094493953370e-01
1.7441278490136407e+00	-8.9964162447958806e-01
1.7353326061857970e+00	-8.9782422002820761e-01
1.7349308598960891e+00	-8.9774008172469988e-01
1.7327843466308672e+00	-8.9728960219873732e-01
1.7239281421625960e+00	-8.9542262908012438e-01
1.7210845167814288e+00	-8.9482021422670655e-01
1.7118691688519414e+00	-8.9286590815517997e-01
1.7093463046184538e+00	-8.9233029110132289e-01
1.7093399473520094e+00	-8.9232891045362683e-01
1.7093376009883035e+00	-8.9232844327587235e-01
1.7071363645517079e+00	-8.9186110945768182e-01
1.6998332405908365e+00	-8.9043568524636318e-01
1.6997587076894691e+00	-8.9042121727745294e-01
1.6997303751509099e+00	-8.9041557606688138e-01
1.6995481385512281e+00	-8.9038020380687521e-01
1.6982723380355855e+00	-8.9013119297896737e-01
1.6982688744061163e+00	-8.9013140798306956e-01
1.6978304269836106e+00	-8.9004639990649570e-01
1.6978225651592862e+00	-8.9004333458762142e-01
1.6959834146724546e+00	-8.8968694983431895e-01
1.6959238068521048e+00	-8.8967508684965935e-01
1.6954000765274728e+00	-8.8957366264921789e-01
1.6953916962643059e+00	-8.8957201489100413e-01
1.6952601177875204e+00	-8.8954653375849069e-01
1.6950908650420029e+00	-8.8951358409710235e-01
1.6939714275025328e+00	-8.8929679684602092e-01
1.6911009705103606e+00	-8.8874004542961971e-01
1.6890538817738356e+00	-8.8833754387089103e-01
1.6883640816370449e+00	-8.8820009102608988e-01
1.6876071011097986e+00	-8.8804268537394471e-01
1.6841274023166670e+00	-8.8731414056392366e-01
1.6825729810504098e+00	-8.8698551864217867e-01
1.6823575840751051e+00	-8.8693982300132279e-01
1.6820599719478677e+00	-8.8687648547962172e-01
1.6797617367850333e+00	-8.8638701225609395e-01
1.6713110953681332e+00	-8.8457320881389634e-01
1.6705807295640074e+00	-8.8441418275245409e-01
1.6704447231362556e+00	-8.8438391605041455e-01
1.6696498863603748e+00	-8.8420115901508600e-01
1.6664469906389265e+00	-8.8346038949606043e-01
1.6654555364760519e+00	-8.8322970979233673e-01
1.6654368207868711e+00	-8.8323057104708191e-01
1.6651645856045174e+00	-8.8317221085169217e-01
1.6646400778629034e+00	-8.8305121026388234e-01
1.6638728043010274e+00	-8.8288571811471928e-01
1.6638622329694357e+00	-8.8288330187487263e-01
1.6604531182451092e+00	-8.8214799474257299e-01
1.6604319609661109e+00	-8.8214327270026471e-01
1.6569914578015628e+00	-8.8140119543969619e-01
1.6569914181743322e+00	-8.8140115766568927e-01
1.6569883836162997e+00	-8.8140053237302562e-01
1.6554836925991396e+00	-8.8107598769609530e-01
1.6554664207547274e+00	-8.8107242101513761e-01
1.6545991409743226e+00	-8.8088535866617035e-01
1.6545991060890555e+00	-8.8088529716195851e-01
1.6545946648094001e+00	-8.8088439320849032e-01
1.6535010569107904e+00	-8.8064851446787507e-01
1.6534988542814504e+00	-8.8064807821521862e-01
1.6531414586290640e+00	-8.8057099205253320e-01
1.6531273748309836e+00	-8.8056821759523329e-01
1.6527656551467267e+00	-8.8049019878823054e-01
1.6524501905904678e+00	-8.8042854105927992e-01
1.6524487146906555e+00	-8.8042757080208967e-01
1.6507840785829804e+00	-8.8010233390372028e-01
1.6476347490005068e+00	-8.7948335515384091e-01
1.6465210049314056e+00	-8.7925830954264672e-01
1.6457724034439216e+00	-8.7910400937053046e-01
1.6423712489855031e+00	-8.7838970942269989e-01
1.6415826069674209e+00	-8.7822332780476497e-01
1.6413070920789701e+00	-8.7816520179593638e-01
1.6408655422643394e+00	-8.7807204701737696e-01
1.6386377324830699e+00	-8.7760204087091231e-01
1.6375870362212332e+00	-8.7738037306727723e-01
1.6370753993533775e+00	-8.7727243186212056e-01
1.6363633709400480e+00	-8.7712221359234910e-01
1.6363266447221265e+00	-8.7711446537780013e-01
1.6362139849958370e+00	-8.7709069729658407e-01
1.6360171200822484e+00	-8.7704916425359825e-01
1.6358886383175057e+00	-8.7702205816058909e-01
1.6356564989747948e+00	-8.7697308319027178e-01
1.6355551417622769e+00	-8.7695169962634612e-01
1.6354545306340409e+00	-8.7693047346553499e-01
1.6351915145897329e+00	-8.7687498436656308e-01
1.6351744206438852e+00	-8.7687121486245012e-01
1.6351356988902048e+00	-8.7686267606099011e-01
1.6351175455085185e+00	-8.7685867293335995e-01
1.6350348380748647e+00	-8.7684043454568084e-01
1.6346747639258625e+00	-8.7676103210707801e-01
1.6346268500705270e+00	-8.7675046629176734e-01
1.6345303109014284e+00	-8.7672917777253212e-01
1.6344488857131700e+00	-8.7671122214164521e-01
1.6344233227651770e+00	-8.7670558507935070e-01
1.6338398390251345e+00	-8.7657691704813301e-01
1.6334699925880936e+00	-8.7649535965477110e-01
1.6330411202740356e+00	-8.7640078605741667e-01
1.6329241234862115e+00	-8.7637498628732013e-01
1.6294709867306472e+00	-8.7561351124119169e-01
1.6294531074421874e+00	-8.7560974536441727e-01
1.6294225104806586e+00	-8.7560297889479743e-01
1.6294221034228047e+00	-8.7560320403275005e-01
1.6283130773176724e+00	-8.7535794466472683e-01
1.6281591018542976e+00	-8.7533546607853197e-01
1.6269682122721600e+00	-8.7507508929036448e-01
1.6263083916506040e+00	-8.7493695698116092e-01
1.6262812977194170e+00	-8.7493107372244783e-01
1.6262810916056336e+00	-8.7493124176382764e-01
1.6260530187126858e+00	-8.7488349509702090e-01
1.6260362308315524e+00	-8.7487984768547711e-01
1.6260359581218504e+00	-8.7487992349175203e-01
1.6247070082125974e+00	-8.7460171012014176e-01
1.6246976503965240e+00	-8.7459969896095913e-01
1.6246974106194425e+00	-8.7459932573493337e-01
1.6241402807102119e+00	-8.7448269154925584e-01
1.6184253171133405e+00	-8.7328527571572279e-01
1.5999210805621171e+00	-8.6938800850703113e-01
1.5997848802147043e+00	-8.6935932268979599e-01
1.5997650147360973e+00	-8.6935513872478098e-01
1.5994794155522214e+00	-8.6929498729237431e-01
1.5994237762786925e+00	-8.6928326883451523e-01
1.5993996148723768e+00	-8.6927796078931607e-01
1.5989029577466163e+00	-8.6916884965407926e-01
1.5982840721201401e+00	-8.6903288600877138e-01
1.5957887643132058e+00	-8.6848468916741339e-01
1.5864601203859210e+00	-8.6643526940409632e-01
1.5846589153798005e+00	-8.6603956074953703e-01
1.5831178663202421e+00	-8.6570100603316902e-01
1.5821639637705731e+00	-8.6549144216163432e-01
1.5821198605050146e+00	-8.6548175306804609e-01
1.5820730775683400e+00	-8.6547147527464396e-01
1.5818770920770786e+00	-8.6542704344861510e-01
1.5818702609308184e+00	-8.6542549476100428e-01
1.5818665260398110e+00	-8.6542464802471575e-01
1.5809078570191739e+00	-8.6520730838967397e-01
1.5724754353821102e+00	-8.6329559600336991e-01
1.5712243954662588e+00	-8.6301068453875018e-01
1.5658491636031060e+00	-8.6178653080600609e-01
1.5658234852456860e+00	-8.6178086718390390e-01
1.5636748085719936e+00	-8.6129152818653121e-01
1.5602401643925758e+00	-8.6054330617453190e-01
1.5600067776231386e+00	-8.6049125366903156e-01
1.5600040072198436e+00	-8.6048664472701675e-01
1.5577349955945949e+00	-8.5999470621677654e-01
1.5576829260378739e+00	-8.5998311410243133e-01
1.5571074262939069e+00	-8.5985845200305122e-01
1.5570168518244198e+00	-8.5983847488539944e-01
1.5570154254870712e+00	-8.5983852321273457e-01
1.5551556322792648e+00	-8.5943566338850630e-01
1.5550768532867296e+00	-8.5941850173413425e-01
1.5478682281267937e+00	-8.5785728670883554e-01
1.5473295435329000e+00	-8.5774062056748057e-01
1.5471232562859041e+00	-8.5769543122774716e-01
1.5447455839975874e+00	-8.5717457769765160e-01
1.5435754699853899e+00	-8.5691825220785967e-01
1.5432656255812960e+00	-8.5684826322917818e-01
1.5398269021780351e+00	-8.5607150968519807e-01
1.5360624958263038e+00	-8.5522118948441783e-01
1.5315761769206315e+00	-8.5420780058954449e-01
1.5315758202777676e+00	-8.5420782083311142e-01
1.5291019576483287e+00	-8.5364901416581318e-01
1.5270766230332737e+00	-8.5319152292400602e-01
1.5270763722489435e+00	-8.5319133569659267e-01
1.5268476454306821e+00	-8.5313788722682260e-01
1.5260942685243670e+00	-8.5296183947208737e-01
1.5253665923426751e+00	-8.5279179741626199e-01
1.5253411487314195e+00	-8.5278585179913946e-01
1.5252598580485146e+00	-8.5276626655114807e-01
1.5242452915127289e+00	-8.5252182848645108e-01
1.5236087900480497e+00	-8.5236847709872532e-01
1.5201440726813105e+00	-8.5153372769789692e-01
1.5196701975670537e+00	-8.5141955764423227e-01
1.5196699842354784e+00	-8.5141947685920272e-01
1.5149580700616934e+00	-8.5028424211507025e-01
1.5149579267942379e+00	-8.5028423698520528e-01
1.5149391280063964e+00	-8.5027970782013174e-01
1.5148987518055148e+00	-8.5027011105449990e-01
1.5108080661289296e+00	-8.4928454800387776e-01
1.5107677447145527e+00	-8.4927516568379768e-01
1.5106784819474668e+00	-8.4925439528511537e-01
1.5098798590149303e+00	-8.4906250185040388e-01
1.5086325856826814e+00	-8.4876280651985636e-01
1.5086051526923285e+00	-8.4875373521847974e-01
1.5083536434573033e+00	-8.4869578217140207e-01
1.5076636765996250e+00	-8.4852999666141615e-01
1.5074703261862819e+00	-8.4848567248451445e-01
1.5074702288386819e+00	-8.4848558157687315e-01
1.5052322796661239e+00	-8.4797254799547939e-01
1.5051927112012815e+00	-8.4796314321555410e-01
1.4970149500468171e+00	-8.4608845091051710e-01
1.4970148709837596e+00	-8.4608840347493008e-01
1.4953322266441853e+00	-8.4570266949029393e-01
1.4898001432521257e+00	-8.4442713841134209e-01
1.4883565120370728e+00	-8.4409428072449155e-01
1.4875357713410859e+00	-8.4390504274825384e-01
1.4855806539488101e+00	-8.4344807711526015e-01
1.4848884663525352e+00	-8.4328629350864304e-01
1.4848580968886886e+00	-8.4327918595270379e-01
1.4848575891724707e+00	-8.4327896389045254e-01
1.4773420093342997e+00	-8.4152004564331373e-01
1.4773032996840549e+00	-8.4151122023140357e-01
1.4772696365707072e+00	-8.4150354537927763e-01
1.4772484320326398e+00	-8.4149871095732787e-01
1.4764498843229266e+00	-8.4131665009075873e-01
1.4760421106446715e+00	-8.4122368178301177e-01
1.4691157350012849e+00	-8.3964453762358326e-01
1.4691021745622241e+00	-8.3964144597951940e-01
1.4688656532098232e+00	-8.3958910471895476e-01
1.4670110549504969e+00	-8.3917868929663098e-01
1.4662979509015015e+00	-8.3902088212844372e-01
1.4651866724912570e+00	-8.3876808310175954e-01
1.4651757751781027e+00	-8.3876560412787371e-01
1.4645478177659341e+00	-8.3862275331647318e-01
1.4635348823083696e+00	-8.3839232582377143e-01
1.4634974809021530e+00	-8.3838381756967328e-01
1.4631062042175724e+00	-8.3829480804324463e-01
1.4576035382721571e+00	-8.3704303478611530e-01
1.4565701450235273e+00	-8.3680795345543579e-01
1.4535352406996476e+00	-8.3610481531511427e-01
1.4516741434264457e+00	-8.3567362924267707e-01
1.4440679718236495e+00	-8.3389284474294334e-01
1.4427136979417938e+00	-8.3357808180624371e-01
1.4402316425437858e+00	-8.3300119772349257e-01
1.4365017119192527e+00	-8.3213428008386781e-01
1.4356221292669138e+00	-8.3192984579444562e-01
1.4345697969592293e+00	-8.3167634220589237e-01
1.4331390652805462e+00	-8.3133168338267238e-01
1.4230710488008191e+00	-8.2890089826060331e-01
1.4190410300867113e+00	-8.2792507017650108e-01
1.4190380461901761e+00	-8.2792499835302547e-01
1.4172366654367334e+00	-8.2748892628271931e-01
1.4126482366647599e+00	-8.2637963845634654e-01
1.4089387613899476e+00	-8.2548284437517572e-01
1.4026908910460831e+00	-8.2395952400897987e-01
1.3958922030841951e+00	-8.2689924515762092e-01
1.3901273903322600e+00	-8.2084576442013668e-01
1.3856973014326013e+00	-8.1971673537827350e-01
1.3733762596411505e+00	-8.1661794462210624e-01
1.3633419932710016e+00	-8.1402046568476971e-01
1.3484344869754534e+00	-8.1024255855499194e-01
1.3408878826079975e+00	-8.0845639290677485e-01
1.3377882707579094e+00	-8.0772276226445450e-01
1.3346978116528228e+00	-8.0695046099521350e-01
1.3285209907056597e+00	-8.0539111186509449e-01
1.3223506857644498e+00	-8.0380727660162377e-01
1.3147472512665759e+00	-8.0186207293262879e-01
1.3070328573204781e+00	-7.9989276661541731e-01
1.3040965252299161e+00	-7.9914318895892500e-01
1.3002770366687910e+00	-7.9868603753651046e-01
1.2994155963818812e+00	-7.9841830667655445e-01
1.2937261612927320e+00	-7.9698116471296765e-01
1.2907672757260109e+00	-7.9824091309707002e-01
1.2859243894224295e+00	-7.9516555128244426e-01
1.2829778687402453e+00	-7.9367230141843537e-01
1.2802084205076700e+00	-7.9323721226680521e-01
1.2736751799421371e+00	-7.9439432736588667e-01
1.2625303096667939e+00	-7.9021525841658657e-01
1.2590790463634047e+00	-7.8740474272941152e-01
1.2543637297193788e+00	-7.8618159082048711e-01
1.2521169884773662e+00	-7.8559456254564330e-01
1.2520068329416920e+00	-7.8556578112085695e-01
1.2496566004200427e+00	-7.8492550908281300e-01
1.2460937172753339e+00	-7.8395487556831533e-01
1.2449565001553342e+00	-7.8364506438307580e-01
1.2446356299850179e+00	-7.8355917072135328e-01
1.2357116944454396e+00	-7.8113772853419816e-01
1.2330089834614106e+00	-7.8044683640095869e-01
1.2330077644286359e+00	-7.8044651007835697e-01
1.2269852118429436e+00	-7.7890696914036373e-01
1.2238826449954596e+00	-7.7810244692629915e-01
1.2211364468530197e+00	-7.7739033417630077e-01
1.2209678014360001e+00	-7.7734660297211977e-01
1.2204324475833175e+00	-7.7720447203297749e-01
1.2191867739210114e+00	-7.7687375849350970e-01
1.2149596344028495e+00	-7.7575149644833874e-01
1.2078530073886302e+00	-7.7384838316849980e-01
1.2067268416058343e+00	-7.7354680253787844e-01
1.2041961073521279e+00	-7.7286908665996124e-01
1.2027396523654008e+00	-7.7247455810258836e-01
1.2019449428675189e+00	-7.7225928499453689e-01
1.2017568294494652e+00	-7.7220832831127273e-01
1.2017103489119698e+00	-7.7219425481097193e-01
1.1993391333165231e+00	-7.7147629187004974e-01
1.1989566820341084e+00	-7.7136076123236597e-01
1.1955292470789380e+00	-7.7032299339507659e-01
1.1955000413862451e+00	-7.7031590682446316e-01
1.1947748236875244e+00	-7.7009660169201621e-01
1.1945071869071344e+00	-7.7001666060301432e-01
1.1945027976658276e+00	-7.7001533470382022e-01
1.1945027474280561e+00	-7.7001533456407600e-01
1.1926025708630263e+00	-7.6944776614659971e-01
1.1896688335898968e+00	-7.6857148093603289e-01
1.1883478053981891e+00	-7.6999821362846643e-01
1.1817707323819666e+00	-7.6997991846937897e-01
1.1755045418975685e+00	-7.6466078756391398e-01
1.1691294736248983e+00	-7.6299337975933734e-01
1.1668387841507086e+00	-7.6238800355389802e-01
1.1656939095980461e+00	-7.6208267400321328e-01
1.1645549666470398e+00	-7.6175662442598435e-01
1.1573483820063775e+00	-7.5969356773532570e-01
1.1444562820548183e+00	-7.5713390288306304e-01
1.1409400764587507e+00	-7.5948002239619750e-01
1.1303002233216486e+00	-7.6848932438307394e-01
1.1083082759910852e+00	-7.5582368473155093e-01
1.1010021102775489e+00	-7.5378513359209642e-01
1.0920291232639185e+00	-7.5544734969224359e-01
1.0821003572307781e+00	-7.5610437502357164e-01
1.0771220833351454e+00	-7.5622742828396483e-01
1.0657606006072038e+00	-7.5660300378116763e-01
1.0609651968545015e+00	-7.5946558759345839e-01
1.0479511521291835e+00	-7.6627962232204949e-01
1.0441539491044913e+00	-7.7132355586898393e-01
1.0407442962688322e+00	-7.7663735265166400e-01
1.0323848709084955e+00	-7.9004751216415725e-01
1.0296891447323782e+00	-7.9542714110268942e-01
1.0278941348911494e+00	-7.9859794734225908e-01
1.0245650966465472e+00	-8.0665188106759966e-01
1.0219539523321559e+00	-8.1142702875837847e-01
1.0180240075853364e+00	-8.2408872499246377e-01
1.0193332267014426e+00	-8.2895312771104246e-01
1.0177711708540513e+00	-8.4166852681497173e-01
1.0197170465612722e+00	-8.4673136082458245e-01
1.0177924004803245e+00	-8.5443925377763608e-01
1.0173855819679007e+00	-8.6065031247897761e-01
1.0135887603875473e+00	-8.7679786455801212e-01
1.0143640375206007e+00	-8.9303624166314399e-01
1.0096419233490908e+00	-9.0808656517319697e-01
1.0083954240625719e+00	-9.1113790367501790e-01
1.0016700496063913e+00	-9.2092353853693909e-01
1.0003632393686923e+00	-9.2131323275323085e-01
9.8814414827429597e-01	-9.2995903288602089e-01
9.8319730765388980e-01	-9.3537121399214174e-01
9.7520792082555696e-01	-9.4705965646134660e-01
9.6725772151508704e-01	-9.5199482754531850e-01
9.6439267918777960e-01	-9.5576876841174996e-01
9.6107465708928830e-01	-9.6324571360647060e-01
9.5790363157390301e-01	-9.7149725006924592e-01
9.5461988578291801e-01	-9.8175747441541816e-01
9.5571139712524200e-01	-9.8903507566627880e-01
9.5590228410891387e-01	-9.9937518661611235e-01
9.5798757674252988e-01	-1.0035671932690549e+00
9.6011481643477414e-01	-1.0112254621560028e+00
9.6178593650366062e-01	-1.0170993392542789e+00
9.6179968032419061e-01	-1.0252296420338238e+00
9.6194689144240031e-01	-1.0264304779595215e+00
9.5660899661447218e-01	-1.0227198346245319e+00
9.4886692542431561e-01	-1.0179992573727541e+00
9.4095363656578868e-01	-1.0131672671626957e+00
9.3684094271420171e-01	-1.0109460984391381e+00
9.2217250472072521e-01	-1.0035357631029047e+00
9.1948731820994556e-01	-1.0018624559589910e+00
9.1802697238359676e-01	-9.9972314077982760e-01
9.0942562467664634e-01	-9.9134104921341326e-01
9.0592217337650560e-01	-9.8803312255897435e-01
9.0153015752626786e-01	-9.8602095236356513e-01
8.9965968769747273e-01	-9.8176039220348799e-01
8.9056224885008850e-01	-9.7496258986789330e-01
8.7943647625398380e-01	-9.6998774525077680e-01
8.7718033466558265e-01	-9.6920896138960400e-01
8.7033127230902230e-01	-9.6420420253373462e-01
8.6699767100964897e-01	-9.6221384597436066e-01
8.5989107652685870e-01	-9.5335435092566123e-01
8.5517415284318132e-01	-9.5077758994524708e-01
8.4815925403960468e-01	-9.4681388231943309e-01
8.4304778964653571e-01	-9.4506827223629952e-01
8.3710349389343519e-01	-9.4397063113084001e-01
8.3169111938218276e-01	-9.4118908203552787e-01
8.2939712292748125e-01	-9.4014017545458672e-01
8.2360633685158413e-01	-9.3667725924323963e-01
8.1926809608199169e-01	-9.3247598495626172e-01
8.1464232064872166e-01	-9.3027680400448920e-01
8.1440690043890906e-01	-9.3005871492237135e-01
8.1054176393569166e-01	-9.2693819552524315e-01
8.0355814102350287e-01	-9.1876249221075701e-01
7.8984824251054908e-01	-9.1064253050708011e-01
7.9175443791594213e-01	-9.0751976006942270e-01
7.9167339173831519e-01	-8.9566960628088965e-01
7.9175774815234179e-01	-8.8992943528621871e-01
7.8817539163133898e-01	-8.8675316334673226e-01
7.7893684086282922e-01	-8.7528742048613029e-01
7.7255352428865887e-01	-8.7088511334649599e-01
7.6529334546064831e-01	-8.5962338426506579e-01
7.6133075596764688e-01	-8.5405213365331289e-01
7.5731277104877959e-01	-8.4155644972972188e-01
7.5686810570887952e-01	-8.3982192472199824e-01
7.5507658222181939e-01	-8.2490164690214252e-01
7.5436201376970158e-01	-8.1963926021260791e-01
7.5534837261538645e-01	-8.0630363749760126e-01
7.5386370009749515e-01	-8.0111766544281715e-01
7.5195219746981379e-01	-7.9594891924384059e-01
7.4511818381211736e-01	-7.8332740764413256e-01
7.4139019682602081e-01	-7.7851112676277834e-01
7.3866493746990702e-01	-7.7411029186236346e-01
7.3008287302370989e-01	-7.6737079677579745e-01
7.2214427724874863e-01	-7.6477833927455208e-01
7.1228506735549313e-01	-7.6482293086521302e-01
7.0350402459917183e-01	-7.7344417135775922e-01
6.9509506722871450e-01	-7.7300197650790481e-01
6.8594764528287178e-01	-7.7206996959463758e-01
6.7241084496042325e-01	-7.7747207045899602e-01
6.7828687589699554e-01	-7.6288922817290072e-01
6.7245448796807594e-01	-7.4786044782889427e-01
6.6899032775033462e-01	-7.4488210165628321e-01
6.6543843593873708e-01	-7.4630915367014361e-01
6.5171257018386330e-01	-7.5151015420529843e-01
6.4828395174836073e-01	-7.5545847595771531e-01
6.4028454835296844e-01	-7.6152149413432890e-01
6.3337175973103277e-01	-7.6035016375672282e-01
6.2945289599867027e-01	-7.5230509084278163e-01
6.2685893956753269e-01	-7.4713534957344896e-01
6.2321197407337325e-01	-7.4260685455935460e-01
6.1257450530793855e-01	-7.2739940099454803e-01
5.9498074718272143e-01	-7.1494247939530464e-01
5.8904855111452359e-01	-7.1127056705189295e-01
5.7733185969142864e-01	-7.0168730341316210e-01
5.7212425094347219e-01	-6.9708365255555937e-01
5.6532965838311677e-01	-6.9253136611892607e-01
5.6055188094783825e-01	-6.8961447721796543e-01
5.4880347723041711e-01	-6.8339324288555703e-01
5.4378541210872777e-01	-6.8092436898775344e-01
5.3690558610196770e-01	-6.7650473139484180e-01
5.3360410874520370e-01	-6.7420984286892793e-01
5.2585551954037091e-01	-6.6885385008724041e-01
5.2290714048385312e-01	-6.6713223489761309e-01
5.0847084228375339e-01	-6.6015261021113658e-01
5.0682867678017474e-01	-6.5936983742667876e-01
5.0540350098538533e-01	-6.5606966099649100e-01
4.9645245267989280e-01	-6.4348629161323190e-01
4.9300725345261093e-01	-6.3805401999744205e-01
4.8545376884665686e-01	-6.3088661563874215e-01
4.7480627775119438e-01	-6.2489126987419064e-01
4.7060300233449409e-01	-6.2365724613472817e-01
4.6143413017272406e-01	-6.2344706972721409e-01
4.5682166920201006e-01	-6.1940034930609800e-01
4.5173315980777662e-01	-6.1270263295080607e-01
4.4430981550462900e-01	-6.0338129215280289e-01
4.4329098813969586e-01	-6.0200092064721900e-01
4.3927952366444878e-01	-6.0002777577831268e-01
4.3733591819235551e-01	-5.9997126937150880e-01
4.3015112552872820e-01	-5.9347371337885391e-01
4.2599771833824224e-01	-5.9415393029678498e-01
4.2325948854719969e-01	-5.8677191472047374e-01
4.2065628408053451e-01	-5.9502871424679882e-01
4.1171701654714721e-01	-5.9649272697929712e-01
4.0274370513730612e-01	-5.8373832168806083e-01
3.9585993346920262e-01	-5.7649523861927787e-01
3.8185934776577518e-01	-5.8075159795737796e-01
3.8177684656732086e-01	-5.8058428940376161e-01
3.7499771614858152e-01	-5.8052028106289655e-01
3.6869555245314328e-01	-5.7896596777661391e-01
3.6216957490288787e-01	-5.7284975174924735e-01
3.5819571808662720e-01	-5.6602792482930653e-01
3.5798393311555488e-01	-5.6418187190929514e-01
3.5133882224430774e-01	-5.5750732191496333e-01
3.4115451484595360e-01	-5.4904759805993752e-01
3.3418829172456244e-01	-5.5442903930481413e-01
3.2444046102760393e-01	-5.6057583016858881e-01
3.2407574844344855e-01	-5.5902849655579034e-01
3.2367477756347102e-01	-5.5555417444874189e-01
3.2022678017672962e-01	-5.5322626157949395e-01
3.1701344629586581e-01	-5.4571610221481914e-01
3.1270092892264090e-01	-5.4231284764496035e-01
2.9642103309595891e-01	-5.3612687791500402e-01
2.9268743944890407e-01	-5.4203597937503412e-01
2.9076120261191468e-01	-5.4400128885882448e-01
2.8751075168799389e-01	-5.4561105697572310e-01
2.8717611885128363e-01	-5.4531068687284090e-01
2.7769976553810716e-01	-5.2854782135224254e-01
2.7659089951513405e-01	-5.2701260549806461e-01
2.6960349015581803e-01	-5.2075757084729291e-01
2.5372454198093380e-01	-5.1595713395812637e-01
2.3932399477177069e-01	-5.2061165997887604e-01
2.3602475380483401e-01	-5.2078627049183279e-01
2.2244957987995237e-01	-5.2335487993101992e-01
2.1837032785955468e-01	-5.2365246851489133e-01
2.0779712983897675e-01	-5.2482405034976010e-01
2.0395774329728630e-01	-5.2613294085650220e-01
2.0068179401980060e-01	-5.2707423117362395e-01
1.8512043544146933e-01	-5.3314431007443908e-01
1.8345127341691297e-01	-5.3362210769115848e-01
1.7181446074319828e-01	-5.4158514212442666e-01
1.6760610390821068e-01	-5.4716568033175972e-01
1.6499973888156805e-01	-5.4997296752047709e-01
1.5301663489210349e-01	-5.5633687300477486e-01
1.4688660113854540e-01	-5.5845245533419308e-01
1.4143190294010538e-01	-5.6408150324144035e-01
1.3501232093098753e-01	-5.6963004178759280e-01
1.2930338406309183e-01	-5.7251817218292944e-01
1.2501287700088173e-01	-5.7567689005086098e-01
1.2235889957498702e-01	-5.7766328112658327e-01
1.2190549944433404e-01	-5.7440646851878208e-01
1.1770143215721270e-01	-5.7142482027637276e-01
1.0656680872211344e-01	-5.7280397654841031e-01
9.9857161717052403e-02	-5.7574786849925141e-01
9.2296550050746898e-02	-5.7507528581318335e-01
8.6086083412868955e-02	-5.7032415413411275e-01
8.4909049720444996e-02	-5.6716912758275362e-01
7.8092747518736155e-02	-5.6658242221625210e-01
6.7208984834807237e-02	-5.7200942044474190e-01
6.5965823672502463e-02	-5.7293634182364239e-01
6.4243591778979800e-02	-5.7285176968885365e-01
5.8611629173111482e-02	-5.7535019814626231e-01
4.9242044592653272e-02	-5.7598099414514004e-01
3.5067680009908495e-02	-5.7439654464289924e-01
3.2046103883235678e-02	-5.7147894413450540e-01
2.3166489488678596e-02	-5.7082936475462642e-01
1.5497604253125085e-02	-5.7073453327005963e-01
3.5749849308880852e-03	-5.6643075448666447e-01
-2.8472562859559979e-03	-5.5928979471948914e-01
-7.8286649623538380e-03	-5.5581674172016715e-01
-1.9871366939795593e-02	-5.4312301651653216e-01
-2.4420145168767424e-02	-5.3784745149037538e-01
-3.1179649427886414e-02	-5.3716036883412810e-01
-3.5535541731904166e-02	-5.3759044820791668e-01
-3.7620592408414741e-02	-5.4190892307436567e-01
-4.6793418192412575e-02	-5.4734320671631576e-01
-4.7297514755412037e-02	-5.4669461986613954e-01
-5.1295594486973128e-02	-5.4033514554340789e-01
-5.1904518638381622e-02	-5.3874999724755890e-01
-5.1819743113437206e-02	-5.3857218812745500e-01
-4.9550081012881331e-02	-5.3656322112896759e-01
-4.9910844562702145e-02	-5.2886401868093835e-01
-4.9305575798680529e-02	-5.2871284844779132e-01
-1.9351367657306249e-02	-5.1922788746705095e-01
-1.3327421046384107e-02	-5.1666570730195127e-01
2.2216551199552539e-02	-4.8503647897723168e-01
2.5784558154675841e-02	-4.6823618146394258e-01
2.5411605724680514e-02	-4.6651311869680229e-01
3.1485837740512196e-02	-4.6196589223133327e-01
3.4517827678563401e-02	-4.5591070750248819e-01
3.7045588165806193e-02	-4.5103084770478041e-01
3.5784610109812161e-02	-4.4680964727118094e-01
3.1917899519689125e-02	-4.3353590617491511e-01
2.1520248051880457e-02	-4.1911752242104217e-01
1.7762252608596020e-02	-4.1540888193012887e-01
1.5092111784679929e-02	-4.1236008863732065e-01
1.1360729975467164e-02	-4.0836131089759437e-01
-1.4159751784460495e-03	-3.9615411949071494e-01
-4.8464324494457388e-03	-3.9272801830736759e-01
-7.8500185156333800e-03	-3.8034214048582149e-01
-1.1729113160948549e-02	-3.7323208224729437e-01
-1.2721663277907230e-02	-3.7175793024332748e-01
-1.4063032573464317e-02	-3.7022760919934389e-01
-1.4389275433801200e-02	-3.6371810913598307e-01
-1.5195349408403103e-02	-3.6170861278985794e-01
-1.5238036267144258e-02	-3.6061055149380400e-01
-1.7465459288991476e-02	-3.5571618302808172e-01
-1.9148578855958057e-02	-3.5185343773079553e-01
-1.9201573745034655e-02	-3.5172132450134241e-01
-2.1257798945082052e-02	-3.4331907285151697e-01
-2.2781038682271913e-02	-3.4199987247443719e-01
-2.6815406371583497e-02	-3.3800262506979240e-01
-3.2269076847936534e-02	-3.3071847453302727e-01
-3.7744697606489575e-02	-3.2557384831686964e-01
-3.7911434327152438e-02	-3.2498512983684086e-01
-4.1865442579053599e-02	-3.2127735635140764e-01
-4.6126517090800082e-02	-3.1663184344849571e-01
-4.8686362202857048e-02	-3.1342225634116694e-01
-5.3920480572714424e-02	-3.0700434397248660e-01
-5.8111327106288219e-02	-3.0327717867352355e-01
-6.4699339808203749e-02	-2.9600260606360035e-01
-7.0023049910887092e-02	-2.9108051371728882e-01
-6.9551510250087628e-02	-2.8920470413340760e-01
-8.1374512943517385e-02	-2.7327966369691986e-01
-8.3447313239483109e-02	-2.7178200957317700e-01
-8.3571641813984118e-02	-2.7025151131293268e-01
-9.1126794246779622e-02	-2.6469945342064644e-01
-9.5702348361598244e-02	-2.5340129183113685e-01
-1.0061857645682297e-01	-2.4901005061717468e-01
-1.0618763689460120e-01	-2.4479466899807928e-01
-1.0673582402569373e-01	-2.4328097026514672e-01
-1.0852084960280675e-01	-2.4151838397971021e-01
-1.0772198071496328e-01	-2.3645698429525103e-01
-1.0824483238144220e-01	-2.3590457349545468e-01
-1.0795531075978126e-01	-2.3512812071234090e-01
-1.0847927377144131e-01	-2.3483101095968345e-01
-1.1097703290323691e-01	-2.2970100511524488e-01
-1.1565815702846616e-01	-2.1738929485219907e-01
-1.1842259245907472e-01	-2.1423699312384750e-01
-1.2271483492843435e-01	-2.0917874592337737e-01
-1.3414725458597410e-01	-1.9784828671883933e-01
-1.3930415512846733e-01	-1.9155646895038997e-01
-1.4374031161390952e-01	-1.8515204349376388e-01
-1.4424697871890685e-01	-1.8422927156039109e-01
-1.4394864692895934e-01	-1.8148419894666101e-01
-1.4681374409777076e-01	-1.7531122877018104e-01
-1.5237812702823855e-01	-1.6703805418101556e-01
-1.5382262687991252e-01	-1.6250756523693430e-01
-1.5472616202595954e-01	-1.6098537155126025e-01
-1.5694960860538801e-01	-1.5826771925612998e-01
-1.6049907321225565e-01	-1.4976673521923087e-01
-1.6120785686726455e-01	-1.4740158897657685e-01
-1.6135297036222676e-01	-1.4638249477504908e-01
-1.6603361952368120e-01	-1.3837701242077804e-01
-1.6620471449292301e-01	-1.3836027683453922e-01
-1.7023395308403294e-01	-1.2880773894649142e-01
-1.7625150374278925e-01	-1.1703147346755115e-01
-1.7904723027055669e-01	-1.1148169804304940e-01
-1.8110923260915310e-01	-1.0875203195178011e-01
-1.8343324710748940e-01	-1.0473105909246248e-01
-1.8521716901452095e-01	-9.3430455717188304e-02
-1.8532599767954039e-01	-9.1500188100170646e-02
-1.8473448523335859e-01	-7.3927386786041438e-02
-1.8566347310552758e-01	-6.1084212097908513e-02
-1.8422952151260211e-01	-5.6744048255657903e-02
-1.8144460702675799e-01	-4.0289137819320864e-02
-1.8271534944831000e-01	-3.3264056761219046e-02
-1.8315307331085176e-01	-2.2180895268916572e-02
-1.8761138604230065e-01	-9.9930955503804812e-03
-1.8941551726439829e-01	-4.4398673159808180e-03
-1.8930461106900648e-01	1.2826344609968288e-02
-1.9748115711851577e-01	2.4090528183571207e-02
-1.9944744758858318e-01	3.0621476446803970e-02
-2.1538425709715994e-01	4.5211446576763348e-02
-2.1641389882093809e-01	4.7705287073130050e-02
-2.1710239533232009e-01	4.8713179596868217e-02
-2.1726383990828355e-01	4.9986913723198523e-02
-2.2188822524443103e-01	6.3078477866696306e-02
-2.2618655533207935e-01	6.5094780237545641e-02
-2.3124722820018115e-01	7.2493882907436094e-02
-2.3230027132135136e-01	8.2774247193517614e-02
-2.3497683355554064e-01	8.4677462188931310e-02
-2.3739463716997558e-01	9.3316475802942347e-02
-2.3754746479459146e-01	1.0103952124559737e-01
-2.3804512416711973e-01	1.0891623373864373e-01
-2.3792268407708947e-01	1.1045340145958038e-01
-2.3818776799530808e-01	1.2000618613872101e-01
-2.4267054657047646e-01	1.2916834607439220e-01
-2.4762047100824788e-01	1.3576544456541578e-01
-2.4773498024829407e-01	1.3611255575591213e-01
-2.4748676191996197e-01	1.3651178266391503e-01
-2.4296939132220866e-01	1.5399278983906539e-01
-2.4171528058363442e-01	1.5838317080700048e-01
-2.4107024360175108e-01	1.7229810332875012e-01
-2.5059841926739629e-01	1.8890829408556031e-01
-2.5495241268675922e-01	1.9003977483644502e-01
-2.5612859382474673e-01	1.9558997623845134e-01
-2.5752826639062143e-01	1.9959673566684233e-01
-2.6786830807406153e-01	2.0278700653412698e-01
-2.8336412994616905e-01	1.9872836321815832e-01
-2.9026305196867747e-01	1.9681525110898160e-01
-2.9610681581831499e-01	1.9492780891881056e-01
-3.0915793522572704e-01	1.9095544288167132e-01
-3.1849761940840532e-01	1.8940861983368390e-01
-3.1851249887017252e-01	1.8959193912937647e-01
-3.1498459176342131e-01	2.0693297138591582e-01
-3.2461140726305365e-01	2.1015129175623587e-01
-3.2077409424576042e-01	2.2484660317078420e-01
-3.2122037377307811e-01	2.4337000743715154e-01
-3.2263884867642051e-01	2.6008719286193016e-01
-3.3153047852269857e-01	2.7020939120899828e-01
-3.4831876890221042e-01	2.7029479172612664e-01
-3.6578263846253795e-01	2.6725040357459412e-01
-3.7247210880704812e-01	2.7835190199029164e-01
-3.7712202575663833e-01	2.9625651889138083e-01
-3.8447592858616442e-01	2.9828839130230345e-01
-3.9019948953773992e-01	2.9682525322024073e-01
-3.9139806050720732e-01	2.9667784485628412e-01
-3.9095815343795226e-01	2.9732852554229927e-01
-4.0002905920354614e-01	3.1150800689722291e-01
-4.0067737989990004e-01	3.1139755513607670e-01
-4.0132470659189234e-01	3.1393606655041034e-01
-4.0061789052708824e-01	3.2206686435552451e-01
-4.0003914786357453e-01	3.2879129605875601e-01
-4.0041014707772210e-01	3.3346695284746319e-01
-4.0640270120536232e-01	3.3680812472304877e-01
-4.0868971698315393e-01	3.3936853820681762e-01
-4.1119760601816713e-01	3.4423987989595084e-01
-4.1248836106264597e-01	3.4566390541441133e-01
-4.1489119447297779e-01	3.4681680834428302e-01
-4.1597637908647112e-01	3.5069539429757113e-01
-4.2386628801187121e-01	3.5151485037925789e-01
-4.2584698713222841e-01	3.5242355849216683e-01
-4.2473392917878150e-01	3.5451566056063560e-01
-4.1947141215444805e-01	3.6884977980531314e-01
-4.1481082026441035e-01	3.8248700044947631e-01
-4.1399888755048064e-01	3.8692869053929668e-01
-4.1557566915535016e-01	3.8983979869536634e-01
-4.1478355876699385e-01	3.9122986796282050e-01
-4.0873801493184325e-01	4.0297969155855773e-01
-4.0622100964866742e-01	4.0859757138967701e-01
-4.0718670888486153e-01	4.2074843629397485e-01
-4.0342039563919324e-01	4.2937520905313559e-01
-3.9874153620861347e-01	4.3743656612848786e-01
-3.9454524454998069e-01	4.5145978225803451e-01
-3.9377615739817873e-01	4.5534571840716037e-01
-3.9524794244093103e-01	4.5844225934222033e-01
-3.9603907637382807e-01	4.6055185788253789e-01
-3.9575354912614918e-01	4.6173296820027965e-01
-3.9116607242720791e-01	4.5733299806994726e-01
-3.8500967485202814e-01	4.4932819677694852e-01
-3.8127459823408477e-01	4.4677595783043383e-01
-3.7509368416981054e-01	4.4066193207463850e-01
-3.6777214229328153e-01	4.3416135063681116e-01
-3.6403212156661025e-01	4.2837872353223261e-01
-3.5324682986932898e-01	4.2128021658605169e-01
-3.5136268097876144e-01	4.1505137935818986e-01
-3.4833446591298584e-01	4.1052978993133504e-01
-3.4746042055944215e-01	4.0356071776558494e-01
-3.3632784232108459e-01	3.9740178622240580e-01
-3.3349005996702447e-01	3.9558082585739290e-01
-3.2107921263985678e-01	4.0275005128340369e-01
-3.1547893383186226e-01	4.0916035719620819e-01
-3.1049226066254337e-01	4.0556436162304221e-01
-2.9795912279023345e-01	4.0283995259625877e-01
-2.9825698993607980e-01	3.8916446866945026e-01
-2.9815749273574194e-01	3.8483282229654403e-01
-2.8565299308945674e-01	3.8197295171581236e-01
-2.8107504488744345e-01	3.8051535369413797e-01
-2.7601463736766152e-01	3.8065514031075143e-01
-2.6348957755612190e-01	3.8039953167810875e-01
-2.5556157909349414e-01	3.7383784583654617e-01
-2.4653209885021207e-01	3.6572199585837262e-01
-2.3676249867488039e-01	3.5983770187667680e-01
-2.2881490389006301e-01	3.5875117466745388e-01
-2.2401265863972797e-01	3.5545522052326711e-01
-2.2018692209136526e-01	3.5116847122455119e-01
-2.1472295468312871e-01	3.4772776206023265e-01
-2.1162420835385476e-01	3.4155788098965362e-01
-2.1065804287652723e-01	3.4053027260231067e-01
-2.0948354741025327e-01	3.3777224532167138e-01
-2.1083924268398840e-01	3.3407543549302432e-01
-2.1033294281200918e-01	3.2941391396621644e-01
-2.0560754292053138e-01	3.2317531421784268e-01
-1.9852201832736702e-01	3.2443006304102573e-01
-1.9649732852155949e-01	3.2429897156107601e-01
-1.8800821344290897e-01	3.2006996946821931e-01
-1.8067422294034283e-01	3.1111752370436729e-01
-1.7724209471976476e-01	3.0735469869284371e-01
-1.7604193369011956e-01	3.0253023287416070e-01
-1.7317442320840376e-01	2.9403029941705017e-01
-1.6086928118661645e-01	2.7639457506611426e-01
-1.4662171840848451e-01	2.6482214707537233e-01
-1.4258079111897906e-01	2.6271607472851810e-01
-1.2662365412346177e-01	2.5744688524205794e-01
-1.2571039768609502e-01	2.5749924876237473e-01
-1.2143131079167030e-01	2.5667436206752631e-01
-1.1495001600609989e-01	2.5095583448320608e-01
-1.0886549655657618e-01	2.4558939902468130e-01
-1.0852055185402248e-01	2.3977341021463772e-01
-1.0146211626969434e-01	2.3733122988629748e-01
-9.1533750667957908e-02	2.3313035157490364e-01
-8.7036955703208449e-02	2.3531077501473807e-01
-8.2408029544804320e-02	2.3919262774175623e-01
-8.0635655768205181e-02	2.4258778748417015e-01
-7.9284154339045482e-02	2.5536088337069190e-01
-7.9511349915292975e-02	2.5716767004680907e-01
-7.8360700237590175e-02	2.5683694530686646e-01
-7.5038488301217982e-02	2.5273018791655216e-01
-6.6926047624442250e-02	2.5132124637911163e-01
-5.7458757226023380e-02	2.5236515646759267e-01
-5.1332738038746800e-02	2.5134578169630539e-01
-4.1257181063599033e-02	2.4633974754486407e-01
-3.9243172714033547e-02	2.4629806474074825e-01
-3.8861255218004584e-02	2.4700403376737107e-01
-2.7636759286519017e-02	2.5047145840595225e-01
-2.0590707490357660e-02	2.4762532338270477e-01
-1.6884798192697271e-02	2.4598987650824461e-01
-3.2340305137236076e-03	2.3790581823863799e-01
1.0766627583176265e-03	2.3835651410900160e-01
1.4479362380974374e-02	2.4302889717235598e-01
1.9493156518999469e-02	2.3794831879853651e-01
2.3346959164041736e-02	2.3672269431725679e-01
3.1783913958336359e-02	2.3081222670689877e-01
4.4162963286291129e-02	2.3627671441515102e-01
4.8163608097306979e-02	2.3843317945159964e-01
5.0092904970880953e-02	2.4812047976492108e-01
5.2980003133908840e-02	2.5290769982468980e-01
5.5659225481973135e-02	2.5194430449516980e-01
5.8830154874272317e-02	2.5090829472833881e-01
7.6074477873795537e-02	2.5152608646141356e-01
7.7840356846781492e-02	2.5439980097515880e-01
8.0121827380129615e-02	2.5404720650060381e-01
8.1831880296844406e-02	2.5521804510854373e-01
8.4379759557169115e-02	2.5374649878996647e-01
9.4661897938021100e-02	2.5635941181903976e-01
9.4691884038718227e-02	2.6147805674322838e-01
1.0252444027307167e-01	2.6905929202073314e-01
1.0905495640193737e-01	2.7579256619992343e-01
1.1189525250559425e-01	2.8564571927527760e-01
1.1354620200784347e-01	2.9585719182858511e-01
1.1411444142793307e-01	2.9878603603750609e-01
1.1477588454035165e-01	2.9929521167801931e-01
1.2228309781464462e-01	3.0259018980145996e-01
1.2686869117740696e-01	3.0774063035378774e-01
1.3287863440276887e-01	3.1652146904839290e-01
1.3909711617396336e-01	3.1924329300034004e-01
1.4586379641793987e-01	3.2052612774378542e-01
1.4966504060667099e-01	3.2927860018431721e-01
1.5145151818626879e-01	3.3026776942072172e-01
1.5798262072166019e-01	3.2431185512909916e-01
1.6285017551421077e-01	3.2130743365648051e-01
1.7308448233624404e-01	3.2061956834300442e-01
1.8041969519505474e-01	3.2055166888651376e-01
1.8525847035373236e-01	3.2590406598010363e-01
1.9258129796582404e-01	3.3606383527861905e-01
1.9418857310756299e-01	3.4856905326712534e-01
1.9425695072033369e-01	3.5345691719914957e-01
2.0639513733974979e-01	3.5069724536646729e-01
2.1971723959165379e-01	3.5479764465057895e-01
2.2521690247613463e-01	3.6606561331897552e-01
2.2556726543660907e-01	3.8752717970613570e-01
2.2554864150840045e-01	3.8763153547256668e-01
2.2616189210988003e-01	3.8785166006196398e-01
2.2674775043582951e-01	3.8923119347719587e-01
2.2732898257890541e-01	3.8946762367143478e-01
2.2743441903675576e-01	3.8954476765484630e-01
2.2771077236959433e-01	3.8937275525827486e-01
2.4397223067379348e-01	3.8850609741450332e-01
2.4974308065477582e-01	3.9085473920639929e-01
2.5660544558003834e-01	3.9582904933974894e-01
2.6188968013180752e-01	3.9741109644313943e-01
2.7265655411930112e-01	4.0486714258565804e-01
2.7683004323932647e-01	4.0728173224179470e-01
2.7976528499901848e-01	4.0984515419697426e-01
2.8871710975550213e-01	4.1942738791293921e-01
2.9248694942468156e-01	4.2249120429384474e-01
2.9705587628625962e-01	4.2835600456145356e-01
3.0061212889632227e-01	4.3270118334191571e-01
3.0379029941488983e-01	4.3810272731344058e-01
3.0642380528604263e-01	4.4003175291937857e-01
3.0774545925638841e-01	4.4357401226462434e-01
3.1352644699758392e-01	4.4485848531821126e-01
3.2038186789076228e-01	4.5317081983442692e-01
3.2098940262952169e-01	4.5356071443025991e-01
3.2212798500876771e-01	4.5325691676807145e-01
3.3061884094846067e-01	4.5678437638651098e-01
3.3370959614195872e-01	4.6014759493818858e-01
3.3836520227616590e-01	4.6258321961449933e-01
3.3919086528520642e-01	4.6424301018788611e-01
3.4670508534218608e-01	4.6955075133133950e-01
3.4865655395466844e-01	4.6933637607845108e-01
3.5268886777507708e-01	4.7082228759817074e-01
3.5758430009680686e-01	4.7475498553450995e-01
3.5841340904998814e-01	4.7642004945964017e-01
3.6032782751244585e-01	4.7741149487614248e-01
3.6122686103213464e-01	4.7838702973539943e-01
3.7727148434641905e-01	4.8435070932101176e-01
3.9245031771748606e-01	4.9045980009265205e-01
3.9440208346140437e-01	4.9784242646173504e-01
3.9543180344857026e-01	4.9790127973400394e-01
4.0280391715794089e-01	4.9869109397233857e-01
4.0398056697516183e-01	5.0250190138222484e-01
4.0440246381634026e-01	5.0431754051533306e-01
4.0913773905588241e-01	5.0707302020127532e-01
4.0939153922102001e-01	5.0720589944771599e-01
4.0996326744987333e-01	5.0753101198217110e-01
4.1094224885014830e-01	5.0798409977038583e-01
4.1148367423092047e-01	5.0811306676212098e-01
4.1196842913760967e-01	5.0845903193623176e-01
4.1206806171766575e-01	5.0850514344082121e-01
4.1228264231049461e-01	5.0861462454789730e-01
4.1392018391728924e-01	5.0854893601220141e-01
4.1664028825798671e-01	5.1050706216416875e-01
4.1816660646250597e-01	5.1115960384398307e-01
4.2325141229515684e-01	5.1391696770982620e-01
4.2623787222922238e-01	5.1462687219094294e-01
4.3135012210378088e-01	5.1828089097826058e-01
4.3870124490754758e-01	5.2176224249676717e-01
4.4296493064537251e-01	5.2099528782744720e-01
4.5955975906849544e-01	5.2078488526586797e-01
4.6254422413541874e-01	5.2565891247353658e-01
4.6159600009027979e-01	5.3543324820787486e-01
4.6189160532211038e-01	5.3559006163456691e-01
4.6449998330490583e-01	5.3665066200679723e-01
4.6859855364416092e-01	5.3869382292569812e-01
4.7274304370132780e-01	5.4086131937829329e-01
4.7390023572658457e-01	5.4139929735584680e-01
4.8200720293454646e-01	5.4439665070221377e-01
4.8879554944433379e-01	5.4947319459724298e-01
4.8907632197118583e-01	5.4963608708322309e-01
4.9467861395739815e-01	5.5261688983072066e-01
4.9529553590878550e-01	5.5292065194808526e-01
4.9899637413869913e-01	5.5427831330286570e-01
5.0085653510676154e-01	5.5436645812185448e-01
5.1249004407385346e-01	5.5728171303306151e-01
5.1300800286997672e-01	5.5731155595348347e-01
5.1314280879582019e-01	5.5761120352041837e-01
5.1700914586673852e-01	5.6061098358569306e-01
5.1781861967004850e-01	5.6072204707630435e-01
5.2087968629542103e-01	5.6469606332833822e-01
5.3167810475458810e-01	5.7002073879280102e-01
5.3997994699757235e-01	5.7355919919463660e-01
5.4171581133812852e-01	5.7440604597558509e-01
5.4187848846410724e-01	5.7446408535860105e-01
5.4310432917453444e-01	5.7508343869146583e-01
5.4956808387652745e-01	5.7823680139057465e-01
5.5629958417674785e-01	5.8116848147026656e-01
5.6278775670409320e-01	5.8451350391007395e-01
5.6725834182809443e-01	5.8654692971609457e-01
5.7097344289478946e-01	5.8812242675630910e-01
5.7225325048500042e-01	5.8848688092452139e-01
5.7513210035059015e-01	5.8965829992948204e-01
5.8069794618216652e-01	5.9100146785708740e-01
5.8741137484596129e-01	5.9096879214714759e-01
5.8975277115606028e-01	5.9579812031864055e-01
5.9095372982790895e-01	5.9640370727100123e-01
5.9115548199477752e-01	5.9644491757453610e-01
5.9761657630441145e-01	5.9508531002480680e-01
6.0883864732795101e-01	6.0286967073956399e-01
6.1919521897335439e-01	6.0778379724770615e-01
6.1949384309762945e-01	6.0800825420619331e-01
6.2059677318118767e-01	6.0815964855516236e-01
6.2876534054879485e-01	6.1319653158754661e-01
6.4319016527172090e-01	6.1978968541418800e-01
6.4512988363074797e-01	6.1974610918177053e-01
6.5069510004600506e-01	6.2220362392841877e-01
6.5644769838046457e-01	6.2427754685468673e-01
6.6154974214163287e-01	6.2676665345397897e-01
6.7120270918450753e-01	6.3111496785000953e-01
6.8066116862918835e-01	6.3510052199269562e-01
6.8864019163544732e-01	6.3775816241338024e-01
6.9740487817194297e-01	6.4156831472476883e-01
7.0680952503497230e-01	6.4506233610931996e-01
7.1614085010609474e-01	6.4822456294005226e-01
7.2544252173093848e-01	6.5266893448746632e-01
7.3534981208443384e-01	6.5718081596203570e-01
7.4489599899812176e-01	6.6034382744268938e-01
7.5165165015178526e-01	6.6279278841248379e-01
7.5315723994991901e-01	6.6358423963671231e-01
7.6647097213454396e-01	6.6925998203265802e-01
7.6862706717103724e-01	6.6972502444870796e-01
7.8089013973789723e-01	6.7419456128144339e-01
7.8224877343956345e-01	6.7478643783347247e-01
7.8712175995259670e-01	6.7637898782191952e-01
8.0515180259145047e-01	6.8343853863466597e-01
8.2235963974528725e-01	6.8941144085106298e-01
8.2363139481908454e-01	6.8983302883153430e-01
8.2377351705286617e-01	6.8986952030643689e-01
8.2460560282353723e-01	6.9015597968395737e-01
8.2651794659540323e-01	6.9078992340893952e-01
8.4055311092402774e-01	6.9555554260851016e-01
8.5275205525112818e-01	7.0030226814363961e-01
8.5808881817534488e-01	7.0218089565325936e-01
8.6612169452783005e-01	7.0466025173825309e-01
8.7485102936763959e-01	7.0752959358456702e-01
8.8459032361438061e-01	7.1093951874556927e-01
8.9353591286464817e-01	7.1399466429070224e-01
8.9966785297100593e-01	7.1633901948499490e-01
9.1124353845100670e-01	7.2054861789496005e-01
9.1975608534740239e-01	7.2321621394127811e-01
9.2137784252044663e-01	7.2367866128767144e-01
9.2509354449816672e-01	7.2479708427210154e-01
9.2898831241260427e-01	7.2593839478697086e-01
9.3810544059123235e-01	7.2918959304289821e-01
9.3966951816120892e-01	7.2973834656952075e-01
9.4645965305888280e-01	7.3202925548348619e-01
9.6051910888998382e-01	7.3705221503627882e-01
9.6239580423109117e-01	7.3770607853603842e-01
9.6388134685979843e-01	7.3819375257515651e-01
9.6635475254817871e-01	7.3887060575020025e-01
9.6956203902727212e-01	7.3974472095945742e-01
9.7031589418495667e-01	7.3995199787248012e-01
9.7473445847873386e-01	7.4108172494415303e-01
9.7649490929371030e-01	7.4158437213806694e-01
9.8214820376236112e-01	7.4314318305178317e-01
9.8903189871192509e-01	7.4565329507322575e-01
9.9962177879770497e-01	7.4933039365556553e-01
1.0074486536186975e+00	7.5200710780321423e-01
1.0157831971379820e+00	7.5462757562854788e-01
1.0157864183323273e+00	7.5462858840580693e-01
1.0157871605766760e+00	7.5462878785091447e-01
1.0222668909894044e+00	7.5636992677808257e-01
1.0256897714634523e+00	7.5730127545139503e-01
1.0290904783823149e+00	7.5812282940519826e-01
1.0352983669253275e+00	7.5982531781981411e-01
1.0447471545795737e+00	7.6323829592733727e-01
1.0473725821677229e+00	7.6410073125931011e-01
1.0512081459107070e+00	7.6534623318004047e-01
1.0543386539589559e+00	7.6637828335689728e-01
1.0612522486520353e+00	7.6859270878530161e-01
1.0707373568126606e+00	7.7129038241763626e-01
1.0755998188375733e+00	7.7252395056390477e-01
1.0825250332330973e+00	7.7431716620115310e-01
1.0872641741152826e+00	7.7560111088032890e-01
1.0879133864415393e+00	7.7575471202523827e-01
1.0880989684774141e+00	7.7581667545279664e-01
1.0881729223020011e+00	7.7583506066619656e-01
1.1058355638558401e+00	7.8142056075310340e-01
1.1099952436547438e+00	7.8276201353839836e-01
1.1142105691636899e+00	7.8409567116608136e-01
1.1226199898750651e+00	7.8667526192118431e-01
1.1335018433713560e+00	7.8927403310294464e-01
1.1394766583756166e+00	7.9076931820279939e-01
1.1406955437200910e+00	7.9115492992720859e-01
1.1410336185365522e+00	7.9124387199642288e-01
1.1415066248194738e+00	7.9138477511586391e-01
1.1415524334248952e+00	7.9139571886615145e-01
1.1494980980990190e+00	7.9366252952295102e-01
1.1592558930051344e+00	7.9638184646961552e-01
1.1671518088676252e+00	7.9887317002908953e-01
1.1714651691146811e+00	8.0022333091661957e-01
1.1754444292437785e+00	8.0138861705494313e-01
1.1788631209436462e+00	8.0238703140437306e-01
1.1851502287146680e+00	8.0384950723911541e-01
1.1921271028975116e+00	8.0556790102982179e-01
1.1938130149034842e+00	8.0593309536143631e-01
1.2045807692607071e+00	8.0870546556889211e-01
1.2123463827608256e+00	8.1058718805640040e-01
1.2200799205719379e+00	8.1317770643562248e-01
1.2297709952744718e+00	8.1633448730579117e-01
1.2317870858397859e+00	8.1684493955734516e-01
1.2377327166412291e+00	8.1827528117514270e-01
1.2488632878463073e+00	8.2093949521190668e-01
1.2507559216592343e+00	8.2139001567781278e-01
1.2575714075406634e+00	8.2291857063260632e-01
1.2654376905057827e+00	8.2472366663669061e-01
1.2729950791374938e+00	8.2686390112773223e-01
1.2831382913393921e+00	8.2969086490562605e-01
1.2933485572058894e+00	8.3265568952379820e-01
1.3008451373335543e+00	8.3482369841968551e-01
1.3088473113870542e+00	8.3649791856379918e-01
1.3153686782559184e+00	8.3788450338730192e-01
1.3173971565510825e+00	8.3829523660819394e-01
1.3190897162382287e+00	8.3872916466153369e-01
1.3350690195740325e+00	8.4270276851082282e-01
1.3356914930877470e+00	8.4284233298987621e-01
1.3360349728266074e+00	8.4294297394919537e-01
1.3362560713602190e+00	8.4299795494340823e-01
1.3536521899498466e+00	8.4780644151238715e-01
1.3615232640451809e+00	8.4989664463564651e-01
1.3730368223751968e+00	8.5270969637033955e-01
1.3783911906375921e+00	8.5381518088241559e-01
1.3834150743190434e+00	8.5487072509899931e-01
1.3836337168769530e+00	8.5491666304305491e-01
1.3849380627337675e+00	8.5519071292415960e-01
1.3882237386430754e+00	8.5584742632644495e-01
1.3887755197651548e+00	8.5595516223099366e-01
1.3888122483523653e+00	8.5596505272178447e-01
1.3892745447996913e+00	8.5605745266662625e-01
1.3964432825456767e+00	8.5796286545294953e-01
1.4069685522873903e+00	8.6063522194217446e-01
1.4157521556620434e+00	8.6305406979940535e-01
1.4244051585187105e+00	8.6522569972832652e-01
1.4378513988424364e+00	8.6836078633845759e-01
1.4441450149897044e+00	8.6960241784074321e-01
1.4517707512492226e+00	8.7105238182204114e-01
1.4555230992604540e+00	8.7192955552895035e-01
1.4593366312723732e+00	8.7265647851422201e-01
1.4662463735882336e+00	8.7450765466876101e-01
1.4707737751094268e+00	8.7561786164394606e-01
1.4777038297313856e+00	8.7729083457151391e-01
1.4845964411185362e+00	8.7921721597989611e-01
1.4865470801696463e+00	8.7974333714539354e-01
1.4951397980255272e+00	8.8185353885480133e-01
1.5048352779258884e+00	8.8398430471299805e-01
1.5062596056842263e+00	8.8426401306869784e-01
1.5138113277516718e+00	8.8569150292499887e-01
1.5246949007814090e+00	8.8787569457079873e-01
1.5307398661793274e+00	8.8913850328828647e-01
1.5345121815252549e+00	8.9011719588940130e-01
1.5481748264587527e+00	8.9353841046530003e-01
1.5582858866070137e+00	8.9604821974256221e-01
1.5713950633626219e+00	8.9887994338136012e-01
1.5766859639861253e+00	8.9985009317550457e-01
1.5888717424252716e+00	9.0214861748321595e-01
1.6014512192728307e+00	9.0475663673700524e-01
1.6076103203801715e+00	9.0632877076800711e-01
1.6188825235373134e+00	9.0897874418977143e-01
1.6373455754770618e+00	9.1340391780748198e-01
1.6518079163726704e+00	9.1633347066382331e-01
1.6537179428595008e+00	9.1666547700536494e-01
1.6590527549865486e+00	9.1775440965935762e-01
1.6595648005812356e+00	9.1786474342882807e-01
1.6675828064959486e+00	9.1918437788835228e-01
1.6721570893380056e+00	9.2003260327999614e-01
1.6818498257286532e+00	9.2239936880272577e-01
1.6895778177316807e+00	9.2404395305766385e-01
1.7050305298770421e+00	9.2762488725915437e-01
1.7075187521607789e+00	9.2815813822455562e-01
1.7136786620303421e+00	9.2938549187562869e-01
1.7251875126121308e+00	9.3164045677756147e-01
1.7320419127100111e+00	9.3288319117606811e-01
1.7368810947077529e+00	9.3371049732674638e-01
1.7417610940567338e+00	9.3458122664079402e-01
1.7429669166870576e+00	9.3476986736625112e-01
1.7587379312375995e+00	9.3780449601256521e-01
1.7605138283847701e+00	9.3813033293012060e-01
1.7697999525623871e+00	9.3997439639321689e-01
1.7767912431176738e+00	9.4142595874867319e-01
1.7826349855420631e+00	9.4259844219267475e-01
1.7954924942884107e+00	9.4528874145330477e-01
1.8099776046628435e+00	9.4812618276169047e-01
1.8229563589202624e+00	9.5064727232220891e-01
1.8285406723875821e+00	9.5173534558456485e-01
1.8299831131489210e+00	9.5198228783445815e-01
1.8304954263898987e+00	9.5206999457969710e-01
1.8309858860585866e+00	9.5215396004802966e-01
1.8359443780273843e+00	9.5316137824220948e-01
1.8405197186760942e+00	9.5409095147598411e-01
1.8486016407766113e+00	9.5573295783986234e-01
1.8491256241054339e+00	9.5585276817735754e-01
1.8511225836792415e+00	9.5626110819863774e-01
1.8586419348041388e+00	9.5788892105413603e-01
1.8665338645623410e+00	9.5957836597669643e-01
1.8721955576703087e+00	9.6070279854109986e-01
1.8772112092587241e+00	9.6169490864308493e-01
1.8837815451767117e+00	9.6288153606405491e-01
1.8876546136105441e+00	9.6349453343752411e-01
1.8889163720660647e+00	9.6364683665543993e-01
1.8994486833119273e+00	9.6512492794897897e-01
1.9014064728175559e+00	9.6538581951331248e-01
1.9073924995876612e+00	9.6645078389850392e-01
1.9195041636447010e+00	9.6858301954387360e-01
1.9317011702408415e+00	9.7103797948303361e-01
1.9371711354008412e+00	9.7198971593217032e-01
1.9438110521222658e+00	9.7363357076481871e-01
1.9533145258455651e+00	9.7546415634151695e-01
1.9688334665937333e+00	9.7838889664292483e-01
1.9719911288615162e+00	9.7886696541800677e-01
1.9765764934448946e+00	9.7960751129332013e-01
1.9830195806362623e+00	9.8058653885682079e-01
1.9844638939505053e+00	9.8081028299257256e-01
1.9893080761227981e+00	9.8146917867018724e-01
1.9929691902782756e+00	9.8216929837766775e-01
1.9960226772844110e+00	9.8270823230805360e-01
2.0004443059731751e+00	9.8342580217135567e-01
2.0072953829058702e+00	9.8450714228235470e-01
2.0104628184522562e+00	9.8515444693414078e-01
2.0158469162403057e+00	9.8621604585473199e-01
2.0252250694461327e+00	9.8787990362238265e-01
2.0428833451005168e+00	9.9116054423901856e-01
2.0557464310250992e+00	9.9363134487328808e-01
2.0575180951168068e+00	9.9392383660558070e-01
2.0600284206119737e+00	9.9429286530282179e-01
2.0650015248528297e+00	9.9498546464728810e-01
2.0735242510068232e+00	9.9600966117174072e-01
2.0781844876427971e+00	9.9655706459219184e-01
2.0958436642432652e+00	9.9946240542853104e-01
2.1134981822429548e+00	1.0026134751359821e+00
2.1288975368881631e+00	1.0056385584440137e+00
2.1296163051341890e+00	1.0057797548690257e+00
2.1330827420665983e+00	1.0063693697770615e+00
2.1472452958938382e+00	1.0087783138990010e+00
2.1634964643933561e+00	1.0112977310412510e+00
2.1644157350303348e+00	1.0114472159218577e+00
2.1655583595318348e+00	1.0116330209289084e+00
2.1665078222483345e+00	1.0117750156272793e+00
2.1697061764236651e+00	1.0122533380811443e+00
2.1841125471772962e+00	1.0140272186552366e+00
2.1964628897551450e+00	1.0163913665643105e+00
2.2020313549393542e+00	1.0171878878097931e+00
2.2066352143859533e+00	1.0181333451860464e+00
2.2111706354644070e+00	1.0189931813130511e+00
2.2189182973151147e+00	1.0202959405297336e+00
2.2255194905970406e+00	1.0215710070118045e+00
2.2373517451245446e+00	1.0235234052767344e+00
2.2430015722459697e+00	1.0244644637793898e+00
2.2555162428943776e+00	1.0259658511039240e+00
2.2620764049456370e+00	1.0268718828692511e+00
2.2664930033755941e+00	1.0275195532860206e+00
2.2708251274919822e+00	1.0278740853373762e+00
2.2749118253672340e+00	1.0287261431316130e+00
2.2759478820825705e+00	1.0288698215474243e+00
2.2900244671405074e+00	1.0307034828554760e+00
2.2922906038691346e+00	1.0311411749362753e+00
2.2946062316944031e+00	1.0314936956526086e+00
2.3079317659947898e+00	1.0333540866369280e+00
2.3199640789425078e+00	1.0359702946833327e+00
2.3253393253856007e+00	1.0367972219140307e+00
2.3290768279095357e+00	1.0374537457745279e+00
2.3317696333089137e+00	1.0378190507286180e+00
2.3432342300475053e+00	1.0389113476002980e+00
2.3567629105431336e+00	1.0410112818531956e+00
2.3632940642237799e+00	1.0418483335669979e+00
2.3665430097451057e+00	1.0422463366782819e+00
2.3785218230347023e+00	1.0437241732931934e+00
2.3825609200137974e+00	1.0442895474035674e+00
2.3961663702453335e+00	1.0461631020276629e+00
2.3964684893384285e+00	1.0462216718730992e+00
2.4016563187803985e+00	1.0467874287152239e+00
2.4051933127234029e+00	1.0475171887386363e+00
2.4106992120144857e+00	1.0482949948139821e+00
2.4203330678250792e+00	1.0492949483171672e+00
2.4317216138277318e+00	1.0513912757904873e+00
2.4382496883698503e+00	1.0523608220776870e+00
2.4442036674726721e+00	1.0533791044205261e+00
2.4568788959829608e+00	1.0550791620644713e+00
2.4606243171171962e+00	1.0555605789031428e+00
2.4667458711172814e+00	1.0560770262680641e+00
2.4749715643836323e+00	1.0570332110400158e+00
2.4768407149411877e+00	1.0571776513005946e+00
2.4843812778731129e+00	1.0581205895004471e+00
2.4983497373840837e+00	1.0599542058027980e+00
2.5020202452356890e+00	1.0604282578772282e+00
2.5056697960774570e+00	1.0609657647623636e+00
2.5094302281171141e+00	1.0614986312549068e+00
2.5111335704858919e+00	1.0616455547068326e+00
2.5126551799856731e+00	1.0619556183172172e+00
2.5196667566234252e+00	1.0629491834742937e+00
2.5232606608523365e+00	1.0634518015636116e+00
2.5373049634508789e+00	1.0651096026413143e+00
2.5514585491777453e+00	1.0678341443714081e+00
2.5549633093267183e+00	1.0682570857478213e+00
2.5581848674879133e+00	1.0687990462618231e+00
2.5632959002128364e+00	1.0691347535527120e+00
2.5651063833638901e+00	1.0694515739878792e+00
2.5725949353213733e+00	1.0701355376505339e+00
2.5813510926035734e+00	1.0713638257826379e+00
2.5822058633963265e+00	1.0705727640291050e+00
2.5907566475235417e+00	1.0726457019431741e+00
2.5922381052887666e+00	1.0728427308869248e+00
2.5953236276220131e+00	1.0730915982548024e+00
2.5957441875158831e+00	1.0732709357367072e+00
2.6057415575395031e+00	1.0744220281112655e+00
2.6123235684326427e+00	1.0727404850810094e+00
2.6208385320273799e+00	1.0761738520741027e+00
2.6238722635345142e+00	1.0765263293284792e+00
2.6271404611402320e+00	1.0769350733300993e+00
2.6431538291028174e+00	1.0791459652316573e+00
2.6437824121906459e+00	1.0792763955692020e+00
2.6455400875763613e+00	1.0791718112002435e+00
2.6502976227125163e+00	1.0806282949823376e+00
2.6560323051367951e+00	1.0818182356262929e+00
2.6602969169223560e+00	1.0821901788285302e+00
2.6626884597433880e+00	1.0825196983096574e+00
2.6633562509039503e+00	1.0822326605583719e+00
2.6656297367047936e+00	1.0823819492454714e+00
2.6690262630882056e+00	1.0832549468730848e+00
2.6779305761506915e+00	1.0841606310205190e+00
2.6788530969772033e+00	1.0842821199525352e+00
2.6813157477360186e+00	1.0839863691559508e+00
2.6847969850526336e+00	1.0850557802128944e+00
2.6912694467382017e+00	1.0858789397251876e+00
2.6960856686913028e+00	1.0864056395615329e+00
2.7041268564342631e+00	1.0870160089855290e+00
2.7137044806975505e+00	1.0877197579420788e+00
2.7298613727087395e+00	1.0893699712370399e+00
2.7327949873185826e+00	1.0897355375292861e+00
2.7437037275576519e+00	1.0914098348408916e+00
2.7443273818578242e+00	1.0914808014412198e+00
2.7450906946921796e+00	1.0916227095902882e+00
2.7477848204032695e+00	1.0920362098970469e+00
2.7479478616480661e+00	1.0920514893092104e+00
2.7543312197269985e+00	1.0929968961038659e+00
2.7655959397926928e+00	1.0946307200752199e+00
2.7664339854038253e+00	1.0948111444897097e+00
2.7725414322714137e+00	1.0957822196939975e+00
2.7764978851946625e+00	1.0963172842193336e+00
2.7837571651461221e+00	1.0971309389388335e+00
2.7856474588636035e+00	1.0974230176028834e+00
2.7912438171662317e+00	1.0980714824285802e+00
2.7964850780036716e+00	1.0986613902946314e+00
2.8000699033428869e+00	1.0990711078517081e+00
2.8027579798359237e+00	1.0993783340146999e+00
2.8045361950474392e+00	1.0995815701345881e+00
2.8195239700101338e+00	1.1004951110666843e+00
2.8265988722363784e+00	1.1017791408383697e+00
2.8290986637024060e+00	1.1022347473566410e+00
2.8343265908173003e+00	1.1026021127390500e+00
2.8348930751791062e+00	1.1026821187244853e+00
2.8361343725191221e+00	1.1027846244308683e+00
2.8381892989070892e+00	1.1031331292748427e+00
2.8472364079514310e+00	1.1040905488203634e+00
2.8491163752368176e+00	1.1041583149136729e+00
2.8625247564865814e+00	1.1058001318870356e+00
2.8648987779168094e+00	1.1060490723720708e+00
2.8670073679420685e+00	1.1062109033753060e+00
2.8679371829526294e+00	1.1064255581365066e+00
2.8761176690993238e+00	1.1071878498495271e+00
2.8845658807459067e+00	1.1086605434205883e+00
2.8874949347067811e+00	1.1089138824562188e+00
2.8986973932045115e+00	1.1106366257560290e+00
2.8991890632712480e+00	1.1107084452232494e+00
2.9020343647429421e+00	1.1108954984739821e+00
2.9052170442622356e+00	1.1113666130821835e+00
2.9114019084375058e+00	1.1119613469472078e+00
2.9116885057802171e+00	1.1120108279747059e+00
2.9126914469863152e+00	1.1120232264259473e+00
2.9178476966199405e+00	1.1129506662462427e+00
2.9241926940819569e+00	1.1135199201637476e+00
2.9361271265062223e+00	1.1147881415359990e+00
2.9404013339597403e+00	1.1151714744524419e+00
2.9424392619321456e+00	1.1154390543314043e+00
2.9438701292967577e+00	1.1155426587144506e+00
2.9541498655405865e+00	1.1163705927708085e+00
2.9611779283192816e+00	1.1168944810620201e+00
2.9782195648488901e+00	1.1180880182267476e+00
2.9853639479045286e+00	1.1193254921757616e+00
2.9870563006363686e+00	1.1194816390968281e+00
2.9935148931976046e+00	1.1200671817909957e+00
3.0047783657865765e+00	1.1213293927730530e+00
3.0121045169648824e+00	1.1224943274852353e+00
3.0179869909612331e+00	1.1235737168773878e+00
3.0281666805957834e+00	1.1245887431470074e+00
3.0308822979234047e+00	1.1248337336279566e+00
3.0320280204158361e+00	1.1250174965901660e+00
3.0459352695445170e+00	1.1265936028718522e+00
3.0640823916029838e+00	1.1287057192719079e+00
3.0816976040670272e+00	1.1297839661786706e+00
3.0851873780305432e+00	1.1302357276742656e+00
3.0926129933946545e+00	1.1307807996000290e+00
3.1016450827332269e+00	1.1315268287174509e+00
3.1184210683582436e+00	1.1331607789583660e+00
3.1290456194797218e+00	1.1345995466541370e+00
3.1356121795713889e+00	1.1350444976459437e+00
3.1414320083328113e+00	1.1360023838710163e+00
3.1483827579068158e+00	1.1366171648868748e+00
3.1535033664964085e+00	1.1370205559205999e+00
3.1660881292420360e+00	1.1392002320964283e+00
3.1711533554063904e+00	1.1396853589370020e+00
3.1721644795008177e+00	1.1398954958793563e+00
3.1726794011055133e+00	1.1399720158448672e+00
3.1751927235664121e+00	1.1402947797134260e+00
3.1763373408844120e+00	1.1404417728348120e+00
3.1804616754124910e+00	1.1409714247948066e+00
3.1831258264806070e+00	1.1412130450934215e+00
3.1895604020050636e+00	1.1416774644808232e+00
3.1960399825063348e+00	1.1423336224396126e+00
3.1991468616601693e+00	1.1426449671201009e+00
3.2046582857231249e+00	1.1430512140650553e+00
3.2071659888217123e+00	1.1433432391156628e+00
3.2074452140735272e+00	1.1433620665745354e+00
3.2111887279069231e+00	1.1437512217801808e+00
3.2230611266793736e+00	1.1446559675418204e+00
3.2232022022938067e+00	1.1446692099797333e+00
3.2249874245427068e+00	1.1448367846161220e+00
3.2263634071634280e+00	1.1449659448859351e+00
3.2311683327477527e+00	1.1454169720105205e+00
3.2321009001077030e+00	1.1454854919717805e+00
3.2327030362655256e+00	1.1455297336512336e+00
3.2383081775681681e+00	1.1459415688509282e+00
3.2406095938223625e+00	1.1460978471237371e+00
3.2408790644523635e+00	1.1461161455973627e+00
3.2408811001787341e+00	1.1461019911429542e+00
3.2574422488912993e+00	1.1463547650353980e+00
3.2596546091985172e+00	1.1466740807406965e+00
3.2735602225139577e+00	1.1486811140023863e+00
3.2754346137644510e+00	1.1488414260510436e+00
3.2754321645489561e+00	1.1488656258958725e+00
3.2756018076027829e+00	1.1488757461879744e+00
3.2755972121030270e+00	1.1489211527196415e+00
3.2917155367603521e+00	1.1506837448675149e+00
3.2935659471685694e+00	1.1508687074618824e+00
3.2937149099089980e+00	1.1508835974207863e+00
3.3113173337686304e+00	1.1526566785574355e+00
3.3279790038238977e+00	1.1544208096506074e+00
3.3283782800599613e+00	1.1544632360379405e+00
3.3446900297497906e+00	1.1561964937375355e+00
3.3495139571791377e+00	1.1568319583663249e+00
3.3505847211462423e+00	1.1569054204953624e+00
3.3556028154106796e+00	1.1575689053906617e+00
3.3594248001348217e+00	1.1580312773128536e+00
3.3627253641539561e+00	1.1584305693665882e+00
3.3631229988684361e+00	1.1584595289630468e+00
3.3656782688614344e+00	1.1586456283782784e+00
3.3671835437844995e+00	1.1586899247231557e+00
3.3711303507548922e+00	1.1589993162871470e+00
3.3736343175300836e+00	1.1590859479039268e+00
3.3742502326763240e+00	1.1591504105271275e+00
3.3759551191257535e+00	1.1591641602223388e+00
3.3774071140001678e+00	1.1592996775714004e+00
3.3804082301047944e+00	1.1594091718316384e+00
3.3817902957156782e+00	1.1594595958227099e+00
3.3857051521177315e+00	1.1598636806941087e+00
3.3860876154661694e+00	1.1598848119743992e+00
3.3875762053393443e+00	1.1600124265375540e+00
3.3953181732793896e+00	1.1600467106816001e+00
3.3983897482435448e+00	1.1604859517516646e+00
3.4014515751681782e+00	1.1609237988335110e+00
3.4038615013364719e+00	1.1612684228655763e+00
3.4069868594622288e+00	1.1613583587078493e+00
3.4098917015929833e+00	1.1612711853359237e+00
3.4112722031666474e+00	1.1614816744943859e+00
3.4117005813186458e+00	1.1614940015776707e+00
3.4139017791767441e+00	1.1618572449622220e+00
3.4140280613202960e+00	1.1618577919887809e+00
3.4197376160457207e+00	1.1626529151041496e+00
3.4253201931209012e+00	1.1631274696843334e+00
3.4312429494564931e+00	1.1636027725230857e+00
3.4313991888352087e+00	1.1636109611015046e+00
3.4314647777017631e+00	1.1636205743012982e+00
3.4321737036784681e+00	1.1636774658075666e+00
3.4327686826466115e+00	1.1637627320713644e+00
3.4330634127094051e+00	1.1637881057373052e+00
3.4414554403706488e+00	1.1645105855020899e+00
3.4486692588176235e+00	1.1651249453189472e+00
3.4487624576495768e+00	1.1651328825324703e+00
3.4492747826671182e+00	1.1651771842161587e+00
3.4561149955288761e+00	1.1657686699648289e+00
3.4663794724246535e+00	1.1663910232187222e+00
3.4720797967634969e+00	1.1674442948815842e+00
3.4744657116654882e+00	1.1676322468403761e+00
3.4766046699395701e+00	1.1679746489479230e+00
3.4835007628126204e+00	1.1687638758243704e+00
3.4839581466354086e+00	1.1687689755322270e+00
3.4846049323219570e+00	1.1687761870204407e+00
3.4845986673967544e+00	1.1688710733924645e+00
3.4859292779940083e+00	1.1690008220795689e+00
3.4973222753413689e+00	1.1695850940523327e+00
3.5016172945836330e+00	1.1696426173604633e+00
3.5016311056005072e+00	1.1696428023317833e+00
3.5015916433127918e+00	1.1700956018854192e+00
3.5020292400332056e+00	1.1701254672103356e+00
3.5026457083921576e+00	1.1701675402583773e+00
3.5043178967962612e+00	1.1702816646283289e+00
3.5081591178331353e+00	1.1704908498652329e+00
3.5119819846137768e+00	1.1710037747945008e+00
3.5169513530725416e+00	1.1716057111240374e+00
3.5186124883559744e+00	1.1718069233472144e+00
3.5188070342612185e+00	1.1718304885646260e+00
3.5204752231447580e+00	1.1720325551857396e+00
3.5207379389195630e+00	1.1720643777745674e+00
3.5207448406665813e+00	1.1720652137786396e+00
3.5270810159909591e+00	1.1725637553348074e+00
3.5322568098373481e+00	1.1730788384010113e+00
3.5343792420027200e+00	1.1732101938733510e+00
3.5347555407414046e+00	1.1732334826735149e+00
3.5355440164644172e+00	1.1732822807471186e+00
3.5386218908519056e+00	1.1734727677038121e+00
3.5392268823181987e+00	1.1735102100970782e+00
3.5431023534416397e+00	1.1737144068927932e+00
3.5471414458507708e+00	1.1738721703929260e+00
3.5473380894465323e+00	1.1738798511238437e+00
3.5475438193675091e+00	1.1738878867588645e+00
3.5480412017964325e+00	1.1739073140917757e+00
3.5490718302485220e+00	1.1740057102694912e+00
3.5490991102484051e+00	1.1740062531890820e+00
3.5495776867431053e+00	1.1740441089401794e+00
3.5523079725175610e+00	1.1742600765437849e+00
3.5523443373607844e+00	1.1742629530295068e+00
3.5527176836493575e+00	1.1742834390193542e+00
3.5538791517992578e+00	1.1743471702668720e+00
3.5541192945307718e+00	1.1743603472066468e+00
3.5545686367560627e+00	1.1743850031910428e+00
3.5586980895115810e+00	1.1746565833806244e+00
3.5602104831025332e+00	1.1747021960238468e+00
3.5602578444525794e+00	1.1747036244062303e+00
3.5608341392434215e+00	1.1747210050198766e+00
3.5620808866859632e+00	1.1747586059768136e+00
3.5755975086169420e+00	1.1758318895598725e+00
3.5763116092599136e+00	1.1758386336903770e+00
3.5768345581954941e+00	1.1759301171355840e+00
3.5784121175576904e+00	1.1760553827954059e+00
3.5812141043774139e+00	1.1761182005800117e+00
3.5864184847612921e+00	1.1765243526588691e+00
3.5880312356198045e+00	1.1766399536325756e+00
3.5880633067615566e+00	1.1766411160765076e+00
3.5975338379642041e+00	1.1769843829803235e+00
3.5982417526570649e+00	1.1770659371684171e+00
3.6018507515870550e+00	1.1774817061594196e+00
3.6059789137507519e+00	1.1779572845263824e+00
3.6099169286286865e+00	1.1781287521592088e+00
3.6100526122127521e+00	1.1781346600452109e+00
3.6138640388335683e+00	1.1783006158175025e+00
3.6150660511233399e+00	1.1784545256514263e+00
3.6267455814698275e+00	1.1799500133358982e+00
3.6284615792841821e+00	1.1800628677168998e+00
3.6322717701677489e+00	1.1803134488831841e+00
3.6340303281221247e+00	1.1805985095348195e+00
3.6407984967012235e+00	1.1809667257176530e+00
3.6413707267766497e+00	1.1810277525610262e+00
3.6498881146449671e+00	1.1819361097371159e+00
3.6571298624543460e+00	1.1827084232317910e+00
3.6648656399658988e+00	1.1835764515561278e+00
3.6672673055570986e+00	1.1837386344963063e+00
3.6678947244452593e+00	1.1838279981515449e+00
3.6685585056307417e+00	1.1838703275016613e+00
3.6689320154399931e+00	1.1839080208965045e+00
3.6708688897845301e+00	1.1841034839542923e+00
3.6725801249804197e+00	1.1842761762432505e+00
3.6736674777306502e+00	1.1843859083454149e+00
3.6744588744970992e+00	1.1844657735325035e+00
3.6744651842893079e+00	1.1844660540942415e+00
3.6842596615675900e+00	1.1849015606020175e+00
3.6859147464768749e+00	1.1849751531203760e+00
3.6907084743566667e+00	1.1854472877379942e+00
3.6939138629473103e+00	1.1857629867001611e+00
3.7008925880242276e+00	1.1862722453155266e+00
3.7045696231232053e+00	1.1865405696559350e+00
3.7062454452646176e+00	1.1866612635376801e+00
3.7072296092789290e+00	1.1867321437177576e+00
3.7095737715692110e+00	1.1869009719240826e+00
3.7103494670525023e+00	1.1869568380548712e+00
3.7179662619891709e+00	1.1874605777101184e+00
3.7194104964524355e+00	1.1875560927104132e+00
3.7226957123128006e+00	1.1875202092640207e+00
3.7266430080839918e+00	1.1877122006533927e+00
3.7284053539200706e+00	1.1878159218312603e+00
3.7334659405111332e+00	1.1881137578128138e+00
3.7377342726217777e+00	1.1885175391855693e+00
3.7390336531923145e+00	1.1886404597214844e+00
3.7403127897282440e+00	1.1887614651852183e+00
3.7405944488519283e+00	1.1888028281629304e+00
3.7408830535619448e+00	1.1888328515017772e+00
3.7413453077344010e+00	1.1888469265463761e+00
3.7456965958977682e+00	1.1891039920477828e+00
3.7523429372967629e+00	1.1894966447566142e+00
3.7581554628945231e+00	1.1898199785367318e+00
3.7628162644415881e+00	1.1897109187246793e+00
3.7627763711701876e+00	1.1903751494131674e+00
3.7667440022024361e+00	1.1906481939247455e+00
3.7742547568120064e+00	1.1912041898444294e+00
3.7749663668090410e+00	1.1912843591736544e+00
3.7794134900884946e+00	1.1914275818570470e+00
3.7810168597932869e+00	1.1916832176705505e+00
3.7857918895781606e+00	1.1921811883311506e+00
3.7926432790526547e+00	1.1923919107692054e+00
3.7955670833487378e+00	1.1926172226817089e+00
3.7962216463934939e+00	1.1926676641054612e+00
3.7978123947219813e+00	1.1927902491049716e+00
3.7985251800736353e+00	1.1928451772104540e+00
3.8015179648944475e+00	1.1930607375401827e+00
3.8053532503262146e+00	1.1933369803848157e+00
3.8089660822274629e+00	1.1933848258026769e+00
3.8133555037963300e+00	1.1938784627005503e+00
3.8136156850181795e+00	1.1938836186113171e+00
3.8142808064340006e+00	1.1939825227723588e+00
3.8149730296956594e+00	1.1940603706022288e+00
3.8193382865932333e+00	1.1945512899271400e+00
3.8265988251733676e+00	1.1953082096033656e+00
3.8322836761664365e+00	1.1960156840931646e+00
3.8354968177846458e+00	1.1963930185897615e+00
3.8355453647007973e+00	1.1963960376350937e+00
3.8398353261844198e+00	1.1966508152003918e+00
3.8403979092920899e+00	1.1967387257501536e+00
3.8419215636222246e+00	1.1969768155327705e+00
3.8434514166331954e+00	1.1970355121253264e+00
3.8438536481479773e+00	1.1970793646984379e+00
3.8498957947733086e+00	1.1971520191935294e+00
3.8498781678559735e+00	1.1973429741983015e+00
3.8561218038087830e+00	1.1977628148808444e+00
3.8592624195130019e+00	1.1979023607315313e+00
3.8623482162498761e+00	1.1979144547698966e+00
3.8650919922773816e+00	1.1981884586701379e+00
3.8672519535842533e+00	1.1982571713722709e+00
3.8699578638059271e+00	1.1984273486522865e+00
3.8774809528943734e+00	1.1984881603411608e+00
3.8845883755053841e+00	1.1985115663264003e+00
3.8926435101457009e+00	1.1993975763202382e+00
3.8951541353424193e+00	1.1996737280066347e+00
3.8965904842956625e+00	1.1998144253729452e+00
3.8970468674538417e+00	1.1998591303231174e+00
3.8978271385778984e+00	1.1998484851854543e+00
3.9025840796945106e+00	1.2001796253228301e+00
3.9079191778805242e+00	1.2004561051512670e+00
3.9118626930711282e+00	1.2006604692258016e+00
3.9149050063025714e+00	1.2008181304741898e+00
3.9165836185938803e+00	1.2009051208953838e+00
3.9172010905219765e+00	1.2009604911825116e+00
3.9172445478209656e+00	1.2009603078144444e+00
3.9300473248878998e+00	1.2017982991093177e+00
3.9344109866105557e+00	1.2020194661071946e+00
3.9370703215325156e+00	1.2022952676539946e+00
3.9389280296836002e+00	1.2024879319090089e+00
3.9445125135604906e+00	1.2028138276440756e+00
3.9451974078849847e+00	1.2028408917356155e+00
3.9487002612722155e+00	1.2029793095050909e+00
3.9496317107911794e+00	1.2030161164023661e+00
3.9514811451704843e+00	1.2032303736550969e+00
3.9521638094545555e+00	1.2032254270810256e+00
3.9522132366701732e+00	1.2032250689322417e+00
3.9528853717687271e+00	1.2033253750581394e+00
3.9534254328666623e+00	1.2034059711118175e+00
3.9534586793879964e+00	1.2034109326586282e+00
3.9534853987105509e+00	1.2034110312821908e+00
3.9535051022653449e+00	1.2034111040098869e+00
3.9623821112090742e+00	1.2034438698947636e+00
3.9635695241146993e+00	1.2034479378811898e+00
3.9646443280553654e+00	1.2034516200778551e+00
3.9687763493488863e+00	1.2034657760689640e+00
3.9799421243106621e+00	1.2047561981748132e+00
3.9809385900382352e+00	1.2048646058109524e+00
3.9817844469159662e+00	1.2049566283884379e+00
3.9826632848268324e+00	1.2050255189833265e+00
3.9831375449884230e+00	1.2050812565643472e+00
3.9834655990058128e+00	1.2050769803540966e+00
3.9840061411914420e+00	1.2050699343436457e+00
3.9858831742074754e+00	1.2050454670687518e+00
3.9858662284447184e+00	1.2054006941244939e+00
3.9860848195559919e+00	1.2054244751186600e+00
3.9872614138616944e+00	1.2055352960340531e+00
3.9900393741475018e+00	1.2057969462054896e+00
3.9913560489767819e+00	1.2058194487089295e+00
3.9989064739740674e+00	1.2057263527258095e+00
4.0011674581781387e+00	1.2056984750172868e+00
4.0026684779324730e+00	1.2059695486008311e+00
4.0027196469247972e+00	1.2059700893533285e+00
4.0027193656991136e+00	1.2059787385726632e+00
4.0032553075197042e+00	1.2060755258863940e+00
4.0040944611374183e+00	1.2062270711126584e+00
4.0041312255113413e+00	1.2062337104993535e+00
4.0048919506447751e+00	1.2063710920943769e+00
4.0051965219096592e+00	1.2064260955172024e+00
4.0061224632972330e+00	1.2065933140027396e+00
4.0143291686228153e+00	1.2074507385233286e+00
4.0171547867825694e+00	1.2077034158329853e+00
4.0182891129102725e+00	1.2078048515040549e+00
4.0222741561657198e+00	1.2081252319794615e+00
4.0349723041090257e+00	1.2088582245717467e+00
4.0350125794024532e+00	1.2088605494376929e+00
4.0359029722720692e+00	1.2089119468052907e+00
4.0377923256951620e+00	1.2093339944141304e+00
4.0411685618831026e+00	1.2100881849179197e+00
4.0448784682420982e+00	1.2104227967704262e+00
4.0532592857800989e+00	1.2107633045961195e+00
4.0565491805406593e+00	1.2109643559437742e+00
4.0704688357151468e+00	1.2118150109450427e+00
4.0708989389444126e+00	1.2118412953219508e+00
4.0728136289361681e+00	1.2120547188868667e+00
4.0737415934617349e+00	1.2122534315103723e+00
4.0753033901002906e+00	1.2123854547735138e+00
4.0803389448108289e+00	1.2124042866133016e+00
4.0870731488185887e+00	1.2124294710186476e+00
4.0886996874622454e+00	1.2124355539066127e+00
4.0887465133087755e+00	1.2124357290247259e+00
4.0901051864917948e+00	1.2126944505263153e+00
4.0902548983134572e+00	1.2127229589769053e+00
4.1006821316604265e+00	1.2147085354221225e+00
4.1015015809178843e+00	1.2148645767314052e+00
4.1064582957339972e+00	1.2177959407728596e+00
4.1099011513293959e+00	1.2195156425079507e+00
4.1097665674473634e+00	1.2232282725279564e+00
4.1106716859054302e+00	1.2237374358578583e+00
4.1106592176076644e+00	1.2240813862320183e+00
4.1180942813142210e+00	1.2273175097974400e+00
