#++++++++++++++++++++++++++++++++++++++++++++++++++++++++++++++++++++++++++++++++++++++++++++++++++++++++++++++++++++
#
#   IPW-3 Ice Shape DATA SUBMITTAL FORM for Test Case ONERAM6, May 18th 2026
#
#       NOMENCLATURE:
#             X_ICED [m]:  X-coordinate of the iced surface
#             Y_ICED [m]:  Y-coordinate of the iced surface
#             Z_ICED [m]:  Z-coordinate of the iced surface
#
#                XXmm:  Roughness height used for the case, in mm.
#                       In the zone name, use the format KS_XXmm.
#                       For example, if k_s = 1.5 mm, use KS_1p5mm. 
#                       For Variable roughness, use KS_VAR
#
#    FLOW CONDITIONS:
#                                   AOA: 2.0 deg
#                           Mach Number: 0.4 [-]
#       Mean aerodynamic chord (M.A.C.): 0.801673 [m]
#                       Reynolds Number: 4.2558 million (based on MAC)
#                       Freestream Temp: 267.15 [K]
#                        Reference area: 1.1532 [m2]
#               Moment Reference Center: 0.25, 0, 0 [m] (X, Y, Z)
#
#              NOTES: 1. Please use at least 5 decimal places in the numerical values
#                     2. If data are NOT provided, please fill data fields with a numerical value of "-999" 
#
#++++++++++++++++++++++++++++++++++++++++++++++++++++++++++++++++++++++++++++++++++++++++++++++++++++++++++++++++++++

AUXDATA NUM_LAYERS  = "1"
VARIABLES = "X_ICED" "Y_ICED" "Z_ICED"

ZONE T="SLICE_Y_0p1_BINS01_KS_0p5mm_SINGLE_LAYER"
-999 -999 -999

ZONE T="SLICE_Y_0p75_BINS01_KS_0p5mm_SINGLE_LAYER"
-999 -999 -999

ZONE T="SLICE_Y_1p4_BINS01_KS_0p5mm_SINGLE_LAYER"
-999 -999 -999

ZONE T="SLICE_Y_0p1_BINS03_KS_0p5mm_SINGLE_LAYER"
-999 -999 -999

ZONE T="SLICE_Y_0p75_BINS03_KS_0p5mm_SINGLE_LAYER"
-999 -999 -999

ZONE T="SLICE_Y_1p4_BINS03_KS_0p5mm_SINGLE_LAYER"
-999 -999 -999

ZONE T="SLICE_Y_0p1_BINS07_KS_0p5mm_SINGLE_LAYER"
1.02809 0.10000 0.00000
1.02808 0.10000 0.00000
1.02807 0.10000 0.00000
1.02803 0.10000 0.00001
1.02799 0.10000 0.00001
1.02792 0.10000 0.00002
1.02786 0.10000 0.00003
1.02776 0.10000 0.00004
1.02767 0.10000 0.00005
1.02754 0.10000 0.00007
1.02743 0.10000 0.00009
1.02727 0.10000 0.00011
1.02712 0.10000 0.00013
1.02693 0.10000 0.00015
1.02675 0.10000 0.00017
1.02652 0.10000 0.00020
1.02631 0.10000 0.00023
1.02604 0.10000 0.00026
1.02579 0.10000 0.00030
1.02548 0.10000 0.00034
1.02519 0.10000 0.00037
1.02483 0.10000 0.00042
1.02450 0.10000 0.00046
1.02413 0.10000 0.00051
1.02371 0.10000 0.00056
1.02323 0.10000 0.00062
1.02280 0.10000 0.00068
1.02226 0.10000 0.00075
1.02177 0.10000 0.00081
1.02115 0.10000 0.00089
1.02059 0.10000 0.00096
1.01989 0.10000 0.00105
1.01925 0.10000 0.00113
1.01845 0.10000 0.00123
1.01773 0.10000 0.00132
1.01683 0.10000 0.00143
1.01601 0.10000 0.00154
1.01498 0.10000 0.00167
1.01405 0.10000 0.00178
1.01288 0.10000 0.00193
1.01183 0.10000 0.00206
1.01050 0.10000 0.00223
1.00930 0.10000 0.00237
1.00779 0.10000 0.00256
1.00643 0.10000 0.00273
1.00471 0.10000 0.00294
1.00317 0.10000 0.00313
1.00122 0.10000 0.00337
0.99946 0.10000 0.00359
0.99746 0.10000 0.00383
0.99524 0.10000 0.00410
0.99296 0.10000 0.00438
0.99044 0.10000 0.00469
0.98785 0.10000 0.00501
0.98499 0.10000 0.00536
0.98172 0.10000 0.00576
0.97878 0.10000 0.00613
0.97508 0.10000 0.00659
0.97174 0.10000 0.00700
0.96753 0.10000 0.00752
0.96374 0.10000 0.00799
0.95896 0.10000 0.00857
0.95466 0.10000 0.00910
0.94926 0.10000 0.00976
0.94439 0.10000 0.01035
0.93829 0.10000 0.01109
0.93279 0.10000 0.01175
0.92591 0.10000 0.01256
0.91971 0.10000 0.01329
0.91199 0.10000 0.01417
0.90502 0.10000 0.01497
0.89637 0.10000 0.01594
0.88858 0.10000 0.01680
0.87894 0.10000 0.01784
0.87026 0.10000 0.01878
0.86063 0.10000 0.01977
0.84994 0.10000 0.02088
0.83817 0.10000 0.02206
0.82755 0.10000 0.02311
0.81593 0.10000 0.02423
0.80304 0.10000 0.02547
0.78903 0.10000 0.02676
0.77640 0.10000 0.02793
0.76130 0.10000 0.02928
0.74768 0.10000 0.03049
0.73155 0.10000 0.03186
0.71701 0.10000 0.03310
0.70162 0.10000 0.03435
0.68456 0.10000 0.03573
0.66845 0.10000 0.03694
0.65058 0.10000 0.03829
0.63390 0.10000 0.03943
0.61539 0.10000 0.04069
0.59645 0.10000 0.04181
0.57937 0.10000 0.04283
0.56209 0.10000 0.04367
0.54291 0.10000 0.04460
0.52563 0.10000 0.04523
0.50646 0.10000 0.04593
0.48938 0.10000 0.04634
0.47043 0.10000 0.04679
0.45375 0.10000 0.04698
0.43525 0.10000 0.04718
0.41914 0.10000 0.04717
0.40127 0.10000 0.04715
0.38420 0.10000 0.04695
0.36882 0.10000 0.04676
0.35428 0.10000 0.04644
0.33814 0.10000 0.04609
0.32453 0.10000 0.04566
0.30943 0.10000 0.04519
0.29680 0.10000 0.04468
0.28278 0.10000 0.04413
0.27116 0.10000 0.04357
0.25827 0.10000 0.04294
0.24766 0.10000 0.04234
0.23588 0.10000 0.04168
0.22625 0.10000 0.04105
0.21557 0.10000 0.04035
0.20593 0.10000 0.03963
0.19725 0.10000 0.03898
0.18945 0.10000 0.03833
0.18081 0.10000 0.03760
0.17384 0.10000 0.03694
0.16611 0.10000 0.03622
0.15924 0.10000 0.03550
0.15304 0.10000 0.03486
0.14694 0.10000 0.03416
0.14143 0.10000 0.03353
0.13603 0.10000 0.03286
0.13116 0.10000 0.03225
0.12639 0.10000 0.03161
0.12209 0.10000 0.03104
0.11788 0.10000 0.03043
0.11409 0.10000 0.02989
0.11038 0.10000 0.02932
0.10704 0.10000 0.02882
0.10378 0.10000 0.02829
0.10084 0.10000 0.02781
0.09825 0.10000 0.02736
0.09538 0.10000 0.02686
0.09311 0.10000 0.02640
0.09059 0.10000 0.02590
0.08859 0.10000 0.02543
0.08637 0.10000 0.02492
0.08441 0.10000 0.02492
0.08150 0.10000 0.02672
0.07769 0.10000 0.02997
0.07446 0.10000 0.03304
0.07126 0.10000 0.03566
0.06806 0.10000 0.03658
0.06659 0.10000 0.03581
0.06461 0.10000 0.03473
0.06338 0.10000 0.03377
0.06172 0.10000 0.03266
0.06040 0.10000 0.03123
0.05927 0.10000 0.03040
0.05851 0.10000 0.02933
0.05720 0.10000 0.02813
0.05626 0.10000 0.02687
0.05551 0.10000 0.02596
0.05473 0.10000 0.02464
0.05415 0.10000 0.02376
0.05353 0.10000 0.02249
0.05311 0.10000 0.02160
0.05263 0.10000 0.02038
0.05231 0.10000 0.01953
0.05193 0.10000 0.01837
0.05168 0.10000 0.01755
0.05139 0.10000 0.01646
0.05122 0.10000 0.01567
0.05101 0.10000 0.01464
0.05090 0.10000 0.01388
0.05078 0.10000 0.01290
0.05073 0.10000 0.01217
0.05066 0.10000 0.01123
0.05064 0.10000 0.01054
0.05060 0.10000 0.00967
0.05064 0.10000 0.00901
0.05068 0.10000 0.00817
0.05069 0.10000 0.00754
0.05073 0.10000 0.00675
0.05082 0.10000 0.00616
0.05092 0.10000 0.00539
0.05085 0.10000 0.00485
0.05111 0.10000 0.00426
0.05134 0.10000 0.00351
0.05115 0.10000 0.00291
0.05113 0.10000 0.00242
0.05131 0.10000 0.00173
0.05158 0.10000 0.00085
0.05176 0.10000 0.00047
0.05195 0.10000 0.00000
0.05195 0.10000 -0.00037
0.05193 0.10000 -0.00083
0.05204 0.10000 -0.00149
0.05219 0.10000 -0.00232
0.05232 0.10000 -0.00278
0.05245 0.10000 -0.00336
0.05253 0.10000 -0.00388
0.05266 0.10000 -0.00453
0.05280 0.10000 -0.00503
0.05295 0.10000 -0.00567
0.05307 0.10000 -0.00619
0.05323 0.10000 -0.00684
0.05338 0.10000 -0.00738
0.05357 0.10000 -0.00806
0.05372 0.10000 -0.00862
0.05393 0.10000 -0.00931
0.05410 0.10000 -0.00990
0.05434 0.10000 -0.01063
0.05452 0.10000 -0.01125
0.05478 0.10000 -0.01202
0.05503 0.10000 -0.01263
0.05534 0.10000 -0.01343
0.05559 0.10000 -0.01412
0.05595 0.10000 -0.01497
0.05626 0.10000 -0.01570
0.05668 0.10000 -0.01660
0.05706 0.10000 -0.01735
0.05756 0.10000 -0.01830
0.05804 0.10000 -0.01905
0.05873 0.10000 -0.01994
0.05940 0.10000 -0.02099
0.05992 0.10000 -0.02183
0.06077 0.10000 -0.02290
0.06143 0.10000 -0.02374
0.06244 0.10000 -0.02485
0.06324 0.10000 -0.02570
0.06446 0.10000 -0.02679
0.06544 0.10000 -0.02760
0.06690 0.10000 -0.02863
0.06807 0.10000 -0.02940
0.06978 0.10000 -0.03033
0.07116 0.10000 -0.03101
0.07313 0.10000 -0.03178
0.07472 0.10000 -0.03235
0.07690 0.10000 -0.03300
0.07868 0.10000 -0.03351
0.08110 0.10000 -0.03406
0.08306 0.10000 -0.03452
0.08569 0.10000 -0.03495
0.08785 0.10000 -0.03533
0.09026 0.10000 -0.03556
0.09315 0.10000 -0.03576
0.09616 0.10000 -0.03457
0.09962 0.10000 -0.03318
0.10344 0.10000 -0.03142
0.10689 0.10000 -0.02954
0.11031 0.10000 -0.02964
0.11409 0.10000 -0.02989
0.11830 0.10000 -0.03049
0.12209 0.10000 -0.03104
0.12639 0.10000 -0.03161
0.13116 0.10000 -0.03225
0.13603 0.10000 -0.03286
0.14143 0.10000 -0.03353
0.14694 0.10000 -0.03416
0.15304 0.10000 -0.03486
0.15924 0.10000 -0.03550
0.16611 0.10000 -0.03622
0.17384 0.10000 -0.03694
0.18081 0.10000 -0.03760
0.18860 0.10000 -0.03825
0.19725 0.10000 -0.03898
0.20688 0.10000 -0.03970
0.21557 0.10000 -0.04035
0.22625 0.10000 -0.04105
0.23588 0.10000 -0.04168
0.24766 0.10000 -0.04234
0.25827 0.10000 -0.04294
0.27116 0.10000 -0.04357
0.28278 0.10000 -0.04413
0.29680 0.10000 -0.04468
0.30943 0.10000 -0.04519
0.32453 0.10000 -0.04566
0.33814 0.10000 -0.04609
0.35428 0.10000 -0.04644
0.36882 0.10000 -0.04676
0.38589 0.10000 -0.04697
0.40127 0.10000 -0.04715
0.41914 0.10000 -0.04717
0.43525 0.10000 -0.04718
0.45193 0.10000 -0.04700
0.47043 0.10000 -0.04679
0.48938 0.10000 -0.04634
0.50646 0.10000 -0.04593
0.52563 0.10000 -0.04523
0.54291 0.10000 -0.04460
0.56209 0.10000 -0.04367
0.57937 0.10000 -0.04283
0.59831 0.10000 -0.04170
0.61539 0.10000 -0.04069
0.63390 0.10000 -0.03943
0.65058 0.10000 -0.03829
0.66845 0.10000 -0.03694
0.68456 0.10000 -0.03573
0.70162 0.10000 -0.03435
0.71701 0.10000 -0.03310
0.73314 0.10000 -0.03173
0.74768 0.10000 -0.03049
0.76279 0.10000 -0.02914
0.77640 0.10000 -0.02793
0.79041 0.10000 -0.02664
0.80304 0.10000 -0.02547
0.81593 0.10000 -0.02423
0.82755 0.10000 -0.02311
0.83933 0.10000 -0.02194
0.84994 0.10000 -0.02088
0.86063 0.10000 -0.01977
0.87026 0.10000 -0.01878
0.87989 0.10000 -0.01774
0.88858 0.10000 -0.01680
0.89723 0.10000 -0.01584
0.90502 0.10000 -0.01497
0.91275 0.10000 -0.01409
0.91971 0.10000 -0.01329
0.92591 0.10000 -0.01256
0.93279 0.10000 -0.01175
0.93889 0.10000 -0.01102
0.94439 0.10000 -0.01035
0.94979 0.10000 -0.00970
0.95466 0.10000 -0.00910
0.95943 0.10000 -0.00852
0.96374 0.10000 -0.00799
0.96794 0.10000 -0.00747
0.97174 0.10000 -0.00700
0.97544 0.10000 -0.00654
0.97878 0.10000 -0.00613
0.98205 0.10000 -0.00572
0.98499 0.10000 -0.00536
0.98785 0.10000 -0.00501
0.99044 0.10000 -0.00469
0.99296 0.10000 -0.00438
0.99524 0.10000 -0.00410
0.99724 0.10000 -0.00386
0.99946 0.10000 -0.00359
1.00122 0.10000 -0.00337
1.00317 0.10000 -0.00313
1.00488 0.10000 -0.00292
1.00643 0.10000 -0.00273
1.00794 0.10000 -0.00254
1.00930 0.10000 -0.00237
1.01063 0.10000 -0.00221
1.01183 0.10000 -0.00206
1.01300 0.10000 -0.00191
1.01405 0.10000 -0.00178
1.01498 0.10000 -0.00167
1.01601 0.10000 -0.00154
1.01683 0.10000 -0.00143
1.01773 0.10000 -0.00132
1.01845 0.10000 -0.00123
1.01925 0.10000 -0.00113
1.01989 0.10000 -0.00105
1.02059 0.10000 -0.00096
1.02115 0.10000 -0.00089
1.02177 0.10000 -0.00081
1.02226 0.10000 -0.00075
1.02280 0.10000 -0.00068
1.02323 0.10000 -0.00062
1.02371 0.10000 -0.00056
1.02413 0.10000 -0.00051
1.02450 0.10000 -0.00046
1.02487 0.10000 -0.00041
1.02519 0.10000 -0.00037
1.02551 0.10000 -0.00033
1.02579 0.10000 -0.00030
1.02607 0.10000 -0.00026
1.02631 0.10000 -0.00023
1.02654 0.10000 -0.00020
1.02675 0.10000 -0.00017
1.02694 0.10000 -0.00015
1.02712 0.10000 -0.00013
1.02728 0.10000 -0.00010
1.02743 0.10000 -0.00009
1.02755 0.10000 -0.00007
1.02767 0.10000 -0.00005
1.02777 0.10000 -0.00004
1.02786 0.10000 -0.00003
1.02793 0.10000 -0.00002
1.02799 0.10000 -0.00001
1.02803 0.10000 -0.00001
1.02807 0.10000 -0.00000
1.02808 0.10000 -0.00000
1.02809 0.10000 0.00000

ZONE T="SLICE_Y_0p75_BINS07_KS_0p5mm_SINGLE_LAYER"
1.21070 0.75000 0.00000
1.21068 0.75000 0.00000
1.21068 0.75000 0.00000
1.21063 0.75000 0.00001
1.21062 0.75000 0.00001
1.21053 0.75000 0.00002
1.21051 0.75000 0.00002
1.21049 0.75000 0.00003
1.21036 0.75000 0.00004
1.21033 0.75000 0.00005
1.21016 0.75000 0.00007
1.21012 0.75000 0.00007
1.20992 0.75000 0.00010
1.20987 0.75000 0.00011
1.20962 0.75000 0.00014
1.20956 0.75000 0.00015
1.20927 0.75000 0.00018
1.20920 0.75000 0.00019
1.20886 0.75000 0.00024
1.20878 0.75000 0.00025
1.20838 0.75000 0.00030
1.20828 0.75000 0.00031
1.20782 0.75000 0.00037
1.20772 0.75000 0.00038
1.20719 0.75000 0.00045
1.20658 0.75000 0.00053
1.20646 0.75000 0.00054
1.20632 0.75000 0.00056
1.20563 0.75000 0.00065
1.20547 0.75000 0.00067
1.20469 0.75000 0.00077
1.20451 0.75000 0.00079
1.20361 0.75000 0.00090
1.20341 0.75000 0.00093
1.20240 0.75000 0.00106
1.20217 0.75000 0.00109
1.20101 0.75000 0.00123
1.20075 0.75000 0.00127
1.19944 0.75000 0.00143
1.19915 0.75000 0.00147
1.19766 0.75000 0.00165
1.19732 0.75000 0.00169
1.19564 0.75000 0.00190
1.19525 0.75000 0.00195
1.19334 0.75000 0.00219
1.19290 0.75000 0.00224
1.19072 0.75000 0.00251
1.19023 0.75000 0.00257
1.18775 0.75000 0.00287
1.18719 0.75000 0.00294
1.18437 0.75000 0.00329
1.18373 0.75000 0.00337
1.18052 0.75000 0.00376
1.17979 0.75000 0.00385
1.17615 0.75000 0.00430
1.17201 0.75000 0.00481
1.17118 0.75000 0.00491
1.17024 0.75000 0.00503
1.16553 0.75000 0.00561
1.16446 0.75000 0.00574
1.15912 0.75000 0.00640
1.15791 0.75000 0.00655
1.15185 0.75000 0.00730
1.14499 0.75000 0.00813
1.14362 0.75000 0.00830
1.13586 0.75000 0.00923
1.13432 0.75000 0.00942
1.13257 0.75000 0.00962
1.12384 0.75000 0.01065
1.11402 0.75000 0.01178
1.11206 0.75000 0.01200
1.10108 0.75000 0.01322
1.09888 0.75000 0.01347
1.09644 0.75000 0.01373
1.08420 0.75000 0.01505
1.08149 0.75000 0.01533
1.06792 0.75000 0.01674
1.05296 0.75000 0.01823
1.04998 0.75000 0.01853
1.03360 0.75000 0.02010
1.03033 0.75000 0.02041
1.01253 0.75000 0.02206
1.00898 0.75000 0.02239
0.98980 0.75000 0.02409
0.98596 0.75000 0.02443
0.98187 0.75000 0.02478
0.96138 0.75000 0.02653
0.95705 0.75000 0.02688
0.93537 0.75000 0.02864
0.93083 0.75000 0.02898
0.90814 0.75000 0.03069
0.90344 0.75000 0.03101
0.87994 0.75000 0.03261
0.85587 0.75000 0.03404
0.85106 0.75000 0.03432
0.82671 0.75000 0.03551
0.82185 0.75000 0.03574
0.79750 0.75000 0.03663
0.79263 0.75000 0.03681
0.76857 0.75000 0.03739
0.76376 0.75000 0.03750
0.75906 0.75000 0.03755
0.73556 0.75000 0.03782
0.73102 0.75000 0.03781
0.70833 0.75000 0.03779
0.68665 0.75000 0.03753
0.68232 0.75000 0.03748
0.66183 0.75000 0.03703
0.65773 0.75000 0.03694
0.65390 0.75000 0.03682
0.63472 0.75000 0.03622
0.61692 0.75000 0.03551
0.61337 0.75000 0.03536
0.61009 0.75000 0.03521
0.59372 0.75000 0.03442
0.59073 0.75000 0.03425
0.57578 0.75000 0.03340
0.56221 0.75000 0.03251
0.55950 0.75000 0.03234
0.55705 0.75000 0.03215
0.54481 0.75000 0.03124
0.54262 0.75000 0.03106
0.53163 0.75000 0.03013
0.52967 0.75000 0.02995
0.51986 0.75000 0.02903
0.51112 0.75000 0.02812
0.50938 0.75000 0.02794
0.50163 0.75000 0.02705
0.50008 0.75000 0.02687
0.49322 0.75000 0.02602
0.49185 0.75000 0.02585
0.49064 0.75000 0.02569
0.48458 0.75000 0.02488
0.47923 0.75000 0.02411
0.47816 0.75000 0.02395
0.47346 0.75000 0.02324
0.47252 0.75000 0.02310
0.46837 0.75000 0.02243
0.46754 0.75000 0.02229
0.46390 0.75000 0.02165
0.46317 0.75000 0.02152
0.45997 0.75000 0.02089
0.45933 0.75000 0.02076
0.45651 0.75000 0.02010
0.45595 0.75000 0.01997
0.45310 0.75000 0.02026
0.45250 0.75000 0.02033
0.44680 0.75000 0.02707
0.44528 0.75000 0.02879
0.44343 0.75000 0.03048
0.43770 0.75000 0.03532
0.43671 0.75000 0.03487
0.43441 0.75000 0.03379
0.43354 0.75000 0.03320
0.43159 0.75000 0.03196
0.43083 0.75000 0.03130
0.42935 0.75000 0.03003
0.42831 0.75000 0.02833
0.42773 0.75000 0.02762
0.42728 0.75000 0.02685
0.42629 0.75000 0.02522
0.42584 0.75000 0.02449
0.42474 0.75000 0.02349
0.42435 0.75000 0.02197
0.42406 0.75000 0.02122
0.42373 0.75000 0.01980
0.42352 0.75000 0.01911
0.42335 0.75000 0.01766
0.42316 0.75000 0.01703
0.42310 0.75000 0.01643
0.42301 0.75000 0.01504
0.42301 0.75000 0.01444
0.42294 0.75000 0.01324
0.42299 0.75000 0.01268
0.42305 0.75000 0.01151
0.42307 0.75000 0.01102
0.42313 0.75000 0.00993
0.42318 0.75000 0.00947
0.42339 0.75000 0.00842
0.42347 0.75000 0.00799
0.42356 0.75000 0.00701
0.42358 0.75000 0.00665
0.42393 0.75000 0.00570
0.42410 0.75000 0.00535
0.42420 0.75000 0.00443
0.42422 0.75000 0.00409
0.42464 0.75000 0.00325
0.42484 0.75000 0.00297
0.42501 0.75000 0.00212
0.42509 0.75000 0.00173
0.42547 0.75000 0.00077
0.42565 0.75000 0.00057
0.42600 0.75000 -0.00003
0.42599 0.75000 -0.00023
0.42593 0.75000 -0.00076
0.42603 0.75000 -0.00110
0.42626 0.75000 -0.00203
0.42666 0.75000 -0.00275
0.42672 0.75000 -0.00297
0.42678 0.75000 -0.00321
0.42691 0.75000 -0.00399
0.42700 0.75000 -0.00423
0.42727 0.75000 -0.00497
0.42733 0.75000 -0.00522
0.42753 0.75000 -0.00599
0.42761 0.75000 -0.00625
0.42786 0.75000 -0.00704
0.42794 0.75000 -0.00730
0.42817 0.75000 -0.00812
0.42825 0.75000 -0.00841
0.42853 0.75000 -0.00924
0.42884 0.75000 -0.01014
0.42892 0.75000 -0.01044
0.42902 0.75000 -0.01074
0.42932 0.75000 -0.01172
0.42944 0.75000 -0.01205
0.42981 0.75000 -0.01306
0.42995 0.75000 -0.01342
0.43037 0.75000 -0.01449
0.43053 0.75000 -0.01488
0.43103 0.75000 -0.01602
0.43123 0.75000 -0.01642
0.43184 0.75000 -0.01762
0.43210 0.75000 -0.01804
0.43285 0.75000 -0.01928
0.43317 0.75000 -0.01972
0.43409 0.75000 -0.02101
0.43523 0.75000 -0.02230
0.43562 0.75000 -0.02274
0.43702 0.75000 -0.02401
0.43748 0.75000 -0.02443
0.43919 0.75000 -0.02561
0.43974 0.75000 -0.02599
0.44179 0.75000 -0.02708
0.44241 0.75000 -0.02742
0.44312 0.75000 -0.02770
0.44543 0.75000 -0.02862
0.44800 0.75000 -0.02931
0.44874 0.75000 -0.02950
0.44953 0.75000 -0.02967
0.45242 0.75000 -0.03020
0.45325 0.75000 -0.03034
0.45638 0.75000 -0.03084
0.45726 0.75000 -0.03094
0.46073 0.75000 -0.03127
0.46166 0.75000 -0.03135
0.46544 0.75000 -0.03165
0.46645 0.75000 -0.03174
0.47060 0.75000 -0.03220
0.47528 0.75000 -0.03274
0.47639 0.75000 -0.03285
0.48172 0.75000 -0.03342
0.48297 0.75000 -0.03347
0.48445 0.75000 -0.03305
0.49087 0.75000 -0.03147
0.49836 0.75000 -0.02855
0.49990 0.75000 -0.02799
0.50148 0.75000 -0.02807
0.50938 0.75000 -0.02794
0.51112 0.75000 -0.02812
0.51986 0.75000 -0.02903
0.52182 0.75000 -0.02921
0.53163 0.75000 -0.03013
0.53383 0.75000 -0.03032
0.54481 0.75000 -0.03124
0.54726 0.75000 -0.03142
0.55950 0.75000 -0.03234
0.57306 0.75000 -0.03322
0.57578 0.75000 -0.03340
0.59073 0.75000 -0.03425
0.59372 0.75000 -0.03442
0.61009 0.75000 -0.03521
0.61337 0.75000 -0.03536
0.63116 0.75000 -0.03607
0.63472 0.75000 -0.03622
0.65390 0.75000 -0.03682
0.65773 0.75000 -0.03694
0.67822 0.75000 -0.03739
0.68232 0.75000 -0.03748
0.70400 0.75000 -0.03774
0.70833 0.75000 -0.03779
0.73102 0.75000 -0.03781
0.73556 0.75000 -0.03782
0.74025 0.75000 -0.03776
0.76376 0.75000 -0.03750
0.78782 0.75000 -0.03693
0.79263 0.75000 -0.03681
0.81698 0.75000 -0.03592
0.82185 0.75000 -0.03574
0.84620 0.75000 -0.03456
0.85106 0.75000 -0.03432
0.85587 0.75000 -0.03404
0.87994 0.75000 -0.03261
0.90344 0.75000 -0.03101
0.90814 0.75000 -0.03069
0.93083 0.75000 -0.02898
0.93537 0.75000 -0.02864
0.93970 0.75000 -0.02829
0.96138 0.75000 -0.02653
0.96547 0.75000 -0.02618
0.98596 0.75000 -0.02443
1.00514 0.75000 -0.02273
1.00898 0.75000 -0.02239
1.02677 0.75000 -0.02074
1.03033 0.75000 -0.02041
1.04670 0.75000 -0.01884
1.04998 0.75000 -0.01853
1.06493 0.75000 -0.01703
1.06792 0.75000 -0.01674
1.08149 0.75000 -0.01533
1.08420 0.75000 -0.01505
1.09644 0.75000 -0.01373
1.09888 0.75000 -0.01347
1.10987 0.75000 -0.01224
1.11206 0.75000 -0.01200
1.12187 0.75000 -0.01087
1.12384 0.75000 -0.01065
1.13257 0.75000 -0.00962
1.13432 0.75000 -0.00942
1.14207 0.75000 -0.00848
1.14362 0.75000 -0.00830
1.14499 0.75000 -0.00813
1.15185 0.75000 -0.00730
1.15306 0.75000 -0.00715
1.15912 0.75000 -0.00640
1.16019 0.75000 -0.00627
1.16553 0.75000 -0.00561
1.16647 0.75000 -0.00549
1.17118 0.75000 -0.00491
1.17201 0.75000 -0.00481
1.17615 0.75000 -0.00430
1.17688 0.75000 -0.00421
1.18052 0.75000 -0.00376
1.18116 0.75000 -0.00368
1.18437 0.75000 -0.00329
1.18719 0.75000 -0.00294
1.18775 0.75000 -0.00287
1.19023 0.75000 -0.00257
1.19072 0.75000 -0.00251
1.19116 0.75000 -0.00246
1.19334 0.75000 -0.00219
1.19525 0.75000 -0.00195
1.19564 0.75000 -0.00190
1.19732 0.75000 -0.00169
1.19766 0.75000 -0.00165
1.19796 0.75000 -0.00161
1.19944 0.75000 -0.00143
1.19971 0.75000 -0.00140
1.20101 0.75000 -0.00123
1.20124 0.75000 -0.00120
1.20240 0.75000 -0.00106
1.20260 0.75000 -0.00103
1.20361 0.75000 -0.00090
1.20379 0.75000 -0.00088
1.20469 0.75000 -0.00077
1.20484 0.75000 -0.00075
1.20563 0.75000 -0.00065
1.20577 0.75000 -0.00063
1.20646 0.75000 -0.00054
1.20658 0.75000 -0.00053
1.20719 0.75000 -0.00045
1.20772 0.75000 -0.00038
1.20782 0.75000 -0.00037
1.20828 0.75000 -0.00031
1.20838 0.75000 -0.00030
1.20878 0.75000 -0.00025
1.20886 0.75000 -0.00024
1.20920 0.75000 -0.00019
1.20927 0.75000 -0.00018
1.20956 0.75000 -0.00015
1.20962 0.75000 -0.00014
1.20987 0.75000 -0.00011
1.20992 0.75000 -0.00010
1.21012 0.75000 -0.00007
1.21016 0.75000 -0.00007
1.21033 0.75000 -0.00005
1.21036 0.75000 -0.00004
1.21049 0.75000 -0.00003
1.21051 0.75000 -0.00002
1.21060 0.75000 -0.00001
1.21062 0.75000 -0.00001
1.21067 0.75000 -0.00000
1.21068 0.75000 -0.00000
1.21070 0.75000 -0.00000
1.21070 0.75000 0.00000

ZONE T="SLICE_Y_1p4_BINS07_KS_0p5mm_SINGLE_LAYER"
1.39331 1.40000 0.00000
1.39329 1.40000 0.00000
1.39329 1.40000 0.00000
1.39325 1.40000 0.00001
1.39324 1.40000 0.00001
1.39317 1.40000 0.00002
1.39316 1.40000 0.00002
1.39306 1.40000 0.00003
1.39305 1.40000 0.00003
1.39292 1.40000 0.00005
1.39290 1.40000 0.00005
1.39274 1.40000 0.00007
1.39272 1.40000 0.00008
1.39252 1.40000 0.00010
1.39250 1.40000 0.00010
1.39226 1.40000 0.00013
1.39223 1.40000 0.00014
1.39219 1.40000 0.00014
1.39192 1.40000 0.00018
1.39160 1.40000 0.00022
1.39156 1.40000 0.00022
1.39119 1.40000 0.00027
1.39114 1.40000 0.00028
1.39072 1.40000 0.00033
1.39066 1.40000 0.00034
1.39018 1.40000 0.00040
1.39011 1.40000 0.00041
1.38956 1.40000 0.00048
1.38949 1.40000 0.00049
1.38887 1.40000 0.00057
1.38878 1.40000 0.00058
1.38807 1.40000 0.00067
1.38798 1.40000 0.00068
1.38787 1.40000 0.00069
1.38706 1.40000 0.00080
1.38614 1.40000 0.00091
1.38602 1.40000 0.00093
1.38498 1.40000 0.00106
1.38484 1.40000 0.00107
1.38468 1.40000 0.00109
1.38350 1.40000 0.00124
1.38215 1.40000 0.00141
1.38197 1.40000 0.00143
1.38045 1.40000 0.00162
1.38024 1.40000 0.00165
1.37851 1.40000 0.00186
1.37828 1.40000 0.00189
1.37801 1.40000 0.00192
1.37604 1.40000 0.00216
1.37380 1.40000 0.00244
1.37350 1.40000 0.00247
1.37316 1.40000 0.00252
1.37060 1.40000 0.00283
1.37022 1.40000 0.00288
1.36731 1.40000 0.00323
1.36687 1.40000 0.00329
1.36358 1.40000 0.00369
1.36307 1.40000 0.00376
1.35933 1.40000 0.00422
1.35507 1.40000 0.00475
1.35450 1.40000 0.00482
1.35386 1.40000 0.00490
1.34903 1.40000 0.00549
1.34830 1.40000 0.00558
1.34284 1.40000 0.00624
1.34202 1.40000 0.00634
1.33584 1.40000 0.00708
1.32889 1.40000 0.00790
1.32796 1.40000 0.00801
1.32015 1.40000 0.00891
1.31910 1.40000 0.00903
1.31036 1.40000 0.01000
1.30919 1.40000 0.01013
1.29944 1.40000 0.01118
1.29814 1.40000 0.01132
1.29670 1.40000 0.01147
1.28590 1.40000 0.01259
1.28430 1.40000 0.01275
1.27240 1.40000 0.01394
1.25936 1.40000 0.01519
1.25762 1.40000 0.01536
1.25572 1.40000 0.01553
1.24155 1.40000 0.01684
1.23951 1.40000 0.01702
1.22424 1.40000 0.01838
1.22206 1.40000 0.01857
1.20575 1.40000 0.01996
1.20344 1.40000 0.02015
1.18618 1.40000 0.02154
1.18377 1.40000 0.02172
1.16569 1.40000 0.02309
1.16319 1.40000 0.02326
1.14448 1.40000 0.02453
1.12532 1.40000 0.02567
1.12276 1.40000 0.02582
1.10337 1.40000 0.02676
1.10078 1.40000 0.02689
1.09819 1.40000 0.02698
1.07880 1.40000 0.02769
1.05964 1.40000 0.02815
1.05708 1.40000 0.02821
1.03837 1.40000 0.02842
1.03587 1.40000 0.02845
1.03345 1.40000 0.02845
1.01538 1.40000 0.02843
1.01308 1.40000 0.02840
0.99582 1.40000 0.02819
0.99364 1.40000 0.02815
0.97732 1.40000 0.02779
0.96205 1.40000 0.02731
0.96001 1.40000 0.02724
0.95812 1.40000 0.02717
0.94395 1.40000 0.02660
0.93091 1.40000 0.02598
0.92917 1.40000 0.02589
0.91726 1.40000 0.02522
0.91567 1.40000 0.02513
0.90486 1.40000 0.02442
0.90342 1.40000 0.02433
0.89368 1.40000 0.02360
0.89237 1.40000 0.02350
0.88363 1.40000 0.02277
0.88246 1.40000 0.02267
0.88142 1.40000 0.02257
0.87360 1.40000 0.02184
0.87267 1.40000 0.02174
0.86572 1.40000 0.02102
0.85955 1.40000 0.02031
0.85872 1.40000 0.02022
0.85799 1.40000 0.02013
0.85253 1.40000 0.01945
0.85189 1.40000 0.01936
0.84706 1.40000 0.01871
0.84649 1.40000 0.01863
0.84224 1.40000 0.01802
0.83849 1.40000 0.01745
0.83799 1.40000 0.01737
0.83755 1.40000 0.01730
0.83425 1.40000 0.01677
0.83386 1.40000 0.01670
0.83096 1.40000 0.01619
0.83062 1.40000 0.01612
0.82807 1.40000 0.01562
0.82501 1.40000 0.01695
0.82483 1.40000 0.01707
0.82464 1.40000 0.01732
0.82416 1.40000 0.01802
0.82003 1.40000 0.02403
0.81848 1.40000 0.02612
0.81477 1.40000 0.02985
0.81249 1.40000 0.03198
0.81185 1.40000 0.03177
0.80946 1.40000 0.03095
0.80919 1.40000 0.03079
0.80674 1.40000 0.02967
0.80669 1.40000 0.02965
0.80669 1.40000 0.02964
0.80466 1.40000 0.02812
0.80450 1.40000 0.02798
0.80301 1.40000 0.02605
0.80276 1.40000 0.02587
0.80140 1.40000 0.02420
0.80118 1.40000 0.02388
0.80098 1.40000 0.02348
0.79973 1.40000 0.02212
0.79909 1.40000 0.02067
0.79890 1.40000 0.02019
0.79838 1.40000 0.01874
0.79820 1.40000 0.01835
0.79790 1.40000 0.01688
0.79780 1.40000 0.01651
0.79752 1.40000 0.01513
0.79745 1.40000 0.01484
0.79745 1.40000 0.01455
0.79753 1.40000 0.01308
0.79756 1.40000 0.01287
0.79745 1.40000 0.01156
0.79762 1.40000 0.01018
0.79762 1.40000 0.01011
0.79793 1.40000 0.00893
0.79802 1.40000 0.00858
0.79802 1.40000 0.00856
0.79802 1.40000 0.00854
0.79846 1.40000 0.00713
0.79849 1.40000 0.00702
0.79851 1.40000 0.00596
0.79856 1.40000 0.00583
0.79902 1.40000 0.00482
0.79907 1.40000 0.00461
0.79903 1.40000 0.00378
0.79931 1.40000 0.00303
0.79946 1.40000 0.00279
0.79988 1.40000 0.00215
0.79992 1.40000 0.00186
0.79992 1.40000 0.00102
0.80006 1.40000 0.00070
0.80073 1.40000 0.00030
0.80102 1.40000 0.00001
0.80097 1.40000 -0.00041
0.80078 1.40000 -0.00066
0.80084 1.40000 -0.00128
0.80112 1.40000 -0.00172
0.80142 1.40000 -0.00220
0.80136 1.40000 -0.00253
0.80135 1.40000 -0.00301
0.80151 1.40000 -0.00335
0.80179 1.40000 -0.00380
0.80189 1.40000 -0.00419
0.80195 1.40000 -0.00468
0.80203 1.40000 -0.00505
0.80216 1.40000 -0.00546
0.80231 1.40000 -0.00596
0.80244 1.40000 -0.00639
0.80251 1.40000 -0.00693
0.80256 1.40000 -0.00739
0.80262 1.40000 -0.00795
0.80279 1.40000 -0.00849
0.80293 1.40000 -0.00892
0.80312 1.40000 -0.00954
0.80322 1.40000 -0.01002
0.80339 1.40000 -0.01072
0.80351 1.40000 -0.01120
0.80382 1.40000 -0.01189
0.80398 1.40000 -0.01238
0.80423 1.40000 -0.01327
0.80442 1.40000 -0.01377
0.80479 1.40000 -0.01471
0.80499 1.40000 -0.01525
0.80546 1.40000 -0.01623
0.80572 1.40000 -0.01678
0.80633 1.40000 -0.01774
0.80664 1.40000 -0.01832
0.80744 1.40000 -0.01929
0.80782 1.40000 -0.01986
0.80845 1.40000 -0.02027
0.80942 1.40000 -0.02127
0.81020 1.40000 -0.02189
0.81121 1.40000 -0.02273
0.81238 1.40000 -0.02332
0.81337 1.40000 -0.02396
0.81468 1.40000 -0.02449
0.81586 1.40000 -0.02497
0.81757 1.40000 -0.02544
0.81860 1.40000 -0.02575
0.82083 1.40000 -0.02607
0.82169 1.40000 -0.02622
0.82250 1.40000 -0.02632
0.82489 1.40000 -0.02671
0.82755 1.40000 -0.02715
0.82816 1.40000 -0.02722
0.83133 1.40000 -0.02740
0.83182 1.40000 -0.02745
0.83235 1.40000 -0.02748
0.83582 1.40000 -0.02770
0.83980 1.40000 -0.02810
0.84023 1.40000 -0.02814
0.84069 1.40000 -0.02819
0.84519 1.40000 -0.02870
0.85042 1.40000 -0.02926
0.85080 1.40000 -0.02931
0.85123 1.40000 -0.02935
0.85716 1.40000 -0.02992
0.85753 1.40000 -0.02988
0.86466 1.40000 -0.02825
0.86466 1.40000 -0.02825
0.86473 1.40000 -0.02822
0.87322 1.40000 -0.02467
0.88142 1.40000 -0.02289
0.88246 1.40000 -0.02267
0.89121 1.40000 -0.02340
0.89237 1.40000 -0.02350
0.90212 1.40000 -0.02423
0.90342 1.40000 -0.02433
0.91422 1.40000 -0.02503
0.91567 1.40000 -0.02513
0.92758 1.40000 -0.02580
0.92917 1.40000 -0.02589
0.93091 1.40000 -0.02598
0.94395 1.40000 -0.02660
0.95812 1.40000 -0.02717
0.96001 1.40000 -0.02724
0.97528 1.40000 -0.02772
0.97732 1.40000 -0.02779
0.97950 1.40000 -0.02783
0.99582 1.40000 -0.02819
1.01308 1.40000 -0.02840
1.01538 1.40000 -0.02843
1.03345 1.40000 -0.02845
1.03587 1.40000 -0.02845
1.03837 1.40000 -0.02842
1.05708 1.40000 -0.02821
1.07624 1.40000 -0.02775
1.07880 1.40000 -0.02769
1.09819 1.40000 -0.02698
1.10078 1.40000 -0.02689
1.12017 1.40000 -0.02595
1.12276 1.40000 -0.02582
1.14192 1.40000 -0.02469
1.14448 1.40000 -0.02453
1.14698 1.40000 -0.02436
1.16569 1.40000 -0.02309
1.18377 1.40000 -0.02172
1.18618 1.40000 -0.02154
1.20344 1.40000 -0.02015
1.20575 1.40000 -0.01996
1.22206 1.40000 -0.01857
1.22424 1.40000 -0.01838
1.23951 1.40000 -0.01702
1.24155 1.40000 -0.01684
1.24345 1.40000 -0.01667
1.25762 1.40000 -0.01536
1.25936 1.40000 -0.01519
1.27240 1.40000 -0.01394
1.28430 1.40000 -0.01275
1.28590 1.40000 -0.01259
1.28734 1.40000 -0.01244
1.29814 1.40000 -0.01132
1.30789 1.40000 -0.01027
1.30919 1.40000 -0.01013
1.31793 1.40000 -0.00916
1.31910 1.40000 -0.00903
1.32692 1.40000 -0.00813
1.32796 1.40000 -0.00801
1.32889 1.40000 -0.00790
1.33584 1.40000 -0.00708
1.33667 1.40000 -0.00698
1.34284 1.40000 -0.00624
1.34357 1.40000 -0.00615
1.34903 1.40000 -0.00549
1.34968 1.40000 -0.00541
1.35450 1.40000 -0.00482
1.35507 1.40000 -0.00475
1.35933 1.40000 -0.00422
1.36307 1.40000 -0.00376
1.36358 1.40000 -0.00369
1.36687 1.40000 -0.00329
1.36731 1.40000 -0.00323
1.37022 1.40000 -0.00288
1.37060 1.40000 -0.00283
1.37316 1.40000 -0.00252
1.37350 1.40000 -0.00247
1.37574 1.40000 -0.00220
1.37604 1.40000 -0.00216
1.37801 1.40000 -0.00192
1.37828 1.40000 -0.00189
1.38001 1.40000 -0.00167
1.38024 1.40000 -0.00165
1.38177 1.40000 -0.00146
1.38197 1.40000 -0.00143
1.38332 1.40000 -0.00126
1.38350 1.40000 -0.00124
1.38468 1.40000 -0.00109
1.38484 1.40000 -0.00107
1.38588 1.40000 -0.00094
1.38602 1.40000 -0.00093
1.38694 1.40000 -0.00081
1.38706 1.40000 -0.00080
1.38787 1.40000 -0.00069
1.38798 1.40000 -0.00068
1.38869 1.40000 -0.00059
1.38878 1.40000 -0.00058
1.38941 1.40000 -0.00050
1.38949 1.40000 -0.00049
1.38956 1.40000 -0.00048
1.39011 1.40000 -0.00041
1.39018 1.40000 -0.00040
1.39066 1.40000 -0.00034
1.39108 1.40000 -0.00029
1.39114 1.40000 -0.00028
1.39119 1.40000 -0.00027
1.39156 1.40000 -0.00022
1.39188 1.40000 -0.00018
1.39192 1.40000 -0.00018
1.39219 1.40000 -0.00014
1.39223 1.40000 -0.00014
1.39246 1.40000 -0.00011
1.39250 1.40000 -0.00010
1.39269 1.40000 -0.00008
1.39272 1.40000 -0.00008
1.39274 1.40000 -0.00007
1.39290 1.40000 -0.00005
1.39292 1.40000 -0.00005
1.39305 1.40000 -0.00003
1.39315 1.40000 -0.00002
1.39316 1.40000 -0.00002
1.39317 1.40000 -0.00002
1.39324 1.40000 -0.00001
1.39328 1.40000 -0.00000
1.39329 1.40000 -0.00000
1.39330 1.40000 -0.00000
1.39331 1.40000 0.00000

ZONE T="SLICE_Y_0p1_BINS15_KS_0p5mm_SINGLE_LAYER"
-999 -999 -999

ZONE T="SLICE_Y_0p75_BINS15_KS_0p5mm_SINGLE_LAYER"
-999 -999 -999

ZONE T="SLICE_Y_1p4_BINS15_KS_0p5mm_SINGLE_LAYER"
-999 -999 -999

ZONE T="SLICE_Y_0p1_BINS01_KS_1mm_SINGLE_LAYER"
1.02809 0.10000 0.00000
1.02808 0.10000 0.00000
1.02807 0.10000 0.00000
1.02803 0.10000 0.00001
1.02799 0.10000 0.00001
1.02792 0.10000 0.00002
1.02786 0.10000 0.00003
1.02776 0.10000 0.00004
1.02767 0.10000 0.00005
1.02754 0.10000 0.00007
1.02743 0.10000 0.00009
1.02727 0.10000 0.00011
1.02712 0.10000 0.00013
1.02693 0.10000 0.00015
1.02675 0.10000 0.00017
1.02652 0.10000 0.00020
1.02631 0.10000 0.00023
1.02604 0.10000 0.00026
1.02579 0.10000 0.00030
1.02548 0.10000 0.00034
1.02519 0.10000 0.00037
1.02483 0.10000 0.00042
1.02450 0.10000 0.00046
1.02413 0.10000 0.00051
1.02371 0.10000 0.00056
1.02323 0.10000 0.00062
1.02280 0.10000 0.00068
1.02226 0.10000 0.00075
1.02177 0.10000 0.00081
1.02115 0.10000 0.00089
1.02059 0.10000 0.00096
1.01989 0.10000 0.00105
1.01925 0.10000 0.00113
1.01845 0.10000 0.00123
1.01773 0.10000 0.00132
1.01683 0.10000 0.00143
1.01601 0.10000 0.00154
1.01498 0.10000 0.00167
1.01405 0.10000 0.00178
1.01288 0.10000 0.00193
1.01183 0.10000 0.00206
1.01050 0.10000 0.00223
1.00930 0.10000 0.00237
1.00779 0.10000 0.00256
1.00643 0.10000 0.00273
1.00471 0.10000 0.00294
1.00317 0.10000 0.00313
1.00122 0.10000 0.00337
0.99946 0.10000 0.00359
0.99746 0.10000 0.00383
0.99524 0.10000 0.00410
0.99296 0.10000 0.00438
0.99044 0.10000 0.00469
0.98785 0.10000 0.00501
0.98499 0.10000 0.00536
0.98172 0.10000 0.00576
0.97878 0.10000 0.00613
0.97508 0.10000 0.00659
0.97174 0.10000 0.00700
0.96753 0.10000 0.00752
0.96374 0.10000 0.00799
0.95896 0.10000 0.00857
0.95466 0.10000 0.00910
0.94926 0.10000 0.00976
0.94439 0.10000 0.01035
0.93829 0.10000 0.01109
0.93279 0.10000 0.01175
0.92591 0.10000 0.01256
0.91971 0.10000 0.01329
0.91199 0.10000 0.01417
0.90502 0.10000 0.01497
0.89637 0.10000 0.01594
0.88858 0.10000 0.01680
0.87894 0.10000 0.01784
0.87026 0.10000 0.01878
0.86063 0.10000 0.01977
0.84994 0.10000 0.02088
0.83817 0.10000 0.02206
0.82755 0.10000 0.02311
0.81593 0.10000 0.02423
0.80304 0.10000 0.02547
0.78903 0.10000 0.02676
0.77640 0.10000 0.02793
0.76130 0.10000 0.02928
0.74768 0.10000 0.03049
0.73155 0.10000 0.03186
0.71701 0.10000 0.03310
0.70162 0.10000 0.03435
0.68456 0.10000 0.03573
0.66845 0.10000 0.03694
0.65058 0.10000 0.03829
0.63390 0.10000 0.03943
0.61539 0.10000 0.04069
0.59645 0.10000 0.04181
0.57937 0.10000 0.04283
0.56209 0.10000 0.04367
0.54291 0.10000 0.04460
0.52563 0.10000 0.04523
0.50646 0.10000 0.04593
0.48938 0.10000 0.04634
0.47043 0.10000 0.04679
0.45375 0.10000 0.04698
0.43525 0.10000 0.04718
0.41914 0.10000 0.04717
0.40127 0.10000 0.04715
0.38420 0.10000 0.04695
0.36882 0.10000 0.04676
0.35428 0.10000 0.04644
0.33814 0.10000 0.04609
0.32453 0.10000 0.04566
0.30943 0.10000 0.04519
0.29680 0.10000 0.04468
0.28278 0.10000 0.04413
0.27116 0.10000 0.04357
0.25827 0.10000 0.04294
0.24766 0.10000 0.04234
0.23588 0.10000 0.04168
0.22625 0.10000 0.04105
0.21557 0.10000 0.04035
0.20593 0.10000 0.03963
0.19725 0.10000 0.03898
0.18945 0.10000 0.03833
0.18081 0.10000 0.03760
0.17384 0.10000 0.03694
0.16611 0.10000 0.03622
0.15924 0.10000 0.03550
0.15304 0.10000 0.03486
0.14694 0.10000 0.03416
0.14143 0.10000 0.03353
0.13603 0.10000 0.03286
0.13116 0.10000 0.03225
0.12639 0.10000 0.03161
0.12209 0.10000 0.03104
0.11788 0.10000 0.03043
0.11409 0.10000 0.02989
0.11038 0.10000 0.02932
0.10704 0.10000 0.02882
0.10378 0.10000 0.02829
0.10084 0.10000 0.02781
0.09825 0.10000 0.02736
0.09538 0.10000 0.02686
0.09311 0.10000 0.02640
0.09059 0.10000 0.02590
0.08859 0.10000 0.02543
0.08637 0.10000 0.02492
0.08461 0.10000 0.02443
0.08266 0.10000 0.02388
0.07834 0.10000 0.02857
0.07476 0.10000 0.03240
0.07112 0.10000 0.03579
0.06592 0.10000 0.04029
0.06388 0.10000 0.04040
0.06156 0.10000 0.03932
0.06022 0.10000 0.03839
0.05828 0.10000 0.03723
0.05686 0.10000 0.03544
0.05568 0.10000 0.03457
0.05497 0.10000 0.03336
0.05351 0.10000 0.03192
0.05247 0.10000 0.03045
0.05173 0.10000 0.02945
0.05085 0.10000 0.02790
0.05024 0.10000 0.02700
0.04958 0.10000 0.02548
0.04915 0.10000 0.02455
0.04869 0.10000 0.02306
0.04838 0.10000 0.02216
0.04807 0.10000 0.02074
0.04784 0.10000 0.01986
0.04763 0.10000 0.01853
0.04748 0.10000 0.01769
0.04736 0.10000 0.01644
0.04728 0.10000 0.01562
0.04723 0.10000 0.01445
0.04722 0.10000 0.01366
0.04721 0.10000 0.01256
0.04721 0.10000 0.01182
0.04724 0.10000 0.01079
0.04733 0.10000 0.01008
0.04747 0.10000 0.00909
0.04751 0.10000 0.00841
0.04766 0.10000 0.00749
0.04785 0.10000 0.00685
0.04808 0.10000 0.00594
0.04800 0.10000 0.00536
0.04847 0.10000 0.00470
0.04894 0.10000 0.00383
0.04866 0.10000 0.00317
0.04863 0.10000 0.00264
0.04895 0.10000 0.00191
0.04946 0.10000 0.00093
0.04978 0.10000 0.00052
0.05012 0.10000 0.00000
0.05013 0.10000 -0.00040
0.05013 0.10000 -0.00090
0.05028 0.10000 -0.00159
0.05049 0.10000 -0.00247
0.05066 0.10000 -0.00296
0.05081 0.10000 -0.00359
0.05089 0.10000 -0.00413
0.05101 0.10000 -0.00482
0.05114 0.10000 -0.00536
0.05127 0.10000 -0.00605
0.05134 0.10000 -0.00661
0.05145 0.10000 -0.00733
0.05154 0.10000 -0.00791
0.05166 0.10000 -0.00867
0.05175 0.10000 -0.00928
0.05187 0.10000 -0.01008
0.05198 0.10000 -0.01072
0.05213 0.10000 -0.01157
0.05223 0.10000 -0.01226
0.05240 0.10000 -0.01315
0.05262 0.10000 -0.01382
0.05287 0.10000 -0.01475
0.05306 0.10000 -0.01552
0.05336 0.10000 -0.01651
0.05364 0.10000 -0.01732
0.05399 0.10000 -0.01839
0.05432 0.10000 -0.01922
0.05473 0.10000 -0.02039
0.05518 0.10000 -0.02123
0.05581 0.10000 -0.02233
0.05644 0.10000 -0.02362
0.05694 0.10000 -0.02452
0.05784 0.10000 -0.02581
0.05850 0.10000 -0.02672
0.05961 0.10000 -0.02802
0.06044 0.10000 -0.02891
0.06180 0.10000 -0.03015
0.06284 0.10000 -0.03099
0.06449 0.10000 -0.03213
0.06572 0.10000 -0.03292
0.06764 0.10000 -0.03391
0.06909 0.10000 -0.03460
0.07124 0.10000 -0.03547
0.07286 0.10000 -0.03614
0.07521 0.10000 -0.03691
0.07703 0.10000 -0.03748
0.07968 0.10000 -0.03798
0.08173 0.10000 -0.03838
0.08458 0.10000 -0.03863
0.08679 0.10000 -0.03896
0.08977 0.10000 -0.03719
0.09379 0.10000 -0.03316
0.09741 0.10000 -0.02949
0.10084 0.10000 -0.02781
0.10410 0.10000 -0.02834
0.10704 0.10000 -0.02882
0.11038 0.10000 -0.02932
0.11409 0.10000 -0.02989
0.11830 0.10000 -0.03049
0.12209 0.10000 -0.03104
0.12639 0.10000 -0.03161
0.13116 0.10000 -0.03225
0.13603 0.10000 -0.03286
0.14143 0.10000 -0.03353
0.14694 0.10000 -0.03416
0.15304 0.10000 -0.03486
0.15924 0.10000 -0.03550
0.16611 0.10000 -0.03622
0.17384 0.10000 -0.03694
0.18081 0.10000 -0.03760
0.18860 0.10000 -0.03825
0.19725 0.10000 -0.03898
0.20688 0.10000 -0.03970
0.21557 0.10000 -0.04035
0.22625 0.10000 -0.04105
0.23588 0.10000 -0.04168
0.24766 0.10000 -0.04234
0.25827 0.10000 -0.04294
0.27116 0.10000 -0.04357
0.28278 0.10000 -0.04413
0.29680 0.10000 -0.04468
0.30943 0.10000 -0.04519
0.32453 0.10000 -0.04566
0.33814 0.10000 -0.04609
0.35428 0.10000 -0.04644
0.36882 0.10000 -0.04676
0.38589 0.10000 -0.04697
0.40127 0.10000 -0.04715
0.41914 0.10000 -0.04717
0.43525 0.10000 -0.04718
0.45193 0.10000 -0.04700
0.47043 0.10000 -0.04679
0.48938 0.10000 -0.04634
0.50646 0.10000 -0.04593
0.52563 0.10000 -0.04523
0.54291 0.10000 -0.04460
0.56209 0.10000 -0.04367
0.57937 0.10000 -0.04283
0.59831 0.10000 -0.04170
0.61539 0.10000 -0.04069
0.63390 0.10000 -0.03943
0.65058 0.10000 -0.03829
0.66845 0.10000 -0.03694
0.68456 0.10000 -0.03573
0.70162 0.10000 -0.03435
0.71701 0.10000 -0.03310
0.73314 0.10000 -0.03173
0.74768 0.10000 -0.03049
0.76279 0.10000 -0.02914
0.77640 0.10000 -0.02793
0.79041 0.10000 -0.02664
0.80304 0.10000 -0.02547
0.81593 0.10000 -0.02423
0.82755 0.10000 -0.02311
0.83933 0.10000 -0.02194
0.84994 0.10000 -0.02088
0.86063 0.10000 -0.01977
0.87026 0.10000 -0.01878
0.87989 0.10000 -0.01774
0.88858 0.10000 -0.01680
0.89723 0.10000 -0.01584
0.90502 0.10000 -0.01497
0.91275 0.10000 -0.01409
0.91971 0.10000 -0.01329
0.92591 0.10000 -0.01256
0.93279 0.10000 -0.01175
0.93889 0.10000 -0.01102
0.94439 0.10000 -0.01035
0.94979 0.10000 -0.00970
0.95466 0.10000 -0.00910
0.95943 0.10000 -0.00852
0.96374 0.10000 -0.00799
0.96794 0.10000 -0.00747
0.97174 0.10000 -0.00700
0.97544 0.10000 -0.00654
0.97878 0.10000 -0.00613
0.98205 0.10000 -0.00572
0.98499 0.10000 -0.00536
0.98785 0.10000 -0.00501
0.99044 0.10000 -0.00469
0.99296 0.10000 -0.00438
0.99524 0.10000 -0.00410
0.99724 0.10000 -0.00386
0.99946 0.10000 -0.00359
1.00122 0.10000 -0.00337
1.00317 0.10000 -0.00313
1.00488 0.10000 -0.00292
1.00643 0.10000 -0.00273
1.00794 0.10000 -0.00254
1.00930 0.10000 -0.00237
1.01063 0.10000 -0.00221
1.01183 0.10000 -0.00206
1.01300 0.10000 -0.00191
1.01405 0.10000 -0.00178
1.01498 0.10000 -0.00167
1.01601 0.10000 -0.00154
1.01683 0.10000 -0.00143
1.01773 0.10000 -0.00132
1.01845 0.10000 -0.00123
1.01925 0.10000 -0.00113
1.01989 0.10000 -0.00105
1.02059 0.10000 -0.00096
1.02115 0.10000 -0.00089
1.02177 0.10000 -0.00081
1.02226 0.10000 -0.00075
1.02280 0.10000 -0.00068
1.02323 0.10000 -0.00062
1.02371 0.10000 -0.00056
1.02413 0.10000 -0.00051
1.02450 0.10000 -0.00046
1.02487 0.10000 -0.00041
1.02519 0.10000 -0.00037
1.02551 0.10000 -0.00033
1.02579 0.10000 -0.00030
1.02607 0.10000 -0.00026
1.02631 0.10000 -0.00023
1.02654 0.10000 -0.00020
1.02675 0.10000 -0.00017
1.02694 0.10000 -0.00015
1.02712 0.10000 -0.00013
1.02728 0.10000 -0.00010
1.02743 0.10000 -0.00009
1.02755 0.10000 -0.00007
1.02767 0.10000 -0.00005
1.02777 0.10000 -0.00004
1.02786 0.10000 -0.00003
1.02793 0.10000 -0.00002
1.02799 0.10000 -0.00001
1.02803 0.10000 -0.00001
1.02807 0.10000 -0.00000
1.02808 0.10000 -0.00000
1.02809 0.10000 0.00000

ZONE T="SLICE_Y_0p75_BINS01_KS_1mm_SINGLE_LAYER"
1.21070 0.75000 0.00000
1.21068 0.75000 0.00000
1.21068 0.75000 0.00000
1.21063 0.75000 0.00001
1.21062 0.75000 0.00001
1.21053 0.75000 0.00002
1.21051 0.75000 0.00002
1.21049 0.75000 0.00003
1.21036 0.75000 0.00004
1.21033 0.75000 0.00005
1.21016 0.75000 0.00007
1.21012 0.75000 0.00007
1.20992 0.75000 0.00010
1.20987 0.75000 0.00011
1.20962 0.75000 0.00014
1.20956 0.75000 0.00015
1.20927 0.75000 0.00018
1.20920 0.75000 0.00019
1.20886 0.75000 0.00024
1.20878 0.75000 0.00025
1.20838 0.75000 0.00030
1.20828 0.75000 0.00031
1.20782 0.75000 0.00037
1.20772 0.75000 0.00038
1.20719 0.75000 0.00045
1.20658 0.75000 0.00053
1.20646 0.75000 0.00054
1.20632 0.75000 0.00056
1.20563 0.75000 0.00065
1.20547 0.75000 0.00067
1.20469 0.75000 0.00077
1.20451 0.75000 0.00079
1.20361 0.75000 0.00090
1.20341 0.75000 0.00093
1.20240 0.75000 0.00106
1.20217 0.75000 0.00109
1.20101 0.75000 0.00123
1.20075 0.75000 0.00127
1.19944 0.75000 0.00143
1.19915 0.75000 0.00147
1.19766 0.75000 0.00165
1.19732 0.75000 0.00169
1.19564 0.75000 0.00190
1.19525 0.75000 0.00195
1.19334 0.75000 0.00219
1.19290 0.75000 0.00224
1.19072 0.75000 0.00251
1.19023 0.75000 0.00257
1.18775 0.75000 0.00287
1.18719 0.75000 0.00294
1.18437 0.75000 0.00329
1.18373 0.75000 0.00337
1.18052 0.75000 0.00376
1.17979 0.75000 0.00385
1.17615 0.75000 0.00430
1.17201 0.75000 0.00481
1.17118 0.75000 0.00491
1.17024 0.75000 0.00503
1.16553 0.75000 0.00561
1.16446 0.75000 0.00574
1.15912 0.75000 0.00640
1.15791 0.75000 0.00655
1.15185 0.75000 0.00730
1.14499 0.75000 0.00813
1.14362 0.75000 0.00830
1.13586 0.75000 0.00923
1.13432 0.75000 0.00942
1.13257 0.75000 0.00962
1.12384 0.75000 0.01065
1.11402 0.75000 0.01178
1.11206 0.75000 0.01200
1.10108 0.75000 0.01322
1.09888 0.75000 0.01347
1.09644 0.75000 0.01373
1.08420 0.75000 0.01505
1.08149 0.75000 0.01533
1.06792 0.75000 0.01674
1.05296 0.75000 0.01823
1.04998 0.75000 0.01853
1.03360 0.75000 0.02010
1.03033 0.75000 0.02041
1.01253 0.75000 0.02206
1.00898 0.75000 0.02239
0.98980 0.75000 0.02409
0.98596 0.75000 0.02443
0.98187 0.75000 0.02478
0.96138 0.75000 0.02653
0.95705 0.75000 0.02688
0.93537 0.75000 0.02864
0.93083 0.75000 0.02898
0.90814 0.75000 0.03069
0.90344 0.75000 0.03101
0.87994 0.75000 0.03261
0.85587 0.75000 0.03404
0.85106 0.75000 0.03432
0.82671 0.75000 0.03551
0.82185 0.75000 0.03574
0.79750 0.75000 0.03663
0.79263 0.75000 0.03681
0.76857 0.75000 0.03739
0.76376 0.75000 0.03750
0.75906 0.75000 0.03755
0.73556 0.75000 0.03782
0.73102 0.75000 0.03781
0.70833 0.75000 0.03779
0.68665 0.75000 0.03753
0.68232 0.75000 0.03748
0.66183 0.75000 0.03703
0.65773 0.75000 0.03694
0.65390 0.75000 0.03682
0.63472 0.75000 0.03622
0.61692 0.75000 0.03551
0.61337 0.75000 0.03536
0.61009 0.75000 0.03521
0.59372 0.75000 0.03442
0.59073 0.75000 0.03425
0.57578 0.75000 0.03340
0.56221 0.75000 0.03251
0.55950 0.75000 0.03234
0.55705 0.75000 0.03215
0.54481 0.75000 0.03124
0.54262 0.75000 0.03106
0.53163 0.75000 0.03013
0.52967 0.75000 0.02995
0.51986 0.75000 0.02903
0.51112 0.75000 0.02812
0.50938 0.75000 0.02794
0.50163 0.75000 0.02705
0.50008 0.75000 0.02687
0.49322 0.75000 0.02602
0.49185 0.75000 0.02585
0.49064 0.75000 0.02569
0.48458 0.75000 0.02488
0.47923 0.75000 0.02411
0.47816 0.75000 0.02395
0.47346 0.75000 0.02324
0.47252 0.75000 0.02310
0.46837 0.75000 0.02243
0.46754 0.75000 0.02229
0.46390 0.75000 0.02165
0.46317 0.75000 0.02152
0.45997 0.75000 0.02089
0.45933 0.75000 0.02076
0.45651 0.75000 0.02010
0.45595 0.75000 0.01997
0.45347 0.75000 0.01928
0.45297 0.75000 0.01914
0.44682 0.75000 0.02699
0.44514 0.75000 0.02909
0.44278 0.75000 0.03160
0.43550 0.75000 0.03914
0.43405 0.75000 0.03902
0.43129 0.75000 0.03847
0.43018 0.75000 0.03775
0.42808 0.75000 0.03656
0.42702 0.75000 0.03581
0.42538 0.75000 0.03464
0.42432 0.75000 0.03284
0.42355 0.75000 0.03195
0.42311 0.75000 0.03082
0.42228 0.75000 0.02891
0.42177 0.75000 0.02791
0.42060 0.75000 0.02690
0.42026 0.75000 0.02529
0.41988 0.75000 0.02432
0.41956 0.75000 0.02284
0.41928 0.75000 0.02195
0.41911 0.75000 0.02042
0.41883 0.75000 0.01962
0.41878 0.75000 0.01882
0.41865 0.75000 0.01737
0.41866 0.75000 0.01657
0.41858 0.75000 0.01532
0.41866 0.75000 0.01456
0.41873 0.75000 0.01332
0.41877 0.75000 0.01266
0.41883 0.75000 0.01150
0.41892 0.75000 0.01089
0.41919 0.75000 0.00975
0.41932 0.75000 0.00917
0.41942 0.75000 0.00812
0.41947 0.75000 0.00764
0.41998 0.75000 0.00660
0.42028 0.75000 0.00610
0.42040 0.75000 0.00511
0.42043 0.75000 0.00465
0.42109 0.75000 0.00374
0.42146 0.75000 0.00335
0.42170 0.75000 0.00241
0.42185 0.75000 0.00189
0.42246 0.75000 0.00089
0.42280 0.75000 0.00062
0.42338 0.75000 -0.00005
0.42337 0.75000 -0.00029
0.42324 0.75000 -0.00087
0.42339 0.75000 -0.00129
0.42371 0.75000 -0.00225
0.42432 0.75000 -0.00301
0.42442 0.75000 -0.00329
0.42450 0.75000 -0.00358
0.42463 0.75000 -0.00440
0.42474 0.75000 -0.00469
0.42504 0.75000 -0.00548
0.42509 0.75000 -0.00579
0.42523 0.75000 -0.00662
0.42530 0.75000 -0.00694
0.42549 0.75000 -0.00780
0.42555 0.75000 -0.00813
0.42569 0.75000 -0.00904
0.42573 0.75000 -0.00942
0.42591 0.75000 -0.01034
0.42610 0.75000 -0.01136
0.42614 0.75000 -0.01177
0.42624 0.75000 -0.01216
0.42643 0.75000 -0.01327
0.42654 0.75000 -0.01371
0.42677 0.75000 -0.01488
0.42691 0.75000 -0.01536
0.42726 0.75000 -0.01656
0.42743 0.75000 -0.01708
0.42788 0.75000 -0.01835
0.42812 0.75000 -0.01889
0.42871 0.75000 -0.02019
0.42903 0.75000 -0.02074
0.42979 0.75000 -0.02209
0.43018 0.75000 -0.02266
0.43114 0.75000 -0.02405
0.43234 0.75000 -0.02542
0.43283 0.75000 -0.02598
0.43432 0.75000 -0.02732
0.43490 0.75000 -0.02784
0.43673 0.75000 -0.02905
0.43742 0.75000 -0.02951
0.43961 0.75000 -0.03064
0.44037 0.75000 -0.03105
0.44122 0.75000 -0.03138
0.44366 0.75000 -0.03234
0.44625 0.75000 -0.03324
0.44710 0.75000 -0.03351
0.44800 0.75000 -0.03374
0.45099 0.75000 -0.03433
0.45196 0.75000 -0.03445
0.45521 0.75000 -0.03486
0.45619 0.75000 -0.03494
0.45974 0.75000 -0.03520
0.46075 0.75000 -0.03527
0.46458 0.75000 -0.03549
0.46567 0.75000 -0.03552
0.46982 0.75000 -0.03592
0.47502 0.75000 -0.03391
0.47633 0.75000 -0.03317
0.48274 0.75000 -0.02840
0.48409 0.75000 -0.02748
0.48539 0.75000 -0.02736
0.49185 0.75000 -0.02585
0.49871 0.75000 -0.02670
0.50008 0.75000 -0.02687
0.50163 0.75000 -0.02705
0.50938 0.75000 -0.02794
0.51112 0.75000 -0.02812
0.51986 0.75000 -0.02903
0.52182 0.75000 -0.02921
0.53163 0.75000 -0.03013
0.53383 0.75000 -0.03032
0.54481 0.75000 -0.03124
0.54726 0.75000 -0.03142
0.55950 0.75000 -0.03234
0.57306 0.75000 -0.03322
0.57578 0.75000 -0.03340
0.59073 0.75000 -0.03425
0.59372 0.75000 -0.03442
0.61009 0.75000 -0.03521
0.61337 0.75000 -0.03536
0.63116 0.75000 -0.03607
0.63472 0.75000 -0.03622
0.65390 0.75000 -0.03682
0.65773 0.75000 -0.03694
0.67822 0.75000 -0.03739
0.68232 0.75000 -0.03748
0.70400 0.75000 -0.03774
0.70833 0.75000 -0.03779
0.73102 0.75000 -0.03781
0.73556 0.75000 -0.03782
0.74025 0.75000 -0.03776
0.76376 0.75000 -0.03750
0.78782 0.75000 -0.03693
0.79263 0.75000 -0.03681
0.81698 0.75000 -0.03592
0.82185 0.75000 -0.03574
0.84620 0.75000 -0.03456
0.85106 0.75000 -0.03432
0.85587 0.75000 -0.03404
0.87994 0.75000 -0.03261
0.90344 0.75000 -0.03101
0.90814 0.75000 -0.03069
0.93083 0.75000 -0.02898
0.93537 0.75000 -0.02864
0.93970 0.75000 -0.02829
0.96138 0.75000 -0.02653
0.96547 0.75000 -0.02618
0.98596 0.75000 -0.02443
1.00514 0.75000 -0.02273
1.00898 0.75000 -0.02239
1.02677 0.75000 -0.02074
1.03033 0.75000 -0.02041
1.04670 0.75000 -0.01884
1.04998 0.75000 -0.01853
1.06493 0.75000 -0.01703
1.06792 0.75000 -0.01674
1.08149 0.75000 -0.01533
1.08420 0.75000 -0.01505
1.09644 0.75000 -0.01373
1.09888 0.75000 -0.01347
1.10987 0.75000 -0.01224
1.11206 0.75000 -0.01200
1.12187 0.75000 -0.01087
1.12384 0.75000 -0.01065
1.13257 0.75000 -0.00962
1.13432 0.75000 -0.00942
1.14207 0.75000 -0.00848
1.14362 0.75000 -0.00830
1.14499 0.75000 -0.00813
1.15185 0.75000 -0.00730
1.15306 0.75000 -0.00715
1.15912 0.75000 -0.00640
1.16019 0.75000 -0.00627
1.16553 0.75000 -0.00561
1.16647 0.75000 -0.00549
1.17118 0.75000 -0.00491
1.17201 0.75000 -0.00481
1.17615 0.75000 -0.00430
1.17688 0.75000 -0.00421
1.18052 0.75000 -0.00376
1.18116 0.75000 -0.00368
1.18437 0.75000 -0.00329
1.18719 0.75000 -0.00294
1.18775 0.75000 -0.00287
1.19023 0.75000 -0.00257
1.19072 0.75000 -0.00251
1.19116 0.75000 -0.00246
1.19334 0.75000 -0.00219
1.19525 0.75000 -0.00195
1.19564 0.75000 -0.00190
1.19732 0.75000 -0.00169
1.19766 0.75000 -0.00165
1.19796 0.75000 -0.00161
1.19944 0.75000 -0.00143
1.19971 0.75000 -0.00140
1.20101 0.75000 -0.00123
1.20124 0.75000 -0.00120
1.20240 0.75000 -0.00106
1.20260 0.75000 -0.00103
1.20361 0.75000 -0.00090
1.20379 0.75000 -0.00088
1.20469 0.75000 -0.00077
1.20484 0.75000 -0.00075
1.20563 0.75000 -0.00065
1.20577 0.75000 -0.00063
1.20646 0.75000 -0.00054
1.20658 0.75000 -0.00053
1.20719 0.75000 -0.00045
1.20772 0.75000 -0.00038
1.20782 0.75000 -0.00037
1.20828 0.75000 -0.00031
1.20838 0.75000 -0.00030
1.20878 0.75000 -0.00025
1.20886 0.75000 -0.00024
1.20920 0.75000 -0.00019
1.20927 0.75000 -0.00018
1.20956 0.75000 -0.00015
1.20962 0.75000 -0.00014
1.20987 0.75000 -0.00011
1.20992 0.75000 -0.00010
1.21012 0.75000 -0.00007
1.21016 0.75000 -0.00007
1.21033 0.75000 -0.00005
1.21036 0.75000 -0.00004
1.21049 0.75000 -0.00003
1.21051 0.75000 -0.00002
1.21060 0.75000 -0.00001
1.21062 0.75000 -0.00001
1.21067 0.75000 -0.00000
1.21068 0.75000 -0.00000
1.21070 0.75000 -0.00000
1.21070 0.75000 0.00000

ZONE T="SLICE_Y_1p4_BINS01_KS_1mm_SINGLE_LAYER"
1.39331 1.40000 0.00000
1.39329 1.40000 0.00000
1.39329 1.40000 0.00000
1.39325 1.40000 0.00001
1.39324 1.40000 0.00001
1.39317 1.40000 0.00002
1.39316 1.40000 0.00002
1.39306 1.40000 0.00003
1.39305 1.40000 0.00003
1.39292 1.40000 0.00005
1.39290 1.40000 0.00005
1.39274 1.40000 0.00007
1.39272 1.40000 0.00008
1.39252 1.40000 0.00010
1.39250 1.40000 0.00010
1.39226 1.40000 0.00013
1.39223 1.40000 0.00014
1.39219 1.40000 0.00014
1.39192 1.40000 0.00018
1.39160 1.40000 0.00022
1.39156 1.40000 0.00022
1.39119 1.40000 0.00027
1.39114 1.40000 0.00028
1.39072 1.40000 0.00033
1.39066 1.40000 0.00034
1.39018 1.40000 0.00040
1.39011 1.40000 0.00041
1.38956 1.40000 0.00048
1.38949 1.40000 0.00049
1.38887 1.40000 0.00057
1.38878 1.40000 0.00058
1.38807 1.40000 0.00067
1.38798 1.40000 0.00068
1.38787 1.40000 0.00069
1.38706 1.40000 0.00080
1.38614 1.40000 0.00091
1.38602 1.40000 0.00093
1.38498 1.40000 0.00106
1.38484 1.40000 0.00107
1.38468 1.40000 0.00109
1.38350 1.40000 0.00124
1.38215 1.40000 0.00141
1.38197 1.40000 0.00143
1.38045 1.40000 0.00162
1.38024 1.40000 0.00165
1.37851 1.40000 0.00186
1.37828 1.40000 0.00189
1.37801 1.40000 0.00192
1.37604 1.40000 0.00216
1.37380 1.40000 0.00244
1.37350 1.40000 0.00247
1.37316 1.40000 0.00252
1.37060 1.40000 0.00283
1.37022 1.40000 0.00288
1.36731 1.40000 0.00323
1.36687 1.40000 0.00329
1.36358 1.40000 0.00369
1.36307 1.40000 0.00376
1.35933 1.40000 0.00422
1.35507 1.40000 0.00475
1.35450 1.40000 0.00482
1.35386 1.40000 0.00490
1.34903 1.40000 0.00549
1.34830 1.40000 0.00558
1.34284 1.40000 0.00624
1.34202 1.40000 0.00634
1.33584 1.40000 0.00708
1.32889 1.40000 0.00790
1.32796 1.40000 0.00801
1.32015 1.40000 0.00891
1.31910 1.40000 0.00903
1.31036 1.40000 0.01000
1.30919 1.40000 0.01013
1.29944 1.40000 0.01118
1.29814 1.40000 0.01132
1.29670 1.40000 0.01147
1.28590 1.40000 0.01259
1.28430 1.40000 0.01275
1.27240 1.40000 0.01394
1.25936 1.40000 0.01519
1.25762 1.40000 0.01536
1.25572 1.40000 0.01553
1.24155 1.40000 0.01684
1.23951 1.40000 0.01702
1.22424 1.40000 0.01838
1.22206 1.40000 0.01857
1.20575 1.40000 0.01996
1.20344 1.40000 0.02015
1.18618 1.40000 0.02154
1.18377 1.40000 0.02172
1.16569 1.40000 0.02309
1.16319 1.40000 0.02326
1.14448 1.40000 0.02453
1.12532 1.40000 0.02567
1.12276 1.40000 0.02582
1.10337 1.40000 0.02676
1.10078 1.40000 0.02689
1.09819 1.40000 0.02698
1.07880 1.40000 0.02769
1.05964 1.40000 0.02815
1.05708 1.40000 0.02821
1.03837 1.40000 0.02842
1.03587 1.40000 0.02845
1.03345 1.40000 0.02845
1.01538 1.40000 0.02843
1.01308 1.40000 0.02840
0.99582 1.40000 0.02819
0.99364 1.40000 0.02815
0.97732 1.40000 0.02779
0.96205 1.40000 0.02731
0.96001 1.40000 0.02724
0.95812 1.40000 0.02717
0.94395 1.40000 0.02660
0.93091 1.40000 0.02598
0.92917 1.40000 0.02589
0.91726 1.40000 0.02522
0.91567 1.40000 0.02513
0.90486 1.40000 0.02442
0.90342 1.40000 0.02433
0.89368 1.40000 0.02360
0.89237 1.40000 0.02350
0.88363 1.40000 0.02277
0.88246 1.40000 0.02267
0.88142 1.40000 0.02257
0.87360 1.40000 0.02184
0.87267 1.40000 0.02174
0.86572 1.40000 0.02102
0.85955 1.40000 0.02031
0.85872 1.40000 0.02022
0.85799 1.40000 0.02013
0.85253 1.40000 0.01945
0.85189 1.40000 0.01936
0.84706 1.40000 0.01871
0.84649 1.40000 0.01863
0.84224 1.40000 0.01802
0.83849 1.40000 0.01745
0.83799 1.40000 0.01737
0.83755 1.40000 0.01730
0.83425 1.40000 0.01677
0.83386 1.40000 0.01670
0.83096 1.40000 0.01619
0.83062 1.40000 0.01612
0.82807 1.40000 0.01562
0.82582 1.40000 0.01509
0.82552 1.40000 0.01502
0.82497 1.40000 0.01589
0.82391 1.40000 0.01764
0.82002 1.40000 0.02397
0.81826 1.40000 0.02665
0.81118 1.40000 0.03539
0.81047 1.40000 0.03623
0.81034 1.40000 0.03620
0.80963 1.40000 0.03607
0.80726 1.40000 0.03563
0.80680 1.40000 0.03556
0.80441 1.40000 0.03453
0.80358 1.40000 0.03420
0.80192 1.40000 0.03316
0.80099 1.40000 0.03241
0.79992 1.40000 0.03102
0.79881 1.40000 0.03035
0.79800 1.40000 0.02914
0.79734 1.40000 0.02794
0.79682 1.40000 0.02644
0.79605 1.40000 0.02553
0.79565 1.40000 0.02462
0.79505 1.40000 0.02325
0.79473 1.40000 0.02237
0.79414 1.40000 0.02126
0.79395 1.40000 0.02040
0.79360 1.40000 0.01921
0.79341 1.40000 0.01843
0.79309 1.40000 0.01739
0.79314 1.40000 0.01632
0.79320 1.40000 0.01540
0.79336 1.40000 0.01439
0.79324 1.40000 0.01354
0.79339 1.40000 0.01262
0.79342 1.40000 0.01184
0.79374 1.40000 0.01073
0.79377 1.40000 0.01014
0.79399 1.40000 0.00957
0.79442 1.40000 0.00842
0.79450 1.40000 0.00802
0.79449 1.40000 0.00705
0.79463 1.40000 0.00671
0.79526 1.40000 0.00566
0.79533 1.40000 0.00544
0.79522 1.40000 0.00444
0.79532 1.40000 0.00425
0.79579 1.40000 0.00331
0.79584 1.40000 0.00320
0.79668 1.40000 0.00222
0.79664 1.40000 0.00087
0.79665 1.40000 0.00086
0.79678 1.40000 0.00080
0.79820 1.40000 0.00020
0.79838 1.40000 0.00007
0.79827 1.40000 -0.00065
0.79816 1.40000 -0.00075
0.79826 1.40000 -0.00170
0.79841 1.40000 -0.00188
0.79905 1.40000 -0.00266
0.79900 1.40000 -0.00284
0.79892 1.40000 -0.00359
0.79902 1.40000 -0.00375
0.79957 1.40000 -0.00446
0.79961 1.40000 -0.00469
0.79962 1.40000 -0.00549
0.79964 1.40000 -0.00570
0.79969 1.40000 -0.00593
0.79985 1.40000 -0.00677
0.79989 1.40000 -0.00701
0.79984 1.40000 -0.00795
0.79982 1.40000 -0.00819
0.79974 1.40000 -0.00920
0.79992 1.40000 -0.01015
0.79994 1.40000 -0.01032
0.80016 1.40000 -0.01146
0.80017 1.40000 -0.01163
0.80031 1.40000 -0.01294
0.80033 1.40000 -0.01307
0.80081 1.40000 -0.01429
0.80084 1.40000 -0.01441
0.80114 1.40000 -0.01605
0.80117 1.40000 -0.01614
0.80174 1.40000 -0.01781
0.80176 1.40000 -0.01788
0.80251 1.40000 -0.01959
0.80254 1.40000 -0.01966
0.80352 1.40000 -0.02129
0.80356 1.40000 -0.02138
0.80491 1.40000 -0.02293
0.80500 1.40000 -0.02309
0.80518 1.40000 -0.02319
0.80682 1.40000 -0.02480
0.80716 1.40000 -0.02505
0.80878 1.40000 -0.02644
0.81063 1.40000 -0.02727
0.81126 1.40000 -0.02769
0.81214 1.40000 -0.02803
0.81406 1.40000 -0.02878
0.81536 1.40000 -0.02920
0.81694 1.40000 -0.02986
0.81873 1.40000 -0.03031
0.82015 1.40000 -0.03072
0.82149 1.40000 -0.03085
0.82361 1.40000 -0.03115
0.82597 1.40000 -0.03149
0.82707 1.40000 -0.03157
0.82996 1.40000 -0.03167
0.83084 1.40000 -0.03176
0.83177 1.40000 -0.03180
0.83493 1.40000 -0.03194
0.83856 1.40000 -0.03227
0.83939 1.40000 -0.03234
0.84029 1.40000 -0.03242
0.84441 1.40000 -0.03285
0.84926 1.40000 -0.03331
0.85009 1.40000 -0.03339
0.85100 1.40000 -0.03308
0.85722 1.40000 -0.02953
0.85756 1.40000 -0.02925
0.86019 1.40000 -0.02720
0.86480 1.40000 -0.02370
0.86539 1.40000 -0.02327
0.86609 1.40000 -0.02311
0.87360 1.40000 -0.02184
0.88142 1.40000 -0.02257
0.88246 1.40000 -0.02267
0.89121 1.40000 -0.02340
0.89237 1.40000 -0.02350
0.90212 1.40000 -0.02423
0.90342 1.40000 -0.02433
0.91422 1.40000 -0.02503
0.91567 1.40000 -0.02513
0.92758 1.40000 -0.02580
0.92917 1.40000 -0.02589
0.93091 1.40000 -0.02598
0.94395 1.40000 -0.02660
0.95812 1.40000 -0.02717
0.96001 1.40000 -0.02724
0.97528 1.40000 -0.02772
0.97732 1.40000 -0.02779
0.97950 1.40000 -0.02783
0.99582 1.40000 -0.02819
1.01308 1.40000 -0.02840
1.01538 1.40000 -0.02843
1.03345 1.40000 -0.02845
1.03587 1.40000 -0.02845
1.03837 1.40000 -0.02842
1.05708 1.40000 -0.02821
1.07624 1.40000 -0.02775
1.07880 1.40000 -0.02769
1.09819 1.40000 -0.02698
1.10078 1.40000 -0.02689
1.12017 1.40000 -0.02595
1.12276 1.40000 -0.02582
1.14192 1.40000 -0.02469
1.14448 1.40000 -0.02453
1.14698 1.40000 -0.02436
1.16569 1.40000 -0.02309
1.18377 1.40000 -0.02172
1.18618 1.40000 -0.02154
1.20344 1.40000 -0.02015
1.20575 1.40000 -0.01996
1.22206 1.40000 -0.01857
1.22424 1.40000 -0.01838
1.23951 1.40000 -0.01702
1.24155 1.40000 -0.01684
1.24345 1.40000 -0.01667
1.25762 1.40000 -0.01536
1.25936 1.40000 -0.01519
1.27240 1.40000 -0.01394
1.28430 1.40000 -0.01275
1.28590 1.40000 -0.01259
1.28734 1.40000 -0.01244
1.29814 1.40000 -0.01132
1.30789 1.40000 -0.01027
1.30919 1.40000 -0.01013
1.31793 1.40000 -0.00916
1.31910 1.40000 -0.00903
1.32692 1.40000 -0.00813
1.32796 1.40000 -0.00801
1.32889 1.40000 -0.00790
1.33584 1.40000 -0.00708
1.33667 1.40000 -0.00698
1.34284 1.40000 -0.00624
1.34357 1.40000 -0.00615
1.34903 1.40000 -0.00549
1.34968 1.40000 -0.00541
1.35450 1.40000 -0.00482
1.35507 1.40000 -0.00475
1.35933 1.40000 -0.00422
1.36307 1.40000 -0.00376
1.36358 1.40000 -0.00369
1.36687 1.40000 -0.00329
1.36731 1.40000 -0.00323
1.37022 1.40000 -0.00288
1.37060 1.40000 -0.00283
1.37316 1.40000 -0.00252
1.37350 1.40000 -0.00247
1.37574 1.40000 -0.00220
1.37604 1.40000 -0.00216
1.37801 1.40000 -0.00192
1.37828 1.40000 -0.00189
1.38001 1.40000 -0.00167
1.38024 1.40000 -0.00165
1.38177 1.40000 -0.00146
1.38197 1.40000 -0.00143
1.38332 1.40000 -0.00126
1.38350 1.40000 -0.00124
1.38468 1.40000 -0.00109
1.38484 1.40000 -0.00107
1.38588 1.40000 -0.00094
1.38602 1.40000 -0.00093
1.38694 1.40000 -0.00081
1.38706 1.40000 -0.00080
1.38787 1.40000 -0.00069
1.38798 1.40000 -0.00068
1.38869 1.40000 -0.00059
1.38878 1.40000 -0.00058
1.38941 1.40000 -0.00050
1.38949 1.40000 -0.00049
1.38956 1.40000 -0.00048
1.39011 1.40000 -0.00041
1.39018 1.40000 -0.00040
1.39066 1.40000 -0.00034
1.39108 1.40000 -0.00029
1.39114 1.40000 -0.00028
1.39119 1.40000 -0.00027
1.39156 1.40000 -0.00022
1.39188 1.40000 -0.00018
1.39192 1.40000 -0.00018
1.39219 1.40000 -0.00014
1.39223 1.40000 -0.00014
1.39246 1.40000 -0.00011
1.39250 1.40000 -0.00010
1.39269 1.40000 -0.00008
1.39272 1.40000 -0.00008
1.39274 1.40000 -0.00007
1.39290 1.40000 -0.00005
1.39292 1.40000 -0.00005
1.39305 1.40000 -0.00003
1.39315 1.40000 -0.00002
1.39316 1.40000 -0.00002
1.39317 1.40000 -0.00002
1.39324 1.40000 -0.00001
1.39328 1.40000 -0.00000
1.39329 1.40000 -0.00000
1.39330 1.40000 -0.00000
1.39331 1.40000 0.00000

ZONE T="SLICE_Y_0p1_BINS03_KS_1mm_SINGLE_LAYER"
1.02809 0.10000 0.00000
1.02808 0.10000 0.00000
1.02807 0.10000 0.00000
1.02803 0.10000 0.00001
1.02799 0.10000 0.00001
1.02792 0.10000 0.00002
1.02786 0.10000 0.00003
1.02776 0.10000 0.00004
1.02767 0.10000 0.00005
1.02754 0.10000 0.00007
1.02743 0.10000 0.00009
1.02727 0.10000 0.00011
1.02712 0.10000 0.00013
1.02693 0.10000 0.00015
1.02675 0.10000 0.00017
1.02652 0.10000 0.00020
1.02631 0.10000 0.00023
1.02604 0.10000 0.00026
1.02579 0.10000 0.00030
1.02548 0.10000 0.00034
1.02519 0.10000 0.00037
1.02483 0.10000 0.00042
1.02450 0.10000 0.00046
1.02413 0.10000 0.00051
1.02371 0.10000 0.00056
1.02323 0.10000 0.00062
1.02280 0.10000 0.00068
1.02226 0.10000 0.00075
1.02177 0.10000 0.00081
1.02115 0.10000 0.00089
1.02059 0.10000 0.00096
1.01989 0.10000 0.00105
1.01925 0.10000 0.00113
1.01845 0.10000 0.00123
1.01773 0.10000 0.00132
1.01683 0.10000 0.00143
1.01601 0.10000 0.00154
1.01498 0.10000 0.00167
1.01405 0.10000 0.00178
1.01288 0.10000 0.00193
1.01183 0.10000 0.00206
1.01050 0.10000 0.00223
1.00930 0.10000 0.00237
1.00779 0.10000 0.00256
1.00643 0.10000 0.00273
1.00471 0.10000 0.00294
1.00317 0.10000 0.00313
1.00122 0.10000 0.00337
0.99946 0.10000 0.00359
0.99746 0.10000 0.00383
0.99524 0.10000 0.00410
0.99296 0.10000 0.00438
0.99044 0.10000 0.00469
0.98785 0.10000 0.00501
0.98499 0.10000 0.00536
0.98172 0.10000 0.00576
0.97878 0.10000 0.00613
0.97508 0.10000 0.00659
0.97174 0.10000 0.00700
0.96753 0.10000 0.00752
0.96374 0.10000 0.00799
0.95896 0.10000 0.00857
0.95466 0.10000 0.00910
0.94926 0.10000 0.00976
0.94439 0.10000 0.01035
0.93829 0.10000 0.01109
0.93279 0.10000 0.01175
0.92591 0.10000 0.01256
0.91971 0.10000 0.01329
0.91199 0.10000 0.01417
0.90502 0.10000 0.01497
0.89637 0.10000 0.01594
0.88858 0.10000 0.01680
0.87894 0.10000 0.01784
0.87026 0.10000 0.01878
0.86063 0.10000 0.01977
0.84994 0.10000 0.02088
0.83817 0.10000 0.02206
0.82755 0.10000 0.02311
0.81593 0.10000 0.02423
0.80304 0.10000 0.02547
0.78903 0.10000 0.02676
0.77640 0.10000 0.02793
0.76130 0.10000 0.02928
0.74768 0.10000 0.03049
0.73155 0.10000 0.03186
0.71701 0.10000 0.03310
0.70162 0.10000 0.03435
0.68456 0.10000 0.03573
0.66845 0.10000 0.03694
0.65058 0.10000 0.03829
0.63390 0.10000 0.03943
0.61539 0.10000 0.04069
0.59645 0.10000 0.04181
0.57937 0.10000 0.04283
0.56209 0.10000 0.04367
0.54291 0.10000 0.04460
0.52563 0.10000 0.04523
0.50646 0.10000 0.04593
0.48938 0.10000 0.04634
0.47043 0.10000 0.04679
0.45375 0.10000 0.04698
0.43525 0.10000 0.04718
0.41914 0.10000 0.04717
0.40127 0.10000 0.04715
0.38420 0.10000 0.04695
0.36882 0.10000 0.04676
0.35428 0.10000 0.04644
0.33814 0.10000 0.04609
0.32453 0.10000 0.04566
0.30943 0.10000 0.04519
0.29680 0.10000 0.04468
0.28278 0.10000 0.04413
0.27116 0.10000 0.04357
0.25827 0.10000 0.04294
0.24766 0.10000 0.04234
0.23588 0.10000 0.04168
0.22625 0.10000 0.04105
0.21557 0.10000 0.04035
0.20593 0.10000 0.03963
0.19725 0.10000 0.03898
0.18945 0.10000 0.03833
0.18081 0.10000 0.03760
0.17384 0.10000 0.03694
0.16611 0.10000 0.03622
0.15924 0.10000 0.03550
0.15304 0.10000 0.03486
0.14694 0.10000 0.03416
0.14143 0.10000 0.03353
0.13603 0.10000 0.03286
0.13116 0.10000 0.03225
0.12639 0.10000 0.03161
0.12209 0.10000 0.03104
0.11788 0.10000 0.03043
0.11409 0.10000 0.02989
0.11038 0.10000 0.02932
0.10704 0.10000 0.02882
0.10378 0.10000 0.02829
0.10084 0.10000 0.02781
0.09825 0.10000 0.02736
0.09538 0.10000 0.02686
0.09311 0.10000 0.02640
0.09059 0.10000 0.02590
0.08859 0.10000 0.02543
0.08637 0.10000 0.02492
0.08461 0.10000 0.02443
0.08252 0.10000 0.02424
0.07810 0.10000 0.02906
0.07435 0.10000 0.03326
0.07065 0.10000 0.03673
0.06567 0.10000 0.04074
0.06387 0.10000 0.04042
0.06154 0.10000 0.03935
0.06020 0.10000 0.03842
0.05825 0.10000 0.03726
0.05683 0.10000 0.03548
0.05564 0.10000 0.03461
0.05495 0.10000 0.03339
0.05353 0.10000 0.03190
0.05249 0.10000 0.03042
0.05176 0.10000 0.02943
0.05087 0.10000 0.02788
0.05027 0.10000 0.02698
0.04961 0.10000 0.02546
0.04918 0.10000 0.02453
0.04872 0.10000 0.02304
0.04841 0.10000 0.02214
0.04810 0.10000 0.02072
0.04787 0.10000 0.01984
0.04766 0.10000 0.01851
0.04751 0.10000 0.01767
0.04739 0.10000 0.01642
0.04731 0.10000 0.01561
0.04727 0.10000 0.01444
0.04725 0.10000 0.01365
0.04725 0.10000 0.01255
0.04725 0.10000 0.01181
0.04728 0.10000 0.01078
0.04737 0.10000 0.01006
0.04750 0.10000 0.00908
0.04755 0.10000 0.00840
0.04770 0.10000 0.00748
0.04788 0.10000 0.00684
0.04812 0.10000 0.00593
0.04803 0.10000 0.00535
0.04851 0.10000 0.00470
0.04897 0.10000 0.00383
0.04870 0.10000 0.00317
0.04867 0.10000 0.00263
0.04898 0.10000 0.00191
0.04950 0.10000 0.00093
0.04982 0.10000 0.00052
0.05015 0.10000 0.00000
0.05017 0.10000 -0.00040
0.05017 0.10000 -0.00090
0.05032 0.10000 -0.00159
0.05053 0.10000 -0.00247
0.05070 0.10000 -0.00296
0.05085 0.10000 -0.00358
0.05093 0.10000 -0.00412
0.05105 0.10000 -0.00481
0.05118 0.10000 -0.00535
0.05131 0.10000 -0.00604
0.05138 0.10000 -0.00660
0.05149 0.10000 -0.00732
0.05158 0.10000 -0.00790
0.05170 0.10000 -0.00866
0.05178 0.10000 -0.00927
0.05190 0.10000 -0.01006
0.05201 0.10000 -0.01071
0.05216 0.10000 -0.01155
0.05227 0.10000 -0.01224
0.05244 0.10000 -0.01314
0.05266 0.10000 -0.01380
0.05291 0.10000 -0.01473
0.05309 0.10000 -0.01550
0.05339 0.10000 -0.01649
0.05367 0.10000 -0.01730
0.05402 0.10000 -0.01837
0.05435 0.10000 -0.01920
0.05476 0.10000 -0.02037
0.05521 0.10000 -0.02120
0.05584 0.10000 -0.02231
0.05647 0.10000 -0.02359
0.05697 0.10000 -0.02450
0.05787 0.10000 -0.02578
0.05853 0.10000 -0.02669
0.05963 0.10000 -0.02799
0.06047 0.10000 -0.02888
0.06183 0.10000 -0.03012
0.06286 0.10000 -0.03096
0.06451 0.10000 -0.03209
0.06574 0.10000 -0.03288
0.06766 0.10000 -0.03387
0.06912 0.10000 -0.03456
0.07125 0.10000 -0.03545
0.07287 0.10000 -0.03613
0.07520 0.10000 -0.03693
0.07702 0.10000 -0.03752
0.07966 0.10000 -0.03801
0.08172 0.10000 -0.03841
0.08455 0.10000 -0.03875
0.08676 0.10000 -0.03908
0.08973 0.10000 -0.03731
0.09374 0.10000 -0.03337
0.09731 0.10000 -0.02992
0.10072 0.10000 -0.02834
0.10405 0.10000 -0.02858
0.10704 0.10000 -0.02882
0.11038 0.10000 -0.02932
0.11409 0.10000 -0.02989
0.11830 0.10000 -0.03049
0.12209 0.10000 -0.03104
0.12639 0.10000 -0.03161
0.13116 0.10000 -0.03225
0.13603 0.10000 -0.03286
0.14143 0.10000 -0.03353
0.14694 0.10000 -0.03416
0.15304 0.10000 -0.03486
0.15924 0.10000 -0.03550
0.16611 0.10000 -0.03622
0.17384 0.10000 -0.03694
0.18081 0.10000 -0.03760
0.18860 0.10000 -0.03825
0.19725 0.10000 -0.03898
0.20688 0.10000 -0.03970
0.21557 0.10000 -0.04035
0.22625 0.10000 -0.04105
0.23588 0.10000 -0.04168
0.24766 0.10000 -0.04234
0.25827 0.10000 -0.04294
0.27116 0.10000 -0.04357
0.28278 0.10000 -0.04413
0.29680 0.10000 -0.04468
0.30943 0.10000 -0.04519
0.32453 0.10000 -0.04566
0.33814 0.10000 -0.04609
0.35428 0.10000 -0.04644
0.36882 0.10000 -0.04676
0.38589 0.10000 -0.04697
0.40127 0.10000 -0.04715
0.41914 0.10000 -0.04717
0.43525 0.10000 -0.04718
0.45193 0.10000 -0.04700
0.47043 0.10000 -0.04679
0.48938 0.10000 -0.04634
0.50646 0.10000 -0.04593
0.52563 0.10000 -0.04523
0.54291 0.10000 -0.04460
0.56209 0.10000 -0.04367
0.57937 0.10000 -0.04283
0.59831 0.10000 -0.04170
0.61539 0.10000 -0.04069
0.63390 0.10000 -0.03943
0.65058 0.10000 -0.03829
0.66845 0.10000 -0.03694
0.68456 0.10000 -0.03573
0.70162 0.10000 -0.03435
0.71701 0.10000 -0.03310
0.73314 0.10000 -0.03173
0.74768 0.10000 -0.03049
0.76279 0.10000 -0.02914
0.77640 0.10000 -0.02793
0.79041 0.10000 -0.02664
0.80304 0.10000 -0.02547
0.81593 0.10000 -0.02423
0.82755 0.10000 -0.02311
0.83933 0.10000 -0.02194
0.84994 0.10000 -0.02088
0.86063 0.10000 -0.01977
0.87026 0.10000 -0.01878
0.87989 0.10000 -0.01774
0.88858 0.10000 -0.01680
0.89723 0.10000 -0.01584
0.90502 0.10000 -0.01497
0.91275 0.10000 -0.01409
0.91971 0.10000 -0.01329
0.92591 0.10000 -0.01256
0.93279 0.10000 -0.01175
0.93889 0.10000 -0.01102
0.94439 0.10000 -0.01035
0.94979 0.10000 -0.00970
0.95466 0.10000 -0.00910
0.95943 0.10000 -0.00852
0.96374 0.10000 -0.00799
0.96794 0.10000 -0.00747
0.97174 0.10000 -0.00700
0.97544 0.10000 -0.00654
0.97878 0.10000 -0.00613
0.98205 0.10000 -0.00572
0.98499 0.10000 -0.00536
0.98785 0.10000 -0.00501
0.99044 0.10000 -0.00469
0.99296 0.10000 -0.00438
0.99524 0.10000 -0.00410
0.99724 0.10000 -0.00386
0.99946 0.10000 -0.00359
1.00122 0.10000 -0.00337
1.00317 0.10000 -0.00313
1.00488 0.10000 -0.00292
1.00643 0.10000 -0.00273
1.00794 0.10000 -0.00254
1.00930 0.10000 -0.00237
1.01063 0.10000 -0.00221
1.01183 0.10000 -0.00206
1.01300 0.10000 -0.00191
1.01405 0.10000 -0.00178
1.01498 0.10000 -0.00167
1.01601 0.10000 -0.00154
1.01683 0.10000 -0.00143
1.01773 0.10000 -0.00132
1.01845 0.10000 -0.00123
1.01925 0.10000 -0.00113
1.01989 0.10000 -0.00105
1.02059 0.10000 -0.00096
1.02115 0.10000 -0.00089
1.02177 0.10000 -0.00081
1.02226 0.10000 -0.00075
1.02280 0.10000 -0.00068
1.02323 0.10000 -0.00062
1.02371 0.10000 -0.00056
1.02413 0.10000 -0.00051
1.02450 0.10000 -0.00046
1.02487 0.10000 -0.00041
1.02519 0.10000 -0.00037
1.02551 0.10000 -0.00033
1.02579 0.10000 -0.00030
1.02607 0.10000 -0.00026
1.02631 0.10000 -0.00023
1.02654 0.10000 -0.00020
1.02675 0.10000 -0.00017
1.02694 0.10000 -0.00015
1.02712 0.10000 -0.00013
1.02728 0.10000 -0.00010
1.02743 0.10000 -0.00009
1.02755 0.10000 -0.00007
1.02767 0.10000 -0.00005
1.02777 0.10000 -0.00004
1.02786 0.10000 -0.00003
1.02793 0.10000 -0.00002
1.02799 0.10000 -0.00001
1.02803 0.10000 -0.00001
1.02807 0.10000 -0.00000
1.02808 0.10000 -0.00000
1.02809 0.10000 0.00000

ZONE T="SLICE_Y_0p75_BINS03_KS_1mm_SINGLE_LAYER"
1.21070 0.75000 0.00000
1.21068 0.75000 0.00000
1.21068 0.75000 0.00000
1.21063 0.75000 0.00001
1.21062 0.75000 0.00001
1.21053 0.75000 0.00002
1.21051 0.75000 0.00002
1.21049 0.75000 0.00003
1.21036 0.75000 0.00004
1.21033 0.75000 0.00005
1.21016 0.75000 0.00007
1.21012 0.75000 0.00007
1.20992 0.75000 0.00010
1.20987 0.75000 0.00011
1.20962 0.75000 0.00014
1.20956 0.75000 0.00015
1.20927 0.75000 0.00018
1.20920 0.75000 0.00019
1.20886 0.75000 0.00024
1.20878 0.75000 0.00025
1.20838 0.75000 0.00030
1.20828 0.75000 0.00031
1.20782 0.75000 0.00037
1.20772 0.75000 0.00038
1.20719 0.75000 0.00045
1.20658 0.75000 0.00053
1.20646 0.75000 0.00054
1.20632 0.75000 0.00056
1.20563 0.75000 0.00065
1.20547 0.75000 0.00067
1.20469 0.75000 0.00077
1.20451 0.75000 0.00079
1.20361 0.75000 0.00090
1.20341 0.75000 0.00093
1.20240 0.75000 0.00106
1.20217 0.75000 0.00109
1.20101 0.75000 0.00123
1.20075 0.75000 0.00127
1.19944 0.75000 0.00143
1.19915 0.75000 0.00147
1.19766 0.75000 0.00165
1.19732 0.75000 0.00169
1.19564 0.75000 0.00190
1.19525 0.75000 0.00195
1.19334 0.75000 0.00219
1.19290 0.75000 0.00224
1.19072 0.75000 0.00251
1.19023 0.75000 0.00257
1.18775 0.75000 0.00287
1.18719 0.75000 0.00294
1.18437 0.75000 0.00329
1.18373 0.75000 0.00337
1.18052 0.75000 0.00376
1.17979 0.75000 0.00385
1.17615 0.75000 0.00430
1.17201 0.75000 0.00481
1.17118 0.75000 0.00491
1.17024 0.75000 0.00503
1.16553 0.75000 0.00561
1.16446 0.75000 0.00574
1.15912 0.75000 0.00640
1.15791 0.75000 0.00655
1.15185 0.75000 0.00730
1.14499 0.75000 0.00813
1.14362 0.75000 0.00830
1.13586 0.75000 0.00923
1.13432 0.75000 0.00942
1.13257 0.75000 0.00962
1.12384 0.75000 0.01065
1.11402 0.75000 0.01178
1.11206 0.75000 0.01200
1.10108 0.75000 0.01322
1.09888 0.75000 0.01347
1.09644 0.75000 0.01373
1.08420 0.75000 0.01505
1.08149 0.75000 0.01533
1.06792 0.75000 0.01674
1.05296 0.75000 0.01823
1.04998 0.75000 0.01853
1.03360 0.75000 0.02010
1.03033 0.75000 0.02041
1.01253 0.75000 0.02206
1.00898 0.75000 0.02239
0.98980 0.75000 0.02409
0.98596 0.75000 0.02443
0.98187 0.75000 0.02478
0.96138 0.75000 0.02653
0.95705 0.75000 0.02688
0.93537 0.75000 0.02864
0.93083 0.75000 0.02898
0.90814 0.75000 0.03069
0.90344 0.75000 0.03101
0.87994 0.75000 0.03261
0.85587 0.75000 0.03404
0.85106 0.75000 0.03432
0.82671 0.75000 0.03551
0.82185 0.75000 0.03574
0.79750 0.75000 0.03663
0.79263 0.75000 0.03681
0.76857 0.75000 0.03739
0.76376 0.75000 0.03750
0.75906 0.75000 0.03755
0.73556 0.75000 0.03782
0.73102 0.75000 0.03781
0.70833 0.75000 0.03779
0.68665 0.75000 0.03753
0.68232 0.75000 0.03748
0.66183 0.75000 0.03703
0.65773 0.75000 0.03694
0.65390 0.75000 0.03682
0.63472 0.75000 0.03622
0.61692 0.75000 0.03551
0.61337 0.75000 0.03536
0.61009 0.75000 0.03521
0.59372 0.75000 0.03442
0.59073 0.75000 0.03425
0.57578 0.75000 0.03340
0.56221 0.75000 0.03251
0.55950 0.75000 0.03234
0.55705 0.75000 0.03215
0.54481 0.75000 0.03124
0.54262 0.75000 0.03106
0.53163 0.75000 0.03013
0.52967 0.75000 0.02995
0.51986 0.75000 0.02903
0.51112 0.75000 0.02812
0.50938 0.75000 0.02794
0.50163 0.75000 0.02705
0.50008 0.75000 0.02687
0.49322 0.75000 0.02602
0.49185 0.75000 0.02585
0.49064 0.75000 0.02569
0.48458 0.75000 0.02488
0.47923 0.75000 0.02411
0.47816 0.75000 0.02395
0.47346 0.75000 0.02324
0.47252 0.75000 0.02310
0.46837 0.75000 0.02243
0.46754 0.75000 0.02229
0.46390 0.75000 0.02165
0.46317 0.75000 0.02152
0.45997 0.75000 0.02089
0.45933 0.75000 0.02076
0.45651 0.75000 0.02010
0.45595 0.75000 0.01997
0.45347 0.75000 0.01928
0.45297 0.75000 0.01914
0.44671 0.75000 0.02722
0.44496 0.75000 0.02947
0.44257 0.75000 0.03199
0.43531 0.75000 0.03948
0.43394 0.75000 0.03920
0.43128 0.75000 0.03850
0.43017 0.75000 0.03778
0.42806 0.75000 0.03658
0.42700 0.75000 0.03584
0.42536 0.75000 0.03466
0.42430 0.75000 0.03286
0.42353 0.75000 0.03197
0.42310 0.75000 0.03084
0.42228 0.75000 0.02891
0.42178 0.75000 0.02790
0.42062 0.75000 0.02688
0.42028 0.75000 0.02527
0.41990 0.75000 0.02431
0.41958 0.75000 0.02282
0.41931 0.75000 0.02193
0.41913 0.75000 0.02040
0.41886 0.75000 0.01961
0.41880 0.75000 0.01880
0.41867 0.75000 0.01736
0.41869 0.75000 0.01656
0.41861 0.75000 0.01531
0.41868 0.75000 0.01455
0.41876 0.75000 0.01331
0.41880 0.75000 0.01265
0.41886 0.75000 0.01149
0.41894 0.75000 0.01088
0.41922 0.75000 0.00974
0.41935 0.75000 0.00917
0.41945 0.75000 0.00811
0.41949 0.75000 0.00763
0.42001 0.75000 0.00659
0.42031 0.75000 0.00610
0.42043 0.75000 0.00510
0.42046 0.75000 0.00465
0.42112 0.75000 0.00373
0.42149 0.75000 0.00335
0.42173 0.75000 0.00240
0.42188 0.75000 0.00189
0.42248 0.75000 0.00089
0.42282 0.75000 0.00062
0.42341 0.75000 -0.00005
0.42340 0.75000 -0.00029
0.42328 0.75000 -0.00087
0.42343 0.75000 -0.00128
0.42375 0.75000 -0.00225
0.42435 0.75000 -0.00301
0.42445 0.75000 -0.00328
0.42453 0.75000 -0.00358
0.42466 0.75000 -0.00439
0.42478 0.75000 -0.00468
0.42507 0.75000 -0.00548
0.42512 0.75000 -0.00578
0.42526 0.75000 -0.00661
0.42533 0.75000 -0.00693
0.42552 0.75000 -0.00779
0.42559 0.75000 -0.00812
0.42572 0.75000 -0.00903
0.42576 0.75000 -0.00941
0.42594 0.75000 -0.01033
0.42613 0.75000 -0.01134
0.42617 0.75000 -0.01175
0.42627 0.75000 -0.01215
0.42645 0.75000 -0.01326
0.42657 0.75000 -0.01370
0.42680 0.75000 -0.01486
0.42694 0.75000 -0.01534
0.42729 0.75000 -0.01654
0.42746 0.75000 -0.01706
0.42790 0.75000 -0.01833
0.42814 0.75000 -0.01886
0.42873 0.75000 -0.02017
0.42905 0.75000 -0.02073
0.42981 0.75000 -0.02208
0.43021 0.75000 -0.02264
0.43117 0.75000 -0.02402
0.43237 0.75000 -0.02540
0.43285 0.75000 -0.02596
0.43434 0.75000 -0.02729
0.43492 0.75000 -0.02782
0.43675 0.75000 -0.02902
0.43744 0.75000 -0.02949
0.43963 0.75000 -0.03061
0.44039 0.75000 -0.03102
0.44123 0.75000 -0.03135
0.44367 0.75000 -0.03230
0.44626 0.75000 -0.03324
0.44710 0.75000 -0.03350
0.44800 0.75000 -0.03375
0.45098 0.75000 -0.03437
0.45194 0.75000 -0.03449
0.45520 0.75000 -0.03489
0.45619 0.75000 -0.03497
0.45974 0.75000 -0.03521
0.46075 0.75000 -0.03528
0.46458 0.75000 -0.03549
0.46566 0.75000 -0.03557
0.46981 0.75000 -0.03597
0.47474 0.75000 -0.03521
0.47599 0.75000 -0.03485
0.48231 0.75000 -0.03050
0.48371 0.75000 -0.02949
0.48511 0.75000 -0.02906
0.49172 0.75000 -0.02657
0.49870 0.75000 -0.02673
0.50008 0.75000 -0.02687
0.50163 0.75000 -0.02705
0.50938 0.75000 -0.02794
0.51112 0.75000 -0.02812
0.51986 0.75000 -0.02903
0.52182 0.75000 -0.02921
0.53163 0.75000 -0.03013
0.53383 0.75000 -0.03032
0.54481 0.75000 -0.03124
0.54726 0.75000 -0.03142
0.55950 0.75000 -0.03234
0.57306 0.75000 -0.03322
0.57578 0.75000 -0.03340
0.59073 0.75000 -0.03425
0.59372 0.75000 -0.03442
0.61009 0.75000 -0.03521
0.61337 0.75000 -0.03536
0.63116 0.75000 -0.03607
0.63472 0.75000 -0.03622
0.65390 0.75000 -0.03682
0.65773 0.75000 -0.03694
0.67822 0.75000 -0.03739
0.68232 0.75000 -0.03748
0.70400 0.75000 -0.03774
0.70833 0.75000 -0.03779
0.73102 0.75000 -0.03781
0.73556 0.75000 -0.03782
0.74025 0.75000 -0.03776
0.76376 0.75000 -0.03750
0.78782 0.75000 -0.03693
0.79263 0.75000 -0.03681
0.81698 0.75000 -0.03592
0.82185 0.75000 -0.03574
0.84620 0.75000 -0.03456
0.85106 0.75000 -0.03432
0.85587 0.75000 -0.03404
0.87994 0.75000 -0.03261
0.90344 0.75000 -0.03101
0.90814 0.75000 -0.03069
0.93083 0.75000 -0.02898
0.93537 0.75000 -0.02864
0.93970 0.75000 -0.02829
0.96138 0.75000 -0.02653
0.96547 0.75000 -0.02618
0.98596 0.75000 -0.02443
1.00514 0.75000 -0.02273
1.00898 0.75000 -0.02239
1.02677 0.75000 -0.02074
1.03033 0.75000 -0.02041
1.04670 0.75000 -0.01884
1.04998 0.75000 -0.01853
1.06493 0.75000 -0.01703
1.06792 0.75000 -0.01674
1.08149 0.75000 -0.01533
1.08420 0.75000 -0.01505
1.09644 0.75000 -0.01373
1.09888 0.75000 -0.01347
1.10987 0.75000 -0.01224
1.11206 0.75000 -0.01200
1.12187 0.75000 -0.01087
1.12384 0.75000 -0.01065
1.13257 0.75000 -0.00962
1.13432 0.75000 -0.00942
1.14207 0.75000 -0.00848
1.14362 0.75000 -0.00830
1.14499 0.75000 -0.00813
1.15185 0.75000 -0.00730
1.15306 0.75000 -0.00715
1.15912 0.75000 -0.00640
1.16019 0.75000 -0.00627
1.16553 0.75000 -0.00561
1.16647 0.75000 -0.00549
1.17118 0.75000 -0.00491
1.17201 0.75000 -0.00481
1.17615 0.75000 -0.00430
1.17688 0.75000 -0.00421
1.18052 0.75000 -0.00376
1.18116 0.75000 -0.00368
1.18437 0.75000 -0.00329
1.18719 0.75000 -0.00294
1.18775 0.75000 -0.00287
1.19023 0.75000 -0.00257
1.19072 0.75000 -0.00251
1.19116 0.75000 -0.00246
1.19334 0.75000 -0.00219
1.19525 0.75000 -0.00195
1.19564 0.75000 -0.00190
1.19732 0.75000 -0.00169
1.19766 0.75000 -0.00165
1.19796 0.75000 -0.00161
1.19944 0.75000 -0.00143
1.19971 0.75000 -0.00140
1.20101 0.75000 -0.00123
1.20124 0.75000 -0.00120
1.20240 0.75000 -0.00106
1.20260 0.75000 -0.00103
1.20361 0.75000 -0.00090
1.20379 0.75000 -0.00088
1.20469 0.75000 -0.00077
1.20484 0.75000 -0.00075
1.20563 0.75000 -0.00065
1.20577 0.75000 -0.00063
1.20646 0.75000 -0.00054
1.20658 0.75000 -0.00053
1.20719 0.75000 -0.00045
1.20772 0.75000 -0.00038
1.20782 0.75000 -0.00037
1.20828 0.75000 -0.00031
1.20838 0.75000 -0.00030
1.20878 0.75000 -0.00025
1.20886 0.75000 -0.00024
1.20920 0.75000 -0.00019
1.20927 0.75000 -0.00018
1.20956 0.75000 -0.00015
1.20962 0.75000 -0.00014
1.20987 0.75000 -0.00011
1.20992 0.75000 -0.00010
1.21012 0.75000 -0.00007
1.21016 0.75000 -0.00007
1.21033 0.75000 -0.00005
1.21036 0.75000 -0.00004
1.21049 0.75000 -0.00003
1.21051 0.75000 -0.00002
1.21060 0.75000 -0.00001
1.21062 0.75000 -0.00001
1.21067 0.75000 -0.00000
1.21068 0.75000 -0.00000
1.21070 0.75000 -0.00000
1.21070 0.75000 0.00000

ZONE T="SLICE_Y_1p4_BINS03_KS_1mm_SINGLE_LAYER"
1.39331 1.40000 0.00000
1.39329 1.40000 0.00000
1.39329 1.40000 0.00000
1.39325 1.40000 0.00001
1.39324 1.40000 0.00001
1.39317 1.40000 0.00002
1.39316 1.40000 0.00002
1.39306 1.40000 0.00003
1.39305 1.40000 0.00003
1.39292 1.40000 0.00005
1.39290 1.40000 0.00005
1.39274 1.40000 0.00007
1.39272 1.40000 0.00008
1.39252 1.40000 0.00010
1.39250 1.40000 0.00010
1.39226 1.40000 0.00013
1.39223 1.40000 0.00014
1.39219 1.40000 0.00014
1.39192 1.40000 0.00018
1.39160 1.40000 0.00022
1.39156 1.40000 0.00022
1.39119 1.40000 0.00027
1.39114 1.40000 0.00028
1.39072 1.40000 0.00033
1.39066 1.40000 0.00034
1.39018 1.40000 0.00040
1.39011 1.40000 0.00041
1.38956 1.40000 0.00048
1.38949 1.40000 0.00049
1.38887 1.40000 0.00057
1.38878 1.40000 0.00058
1.38807 1.40000 0.00067
1.38798 1.40000 0.00068
1.38787 1.40000 0.00069
1.38706 1.40000 0.00080
1.38614 1.40000 0.00091
1.38602 1.40000 0.00093
1.38498 1.40000 0.00106
1.38484 1.40000 0.00107
1.38468 1.40000 0.00109
1.38350 1.40000 0.00124
1.38215 1.40000 0.00141
1.38197 1.40000 0.00143
1.38045 1.40000 0.00162
1.38024 1.40000 0.00165
1.37851 1.40000 0.00186
1.37828 1.40000 0.00189
1.37801 1.40000 0.00192
1.37604 1.40000 0.00216
1.37380 1.40000 0.00244
1.37350 1.40000 0.00247
1.37316 1.40000 0.00252
1.37060 1.40000 0.00283
1.37022 1.40000 0.00288
1.36731 1.40000 0.00323
1.36687 1.40000 0.00329
1.36358 1.40000 0.00369
1.36307 1.40000 0.00376
1.35933 1.40000 0.00422
1.35507 1.40000 0.00475
1.35450 1.40000 0.00482
1.35386 1.40000 0.00490
1.34903 1.40000 0.00549
1.34830 1.40000 0.00558
1.34284 1.40000 0.00624
1.34202 1.40000 0.00634
1.33584 1.40000 0.00708
1.32889 1.40000 0.00790
1.32796 1.40000 0.00801
1.32015 1.40000 0.00891
1.31910 1.40000 0.00903
1.31036 1.40000 0.01000
1.30919 1.40000 0.01013
1.29944 1.40000 0.01118
1.29814 1.40000 0.01132
1.29670 1.40000 0.01147
1.28590 1.40000 0.01259
1.28430 1.40000 0.01275
1.27240 1.40000 0.01394
1.25936 1.40000 0.01519
1.25762 1.40000 0.01536
1.25572 1.40000 0.01553
1.24155 1.40000 0.01684
1.23951 1.40000 0.01702
1.22424 1.40000 0.01838
1.22206 1.40000 0.01857
1.20575 1.40000 0.01996
1.20344 1.40000 0.02015
1.18618 1.40000 0.02154
1.18377 1.40000 0.02172
1.16569 1.40000 0.02309
1.16319 1.40000 0.02326
1.14448 1.40000 0.02453
1.12532 1.40000 0.02567
1.12276 1.40000 0.02582
1.10337 1.40000 0.02676
1.10078 1.40000 0.02689
1.09819 1.40000 0.02698
1.07880 1.40000 0.02769
1.05964 1.40000 0.02815
1.05708 1.40000 0.02821
1.03837 1.40000 0.02842
1.03587 1.40000 0.02845
1.03345 1.40000 0.02845
1.01538 1.40000 0.02843
1.01308 1.40000 0.02840
0.99582 1.40000 0.02819
0.99364 1.40000 0.02815
0.97732 1.40000 0.02779
0.96205 1.40000 0.02731
0.96001 1.40000 0.02724
0.95812 1.40000 0.02717
0.94395 1.40000 0.02660
0.93091 1.40000 0.02598
0.92917 1.40000 0.02589
0.91726 1.40000 0.02522
0.91567 1.40000 0.02513
0.90486 1.40000 0.02442
0.90342 1.40000 0.02433
0.89368 1.40000 0.02360
0.89237 1.40000 0.02350
0.88363 1.40000 0.02277
0.88246 1.40000 0.02267
0.88142 1.40000 0.02257
0.87360 1.40000 0.02184
0.87267 1.40000 0.02174
0.86572 1.40000 0.02102
0.85955 1.40000 0.02031
0.85872 1.40000 0.02022
0.85799 1.40000 0.02013
0.85253 1.40000 0.01945
0.85189 1.40000 0.01936
0.84706 1.40000 0.01871
0.84649 1.40000 0.01863
0.84224 1.40000 0.01802
0.83849 1.40000 0.01745
0.83799 1.40000 0.01737
0.83755 1.40000 0.01730
0.83425 1.40000 0.01677
0.83386 1.40000 0.01670
0.83096 1.40000 0.01619
0.83062 1.40000 0.01612
0.82807 1.40000 0.01562
0.82582 1.40000 0.01509
0.82552 1.40000 0.01502
0.82498 1.40000 0.01588
0.82390 1.40000 0.01764
0.82005 1.40000 0.02388
0.81831 1.40000 0.02651
0.81139 1.40000 0.03505
0.81055 1.40000 0.03605
0.81040 1.40000 0.03603
0.80958 1.40000 0.03593
0.80725 1.40000 0.03564
0.80679 1.40000 0.03558
0.80439 1.40000 0.03455
0.80357 1.40000 0.03423
0.80191 1.40000 0.03318
0.80098 1.40000 0.03243
0.79991 1.40000 0.03104
0.79879 1.40000 0.03037
0.79799 1.40000 0.02916
0.79733 1.40000 0.02794
0.79683 1.40000 0.02643
0.79606 1.40000 0.02552
0.79567 1.40000 0.02460
0.79507 1.40000 0.02323
0.79474 1.40000 0.02236
0.79416 1.40000 0.02124
0.79397 1.40000 0.02038
0.79362 1.40000 0.01920
0.79343 1.40000 0.01841
0.79311 1.40000 0.01738
0.79316 1.40000 0.01631
0.79322 1.40000 0.01539
0.79337 1.40000 0.01439
0.79326 1.40000 0.01353
0.79341 1.40000 0.01261
0.79344 1.40000 0.01183
0.79376 1.40000 0.01072
0.79380 1.40000 0.01013
0.79401 1.40000 0.00956
0.79444 1.40000 0.00842
0.79452 1.40000 0.00802
0.79451 1.40000 0.00705
0.79465 1.40000 0.00671
0.79528 1.40000 0.00565
0.79535 1.40000 0.00544
0.79524 1.40000 0.00444
0.79534 1.40000 0.00425
0.79581 1.40000 0.00331
0.79586 1.40000 0.00320
0.79670 1.40000 0.00222
0.79667 1.40000 0.00087
0.79668 1.40000 0.00086
0.79678 1.40000 0.00081
0.79822 1.40000 0.00020
0.79841 1.40000 0.00007
0.79829 1.40000 -0.00065
0.79819 1.40000 -0.00075
0.79828 1.40000 -0.00170
0.79844 1.40000 -0.00188
0.79908 1.40000 -0.00266
0.79903 1.40000 -0.00284
0.79894 1.40000 -0.00359
0.79905 1.40000 -0.00375
0.79959 1.40000 -0.00445
0.79964 1.40000 -0.00468
0.79964 1.40000 -0.00548
0.79967 1.40000 -0.00569
0.79972 1.40000 -0.00592
0.79988 1.40000 -0.00676
0.79992 1.40000 -0.00700
0.79986 1.40000 -0.00794
0.79984 1.40000 -0.00818
0.79976 1.40000 -0.00919
0.79994 1.40000 -0.01014
0.79997 1.40000 -0.01031
0.80018 1.40000 -0.01145
0.80019 1.40000 -0.01162
0.80034 1.40000 -0.01292
0.80035 1.40000 -0.01306
0.80082 1.40000 -0.01427
0.80086 1.40000 -0.01440
0.80116 1.40000 -0.01604
0.80119 1.40000 -0.01612
0.80175 1.40000 -0.01779
0.80178 1.40000 -0.01787
0.80252 1.40000 -0.01957
0.80256 1.40000 -0.01964
0.80353 1.40000 -0.02127
0.80358 1.40000 -0.02136
0.80492 1.40000 -0.02291
0.80501 1.40000 -0.02307
0.80520 1.40000 -0.02317
0.80684 1.40000 -0.02478
0.80718 1.40000 -0.02503
0.80879 1.40000 -0.02642
0.81064 1.40000 -0.02725
0.81128 1.40000 -0.02767
0.81216 1.40000 -0.02801
0.81407 1.40000 -0.02876
0.81537 1.40000 -0.02918
0.81694 1.40000 -0.02986
0.81872 1.40000 -0.03033
0.82014 1.40000 -0.03075
0.82149 1.40000 -0.03088
0.82360 1.40000 -0.03118
0.82596 1.40000 -0.03152
0.82706 1.40000 -0.03160
0.82995 1.40000 -0.03170
0.83083 1.40000 -0.03180
0.83177 1.40000 -0.03184
0.83492 1.40000 -0.03197
0.83856 1.40000 -0.03230
0.83939 1.40000 -0.03236
0.84028 1.40000 -0.03244
0.84441 1.40000 -0.03286
0.84926 1.40000 -0.03332
0.85009 1.40000 -0.03340
0.85100 1.40000 -0.03315
0.85708 1.40000 -0.03043
0.85752 1.40000 -0.03009
0.86098 1.40000 -0.02734
0.86478 1.40000 -0.02440
0.86528 1.40000 -0.02403
0.86589 1.40000 -0.02383
0.87360 1.40000 -0.02184
0.88142 1.40000 -0.02257
0.88246 1.40000 -0.02267
0.89121 1.40000 -0.02340
0.89237 1.40000 -0.02350
0.90212 1.40000 -0.02423
0.90342 1.40000 -0.02433
0.91422 1.40000 -0.02503
0.91567 1.40000 -0.02513
0.92758 1.40000 -0.02580
0.92917 1.40000 -0.02589
0.93091 1.40000 -0.02598
0.94395 1.40000 -0.02660
0.95812 1.40000 -0.02717
0.96001 1.40000 -0.02724
0.97528 1.40000 -0.02772
0.97732 1.40000 -0.02779
0.97950 1.40000 -0.02783
0.99582 1.40000 -0.02819
1.01308 1.40000 -0.02840
1.01538 1.40000 -0.02843
1.03345 1.40000 -0.02845
1.03587 1.40000 -0.02845
1.03837 1.40000 -0.02842
1.05708 1.40000 -0.02821
1.07624 1.40000 -0.02775
1.07880 1.40000 -0.02769
1.09819 1.40000 -0.02698
1.10078 1.40000 -0.02689
1.12017 1.40000 -0.02595
1.12276 1.40000 -0.02582
1.14192 1.40000 -0.02469
1.14448 1.40000 -0.02453
1.14698 1.40000 -0.02436
1.16569 1.40000 -0.02309
1.18377 1.40000 -0.02172
1.18618 1.40000 -0.02154
1.20344 1.40000 -0.02015
1.20575 1.40000 -0.01996
1.22206 1.40000 -0.01857
1.22424 1.40000 -0.01838
1.23951 1.40000 -0.01702
1.24155 1.40000 -0.01684
1.24345 1.40000 -0.01667
1.25762 1.40000 -0.01536
1.25936 1.40000 -0.01519
1.27240 1.40000 -0.01394
1.28430 1.40000 -0.01275
1.28590 1.40000 -0.01259
1.28734 1.40000 -0.01244
1.29814 1.40000 -0.01132
1.30789 1.40000 -0.01027
1.30919 1.40000 -0.01013
1.31793 1.40000 -0.00916
1.31910 1.40000 -0.00903
1.32692 1.40000 -0.00813
1.32796 1.40000 -0.00801
1.32889 1.40000 -0.00790
1.33584 1.40000 -0.00708
1.33667 1.40000 -0.00698
1.34284 1.40000 -0.00624
1.34357 1.40000 -0.00615
1.34903 1.40000 -0.00549
1.34968 1.40000 -0.00541
1.35450 1.40000 -0.00482
1.35507 1.40000 -0.00475
1.35933 1.40000 -0.00422
1.36307 1.40000 -0.00376
1.36358 1.40000 -0.00369
1.36687 1.40000 -0.00329
1.36731 1.40000 -0.00323
1.37022 1.40000 -0.00288
1.37060 1.40000 -0.00283
1.37316 1.40000 -0.00252
1.37350 1.40000 -0.00247
1.37574 1.40000 -0.00220
1.37604 1.40000 -0.00216
1.37801 1.40000 -0.00192
1.37828 1.40000 -0.00189
1.38001 1.40000 -0.00167
1.38024 1.40000 -0.00165
1.38177 1.40000 -0.00146
1.38197 1.40000 -0.00143
1.38332 1.40000 -0.00126
1.38350 1.40000 -0.00124
1.38468 1.40000 -0.00109
1.38484 1.40000 -0.00107
1.38588 1.40000 -0.00094
1.38602 1.40000 -0.00093
1.38694 1.40000 -0.00081
1.38706 1.40000 -0.00080
1.38787 1.40000 -0.00069
1.38798 1.40000 -0.00068
1.38869 1.40000 -0.00059
1.38878 1.40000 -0.00058
1.38941 1.40000 -0.00050
1.38949 1.40000 -0.00049
1.38956 1.40000 -0.00048
1.39011 1.40000 -0.00041
1.39018 1.40000 -0.00040
1.39066 1.40000 -0.00034
1.39108 1.40000 -0.00029
1.39114 1.40000 -0.00028
1.39119 1.40000 -0.00027
1.39156 1.40000 -0.00022
1.39188 1.40000 -0.00018
1.39192 1.40000 -0.00018
1.39219 1.40000 -0.00014
1.39223 1.40000 -0.00014
1.39246 1.40000 -0.00011
1.39250 1.40000 -0.00010
1.39269 1.40000 -0.00008
1.39272 1.40000 -0.00008
1.39274 1.40000 -0.00007
1.39290 1.40000 -0.00005
1.39292 1.40000 -0.00005
1.39305 1.40000 -0.00003
1.39315 1.40000 -0.00002
1.39316 1.40000 -0.00002
1.39317 1.40000 -0.00002
1.39324 1.40000 -0.00001
1.39328 1.40000 -0.00000
1.39329 1.40000 -0.00000
1.39330 1.40000 -0.00000
1.39331 1.40000 0.00000

ZONE T="SLICE_Y_0p1_BINS07_KS_1mm_SINGLE_LAYER"
1.02809 0.10000 0.00000
1.02808 0.10000 0.00000
1.02807 0.10000 0.00000
1.02803 0.10000 0.00001
1.02799 0.10000 0.00001
1.02792 0.10000 0.00002
1.02786 0.10000 0.00003
1.02776 0.10000 0.00004
1.02767 0.10000 0.00005
1.02754 0.10000 0.00007
1.02743 0.10000 0.00009
1.02727 0.10000 0.00011
1.02712 0.10000 0.00013
1.02693 0.10000 0.00015
1.02675 0.10000 0.00017
1.02652 0.10000 0.00020
1.02631 0.10000 0.00023
1.02604 0.10000 0.00026
1.02579 0.10000 0.00030
1.02548 0.10000 0.00034
1.02519 0.10000 0.00037
1.02483 0.10000 0.00042
1.02450 0.10000 0.00046
1.02413 0.10000 0.00051
1.02371 0.10000 0.00056
1.02323 0.10000 0.00062
1.02280 0.10000 0.00068
1.02226 0.10000 0.00075
1.02177 0.10000 0.00081
1.02115 0.10000 0.00089
1.02059 0.10000 0.00096
1.01989 0.10000 0.00105
1.01925 0.10000 0.00113
1.01845 0.10000 0.00123
1.01773 0.10000 0.00132
1.01683 0.10000 0.00143
1.01601 0.10000 0.00154
1.01498 0.10000 0.00167
1.01405 0.10000 0.00178
1.01288 0.10000 0.00193
1.01183 0.10000 0.00206
1.01050 0.10000 0.00223
1.00930 0.10000 0.00237
1.00779 0.10000 0.00256
1.00643 0.10000 0.00273
1.00471 0.10000 0.00294
1.00317 0.10000 0.00313
1.00122 0.10000 0.00337
0.99946 0.10000 0.00359
0.99746 0.10000 0.00383
0.99524 0.10000 0.00410
0.99296 0.10000 0.00438
0.99044 0.10000 0.00469
0.98785 0.10000 0.00501
0.98499 0.10000 0.00536
0.98172 0.10000 0.00576
0.97878 0.10000 0.00613
0.97508 0.10000 0.00659
0.97174 0.10000 0.00700
0.96753 0.10000 0.00752
0.96374 0.10000 0.00799
0.95896 0.10000 0.00857
0.95466 0.10000 0.00910
0.94926 0.10000 0.00976
0.94439 0.10000 0.01035
0.93829 0.10000 0.01109
0.93279 0.10000 0.01175
0.92591 0.10000 0.01256
0.91971 0.10000 0.01329
0.91199 0.10000 0.01417
0.90502 0.10000 0.01497
0.89637 0.10000 0.01594
0.88858 0.10000 0.01680
0.87894 0.10000 0.01784
0.87026 0.10000 0.01878
0.86063 0.10000 0.01977
0.84994 0.10000 0.02088
0.83817 0.10000 0.02206
0.82755 0.10000 0.02311
0.81593 0.10000 0.02423
0.80304 0.10000 0.02547
0.78903 0.10000 0.02676
0.77640 0.10000 0.02793
0.76130 0.10000 0.02928
0.74768 0.10000 0.03049
0.73155 0.10000 0.03186
0.71701 0.10000 0.03310
0.70162 0.10000 0.03435
0.68456 0.10000 0.03573
0.66845 0.10000 0.03694
0.65058 0.10000 0.03829
0.63390 0.10000 0.03943
0.61539 0.10000 0.04069
0.59645 0.10000 0.04181
0.57937 0.10000 0.04283
0.56209 0.10000 0.04367
0.54291 0.10000 0.04460
0.52563 0.10000 0.04523
0.50646 0.10000 0.04593
0.48938 0.10000 0.04634
0.47043 0.10000 0.04679
0.45375 0.10000 0.04698
0.43525 0.10000 0.04718
0.41914 0.10000 0.04717
0.40127 0.10000 0.04715
0.38420 0.10000 0.04695
0.36882 0.10000 0.04676
0.35428 0.10000 0.04644
0.33814 0.10000 0.04609
0.32453 0.10000 0.04566
0.30943 0.10000 0.04519
0.29680 0.10000 0.04468
0.28278 0.10000 0.04413
0.27116 0.10000 0.04357
0.25827 0.10000 0.04294
0.24766 0.10000 0.04234
0.23588 0.10000 0.04168
0.22625 0.10000 0.04105
0.21557 0.10000 0.04035
0.20593 0.10000 0.03963
0.19725 0.10000 0.03898
0.18945 0.10000 0.03833
0.18081 0.10000 0.03760
0.17384 0.10000 0.03694
0.16611 0.10000 0.03622
0.15924 0.10000 0.03550
0.15304 0.10000 0.03486
0.14694 0.10000 0.03416
0.14143 0.10000 0.03353
0.13603 0.10000 0.03286
0.13116 0.10000 0.03225
0.12639 0.10000 0.03161
0.12209 0.10000 0.03104
0.11788 0.10000 0.03043
0.11409 0.10000 0.02989
0.11038 0.10000 0.02932
0.10704 0.10000 0.02882
0.10378 0.10000 0.02829
0.10084 0.10000 0.02781
0.09825 0.10000 0.02736
0.09538 0.10000 0.02686
0.09311 0.10000 0.02640
0.09059 0.10000 0.02590
0.08859 0.10000 0.02543
0.08637 0.10000 0.02492
0.08460 0.10000 0.02446
0.08231 0.10000 0.02474
0.07788 0.10000 0.02951
0.07420 0.10000 0.03358
0.07051 0.10000 0.03705
0.06573 0.10000 0.04064
0.06387 0.10000 0.04043
0.06154 0.10000 0.03936
0.06020 0.10000 0.03843
0.05825 0.10000 0.03727
0.05680 0.10000 0.03551
0.05562 0.10000 0.03464
0.05491 0.10000 0.03343
0.05348 0.10000 0.03195
0.05248 0.10000 0.03043
0.05177 0.10000 0.02942
0.05089 0.10000 0.02786
0.05028 0.10000 0.02697
0.04962 0.10000 0.02545
0.04920 0.10000 0.02452
0.04874 0.10000 0.02303
0.04842 0.10000 0.02213
0.04811 0.10000 0.02071
0.04788 0.10000 0.01983
0.04768 0.10000 0.01850
0.04753 0.10000 0.01766
0.04740 0.10000 0.01641
0.04733 0.10000 0.01560
0.04728 0.10000 0.01443
0.04726 0.10000 0.01364
0.04726 0.10000 0.01254
0.04726 0.10000 0.01180
0.04729 0.10000 0.01078
0.04738 0.10000 0.01006
0.04752 0.10000 0.00908
0.04756 0.10000 0.00840
0.04771 0.10000 0.00748
0.04789 0.10000 0.00684
0.04813 0.10000 0.00593
0.04805 0.10000 0.00535
0.04852 0.10000 0.00469
0.04899 0.10000 0.00383
0.04871 0.10000 0.00316
0.04868 0.10000 0.00263
0.04900 0.10000 0.00191
0.04951 0.10000 0.00093
0.04983 0.10000 0.00052
0.05017 0.10000 0.00000
0.05018 0.10000 -0.00040
0.05019 0.10000 -0.00090
0.05034 0.10000 -0.00159
0.05055 0.10000 -0.00247
0.05071 0.10000 -0.00296
0.05086 0.10000 -0.00358
0.05094 0.10000 -0.00412
0.05107 0.10000 -0.00481
0.05119 0.10000 -0.00535
0.05132 0.10000 -0.00604
0.05140 0.10000 -0.00660
0.05150 0.10000 -0.00732
0.05160 0.10000 -0.00790
0.05171 0.10000 -0.00865
0.05180 0.10000 -0.00927
0.05192 0.10000 -0.01006
0.05203 0.10000 -0.01071
0.05218 0.10000 -0.01154
0.05229 0.10000 -0.01223
0.05245 0.10000 -0.01313
0.05267 0.10000 -0.01379
0.05292 0.10000 -0.01472
0.05311 0.10000 -0.01549
0.05341 0.10000 -0.01649
0.05368 0.10000 -0.01729
0.05403 0.10000 -0.01836
0.05437 0.10000 -0.01919
0.05477 0.10000 -0.02036
0.05522 0.10000 -0.02119
0.05585 0.10000 -0.02230
0.05648 0.10000 -0.02358
0.05699 0.10000 -0.02449
0.05788 0.10000 -0.02577
0.05854 0.10000 -0.02668
0.05964 0.10000 -0.02798
0.06048 0.10000 -0.02887
0.06184 0.10000 -0.03011
0.06287 0.10000 -0.03094
0.06452 0.10000 -0.03208
0.06575 0.10000 -0.03287
0.06767 0.10000 -0.03385
0.06912 0.10000 -0.03455
0.07126 0.10000 -0.03544
0.07287 0.10000 -0.03612
0.07520 0.10000 -0.03693
0.07702 0.10000 -0.03752
0.07966 0.10000 -0.03802
0.08171 0.10000 -0.03841
0.08455 0.10000 -0.03875
0.08676 0.10000 -0.03909
0.08961 0.10000 -0.03776
0.09338 0.10000 -0.03479
0.09687 0.10000 -0.03169
0.10035 0.10000 -0.02998
0.10388 0.10000 -0.02938
0.10704 0.10000 -0.02882
0.11038 0.10000 -0.02932
0.11409 0.10000 -0.02989
0.11830 0.10000 -0.03049
0.12209 0.10000 -0.03104
0.12639 0.10000 -0.03161
0.13116 0.10000 -0.03225
0.13603 0.10000 -0.03286
0.14143 0.10000 -0.03353
0.14694 0.10000 -0.03416
0.15304 0.10000 -0.03486
0.15924 0.10000 -0.03550
0.16611 0.10000 -0.03622
0.17384 0.10000 -0.03694
0.18081 0.10000 -0.03760
0.18860 0.10000 -0.03825
0.19725 0.10000 -0.03898
0.20688 0.10000 -0.03970
0.21557 0.10000 -0.04035
0.22625 0.10000 -0.04105
0.23588 0.10000 -0.04168
0.24766 0.10000 -0.04234
0.25827 0.10000 -0.04294
0.27116 0.10000 -0.04357
0.28278 0.10000 -0.04413
0.29680 0.10000 -0.04468
0.30943 0.10000 -0.04519
0.32453 0.10000 -0.04566
0.33814 0.10000 -0.04609
0.35428 0.10000 -0.04644
0.36882 0.10000 -0.04676
0.38589 0.10000 -0.04697
0.40127 0.10000 -0.04715
0.41914 0.10000 -0.04717
0.43525 0.10000 -0.04718
0.45193 0.10000 -0.04700
0.47043 0.10000 -0.04679
0.48938 0.10000 -0.04634
0.50646 0.10000 -0.04593
0.52563 0.10000 -0.04523
0.54291 0.10000 -0.04460
0.56209 0.10000 -0.04367
0.57937 0.10000 -0.04283
0.59831 0.10000 -0.04170
0.61539 0.10000 -0.04069
0.63390 0.10000 -0.03943
0.65058 0.10000 -0.03829
0.66845 0.10000 -0.03694
0.68456 0.10000 -0.03573
0.70162 0.10000 -0.03435
0.71701 0.10000 -0.03310
0.73314 0.10000 -0.03173
0.74768 0.10000 -0.03049
0.76279 0.10000 -0.02914
0.77640 0.10000 -0.02793
0.79041 0.10000 -0.02664
0.80304 0.10000 -0.02547
0.81593 0.10000 -0.02423
0.82755 0.10000 -0.02311
0.83933 0.10000 -0.02194
0.84994 0.10000 -0.02088
0.86063 0.10000 -0.01977
0.87026 0.10000 -0.01878
0.87989 0.10000 -0.01774
0.88858 0.10000 -0.01680
0.89723 0.10000 -0.01584
0.90502 0.10000 -0.01497
0.91275 0.10000 -0.01409
0.91971 0.10000 -0.01329
0.92591 0.10000 -0.01256
0.93279 0.10000 -0.01175
0.93889 0.10000 -0.01102
0.94439 0.10000 -0.01035
0.94979 0.10000 -0.00970
0.95466 0.10000 -0.00910
0.95943 0.10000 -0.00852
0.96374 0.10000 -0.00799
0.96794 0.10000 -0.00747
0.97174 0.10000 -0.00700
0.97544 0.10000 -0.00654
0.97878 0.10000 -0.00613
0.98205 0.10000 -0.00572
0.98499 0.10000 -0.00536
0.98785 0.10000 -0.00501
0.99044 0.10000 -0.00469
0.99296 0.10000 -0.00438
0.99524 0.10000 -0.00410
0.99724 0.10000 -0.00386
0.99946 0.10000 -0.00359
1.00122 0.10000 -0.00337
1.00317 0.10000 -0.00313
1.00488 0.10000 -0.00292
1.00643 0.10000 -0.00273
1.00794 0.10000 -0.00254
1.00930 0.10000 -0.00237
1.01063 0.10000 -0.00221
1.01183 0.10000 -0.00206
1.01300 0.10000 -0.00191
1.01405 0.10000 -0.00178
1.01498 0.10000 -0.00167
1.01601 0.10000 -0.00154
1.01683 0.10000 -0.00143
1.01773 0.10000 -0.00132
1.01845 0.10000 -0.00123
1.01925 0.10000 -0.00113
1.01989 0.10000 -0.00105
1.02059 0.10000 -0.00096
1.02115 0.10000 -0.00089
1.02177 0.10000 -0.00081
1.02226 0.10000 -0.00075
1.02280 0.10000 -0.00068
1.02323 0.10000 -0.00062
1.02371 0.10000 -0.00056
1.02413 0.10000 -0.00051
1.02450 0.10000 -0.00046
1.02487 0.10000 -0.00041
1.02519 0.10000 -0.00037
1.02551 0.10000 -0.00033
1.02579 0.10000 -0.00030
1.02607 0.10000 -0.00026
1.02631 0.10000 -0.00023
1.02654 0.10000 -0.00020
1.02675 0.10000 -0.00017
1.02694 0.10000 -0.00015
1.02712 0.10000 -0.00013
1.02728 0.10000 -0.00010
1.02743 0.10000 -0.00009
1.02755 0.10000 -0.00007
1.02767 0.10000 -0.00005
1.02777 0.10000 -0.00004
1.02786 0.10000 -0.00003
1.02793 0.10000 -0.00002
1.02799 0.10000 -0.00001
1.02803 0.10000 -0.00001
1.02807 0.10000 -0.00000
1.02808 0.10000 -0.00000
1.02809 0.10000 0.00000

ZONE T="SLICE_Y_0p75_BINS07_KS_1mm_SINGLE_LAYER"
1.21070 0.75000 0.00000
1.21068 0.75000 0.00000
1.21068 0.75000 0.00000
1.21063 0.75000 0.00001
1.21062 0.75000 0.00001
1.21053 0.75000 0.00002
1.21051 0.75000 0.00002
1.21049 0.75000 0.00003
1.21036 0.75000 0.00004
1.21033 0.75000 0.00005
1.21016 0.75000 0.00007
1.21012 0.75000 0.00007
1.20992 0.75000 0.00010
1.20987 0.75000 0.00011
1.20962 0.75000 0.00014
1.20956 0.75000 0.00015
1.20927 0.75000 0.00018
1.20920 0.75000 0.00019
1.20886 0.75000 0.00024
1.20878 0.75000 0.00025
1.20838 0.75000 0.00030
1.20828 0.75000 0.00031
1.20782 0.75000 0.00037
1.20772 0.75000 0.00038
1.20719 0.75000 0.00045
1.20658 0.75000 0.00053
1.20646 0.75000 0.00054
1.20632 0.75000 0.00056
1.20563 0.75000 0.00065
1.20547 0.75000 0.00067
1.20469 0.75000 0.00077
1.20451 0.75000 0.00079
1.20361 0.75000 0.00090
1.20341 0.75000 0.00093
1.20240 0.75000 0.00106
1.20217 0.75000 0.00109
1.20101 0.75000 0.00123
1.20075 0.75000 0.00127
1.19944 0.75000 0.00143
1.19915 0.75000 0.00147
1.19766 0.75000 0.00165
1.19732 0.75000 0.00169
1.19564 0.75000 0.00190
1.19525 0.75000 0.00195
1.19334 0.75000 0.00219
1.19290 0.75000 0.00224
1.19072 0.75000 0.00251
1.19023 0.75000 0.00257
1.18775 0.75000 0.00287
1.18719 0.75000 0.00294
1.18437 0.75000 0.00329
1.18373 0.75000 0.00337
1.18052 0.75000 0.00376
1.17979 0.75000 0.00385
1.17615 0.75000 0.00430
1.17201 0.75000 0.00481
1.17118 0.75000 0.00491
1.17024 0.75000 0.00503
1.16553 0.75000 0.00561
1.16446 0.75000 0.00574
1.15912 0.75000 0.00640
1.15791 0.75000 0.00655
1.15185 0.75000 0.00730
1.14499 0.75000 0.00813
1.14362 0.75000 0.00830
1.13586 0.75000 0.00923
1.13432 0.75000 0.00942
1.13257 0.75000 0.00962
1.12384 0.75000 0.01065
1.11402 0.75000 0.01178
1.11206 0.75000 0.01200
1.10108 0.75000 0.01322
1.09888 0.75000 0.01347
1.09644 0.75000 0.01373
1.08420 0.75000 0.01505
1.08149 0.75000 0.01533
1.06792 0.75000 0.01674
1.05296 0.75000 0.01823
1.04998 0.75000 0.01853
1.03360 0.75000 0.02010
1.03033 0.75000 0.02041
1.01253 0.75000 0.02206
1.00898 0.75000 0.02239
0.98980 0.75000 0.02409
0.98596 0.75000 0.02443
0.98187 0.75000 0.02478
0.96138 0.75000 0.02653
0.95705 0.75000 0.02688
0.93537 0.75000 0.02864
0.93083 0.75000 0.02898
0.90814 0.75000 0.03069
0.90344 0.75000 0.03101
0.87994 0.75000 0.03261
0.85587 0.75000 0.03404
0.85106 0.75000 0.03432
0.82671 0.75000 0.03551
0.82185 0.75000 0.03574
0.79750 0.75000 0.03663
0.79263 0.75000 0.03681
0.76857 0.75000 0.03739
0.76376 0.75000 0.03750
0.75906 0.75000 0.03755
0.73556 0.75000 0.03782
0.73102 0.75000 0.03781
0.70833 0.75000 0.03779
0.68665 0.75000 0.03753
0.68232 0.75000 0.03748
0.66183 0.75000 0.03703
0.65773 0.75000 0.03694
0.65390 0.75000 0.03682
0.63472 0.75000 0.03622
0.61692 0.75000 0.03551
0.61337 0.75000 0.03536
0.61009 0.75000 0.03521
0.59372 0.75000 0.03442
0.59073 0.75000 0.03425
0.57578 0.75000 0.03340
0.56221 0.75000 0.03251
0.55950 0.75000 0.03234
0.55705 0.75000 0.03215
0.54481 0.75000 0.03124
0.54262 0.75000 0.03106
0.53163 0.75000 0.03013
0.52967 0.75000 0.02995
0.51986 0.75000 0.02903
0.51112 0.75000 0.02812
0.50938 0.75000 0.02794
0.50163 0.75000 0.02705
0.50008 0.75000 0.02687
0.49322 0.75000 0.02602
0.49185 0.75000 0.02585
0.49064 0.75000 0.02569
0.48458 0.75000 0.02488
0.47923 0.75000 0.02411
0.47816 0.75000 0.02395
0.47346 0.75000 0.02324
0.47252 0.75000 0.02310
0.46837 0.75000 0.02243
0.46754 0.75000 0.02229
0.46390 0.75000 0.02165
0.46317 0.75000 0.02152
0.45997 0.75000 0.02089
0.45933 0.75000 0.02076
0.45651 0.75000 0.02010
0.45595 0.75000 0.01997
0.45347 0.75000 0.01928
0.45297 0.75000 0.01914
0.44698 0.75000 0.02663
0.44536 0.75000 0.02863
0.44304 0.75000 0.03110
0.43570 0.75000 0.03880
0.43417 0.75000 0.03882
0.43127 0.75000 0.03850
0.43016 0.75000 0.03778
0.42805 0.75000 0.03659
0.42700 0.75000 0.03584
0.42535 0.75000 0.03467
0.42429 0.75000 0.03287
0.42352 0.75000 0.03198
0.42309 0.75000 0.03085
0.42228 0.75000 0.02891
0.42179 0.75000 0.02789
0.42064 0.75000 0.02687
0.42030 0.75000 0.02526
0.41992 0.75000 0.02430
0.41959 0.75000 0.02281
0.41932 0.75000 0.02192
0.41915 0.75000 0.02039
0.41887 0.75000 0.01960
0.41881 0.75000 0.01880
0.41868 0.75000 0.01735
0.41870 0.75000 0.01655
0.41862 0.75000 0.01530
0.41869 0.75000 0.01454
0.41877 0.75000 0.01330
0.41881 0.75000 0.01264
0.41887 0.75000 0.01149
0.41895 0.75000 0.01088
0.41923 0.75000 0.00974
0.41936 0.75000 0.00916
0.41946 0.75000 0.00811
0.41951 0.75000 0.00763
0.42002 0.75000 0.00659
0.42032 0.75000 0.00610
0.42044 0.75000 0.00510
0.42047 0.75000 0.00464
0.42113 0.75000 0.00373
0.42151 0.75000 0.00335
0.42175 0.75000 0.00240
0.42189 0.75000 0.00189
0.42248 0.75000 0.00089
0.42283 0.75000 0.00062
0.42342 0.75000 -0.00005
0.42341 0.75000 -0.00029
0.42330 0.75000 -0.00087
0.42345 0.75000 -0.00128
0.42376 0.75000 -0.00225
0.42436 0.75000 -0.00301
0.42446 0.75000 -0.00328
0.42455 0.75000 -0.00357
0.42467 0.75000 -0.00439
0.42479 0.75000 -0.00468
0.42508 0.75000 -0.00547
0.42513 0.75000 -0.00578
0.42528 0.75000 -0.00661
0.42535 0.75000 -0.00692
0.42553 0.75000 -0.00778
0.42560 0.75000 -0.00812
0.42572 0.75000 -0.00903
0.42577 0.75000 -0.00941
0.42595 0.75000 -0.01032
0.42615 0.75000 -0.01134
0.42619 0.75000 -0.01174
0.42628 0.75000 -0.01214
0.42646 0.75000 -0.01325
0.42658 0.75000 -0.01369
0.42681 0.75000 -0.01485
0.42695 0.75000 -0.01533
0.42730 0.75000 -0.01653
0.42748 0.75000 -0.01705
0.42792 0.75000 -0.01832
0.42815 0.75000 -0.01886
0.42874 0.75000 -0.02017
0.42906 0.75000 -0.02072
0.42982 0.75000 -0.02207
0.43021 0.75000 -0.02263
0.43118 0.75000 -0.02401
0.43237 0.75000 -0.02539
0.43286 0.75000 -0.02595
0.43434 0.75000 -0.02728
0.43493 0.75000 -0.02780
0.43676 0.75000 -0.02901
0.43745 0.75000 -0.02947
0.43964 0.75000 -0.03060
0.44040 0.75000 -0.03100
0.44124 0.75000 -0.03133
0.44368 0.75000 -0.03229
0.44626 0.75000 -0.03323
0.44710 0.75000 -0.03350
0.44800 0.75000 -0.03374
0.45098 0.75000 -0.03438
0.45194 0.75000 -0.03449
0.45520 0.75000 -0.03490
0.45618 0.75000 -0.03498
0.45973 0.75000 -0.03522
0.46075 0.75000 -0.03529
0.46457 0.75000 -0.03550
0.46566 0.75000 -0.03556
0.46981 0.75000 -0.03596
0.47479 0.75000 -0.03499
0.47604 0.75000 -0.03463
0.48220 0.75000 -0.03101
0.48359 0.75000 -0.03014
0.48500 0.75000 -0.02973
0.49160 0.75000 -0.02729
0.49868 0.75000 -0.02686
0.50008 0.75000 -0.02687
0.50163 0.75000 -0.02705
0.50938 0.75000 -0.02794
0.51112 0.75000 -0.02812
0.51986 0.75000 -0.02903
0.52182 0.75000 -0.02921
0.53163 0.75000 -0.03013
0.53383 0.75000 -0.03032
0.54481 0.75000 -0.03124
0.54726 0.75000 -0.03142
0.55950 0.75000 -0.03234
0.57306 0.75000 -0.03322
0.57578 0.75000 -0.03340
0.59073 0.75000 -0.03425
0.59372 0.75000 -0.03442
0.61009 0.75000 -0.03521
0.61337 0.75000 -0.03536
0.63116 0.75000 -0.03607
0.63472 0.75000 -0.03622
0.65390 0.75000 -0.03682
0.65773 0.75000 -0.03694
0.67822 0.75000 -0.03739
0.68232 0.75000 -0.03748
0.70400 0.75000 -0.03774
0.70833 0.75000 -0.03779
0.73102 0.75000 -0.03781
0.73556 0.75000 -0.03782
0.74025 0.75000 -0.03776
0.76376 0.75000 -0.03750
0.78782 0.75000 -0.03693
0.79263 0.75000 -0.03681
0.81698 0.75000 -0.03592
0.82185 0.75000 -0.03574
0.84620 0.75000 -0.03456
0.85106 0.75000 -0.03432
0.85587 0.75000 -0.03404
0.87994 0.75000 -0.03261
0.90344 0.75000 -0.03101
0.90814 0.75000 -0.03069
0.93083 0.75000 -0.02898
0.93537 0.75000 -0.02864
0.93970 0.75000 -0.02829
0.96138 0.75000 -0.02653
0.96547 0.75000 -0.02618
0.98596 0.75000 -0.02443
1.00514 0.75000 -0.02273
1.00898 0.75000 -0.02239
1.02677 0.75000 -0.02074
1.03033 0.75000 -0.02041
1.04670 0.75000 -0.01884
1.04998 0.75000 -0.01853
1.06493 0.75000 -0.01703
1.06792 0.75000 -0.01674
1.08149 0.75000 -0.01533
1.08420 0.75000 -0.01505
1.09644 0.75000 -0.01373
1.09888 0.75000 -0.01347
1.10987 0.75000 -0.01224
1.11206 0.75000 -0.01200
1.12187 0.75000 -0.01087
1.12384 0.75000 -0.01065
1.13257 0.75000 -0.00962
1.13432 0.75000 -0.00942
1.14207 0.75000 -0.00848
1.14362 0.75000 -0.00830
1.14499 0.75000 -0.00813
1.15185 0.75000 -0.00730
1.15306 0.75000 -0.00715
1.15912 0.75000 -0.00640
1.16019 0.75000 -0.00627
1.16553 0.75000 -0.00561
1.16647 0.75000 -0.00549
1.17118 0.75000 -0.00491
1.17201 0.75000 -0.00481
1.17615 0.75000 -0.00430
1.17688 0.75000 -0.00421
1.18052 0.75000 -0.00376
1.18116 0.75000 -0.00368
1.18437 0.75000 -0.00329
1.18719 0.75000 -0.00294
1.18775 0.75000 -0.00287
1.19023 0.75000 -0.00257
1.19072 0.75000 -0.00251
1.19116 0.75000 -0.00246
1.19334 0.75000 -0.00219
1.19525 0.75000 -0.00195
1.19564 0.75000 -0.00190
1.19732 0.75000 -0.00169
1.19766 0.75000 -0.00165
1.19796 0.75000 -0.00161
1.19944 0.75000 -0.00143
1.19971 0.75000 -0.00140
1.20101 0.75000 -0.00123
1.20124 0.75000 -0.00120
1.20240 0.75000 -0.00106
1.20260 0.75000 -0.00103
1.20361 0.75000 -0.00090
1.20379 0.75000 -0.00088
1.20469 0.75000 -0.00077
1.20484 0.75000 -0.00075
1.20563 0.75000 -0.00065
1.20577 0.75000 -0.00063
1.20646 0.75000 -0.00054
1.20658 0.75000 -0.00053
1.20719 0.75000 -0.00045
1.20772 0.75000 -0.00038
1.20782 0.75000 -0.00037
1.20828 0.75000 -0.00031
1.20838 0.75000 -0.00030
1.20878 0.75000 -0.00025
1.20886 0.75000 -0.00024
1.20920 0.75000 -0.00019
1.20927 0.75000 -0.00018
1.20956 0.75000 -0.00015
1.20962 0.75000 -0.00014
1.20987 0.75000 -0.00011
1.20992 0.75000 -0.00010
1.21012 0.75000 -0.00007
1.21016 0.75000 -0.00007
1.21033 0.75000 -0.00005
1.21036 0.75000 -0.00004
1.21049 0.75000 -0.00003
1.21051 0.75000 -0.00002
1.21060 0.75000 -0.00001
1.21062 0.75000 -0.00001
1.21067 0.75000 -0.00000
1.21068 0.75000 -0.00000
1.21070 0.75000 -0.00000
1.21070 0.75000 0.00000

ZONE T="SLICE_Y_1p4_BINS07_KS_1mm_SINGLE_LAYER"
1.39331 1.40000 0.00000
1.39329 1.40000 0.00000
1.39329 1.40000 0.00000
1.39325 1.40000 0.00001
1.39324 1.40000 0.00001
1.39317 1.40000 0.00002
1.39316 1.40000 0.00002
1.39306 1.40000 0.00003
1.39305 1.40000 0.00003
1.39292 1.40000 0.00005
1.39290 1.40000 0.00005
1.39274 1.40000 0.00007
1.39272 1.40000 0.00008
1.39252 1.40000 0.00010
1.39250 1.40000 0.00010
1.39226 1.40000 0.00013
1.39223 1.40000 0.00014
1.39219 1.40000 0.00014
1.39192 1.40000 0.00018
1.39160 1.40000 0.00022
1.39156 1.40000 0.00022
1.39119 1.40000 0.00027
1.39114 1.40000 0.00028
1.39072 1.40000 0.00033
1.39066 1.40000 0.00034
1.39018 1.40000 0.00040
1.39011 1.40000 0.00041
1.38956 1.40000 0.00048
1.38949 1.40000 0.00049
1.38887 1.40000 0.00057
1.38878 1.40000 0.00058
1.38807 1.40000 0.00067
1.38798 1.40000 0.00068
1.38787 1.40000 0.00069
1.38706 1.40000 0.00080
1.38614 1.40000 0.00091
1.38602 1.40000 0.00093
1.38498 1.40000 0.00106
1.38484 1.40000 0.00107
1.38468 1.40000 0.00109
1.38350 1.40000 0.00124
1.38215 1.40000 0.00141
1.38197 1.40000 0.00143
1.38045 1.40000 0.00162
1.38024 1.40000 0.00165
1.37851 1.40000 0.00186
1.37828 1.40000 0.00189
1.37801 1.40000 0.00192
1.37604 1.40000 0.00216
1.37380 1.40000 0.00244
1.37350 1.40000 0.00247
1.37316 1.40000 0.00252
1.37060 1.40000 0.00283
1.37022 1.40000 0.00288
1.36731 1.40000 0.00323
1.36687 1.40000 0.00329
1.36358 1.40000 0.00369
1.36307 1.40000 0.00376
1.35933 1.40000 0.00422
1.35507 1.40000 0.00475
1.35450 1.40000 0.00482
1.35386 1.40000 0.00490
1.34903 1.40000 0.00549
1.34830 1.40000 0.00558
1.34284 1.40000 0.00624
1.34202 1.40000 0.00634
1.33584 1.40000 0.00708
1.32889 1.40000 0.00790
1.32796 1.40000 0.00801
1.32015 1.40000 0.00891
1.31910 1.40000 0.00903
1.31036 1.40000 0.01000
1.30919 1.40000 0.01013
1.29944 1.40000 0.01118
1.29814 1.40000 0.01132
1.29670 1.40000 0.01147
1.28590 1.40000 0.01259
1.28430 1.40000 0.01275
1.27240 1.40000 0.01394
1.25936 1.40000 0.01519
1.25762 1.40000 0.01536
1.25572 1.40000 0.01553
1.24155 1.40000 0.01684
1.23951 1.40000 0.01702
1.22424 1.40000 0.01838
1.22206 1.40000 0.01857
1.20575 1.40000 0.01996
1.20344 1.40000 0.02015
1.18618 1.40000 0.02154
1.18377 1.40000 0.02172
1.16569 1.40000 0.02309
1.16319 1.40000 0.02326
1.14448 1.40000 0.02453
1.12532 1.40000 0.02567
1.12276 1.40000 0.02582
1.10337 1.40000 0.02676
1.10078 1.40000 0.02689
1.09819 1.40000 0.02698
1.07880 1.40000 0.02769
1.05964 1.40000 0.02815
1.05708 1.40000 0.02821
1.03837 1.40000 0.02842
1.03587 1.40000 0.02845
1.03345 1.40000 0.02845
1.01538 1.40000 0.02843
1.01308 1.40000 0.02840
0.99582 1.40000 0.02819
0.99364 1.40000 0.02815
0.97732 1.40000 0.02779
0.96205 1.40000 0.02731
0.96001 1.40000 0.02724
0.95812 1.40000 0.02717
0.94395 1.40000 0.02660
0.93091 1.40000 0.02598
0.92917 1.40000 0.02589
0.91726 1.40000 0.02522
0.91567 1.40000 0.02513
0.90486 1.40000 0.02442
0.90342 1.40000 0.02433
0.89368 1.40000 0.02360
0.89237 1.40000 0.02350
0.88363 1.40000 0.02277
0.88246 1.40000 0.02267
0.88142 1.40000 0.02257
0.87360 1.40000 0.02184
0.87267 1.40000 0.02174
0.86572 1.40000 0.02102
0.85955 1.40000 0.02031
0.85872 1.40000 0.02022
0.85799 1.40000 0.02013
0.85253 1.40000 0.01945
0.85189 1.40000 0.01936
0.84706 1.40000 0.01871
0.84649 1.40000 0.01863
0.84224 1.40000 0.01802
0.83849 1.40000 0.01745
0.83799 1.40000 0.01737
0.83755 1.40000 0.01730
0.83425 1.40000 0.01677
0.83386 1.40000 0.01670
0.83096 1.40000 0.01619
0.83062 1.40000 0.01612
0.82807 1.40000 0.01562
0.82582 1.40000 0.01509
0.82552 1.40000 0.01504
0.82498 1.40000 0.01587
0.82389 1.40000 0.01764
0.82011 1.40000 0.02367
0.81847 1.40000 0.02613
0.81198 1.40000 0.03414
0.81078 1.40000 0.03556
0.81055 1.40000 0.03557
0.80944 1.40000 0.03558
0.80727 1.40000 0.03558
0.80678 1.40000 0.03558
0.80439 1.40000 0.03456
0.80356 1.40000 0.03423
0.80191 1.40000 0.03319
0.80097 1.40000 0.03244
0.79990 1.40000 0.03105
0.79878 1.40000 0.03037
0.79797 1.40000 0.02918
0.79731 1.40000 0.02797
0.79679 1.40000 0.02646
0.79602 1.40000 0.02555
0.79566 1.40000 0.02462
0.79508 1.40000 0.02323
0.79475 1.40000 0.02235
0.79417 1.40000 0.02124
0.79398 1.40000 0.02038
0.79363 1.40000 0.01920
0.79344 1.40000 0.01840
0.79312 1.40000 0.01737
0.79317 1.40000 0.01631
0.79323 1.40000 0.01539
0.79338 1.40000 0.01438
0.79327 1.40000 0.01353
0.79342 1.40000 0.01260
0.79345 1.40000 0.01183
0.79377 1.40000 0.01071
0.79381 1.40000 0.01013
0.79402 1.40000 0.00956
0.79445 1.40000 0.00841
0.79453 1.40000 0.00802
0.79452 1.40000 0.00704
0.79466 1.40000 0.00670
0.79529 1.40000 0.00565
0.79536 1.40000 0.00543
0.79526 1.40000 0.00444
0.79535 1.40000 0.00425
0.79583 1.40000 0.00330
0.79588 1.40000 0.00320
0.79672 1.40000 0.00222
0.79668 1.40000 0.00087
0.79668 1.40000 0.00086
0.79678 1.40000 0.00081
0.79823 1.40000 0.00020
0.79842 1.40000 0.00007
0.79831 1.40000 -0.00065
0.79820 1.40000 -0.00075
0.79829 1.40000 -0.00170
0.79845 1.40000 -0.00188
0.79909 1.40000 -0.00266
0.79903 1.40000 -0.00284
0.79896 1.40000 -0.00358
0.79906 1.40000 -0.00375
0.79960 1.40000 -0.00445
0.79965 1.40000 -0.00468
0.79965 1.40000 -0.00548
0.79968 1.40000 -0.00569
0.79973 1.40000 -0.00592
0.79989 1.40000 -0.00676
0.79993 1.40000 -0.00700
0.79987 1.40000 -0.00794
0.79985 1.40000 -0.00818
0.79977 1.40000 -0.00918
0.79995 1.40000 -0.01013
0.79998 1.40000 -0.01031
0.80019 1.40000 -0.01144
0.80020 1.40000 -0.01161
0.80034 1.40000 -0.01292
0.80036 1.40000 -0.01305
0.80083 1.40000 -0.01426
0.80086 1.40000 -0.01439
0.80117 1.40000 -0.01603
0.80120 1.40000 -0.01612
0.80176 1.40000 -0.01778
0.80179 1.40000 -0.01786
0.80253 1.40000 -0.01956
0.80257 1.40000 -0.01964
0.80354 1.40000 -0.02126
0.80358 1.40000 -0.02135
0.80493 1.40000 -0.02290
0.80502 1.40000 -0.02306
0.80521 1.40000 -0.02317
0.80684 1.40000 -0.02477
0.80718 1.40000 -0.02502
0.80880 1.40000 -0.02641
0.81065 1.40000 -0.02724
0.81128 1.40000 -0.02766
0.81216 1.40000 -0.02800
0.81407 1.40000 -0.02875
0.81537 1.40000 -0.02917
0.81695 1.40000 -0.02985
0.81872 1.40000 -0.03033
0.82013 1.40000 -0.03076
0.82148 1.40000 -0.03089
0.82359 1.40000 -0.03119
0.82596 1.40000 -0.03153
0.82706 1.40000 -0.03161
0.82994 1.40000 -0.03171
0.83083 1.40000 -0.03180
0.83177 1.40000 -0.03184
0.83492 1.40000 -0.03197
0.83856 1.40000 -0.03230
0.83939 1.40000 -0.03237
0.84028 1.40000 -0.03245
0.84441 1.40000 -0.03287
0.84933 1.40000 -0.03308
0.85014 1.40000 -0.03307
0.85102 1.40000 -0.03281
0.85718 1.40000 -0.02980
0.85754 1.40000 -0.02952
0.86046 1.40000 -0.02724
0.86480 1.40000 -0.02393
0.86535 1.40000 -0.02353
0.86602 1.40000 -0.02336
0.87360 1.40000 -0.02184
0.88142 1.40000 -0.02257
0.88246 1.40000 -0.02267
0.89121 1.40000 -0.02340
0.89237 1.40000 -0.02350
0.90212 1.40000 -0.02423
0.90342 1.40000 -0.02433
0.91422 1.40000 -0.02503
0.91567 1.40000 -0.02513
0.92758 1.40000 -0.02580
0.92917 1.40000 -0.02589
0.93091 1.40000 -0.02598
0.94395 1.40000 -0.02660
0.95812 1.40000 -0.02717
0.96001 1.40000 -0.02724
0.97528 1.40000 -0.02772
0.97732 1.40000 -0.02779
0.97950 1.40000 -0.02783
0.99582 1.40000 -0.02819
1.01308 1.40000 -0.02840
1.01538 1.40000 -0.02843
1.03345 1.40000 -0.02845
1.03587 1.40000 -0.02845
1.03837 1.40000 -0.02842
1.05708 1.40000 -0.02821
1.07624 1.40000 -0.02775
1.07880 1.40000 -0.02769
1.09819 1.40000 -0.02698
1.10078 1.40000 -0.02689
1.12017 1.40000 -0.02595
1.12276 1.40000 -0.02582
1.14192 1.40000 -0.02469
1.14448 1.40000 -0.02453
1.14698 1.40000 -0.02436
1.16569 1.40000 -0.02309
1.18377 1.40000 -0.02172
1.18618 1.40000 -0.02154
1.20344 1.40000 -0.02015
1.20575 1.40000 -0.01996
1.22206 1.40000 -0.01857
1.22424 1.40000 -0.01838
1.23951 1.40000 -0.01702
1.24155 1.40000 -0.01684
1.24345 1.40000 -0.01667
1.25762 1.40000 -0.01536
1.25936 1.40000 -0.01519
1.27240 1.40000 -0.01394
1.28430 1.40000 -0.01275
1.28590 1.40000 -0.01259
1.28734 1.40000 -0.01244
1.29814 1.40000 -0.01132
1.30789 1.40000 -0.01027
1.30919 1.40000 -0.01013
1.31793 1.40000 -0.00916
1.31910 1.40000 -0.00903
1.32692 1.40000 -0.00813
1.32796 1.40000 -0.00801
1.32889 1.40000 -0.00790
1.33584 1.40000 -0.00708
1.33667 1.40000 -0.00698
1.34284 1.40000 -0.00624
1.34357 1.40000 -0.00615
1.34903 1.40000 -0.00549
1.34968 1.40000 -0.00541
1.35450 1.40000 -0.00482
1.35507 1.40000 -0.00475
1.35933 1.40000 -0.00422
1.36307 1.40000 -0.00376
1.36358 1.40000 -0.00369
1.36687 1.40000 -0.00329
1.36731 1.40000 -0.00323
1.37022 1.40000 -0.00288
1.37060 1.40000 -0.00283
1.37316 1.40000 -0.00252
1.37350 1.40000 -0.00247
1.37574 1.40000 -0.00220
1.37604 1.40000 -0.00216
1.37801 1.40000 -0.00192
1.37828 1.40000 -0.00189
1.38001 1.40000 -0.00167
1.38024 1.40000 -0.00165
1.38177 1.40000 -0.00146
1.38197 1.40000 -0.00143
1.38332 1.40000 -0.00126
1.38350 1.40000 -0.00124
1.38468 1.40000 -0.00109
1.38484 1.40000 -0.00107
1.38588 1.40000 -0.00094
1.38602 1.40000 -0.00093
1.38694 1.40000 -0.00081
1.38706 1.40000 -0.00080
1.38787 1.40000 -0.00069
1.38798 1.40000 -0.00068
1.38869 1.40000 -0.00059
1.38878 1.40000 -0.00058
1.38941 1.40000 -0.00050
1.38949 1.40000 -0.00049
1.38956 1.40000 -0.00048
1.39011 1.40000 -0.00041
1.39018 1.40000 -0.00040
1.39066 1.40000 -0.00034
1.39108 1.40000 -0.00029
1.39114 1.40000 -0.00028
1.39119 1.40000 -0.00027
1.39156 1.40000 -0.00022
1.39188 1.40000 -0.00018
1.39192 1.40000 -0.00018
1.39219 1.40000 -0.00014
1.39223 1.40000 -0.00014
1.39246 1.40000 -0.00011
1.39250 1.40000 -0.00010
1.39269 1.40000 -0.00008
1.39272 1.40000 -0.00008
1.39274 1.40000 -0.00007
1.39290 1.40000 -0.00005
1.39292 1.40000 -0.00005
1.39305 1.40000 -0.00003
1.39315 1.40000 -0.00002
1.39316 1.40000 -0.00002
1.39317 1.40000 -0.00002
1.39324 1.40000 -0.00001
1.39328 1.40000 -0.00000
1.39329 1.40000 -0.00000
1.39330 1.40000 -0.00000
1.39331 1.40000 0.00000

ZONE T="SLICE_Y_0p1_BINS15_KS_1mm_SINGLE_LAYER"
1.02809 0.10000 0.00000
1.02808 0.10000 0.00000
1.02807 0.10000 0.00000
1.02803 0.10000 0.00001
1.02799 0.10000 0.00001
1.02792 0.10000 0.00002
1.02786 0.10000 0.00003
1.02776 0.10000 0.00004
1.02767 0.10000 0.00005
1.02754 0.10000 0.00007
1.02743 0.10000 0.00009
1.02727 0.10000 0.00011
1.02712 0.10000 0.00013
1.02693 0.10000 0.00015
1.02675 0.10000 0.00017
1.02652 0.10000 0.00020
1.02631 0.10000 0.00023
1.02604 0.10000 0.00026
1.02579 0.10000 0.00030
1.02548 0.10000 0.00034
1.02519 0.10000 0.00037
1.02483 0.10000 0.00042
1.02450 0.10000 0.00046
1.02413 0.10000 0.00051
1.02371 0.10000 0.00056
1.02323 0.10000 0.00062
1.02280 0.10000 0.00068
1.02226 0.10000 0.00075
1.02177 0.10000 0.00081
1.02115 0.10000 0.00089
1.02059 0.10000 0.00096
1.01989 0.10000 0.00105
1.01925 0.10000 0.00113
1.01845 0.10000 0.00123
1.01773 0.10000 0.00132
1.01683 0.10000 0.00143
1.01601 0.10000 0.00154
1.01498 0.10000 0.00167
1.01405 0.10000 0.00178
1.01288 0.10000 0.00193
1.01183 0.10000 0.00206
1.01050 0.10000 0.00223
1.00930 0.10000 0.00237
1.00779 0.10000 0.00256
1.00643 0.10000 0.00273
1.00471 0.10000 0.00294
1.00317 0.10000 0.00313
1.00122 0.10000 0.00337
0.99946 0.10000 0.00359
0.99746 0.10000 0.00383
0.99524 0.10000 0.00410
0.99296 0.10000 0.00438
0.99044 0.10000 0.00469
0.98785 0.10000 0.00501
0.98499 0.10000 0.00536
0.98172 0.10000 0.00576
0.97878 0.10000 0.00613
0.97508 0.10000 0.00659
0.97174 0.10000 0.00700
0.96753 0.10000 0.00752
0.96374 0.10000 0.00799
0.95896 0.10000 0.00857
0.95466 0.10000 0.00910
0.94926 0.10000 0.00976
0.94439 0.10000 0.01035
0.93829 0.10000 0.01109
0.93279 0.10000 0.01175
0.92591 0.10000 0.01256
0.91971 0.10000 0.01329
0.91199 0.10000 0.01417
0.90502 0.10000 0.01497
0.89637 0.10000 0.01594
0.88858 0.10000 0.01680
0.87894 0.10000 0.01784
0.87026 0.10000 0.01878
0.86063 0.10000 0.01977
0.84994 0.10000 0.02088
0.83817 0.10000 0.02206
0.82755 0.10000 0.02311
0.81593 0.10000 0.02423
0.80304 0.10000 0.02547
0.78903 0.10000 0.02676
0.77640 0.10000 0.02793
0.76130 0.10000 0.02928
0.74768 0.10000 0.03049
0.73155 0.10000 0.03186
0.71701 0.10000 0.03310
0.70162 0.10000 0.03435
0.68456 0.10000 0.03573
0.66845 0.10000 0.03694
0.65058 0.10000 0.03829
0.63390 0.10000 0.03943
0.61539 0.10000 0.04069
0.59645 0.10000 0.04181
0.57937 0.10000 0.04283
0.56209 0.10000 0.04367
0.54291 0.10000 0.04460
0.52563 0.10000 0.04523
0.50646 0.10000 0.04593
0.48938 0.10000 0.04634
0.47043 0.10000 0.04679
0.45375 0.10000 0.04698
0.43525 0.10000 0.04718
0.41914 0.10000 0.04717
0.40127 0.10000 0.04715
0.38420 0.10000 0.04695
0.36882 0.10000 0.04676
0.35428 0.10000 0.04644
0.33814 0.10000 0.04609
0.32453 0.10000 0.04566
0.30943 0.10000 0.04519
0.29680 0.10000 0.04468
0.28278 0.10000 0.04413
0.27116 0.10000 0.04357
0.25827 0.10000 0.04294
0.24766 0.10000 0.04234
0.23588 0.10000 0.04168
0.22625 0.10000 0.04105
0.21557 0.10000 0.04035
0.20593 0.10000 0.03963
0.19725 0.10000 0.03898
0.18945 0.10000 0.03833
0.18081 0.10000 0.03760
0.17384 0.10000 0.03694
0.16611 0.10000 0.03622
0.15924 0.10000 0.03550
0.15304 0.10000 0.03486
0.14694 0.10000 0.03416
0.14143 0.10000 0.03353
0.13603 0.10000 0.03286
0.13116 0.10000 0.03225
0.12639 0.10000 0.03161
0.12209 0.10000 0.03104
0.11788 0.10000 0.03043
0.11409 0.10000 0.02989
0.11038 0.10000 0.02932
0.10704 0.10000 0.02882
0.10378 0.10000 0.02829
0.10084 0.10000 0.02781
0.09825 0.10000 0.02736
0.09538 0.10000 0.02686
0.09311 0.10000 0.02640
0.09059 0.10000 0.02590
0.08859 0.10000 0.02543
0.08637 0.10000 0.02492
0.08458 0.10000 0.02450
0.08227 0.10000 0.02484
0.07786 0.10000 0.02957
0.07416 0.10000 0.03365
0.07047 0.10000 0.03713
0.06569 0.10000 0.04070
0.06387 0.10000 0.04043
0.06153 0.10000 0.03936
0.06020 0.10000 0.03843
0.05825 0.10000 0.03727
0.05680 0.10000 0.03551
0.05562 0.10000 0.03464
0.05491 0.10000 0.03343
0.05348 0.10000 0.03195
0.05248 0.10000 0.03043
0.05177 0.10000 0.02941
0.05089 0.10000 0.02786
0.05028 0.10000 0.02696
0.04962 0.10000 0.02545
0.04920 0.10000 0.02452
0.04874 0.10000 0.02303
0.04843 0.10000 0.02212
0.04811 0.10000 0.02071
0.04789 0.10000 0.01983
0.04768 0.10000 0.01850
0.04753 0.10000 0.01766
0.04741 0.10000 0.01641
0.04733 0.10000 0.01560
0.04729 0.10000 0.01443
0.04727 0.10000 0.01364
0.04727 0.10000 0.01254
0.04727 0.10000 0.01180
0.04730 0.10000 0.01078
0.04739 0.10000 0.01006
0.04752 0.10000 0.00908
0.04757 0.10000 0.00840
0.04772 0.10000 0.00748
0.04790 0.10000 0.00684
0.04814 0.10000 0.00593
0.04805 0.10000 0.00535
0.04853 0.10000 0.00469
0.04900 0.10000 0.00383
0.04872 0.10000 0.00316
0.04869 0.10000 0.00263
0.04901 0.10000 0.00191
0.04952 0.10000 0.00093
0.04984 0.10000 0.00052
0.05017 0.10000 0.00000
0.05019 0.10000 -0.00040
0.05019 0.10000 -0.00090
0.05034 0.10000 -0.00159
0.05055 0.10000 -0.00247
0.05072 0.10000 -0.00296
0.05087 0.10000 -0.00358
0.05095 0.10000 -0.00412
0.05107 0.10000 -0.00481
0.05120 0.10000 -0.00535
0.05133 0.10000 -0.00604
0.05140 0.10000 -0.00660
0.05151 0.10000 -0.00731
0.05160 0.10000 -0.00790
0.05172 0.10000 -0.00865
0.05180 0.10000 -0.00926
0.05193 0.10000 -0.01006
0.05203 0.10000 -0.01070
0.05219 0.10000 -0.01154
0.05229 0.10000 -0.01223
0.05246 0.10000 -0.01313
0.05268 0.10000 -0.01379
0.05293 0.10000 -0.01472
0.05311 0.10000 -0.01549
0.05341 0.10000 -0.01648
0.05369 0.10000 -0.01729
0.05404 0.10000 -0.01836
0.05437 0.10000 -0.01919
0.05478 0.10000 -0.02035
0.05523 0.10000 -0.02119
0.05585 0.10000 -0.02229
0.05648 0.10000 -0.02357
0.05699 0.10000 -0.02448
0.05788 0.10000 -0.02577
0.05855 0.10000 -0.02668
0.05965 0.10000 -0.02797
0.06048 0.10000 -0.02886
0.06184 0.10000 -0.03010
0.06288 0.10000 -0.03094
0.06452 0.10000 -0.03207
0.06576 0.10000 -0.03286
0.06768 0.10000 -0.03385
0.06913 0.10000 -0.03454
0.07126 0.10000 -0.03544
0.07287 0.10000 -0.03612
0.07520 0.10000 -0.03693
0.07702 0.10000 -0.03753
0.07966 0.10000 -0.03802
0.08171 0.10000 -0.03841
0.08455 0.10000 -0.03875
0.08676 0.10000 -0.03908
0.08961 0.10000 -0.03776
0.09338 0.10000 -0.03482
0.09687 0.10000 -0.03170
0.10036 0.10000 -0.02995
0.10388 0.10000 -0.02937
0.10704 0.10000 -0.02882
0.11038 0.10000 -0.02932
0.11409 0.10000 -0.02989
0.11830 0.10000 -0.03049
0.12209 0.10000 -0.03104
0.12639 0.10000 -0.03161
0.13116 0.10000 -0.03225
0.13603 0.10000 -0.03286
0.14143 0.10000 -0.03353
0.14694 0.10000 -0.03416
0.15304 0.10000 -0.03486
0.15924 0.10000 -0.03550
0.16611 0.10000 -0.03622
0.17384 0.10000 -0.03694
0.18081 0.10000 -0.03760
0.18860 0.10000 -0.03825
0.19725 0.10000 -0.03898
0.20688 0.10000 -0.03970
0.21557 0.10000 -0.04035
0.22625 0.10000 -0.04105
0.23588 0.10000 -0.04168
0.24766 0.10000 -0.04234
0.25827 0.10000 -0.04294
0.27116 0.10000 -0.04357
0.28278 0.10000 -0.04413
0.29680 0.10000 -0.04468
0.30943 0.10000 -0.04519
0.32453 0.10000 -0.04566
0.33814 0.10000 -0.04609
0.35428 0.10000 -0.04644
0.36882 0.10000 -0.04676
0.38589 0.10000 -0.04697
0.40127 0.10000 -0.04715
0.41914 0.10000 -0.04717
0.43525 0.10000 -0.04718
0.45193 0.10000 -0.04700
0.47043 0.10000 -0.04679
0.48938 0.10000 -0.04634
0.50646 0.10000 -0.04593
0.52563 0.10000 -0.04523
0.54291 0.10000 -0.04460
0.56209 0.10000 -0.04367
0.57937 0.10000 -0.04283
0.59831 0.10000 -0.04170
0.61539 0.10000 -0.04069
0.63390 0.10000 -0.03943
0.65058 0.10000 -0.03829
0.66845 0.10000 -0.03694
0.68456 0.10000 -0.03573
0.70162 0.10000 -0.03435
0.71701 0.10000 -0.03310
0.73314 0.10000 -0.03173
0.74768 0.10000 -0.03049
0.76279 0.10000 -0.02914
0.77640 0.10000 -0.02793
0.79041 0.10000 -0.02664
0.80304 0.10000 -0.02547
0.81593 0.10000 -0.02423
0.82755 0.10000 -0.02311
0.83933 0.10000 -0.02194
0.84994 0.10000 -0.02088
0.86063 0.10000 -0.01977
0.87026 0.10000 -0.01878
0.87989 0.10000 -0.01774
0.88858 0.10000 -0.01680
0.89723 0.10000 -0.01584
0.90502 0.10000 -0.01497
0.91275 0.10000 -0.01409
0.91971 0.10000 -0.01329
0.92591 0.10000 -0.01256
0.93279 0.10000 -0.01175
0.93889 0.10000 -0.01102
0.94439 0.10000 -0.01035
0.94979 0.10000 -0.00970
0.95466 0.10000 -0.00910
0.95943 0.10000 -0.00852
0.96374 0.10000 -0.00799
0.96794 0.10000 -0.00747
0.97174 0.10000 -0.00700
0.97544 0.10000 -0.00654
0.97878 0.10000 -0.00613
0.98205 0.10000 -0.00572
0.98499 0.10000 -0.00536
0.98785 0.10000 -0.00501
0.99044 0.10000 -0.00469
0.99296 0.10000 -0.00438
0.99524 0.10000 -0.00410
0.99724 0.10000 -0.00386
0.99946 0.10000 -0.00359
1.00122 0.10000 -0.00337
1.00317 0.10000 -0.00313
1.00488 0.10000 -0.00292
1.00643 0.10000 -0.00273
1.00794 0.10000 -0.00254
1.00930 0.10000 -0.00237
1.01063 0.10000 -0.00221
1.01183 0.10000 -0.00206
1.01300 0.10000 -0.00191
1.01405 0.10000 -0.00178
1.01498 0.10000 -0.00167
1.01601 0.10000 -0.00154
1.01683 0.10000 -0.00143
1.01773 0.10000 -0.00132
1.01845 0.10000 -0.00123
1.01925 0.10000 -0.00113
1.01989 0.10000 -0.00105
1.02059 0.10000 -0.00096
1.02115 0.10000 -0.00089
1.02177 0.10000 -0.00081
1.02226 0.10000 -0.00075
1.02280 0.10000 -0.00068
1.02323 0.10000 -0.00062
1.02371 0.10000 -0.00056
1.02413 0.10000 -0.00051
1.02450 0.10000 -0.00046
1.02487 0.10000 -0.00041
1.02519 0.10000 -0.00037
1.02551 0.10000 -0.00033
1.02579 0.10000 -0.00030
1.02607 0.10000 -0.00026
1.02631 0.10000 -0.00023
1.02654 0.10000 -0.00020
1.02675 0.10000 -0.00017
1.02694 0.10000 -0.00015
1.02712 0.10000 -0.00013
1.02728 0.10000 -0.00010
1.02743 0.10000 -0.00009
1.02755 0.10000 -0.00007
1.02767 0.10000 -0.00005
1.02777 0.10000 -0.00004
1.02786 0.10000 -0.00003
1.02793 0.10000 -0.00002
1.02799 0.10000 -0.00001
1.02803 0.10000 -0.00001
1.02807 0.10000 -0.00000
1.02808 0.10000 -0.00000
1.02809 0.10000 0.00000

ZONE T="SLICE_Y_0p75_BINS15_KS_1mm_SINGLE_LAYER"
1.21070 0.75000 0.00000
1.21068 0.75000 0.00000
1.21068 0.75000 0.00000
1.21063 0.75000 0.00001
1.21062 0.75000 0.00001
1.21053 0.75000 0.00002
1.21051 0.75000 0.00002
1.21049 0.75000 0.00003
1.21036 0.75000 0.00004
1.21033 0.75000 0.00005
1.21016 0.75000 0.00007
1.21012 0.75000 0.00007
1.20992 0.75000 0.00010
1.20987 0.75000 0.00011
1.20962 0.75000 0.00014
1.20956 0.75000 0.00015
1.20927 0.75000 0.00018
1.20920 0.75000 0.00019
1.20886 0.75000 0.00024
1.20878 0.75000 0.00025
1.20838 0.75000 0.00030
1.20828 0.75000 0.00031
1.20782 0.75000 0.00037
1.20772 0.75000 0.00038
1.20719 0.75000 0.00045
1.20658 0.75000 0.00053
1.20646 0.75000 0.00054
1.20632 0.75000 0.00056
1.20563 0.75000 0.00065
1.20547 0.75000 0.00067
1.20469 0.75000 0.00077
1.20451 0.75000 0.00079
1.20361 0.75000 0.00090
1.20341 0.75000 0.00093
1.20240 0.75000 0.00106
1.20217 0.75000 0.00109
1.20101 0.75000 0.00123
1.20075 0.75000 0.00127
1.19944 0.75000 0.00143
1.19915 0.75000 0.00147
1.19766 0.75000 0.00165
1.19732 0.75000 0.00169
1.19564 0.75000 0.00190
1.19525 0.75000 0.00195
1.19334 0.75000 0.00219
1.19290 0.75000 0.00224
1.19072 0.75000 0.00251
1.19023 0.75000 0.00257
1.18775 0.75000 0.00287
1.18719 0.75000 0.00294
1.18437 0.75000 0.00329
1.18373 0.75000 0.00337
1.18052 0.75000 0.00376
1.17979 0.75000 0.00385
1.17615 0.75000 0.00430
1.17201 0.75000 0.00481
1.17118 0.75000 0.00491
1.17024 0.75000 0.00503
1.16553 0.75000 0.00561
1.16446 0.75000 0.00574
1.15912 0.75000 0.00640
1.15791 0.75000 0.00655
1.15185 0.75000 0.00730
1.14499 0.75000 0.00813
1.14362 0.75000 0.00830
1.13586 0.75000 0.00923
1.13432 0.75000 0.00942
1.13257 0.75000 0.00962
1.12384 0.75000 0.01065
1.11402 0.75000 0.01178
1.11206 0.75000 0.01200
1.10108 0.75000 0.01322
1.09888 0.75000 0.01347
1.09644 0.75000 0.01373
1.08420 0.75000 0.01505
1.08149 0.75000 0.01533
1.06792 0.75000 0.01674
1.05296 0.75000 0.01823
1.04998 0.75000 0.01853
1.03360 0.75000 0.02010
1.03033 0.75000 0.02041
1.01253 0.75000 0.02206
1.00898 0.75000 0.02239
0.98980 0.75000 0.02409
0.98596 0.75000 0.02443
0.98187 0.75000 0.02478
0.96138 0.75000 0.02653
0.95705 0.75000 0.02688
0.93537 0.75000 0.02864
0.93083 0.75000 0.02898
0.90814 0.75000 0.03069
0.90344 0.75000 0.03101
0.87994 0.75000 0.03261
0.85587 0.75000 0.03404
0.85106 0.75000 0.03432
0.82671 0.75000 0.03551
0.82185 0.75000 0.03574
0.79750 0.75000 0.03663
0.79263 0.75000 0.03681
0.76857 0.75000 0.03739
0.76376 0.75000 0.03750
0.75906 0.75000 0.03755
0.73556 0.75000 0.03782
0.73102 0.75000 0.03781
0.70833 0.75000 0.03779
0.68665 0.75000 0.03753
0.68232 0.75000 0.03748
0.66183 0.75000 0.03703
0.65773 0.75000 0.03694
0.65390 0.75000 0.03682
0.63472 0.75000 0.03622
0.61692 0.75000 0.03551
0.61337 0.75000 0.03536
0.61009 0.75000 0.03521
0.59372 0.75000 0.03442
0.59073 0.75000 0.03425
0.57578 0.75000 0.03340
0.56221 0.75000 0.03251
0.55950 0.75000 0.03234
0.55705 0.75000 0.03215
0.54481 0.75000 0.03124
0.54262 0.75000 0.03106
0.53163 0.75000 0.03013
0.52967 0.75000 0.02995
0.51986 0.75000 0.02903
0.51112 0.75000 0.02812
0.50938 0.75000 0.02794
0.50163 0.75000 0.02705
0.50008 0.75000 0.02687
0.49322 0.75000 0.02602
0.49185 0.75000 0.02585
0.49064 0.75000 0.02569
0.48458 0.75000 0.02488
0.47923 0.75000 0.02411
0.47816 0.75000 0.02395
0.47346 0.75000 0.02324
0.47252 0.75000 0.02310
0.46837 0.75000 0.02243
0.46754 0.75000 0.02229
0.46390 0.75000 0.02165
0.46317 0.75000 0.02152
0.45997 0.75000 0.02089
0.45933 0.75000 0.02076
0.45651 0.75000 0.02010
0.45595 0.75000 0.01997
0.45347 0.75000 0.01928
0.45297 0.75000 0.01914
0.44687 0.75000 0.02687
0.44520 0.75000 0.02896
0.44286 0.75000 0.03145
0.43556 0.75000 0.03904
0.43409 0.75000 0.03895
0.43127 0.75000 0.03850
0.43016 0.75000 0.03778
0.42805 0.75000 0.03659
0.42699 0.75000 0.03585
0.42535 0.75000 0.03467
0.42429 0.75000 0.03287
0.42352 0.75000 0.03198
0.42309 0.75000 0.03085
0.42228 0.75000 0.02891
0.42179 0.75000 0.02789
0.42064 0.75000 0.02687
0.42030 0.75000 0.02526
0.41992 0.75000 0.02429
0.41960 0.75000 0.02281
0.41932 0.75000 0.02192
0.41915 0.75000 0.02039
0.41887 0.75000 0.01960
0.41882 0.75000 0.01879
0.41869 0.75000 0.01735
0.41870 0.75000 0.01655
0.41862 0.75000 0.01530
0.41870 0.75000 0.01454
0.41877 0.75000 0.01330
0.41881 0.75000 0.01264
0.41888 0.75000 0.01149
0.41896 0.75000 0.01088
0.41924 0.75000 0.00974
0.41936 0.75000 0.00916
0.41947 0.75000 0.00811
0.41951 0.75000 0.00763
0.42002 0.75000 0.00659
0.42033 0.75000 0.00609
0.42044 0.75000 0.00510
0.42047 0.75000 0.00464
0.42114 0.75000 0.00373
0.42151 0.75000 0.00335
0.42175 0.75000 0.00240
0.42190 0.75000 0.00189
0.42249 0.75000 0.00089
0.42284 0.75000 0.00062
0.42342 0.75000 -0.00005
0.42341 0.75000 -0.00029
0.42330 0.75000 -0.00087
0.42346 0.75000 -0.00128
0.42378 0.75000 -0.00224
0.42437 0.75000 -0.00301
0.42447 0.75000 -0.00328
0.42455 0.75000 -0.00357
0.42468 0.75000 -0.00439
0.42479 0.75000 -0.00468
0.42509 0.75000 -0.00547
0.42514 0.75000 -0.00578
0.42528 0.75000 -0.00661
0.42535 0.75000 -0.00692
0.42554 0.75000 -0.00778
0.42560 0.75000 -0.00812
0.42572 0.75000 -0.00903
0.42577 0.75000 -0.00941
0.42596 0.75000 -0.01032
0.42615 0.75000 -0.01133
0.42619 0.75000 -0.01174
0.42629 0.75000 -0.01214
0.42647 0.75000 -0.01325
0.42658 0.75000 -0.01369
0.42682 0.75000 -0.01485
0.42696 0.75000 -0.01533
0.42730 0.75000 -0.01653
0.42748 0.75000 -0.01705
0.42792 0.75000 -0.01831
0.42816 0.75000 -0.01885
0.42874 0.75000 -0.02016
0.42906 0.75000 -0.02072
0.42982 0.75000 -0.02206
0.43022 0.75000 -0.02263
0.43118 0.75000 -0.02401
0.43238 0.75000 -0.02539
0.43286 0.75000 -0.02594
0.43435 0.75000 -0.02728
0.43493 0.75000 -0.02780
0.43676 0.75000 -0.02901
0.43745 0.75000 -0.02947
0.43964 0.75000 -0.03059
0.44040 0.75000 -0.03100
0.44124 0.75000 -0.03135
0.44367 0.75000 -0.03230
0.44625 0.75000 -0.03324
0.44709 0.75000 -0.03352
0.44800 0.75000 -0.03375
0.45098 0.75000 -0.03438
0.45194 0.75000 -0.03449
0.45520 0.75000 -0.03490
0.45618 0.75000 -0.03498
0.45973 0.75000 -0.03522
0.46075 0.75000 -0.03529
0.46457 0.75000 -0.03550
0.46566 0.75000 -0.03557
0.46981 0.75000 -0.03597
0.47476 0.75000 -0.03514
0.47600 0.75000 -0.03480
0.48219 0.75000 -0.03109
0.48358 0.75000 -0.03018
0.48499 0.75000 -0.02976
0.49161 0.75000 -0.02721
0.49868 0.75000 -0.02684
0.50008 0.75000 -0.02687
0.50163 0.75000 -0.02705
0.50938 0.75000 -0.02794
0.51112 0.75000 -0.02812
0.51986 0.75000 -0.02903
0.52182 0.75000 -0.02921
0.53163 0.75000 -0.03013
0.53383 0.75000 -0.03032
0.54481 0.75000 -0.03124
0.54726 0.75000 -0.03142
0.55950 0.75000 -0.03234
0.57306 0.75000 -0.03322
0.57578 0.75000 -0.03340
0.59073 0.75000 -0.03425
0.59372 0.75000 -0.03442
0.61009 0.75000 -0.03521
0.61337 0.75000 -0.03536
0.63116 0.75000 -0.03607
0.63472 0.75000 -0.03622
0.65390 0.75000 -0.03682
0.65773 0.75000 -0.03694
0.67822 0.75000 -0.03739
0.68232 0.75000 -0.03748
0.70400 0.75000 -0.03774
0.70833 0.75000 -0.03779
0.73102 0.75000 -0.03781
0.73556 0.75000 -0.03782
0.74025 0.75000 -0.03776
0.76376 0.75000 -0.03750
0.78782 0.75000 -0.03693
0.79263 0.75000 -0.03681
0.81698 0.75000 -0.03592
0.82185 0.75000 -0.03574
0.84620 0.75000 -0.03456
0.85106 0.75000 -0.03432
0.85587 0.75000 -0.03404
0.87994 0.75000 -0.03261
0.90344 0.75000 -0.03101
0.90814 0.75000 -0.03069
0.93083 0.75000 -0.02898
0.93537 0.75000 -0.02864
0.93970 0.75000 -0.02829
0.96138 0.75000 -0.02653
0.96547 0.75000 -0.02618
0.98596 0.75000 -0.02443
1.00514 0.75000 -0.02273
1.00898 0.75000 -0.02239
1.02677 0.75000 -0.02074
1.03033 0.75000 -0.02041
1.04670 0.75000 -0.01884
1.04998 0.75000 -0.01853
1.06493 0.75000 -0.01703
1.06792 0.75000 -0.01674
1.08149 0.75000 -0.01533
1.08420 0.75000 -0.01505
1.09644 0.75000 -0.01373
1.09888 0.75000 -0.01347
1.10987 0.75000 -0.01224
1.11206 0.75000 -0.01200
1.12187 0.75000 -0.01087
1.12384 0.75000 -0.01065
1.13257 0.75000 -0.00962
1.13432 0.75000 -0.00942
1.14207 0.75000 -0.00848
1.14362 0.75000 -0.00830
1.14499 0.75000 -0.00813
1.15185 0.75000 -0.00730
1.15306 0.75000 -0.00715
1.15912 0.75000 -0.00640
1.16019 0.75000 -0.00627
1.16553 0.75000 -0.00561
1.16647 0.75000 -0.00549
1.17118 0.75000 -0.00491
1.17201 0.75000 -0.00481
1.17615 0.75000 -0.00430
1.17688 0.75000 -0.00421
1.18052 0.75000 -0.00376
1.18116 0.75000 -0.00368
1.18437 0.75000 -0.00329
1.18719 0.75000 -0.00294
1.18775 0.75000 -0.00287
1.19023 0.75000 -0.00257
1.19072 0.75000 -0.00251
1.19116 0.75000 -0.00246
1.19334 0.75000 -0.00219
1.19525 0.75000 -0.00195
1.19564 0.75000 -0.00190
1.19732 0.75000 -0.00169
1.19766 0.75000 -0.00165
1.19796 0.75000 -0.00161
1.19944 0.75000 -0.00143
1.19971 0.75000 -0.00140
1.20101 0.75000 -0.00123
1.20124 0.75000 -0.00120
1.20240 0.75000 -0.00106
1.20260 0.75000 -0.00103
1.20361 0.75000 -0.00090
1.20379 0.75000 -0.00088
1.20469 0.75000 -0.00077
1.20484 0.75000 -0.00075
1.20563 0.75000 -0.00065
1.20577 0.75000 -0.00063
1.20646 0.75000 -0.00054
1.20658 0.75000 -0.00053
1.20719 0.75000 -0.00045
1.20772 0.75000 -0.00038
1.20782 0.75000 -0.00037
1.20828 0.75000 -0.00031
1.20838 0.75000 -0.00030
1.20878 0.75000 -0.00025
1.20886 0.75000 -0.00024
1.20920 0.75000 -0.00019
1.20927 0.75000 -0.00018
1.20956 0.75000 -0.00015
1.20962 0.75000 -0.00014
1.20987 0.75000 -0.00011
1.20992 0.75000 -0.00010
1.21012 0.75000 -0.00007
1.21016 0.75000 -0.00007
1.21033 0.75000 -0.00005
1.21036 0.75000 -0.00004
1.21049 0.75000 -0.00003
1.21051 0.75000 -0.00002
1.21060 0.75000 -0.00001
1.21062 0.75000 -0.00001
1.21067 0.75000 -0.00000
1.21068 0.75000 -0.00000
1.21070 0.75000 -0.00000
1.21070 0.75000 0.00000

ZONE T="SLICE_Y_1p4_BINS15_KS_1mm_SINGLE_LAYER"
1.39331 1.40000 0.00000
1.39329 1.40000 0.00000
1.39329 1.40000 0.00000
1.39325 1.40000 0.00001
1.39324 1.40000 0.00001
1.39317 1.40000 0.00002
1.39316 1.40000 0.00002
1.39306 1.40000 0.00003
1.39305 1.40000 0.00003
1.39292 1.40000 0.00005
1.39290 1.40000 0.00005
1.39274 1.40000 0.00007
1.39272 1.40000 0.00008
1.39252 1.40000 0.00010
1.39250 1.40000 0.00010
1.39226 1.40000 0.00013
1.39223 1.40000 0.00014
1.39219 1.40000 0.00014
1.39192 1.40000 0.00018
1.39160 1.40000 0.00022
1.39156 1.40000 0.00022
1.39119 1.40000 0.00027
1.39114 1.40000 0.00028
1.39072 1.40000 0.00033
1.39066 1.40000 0.00034
1.39018 1.40000 0.00040
1.39011 1.40000 0.00041
1.38956 1.40000 0.00048
1.38949 1.40000 0.00049
1.38887 1.40000 0.00057
1.38878 1.40000 0.00058
1.38807 1.40000 0.00067
1.38798 1.40000 0.00068
1.38787 1.40000 0.00069
1.38706 1.40000 0.00080
1.38614 1.40000 0.00091
1.38602 1.40000 0.00093
1.38498 1.40000 0.00106
1.38484 1.40000 0.00107
1.38468 1.40000 0.00109
1.38350 1.40000 0.00124
1.38215 1.40000 0.00141
1.38197 1.40000 0.00143
1.38045 1.40000 0.00162
1.38024 1.40000 0.00165
1.37851 1.40000 0.00186
1.37828 1.40000 0.00189
1.37801 1.40000 0.00192
1.37604 1.40000 0.00216
1.37380 1.40000 0.00244
1.37350 1.40000 0.00247
1.37316 1.40000 0.00252
1.37060 1.40000 0.00283
1.37022 1.40000 0.00288
1.36731 1.40000 0.00323
1.36687 1.40000 0.00329
1.36358 1.40000 0.00369
1.36307 1.40000 0.00376
1.35933 1.40000 0.00422
1.35507 1.40000 0.00475
1.35450 1.40000 0.00482
1.35386 1.40000 0.00490
1.34903 1.40000 0.00549
1.34830 1.40000 0.00558
1.34284 1.40000 0.00624
1.34202 1.40000 0.00634
1.33584 1.40000 0.00708
1.32889 1.40000 0.00790
1.32796 1.40000 0.00801
1.32015 1.40000 0.00891
1.31910 1.40000 0.00903
1.31036 1.40000 0.01000
1.30919 1.40000 0.01013
1.29944 1.40000 0.01118
1.29814 1.40000 0.01132
1.29670 1.40000 0.01147
1.28590 1.40000 0.01259
1.28430 1.40000 0.01275
1.27240 1.40000 0.01394
1.25936 1.40000 0.01519
1.25762 1.40000 0.01536
1.25572 1.40000 0.01553
1.24155 1.40000 0.01684
1.23951 1.40000 0.01702
1.22424 1.40000 0.01838
1.22206 1.40000 0.01857
1.20575 1.40000 0.01996
1.20344 1.40000 0.02015
1.18618 1.40000 0.02154
1.18377 1.40000 0.02172
1.16569 1.40000 0.02309
1.16319 1.40000 0.02326
1.14448 1.40000 0.02453
1.12532 1.40000 0.02567
1.12276 1.40000 0.02582
1.10337 1.40000 0.02676
1.10078 1.40000 0.02689
1.09819 1.40000 0.02698
1.07880 1.40000 0.02769
1.05964 1.40000 0.02815
1.05708 1.40000 0.02821
1.03837 1.40000 0.02842
1.03587 1.40000 0.02845
1.03345 1.40000 0.02845
1.01538 1.40000 0.02843
1.01308 1.40000 0.02840
0.99582 1.40000 0.02819
0.99364 1.40000 0.02815
0.97732 1.40000 0.02779
0.96205 1.40000 0.02731
0.96001 1.40000 0.02724
0.95812 1.40000 0.02717
0.94395 1.40000 0.02660
0.93091 1.40000 0.02598
0.92917 1.40000 0.02589
0.91726 1.40000 0.02522
0.91567 1.40000 0.02513
0.90486 1.40000 0.02442
0.90342 1.40000 0.02433
0.89368 1.40000 0.02360
0.89237 1.40000 0.02350
0.88363 1.40000 0.02277
0.88246 1.40000 0.02267
0.88142 1.40000 0.02257
0.87360 1.40000 0.02184
0.87267 1.40000 0.02174
0.86572 1.40000 0.02102
0.85955 1.40000 0.02031
0.85872 1.40000 0.02022
0.85799 1.40000 0.02013
0.85253 1.40000 0.01945
0.85189 1.40000 0.01936
0.84706 1.40000 0.01871
0.84649 1.40000 0.01863
0.84224 1.40000 0.01802
0.83849 1.40000 0.01745
0.83799 1.40000 0.01737
0.83755 1.40000 0.01730
0.83425 1.40000 0.01677
0.83386 1.40000 0.01670
0.83096 1.40000 0.01619
0.83062 1.40000 0.01612
0.82807 1.40000 0.01562
0.82582 1.40000 0.01509
0.82552 1.40000 0.01503
0.82498 1.40000 0.01587
0.82389 1.40000 0.01764
0.82011 1.40000 0.02367
0.81848 1.40000 0.02611
0.81200 1.40000 0.03411
0.81079 1.40000 0.03555
0.81055 1.40000 0.03556
0.80943 1.40000 0.03556
0.80727 1.40000 0.03559
0.80678 1.40000 0.03558
0.80439 1.40000 0.03456
0.80356 1.40000 0.03423
0.80190 1.40000 0.03319
0.80097 1.40000 0.03244
0.79990 1.40000 0.03105
0.79878 1.40000 0.03038
0.79793 1.40000 0.02923
0.79725 1.40000 0.02804
0.79670 1.40000 0.02651
0.79596 1.40000 0.02561
0.79562 1.40000 0.02467
0.79508 1.40000 0.02323
0.79475 1.40000 0.02235
0.79417 1.40000 0.02123
0.79398 1.40000 0.02037
0.79363 1.40000 0.01919
0.79344 1.40000 0.01840
0.79312 1.40000 0.01737
0.79317 1.40000 0.01631
0.79324 1.40000 0.01538
0.79339 1.40000 0.01438
0.79327 1.40000 0.01353
0.79342 1.40000 0.01260
0.79345 1.40000 0.01183
0.79377 1.40000 0.01071
0.79381 1.40000 0.01013
0.79403 1.40000 0.00956
0.79445 1.40000 0.00841
0.79453 1.40000 0.00802
0.79452 1.40000 0.00704
0.79466 1.40000 0.00670
0.79530 1.40000 0.00565
0.79536 1.40000 0.00543
0.79526 1.40000 0.00444
0.79535 1.40000 0.00425
0.79583 1.40000 0.00330
0.79588 1.40000 0.00320
0.79672 1.40000 0.00222
0.79668 1.40000 0.00087
0.79669 1.40000 0.00086
0.79678 1.40000 0.00081
0.79823 1.40000 0.00020
0.79842 1.40000 0.00007
0.79831 1.40000 -0.00064
0.79820 1.40000 -0.00075
0.79829 1.40000 -0.00170
0.79845 1.40000 -0.00188
0.79909 1.40000 -0.00265
0.79904 1.40000 -0.00284
0.79896 1.40000 -0.00358
0.79907 1.40000 -0.00375
0.79961 1.40000 -0.00445
0.79965 1.40000 -0.00468
0.79965 1.40000 -0.00548
0.79968 1.40000 -0.00569
0.79973 1.40000 -0.00592
0.79989 1.40000 -0.00676
0.79994 1.40000 -0.00700
0.79988 1.40000 -0.00794
0.79986 1.40000 -0.00818
0.79977 1.40000 -0.00918
0.79995 1.40000 -0.01013
0.79999 1.40000 -0.01030
0.80020 1.40000 -0.01144
0.80021 1.40000 -0.01161
0.80035 1.40000 -0.01291
0.80037 1.40000 -0.01305
0.80083 1.40000 -0.01426
0.80087 1.40000 -0.01439
0.80117 1.40000 -0.01603
0.80120 1.40000 -0.01612
0.80177 1.40000 -0.01778
0.80179 1.40000 -0.01786
0.80253 1.40000 -0.01956
0.80257 1.40000 -0.01963
0.80354 1.40000 -0.02125
0.80359 1.40000 -0.02135
0.80493 1.40000 -0.02290
0.80502 1.40000 -0.02306
0.80521 1.40000 -0.02316
0.80685 1.40000 -0.02477
0.80719 1.40000 -0.02502
0.80880 1.40000 -0.02641
0.81065 1.40000 -0.02724
0.81128 1.40000 -0.02765
0.81217 1.40000 -0.02800
0.81407 1.40000 -0.02874
0.81537 1.40000 -0.02917
0.81695 1.40000 -0.02985
0.81872 1.40000 -0.03033
0.82013 1.40000 -0.03076
0.82148 1.40000 -0.03089
0.82359 1.40000 -0.03119
0.82596 1.40000 -0.03153
0.82706 1.40000 -0.03161
0.82994 1.40000 -0.03171
0.83083 1.40000 -0.03180
0.83177 1.40000 -0.03184
0.83492 1.40000 -0.03197
0.83856 1.40000 -0.03230
0.83939 1.40000 -0.03237
0.84028 1.40000 -0.03245
0.84441 1.40000 -0.03287
0.84929 1.40000 -0.03322
0.85011 1.40000 -0.03329
0.85101 1.40000 -0.03302
0.85714 1.40000 -0.03003
0.85754 1.40000 -0.02972
0.86064 1.40000 -0.02728
0.86479 1.40000 -0.02410
0.86532 1.40000 -0.02371
0.86597 1.40000 -0.02352
0.87360 1.40000 -0.02184
0.88142 1.40000 -0.02257
0.88246 1.40000 -0.02267
0.89121 1.40000 -0.02340
0.89237 1.40000 -0.02350
0.90212 1.40000 -0.02423
0.90342 1.40000 -0.02433
0.91422 1.40000 -0.02503
0.91567 1.40000 -0.02513
0.92758 1.40000 -0.02580
0.92917 1.40000 -0.02589
0.93091 1.40000 -0.02598
0.94395 1.40000 -0.02660
0.95812 1.40000 -0.02717
0.96001 1.40000 -0.02724
0.97528 1.40000 -0.02772
0.97732 1.40000 -0.02779
0.97950 1.40000 -0.02783
0.99582 1.40000 -0.02819
1.01308 1.40000 -0.02840
1.01538 1.40000 -0.02843
1.03345 1.40000 -0.02845
1.03587 1.40000 -0.02845
1.03837 1.40000 -0.02842
1.05708 1.40000 -0.02821
1.07624 1.40000 -0.02775
1.07880 1.40000 -0.02769
1.09819 1.40000 -0.02698
1.10078 1.40000 -0.02689
1.12017 1.40000 -0.02595
1.12276 1.40000 -0.02582
1.14192 1.40000 -0.02469
1.14448 1.40000 -0.02453
1.14698 1.40000 -0.02436
1.16569 1.40000 -0.02309
1.18377 1.40000 -0.02172
1.18618 1.40000 -0.02154
1.20344 1.40000 -0.02015
1.20575 1.40000 -0.01996
1.22206 1.40000 -0.01857
1.22424 1.40000 -0.01838
1.23951 1.40000 -0.01702
1.24155 1.40000 -0.01684
1.24345 1.40000 -0.01667
1.25762 1.40000 -0.01536
1.25936 1.40000 -0.01519
1.27240 1.40000 -0.01394
1.28430 1.40000 -0.01275
1.28590 1.40000 -0.01259
1.28734 1.40000 -0.01244
1.29814 1.40000 -0.01132
1.30789 1.40000 -0.01027
1.30919 1.40000 -0.01013
1.31793 1.40000 -0.00916
1.31910 1.40000 -0.00903
1.32692 1.40000 -0.00813
1.32796 1.40000 -0.00801
1.32889 1.40000 -0.00790
1.33584 1.40000 -0.00708
1.33667 1.40000 -0.00698
1.34284 1.40000 -0.00624
1.34357 1.40000 -0.00615
1.34903 1.40000 -0.00549
1.34968 1.40000 -0.00541
1.35450 1.40000 -0.00482
1.35507 1.40000 -0.00475
1.35933 1.40000 -0.00422
1.36307 1.40000 -0.00376
1.36358 1.40000 -0.00369
1.36687 1.40000 -0.00329
1.36731 1.40000 -0.00323
1.37022 1.40000 -0.00288
1.37060 1.40000 -0.00283
1.37316 1.40000 -0.00252
1.37350 1.40000 -0.00247
1.37574 1.40000 -0.00220
1.37604 1.40000 -0.00216
1.37801 1.40000 -0.00192
1.37828 1.40000 -0.00189
1.38001 1.40000 -0.00167
1.38024 1.40000 -0.00165
1.38177 1.40000 -0.00146
1.38197 1.40000 -0.00143
1.38332 1.40000 -0.00126
1.38350 1.40000 -0.00124
1.38468 1.40000 -0.00109
1.38484 1.40000 -0.00107
1.38588 1.40000 -0.00094
1.38602 1.40000 -0.00093
1.38694 1.40000 -0.00081
1.38706 1.40000 -0.00080
1.38787 1.40000 -0.00069
1.38798 1.40000 -0.00068
1.38869 1.40000 -0.00059
1.38878 1.40000 -0.00058
1.38941 1.40000 -0.00050
1.38949 1.40000 -0.00049
1.38956 1.40000 -0.00048
1.39011 1.40000 -0.00041
1.39018 1.40000 -0.00040
1.39066 1.40000 -0.00034
1.39108 1.40000 -0.00029
1.39114 1.40000 -0.00028
1.39119 1.40000 -0.00027
1.39156 1.40000 -0.00022
1.39188 1.40000 -0.00018
1.39192 1.40000 -0.00018
1.39219 1.40000 -0.00014
1.39223 1.40000 -0.00014
1.39246 1.40000 -0.00011
1.39250 1.40000 -0.00010
1.39269 1.40000 -0.00008
1.39272 1.40000 -0.00008
1.39274 1.40000 -0.00007
1.39290 1.40000 -0.00005
1.39292 1.40000 -0.00005
1.39305 1.40000 -0.00003
1.39315 1.40000 -0.00002
1.39316 1.40000 -0.00002
1.39317 1.40000 -0.00002
1.39324 1.40000 -0.00001
1.39328 1.40000 -0.00000
1.39329 1.40000 -0.00000
1.39330 1.40000 -0.00000
1.39331 1.40000 0.00000

ZONE T="SLICE_Y_0p1_BINS01_KS_1p5mm_SINGLE_LAYER"
-999 -999 -999

ZONE T="SLICE_Y_0p75_BINS01_KS_1p5mm_SINGLE_LAYER"
-999 -999 -999

ZONE T="SLICE_Y_1p4_BINS01_KS_1p5mm_SINGLE_LAYER"
-999 -999 -999

ZONE T="SLICE_Y_0p1_BINS03_KS_1p5mm_SINGLE_LAYER"
-999 -999 -999

ZONE T="SLICE_Y_0p75_BINS03_KS_1p5mm_SINGLE_LAYER"
-999 -999 -999

ZONE T="SLICE_Y_1p4_BINS03_KS_1p5mm_SINGLE_LAYER"
-999 -999 -999

ZONE T="SLICE_Y_0p1_BINS07_KS_1p5mm_SINGLE_LAYER"
1.02809 0.10000 0.00000
1.02808 0.10000 0.00000
1.02807 0.10000 0.00000
1.02803 0.10000 0.00001
1.02799 0.10000 0.00001
1.02792 0.10000 0.00002
1.02786 0.10000 0.00003
1.02776 0.10000 0.00004
1.02767 0.10000 0.00005
1.02754 0.10000 0.00007
1.02743 0.10000 0.00009
1.02727 0.10000 0.00011
1.02712 0.10000 0.00013
1.02693 0.10000 0.00015
1.02675 0.10000 0.00017
1.02652 0.10000 0.00020
1.02631 0.10000 0.00023
1.02604 0.10000 0.00026
1.02579 0.10000 0.00030
1.02548 0.10000 0.00034
1.02519 0.10000 0.00037
1.02483 0.10000 0.00042
1.02450 0.10000 0.00046
1.02413 0.10000 0.00051
1.02371 0.10000 0.00056
1.02323 0.10000 0.00062
1.02280 0.10000 0.00068
1.02226 0.10000 0.00075
1.02177 0.10000 0.00081
1.02115 0.10000 0.00089
1.02059 0.10000 0.00096
1.01989 0.10000 0.00105
1.01925 0.10000 0.00113
1.01845 0.10000 0.00123
1.01773 0.10000 0.00132
1.01683 0.10000 0.00143
1.01601 0.10000 0.00154
1.01498 0.10000 0.00167
1.01405 0.10000 0.00178
1.01288 0.10000 0.00193
1.01183 0.10000 0.00206
1.01050 0.10000 0.00223
1.00930 0.10000 0.00237
1.00779 0.10000 0.00256
1.00643 0.10000 0.00273
1.00471 0.10000 0.00294
1.00317 0.10000 0.00313
1.00122 0.10000 0.00337
0.99946 0.10000 0.00359
0.99746 0.10000 0.00383
0.99524 0.10000 0.00410
0.99296 0.10000 0.00438
0.99044 0.10000 0.00469
0.98785 0.10000 0.00501
0.98499 0.10000 0.00536
0.98172 0.10000 0.00576
0.97878 0.10000 0.00613
0.97508 0.10000 0.00659
0.97174 0.10000 0.00700
0.96753 0.10000 0.00752
0.96374 0.10000 0.00799
0.95896 0.10000 0.00857
0.95466 0.10000 0.00910
0.94926 0.10000 0.00976
0.94439 0.10000 0.01035
0.93829 0.10000 0.01109
0.93279 0.10000 0.01175
0.92591 0.10000 0.01256
0.91971 0.10000 0.01329
0.91199 0.10000 0.01417
0.90502 0.10000 0.01497
0.89637 0.10000 0.01594
0.88858 0.10000 0.01680
0.87894 0.10000 0.01784
0.87026 0.10000 0.01878
0.86063 0.10000 0.01977
0.84994 0.10000 0.02088
0.83817 0.10000 0.02206
0.82755 0.10000 0.02311
0.81593 0.10000 0.02423
0.80304 0.10000 0.02547
0.78903 0.10000 0.02676
0.77640 0.10000 0.02793
0.76130 0.10000 0.02928
0.74768 0.10000 0.03049
0.73155 0.10000 0.03186
0.71701 0.10000 0.03310
0.70162 0.10000 0.03435
0.68456 0.10000 0.03573
0.66845 0.10000 0.03694
0.65058 0.10000 0.03829
0.63390 0.10000 0.03943
0.61539 0.10000 0.04069
0.59645 0.10000 0.04181
0.57937 0.10000 0.04283
0.56209 0.10000 0.04367
0.54291 0.10000 0.04460
0.52563 0.10000 0.04523
0.50646 0.10000 0.04593
0.48938 0.10000 0.04634
0.47043 0.10000 0.04679
0.45375 0.10000 0.04698
0.43525 0.10000 0.04718
0.41914 0.10000 0.04717
0.40127 0.10000 0.04715
0.38420 0.10000 0.04695
0.36882 0.10000 0.04676
0.35428 0.10000 0.04644
0.33814 0.10000 0.04609
0.32453 0.10000 0.04566
0.30943 0.10000 0.04519
0.29680 0.10000 0.04468
0.28278 0.10000 0.04413
0.27116 0.10000 0.04357
0.25827 0.10000 0.04294
0.24766 0.10000 0.04234
0.23588 0.10000 0.04168
0.22625 0.10000 0.04105
0.21557 0.10000 0.04035
0.20593 0.10000 0.03963
0.19725 0.10000 0.03898
0.18945 0.10000 0.03833
0.18081 0.10000 0.03760
0.17384 0.10000 0.03694
0.16611 0.10000 0.03622
0.15924 0.10000 0.03550
0.15304 0.10000 0.03486
0.14694 0.10000 0.03416
0.14143 0.10000 0.03353
0.13603 0.10000 0.03286
0.13116 0.10000 0.03225
0.12639 0.10000 0.03161
0.12209 0.10000 0.03104
0.11788 0.10000 0.03043
0.11409 0.10000 0.02989
0.11038 0.10000 0.02932
0.10704 0.10000 0.02882
0.10378 0.10000 0.02829
0.10084 0.10000 0.02781
0.09825 0.10000 0.02736
0.09538 0.10000 0.02686
0.09311 0.10000 0.02640
0.09059 0.10000 0.02590
0.08859 0.10000 0.02543
0.08637 0.10000 0.02492
0.08461 0.10000 0.02443
0.08253 0.10000 0.02421
0.07804 0.10000 0.02919
0.07457 0.10000 0.03281
0.07075 0.10000 0.03657
0.06519 0.10000 0.04155
0.06269 0.10000 0.04242
0.06009 0.10000 0.04153
0.05872 0.10000 0.04058
0.05665 0.10000 0.03939
0.05513 0.10000 0.03749
0.05393 0.10000 0.03660
0.05317 0.10000 0.03541
0.05165 0.10000 0.03383
0.05066 0.10000 0.03215
0.04999 0.10000 0.03106
0.04909 0.10000 0.02938
0.04852 0.10000 0.02842
0.04781 0.10000 0.02681
0.04739 0.10000 0.02587
0.04690 0.10000 0.02428
0.04659 0.10000 0.02336
0.04626 0.10000 0.02184
0.04603 0.10000 0.02095
0.04583 0.10000 0.01951
0.04568 0.10000 0.01866
0.04557 0.10000 0.01731
0.04549 0.10000 0.01648
0.04547 0.10000 0.01522
0.04545 0.10000 0.01442
0.04546 0.10000 0.01324
0.04545 0.10000 0.01248
0.04548 0.10000 0.01138
0.04557 0.10000 0.01065
0.04572 0.10000 0.00960
0.04574 0.10000 0.00890
0.04590 0.10000 0.00791
0.04609 0.10000 0.00726
0.04633 0.10000 0.00627
0.04622 0.10000 0.00568
0.04674 0.10000 0.00500
0.04730 0.10000 0.00406
0.04692 0.10000 0.00335
0.04685 0.10000 0.00280
0.04720 0.10000 0.00205
0.04783 0.10000 0.00100
0.04820 0.10000 0.00057
0.04863 0.10000 0.00000
0.04861 0.10000 -0.00042
0.04858 0.10000 -0.00097
0.04874 0.10000 -0.00167
0.04900 0.10000 -0.00261
0.04918 0.10000 -0.00312
0.04934 0.10000 -0.00379
0.04941 0.10000 -0.00435
0.04954 0.10000 -0.00509
0.04967 0.10000 -0.00565
0.04979 0.10000 -0.00639
0.04985 0.10000 -0.00697
0.04993 0.10000 -0.00774
0.05002 0.10000 -0.00835
0.05012 0.10000 -0.00917
0.05020 0.10000 -0.00980
0.05030 0.10000 -0.01066
0.05041 0.10000 -0.01133
0.05055 0.10000 -0.01223
0.05065 0.10000 -0.01295
0.05081 0.10000 -0.01391
0.05104 0.10000 -0.01459
0.05130 0.10000 -0.01559
0.05149 0.10000 -0.01638
0.05180 0.10000 -0.01745
0.05208 0.10000 -0.01827
0.05243 0.10000 -0.01943
0.05277 0.10000 -0.02028
0.05317 0.10000 -0.02154
0.05363 0.10000 -0.02240
0.05427 0.10000 -0.02359
0.05494 0.10000 -0.02494
0.05547 0.10000 -0.02586
0.05643 0.10000 -0.02721
0.05711 0.10000 -0.02814
0.05828 0.10000 -0.02950
0.05913 0.10000 -0.03041
0.06058 0.10000 -0.03170
0.06164 0.10000 -0.03256
0.06337 0.10000 -0.03374
0.06463 0.10000 -0.03455
0.06659 0.10000 -0.03567
0.06801 0.10000 -0.03649
0.07018 0.10000 -0.03756
0.07179 0.10000 -0.03832
0.07426 0.10000 -0.03910
0.07614 0.10000 -0.03965
0.07888 0.10000 -0.04017
0.08097 0.10000 -0.04059
0.08411 0.10000 -0.04013
0.08657 0.10000 -0.03972
0.08967 0.10000 -0.03750
0.09377 0.10000 -0.03325
0.09731 0.10000 -0.02990
0.10077 0.10000 -0.02814
0.10407 0.10000 -0.02849
0.10704 0.10000 -0.02882
0.11038 0.10000 -0.02932
0.11409 0.10000 -0.02989
0.11830 0.10000 -0.03049
0.12209 0.10000 -0.03104
0.12639 0.10000 -0.03161
0.13116 0.10000 -0.03225
0.13603 0.10000 -0.03286
0.14143 0.10000 -0.03353
0.14694 0.10000 -0.03416
0.15304 0.10000 -0.03486
0.15924 0.10000 -0.03550
0.16611 0.10000 -0.03622
0.17384 0.10000 -0.03694
0.18081 0.10000 -0.03760
0.18860 0.10000 -0.03825
0.19725 0.10000 -0.03898
0.20688 0.10000 -0.03970
0.21557 0.10000 -0.04035
0.22625 0.10000 -0.04105
0.23588 0.10000 -0.04168
0.24766 0.10000 -0.04234
0.25827 0.10000 -0.04294
0.27116 0.10000 -0.04357
0.28278 0.10000 -0.04413
0.29680 0.10000 -0.04468
0.30943 0.10000 -0.04519
0.32453 0.10000 -0.04566
0.33814 0.10000 -0.04609
0.35428 0.10000 -0.04644
0.36882 0.10000 -0.04676
0.38589 0.10000 -0.04697
0.40127 0.10000 -0.04715
0.41914 0.10000 -0.04717
0.43525 0.10000 -0.04718
0.45193 0.10000 -0.04700
0.47043 0.10000 -0.04679
0.48938 0.10000 -0.04634
0.50646 0.10000 -0.04593
0.52563 0.10000 -0.04523
0.54291 0.10000 -0.04460
0.56209 0.10000 -0.04367
0.57937 0.10000 -0.04283
0.59831 0.10000 -0.04170
0.61539 0.10000 -0.04069
0.63390 0.10000 -0.03943
0.65058 0.10000 -0.03829
0.66845 0.10000 -0.03694
0.68456 0.10000 -0.03573
0.70162 0.10000 -0.03435
0.71701 0.10000 -0.03310
0.73314 0.10000 -0.03173
0.74768 0.10000 -0.03049
0.76279 0.10000 -0.02914
0.77640 0.10000 -0.02793
0.79041 0.10000 -0.02664
0.80304 0.10000 -0.02547
0.81593 0.10000 -0.02423
0.82755 0.10000 -0.02311
0.83933 0.10000 -0.02194
0.84994 0.10000 -0.02088
0.86063 0.10000 -0.01977
0.87026 0.10000 -0.01878
0.87989 0.10000 -0.01774
0.88858 0.10000 -0.01680
0.89723 0.10000 -0.01584
0.90502 0.10000 -0.01497
0.91275 0.10000 -0.01409
0.91971 0.10000 -0.01329
0.92591 0.10000 -0.01256
0.93279 0.10000 -0.01175
0.93889 0.10000 -0.01102
0.94439 0.10000 -0.01035
0.94979 0.10000 -0.00970
0.95466 0.10000 -0.00910
0.95943 0.10000 -0.00852
0.96374 0.10000 -0.00799
0.96794 0.10000 -0.00747
0.97174 0.10000 -0.00700
0.97544 0.10000 -0.00654
0.97878 0.10000 -0.00613
0.98205 0.10000 -0.00572
0.98499 0.10000 -0.00536
0.98785 0.10000 -0.00501
0.99044 0.10000 -0.00469
0.99296 0.10000 -0.00438
0.99524 0.10000 -0.00410
0.99724 0.10000 -0.00386
0.99946 0.10000 -0.00359
1.00122 0.10000 -0.00337
1.00317 0.10000 -0.00313
1.00488 0.10000 -0.00292
1.00643 0.10000 -0.00273
1.00794 0.10000 -0.00254
1.00930 0.10000 -0.00237
1.01063 0.10000 -0.00221
1.01183 0.10000 -0.00206
1.01300 0.10000 -0.00191
1.01405 0.10000 -0.00178
1.01498 0.10000 -0.00167
1.01601 0.10000 -0.00154
1.01683 0.10000 -0.00143
1.01773 0.10000 -0.00132
1.01845 0.10000 -0.00123
1.01925 0.10000 -0.00113
1.01989 0.10000 -0.00105
1.02059 0.10000 -0.00096
1.02115 0.10000 -0.00089
1.02177 0.10000 -0.00081
1.02226 0.10000 -0.00075
1.02280 0.10000 -0.00068
1.02323 0.10000 -0.00062
1.02371 0.10000 -0.00056
1.02413 0.10000 -0.00051
1.02450 0.10000 -0.00046
1.02487 0.10000 -0.00041
1.02519 0.10000 -0.00037
1.02551 0.10000 -0.00033
1.02579 0.10000 -0.00030
1.02607 0.10000 -0.00026
1.02631 0.10000 -0.00023
1.02654 0.10000 -0.00020
1.02675 0.10000 -0.00017
1.02694 0.10000 -0.00015
1.02712 0.10000 -0.00013
1.02728 0.10000 -0.00010
1.02743 0.10000 -0.00009
1.02755 0.10000 -0.00007
1.02767 0.10000 -0.00005
1.02777 0.10000 -0.00004
1.02786 0.10000 -0.00003
1.02793 0.10000 -0.00002
1.02799 0.10000 -0.00001
1.02803 0.10000 -0.00001
1.02807 0.10000 -0.00000
1.02808 0.10000 -0.00000
1.02809 0.10000 0.00000

ZONE T="SLICE_Y_0p75_BINS07_KS_1p5mm_SINGLE_LAYER"
1.21070 0.75000 0.00000
1.21068 0.75000 0.00000
1.21068 0.75000 0.00000
1.21063 0.75000 0.00001
1.21062 0.75000 0.00001
1.21053 0.75000 0.00002
1.21051 0.75000 0.00002
1.21049 0.75000 0.00003
1.21036 0.75000 0.00004
1.21033 0.75000 0.00005
1.21016 0.75000 0.00007
1.21012 0.75000 0.00007
1.20992 0.75000 0.00010
1.20987 0.75000 0.00011
1.20962 0.75000 0.00014
1.20956 0.75000 0.00015
1.20927 0.75000 0.00018
1.20920 0.75000 0.00019
1.20886 0.75000 0.00024
1.20878 0.75000 0.00025
1.20838 0.75000 0.00030
1.20828 0.75000 0.00031
1.20782 0.75000 0.00037
1.20772 0.75000 0.00038
1.20719 0.75000 0.00045
1.20658 0.75000 0.00053
1.20646 0.75000 0.00054
1.20632 0.75000 0.00056
1.20563 0.75000 0.00065
1.20547 0.75000 0.00067
1.20469 0.75000 0.00077
1.20451 0.75000 0.00079
1.20361 0.75000 0.00090
1.20341 0.75000 0.00093
1.20240 0.75000 0.00106
1.20217 0.75000 0.00109
1.20101 0.75000 0.00123
1.20075 0.75000 0.00127
1.19944 0.75000 0.00143
1.19915 0.75000 0.00147
1.19766 0.75000 0.00165
1.19732 0.75000 0.00169
1.19564 0.75000 0.00190
1.19525 0.75000 0.00195
1.19334 0.75000 0.00219
1.19290 0.75000 0.00224
1.19072 0.75000 0.00251
1.19023 0.75000 0.00257
1.18775 0.75000 0.00287
1.18719 0.75000 0.00294
1.18437 0.75000 0.00329
1.18373 0.75000 0.00337
1.18052 0.75000 0.00376
1.17979 0.75000 0.00385
1.17615 0.75000 0.00430
1.17201 0.75000 0.00481
1.17118 0.75000 0.00491
1.17024 0.75000 0.00503
1.16553 0.75000 0.00561
1.16446 0.75000 0.00574
1.15912 0.75000 0.00640
1.15791 0.75000 0.00655
1.15185 0.75000 0.00730
1.14499 0.75000 0.00813
1.14362 0.75000 0.00830
1.13586 0.75000 0.00923
1.13432 0.75000 0.00942
1.13257 0.75000 0.00962
1.12384 0.75000 0.01065
1.11402 0.75000 0.01178
1.11206 0.75000 0.01200
1.10108 0.75000 0.01322
1.09888 0.75000 0.01347
1.09644 0.75000 0.01373
1.08420 0.75000 0.01505
1.08149 0.75000 0.01533
1.06792 0.75000 0.01674
1.05296 0.75000 0.01823
1.04998 0.75000 0.01853
1.03360 0.75000 0.02010
1.03033 0.75000 0.02041
1.01253 0.75000 0.02206
1.00898 0.75000 0.02239
0.98980 0.75000 0.02409
0.98596 0.75000 0.02443
0.98187 0.75000 0.02478
0.96138 0.75000 0.02653
0.95705 0.75000 0.02688
0.93537 0.75000 0.02864
0.93083 0.75000 0.02898
0.90814 0.75000 0.03069
0.90344 0.75000 0.03101
0.87994 0.75000 0.03261
0.85587 0.75000 0.03404
0.85106 0.75000 0.03432
0.82671 0.75000 0.03551
0.82185 0.75000 0.03574
0.79750 0.75000 0.03663
0.79263 0.75000 0.03681
0.76857 0.75000 0.03739
0.76376 0.75000 0.03750
0.75906 0.75000 0.03755
0.73556 0.75000 0.03782
0.73102 0.75000 0.03781
0.70833 0.75000 0.03779
0.68665 0.75000 0.03753
0.68232 0.75000 0.03748
0.66183 0.75000 0.03703
0.65773 0.75000 0.03694
0.65390 0.75000 0.03682
0.63472 0.75000 0.03622
0.61692 0.75000 0.03551
0.61337 0.75000 0.03536
0.61009 0.75000 0.03521
0.59372 0.75000 0.03442
0.59073 0.75000 0.03425
0.57578 0.75000 0.03340
0.56221 0.75000 0.03251
0.55950 0.75000 0.03234
0.55705 0.75000 0.03215
0.54481 0.75000 0.03124
0.54262 0.75000 0.03106
0.53163 0.75000 0.03013
0.52967 0.75000 0.02995
0.51986 0.75000 0.02903
0.51112 0.75000 0.02812
0.50938 0.75000 0.02794
0.50163 0.75000 0.02705
0.50008 0.75000 0.02687
0.49322 0.75000 0.02602
0.49185 0.75000 0.02585
0.49064 0.75000 0.02569
0.48458 0.75000 0.02488
0.47923 0.75000 0.02411
0.47816 0.75000 0.02395
0.47346 0.75000 0.02324
0.47252 0.75000 0.02310
0.46837 0.75000 0.02243
0.46754 0.75000 0.02229
0.46390 0.75000 0.02165
0.46317 0.75000 0.02152
0.45997 0.75000 0.02089
0.45933 0.75000 0.02076
0.45651 0.75000 0.02010
0.45595 0.75000 0.01997
0.45347 0.75000 0.01928
0.45297 0.75000 0.01914
0.44742 0.75000 0.02568
0.44598 0.75000 0.02735
0.44359 0.75000 0.03004
0.43548 0.75000 0.03918
0.43339 0.75000 0.04000
0.42978 0.75000 0.04075
0.42855 0.75000 0.03995
0.42639 0.75000 0.03876
0.42520 0.75000 0.03795
0.42353 0.75000 0.03679
0.42247 0.75000 0.03495
0.42161 0.75000 0.03396
0.42112 0.75000 0.03271
0.42021 0.75000 0.03082
0.41965 0.75000 0.02967
0.41852 0.75000 0.02862
0.41836 0.75000 0.02685
0.41804 0.75000 0.02569
0.41773 0.75000 0.02418
0.41742 0.75000 0.02319
0.41725 0.75000 0.02164
0.41692 0.75000 0.02076
0.41687 0.75000 0.01986
0.41672 0.75000 0.01840
0.41674 0.75000 0.01750
0.41665 0.75000 0.01624
0.41672 0.75000 0.01539
0.41679 0.75000 0.01413
0.41682 0.75000 0.01340
0.41686 0.75000 0.01223
0.41693 0.75000 0.01154
0.41720 0.75000 0.01039
0.41733 0.75000 0.00973
0.41739 0.75000 0.00867
0.41741 0.75000 0.00813
0.41794 0.75000 0.00706
0.41830 0.75000 0.00649
0.41834 0.75000 0.00547
0.41833 0.75000 0.00496
0.41903 0.75000 0.00402
0.41949 0.75000 0.00357
0.41964 0.75000 0.00259
0.41978 0.75000 0.00199
0.42042 0.75000 0.00097
0.42086 0.75000 0.00065
0.42153 0.75000 -0.00005
0.42147 0.75000 -0.00034
0.42122 0.75000 -0.00095
0.42140 0.75000 -0.00144
0.42172 0.75000 -0.00242
0.42240 0.75000 -0.00323
0.42251 0.75000 -0.00355
0.42262 0.75000 -0.00389
0.42271 0.75000 -0.00474
0.42285 0.75000 -0.00508
0.42316 0.75000 -0.00591
0.42321 0.75000 -0.00627
0.42334 0.75000 -0.00714
0.42342 0.75000 -0.00751
0.42361 0.75000 -0.00840
0.42368 0.75000 -0.00879
0.42379 0.75000 -0.00975
0.42384 0.75000 -0.01019
0.42403 0.75000 -0.01114
0.42425 0.75000 -0.01218
0.42429 0.75000 -0.01265
0.42440 0.75000 -0.01310
0.42461 0.75000 -0.01425
0.42475 0.75000 -0.01475
0.42501 0.75000 -0.01593
0.42517 0.75000 -0.01648
0.42555 0.75000 -0.01770
0.42576 0.75000 -0.01827
0.42624 0.75000 -0.01956
0.42651 0.75000 -0.02016
0.42712 0.75000 -0.02150
0.42749 0.75000 -0.02211
0.42828 0.75000 -0.02347
0.42873 0.75000 -0.02410
0.42974 0.75000 -0.02549
0.43097 0.75000 -0.02690
0.43152 0.75000 -0.02751
0.43304 0.75000 -0.02887
0.43369 0.75000 -0.02945
0.43556 0.75000 -0.03068
0.43632 0.75000 -0.03119
0.43856 0.75000 -0.03235
0.43939 0.75000 -0.03280
0.44026 0.75000 -0.03325
0.44261 0.75000 -0.03453
0.44521 0.75000 -0.03558
0.44611 0.75000 -0.03592
0.44711 0.75000 -0.03614
0.45019 0.75000 -0.03666
0.45122 0.75000 -0.03679
0.45452 0.75000 -0.03724
0.45556 0.75000 -0.03732
0.45913 0.75000 -0.03760
0.46022 0.75000 -0.03757
0.46409 0.75000 -0.03764
0.46533 0.75000 -0.03714
0.46998 0.75000 -0.03517
0.47546 0.75000 -0.03190
0.47677 0.75000 -0.03096
0.48290 0.75000 -0.02762
0.48417 0.75000 -0.02703
0.48547 0.75000 -0.02692
0.49184 0.75000 -0.02587
0.49871 0.75000 -0.02670
0.50008 0.75000 -0.02687
0.50163 0.75000 -0.02705
0.50938 0.75000 -0.02794
0.51112 0.75000 -0.02812
0.51986 0.75000 -0.02903
0.52182 0.75000 -0.02921
0.53163 0.75000 -0.03013
0.53383 0.75000 -0.03032
0.54481 0.75000 -0.03124
0.54726 0.75000 -0.03142
0.55950 0.75000 -0.03234
0.57306 0.75000 -0.03322
0.57578 0.75000 -0.03340
0.59073 0.75000 -0.03425
0.59372 0.75000 -0.03442
0.61009 0.75000 -0.03521
0.61337 0.75000 -0.03536
0.63116 0.75000 -0.03607
0.63472 0.75000 -0.03622
0.65390 0.75000 -0.03682
0.65773 0.75000 -0.03694
0.67822 0.75000 -0.03739
0.68232 0.75000 -0.03748
0.70400 0.75000 -0.03774
0.70833 0.75000 -0.03779
0.73102 0.75000 -0.03781
0.73556 0.75000 -0.03782
0.74025 0.75000 -0.03776
0.76376 0.75000 -0.03750
0.78782 0.75000 -0.03693
0.79263 0.75000 -0.03681
0.81698 0.75000 -0.03592
0.82185 0.75000 -0.03574
0.84620 0.75000 -0.03456
0.85106 0.75000 -0.03432
0.85587 0.75000 -0.03404
0.87994 0.75000 -0.03261
0.90344 0.75000 -0.03101
0.90814 0.75000 -0.03069
0.93083 0.75000 -0.02898
0.93537 0.75000 -0.02864
0.93970 0.75000 -0.02829
0.96138 0.75000 -0.02653
0.96547 0.75000 -0.02618
0.98596 0.75000 -0.02443
1.00514 0.75000 -0.02273
1.00898 0.75000 -0.02239
1.02677 0.75000 -0.02074
1.03033 0.75000 -0.02041
1.04670 0.75000 -0.01884
1.04998 0.75000 -0.01853
1.06493 0.75000 -0.01703
1.06792 0.75000 -0.01674
1.08149 0.75000 -0.01533
1.08420 0.75000 -0.01505
1.09644 0.75000 -0.01373
1.09888 0.75000 -0.01347
1.10987 0.75000 -0.01224
1.11206 0.75000 -0.01200
1.12187 0.75000 -0.01087
1.12384 0.75000 -0.01065
1.13257 0.75000 -0.00962
1.13432 0.75000 -0.00942
1.14207 0.75000 -0.00848
1.14362 0.75000 -0.00830
1.14499 0.75000 -0.00813
1.15185 0.75000 -0.00730
1.15306 0.75000 -0.00715
1.15912 0.75000 -0.00640
1.16019 0.75000 -0.00627
1.16553 0.75000 -0.00561
1.16647 0.75000 -0.00549
1.17118 0.75000 -0.00491
1.17201 0.75000 -0.00481
1.17615 0.75000 -0.00430
1.17688 0.75000 -0.00421
1.18052 0.75000 -0.00376
1.18116 0.75000 -0.00368
1.18437 0.75000 -0.00329
1.18719 0.75000 -0.00294
1.18775 0.75000 -0.00287
1.19023 0.75000 -0.00257
1.19072 0.75000 -0.00251
1.19116 0.75000 -0.00246
1.19334 0.75000 -0.00219
1.19525 0.75000 -0.00195
1.19564 0.75000 -0.00190
1.19732 0.75000 -0.00169
1.19766 0.75000 -0.00165
1.19796 0.75000 -0.00161
1.19944 0.75000 -0.00143
1.19971 0.75000 -0.00140
1.20101 0.75000 -0.00123
1.20124 0.75000 -0.00120
1.20240 0.75000 -0.00106
1.20260 0.75000 -0.00103
1.20361 0.75000 -0.00090
1.20379 0.75000 -0.00088
1.20469 0.75000 -0.00077
1.20484 0.75000 -0.00075
1.20563 0.75000 -0.00065
1.20577 0.75000 -0.00063
1.20646 0.75000 -0.00054
1.20658 0.75000 -0.00053
1.20719 0.75000 -0.00045
1.20772 0.75000 -0.00038
1.20782 0.75000 -0.00037
1.20828 0.75000 -0.00031
1.20838 0.75000 -0.00030
1.20878 0.75000 -0.00025
1.20886 0.75000 -0.00024
1.20920 0.75000 -0.00019
1.20927 0.75000 -0.00018
1.20956 0.75000 -0.00015
1.20962 0.75000 -0.00014
1.20987 0.75000 -0.00011
1.20992 0.75000 -0.00010
1.21012 0.75000 -0.00007
1.21016 0.75000 -0.00007
1.21033 0.75000 -0.00005
1.21036 0.75000 -0.00004
1.21049 0.75000 -0.00003
1.21051 0.75000 -0.00002
1.21060 0.75000 -0.00001
1.21062 0.75000 -0.00001
1.21067 0.75000 -0.00000
1.21068 0.75000 -0.00000
1.21070 0.75000 -0.00000
1.21070 0.75000 0.00000

ZONE T="SLICE_Y_1p4_BINS07_KS_1p5mm_SINGLE_LAYER"
1.39331 1.40000 0.00000
1.39329 1.40000 0.00000
1.39329 1.40000 0.00000
1.39325 1.40000 0.00001
1.39324 1.40000 0.00001
1.39317 1.40000 0.00002
1.39316 1.40000 0.00002
1.39306 1.40000 0.00003
1.39305 1.40000 0.00003
1.39292 1.40000 0.00005
1.39290 1.40000 0.00005
1.39274 1.40000 0.00007
1.39272 1.40000 0.00008
1.39252 1.40000 0.00010
1.39250 1.40000 0.00010
1.39226 1.40000 0.00013
1.39223 1.40000 0.00014
1.39219 1.40000 0.00014
1.39192 1.40000 0.00018
1.39160 1.40000 0.00022
1.39156 1.40000 0.00022
1.39119 1.40000 0.00027
1.39114 1.40000 0.00028
1.39072 1.40000 0.00033
1.39066 1.40000 0.00034
1.39018 1.40000 0.00040
1.39011 1.40000 0.00041
1.38956 1.40000 0.00048
1.38949 1.40000 0.00049
1.38887 1.40000 0.00057
1.38878 1.40000 0.00058
1.38807 1.40000 0.00067
1.38798 1.40000 0.00068
1.38787 1.40000 0.00069
1.38706 1.40000 0.00080
1.38614 1.40000 0.00091
1.38602 1.40000 0.00093
1.38498 1.40000 0.00106
1.38484 1.40000 0.00107
1.38468 1.40000 0.00109
1.38350 1.40000 0.00124
1.38215 1.40000 0.00141
1.38197 1.40000 0.00143
1.38045 1.40000 0.00162
1.38024 1.40000 0.00165
1.37851 1.40000 0.00186
1.37828 1.40000 0.00189
1.37801 1.40000 0.00192
1.37604 1.40000 0.00216
1.37380 1.40000 0.00244
1.37350 1.40000 0.00247
1.37316 1.40000 0.00252
1.37060 1.40000 0.00283
1.37022 1.40000 0.00288
1.36731 1.40000 0.00323
1.36687 1.40000 0.00329
1.36358 1.40000 0.00369
1.36307 1.40000 0.00376
1.35933 1.40000 0.00422
1.35507 1.40000 0.00475
1.35450 1.40000 0.00482
1.35386 1.40000 0.00490
1.34903 1.40000 0.00549
1.34830 1.40000 0.00558
1.34284 1.40000 0.00624
1.34202 1.40000 0.00634
1.33584 1.40000 0.00708
1.32889 1.40000 0.00790
1.32796 1.40000 0.00801
1.32015 1.40000 0.00891
1.31910 1.40000 0.00903
1.31036 1.40000 0.01000
1.30919 1.40000 0.01013
1.29944 1.40000 0.01118
1.29814 1.40000 0.01132
1.29670 1.40000 0.01147
1.28590 1.40000 0.01259
1.28430 1.40000 0.01275
1.27240 1.40000 0.01394
1.25936 1.40000 0.01519
1.25762 1.40000 0.01536
1.25572 1.40000 0.01553
1.24155 1.40000 0.01684
1.23951 1.40000 0.01702
1.22424 1.40000 0.01838
1.22206 1.40000 0.01857
1.20575 1.40000 0.01996
1.20344 1.40000 0.02015
1.18618 1.40000 0.02154
1.18377 1.40000 0.02172
1.16569 1.40000 0.02309
1.16319 1.40000 0.02326
1.14448 1.40000 0.02453
1.12532 1.40000 0.02567
1.12276 1.40000 0.02582
1.10337 1.40000 0.02676
1.10078 1.40000 0.02689
1.09819 1.40000 0.02698
1.07880 1.40000 0.02769
1.05964 1.40000 0.02815
1.05708 1.40000 0.02821
1.03837 1.40000 0.02842
1.03587 1.40000 0.02845
1.03345 1.40000 0.02845
1.01538 1.40000 0.02843
1.01308 1.40000 0.02840
0.99582 1.40000 0.02819
0.99364 1.40000 0.02815
0.97732 1.40000 0.02779
0.96205 1.40000 0.02731
0.96001 1.40000 0.02724
0.95812 1.40000 0.02717
0.94395 1.40000 0.02660
0.93091 1.40000 0.02598
0.92917 1.40000 0.02589
0.91726 1.40000 0.02522
0.91567 1.40000 0.02513
0.90486 1.40000 0.02442
0.90342 1.40000 0.02433
0.89368 1.40000 0.02360
0.89237 1.40000 0.02350
0.88363 1.40000 0.02277
0.88246 1.40000 0.02267
0.88142 1.40000 0.02257
0.87360 1.40000 0.02184
0.87267 1.40000 0.02174
0.86572 1.40000 0.02102
0.85955 1.40000 0.02031
0.85872 1.40000 0.02022
0.85799 1.40000 0.02013
0.85253 1.40000 0.01945
0.85189 1.40000 0.01936
0.84706 1.40000 0.01871
0.84649 1.40000 0.01863
0.84224 1.40000 0.01802
0.83849 1.40000 0.01745
0.83799 1.40000 0.01737
0.83755 1.40000 0.01730
0.83425 1.40000 0.01677
0.83386 1.40000 0.01670
0.83096 1.40000 0.01619
0.83062 1.40000 0.01612
0.82807 1.40000 0.01562
0.82582 1.40000 0.01509
0.82552 1.40000 0.01502
0.82500 1.40000 0.01580
0.82382 1.40000 0.01762
0.82036 1.40000 0.02288
0.81903 1.40000 0.02476
0.81248 1.40000 0.03333
0.81085 1.40000 0.03542
0.81055 1.40000 0.03554
0.80963 1.40000 0.03596
0.80657 1.40000 0.03735
0.80548 1.40000 0.03780
0.80335 1.40000 0.03688
0.80208 1.40000 0.03639
0.80069 1.40000 0.03552
0.79936 1.40000 0.03444
0.79853 1.40000 0.03335
0.79693 1.40000 0.03245
0.79632 1.40000 0.03169
0.79535 1.40000 0.03007
0.79461 1.40000 0.02789
0.79416 1.40000 0.02729
0.79395 1.40000 0.02667
0.79329 1.40000 0.02464
0.79309 1.40000 0.02407
0.79236 1.40000 0.02252
0.79225 1.40000 0.02199
0.79176 1.40000 0.02039
0.79163 1.40000 0.01991
0.79117 1.40000 0.01851
0.79124 1.40000 0.01703
0.79128 1.40000 0.01643
0.79149 1.40000 0.01500
0.79140 1.40000 0.01441
0.79150 1.40000 0.01376
0.79152 1.40000 0.01261
0.79174 1.40000 0.01180
0.79178 1.40000 0.01088
0.79213 1.40000 0.00997
0.79244 1.40000 0.00907
0.79255 1.40000 0.00838
0.79248 1.40000 0.00761
0.79273 1.40000 0.00699
0.79325 1.40000 0.00613
0.79336 1.40000 0.00564
0.79318 1.40000 0.00482
0.79340 1.40000 0.00439
0.79379 1.40000 0.00359
0.79392 1.40000 0.00325
0.79466 1.40000 0.00239
0.79451 1.40000 0.00124
0.79462 1.40000 0.00094
0.79652 1.40000 0.00015
0.79655 1.40000 0.00012
0.79626 1.40000 -0.00078
0.79623 1.40000 -0.00082
0.79625 1.40000 -0.00194
0.79628 1.40000 -0.00201
0.79688 1.40000 -0.00274
0.79717 1.40000 -0.00306
0.79716 1.40000 -0.00308
0.79700 1.40000 -0.00389
0.79696 1.40000 -0.00408
0.79696 1.40000 -0.00408
0.79704 1.40000 -0.00417
0.79779 1.40000 -0.00502
0.79780 1.40000 -0.00508
0.79775 1.40000 -0.00617
0.79776 1.40000 -0.00621
0.79777 1.40000 -0.00625
0.79800 1.40000 -0.00738
0.79801 1.40000 -0.00743
0.79790 1.40000 -0.00870
0.79790 1.40000 -0.00871
0.79789 1.40000 -0.00885
0.79776 1.40000 -0.01005
0.79777 1.40000 -0.01010
0.79800 1.40000 -0.01124
0.79831 1.40000 -0.01253
0.79832 1.40000 -0.01261
0.79834 1.40000 -0.01270
0.79852 1.40000 -0.01414
0.79909 1.40000 -0.01541
0.79911 1.40000 -0.01555
0.79945 1.40000 -0.01721
0.79945 1.40000 -0.01741
0.79953 1.40000 -0.01758
0.80014 1.40000 -0.01920
0.80027 1.40000 -0.01935
0.80103 1.40000 -0.02102
0.80116 1.40000 -0.02120
0.80213 1.40000 -0.02281
0.80364 1.40000 -0.02449
0.80370 1.40000 -0.02458
0.80486 1.40000 -0.02569
0.80564 1.40000 -0.02643
0.80571 1.40000 -0.02648
0.80764 1.40000 -0.02818
0.80984 1.40000 -0.02915
0.81028 1.40000 -0.02945
0.81087 1.40000 -0.02974
0.81306 1.40000 -0.03092
0.81404 1.40000 -0.03135
0.81598 1.40000 -0.03229
0.81752 1.40000 -0.03264
0.81932 1.40000 -0.03314
0.82096 1.40000 -0.03332
0.82288 1.40000 -0.03366
0.82503 1.40000 -0.03403
0.82642 1.40000 -0.03416
0.82910 1.40000 -0.03428
0.83024 1.40000 -0.03442
0.83142 1.40000 -0.03447
0.83437 1.40000 -0.03458
0.83779 1.40000 -0.03488
0.83887 1.40000 -0.03495
0.84004 1.40000 -0.03504
0.84393 1.40000 -0.03541
0.84932 1.40000 -0.03308
0.85023 1.40000 -0.03261
0.85107 1.40000 -0.03199
0.85677 1.40000 -0.02659
0.85771 1.40000 -0.02570
0.85786 1.40000 -0.02557
0.86485 1.40000 -0.02211
0.86561 1.40000 -0.02176
0.86647 1.40000 -0.02175
0.87360 1.40000 -0.02184
0.88142 1.40000 -0.02257
0.88246 1.40000 -0.02267
0.89121 1.40000 -0.02340
0.89237 1.40000 -0.02350
0.90212 1.40000 -0.02423
0.90342 1.40000 -0.02433
0.91422 1.40000 -0.02503
0.91567 1.40000 -0.02513
0.92758 1.40000 -0.02580
0.92917 1.40000 -0.02589
0.93091 1.40000 -0.02598
0.94395 1.40000 -0.02660
0.95812 1.40000 -0.02717
0.96001 1.40000 -0.02724
0.97528 1.40000 -0.02772
0.97732 1.40000 -0.02779
0.97950 1.40000 -0.02783
0.99582 1.40000 -0.02819
1.01308 1.40000 -0.02840
1.01538 1.40000 -0.02843
1.03345 1.40000 -0.02845
1.03587 1.40000 -0.02845
1.03837 1.40000 -0.02842
1.05708 1.40000 -0.02821
1.07624 1.40000 -0.02775
1.07880 1.40000 -0.02769
1.09819 1.40000 -0.02698
1.10078 1.40000 -0.02689
1.12017 1.40000 -0.02595
1.12276 1.40000 -0.02582
1.14192 1.40000 -0.02469
1.14448 1.40000 -0.02453
1.14698 1.40000 -0.02436
1.16569 1.40000 -0.02309
1.18377 1.40000 -0.02172
1.18618 1.40000 -0.02154
1.20344 1.40000 -0.02015
1.20575 1.40000 -0.01996
1.22206 1.40000 -0.01857
1.22424 1.40000 -0.01838
1.23951 1.40000 -0.01702
1.24155 1.40000 -0.01684
1.24345 1.40000 -0.01667
1.25762 1.40000 -0.01536
1.25936 1.40000 -0.01519
1.27240 1.40000 -0.01394
1.28430 1.40000 -0.01275
1.28590 1.40000 -0.01259
1.28734 1.40000 -0.01244
1.29814 1.40000 -0.01132
1.30789 1.40000 -0.01027
1.30919 1.40000 -0.01013
1.31793 1.40000 -0.00916
1.31910 1.40000 -0.00903
1.32692 1.40000 -0.00813
1.32796 1.40000 -0.00801
1.32889 1.40000 -0.00790
1.33584 1.40000 -0.00708
1.33667 1.40000 -0.00698
1.34284 1.40000 -0.00624
1.34357 1.40000 -0.00615
1.34903 1.40000 -0.00549
1.34968 1.40000 -0.00541
1.35450 1.40000 -0.00482
1.35507 1.40000 -0.00475
1.35933 1.40000 -0.00422
1.36307 1.40000 -0.00376
1.36358 1.40000 -0.00369
1.36687 1.40000 -0.00329
1.36731 1.40000 -0.00323
1.37022 1.40000 -0.00288
1.37060 1.40000 -0.00283
1.37316 1.40000 -0.00252
1.37350 1.40000 -0.00247
1.37574 1.40000 -0.00220
1.37604 1.40000 -0.00216
1.37801 1.40000 -0.00192
1.37828 1.40000 -0.00189
1.38001 1.40000 -0.00167
1.38024 1.40000 -0.00165
1.38177 1.40000 -0.00146
1.38197 1.40000 -0.00143
1.38332 1.40000 -0.00126
1.38350 1.40000 -0.00124
1.38468 1.40000 -0.00109
1.38484 1.40000 -0.00107
1.38588 1.40000 -0.00094
1.38602 1.40000 -0.00093
1.38694 1.40000 -0.00081
1.38706 1.40000 -0.00080
1.38787 1.40000 -0.00069
1.38798 1.40000 -0.00068
1.38869 1.40000 -0.00059
1.38878 1.40000 -0.00058
1.38941 1.40000 -0.00050
1.38949 1.40000 -0.00049
1.38956 1.40000 -0.00048
1.39011 1.40000 -0.00041
1.39018 1.40000 -0.00040
1.39066 1.40000 -0.00034
1.39108 1.40000 -0.00029
1.39114 1.40000 -0.00028
1.39119 1.40000 -0.00027
1.39156 1.40000 -0.00022
1.39188 1.40000 -0.00018
1.39192 1.40000 -0.00018
1.39219 1.40000 -0.00014
1.39223 1.40000 -0.00014
1.39246 1.40000 -0.00011
1.39250 1.40000 -0.00010
1.39269 1.40000 -0.00008
1.39272 1.40000 -0.00008
1.39274 1.40000 -0.00007
1.39290 1.40000 -0.00005
1.39292 1.40000 -0.00005
1.39305 1.40000 -0.00003
1.39315 1.40000 -0.00002
1.39316 1.40000 -0.00002
1.39317 1.40000 -0.00002
1.39324 1.40000 -0.00001
1.39328 1.40000 -0.00000
1.39329 1.40000 -0.00000
1.39330 1.40000 -0.00000
1.39331 1.40000 0.00000

ZONE T="SLICE_Y_0p1_BINS15_KS_1p5mm_SINGLE_LAYER"
-999 -999 -999

ZONE T="SLICE_Y_0p75_BINS15_KS_1p5mm_SINGLE_LAYER"
-999 -999 -999

ZONE T="SLICE_Y_1p4_BINS15_KS_1p5mm_SINGLE_LAYER"
-999 -999 -999

ZONE T="SLICE_Y_0p1_BINS01_KS_VAR_SINGLE_LAYER"
-999 -999 -999

ZONE T="SLICE_Y_0p75_BINS01_KS_VAR_SINGLE_LAYER"
-999 -999 -999

ZONE T="SLICE_Y_1p4_BINS01_KS_VAR_SINGLE_LAYER"
-999 -999 -999

ZONE T="SLICE_Y_0p1_BINS03_KS_VAR_SINGLE_LAYER"
-999 -999 -999

ZONE T="SLICE_Y_0p75_BINS03_KS_VAR_SINGLE_LAYER"
-999 -999 -999

ZONE T="SLICE_Y_1p4_BINS03_KS_VAR_SINGLE_LAYER"
-999 -999 -999

ZONE T="SLICE_Y_0p1_BINS07_KS_VAR_SINGLE_LAYER"
1.02809 0.10000 0.00000
1.02808 0.10000 0.00000
1.02807 0.10000 0.00000
1.02803 0.10000 0.00001
1.02799 0.10000 0.00001
1.02792 0.10000 0.00002
1.02786 0.10000 0.00003
1.02776 0.10000 0.00004
1.02767 0.10000 0.00005
1.02754 0.10000 0.00007
1.02743 0.10000 0.00009
1.02727 0.10000 0.00011
1.02712 0.10000 0.00013
1.02693 0.10000 0.00015
1.02675 0.10000 0.00017
1.02652 0.10000 0.00020
1.02631 0.10000 0.00023
1.02604 0.10000 0.00026
1.02579 0.10000 0.00030
1.02548 0.10000 0.00034
1.02519 0.10000 0.00037
1.02483 0.10000 0.00042
1.02450 0.10000 0.00046
1.02413 0.10000 0.00051
1.02371 0.10000 0.00056
1.02323 0.10000 0.00062
1.02280 0.10000 0.00068
1.02226 0.10000 0.00075
1.02177 0.10000 0.00081
1.02115 0.10000 0.00089
1.02059 0.10000 0.00096
1.01989 0.10000 0.00105
1.01925 0.10000 0.00113
1.01845 0.10000 0.00123
1.01773 0.10000 0.00132
1.01683 0.10000 0.00143
1.01601 0.10000 0.00154
1.01498 0.10000 0.00167
1.01405 0.10000 0.00178
1.01288 0.10000 0.00193
1.01183 0.10000 0.00206
1.01050 0.10000 0.00223
1.00930 0.10000 0.00237
1.00779 0.10000 0.00256
1.00643 0.10000 0.00273
1.00471 0.10000 0.00294
1.00317 0.10000 0.00313
1.00122 0.10000 0.00337
0.99946 0.10000 0.00359
0.99746 0.10000 0.00383
0.99524 0.10000 0.00410
0.99296 0.10000 0.00438
0.99044 0.10000 0.00469
0.98785 0.10000 0.00501
0.98499 0.10000 0.00536
0.98172 0.10000 0.00576
0.97878 0.10000 0.00613
0.97508 0.10000 0.00659
0.97174 0.10000 0.00700
0.96753 0.10000 0.00752
0.96374 0.10000 0.00799
0.95896 0.10000 0.00857
0.95466 0.10000 0.00910
0.94926 0.10000 0.00976
0.94439 0.10000 0.01035
0.93829 0.10000 0.01109
0.93279 0.10000 0.01175
0.92591 0.10000 0.01256
0.91971 0.10000 0.01329
0.91199 0.10000 0.01417
0.90502 0.10000 0.01497
0.89637 0.10000 0.01594
0.88858 0.10000 0.01680
0.87894 0.10000 0.01784
0.87026 0.10000 0.01878
0.86063 0.10000 0.01977
0.84994 0.10000 0.02088
0.83817 0.10000 0.02206
0.82755 0.10000 0.02311
0.81593 0.10000 0.02423
0.80304 0.10000 0.02547
0.78903 0.10000 0.02676
0.77640 0.10000 0.02793
0.76130 0.10000 0.02928
0.74768 0.10000 0.03049
0.73155 0.10000 0.03186
0.71701 0.10000 0.03310
0.70162 0.10000 0.03435
0.68456 0.10000 0.03573
0.66845 0.10000 0.03694
0.65058 0.10000 0.03829
0.63390 0.10000 0.03943
0.61539 0.10000 0.04069
0.59645 0.10000 0.04181
0.57937 0.10000 0.04283
0.56209 0.10000 0.04367
0.54291 0.10000 0.04460
0.52563 0.10000 0.04523
0.50646 0.10000 0.04593
0.48938 0.10000 0.04634
0.47043 0.10000 0.04679
0.45375 0.10000 0.04698
0.43525 0.10000 0.04718
0.41914 0.10000 0.04717
0.40127 0.10000 0.04715
0.38420 0.10000 0.04695
0.36882 0.10000 0.04676
0.35428 0.10000 0.04644
0.33814 0.10000 0.04609
0.32453 0.10000 0.04566
0.30943 0.10000 0.04519
0.29680 0.10000 0.04468
0.28278 0.10000 0.04413
0.27116 0.10000 0.04357
0.25827 0.10000 0.04294
0.24766 0.10000 0.04234
0.23588 0.10000 0.04168
0.22625 0.10000 0.04105
0.21557 0.10000 0.04035
0.20593 0.10000 0.03963
0.19725 0.10000 0.03898
0.18945 0.10000 0.03833
0.18081 0.10000 0.03760
0.17384 0.10000 0.03694
0.16611 0.10000 0.03622
0.15924 0.10000 0.03550
0.15304 0.10000 0.03486
0.14694 0.10000 0.03416
0.14143 0.10000 0.03353
0.13603 0.10000 0.03286
0.13116 0.10000 0.03225
0.12639 0.10000 0.03161
0.12209 0.10000 0.03104
0.11788 0.10000 0.03043
0.11409 0.10000 0.02989
0.11038 0.10000 0.02932
0.10704 0.10000 0.02882
0.10378 0.10000 0.02829
0.10084 0.10000 0.02781
0.09825 0.10000 0.02736
0.09538 0.10000 0.02686
0.09311 0.10000 0.02640
0.09059 0.10000 0.02590
0.08859 0.10000 0.02543
0.08637 0.10000 0.02492
0.08400 0.10000 0.02597
0.08086 0.10000 0.02830
0.07720 0.10000 0.03110
0.07414 0.10000 0.03369
0.07148 0.10000 0.03525
0.06836 0.10000 0.03604
0.06644 0.10000 0.03604
0.06398 0.10000 0.03567
0.06252 0.10000 0.03502
0.06071 0.10000 0.03401
0.05958 0.10000 0.03223
0.05847 0.10000 0.03132
0.05800 0.10000 0.02992
0.05710 0.10000 0.02823
0.05646 0.10000 0.02669
0.05602 0.10000 0.02549
0.05562 0.10000 0.02389
0.05534 0.10000 0.02278
0.05504 0.10000 0.02135
0.05489 0.10000 0.02028
0.05464 0.10000 0.01902
0.05453 0.10000 0.01804
0.05429 0.10000 0.01692
0.05419 0.10000 0.01605
0.05397 0.10000 0.01504
0.05387 0.10000 0.01424
0.05367 0.10000 0.01332
0.05357 0.10000 0.01260
0.05340 0.10000 0.01175
0.05331 0.10000 0.01107
0.05315 0.10000 0.01027
0.05305 0.10000 0.00964
0.05290 0.10000 0.00889
0.05284 0.10000 0.00829
0.05275 0.10000 0.00757
0.05266 0.10000 0.00700
0.05258 0.10000 0.00630
0.05255 0.10000 0.00577
0.05251 0.10000 0.00508
0.05241 0.10000 0.00457
0.05249 0.10000 0.00403
0.05253 0.10000 0.00334
0.05238 0.10000 0.00278
0.05234 0.10000 0.00231
0.05242 0.10000 0.00165
0.05256 0.10000 0.00081
0.05265 0.10000 0.00045
0.05275 0.10000 0.00000
0.05273 0.10000 -0.00036
0.05270 0.10000 -0.00080
0.05279 0.10000 -0.00145
0.05291 0.10000 -0.00226
0.05302 0.10000 -0.00271
0.05314 0.10000 -0.00326
0.05323 0.10000 -0.00377
0.05335 0.10000 -0.00440
0.05350 0.10000 -0.00489
0.05368 0.10000 -0.00550
0.05384 0.10000 -0.00600
0.05403 0.10000 -0.00662
0.05423 0.10000 -0.00713
0.05446 0.10000 -0.00777
0.05468 0.10000 -0.00829
0.05495 0.10000 -0.00893
0.05520 0.10000 -0.00947
0.05552 0.10000 -0.01013
0.05579 0.10000 -0.01068
0.05614 0.10000 -0.01137
0.05647 0.10000 -0.01192
0.05688 0.10000 -0.01262
0.05723 0.10000 -0.01321
0.05769 0.10000 -0.01394
0.05810 0.10000 -0.01456
0.05861 0.10000 -0.01532
0.05906 0.10000 -0.01597
0.05963 0.10000 -0.01677
0.06016 0.10000 -0.01744
0.06084 0.10000 -0.01822
0.06157 0.10000 -0.01908
0.06214 0.10000 -0.01981
0.06299 0.10000 -0.02071
0.06365 0.10000 -0.02149
0.06461 0.10000 -0.02244
0.06536 0.10000 -0.02326
0.06647 0.10000 -0.02426
0.06734 0.10000 -0.02512
0.06862 0.10000 -0.02616
0.06964 0.10000 -0.02705
0.07112 0.10000 -0.02810
0.07232 0.10000 -0.02900
0.07402 0.10000 -0.03004
0.07542 0.10000 -0.03093
0.07736 0.10000 -0.03196
0.07897 0.10000 -0.03281
0.08132 0.10000 -0.03343
0.08332 0.10000 -0.03377
0.08606 0.10000 -0.03369
0.08834 0.10000 -0.03364
0.09083 0.10000 -0.03352
0.09374 0.10000 -0.03340
0.09646 0.10000 -0.03341
0.09952 0.10000 -0.03363
0.10309 0.10000 -0.03313
0.10624 0.10000 -0.03263
0.10985 0.10000 -0.03174
0.11387 0.10000 -0.03102
0.11821 0.10000 -0.03098
0.12209 0.10000 -0.03104
0.12639 0.10000 -0.03161
0.13116 0.10000 -0.03225
0.13603 0.10000 -0.03286
0.14143 0.10000 -0.03353
0.14694 0.10000 -0.03416
0.15304 0.10000 -0.03486
0.15924 0.10000 -0.03550
0.16611 0.10000 -0.03622
0.17384 0.10000 -0.03694
0.18081 0.10000 -0.03760
0.18860 0.10000 -0.03825
0.19725 0.10000 -0.03898
0.20688 0.10000 -0.03970
0.21557 0.10000 -0.04035
0.22625 0.10000 -0.04105
0.23588 0.10000 -0.04168
0.24766 0.10000 -0.04234
0.25827 0.10000 -0.04294
0.27116 0.10000 -0.04357
0.28278 0.10000 -0.04413
0.29680 0.10000 -0.04468
0.30943 0.10000 -0.04519
0.32453 0.10000 -0.04566
0.33814 0.10000 -0.04609
0.35428 0.10000 -0.04644
0.36882 0.10000 -0.04676
0.38589 0.10000 -0.04697
0.40127 0.10000 -0.04715
0.41914 0.10000 -0.04717
0.43525 0.10000 -0.04718
0.45193 0.10000 -0.04700
0.47043 0.10000 -0.04679
0.48938 0.10000 -0.04634
0.50646 0.10000 -0.04593
0.52563 0.10000 -0.04523
0.54291 0.10000 -0.04460
0.56209 0.10000 -0.04367
0.57937 0.10000 -0.04283
0.59831 0.10000 -0.04170
0.61539 0.10000 -0.04069
0.63390 0.10000 -0.03943
0.65058 0.10000 -0.03829
0.66845 0.10000 -0.03694
0.68456 0.10000 -0.03573
0.70162 0.10000 -0.03435
0.71701 0.10000 -0.03310
0.73314 0.10000 -0.03173
0.74768 0.10000 -0.03049
0.76279 0.10000 -0.02914
0.77640 0.10000 -0.02793
0.79041 0.10000 -0.02664
0.80304 0.10000 -0.02547
0.81593 0.10000 -0.02423
0.82755 0.10000 -0.02311
0.83933 0.10000 -0.02194
0.84994 0.10000 -0.02088
0.86063 0.10000 -0.01977
0.87026 0.10000 -0.01878
0.87989 0.10000 -0.01774
0.88858 0.10000 -0.01680
0.89723 0.10000 -0.01584
0.90502 0.10000 -0.01497
0.91275 0.10000 -0.01409
0.91971 0.10000 -0.01329
0.92591 0.10000 -0.01256
0.93279 0.10000 -0.01175
0.93889 0.10000 -0.01102
0.94439 0.10000 -0.01035
0.94979 0.10000 -0.00970
0.95466 0.10000 -0.00910
0.95943 0.10000 -0.00852
0.96374 0.10000 -0.00799
0.96794 0.10000 -0.00747
0.97174 0.10000 -0.00700
0.97544 0.10000 -0.00654
0.97878 0.10000 -0.00613
0.98205 0.10000 -0.00572
0.98499 0.10000 -0.00536
0.98785 0.10000 -0.00501
0.99044 0.10000 -0.00469
0.99296 0.10000 -0.00438
0.99524 0.10000 -0.00410
0.99724 0.10000 -0.00386
0.99946 0.10000 -0.00359
1.00122 0.10000 -0.00337
1.00317 0.10000 -0.00313
1.00488 0.10000 -0.00292
1.00643 0.10000 -0.00273
1.00794 0.10000 -0.00254
1.00930 0.10000 -0.00237
1.01063 0.10000 -0.00221
1.01183 0.10000 -0.00206
1.01300 0.10000 -0.00191
1.01405 0.10000 -0.00178
1.01498 0.10000 -0.00167
1.01601 0.10000 -0.00154
1.01683 0.10000 -0.00143
1.01773 0.10000 -0.00132
1.01845 0.10000 -0.00123
1.01925 0.10000 -0.00113
1.01989 0.10000 -0.00105
1.02059 0.10000 -0.00096
1.02115 0.10000 -0.00089
1.02177 0.10000 -0.00081
1.02226 0.10000 -0.00075
1.02280 0.10000 -0.00068
1.02323 0.10000 -0.00062
1.02371 0.10000 -0.00056
1.02413 0.10000 -0.00051
1.02450 0.10000 -0.00046
1.02487 0.10000 -0.00041
1.02519 0.10000 -0.00037
1.02551 0.10000 -0.00033
1.02579 0.10000 -0.00030
1.02607 0.10000 -0.00026
1.02631 0.10000 -0.00023
1.02654 0.10000 -0.00020
1.02675 0.10000 -0.00017
1.02694 0.10000 -0.00015
1.02712 0.10000 -0.00013
1.02728 0.10000 -0.00010
1.02743 0.10000 -0.00009
1.02755 0.10000 -0.00007
1.02767 0.10000 -0.00005
1.02777 0.10000 -0.00004
1.02786 0.10000 -0.00003
1.02793 0.10000 -0.00002
1.02799 0.10000 -0.00001
1.02803 0.10000 -0.00001
1.02807 0.10000 -0.00000
1.02808 0.10000 -0.00000
1.02809 0.10000 0.00000

ZONE T="SLICE_Y_0p75_BINS07_KS_VAR_SINGLE_LAYER"
1.21070 0.75000 0.00000
1.21068 0.75000 0.00000
1.21068 0.75000 0.00000
1.21063 0.75000 0.00001
1.21062 0.75000 0.00001
1.21053 0.75000 0.00002
1.21051 0.75000 0.00002
1.21049 0.75000 0.00003
1.21036 0.75000 0.00004
1.21033 0.75000 0.00005
1.21016 0.75000 0.00007
1.21012 0.75000 0.00007
1.20992 0.75000 0.00010
1.20987 0.75000 0.00011
1.20962 0.75000 0.00014
1.20956 0.75000 0.00015
1.20927 0.75000 0.00018
1.20920 0.75000 0.00019
1.20886 0.75000 0.00024
1.20878 0.75000 0.00025
1.20838 0.75000 0.00030
1.20828 0.75000 0.00031
1.20782 0.75000 0.00037
1.20772 0.75000 0.00038
1.20719 0.75000 0.00045
1.20658 0.75000 0.00053
1.20646 0.75000 0.00054
1.20632 0.75000 0.00056
1.20563 0.75000 0.00065
1.20547 0.75000 0.00067
1.20469 0.75000 0.00077
1.20451 0.75000 0.00079
1.20361 0.75000 0.00090
1.20341 0.75000 0.00093
1.20240 0.75000 0.00106
1.20217 0.75000 0.00109
1.20101 0.75000 0.00123
1.20075 0.75000 0.00127
1.19944 0.75000 0.00143
1.19915 0.75000 0.00147
1.19766 0.75000 0.00165
1.19732 0.75000 0.00169
1.19564 0.75000 0.00190
1.19525 0.75000 0.00195
1.19334 0.75000 0.00219
1.19290 0.75000 0.00224
1.19072 0.75000 0.00251
1.19023 0.75000 0.00257
1.18775 0.75000 0.00287
1.18719 0.75000 0.00294
1.18437 0.75000 0.00329
1.18373 0.75000 0.00337
1.18052 0.75000 0.00376
1.17979 0.75000 0.00385
1.17615 0.75000 0.00430
1.17201 0.75000 0.00481
1.17118 0.75000 0.00491
1.17024 0.75000 0.00503
1.16553 0.75000 0.00561
1.16446 0.75000 0.00574
1.15912 0.75000 0.00640
1.15791 0.75000 0.00655
1.15185 0.75000 0.00730
1.14499 0.75000 0.00813
1.14362 0.75000 0.00830
1.13586 0.75000 0.00923
1.13432 0.75000 0.00942
1.13257 0.75000 0.00962
1.12384 0.75000 0.01065
1.11402 0.75000 0.01178
1.11206 0.75000 0.01200
1.10108 0.75000 0.01322
1.09888 0.75000 0.01347
1.09644 0.75000 0.01373
1.08420 0.75000 0.01505
1.08149 0.75000 0.01533
1.06792 0.75000 0.01674
1.05296 0.75000 0.01823
1.04998 0.75000 0.01853
1.03360 0.75000 0.02010
1.03033 0.75000 0.02041
1.01253 0.75000 0.02206
1.00898 0.75000 0.02239
0.98980 0.75000 0.02409
0.98596 0.75000 0.02443
0.98187 0.75000 0.02478
0.96138 0.75000 0.02653
0.95705 0.75000 0.02688
0.93537 0.75000 0.02864
0.93083 0.75000 0.02898
0.90814 0.75000 0.03069
0.90344 0.75000 0.03101
0.87994 0.75000 0.03261
0.85587 0.75000 0.03404
0.85106 0.75000 0.03432
0.82671 0.75000 0.03551
0.82185 0.75000 0.03574
0.79750 0.75000 0.03663
0.79263 0.75000 0.03681
0.76857 0.75000 0.03739
0.76376 0.75000 0.03750
0.75906 0.75000 0.03755
0.73556 0.75000 0.03782
0.73102 0.75000 0.03781
0.70833 0.75000 0.03779
0.68665 0.75000 0.03753
0.68232 0.75000 0.03748
0.66183 0.75000 0.03703
0.65773 0.75000 0.03694
0.65390 0.75000 0.03682
0.63472 0.75000 0.03622
0.61692 0.75000 0.03551
0.61337 0.75000 0.03536
0.61009 0.75000 0.03521
0.59372 0.75000 0.03442
0.59073 0.75000 0.03425
0.57578 0.75000 0.03340
0.56221 0.75000 0.03251
0.55950 0.75000 0.03234
0.55705 0.75000 0.03215
0.54481 0.75000 0.03124
0.54262 0.75000 0.03106
0.53163 0.75000 0.03013
0.52967 0.75000 0.02995
0.51986 0.75000 0.02903
0.51112 0.75000 0.02812
0.50938 0.75000 0.02794
0.50163 0.75000 0.02705
0.50008 0.75000 0.02687
0.49322 0.75000 0.02602
0.49185 0.75000 0.02585
0.49064 0.75000 0.02569
0.48458 0.75000 0.02488
0.47923 0.75000 0.02411
0.47816 0.75000 0.02395
0.47346 0.75000 0.02324
0.47252 0.75000 0.02310
0.46837 0.75000 0.02243
0.46754 0.75000 0.02229
0.46390 0.75000 0.02165
0.46317 0.75000 0.02152
0.45997 0.75000 0.02089
0.45933 0.75000 0.02076
0.45651 0.75000 0.02010
0.45595 0.75000 0.01997
0.45261 0.75000 0.02154
0.45182 0.75000 0.02204
0.44607 0.75000 0.02872
0.44454 0.75000 0.03033
0.44290 0.75000 0.03154
0.43784 0.75000 0.03506
0.43657 0.75000 0.03506
0.43374 0.75000 0.03480
0.43274 0.75000 0.03428
0.43064 0.75000 0.03321
0.42981 0.75000 0.03251
0.42833 0.75000 0.03121
0.42747 0.75000 0.02929
0.42693 0.75000 0.02844
0.42666 0.75000 0.02746
0.42607 0.75000 0.02543
0.42578 0.75000 0.02455
0.42490 0.75000 0.02335
0.42479 0.75000 0.02163
0.42468 0.75000 0.02076
0.42467 0.75000 0.01913
0.42463 0.75000 0.01837
0.42483 0.75000 0.01671
0.42482 0.75000 0.01604
0.42487 0.75000 0.01545
0.42513 0.75000 0.01391
0.42523 0.75000 0.01335
0.42534 0.75000 0.01210
0.42543 0.75000 0.01161
0.42557 0.75000 0.01045
0.42560 0.75000 0.01004
0.42568 0.75000 0.00899
0.42570 0.75000 0.00863
0.42584 0.75000 0.00764
0.42587 0.75000 0.00730
0.42588 0.75000 0.00639
0.42587 0.75000 0.00610
0.42604 0.75000 0.00523
0.42613 0.75000 0.00494
0.42613 0.75000 0.00409
0.42611 0.75000 0.00381
0.42633 0.75000 0.00302
0.42643 0.75000 0.00278
0.42650 0.75000 0.00200
0.42655 0.75000 0.00166
0.42681 0.75000 0.00072
0.42691 0.75000 0.00054
0.42708 0.75000 -0.00003
0.42706 0.75000 -0.00020
0.42699 0.75000 -0.00072
0.42706 0.75000 -0.00103
0.42727 0.75000 -0.00195
0.42757 0.75000 -0.00264
0.42762 0.75000 -0.00285
0.42767 0.75000 -0.00307
0.42778 0.75000 -0.00383
0.42787 0.75000 -0.00405
0.42814 0.75000 -0.00478
0.42821 0.75000 -0.00500
0.42845 0.75000 -0.00574
0.42854 0.75000 -0.00597
0.42884 0.75000 -0.00672
0.42894 0.75000 -0.00695
0.42926 0.75000 -0.00772
0.42937 0.75000 -0.00796
0.42974 0.75000 -0.00873
0.43017 0.75000 -0.00954
0.43028 0.75000 -0.00979
0.43042 0.75000 -0.01003
0.43088 0.75000 -0.01088
0.43104 0.75000 -0.01114
0.43155 0.75000 -0.01202
0.43173 0.75000 -0.01229
0.43231 0.75000 -0.01320
0.43249 0.75000 -0.01349
0.43315 0.75000 -0.01445
0.43336 0.75000 -0.01474
0.43410 0.75000 -0.01576
0.43435 0.75000 -0.01607
0.43519 0.75000 -0.01713
0.43547 0.75000 -0.01747
0.43644 0.75000 -0.01859
0.43754 0.75000 -0.01979
0.43786 0.75000 -0.02014
0.43913 0.75000 -0.02141
0.43949 0.75000 -0.02178
0.44098 0.75000 -0.02308
0.44141 0.75000 -0.02346
0.44315 0.75000 -0.02485
0.44364 0.75000 -0.02524
0.44421 0.75000 -0.02562
0.44622 0.75000 -0.02697
0.44852 0.75000 -0.02817
0.44915 0.75000 -0.02850
0.44986 0.75000 -0.02879
0.45253 0.75000 -0.02988
0.45335 0.75000 -0.03004
0.45649 0.75000 -0.03050
0.45739 0.75000 -0.03044
0.46100 0.75000 -0.03017
0.46193 0.75000 -0.03014
0.46581 0.75000 -0.03001
0.46680 0.75000 -0.03002
0.47102 0.75000 -0.03022
0.47576 0.75000 -0.03056
0.47683 0.75000 -0.03062
0.48221 0.75000 -0.03104
0.48340 0.75000 -0.03113
0.48475 0.75000 -0.03125
0.49082 0.75000 -0.03175
0.49800 0.75000 -0.03059
0.49953 0.75000 -0.03027
0.50121 0.75000 -0.03002
0.50925 0.75000 -0.02881
0.51102 0.75000 -0.02893
0.51986 0.75000 -0.02903
0.52182 0.75000 -0.02921
0.53163 0.75000 -0.03013
0.53383 0.75000 -0.03032
0.54481 0.75000 -0.03124
0.54726 0.75000 -0.03142
0.55950 0.75000 -0.03234
0.57306 0.75000 -0.03322
0.57578 0.75000 -0.03340
0.59073 0.75000 -0.03425
0.59372 0.75000 -0.03442
0.61009 0.75000 -0.03521
0.61337 0.75000 -0.03536
0.63116 0.75000 -0.03607
0.63472 0.75000 -0.03622
0.65390 0.75000 -0.03682
0.65773 0.75000 -0.03694
0.67822 0.75000 -0.03739
0.68232 0.75000 -0.03748
0.70400 0.75000 -0.03774
0.70833 0.75000 -0.03779
0.73102 0.75000 -0.03781
0.73556 0.75000 -0.03782
0.74025 0.75000 -0.03776
0.76376 0.75000 -0.03750
0.78782 0.75000 -0.03693
0.79263 0.75000 -0.03681
0.81698 0.75000 -0.03592
0.82185 0.75000 -0.03574
0.84620 0.75000 -0.03456
0.85106 0.75000 -0.03432
0.85587 0.75000 -0.03404
0.87994 0.75000 -0.03261
0.90344 0.75000 -0.03101
0.90814 0.75000 -0.03069
0.93083 0.75000 -0.02898
0.93537 0.75000 -0.02864
0.93970 0.75000 -0.02829
0.96138 0.75000 -0.02653
0.96547 0.75000 -0.02618
0.98596 0.75000 -0.02443
1.00514 0.75000 -0.02273
1.00898 0.75000 -0.02239
1.02677 0.75000 -0.02074
1.03033 0.75000 -0.02041
1.04670 0.75000 -0.01884
1.04998 0.75000 -0.01853
1.06493 0.75000 -0.01703
1.06792 0.75000 -0.01674
1.08149 0.75000 -0.01533
1.08420 0.75000 -0.01505
1.09644 0.75000 -0.01373
1.09888 0.75000 -0.01347
1.10987 0.75000 -0.01224
1.11206 0.75000 -0.01200
1.12187 0.75000 -0.01087
1.12384 0.75000 -0.01065
1.13257 0.75000 -0.00962
1.13432 0.75000 -0.00942
1.14207 0.75000 -0.00848
1.14362 0.75000 -0.00830
1.14499 0.75000 -0.00813
1.15185 0.75000 -0.00730
1.15306 0.75000 -0.00715
1.15912 0.75000 -0.00640
1.16019 0.75000 -0.00627
1.16553 0.75000 -0.00561
1.16647 0.75000 -0.00549
1.17118 0.75000 -0.00491
1.17201 0.75000 -0.00481
1.17615 0.75000 -0.00430
1.17688 0.75000 -0.00421
1.18052 0.75000 -0.00376
1.18116 0.75000 -0.00368
1.18437 0.75000 -0.00329
1.18719 0.75000 -0.00294
1.18775 0.75000 -0.00287
1.19023 0.75000 -0.00257
1.19072 0.75000 -0.00251
1.19116 0.75000 -0.00246
1.19334 0.75000 -0.00219
1.19525 0.75000 -0.00195
1.19564 0.75000 -0.00190
1.19732 0.75000 -0.00169
1.19766 0.75000 -0.00165
1.19796 0.75000 -0.00161
1.19944 0.75000 -0.00143
1.19971 0.75000 -0.00140
1.20101 0.75000 -0.00123
1.20124 0.75000 -0.00120
1.20240 0.75000 -0.00106
1.20260 0.75000 -0.00103
1.20361 0.75000 -0.00090
1.20379 0.75000 -0.00088
1.20469 0.75000 -0.00077
1.20484 0.75000 -0.00075
1.20563 0.75000 -0.00065
1.20577 0.75000 -0.00063
1.20646 0.75000 -0.00054
1.20658 0.75000 -0.00053
1.20719 0.75000 -0.00045
1.20772 0.75000 -0.00038
1.20782 0.75000 -0.00037
1.20828 0.75000 -0.00031
1.20838 0.75000 -0.00030
1.20878 0.75000 -0.00025
1.20886 0.75000 -0.00024
1.20920 0.75000 -0.00019
1.20927 0.75000 -0.00018
1.20956 0.75000 -0.00015
1.20962 0.75000 -0.00014
1.20987 0.75000 -0.00011
1.20992 0.75000 -0.00010
1.21012 0.75000 -0.00007
1.21016 0.75000 -0.00007
1.21033 0.75000 -0.00005
1.21036 0.75000 -0.00004
1.21049 0.75000 -0.00003
1.21051 0.75000 -0.00002
1.21060 0.75000 -0.00001
1.21062 0.75000 -0.00001
1.21067 0.75000 -0.00000
1.21068 0.75000 -0.00000
1.21070 0.75000 -0.00000
1.21070 0.75000 0.00000

ZONE T="SLICE_Y_1p4_BINS07_KS_VAR_SINGLE_LAYER"
1.39331 1.40000 0.00000
1.39329 1.40000 0.00000
1.39329 1.40000 0.00000
1.39325 1.40000 0.00001
1.39324 1.40000 0.00001
1.39317 1.40000 0.00002
1.39316 1.40000 0.00002
1.39306 1.40000 0.00003
1.39305 1.40000 0.00003
1.39292 1.40000 0.00005
1.39290 1.40000 0.00005
1.39274 1.40000 0.00007
1.39272 1.40000 0.00008
1.39252 1.40000 0.00010
1.39250 1.40000 0.00010
1.39226 1.40000 0.00013
1.39223 1.40000 0.00014
1.39219 1.40000 0.00014
1.39192 1.40000 0.00018
1.39160 1.40000 0.00022
1.39156 1.40000 0.00022
1.39119 1.40000 0.00027
1.39114 1.40000 0.00028
1.39072 1.40000 0.00033
1.39066 1.40000 0.00034
1.39018 1.40000 0.00040
1.39011 1.40000 0.00041
1.38956 1.40000 0.00048
1.38949 1.40000 0.00049
1.38887 1.40000 0.00057
1.38878 1.40000 0.00058
1.38807 1.40000 0.00067
1.38798 1.40000 0.00068
1.38787 1.40000 0.00069
1.38706 1.40000 0.00080
1.38614 1.40000 0.00091
1.38602 1.40000 0.00093
1.38498 1.40000 0.00106
1.38484 1.40000 0.00107
1.38468 1.40000 0.00109
1.38350 1.40000 0.00124
1.38215 1.40000 0.00141
1.38197 1.40000 0.00143
1.38045 1.40000 0.00162
1.38024 1.40000 0.00165
1.37851 1.40000 0.00186
1.37828 1.40000 0.00189
1.37801 1.40000 0.00192
1.37604 1.40000 0.00216
1.37380 1.40000 0.00244
1.37350 1.40000 0.00247
1.37316 1.40000 0.00252
1.37060 1.40000 0.00283
1.37022 1.40000 0.00288
1.36731 1.40000 0.00323
1.36687 1.40000 0.00329
1.36358 1.40000 0.00369
1.36307 1.40000 0.00376
1.35933 1.40000 0.00422
1.35507 1.40000 0.00475
1.35450 1.40000 0.00482
1.35386 1.40000 0.00490
1.34903 1.40000 0.00549
1.34830 1.40000 0.00558
1.34284 1.40000 0.00624
1.34202 1.40000 0.00634
1.33584 1.40000 0.00708
1.32889 1.40000 0.00790
1.32796 1.40000 0.00801
1.32015 1.40000 0.00891
1.31910 1.40000 0.00903
1.31036 1.40000 0.01000
1.30919 1.40000 0.01013
1.29944 1.40000 0.01118
1.29814 1.40000 0.01132
1.29670 1.40000 0.01147
1.28590 1.40000 0.01259
1.28430 1.40000 0.01275
1.27240 1.40000 0.01394
1.25936 1.40000 0.01519
1.25762 1.40000 0.01536
1.25572 1.40000 0.01553
1.24155 1.40000 0.01684
1.23951 1.40000 0.01702
1.22424 1.40000 0.01838
1.22206 1.40000 0.01857
1.20575 1.40000 0.01996
1.20344 1.40000 0.02015
1.18618 1.40000 0.02154
1.18377 1.40000 0.02172
1.16569 1.40000 0.02309
1.16319 1.40000 0.02326
1.14448 1.40000 0.02453
1.12532 1.40000 0.02567
1.12276 1.40000 0.02582
1.10337 1.40000 0.02676
1.10078 1.40000 0.02689
1.09819 1.40000 0.02698
1.07880 1.40000 0.02769
1.05964 1.40000 0.02815
1.05708 1.40000 0.02821
1.03837 1.40000 0.02842
1.03587 1.40000 0.02845
1.03345 1.40000 0.02845
1.01538 1.40000 0.02843
1.01308 1.40000 0.02840
0.99582 1.40000 0.02819
0.99364 1.40000 0.02815
0.97732 1.40000 0.02779
0.96205 1.40000 0.02731
0.96001 1.40000 0.02724
0.95812 1.40000 0.02717
0.94395 1.40000 0.02660
0.93091 1.40000 0.02598
0.92917 1.40000 0.02589
0.91726 1.40000 0.02522
0.91567 1.40000 0.02513
0.90486 1.40000 0.02442
0.90342 1.40000 0.02433
0.89368 1.40000 0.02360
0.89237 1.40000 0.02350
0.88363 1.40000 0.02277
0.88246 1.40000 0.02267
0.88142 1.40000 0.02257
0.87360 1.40000 0.02184
0.87267 1.40000 0.02174
0.86572 1.40000 0.02102
0.85955 1.40000 0.02031
0.85872 1.40000 0.02022
0.85799 1.40000 0.02013
0.85253 1.40000 0.01945
0.85189 1.40000 0.01936
0.84706 1.40000 0.01871
0.84649 1.40000 0.01863
0.84224 1.40000 0.01802
0.83849 1.40000 0.01745
0.83799 1.40000 0.01737
0.83755 1.40000 0.01730
0.83425 1.40000 0.01677
0.83386 1.40000 0.01670
0.83096 1.40000 0.01619
0.83062 1.40000 0.01612
0.82807 1.40000 0.01562
0.82481 1.40000 0.01845
0.82425 1.40000 0.01895
0.82417 1.40000 0.01902
0.81973 1.40000 0.02515
0.81797 1.40000 0.02737
0.81474 1.40000 0.02997
0.81272 1.40000 0.03148
0.81193 1.40000 0.03152
0.80902 1.40000 0.03172
0.80884 1.40000 0.03164
0.80747 1.40000 0.03118
0.80617 1.40000 0.03074
0.80599 1.40000 0.03068
0.80405 1.40000 0.02921
0.80376 1.40000 0.02892
0.80255 1.40000 0.02678
0.80225 1.40000 0.02646
0.80123 1.40000 0.02445
0.80102 1.40000 0.02404
0.80087 1.40000 0.02357
0.79982 1.40000 0.02204
0.79932 1.40000 0.02042
0.79920 1.40000 0.01995
0.79886 1.40000 0.01827
0.79877 1.40000 0.01794
0.79867 1.40000 0.01621
0.79865 1.40000 0.01596
0.79862 1.40000 0.01429
0.79861 1.40000 0.01415
0.79863 1.40000 0.01403
0.79896 1.40000 0.01233
0.79896 1.40000 0.01232
0.79896 1.40000 0.01232
0.79909 1.40000 0.01086
0.79910 1.40000 0.01078
0.79913 1.40000 0.01068
0.79941 1.40000 0.00934
0.79978 1.40000 0.00813
0.79984 1.40000 0.00788
0.79987 1.40000 0.00765
0.80019 1.40000 0.00659
0.80025 1.40000 0.00630
0.80026 1.40000 0.00551
0.80033 1.40000 0.00521
0.80057 1.40000 0.00448
0.80063 1.40000 0.00413
0.80057 1.40000 0.00351
0.80070 1.40000 0.00295
0.80085 1.40000 0.00260
0.80108 1.40000 0.00211
0.80110 1.40000 0.00173
0.80111 1.40000 0.00107
0.80126 1.40000 0.00065
0.80167 1.40000 0.00033
0.80191 1.40000 0.00000
0.80184 1.40000 -0.00034
0.80164 1.40000 -0.00063
0.80169 1.40000 -0.00114
0.80197 1.40000 -0.00166
0.80219 1.40000 -0.00205
0.80214 1.40000 -0.00243
0.80213 1.40000 -0.00283
0.80230 1.40000 -0.00322
0.80253 1.40000 -0.00359
0.80265 1.40000 -0.00402
0.80274 1.40000 -0.00442
0.80286 1.40000 -0.00483
0.80304 1.40000 -0.00528
0.80321 1.40000 -0.00567
0.80341 1.40000 -0.00614
0.80353 1.40000 -0.00654
0.80367 1.40000 -0.00704
0.80379 1.40000 -0.00745
0.80398 1.40000 -0.00783
0.80422 1.40000 -0.00831
0.80444 1.40000 -0.00872
0.80466 1.40000 -0.00925
0.80487 1.40000 -0.00969
0.80514 1.40000 -0.01024
0.80542 1.40000 -0.01066
0.80574 1.40000 -0.01123
0.80600 1.40000 -0.01174
0.80636 1.40000 -0.01234
0.80667 1.40000 -0.01287
0.80706 1.40000 -0.01354
0.80741 1.40000 -0.01410
0.80786 1.40000 -0.01482
0.80828 1.40000 -0.01538
0.80878 1.40000 -0.01615
0.80928 1.40000 -0.01676
0.80985 1.40000 -0.01753
0.81067 1.40000 -0.01818
0.81123 1.40000 -0.01886
0.81212 1.40000 -0.01979
0.81273 1.40000 -0.02041
0.81347 1.40000 -0.02099
0.81451 1.40000 -0.02195
0.81582 1.40000 -0.02285
0.81659 1.40000 -0.02343
0.81819 1.40000 -0.02438
0.81896 1.40000 -0.02486
0.82091 1.40000 -0.02592
0.82166 1.40000 -0.02630
0.82246 1.40000 -0.02649
0.82479 1.40000 -0.02704
0.82754 1.40000 -0.02718
0.82817 1.40000 -0.02717
0.83149 1.40000 -0.02688
0.83195 1.40000 -0.02688
0.83243 1.40000 -0.02686
0.83601 1.40000 -0.02679
0.84015 1.40000 -0.02693
0.84047 1.40000 -0.02694
0.84081 1.40000 -0.02695
0.84548 1.40000 -0.02716
0.85095 1.40000 -0.02739
0.85114 1.40000 -0.02739
0.85134 1.40000 -0.02740
0.85754 1.40000 -0.02754
0.85763 1.40000 -0.02754
0.86202 1.40000 -0.02767
0.86468 1.40000 -0.02775
0.86473 1.40000 -0.02775
0.86479 1.40000 -0.02775
0.87289 1.40000 -0.02715
0.88142 1.40000 -0.02523
0.88217 1.40000 -0.02504
0.89121 1.40000 -0.02365
0.89237 1.40000 -0.02350
0.90212 1.40000 -0.02423
0.90342 1.40000 -0.02433
0.91422 1.40000 -0.02503
0.91567 1.40000 -0.02513
0.92758 1.40000 -0.02580
0.92917 1.40000 -0.02589
0.93091 1.40000 -0.02598
0.94395 1.40000 -0.02660
0.95812 1.40000 -0.02717
0.96001 1.40000 -0.02724
0.97528 1.40000 -0.02772
0.97732 1.40000 -0.02779
0.97950 1.40000 -0.02783
0.99582 1.40000 -0.02819
1.01308 1.40000 -0.02840
1.01538 1.40000 -0.02843
1.03345 1.40000 -0.02845
1.03587 1.40000 -0.02845
1.03837 1.40000 -0.02842
1.05708 1.40000 -0.02821
1.07624 1.40000 -0.02775
1.07880 1.40000 -0.02769
1.09819 1.40000 -0.02698
1.10078 1.40000 -0.02689
1.12017 1.40000 -0.02595
1.12276 1.40000 -0.02582
1.14192 1.40000 -0.02469
1.14448 1.40000 -0.02453
1.14698 1.40000 -0.02436
1.16569 1.40000 -0.02309
1.18377 1.40000 -0.02172
1.18618 1.40000 -0.02154
1.20344 1.40000 -0.02015
1.20575 1.40000 -0.01996
1.22206 1.40000 -0.01857
1.22424 1.40000 -0.01838
1.23951 1.40000 -0.01702
1.24155 1.40000 -0.01684
1.24345 1.40000 -0.01667
1.25762 1.40000 -0.01536
1.25936 1.40000 -0.01519
1.27240 1.40000 -0.01394
1.28430 1.40000 -0.01275
1.28590 1.40000 -0.01259
1.28734 1.40000 -0.01244
1.29814 1.40000 -0.01132
1.30789 1.40000 -0.01027
1.30919 1.40000 -0.01013
1.31793 1.40000 -0.00916
1.31910 1.40000 -0.00903
1.32692 1.40000 -0.00813
1.32796 1.40000 -0.00801
1.32889 1.40000 -0.00790
1.33584 1.40000 -0.00708
1.33667 1.40000 -0.00698
1.34284 1.40000 -0.00624
1.34357 1.40000 -0.00615
1.34903 1.40000 -0.00549
1.34968 1.40000 -0.00541
1.35450 1.40000 -0.00482
1.35507 1.40000 -0.00475
1.35933 1.40000 -0.00422
1.36307 1.40000 -0.00376
1.36358 1.40000 -0.00369
1.36687 1.40000 -0.00329
1.36731 1.40000 -0.00323
1.37022 1.40000 -0.00288
1.37060 1.40000 -0.00283
1.37316 1.40000 -0.00252
1.37350 1.40000 -0.00247
1.37574 1.40000 -0.00220
1.37604 1.40000 -0.00216
1.37801 1.40000 -0.00192
1.37828 1.40000 -0.00189
1.38001 1.40000 -0.00167
1.38024 1.40000 -0.00165
1.38177 1.40000 -0.00146
1.38197 1.40000 -0.00143
1.38332 1.40000 -0.00126
1.38350 1.40000 -0.00124
1.38468 1.40000 -0.00109
1.38484 1.40000 -0.00107
1.38588 1.40000 -0.00094
1.38602 1.40000 -0.00093
1.38694 1.40000 -0.00081
1.38706 1.40000 -0.00080
1.38787 1.40000 -0.00069
1.38798 1.40000 -0.00068
1.38869 1.40000 -0.00059
1.38878 1.40000 -0.00058
1.38941 1.40000 -0.00050
1.38949 1.40000 -0.00049
1.38956 1.40000 -0.00048
1.39011 1.40000 -0.00041
1.39018 1.40000 -0.00040
1.39066 1.40000 -0.00034
1.39108 1.40000 -0.00029
1.39114 1.40000 -0.00028
1.39119 1.40000 -0.00027
1.39156 1.40000 -0.00022
1.39188 1.40000 -0.00018
1.39192 1.40000 -0.00018
1.39219 1.40000 -0.00014
1.39223 1.40000 -0.00014
1.39246 1.40000 -0.00011
1.39250 1.40000 -0.00010
1.39269 1.40000 -0.00008
1.39272 1.40000 -0.00008
1.39274 1.40000 -0.00007
1.39290 1.40000 -0.00005
1.39292 1.40000 -0.00005
1.39305 1.40000 -0.00003
1.39315 1.40000 -0.00002
1.39316 1.40000 -0.00002
1.39317 1.40000 -0.00002
1.39324 1.40000 -0.00001
1.39328 1.40000 -0.00000
1.39329 1.40000 -0.00000
1.39330 1.40000 -0.00000
1.39331 1.40000 0.00000

ZONE T="SLICE_Y_0p1_BINS15_KS_VAR_SINGLE_LAYER"
-999 -999 -999

ZONE T="SLICE_Y_0p75_BINS15_KS_VAR_SINGLE_LAYER"
-999 -999 -999

ZONE T="SLICE_Y_1p4_BINS15_KS_VAR_SINGLE_LAYER"
-999 -999 -999

