#+++++++++++++++++++++++++++++++++++++++++++++++++++++++++++++++++++++++++++++++++++++++++++++++++++++++++++++++++++++++++++++++++
#
#   IPW-3 Cut/Slice DATA SUBMITTAL FORM for Test Case ONERAM6, May 18th 2026
#
#       NOMENCLATURE:
#                  X [m]:  X-coordinate of the surface (clean for reference)
#                  Y [m]:  Y-coordinate of the surface (clean for reference)
#                  Z [m]:  Z-coordinate of the surface (clean for reference)
#                 Cp [-]:  Pressure coefficient
#            HTC [W/m2K]:  Convective Heat Transfer Coefficient (on the rough surface)
#               Beta [-]:  Collection efficiency
#                 Ts [K]:  Surface temperature
#                 FF [-]:  Freezing fraction
#                  k [m]:  Surface roughness height if variable (OPTIONAL)
#         RhoIce [kg/m3]:  Ice density (OPTIONAL)
#      HTC_CLEAN [W/m2K]:  Convective Heat Transfer Coefficient on the surface without roughness (OPTIONAL)
#
#                XXmm:  Roughness height used for the case, in mm.
#                       In the zone name, use the format KS_XXmm.
#                       For example, if k_s = 1.5 mm, use KS_1p5mm. 
#                       For Variable roughness, use KS_VAR
#
#
#    FLOW CONDITIONS:
#                                   AOA: 2.0 deg
#                           Mach Number: 0.4 [-]
#       Mean aerodynamic chord (M.A.C.): 0.801673 [m]
#                       Reynolds Number: 4.2558 million (based on MAC)
#                       Freestream Temp: 267.15 [K]
#                        Reference area: 1.1532 [m2]
#               Moment Reference Center: 0.25, 0, 0 [m] (X, Y, Z)
#
#    ICING CONDITIONS:
#                           Icing Time: 1350 [s]
#                                  LWC: 0.51 [g/m3]
#                                  MVD: 20 [μm]
#
#              NOTES: 1. Please use at least 5 decimal places in the numerical values
#                     2. If data are NOT provided, please fill data fields with a numerical value of "-999" 
#
#++++++++++++++++++++++++++++++++++++++++++++++++++++++++++++++++++++++++++++++++++++++++++++++++++++++++++++++++++++
             
VARIABLES = "X" "Y" "Z" "Cp" "HTC" "Beta" "Ts" "FF" "k" "RhoIce" "HTC_CLEAN"

ZONE T="SLICE_Y_0p1_BINS01_KS_0p5mm_CUTDATA"
-999 -999 -999 -999 -999 -999 -999 -999 -999 -999 -999

ZONE T="SLICE_Y_0p75_BINS01_KS_0p5mm_CUTDATA"
-999 -999 -999 -999 -999 -999 -999 -999 -999 -999 -999

ZONE T="SLICE_Y_1p4_BINS01_KS_0p5mm_CUTDATA"
-999 -999 -999 -999 -999 -999 -999 -999 -999 -999 -999

ZONE T="SLICE_Y_0p1_BINS03_KS_0p5mm_CUTDATA"
-999 -999 -999 -999 -999 -999 -999 -999 -999 -999 -999

ZONE T="SLICE_Y_0p75_BINS03_KS_0p5mm_CUTDATA"
-999 -999 -999 -999 -999 -999 -999 -999 -999 -999 -999

ZONE T="SLICE_Y_1p4_BINS03_KS_0p5mm_CUTDATA"
-999 -999 -999 -999 -999 -999 -999 -999 -999 -999 -999

ZONE T="SLICE_Y_0p1_BINS07_KS_0p5mm_CUTDATA"
1.02809 0.10000 0.00000 -0.29692 746.87914 0.00000 279.99888 -1.00000 -999 -999 -999
1.02783 0.10000 0.00003 -0.02300 588.50674 0.00000 280.10251 -1.00000 -999 -999 -999
1.02767 0.10000 0.00005 0.18507 437.13477 0.00000 280.20578 -1.00000 -999 -999 -999
1.02682 0.10000 0.00016 0.16849 208.11365 0.00000 280.37358 -1.00000 -999 -999 -999
1.02631 0.10000 0.00023 0.14933 110.92208 0.00000 280.44716 -1.00000 -999 -999 -999
1.02534 0.10000 0.00035 0.14847 113.29788 0.00000 280.43935 -1.00000 -999 -999 -999
1.02371 0.10000 0.00056 0.14505 119.39105 0.00000 280.42238 -1.00000 -999 -999 -999
1.02205 0.10000 0.00077 0.14072 121.55454 0.00000 280.41688 -1.00000 -999 -999 -999
1.01925 0.10000 0.00113 0.13191 125.97932 0.00000 280.40476 -1.00000 -999 -999 -999
1.01649 0.10000 0.00148 0.12627 128.64510 0.00000 280.39691 -1.00000 -999 -999 -999
1.01183 0.10000 0.00206 0.11545 133.12264 0.00000 280.38281 -1.00000 -999 -999 -999
1.00723 0.10000 0.00263 0.10689 136.13868 0.00000 280.37292 -1.00000 -999 -999 -999
0.99946 0.10000 0.00359 0.09152 141.58141 0.00000 280.35425 -1.00000 -999 -999 -999
0.99177 0.10000 0.00453 0.07841 145.71503 0.00000 280.34023 -1.00000 -999 -999 -999
0.97878 0.10000 0.00613 0.05495 153.43070 0.00000 280.31366 -1.00000 -999 -999 -999
0.96600 0.10000 0.00770 0.03554 160.87146 0.00000 280.28906 -1.00000 -999 -999 -999
0.94439 0.10000 0.01035 0.00272 168.31979 0.00000 280.26239 -1.00000 -999 -999 -999
0.90933 0.10000 0.01441 -0.03262 178.36118 0.00000 280.22846 -1.00000 -999 -999 -999
0.88858 0.10000 0.01680 -0.05565 186.03677 0.00000 280.20320 -1.00000 -999 -999 -999
0.85678 0.10000 0.02003 -0.08077 192.04810 0.00000 280.18081 -1.00000 -999 -999 -999
0.80304 0.10000 0.02547 -0.11838 205.08424 0.00000 280.13331 -1.00000 -999 -999 -999
0.75899 0.10000 0.02928 -0.14916 212.60538 0.00000 280.10658 -1.00000 -999 -999 -999
0.68456 0.10000 0.03573 -0.19620 224.25741 0.00000 280.06564 -1.00000 -999 -999 -999
0.63190 0.10000 0.03903 -0.22224 232.79101 0.00000 280.04173 -1.00000 -999 -999 -999
0.54291 0.10000 0.04460 -0.26323 245.50042 0.00000 280.00854 -1.00000 -999 -999 -999
0.49026 0.10000 0.04555 -0.27466 254.95035 0.00000 279.99228 -1.00000 -999 -999 -999
0.40127 0.10000 0.04715 -0.28816 269.49866 0.00000 279.97222 -1.00000 -999 -999 -999
0.35722 0.10000 0.04603 -0.29351 280.36617 0.00000 279.96056 -1.00000 -999 -999 -999
0.28278 0.10000 0.04413 -0.29336 298.26940 0.00000 279.94554 -1.00000 -999 -999 -999
0.25099 0.10000 0.04221 -0.30163 310.99434 0.00000 279.93252 -1.00000 -999 -999 -999
0.19725 0.10000 0.03898 -0.30849 331.51425 0.00000 279.91391 -1.00000 -999 -999 -999
0.17650 0.10000 0.03696 -0.32357 346.06648 0.00000 279.89641 -1.00000 -999 -999 -999
0.14143 0.10000 0.03353 -0.33970 364.16816 0.00000 279.87495 -1.00000 -999 -999 -999
0.11983 0.10000 0.03057 -0.40224 387.37589 0.00000 279.83294 -1.00000 -999 -999 -999
0.10704 0.10000 0.02882 -0.44478 410.70375 0.00000 279.78778 -1.00000 -999 -999 -999
0.09405 0.10000 0.02637 -0.53421 449.44627 0.00907 278.01955 -0.59358 -999 -999 -999
0.08637 0.10000 0.02492 -0.59046 481.66574 0.02028 275.77997 -0.07308 -999 -999 -999
0.07860 0.10000 0.02215 -0.56259 523.99445 0.07662 272.71291 0.69306 -999 -999 -999
0.07400 0.10000 0.02052 -0.55927 549.51809 0.13069 272.11743 0.91398 -999 -999 -999
0.06933 0.10000 0.01754 -0.38824 567.44655 0.23919 272.89177 0.74128 -999 -999 -999
0.06657 0.10000 0.01578 -0.29678 570.78129 0.30530 273.15000 0.59921 -999 -999 -999
0.06377 0.10000 0.01297 -0.05616 550.56411 0.39470 273.15000 0.38852 -999 -999 -999
0.06212 0.10000 0.01130 0.08193 532.06176 0.44609 273.15000 0.28155 -999 -999 -999
0.06048 0.10000 0.00875 0.32236 486.01502 0.51769 273.15000 0.19359 -999 -999 -999
0.05952 0.10000 0.00724 0.44679 465.03790 0.54925 273.15000 0.15694 -999 -999 -999
0.05901 0.10000 0.00587 0.55112 442.74562 0.57538 273.15000 0.13467 -999 -999 -999
0.05816 0.10000 0.00355 0.75338 405.35996 0.61927 273.15000 0.09727 -999 -999 -999
0.05789 0.10000 0.00132 0.87684 388.76927 0.63765 273.15000 0.08741 -999 -999 -999
0.05773 0.10000 0.00000 0.94183 369.55848 0.65240 273.15000 0.07594 -999 -999 -999
0.05800 0.10000 -0.00223 0.95575 352.34192 0.65320 273.15000 0.07041 -999 -999 -999
0.05816 0.10000 -0.00355 0.97591 341.69083 0.65156 273.15000 0.06716 -999 -999 -999
0.05901 0.10000 -0.00587 0.88538 339.84664 0.62963 273.15000 0.07115 -999 -999 -999
0.05952 0.10000 -0.00724 0.85624 342.62006 0.61421 273.15000 0.07497 -999 -999 -999
0.06115 0.10000 -0.00979 0.69103 361.91354 0.57208 273.15000 0.09244 -999 -999 -999
0.06212 0.10000 -0.01130 0.62312 381.98297 0.54128 273.15000 0.10886 -999 -999 -999
0.06492 0.10000 -0.01412 0.41963 415.43217 0.47537 273.15000 0.15361 -999 -999 -999
0.06657 0.10000 -0.01578 0.31781 435.62973 0.42526 273.15000 0.19229 -999 -999 -999
0.07124 0.10000 -0.01876 0.13455 457.42388 0.33326 273.15000 0.32077 -999 -999 -999
0.07400 0.10000 -0.02052 0.03833 460.29553 0.26937 273.15000 0.42486 -999 -999 -999
0.08177 0.10000 -0.02328 -0.04688 451.03656 0.16948 272.87134 0.64939 -999 -999 -999
0.08637 0.10000 -0.02492 -0.09487 436.45584 0.11116 272.54708 0.79556 -999 -999 -999
0.09936 0.10000 -0.02737 -0.07604 403.15644 0.04942 273.50270 0.33754 -999 -999 -999
0.10704 0.10000 -0.02882 -0.07309 386.42083 0.02456 274.07189 -0.07807 -999 -999 -999
0.11983 0.10000 -0.03057 -0.06966 372.47606 0.01690 275.60311 -0.39037 -999 -999 -999
0.14143 0.10000 -0.03353 -0.06034 342.29897 0.00444 278.43453 -1.00000 -999 -999 -999
0.16218 0.10000 -0.03556 -0.07051 330.59523 0.00220 279.25906 -1.00000 -999 -999 -999
0.19725 0.10000 -0.03898 -0.08903 311.21802 0.00038 279.93548 -1.00000 -999 -999 -999
0.22905 0.10000 -0.04089 -0.10048 299.72623 0.00011 280.03902 -1.00000 -999 -999 -999
0.28278 0.10000 -0.04413 -0.12218 285.90602 0.00000 280.07983 -1.00000 -999 -999 -999
0.35722 0.10000 -0.04603 -0.14456 274.40106 0.00000 280.07619 -1.00000 -999 -999 -999
0.40127 0.10000 -0.04715 -0.15531 264.19996 0.00000 280.07428 -1.00000 -999 -999 -999
0.49026 0.10000 -0.04555 -0.16275 251.72576 0.00000 280.07725 -1.00000 -999 -999 -999
0.54291 0.10000 -0.04460 -0.16527 243.60425 0.00000 280.08223 -1.00000 -999 -999 -999
0.63190 0.10000 -0.03903 -0.14494 230.49250 0.00000 280.10646 -1.00000 -999 -999 -999
0.68456 0.10000 -0.03573 -0.13103 223.26396 0.00000 280.12122 -1.00000 -999 -999 -999
0.72860 0.10000 -0.03192 -0.10946 216.67164 0.00000 280.13992 -1.00000 -999 -999 -999
0.80304 0.10000 -0.02547 -0.07702 204.76919 0.00000 280.17480 -1.00000 -999 -999 -999
0.83484 0.10000 -0.02225 -0.05851 198.84702 0.00000 280.19268 -1.00000 -999 -999 -999
0.88858 0.10000 -0.01680 -0.03124 191.82749 0.00000 280.21391 -1.00000 -999 -999 -999
0.92364 0.10000 -0.01275 -0.00328 185.09428 0.00000 280.23672 -1.00000 -999 -999 -999
0.94439 0.10000 -0.01035 0.01525 179.41350 0.00000 280.25585 -1.00000 -999 -999 -999
0.96600 0.10000 -0.00770 0.04368 170.86929 0.00000 280.28396 -1.00000 -999 -999 -999
0.97878 0.10000 -0.00613 0.06068 165.22664 0.00000 280.30156 -1.00000 -999 -999 -999
0.99177 0.10000 -0.00453 0.08185 158.32429 0.00000 280.32470 -1.00000 -999 -999 -999
0.99946 0.10000 -0.00359 0.09388 154.17224 0.00000 280.33821 -1.00000 -999 -999 -999
1.00723 0.10000 -0.00263 0.10810 149.35980 0.00000 280.35469 -1.00000 -999 -999 -999
1.01183 0.10000 -0.00206 0.11624 146.47472 0.00000 280.36424 -1.00000 -999 -999 -999
1.01649 0.10000 -0.00148 0.12664 142.47300 0.00000 280.37692 -1.00000 -999 -999 -999
1.01925 0.10000 -0.00113 0.13228 139.96433 0.00000 280.38445 -1.00000 -999 -999 -999
1.02205 0.10000 -0.00077 0.14142 135.89299 0.00000 280.39559 -1.00000 -999 -999 -999
1.02371 0.10000 -0.00056 0.14588 133.59278 0.00000 280.40169 -1.00000 -999 -999 -999
1.02534 0.10000 -0.00035 0.14960 129.29936 0.00000 280.41252 -1.00000 -999 -999 -999
1.02631 0.10000 -0.00023 0.15107 126.33488 0.00000 280.42097 -1.00000 -999 -999 -999
1.02716 0.10000 -0.00012 0.17339 196.16380 0.00000 280.37214 -1.00000 -999 -999 -999
1.02767 0.10000 -0.00005 0.19596 291.42296 0.00000 280.30560 -1.00000 -999 -999 -999
1.02794 0.10000 -0.00002 -0.08477 598.73445 0.00000 280.10129 -1.00000 -999 -999 -999
1.02809 0.10000 0.00000 -0.29692 746.87914 0.00000 279.99888 -1.00000 -999 -999 -999

ZONE T="SLICE_Y_0p75_BINS07_KS_0p5mm_CUTDATA"
1.21070 0.75000 0.00000 -0.34758 758.56294 0.00000 279.98322 -1.00000 -999 -999 -999
1.21060 0.75000 0.00001 -0.19987 651.71446 0.00000 280.05675 -1.00000 -999 -999 -999
1.21036 0.75000 0.00004 0.19841 290.01356 0.00000 280.30305 -1.00000 -999 -999 -999
1.21005 0.75000 0.00008 0.18582 221.52488 0.00000 280.35430 -1.00000 -999 -999 -999
1.20927 0.75000 0.00018 0.15274 113.93506 0.00000 280.44491 -1.00000 -999 -999 -999
1.20778 0.75000 0.00038 0.15148 118.89841 0.00000 280.42962 -1.00000 -999 -999 -999
1.20719 0.75000 0.00045 0.15101 120.53379 0.00000 280.42461 -1.00000 -999 -999 -999
1.20617 0.75000 0.00058 0.14829 121.83805 0.00000 280.42094 -1.00000 -999 -999 -999
1.20361 0.75000 0.00090 0.14119 125.27534 0.00000 280.41125 -1.00000 -999 -999 -999
1.20193 0.75000 0.00112 0.13771 126.93286 0.00000 280.40626 -1.00000 -999 -999 -999
1.19766 0.75000 0.00165 0.12870 131.29942 0.00000 280.39326 -1.00000 -999 -999 -999
1.19485 0.75000 0.00200 0.12336 133.38805 0.00000 280.38650 -1.00000 -999 -999 -999
1.18775 0.75000 0.00287 0.10950 139.57464 0.00000 280.36678 -1.00000 -999 -999 -999
1.18305 0.75000 0.00345 0.10122 142.67329 0.00000 280.35693 -1.00000 -999 -999 -999
1.17118 0.75000 0.00491 0.07967 151.49053 0.00000 280.32919 -1.00000 -999 -999 -999
1.15144 0.75000 0.00734 0.04677 162.30361 0.00000 280.29654 -1.00000 -999 -999 -999
1.14362 0.75000 0.00830 0.03418 166.82634 0.00000 280.28264 -1.00000 -999 -999 -999
1.11158 0.75000 0.01200 -0.00670 180.25364 0.00000 280.23986 -1.00000 -999 -999 -999
1.09888 0.75000 0.01347 -0.02226 184.60982 0.00000 280.22595 -1.00000 -999 -999 -999
1.07943 0.75000 0.01544 -0.03993 189.23665 0.00000 280.21029 -1.00000 -999 -999 -999
1.03033 0.75000 0.02041 -0.08673 203.21862 0.00000 280.16334 -1.00000 -999 -999 -999
1.00338 0.75000 0.02275 -0.10947 209.48631 0.00000 280.14139 -1.00000 -999 -999 -999
0.93537 0.75000 0.02864 -0.17038 225.12931 0.00000 280.08856 -1.00000 -999 -999 -999
0.85406 0.75000 0.03373 -0.22781 242.96974 0.00000 280.03762 -1.00000 -999 -999 -999
0.82185 0.75000 0.03574 -0.24888 250.10395 0.00000 280.01695 -1.00000 -999 -999 -999
0.74054 0.75000 0.03721 -0.28256 267.38787 0.00000 279.98226 -1.00000 -999 -999 -999
0.70833 0.75000 0.03779 -0.29449 274.86582 0.00000 279.96811 -1.00000 -999 -999 -999
0.64031 0.75000 0.03605 -0.31867 298.34578 0.00000 279.93470 -1.00000 -999 -999 -999
0.61337 0.75000 0.03536 -0.32693 306.48886 0.00000 279.92338 -1.00000 -999 -999 -999
0.56427 0.75000 0.03241 -0.35727 333.61925 0.00000 279.88600 -1.00000 -999 -999 -999
0.54481 0.75000 0.03124 -0.36786 342.81104 0.00000 279.87363 -1.00000 -999 -999 -999
0.51277 0.75000 0.02811 -0.41189 375.75211 0.00000 279.81720 -1.00000 -999 -999 -999
0.50008 0.75000 0.02687 -0.42762 386.34819 0.00000 279.79974 -1.00000 -999 -999 -999
0.49226 0.75000 0.02580 -0.46406 402.05736 0.00000 279.76832 -1.00000 -999 -999 -999
0.47252 0.75000 0.02310 -0.56388 438.36591 0.00000 279.69430 -1.00000 -999 -999 -999
0.46065 0.75000 0.02086 -0.69173 497.80825 0.01745 276.52711 -0.27279 -999 -999 -999
0.45595 0.75000 0.01997 -0.73873 515.15875 0.02223 275.57290 -0.05456 -999 -999 -999
0.45313 0.75000 0.01897 -0.74213 539.88943 0.05163 274.39478 0.27254 -999 -999 -999
0.44603 0.75000 0.01644 -0.75298 610.41307 0.15318 272.18652 0.99559 -999 -999 -999
0.44177 0.75000 0.01373 -0.58379 632.13376 0.26757 272.75324 0.80672 -999 -999 -999
0.44008 0.75000 0.01265 -0.52017 645.37671 0.31900 273.07992 0.73452 -999 -999 -999
0.43752 0.75000 0.01008 -0.24816 629.23072 0.42210 273.13088 0.46549 -999 -999 -999
0.43651 0.75000 0.00906 -0.14680 623.32301 0.46056 273.15000 0.36374 -999 -999 -999
0.43502 0.75000 0.00673 0.10436 574.33642 0.53467 273.15000 0.25236 -999 -999 -999
0.43442 0.75000 0.00580 0.19764 556.33083 0.56239 273.15000 0.21078 -999 -999 -999
0.43412 0.75000 0.00496 0.27800 535.79834 0.58205 273.15000 0.18992 -999 -999 -999
0.43333 0.75000 0.00284 0.49551 480.61411 0.63387 273.15000 0.13365 -999 -999 -999
0.43324 0.75000 0.00204 0.54844 463.05748 0.64325 273.15000 0.12347 -999 -999 -999
0.43300 0.75000 0.00000 0.69316 415.63758 0.66888 273.15000 0.09584 -999 -999 -999
0.43309 0.75000 -0.00081 0.71391 406.79850 0.66887 273.15000 0.09247 -999 -999 -999
0.43333 0.75000 -0.00284 0.77250 382.03698 0.66676 273.15000 0.08315 -999 -999 -999
0.43364 0.75000 -0.00368 0.75718 384.48321 0.65613 273.15000 0.08561 -999 -999 -999
0.43442 0.75000 -0.00580 0.71910 389.30921 0.62990 273.15000 0.09134 -999 -999 -999
0.43502 0.75000 -0.00673 0.67456 400.78085 0.61138 273.15000 0.10068 -999 -999 -999
0.43651 0.75000 -0.00906 0.55764 430.76092 0.56163 273.15000 0.12495 -999 -999 -999
0.43907 0.75000 -0.01163 0.37124 464.63913 0.48099 273.15000 0.18087 -999 -999 -999
0.44008 0.75000 -0.01265 0.30094 477.51499 0.45067 273.15000 0.20252 -999 -999 -999
0.44434 0.75000 -0.01537 0.11825 487.41816 0.34035 273.15000 0.33650 -999 -999 -999
0.44603 0.75000 -0.01644 0.04978 490.61901 0.29891 273.15000 0.38934 -999 -999 -999
0.45313 0.75000 -0.01897 -0.04856 471.20534 0.19412 272.88435 0.62698 -999 -999 -999
0.45595 0.75000 -0.01997 -0.08483 461.70033 0.15131 272.75319 0.72881 -999 -999 -999
0.46781 0.75000 -0.02221 -0.08721 424.78920 0.07825 272.22392 0.93792 -999 -999 -999
0.47252 0.75000 -0.02310 -0.08743 410.99025 0.05370 272.02310 1.00000 -999 -999 -999
0.49226 0.75000 -0.02580 -0.08549 375.38121 0.02605 273.86944 0.27279 -999 -999 -999
0.50008 0.75000 -0.02687 -0.08435 363.41600 0.01744 274.71309 0.00000 -999 -999 -999
0.51277 0.75000 -0.02811 -0.09185 354.67629 0.01427 275.79186 -0.27279 -999 -999 -999
0.54481 0.75000 -0.03124 -0.11260 330.85029 0.00376 278.62880 -1.00000 -999 -999 -999
0.59391 0.75000 -0.03419 -0.13301 310.98672 0.00084 279.73761 -1.00000 -999 -999 -999
0.61337 0.75000 -0.03536 -0.14052 302.80285 0.00007 280.03087 -1.00000 -999 -999 -999
0.68138 0.75000 -0.03710 -0.15652 285.71072 0.00000 280.05830 -1.00000 -999 -999 -999
0.70833 0.75000 -0.03779 -0.16255 278.75964 0.00000 280.06051 -1.00000 -999 -999 -999
0.78963 0.75000 -0.03632 -0.16113 260.98229 0.00000 280.07055 -1.00000 -999 -999 -999
0.82185 0.75000 -0.03574 -0.16077 254.58752 0.00000 280.07565 -1.00000 -999 -999 -999
0.90315 0.75000 -0.03065 -0.12888 238.64909 0.00000 280.10289 -1.00000 -999 -999 -999
0.93537 0.75000 -0.02864 -0.11716 233.02397 0.00000 280.11410 -1.00000 -999 -999 -999
1.00338 0.75000 -0.02275 -0.07389 219.64491 0.00000 280.15166 -1.00000 -999 -999 -999
1.03033 0.75000 -0.02041 -0.05777 214.90849 0.00000 280.16566 -1.00000 -999 -999 -999
1.07943 0.75000 -0.01544 -0.02240 203.08010 0.00000 280.20239 -1.00000 -999 -999 -999
1.09888 0.75000 -0.01347 -0.00914 198.76636 0.00000 280.21588 -1.00000 -999 -999 -999
1.13092 0.75000 -0.00977 0.02475 184.18947 0.00000 280.25859 -1.00000 -999 -999 -999
1.14362 0.75000 -0.00830 0.03754 179.72268 0.00000 280.27174 -1.00000 -999 -999 -999
1.15144 0.75000 -0.00734 0.04891 176.11270 0.00000 280.28242 -1.00000 -999 -999 -999
1.17118 0.75000 -0.00491 0.07889 162.77411 0.00000 280.32084 -1.00000 -999 -999 -999
1.17588 0.75000 -0.00433 0.08681 159.66529 0.00000 280.33042 -1.00000 -999 -999 -999
1.18775 0.75000 -0.00287 0.10762 153.40415 0.00000 280.35038 -1.00000 -999 -999 -999
1.19485 0.75000 -0.00200 0.12159 148.96298 0.00000 280.36422 -1.00000 -999 -999 -999
1.19766 0.75000 -0.00165 0.12692 146.77411 0.00000 280.37122 -1.00000 -999 -999 -999
1.20193 0.75000 -0.00112 0.13650 142.07405 0.00000 280.38490 -1.00000 -999 -999 -999
1.20361 0.75000 -0.00090 0.14016 140.40876 0.00000 280.38980 -1.00000 -999 -999 -999
1.20463 0.75000 -0.00078 0.14307 139.17443 0.00000 280.39327 -1.00000 -999 -999 -999
1.20719 0.75000 -0.00045 0.15072 135.68050 0.00000 280.40303 -1.00000 -999 -999 -999
1.20778 0.75000 -0.00038 0.15173 133.80064 0.00000 280.40888 -1.00000 -999 -999 -999
1.20927 0.75000 -0.00018 0.15444 127.44462 0.00000 280.42872 -1.00000 -999 -999 -999
1.20958 0.75000 -0.00014 0.16957 194.65904 0.00000 280.38094 -1.00000 -999 -999 -999
1.21036 0.75000 -0.00004 0.20934 469.92873 0.00000 280.18519 -1.00000 -999 -999 -999
1.21046 0.75000 -0.00003 0.05862 574.13192 0.00000 280.11348 -1.00000 -999 -999 -999
1.21070 0.75000 0.00000 -0.34758 758.56294 0.00000 279.98322 -1.00000 -999 -999 -999

ZONE T="SLICE_Y_1p4_BINS07_KS_0p5mm_CUTDATA"
1.39331 1.40000 0.00000 -0.41463 812.16452 0.00000 279.94958 -1.00000 -999 -999 -999
1.39325 1.40000 0.00001 -0.29058 727.18726 0.00000 280.00786 -1.00000 -999 -999 -999
1.39305 1.40000 0.00003 0.19517 393.50045 0.00000 280.23395 -1.00000 -999 -999 -999
1.39288 1.40000 0.00005 0.18514 338.67717 0.00000 280.27420 -1.00000 -999 -999 -999
1.39223 1.40000 0.00014 0.14586 119.88936 0.00000 280.43183 -1.00000 -999 -999 -999
1.39099 1.40000 0.00030 0.14393 124.81673 0.00000 280.41582 -1.00000 -999 -999 -999
1.39066 1.40000 0.00034 0.14354 126.04349 0.00000 280.41201 -1.00000 -999 -999 -999
1.38853 1.40000 0.00061 0.13570 129.21237 0.00000 280.40328 -1.00000 -999 -999 -999
1.38798 1.40000 0.00068 0.13373 130.12230 0.00000 280.40078 -1.00000 -999 -999 -999
1.38442 1.40000 0.00113 0.12482 134.66189 0.00000 280.38819 -1.00000 -999 -999 -999
1.38350 1.40000 0.00124 0.12262 135.84988 0.00000 280.38484 -1.00000 -999 -999 -999
1.37758 1.40000 0.00197 0.10974 140.95701 0.00000 280.36948 -1.00000 -999 -999 -999
1.37604 1.40000 0.00216 0.10646 142.38417 0.00000 280.36517 -1.00000 -999 -999 -999
1.36615 1.40000 0.00338 0.08732 149.22248 0.00000 280.34397 -1.00000 -999 -999 -999
1.36358 1.40000 0.00369 0.08234 151.59222 0.00000 280.33698 -1.00000 -999 -999 -999
1.34713 1.40000 0.00572 0.05450 165.16427 0.00000 280.29866 -1.00000 -999 -999 -999
1.34284 1.40000 0.00624 0.04706 168.52901 0.00000 280.28937 -1.00000 -999 -999 -999
1.33589 1.40000 0.00705 0.03810 171.72150 0.00000 280.28054 -1.00000 -999 -999 -999
1.30919 1.40000 0.01013 0.00508 187.33252 0.00000 280.23600 -1.00000 -999 -999 -999
1.29853 1.40000 0.01121 -0.00501 191.25981 0.00000 280.22483 -1.00000 -999 -999 -999
1.25762 1.40000 0.01536 -0.04214 205.75464 0.00000 280.18232 -1.00000 -999 -999 -999
1.24285 1.40000 0.01663 -0.05609 210.42090 0.00000 280.16922 -1.00000 -999 -999 -999
1.18618 1.40000 0.02154 -0.10795 227.38715 0.00000 280.12247 -1.00000 -999 -999 -999
1.16853 1.40000 0.02265 -0.12219 233.14143 0.00000 280.10904 -1.00000 -999 -999 -999
1.10078 1.40000 0.02689 -0.17541 252.81850 0.00000 280.06540 -1.00000 -999 -999 -999
1.08313 1.40000 0.02721 -0.18528 259.36595 0.00000 280.05416 -1.00000 -999 -999 -999
1.01538 1.40000 0.02843 -0.22207 285.05262 0.00000 280.01138 -1.00000 -999 -999 -999
0.95871 1.40000 0.02698 -0.25713 309.69985 0.00000 279.97324 -1.00000 -999 -999 -999
0.94395 1.40000 0.02660 -0.26659 316.93787 0.00000 279.96190 -1.00000 -999 -999 -999
0.90303 1.40000 0.02414 -0.31587 344.83871 0.00000 279.91968 -1.00000 -999 -999 -999
0.89237 1.40000 0.02350 -0.32853 352.92275 0.00000 279.90712 -1.00000 -999 -999 -999
0.86568 1.40000 0.02090 -0.39165 394.20316 0.00000 279.83768 -1.00000 -999 -999 -999
0.85872 1.40000 0.02022 -0.40691 403.73703 0.00000 279.82151 -1.00000 -999 -999 -999
0.84227 1.40000 0.01796 -0.51737 455.24221 0.00028 279.64744 -1.00000 -999 -999 -999
0.83799 1.40000 0.01737 -0.54571 467.42634 0.00035 279.60441 -1.00000 -999 -999 -999
0.83541 1.40000 0.01689 -0.57926 484.07102 0.00929 278.75176 -0.79484 -999 -999 -999
0.82552 1.40000 0.01502 -0.70729 548.48679 0.04519 275.44867 0.00000 -999 -999 -999
0.82398 1.40000 0.01447 -0.70840 566.02222 0.07463 274.80200 0.18743 -999 -999 -999
0.81807 1.40000 0.01237 -0.71217 633.71881 0.18993 272.30639 0.90748 -999 -999 -999
0.81451 1.40000 0.01011 -0.53593 667.14955 0.33189 272.97400 0.68534 -999 -999 -999
0.81359 1.40000 0.00952 -0.49024 675.79418 0.36856 273.15000 0.62848 -999 -999 -999
0.81146 1.40000 0.00737 -0.20462 659.13373 0.47811 273.15000 0.40344 -999 -999 -999
0.81090 1.40000 0.00681 -0.13029 653.62413 0.50816 273.15000 0.34087 -999 -999 -999
0.80966 1.40000 0.00487 0.13391 603.40711 0.58628 273.15000 0.23468 -999 -999 -999
0.80933 1.40000 0.00436 0.20256 591.59254 0.60489 273.15000 0.20952 -999 -999 -999
0.80916 1.40000 0.00390 0.26194 579.61571 0.61703 273.15000 0.19716 -999 -999 -999
0.80851 1.40000 0.00214 0.48967 521.64946 0.67030 273.15000 0.14016 -999 -999 -999
0.80846 1.40000 0.00170 0.52864 506.91051 0.67891 273.15000 0.13106 -999 -999 -999
0.80826 1.40000 0.00000 0.67741 459.32493 0.70821 273.15000 0.10272 -999 -999 -999
0.80831 1.40000 -0.00044 0.69177 452.00842 0.70897 273.15000 0.09985 -999 -999 -999
0.80851 1.40000 -0.00214 0.74501 428.47067 0.70822 273.15000 0.09114 -999 -999 -999
0.80916 1.40000 -0.00390 0.69421 433.69968 0.67596 273.15000 0.09887 -999 -999 -999
0.80933 1.40000 -0.00436 0.68161 434.86703 0.66780 273.15000 0.10074 -999 -999 -999
0.81058 1.40000 -0.00631 0.54644 459.79644 0.61721 273.15000 0.12336 -999 -999 -999
0.81090 1.40000 -0.00681 0.51200 467.64483 0.60189 273.15000 0.13058 -999 -999 -999
0.81303 1.40000 -0.00896 0.30475 504.15724 0.51431 273.15000 0.19107 -999 -999 -999
0.81359 1.40000 -0.00952 0.25145 512.81089 0.49167 273.15000 0.20666 -999 -999 -999
0.81451 1.40000 -0.01011 0.20037 514.87807 0.45760 273.15000 0.24597 -999 -999 -999
0.81807 1.40000 -0.01237 0.00243 529.43657 0.34178 273.15000 0.37337 -999 -999 -999
0.82398 1.40000 -0.01447 -0.10565 498.76296 0.20263 272.87041 0.68190 -999 -999 -999
0.82552 1.40000 -0.01502 -0.13372 490.90641 0.16987 272.78415 0.76374 -999 -999 -999
0.82810 1.40000 -0.01551 -0.13483 481.22018 0.15261 272.67163 0.80457 -999 -999 -999
0.83799 1.40000 -0.01737 -0.13862 436.26853 0.07273 272.16377 1.00000 -999 -999 -999
0.85444 1.40000 -0.01963 -0.13509 405.03180 0.04414 271.92999 1.00000 -999 -999 -999
0.85872 1.40000 -0.02022 -0.13437 396.61274 0.03651 271.88654 1.00000 -999 -999 -999
0.86568 1.40000 -0.02090 -0.13918 389.51665 0.03155 272.52153 0.82415 -999 -999 -999
0.89237 1.40000 -0.02350 -0.15338 359.06781 0.01137 275.38863 0.02931 -999 -999 -999
0.90303 1.40000 -0.02414 -0.15573 352.40635 0.00911 276.31930 -0.20516 -999 -999 -999
0.94395 1.40000 -0.02660 -0.16051 325.48951 0.00098 279.65583 -1.00000 -999 -999 -999
0.95871 1.40000 -0.02698 -0.16075 319.08265 0.00075 279.74757 -1.00000 -999 -999 -999
1.01538 1.40000 -0.02843 -0.15988 295.40666 0.00000 280.05064 -1.00000 -999 -999 -999
1.03303 1.40000 -0.02811 -0.15657 289.41711 0.00000 280.05697 -1.00000 -999 -999 -999
1.10078 1.40000 -0.02689 -0.14348 270.84893 0.00000 280.07597 -1.00000 -999 -999 -999
1.16853 1.40000 -0.02265 -0.10793 253.55433 0.00000 280.10577 -1.00000 -999 -999 -999
1.18618 1.40000 -0.02154 -0.09851 248.79874 0.00000 280.11466 -1.00000 -999 -999 -999
1.24285 1.40000 -0.01663 -0.05702 233.30334 0.00000 280.15282 -1.00000 -999 -999 -999
1.25762 1.40000 -0.01536 -0.04595 229.43569 0.00000 280.16281 -1.00000 -999 -999 -999
1.29853 1.40000 -0.01121 -0.01330 213.11949 0.00000 280.20589 -1.00000 -999 -999 -999
1.30919 1.40000 -0.01013 -0.00456 209.57155 0.00000 280.21531 -1.00000 -999 -999 -999
1.31614 1.40000 -0.00933 0.00406 205.76247 0.00000 280.22521 -1.00000 -999 -999 -999
1.34284 1.40000 -0.00624 0.03637 190.56589 0.00000 280.26375 -1.00000 -999 -999 -999
1.35929 1.40000 -0.00422 0.06596 179.47741 0.00000 280.29175 -1.00000 -999 -999 -999
1.36358 1.40000 -0.00369 0.07376 176.11781 0.00000 280.30039 -1.00000 -999 -999 -999
1.37346 1.40000 -0.00248 0.09507 166.58651 0.00000 280.32703 -1.00000 -999 -999 -999
1.37604 1.40000 -0.00216 0.10061 164.63101 0.00000 280.33258 -1.00000 -999 -999 -999
1.37758 1.40000 -0.00197 0.10436 163.15199 0.00000 280.33691 -1.00000 -999 -999 -999
1.38350 1.40000 -0.00124 0.11897 156.65705 0.00000 280.35561 -1.00000 -999 -999 -999
1.38442 1.40000 -0.00113 0.12158 155.36424 0.00000 280.35910 -1.00000 -999 -999 -999
1.38798 1.40000 -0.00068 0.13187 150.33940 0.00000 280.37228 -1.00000 -999 -999 -999
1.38853 1.40000 -0.00061 0.13402 149.31774 0.00000 280.37491 -1.00000 -999 -999 -999
1.39066 1.40000 -0.00034 0.14249 145.72697 0.00000 280.38420 -1.00000 -999 -999 -999
1.39099 1.40000 -0.00030 0.14324 144.39986 0.00000 280.38817 -1.00000 -999 -999 -999
1.39223 1.40000 -0.00014 0.14636 140.58776 0.00000 280.39968 -1.00000 -999 -999 -999
1.39288 1.40000 -0.00005 0.18840 324.02670 0.00000 280.27814 -1.00000 -999 -999 -999
1.39305 1.40000 -0.00003 0.19925 377.86864 0.00000 280.24089 -1.00000 -999 -999 -999
1.39325 1.40000 -0.00001 -0.28965 730.49317 0.00000 280.00474 -1.00000 -999 -999 -999
1.39331 1.40000 0.00000 -0.41463 812.16452 0.00000 279.94958 -1.00000 -999 -999 -999

ZONE T="SLICE_Y_0p1_BINS15_KS_0p5mm_CUTDATA"
-999 -999 -999 -999 -999 -999 -999 -999 -999 -999 -999

ZONE T="SLICE_Y_0p75_BINS15_KS_0p5mm_CUTDATA"
-999 -999 -999 -999 -999 -999 -999 -999 -999 -999 -999

ZONE T="SLICE_Y_1p4_BINS15_KS_0p5mm_CUTDATA"
-999 -999 -999 -999 -999 -999 -999 -999 -999 -999 -999

ZONE T="SLICE_Y_0p1_BINS01_KS_1mm_CUTDATA"
1.02809 0.10000 0.00000 -0.26072 847.68073 0.00000 279.99439 -1.00000 -999 -999 -999
1.02783 0.10000 0.00003 -0.02292 666.95176 0.00000 280.09221 -1.00000 -999 -999 -999
1.02767 0.10000 0.00005 0.15706 493.54787 0.00000 280.18913 -1.00000 -999 -999 -999
1.02682 0.10000 0.00016 0.14317 231.03405 0.00000 280.34882 -1.00000 -999 -999 -999
1.02631 0.10000 0.00023 0.12689 118.44094 0.00000 280.41911 -1.00000 -999 -999 -999
1.02534 0.10000 0.00035 0.12667 120.95570 0.00000 280.41202 -1.00000 -999 -999 -999
1.02371 0.10000 0.00056 0.12453 127.67316 0.00000 280.39606 -1.00000 -999 -999 -999
1.02205 0.10000 0.00077 0.12105 130.18186 0.00000 280.39077 -1.00000 -999 -999 -999
1.01925 0.10000 0.00113 0.11411 135.33065 0.00000 280.37912 -1.00000 -999 -999 -999
1.01649 0.10000 0.00148 0.10946 138.48659 0.00000 280.37155 -1.00000 -999 -999 -999
1.01183 0.10000 0.00206 0.10060 144.02244 0.00000 280.35777 -1.00000 -999 -999 -999
1.00723 0.10000 0.00263 0.09329 147.83172 0.00000 280.34802 -1.00000 -999 -999 -999
0.99946 0.10000 0.00359 0.08016 155.00841 0.00000 280.32937 -1.00000 -999 -999 -999
0.99177 0.10000 0.00453 0.06868 160.55016 0.00000 280.31523 -1.00000 -999 -999 -999
0.97878 0.10000 0.00613 0.04780 171.14349 0.00000 280.28822 -1.00000 -999 -999 -999
0.96600 0.10000 0.00770 0.03014 181.43483 0.00000 280.26307 -1.00000 -999 -999 -999
0.94439 0.10000 0.01035 -0.00035 191.94954 0.00000 280.23569 -1.00000 -999 -999 -999
0.90933 0.10000 0.01441 -0.03451 206.28701 0.00000 280.20059 -1.00000 -999 -999 -999
0.88858 0.10000 0.01680 -0.05644 217.17840 0.00000 280.17456 -1.00000 -999 -999 -999
0.85678 0.10000 0.02003 -0.08107 225.74021 0.00000 280.15160 -1.00000 -999 -999 -999
0.80304 0.10000 0.02547 -0.11818 244.15910 0.00000 280.10296 -1.00000 -999 -999 -999
0.75899 0.10000 0.02928 -0.14873 254.46137 0.00000 280.07590 -1.00000 -999 -999 -999
0.68456 0.10000 0.03573 -0.19521 270.26375 0.00000 280.03460 -1.00000 -999 -999 -999
0.63190 0.10000 0.03903 -0.22111 281.62116 0.00000 280.01064 -1.00000 -999 -999 -999
0.54291 0.10000 0.04460 -0.26245 298.45262 0.00000 279.97736 -1.00000 -999 -999 -999
0.49026 0.10000 0.04555 -0.27381 310.88321 0.00000 279.96121 -1.00000 -999 -999 -999
0.40127 0.10000 0.04715 -0.28743 329.90053 0.00000 279.94142 -1.00000 -999 -999 -999
0.35722 0.10000 0.04603 -0.29283 344.02680 0.00000 279.93009 -1.00000 -999 -999 -999
0.28278 0.10000 0.04413 -0.29178 367.29158 0.00000 279.91579 -1.00000 -999 -999 -999
0.25099 0.10000 0.04221 -0.30002 383.51688 0.00000 279.90333 -1.00000 -999 -999 -999
0.19725 0.10000 0.03898 -0.30700 409.72843 0.00000 279.88557 -1.00000 -999 -999 -999
0.17650 0.10000 0.03696 -0.32207 427.92147 0.00000 279.86885 -1.00000 -999 -999 -999
0.14143 0.10000 0.03353 -0.33830 450.60385 0.00000 279.84831 -1.00000 -999 -999 -999
0.11983 0.10000 0.03057 -0.39988 479.27808 0.00000 279.80799 -1.00000 -999 -999 -999
0.10704 0.10000 0.02882 -0.44173 507.94455 0.00000 279.76474 -1.00000 -999 -999 -999
0.09405 0.10000 0.02637 -0.52737 557.43283 0.00777 277.96076 -0.59358 -999 -999 -999
0.08637 0.10000 0.02492 -0.58089 599.48030 0.01696 275.77426 -0.07308 -999 -999 -999
0.07860 0.10000 0.02215 -0.54968 660.21583 0.07465 272.67421 0.73972 -999 -999 -999
0.07400 0.10000 0.02052 -0.54423 699.62361 0.13298 271.94273 0.99996 -999 -999 -999
0.06933 0.10000 0.01754 -0.37344 739.68295 0.24908 272.70001 0.89476 -999 -999 -999
0.06657 0.10000 0.01578 -0.28253 757.01740 0.31752 272.97658 0.77084 -999 -999 -999
0.06377 0.10000 0.01297 -0.04358 751.28290 0.40587 273.07699 0.51547 -999 -999 -999
0.06212 0.10000 0.01130 0.09346 740.91842 0.45678 273.15000 0.39276 -999 -999 -999
0.06048 0.10000 0.00875 0.33180 693.63468 0.52768 273.15000 0.27393 -999 -999 -999
0.05952 0.10000 0.00724 0.45453 672.70273 0.55946 273.15000 0.22406 -999 -999 -999
0.05901 0.10000 0.00587 0.55774 642.48368 0.58507 273.15000 0.19172 -999 -999 -999
0.05816 0.10000 0.00355 0.75746 588.35575 0.62848 273.15000 0.13684 -999 -999 -999
0.05789 0.10000 0.00132 0.87897 558.81611 0.64713 273.15000 0.12126 -999 -999 -999
0.05773 0.10000 0.00000 0.94274 528.72835 0.66180 273.15000 0.10373 -999 -999 -999
0.05800 0.10000 -0.00223 0.95618 498.64615 0.66231 273.15000 0.09500 -999 -999 -999
0.05816 0.10000 -0.00355 0.97593 481.23513 0.66062 273.15000 0.08985 -999 -999 -999
0.05901 0.10000 -0.00587 0.88641 484.47605 0.63902 273.15000 0.09692 -999 -999 -999
0.05952 0.10000 -0.00724 0.85737 492.24644 0.62348 273.15000 0.10356 -999 -999 -999
0.06115 0.10000 -0.00979 0.69381 529.90020 0.58159 273.15000 0.13200 -999 -999 -999
0.06212 0.10000 -0.01130 0.62676 560.35286 0.55087 273.15000 0.15733 -999 -999 -999
0.06492 0.10000 -0.01412 0.42471 603.19620 0.48545 273.15000 0.22245 -999 -999 -999
0.06657 0.10000 -0.01578 0.32350 620.44212 0.43546 273.15000 0.27545 -999 -999 -999
0.07124 0.10000 -0.01876 0.14073 630.80221 0.34293 273.15000 0.44940 -999 -999 -999
0.07400 0.10000 -0.02052 0.04511 621.44223 0.27917 273.15000 0.58626 -999 -999 -999
0.08177 0.10000 -0.02328 -0.04176 591.33355 0.17630 272.82073 0.80899 -999 -999 -999
0.08637 0.10000 -0.02492 -0.09042 563.92906 0.11493 272.43849 0.91176 -999 -999 -999
0.09936 0.10000 -0.02737 -0.07359 512.07067 0.04585 274.39458 0.36344 -999 -999 -999
0.10704 0.10000 -0.02882 -0.07176 487.60838 0.01681 276.11287 -0.07807 -999 -999 -999
0.11983 0.10000 -0.03057 -0.06860 468.81263 0.01001 277.46401 -0.39037 -999 -999 -999
0.14143 0.10000 -0.03353 -0.05979 427.88945 0.00002 280.05032 -1.00000 -999 -999 -999
0.16218 0.10000 -0.03556 -0.07000 412.40738 0.00000 280.05863 -1.00000 -999 -999 -999
0.19725 0.10000 -0.03898 -0.08846 386.78068 0.00000 280.05619 -1.00000 -999 -999 -999
0.22905 0.10000 -0.04089 -0.09999 371.53593 0.00000 280.05267 -1.00000 -999 -999 -999
0.28278 0.10000 -0.04413 -0.12157 353.14026 0.00000 280.04852 -1.00000 -999 -999 -999
0.35722 0.10000 -0.04603 -0.14487 337.87468 0.00000 280.04441 -1.00000 -999 -999 -999
0.40127 0.10000 -0.04715 -0.15562 324.32352 0.00000 280.04219 -1.00000 -999 -999 -999
0.49026 0.10000 -0.04555 -0.16311 307.83310 0.00000 280.04487 -1.00000 -999 -999 -999
0.54291 0.10000 -0.04460 -0.16578 297.04155 0.00000 280.04971 -1.00000 -999 -999 -999
0.63190 0.10000 -0.03903 -0.14522 279.63194 0.00000 280.07387 -1.00000 -999 -999 -999
0.68456 0.10000 -0.03573 -0.13155 270.01552 0.00000 280.08853 -1.00000 -999 -999 -999
0.72860 0.10000 -0.03192 -0.11025 261.10019 0.00000 280.10732 -1.00000 -999 -999 -999
0.80304 0.10000 -0.02547 -0.07844 244.97944 0.00000 280.14236 -1.00000 -999 -999 -999
0.83484 0.10000 -0.02225 -0.06038 236.76453 0.00000 280.16049 -1.00000 -999 -999 -999
0.88858 0.10000 -0.01680 -0.03367 227.04400 0.00000 280.18204 -1.00000 -999 -999 -999
0.92364 0.10000 -0.01275 -0.00674 217.47568 0.00000 280.20526 -1.00000 -999 -999 -999
0.94439 0.10000 -0.01035 0.01087 209.40706 0.00000 280.22469 -1.00000 -999 -999 -999
0.96600 0.10000 -0.00770 0.03732 197.41375 0.00000 280.25312 -1.00000 -999 -999 -999
0.97878 0.10000 -0.00613 0.05284 189.61580 0.00000 280.27082 -1.00000 -999 -999 -999
0.99177 0.10000 -0.00453 0.07176 180.08174 0.00000 280.29395 -1.00000 -999 -999 -999
0.99946 0.10000 -0.00359 0.08236 174.39681 0.00000 280.30741 -1.00000 -999 -999 -999
1.00723 0.10000 -0.00263 0.09453 167.86831 0.00000 280.32363 -1.00000 -999 -999 -999
1.01183 0.10000 -0.00206 0.10152 164.01854 0.00000 280.33300 -1.00000 -999 -999 -999
1.01649 0.10000 -0.00148 0.11005 158.78619 0.00000 280.34531 -1.00000 -999 -999 -999
1.01925 0.10000 -0.00113 0.11472 155.58185 0.00000 280.35261 -1.00000 -999 -999 -999
1.02205 0.10000 -0.00077 0.12190 150.52914 0.00000 280.36330 -1.00000 -999 -999 -999
1.02371 0.10000 -0.00056 0.12549 147.72523 0.00000 280.36911 -1.00000 -999 -999 -999
1.02534 0.10000 -0.00035 0.12805 142.72261 0.00000 280.37927 -1.00000 -999 -999 -999
1.02631 0.10000 -0.00023 0.12888 139.37517 0.00000 280.38702 -1.00000 -999 -999 -999
1.02716 0.10000 -0.00012 0.14734 218.80140 0.00000 280.34022 -1.00000 -999 -999 -999
1.02767 0.10000 -0.00005 0.16637 327.57397 0.00000 280.27757 -1.00000 -999 -999 -999
1.02794 0.10000 -0.00002 -0.07725 677.68136 0.00000 280.08861 -1.00000 -999 -999 -999
1.02809 0.10000 0.00000 -0.26072 847.68073 0.00000 279.99439 -1.00000 -999 -999 -999

ZONE T="SLICE_Y_0p75_BINS01_KS_1mm_CUTDATA"
1.21070 0.75000 0.00000 -0.30039 875.96682 0.00000 279.98087 -1.00000 -999 -999 -999
1.21060 0.75000 0.00001 -0.17343 751.52350 0.00000 280.04940 -1.00000 -999 -999 -999
1.21036 0.75000 0.00004 0.16865 329.39862 0.00000 280.27810 -1.00000 -999 -999 -999
1.21005 0.75000 0.00008 0.15796 249.09521 0.00000 280.32706 -1.00000 -999 -999 -999
1.20927 0.75000 0.00018 0.12982 122.29787 0.00000 280.41519 -1.00000 -999 -999 -999
1.20778 0.75000 0.00038 0.12976 127.35536 0.00000 280.40175 -1.00000 -999 -999 -999
1.20719 0.75000 0.00045 0.12973 129.02898 0.00000 280.39737 -1.00000 -999 -999 -999
1.20617 0.75000 0.00058 0.12758 130.48531 0.00000 280.39397 -1.00000 -999 -999 -999
1.20361 0.75000 0.00090 0.12199 134.32427 0.00000 280.38510 -1.00000 -999 -999 -999
1.20193 0.75000 0.00112 0.11917 136.23346 0.00000 280.38039 -1.00000 -999 -999 -999
1.19766 0.75000 0.00165 0.11191 141.21857 0.00000 280.36818 -1.00000 -999 -999 -999
1.19485 0.75000 0.00200 0.10744 143.80241 0.00000 280.36160 -1.00000 -999 -999 -999
1.18775 0.75000 0.00287 0.09587 151.43907 0.00000 280.34242 -1.00000 -999 -999 -999
1.18305 0.75000 0.00345 0.08874 155.51324 0.00000 280.33254 -1.00000 -999 -999 -999
1.17118 0.75000 0.00491 0.07027 167.17816 0.00000 280.30467 -1.00000 -999 -999 -999
1.15144 0.75000 0.00734 0.04091 181.93793 0.00000 280.27135 -1.00000 -999 -999 -999
1.14362 0.75000 0.00830 0.02962 188.12056 0.00000 280.25716 -1.00000 -999 -999 -999
1.11158 0.75000 0.01200 -0.00884 207.13863 0.00000 280.21309 -1.00000 -999 -999 -999
1.09888 0.75000 0.01347 -0.02351 213.29863 0.00000 280.19876 -1.00000 -999 -999 -999
1.07943 0.75000 0.01544 -0.04077 219.90123 0.00000 280.18264 -1.00000 -999 -999 -999
1.03033 0.75000 0.02041 -0.08641 239.78521 0.00000 280.13438 -1.00000 -999 -999 -999
1.00338 0.75000 0.02275 -0.10899 248.49281 0.00000 280.11206 -1.00000 -999 -999 -999
0.93537 0.75000 0.02864 -0.16946 270.14535 0.00000 280.05838 -1.00000 -999 -999 -999
0.85406 0.75000 0.03373 -0.22666 294.10273 0.00000 280.00724 -1.00000 -999 -999 -999
0.82185 0.75000 0.03574 -0.24764 303.67102 0.00000 279.98648 -1.00000 -999 -999 -999
0.74054 0.75000 0.03721 -0.28113 326.53189 0.00000 279.95200 -1.00000 -999 -999 -999
0.70833 0.75000 0.03779 -0.29299 336.39690 0.00000 279.93796 -1.00000 -999 -999 -999
0.64031 0.75000 0.03605 -0.31728 366.96749 0.00000 279.90517 -1.00000 -999 -999 -999
0.61337 0.75000 0.03536 -0.32559 377.54886 0.00000 279.89407 -1.00000 -999 -999 -999
0.56427 0.75000 0.03241 -0.35591 411.77259 0.00000 279.85785 -1.00000 -999 -999 -999
0.54481 0.75000 0.03124 -0.36649 423.36385 0.00000 279.84588 -1.00000 -999 -999 -999
0.51277 0.75000 0.02811 -0.41040 463.50904 0.00000 279.79152 -1.00000 -999 -999 -999
0.50008 0.75000 0.02687 -0.42609 476.46738 0.00000 279.77469 -1.00000 -999 -999 -999
0.49226 0.75000 0.02580 -0.46191 495.57342 0.00000 279.74464 -1.00000 -999 -999 -999
0.47252 0.75000 0.02310 -0.55999 539.69201 0.00000 279.67374 -1.00000 -999 -999 -999
0.46065 0.75000 0.02086 -0.68132 615.71806 0.01607 276.45643 -0.27279 -999 -999 -999
0.45595 0.75000 0.01997 -0.72598 637.55288 0.02013 275.49408 -0.05456 -999 -999 -999
0.45313 0.75000 0.01897 -0.72746 672.05165 0.05069 274.27944 0.27279 -999 -999 -999
0.44603 0.75000 0.01644 -0.73295 772.68388 0.15811 271.74897 1.00000 -999 -999 -999
0.44177 0.75000 0.01373 -0.56494 821.55351 0.27655 272.46601 0.87014 -999 -999 -999
0.44008 0.75000 0.01265 -0.50175 847.18926 0.33069 272.75476 0.82078 -999 -999 -999
0.43752 0.75000 0.01008 -0.23243 859.75159 0.43288 273.04269 0.59278 -999 -999 -999
0.43651 0.75000 0.00906 -0.13203 864.36831 0.47107 273.15000 0.50629 -999 -999 -999
0.43502 0.75000 0.00673 0.11518 830.85714 0.54529 273.15000 0.36154 -999 -999 -999
0.43442 0.75000 0.00580 0.20704 818.63975 0.57269 273.15000 0.30784 -999 -999 -999
0.43412 0.75000 0.00496 0.28644 796.42282 0.59233 273.15000 0.27859 -999 -999 -999
0.43333 0.75000 0.00284 0.50127 736.04287 0.64264 273.15000 0.19982 -999 -999 -999
0.43324 0.75000 0.00204 0.55313 709.40719 0.65167 273.15000 0.18399 -999 -999 -999
0.43300 0.75000 0.00000 0.69485 636.10166 0.67815 273.15000 0.14047 -999 -999 -999
0.43309 0.75000 -0.00081 0.71506 620.34877 0.67825 273.15000 0.13483 -999 -999 -999
0.43333 0.75000 -0.00284 0.77207 575.58405 0.67991 273.15000 0.11876 -999 -999 -999
0.43364 0.75000 -0.00368 0.75671 579.89455 0.66882 273.15000 0.12304 -999 -999 -999
0.43442 0.75000 -0.00580 0.71844 589.90747 0.63602 273.15000 0.13403 -999 -999 -999
0.43502 0.75000 -0.00673 0.67442 606.01940 0.61792 273.15000 0.14846 -999 -999 -999
0.43651 0.75000 -0.00906 0.55884 650.14763 0.57082 273.15000 0.18620 -999 -999 -999
0.43907 0.75000 -0.01163 0.37354 677.61859 0.48962 273.15000 0.26455 -999 -999 -999
0.44008 0.75000 -0.01265 0.30365 687.69983 0.45935 273.15000 0.29450 -999 -999 -999
0.44434 0.75000 -0.01537 0.12235 671.28018 0.34952 273.15000 0.46999 -999 -999 -999
0.44603 0.75000 -0.01644 0.05439 664.62129 0.30836 273.15000 0.53907 -999 -999 -999
0.45313 0.75000 -0.01897 -0.04514 619.28590 0.20275 272.82337 0.74982 -999 -999 -999
0.45595 0.75000 -0.01997 -0.08185 599.30802 0.15919 272.66249 0.83660 -999 -999 -999
0.46781 0.75000 -0.02221 -0.08625 541.89384 0.08064 272.22579 0.75645 -999 -999 -999
0.47252 0.75000 -0.02310 -0.08723 521.05848 0.05349 272.42502 0.51944 -999 -999 -999
0.49226 0.75000 -0.02580 -0.08566 472.02184 0.02051 275.65876 -0.48481 -999 -999 -999
0.50008 0.75000 -0.02687 -0.08466 455.78906 0.01060 276.95116 -0.75760 -999 -999 -999
0.51277 0.75000 -0.02811 -0.09217 444.25063 0.00871 277.49876 -0.75760 -999 -999 -999
0.54481 0.75000 -0.03124 -0.11292 412.71130 0.00000 280.03441 -1.00000 -999 -999 -999
0.59391 0.75000 -0.03419 -0.13338 386.42435 0.00000 280.03087 -1.00000 -999 -999 -999
0.61337 0.75000 -0.03536 -0.14091 375.59973 0.00000 280.02944 -1.00000 -999 -999 -999
0.68138 0.75000 -0.03710 -0.15686 352.81598 0.00000 280.02831 -1.00000 -999 -999 -999
0.70833 0.75000 -0.03779 -0.16287 343.55107 0.00000 280.02853 -1.00000 -999 -999 -999
0.78963 0.75000 -0.03632 -0.16176 319.82333 0.00000 280.03819 -1.00000 -999 -999 -999
0.82185 0.75000 -0.03574 -0.16152 311.30586 0.00000 280.04315 -1.00000 -999 -999 -999
0.90315 0.75000 -0.03065 -0.13004 290.14426 0.00000 280.07008 -1.00000 -999 -999 -999
0.93537 0.75000 -0.02864 -0.11848 282.66378 0.00000 280.08122 -1.00000 -999 -999 -999
1.00338 0.75000 -0.02275 -0.07570 264.58561 0.00000 280.11884 -1.00000 -999 -999 -999
1.03033 0.75000 -0.02041 -0.05977 258.13862 0.00000 280.13291 -1.00000 -999 -999 -999
1.07943 0.75000 -0.01544 -0.02539 241.60358 0.00000 280.17007 -1.00000 -999 -999 -999
1.09888 0.75000 -0.01347 -0.01248 235.54258 0.00000 280.18375 -1.00000 -999 -999 -999
1.13092 0.75000 -0.00977 0.01951 215.03681 0.00000 280.22700 -1.00000 -999 -999 -999
1.14362 0.75000 -0.00830 0.03160 208.77019 0.00000 280.24034 -1.00000 -999 -999 -999
1.15144 0.75000 -0.00734 0.04190 203.79549 0.00000 280.25106 -1.00000 -999 -999 -999
1.17118 0.75000 -0.00491 0.06899 185.48544 0.00000 280.28958 -1.00000 -999 -999 -999
1.17588 0.75000 -0.00433 0.07590 181.25346 0.00000 280.29910 -1.00000 -999 -999 -999
1.18775 0.75000 -0.00287 0.09404 172.71415 0.00000 280.31884 -1.00000 -999 -999 -999
1.19485 0.75000 -0.00200 0.10587 166.97799 0.00000 280.33221 -1.00000 -999 -999 -999
1.19766 0.75000 -0.00165 0.11039 164.10487 0.00000 280.33903 -1.00000 -999 -999 -999
1.20193 0.75000 -0.00112 0.11821 158.25994 0.00000 280.35206 -1.00000 -999 -999 -999
1.20361 0.75000 -0.00090 0.12121 156.17026 0.00000 280.35677 -1.00000 -999 -999 -999
1.20463 0.75000 -0.00078 0.12352 154.69869 0.00000 280.35996 -1.00000 -999 -999 -999
1.20719 0.75000 -0.00045 0.12959 150.56953 0.00000 280.36885 -1.00000 -999 -999 -999
1.20778 0.75000 -0.00038 0.13014 148.54752 0.00000 280.37400 -1.00000 -999 -999 -999
1.20927 0.75000 -0.00018 0.13161 141.75033 0.00000 280.39156 -1.00000 -999 -999 -999
1.20958 0.75000 -0.00014 0.14433 219.97421 0.00000 280.34684 -1.00000 -999 -999 -999
1.21036 0.75000 -0.00004 0.17774 540.83979 0.00000 280.16545 -1.00000 -999 -999 -999
1.21046 0.75000 -0.00003 0.04826 661.84398 0.00000 280.09982 -1.00000 -999 -999 -999
1.21070 0.75000 0.00000 -0.30039 875.96682 0.00000 279.98087 -1.00000 -999 -999 -999

ZONE T="SLICE_Y_1p4_BINS01_KS_1mm_CUTDATA"
1.39331 1.40000 0.00000 -0.36138 939.68893 0.00000 279.95060 -1.00000 -999 -999 -999
1.39325 1.40000 0.00001 -0.25400 840.83685 0.00000 280.00512 -1.00000 -999 -999 -999
1.39305 1.40000 0.00003 0.16690 450.74107 0.00000 280.21613 -1.00000 -999 -999 -999
1.39288 1.40000 0.00005 0.15803 386.64837 0.00000 280.25441 -1.00000 -999 -999 -999
1.39223 1.40000 0.00014 0.12322 127.93850 0.00000 280.40358 -1.00000 -999 -999 -999
1.39099 1.40000 0.00030 0.12288 133.66509 0.00000 280.38835 -1.00000 -999 -999 -999
1.39066 1.40000 0.00034 0.12289 135.13463 0.00000 280.38465 -1.00000 -999 -999 -999
1.38853 1.40000 0.00061 0.11671 139.26800 0.00000 280.37604 -1.00000 -999 -999 -999
1.38798 1.40000 0.00068 0.11516 140.39018 0.00000 280.37362 -1.00000 -999 -999 -999
1.38442 1.40000 0.00113 0.10807 145.79357 0.00000 280.36160 -1.00000 -999 -999 -999
1.38350 1.40000 0.00124 0.10633 147.18553 0.00000 280.35842 -1.00000 -999 -999 -999
1.37758 1.40000 0.00197 0.09570 153.54718 0.00000 280.34356 -1.00000 -999 -999 -999
1.37604 1.40000 0.00216 0.09302 155.32409 0.00000 280.33938 -1.00000 -999 -999 -999
1.36615 1.40000 0.00338 0.07681 164.49600 0.00000 280.31820 -1.00000 -999 -999 -999
1.36358 1.40000 0.00369 0.07262 167.64137 0.00000 280.31119 -1.00000 -999 -999 -999
1.34713 1.40000 0.00572 0.04822 186.17183 0.00000 280.27233 -1.00000 -999 -999 -999
1.34284 1.40000 0.00624 0.04172 190.73172 0.00000 280.26287 -1.00000 -999 -999 -999
1.33589 1.40000 0.00705 0.03343 195.23303 0.00000 280.25373 -1.00000 -999 -999 -999
1.30919 1.40000 0.01013 0.00286 217.06012 0.00000 280.20812 -1.00000 -999 -999 -999
1.29853 1.40000 0.01121 -0.00688 222.58915 0.00000 280.19662 -1.00000 -999 -999 -999
1.25762 1.40000 0.01536 -0.04271 242.71138 0.00000 280.15318 -1.00000 -999 -999 -999
1.24285 1.40000 0.01663 -0.05650 249.12793 0.00000 280.13985 -1.00000 -999 -999 -999
1.18618 1.40000 0.02154 -0.10769 272.06956 0.00000 280.09258 -1.00000 -999 -999 -999
1.16853 1.40000 0.02265 -0.12184 279.81392 0.00000 280.07907 -1.00000 -999 -999 -999
1.10078 1.40000 0.02689 -0.17462 306.14195 0.00000 280.03530 -1.00000 -999 -999 -999
1.08313 1.40000 0.02721 -0.18445 314.87502 0.00000 280.02410 -1.00000 -999 -999 -999
1.01538 1.40000 0.02843 -0.22106 349.07847 0.00000 279.98150 -1.00000 -999 -999 -999
0.95871 1.40000 0.02698 -0.25642 381.57738 0.00000 279.94377 -1.00000 -999 -999 -999
0.94395 1.40000 0.02660 -0.26594 391.05524 0.00000 279.93259 -1.00000 -999 -999 -999
0.90303 1.40000 0.02414 -0.31524 426.54716 0.00000 279.89142 -1.00000 -999 -999 -999
0.89237 1.40000 0.02350 -0.32790 436.74467 0.00000 279.87920 -1.00000 -999 -999 -999
0.86568 1.40000 0.02090 -0.39072 487.62071 0.00000 279.81208 -1.00000 -999 -999 -999
0.85872 1.40000 0.02022 -0.40592 499.32162 0.00000 279.79647 -1.00000 -999 -999 -999
0.84227 1.40000 0.01796 -0.51415 563.15741 0.00000 279.70250 -1.00000 -999 -999 -999
0.83799 1.40000 0.01737 -0.54191 578.24747 0.00000 279.68030 -1.00000 -999 -999 -999
0.83541 1.40000 0.01689 -0.57353 600.13386 0.00957 278.81248 -0.79484 -999 -999 -999
0.82552 1.40000 0.01502 -0.69420 685.02863 0.04781 275.46072 0.00000 -999 -999 -999
0.82398 1.40000 0.01447 -0.69372 711.15358 0.07835 274.73878 0.20516 -999 -999 -999
0.81807 1.40000 0.01237 -0.69145 812.25005 0.19881 271.95554 1.00000 -999 -999 -999
0.81451 1.40000 0.01011 -0.51653 885.29249 0.34212 272.67626 0.84210 -999 -999 -999
0.81359 1.40000 0.00952 -0.47118 904.11259 0.37951 272.86641 0.80158 -999 -999 -999
0.81146 1.40000 0.00737 -0.18883 922.10107 0.48887 273.08946 0.55151 -999 -999 -999
0.81090 1.40000 0.00681 -0.11535 926.12458 0.51839 273.15000 0.48409 -999 -999 -999
0.80966 1.40000 0.00487 0.14443 892.98693 0.59434 273.15000 0.34566 -999 -999 -999
0.80933 1.40000 0.00436 0.21193 885.44847 0.61302 273.15000 0.31228 -999 -999 -999
0.80916 1.40000 0.00390 0.27043 871.81806 0.62504 273.15000 0.29432 -999 -999 -999
0.80851 1.40000 0.00214 0.49477 803.78111 0.67980 273.15000 0.21062 -999 -999 -999
0.80846 1.40000 0.00170 0.53284 780.30633 0.68833 273.15000 0.19610 -999 -999 -999
0.80826 1.40000 0.00000 0.67818 701.88660 0.71609 273.15000 0.15049 -999 -999 -999
0.80831 1.40000 -0.00044 0.69208 688.34208 0.71629 273.15000 0.14566 -999 -999 -999
0.80851 1.40000 -0.00214 0.74357 645.17357 0.71710 273.15000 0.13063 -999 -999 -999
0.80916 1.40000 -0.00390 0.69288 658.81570 0.68259 273.15000 0.14502 -999 -999 -999
0.80933 1.40000 -0.00436 0.68028 662.15291 0.67455 273.15000 0.14842 -999 -999 -999
0.81058 1.40000 -0.00631 0.54683 702.45004 0.62453 273.15000 0.18513 -999 -999 -999
0.81090 1.40000 -0.00681 0.51282 714.59536 0.60980 273.15000 0.19673 -999 -999 -999
0.81303 1.40000 -0.00896 0.30708 745.43532 0.52381 273.15000 0.28359 -999 -999 -999
0.81359 1.40000 -0.00952 0.25416 752.21835 0.50035 273.15000 0.30602 -999 -999 -999
0.81451 1.40000 -0.01011 0.20354 745.17079 0.46684 273.15000 0.35827 -999 -999 -999
0.81807 1.40000 -0.01237 0.00737 730.84381 0.34835 273.15000 0.53711 -999 -999 -999
0.82398 1.40000 -0.01447 -0.10219 659.47603 0.20895 272.76637 0.79932 -999 -999 -999
0.82552 1.40000 -0.01502 -0.13064 642.15284 0.17611 272.64762 0.86290 -999 -999 -999
0.82810 1.40000 -0.01551 -0.13240 626.93526 0.15818 272.52180 0.88827 -999 -999 -999
0.83799 1.40000 -0.01737 -0.13875 554.43052 0.07717 271.94644 1.00000 -999 -999 -999
0.85444 1.40000 -0.01963 -0.13575 511.03346 0.04263 273.72061 0.20516 -999 -999 -999
0.85872 1.40000 -0.02022 -0.13516 499.18329 0.03348 274.18062 0.00000 -999 -999 -999
0.86568 1.40000 -0.02090 -0.13997 489.74385 0.02803 274.97847 -0.20516 -999 -999 -999
0.89237 1.40000 -0.02350 -0.15415 449.21193 0.00614 278.20828 -1.00000 -999 -999 -999
0.90303 1.40000 -0.02414 -0.15649 440.45206 0.00479 278.60081 -1.00000 -999 -999 -999
0.94395 1.40000 -0.02660 -0.16120 405.12313 0.00000 280.00331 -1.00000 -999 -999 -999
0.95871 1.40000 -0.02698 -0.16139 396.64546 0.00000 280.00620 -1.00000 -999 -999 -999
1.01538 1.40000 -0.02843 -0.16029 365.35456 0.00000 280.01907 -1.00000 -999 -999 -999
1.03303 1.40000 -0.02811 -0.15701 357.40134 0.00000 280.02528 -1.00000 -999 -999 -999
1.10078 1.40000 -0.02689 -0.14408 332.75032 0.00000 280.04386 -1.00000 -999 -999 -999
1.16853 1.40000 -0.02265 -0.10873 309.76505 0.00000 280.07339 -1.00000 -999 -999 -999
1.18618 1.40000 -0.02154 -0.09937 303.42341 0.00000 280.08222 -1.00000 -999 -999 -999
1.24285 1.40000 -0.01663 -0.05810 282.41389 0.00000 280.12051 -1.00000 -999 -999 -999
1.25762 1.40000 -0.01536 -0.04710 277.12179 0.00000 280.13056 -1.00000 -999 -999 -999
1.29853 1.40000 -0.01121 -0.01530 254.13541 0.00000 280.17420 -1.00000 -999 -999 -999
1.30919 1.40000 -0.01013 -0.00679 249.12712 0.00000 280.18375 -1.00000 -999 -999 -999
1.31614 1.40000 -0.00933 0.00128 243.78119 0.00000 280.19370 -1.00000 -999 -999 -999
1.34284 1.40000 -0.00624 0.03158 222.39328 0.00000 280.23251 -1.00000 -999 -999 -999
1.35929 1.40000 -0.00422 0.05798 207.20728 0.00000 280.26025 -1.00000 -999 -999 -999
1.36358 1.40000 -0.00369 0.06494 202.60341 0.00000 280.26882 -1.00000 -999 -999 -999
1.37346 1.40000 -0.00248 0.08324 189.58016 0.00000 280.29494 -1.00000 -999 -999 -999
1.37604 1.40000 -0.00216 0.08799 186.90110 0.00000 280.30039 -1.00000 -999 -999 -999
1.37758 1.40000 -0.00197 0.09111 184.97258 0.00000 280.30453 -1.00000 -999 -999 -999
1.38350 1.40000 -0.00124 0.10328 176.48942 0.00000 280.32239 -1.00000 -999 -999 -999
1.38442 1.40000 -0.00113 0.10536 174.87341 0.00000 280.32567 -1.00000 -999 -999 -999
1.38798 1.40000 -0.00068 0.11361 168.59610 0.00000 280.33809 -1.00000 -999 -999 -999
1.38853 1.40000 -0.00061 0.11530 167.35822 0.00000 280.34050 -1.00000 -999 -999 -999
1.39066 1.40000 -0.00034 0.12199 162.99953 0.00000 280.34890 -1.00000 -999 -999 -999
1.39099 1.40000 -0.00030 0.12230 161.50944 0.00000 280.35243 -1.00000 -999 -999 -999
1.39223 1.40000 -0.00014 0.12368 157.18899 0.00000 280.36262 -1.00000 -999 -999 -999
1.39288 1.40000 -0.00005 0.16006 373.41854 0.00000 280.25019 -1.00000 -999 -999 -999
1.39305 1.40000 -0.00003 0.16941 436.03214 0.00000 280.21577 -1.00000 -999 -999 -999
1.39325 1.40000 -0.00001 -0.25342 845.53449 0.00000 280.00076 -1.00000 -999 -999 -999
1.39331 1.40000 0.00000 -0.36138 939.68893 0.00000 279.95060 -1.00000 -999 -999 -999

ZONE T="SLICE_Y_0p1_BINS03_KS_1mm_CUTDATA"
1.02809 0.10000 0.00000 -0.26072 847.68073 0.00000 279.99439 -1.00000 -999 -999 -999
1.02783 0.10000 0.00003 -0.02292 666.95176 0.00000 280.09221 -1.00000 -999 -999 -999
1.02767 0.10000 0.00005 0.15706 493.54787 0.00000 280.18913 -1.00000 -999 -999 -999
1.02682 0.10000 0.00016 0.14317 231.03405 0.00000 280.34882 -1.00000 -999 -999 -999
1.02631 0.10000 0.00023 0.12689 118.44094 0.00000 280.41911 -1.00000 -999 -999 -999
1.02534 0.10000 0.00035 0.12667 120.95570 0.00000 280.41202 -1.00000 -999 -999 -999
1.02371 0.10000 0.00056 0.12453 127.67316 0.00000 280.39606 -1.00000 -999 -999 -999
1.02205 0.10000 0.00077 0.12105 130.18186 0.00000 280.39077 -1.00000 -999 -999 -999
1.01925 0.10000 0.00113 0.11411 135.33065 0.00000 280.37912 -1.00000 -999 -999 -999
1.01649 0.10000 0.00148 0.10946 138.48659 0.00000 280.37155 -1.00000 -999 -999 -999
1.01183 0.10000 0.00206 0.10060 144.02244 0.00000 280.35777 -1.00000 -999 -999 -999
1.00723 0.10000 0.00263 0.09329 147.83172 0.00000 280.34802 -1.00000 -999 -999 -999
0.99946 0.10000 0.00359 0.08016 155.00841 0.00000 280.32937 -1.00000 -999 -999 -999
0.99177 0.10000 0.00453 0.06868 160.55016 0.00000 280.31523 -1.00000 -999 -999 -999
0.97878 0.10000 0.00613 0.04780 171.14349 0.00000 280.28822 -1.00000 -999 -999 -999
0.96600 0.10000 0.00770 0.03014 181.43483 0.00000 280.26307 -1.00000 -999 -999 -999
0.94439 0.10000 0.01035 -0.00035 191.94954 0.00000 280.23569 -1.00000 -999 -999 -999
0.90933 0.10000 0.01441 -0.03451 206.28701 0.00000 280.20059 -1.00000 -999 -999 -999
0.88858 0.10000 0.01680 -0.05644 217.17840 0.00000 280.17456 -1.00000 -999 -999 -999
0.85678 0.10000 0.02003 -0.08107 225.74021 0.00000 280.15160 -1.00000 -999 -999 -999
0.80304 0.10000 0.02547 -0.11818 244.15910 0.00000 280.10296 -1.00000 -999 -999 -999
0.75899 0.10000 0.02928 -0.14873 254.46137 0.00000 280.07590 -1.00000 -999 -999 -999
0.68456 0.10000 0.03573 -0.19521 270.26375 0.00000 280.03460 -1.00000 -999 -999 -999
0.63190 0.10000 0.03903 -0.22111 281.62116 0.00000 280.01064 -1.00000 -999 -999 -999
0.54291 0.10000 0.04460 -0.26245 298.45262 0.00000 279.97736 -1.00000 -999 -999 -999
0.49026 0.10000 0.04555 -0.27381 310.88321 0.00000 279.96121 -1.00000 -999 -999 -999
0.40127 0.10000 0.04715 -0.28743 329.90053 0.00000 279.94142 -1.00000 -999 -999 -999
0.35722 0.10000 0.04603 -0.29283 344.02680 0.00000 279.93009 -1.00000 -999 -999 -999
0.28278 0.10000 0.04413 -0.29178 367.29158 0.00000 279.91579 -1.00000 -999 -999 -999
0.25099 0.10000 0.04221 -0.30002 383.51688 0.00000 279.90333 -1.00000 -999 -999 -999
0.19725 0.10000 0.03898 -0.30700 409.72843 0.00000 279.88557 -1.00000 -999 -999 -999
0.17650 0.10000 0.03696 -0.32207 427.92147 0.00000 279.86885 -1.00000 -999 -999 -999
0.14143 0.10000 0.03353 -0.33830 450.60385 0.00000 279.84831 -1.00000 -999 -999 -999
0.11983 0.10000 0.03057 -0.39988 479.27808 0.00000 279.80799 -1.00000 -999 -999 -999
0.10704 0.10000 0.02882 -0.44173 507.94455 0.00000 279.76474 -1.00000 -999 -999 -999
0.09405 0.10000 0.02637 -0.52737 557.43283 0.00895 277.97186 -0.59358 -999 -999 -999
0.08637 0.10000 0.02492 -0.58089 599.48030 0.01981 275.69987 -0.07308 -999 -999 -999
0.07860 0.10000 0.02215 -0.54968 660.21583 0.07641 272.51000 0.73975 -999 -999 -999
0.07400 0.10000 0.02052 -0.54423 699.62361 0.13114 271.77115 1.00000 -999 -999 -999
0.06933 0.10000 0.01754 -0.37344 739.68295 0.24087 272.49163 0.89727 -999 -999 -999
0.06657 0.10000 0.01578 -0.28253 757.01740 0.30755 272.85146 0.77673 -999 -999 -999
0.06377 0.10000 0.01297 -0.04358 751.28290 0.39686 273.06739 0.52438 -999 -999 -999
0.06212 0.10000 0.01130 0.09346 740.91842 0.44820 273.15000 0.40105 -999 -999 -999
0.06048 0.10000 0.00875 0.33180 693.63468 0.51957 273.15000 0.27842 -999 -999 -999
0.05952 0.10000 0.00724 0.45453 672.70273 0.55132 273.15000 0.22712 -999 -999 -999
0.05901 0.10000 0.00587 0.55774 642.48368 0.57712 273.15000 0.19407 -999 -999 -999
0.05816 0.10000 0.00355 0.75746 588.35575 0.62089 273.15000 0.13808 -999 -999 -999
0.05789 0.10000 0.00132 0.87897 558.81611 0.63953 273.15000 0.12229 -999 -999 -999
0.05773 0.10000 0.00000 0.94274 528.72835 0.65427 273.15000 0.10447 -999 -999 -999
0.05800 0.10000 -0.00223 0.95618 498.64615 0.65496 273.15000 0.09562 -999 -999 -999
0.05816 0.10000 -0.00355 0.97593 481.23513 0.65332 273.15000 0.09039 -999 -999 -999
0.05901 0.10000 -0.00587 0.88641 484.47605 0.63148 273.15000 0.09760 -999 -999 -999
0.05952 0.10000 -0.00724 0.85737 492.24644 0.61598 273.15000 0.10434 -999 -999 -999
0.06115 0.10000 -0.00979 0.69381 529.90020 0.57393 273.15000 0.13332 -999 -999 -999
0.06212 0.10000 -0.01130 0.62676 560.35286 0.54314 273.15000 0.15916 -999 -999 -999
0.06492 0.10000 -0.01412 0.42471 603.19620 0.47726 273.15000 0.22629 -999 -999 -999
0.06657 0.10000 -0.01578 0.32350 620.44212 0.42712 273.15000 0.28104 -999 -999 -999
0.07124 0.10000 -0.01876 0.14073 630.80221 0.33453 273.15000 0.46857 -999 -999 -999
0.07400 0.10000 -0.02052 0.04511 621.44223 0.27042 273.15000 0.61826 -999 -999 -999
0.08177 0.10000 -0.02328 -0.04176 591.33355 0.16979 272.83216 0.85032 -999 -999 -999
0.08637 0.10000 -0.02492 -0.09042 563.92906 0.11124 272.45666 0.94489 -999 -999 -999
0.09936 0.10000 -0.02737 -0.07359 512.07067 0.04842 273.82786 0.37068 -999 -999 -999
0.10704 0.10000 -0.02882 -0.07176 487.60838 0.02233 274.99069 -0.07807 -999 -999 -999
0.11983 0.10000 -0.03057 -0.06860 468.81263 0.01493 276.39758 -0.39037 -999 -999 -999
0.14143 0.10000 -0.03353 -0.05979 427.88945 0.00294 279.17033 -1.00000 -999 -999 -999
0.16218 0.10000 -0.03556 -0.07000 412.40738 0.00141 279.62924 -1.00000 -999 -999 -999
0.19725 0.10000 -0.03898 -0.08846 386.78068 0.00014 280.01155 -1.00000 -999 -999 -999
0.22905 0.10000 -0.04089 -0.09999 371.53593 0.00001 280.05039 -1.00000 -999 -999 -999
0.28278 0.10000 -0.04413 -0.12157 353.14026 0.00000 280.04852 -1.00000 -999 -999 -999
0.35722 0.10000 -0.04603 -0.14487 337.87468 0.00000 280.04441 -1.00000 -999 -999 -999
0.40127 0.10000 -0.04715 -0.15562 324.32352 0.00000 280.04219 -1.00000 -999 -999 -999
0.49026 0.10000 -0.04555 -0.16311 307.83310 0.00000 280.04487 -1.00000 -999 -999 -999
0.54291 0.10000 -0.04460 -0.16578 297.04155 0.00000 280.04971 -1.00000 -999 -999 -999
0.63190 0.10000 -0.03903 -0.14522 279.63194 0.00000 280.07387 -1.00000 -999 -999 -999
0.68456 0.10000 -0.03573 -0.13155 270.01552 0.00000 280.08853 -1.00000 -999 -999 -999
0.72860 0.10000 -0.03192 -0.11025 261.10019 0.00000 280.10732 -1.00000 -999 -999 -999
0.80304 0.10000 -0.02547 -0.07844 244.97944 0.00000 280.14236 -1.00000 -999 -999 -999
0.83484 0.10000 -0.02225 -0.06038 236.76453 0.00000 280.16049 -1.00000 -999 -999 -999
0.88858 0.10000 -0.01680 -0.03367 227.04400 0.00000 280.18204 -1.00000 -999 -999 -999
0.92364 0.10000 -0.01275 -0.00674 217.47568 0.00000 280.20526 -1.00000 -999 -999 -999
0.94439 0.10000 -0.01035 0.01087 209.40706 0.00000 280.22469 -1.00000 -999 -999 -999
0.96600 0.10000 -0.00770 0.03732 197.41375 0.00000 280.25312 -1.00000 -999 -999 -999
0.97878 0.10000 -0.00613 0.05284 189.61580 0.00000 280.27082 -1.00000 -999 -999 -999
0.99177 0.10000 -0.00453 0.07176 180.08174 0.00000 280.29395 -1.00000 -999 -999 -999
0.99946 0.10000 -0.00359 0.08236 174.39681 0.00000 280.30741 -1.00000 -999 -999 -999
1.00723 0.10000 -0.00263 0.09453 167.86831 0.00000 280.32363 -1.00000 -999 -999 -999
1.01183 0.10000 -0.00206 0.10152 164.01854 0.00000 280.33300 -1.00000 -999 -999 -999
1.01649 0.10000 -0.00148 0.11005 158.78619 0.00000 280.34531 -1.00000 -999 -999 -999
1.01925 0.10000 -0.00113 0.11472 155.58185 0.00000 280.35261 -1.00000 -999 -999 -999
1.02205 0.10000 -0.00077 0.12190 150.52914 0.00000 280.36330 -1.00000 -999 -999 -999
1.02371 0.10000 -0.00056 0.12549 147.72523 0.00000 280.36911 -1.00000 -999 -999 -999
1.02534 0.10000 -0.00035 0.12805 142.72261 0.00000 280.37927 -1.00000 -999 -999 -999
1.02631 0.10000 -0.00023 0.12888 139.37517 0.00000 280.38702 -1.00000 -999 -999 -999
1.02716 0.10000 -0.00012 0.14734 218.80140 0.00000 280.34022 -1.00000 -999 -999 -999
1.02767 0.10000 -0.00005 0.16637 327.57397 0.00000 280.27757 -1.00000 -999 -999 -999
1.02794 0.10000 -0.00002 -0.07725 677.68136 0.00000 280.08861 -1.00000 -999 -999 -999
1.02809 0.10000 0.00000 -0.26072 847.68073 0.00000 279.99439 -1.00000 -999 -999 -999

ZONE T="SLICE_Y_0p75_BINS03_KS_1mm_CUTDATA"
1.21070 0.75000 0.00000 -0.30039 875.96682 0.00000 279.98087 -1.00000 -999 -999 -999
1.21060 0.75000 0.00001 -0.17343 751.52350 0.00000 280.04940 -1.00000 -999 -999 -999
1.21036 0.75000 0.00004 0.16865 329.39862 0.00000 280.27810 -1.00000 -999 -999 -999
1.21005 0.75000 0.00008 0.15796 249.09521 0.00000 280.32706 -1.00000 -999 -999 -999
1.20927 0.75000 0.00018 0.12982 122.29787 0.00000 280.41519 -1.00000 -999 -999 -999
1.20778 0.75000 0.00038 0.12976 127.35536 0.00000 280.40175 -1.00000 -999 -999 -999
1.20719 0.75000 0.00045 0.12973 129.02898 0.00000 280.39737 -1.00000 -999 -999 -999
1.20617 0.75000 0.00058 0.12758 130.48531 0.00000 280.39397 -1.00000 -999 -999 -999
1.20361 0.75000 0.00090 0.12199 134.32427 0.00000 280.38510 -1.00000 -999 -999 -999
1.20193 0.75000 0.00112 0.11917 136.23346 0.00000 280.38039 -1.00000 -999 -999 -999
1.19766 0.75000 0.00165 0.11191 141.21857 0.00000 280.36818 -1.00000 -999 -999 -999
1.19485 0.75000 0.00200 0.10744 143.80241 0.00000 280.36160 -1.00000 -999 -999 -999
1.18775 0.75000 0.00287 0.09587 151.43907 0.00000 280.34242 -1.00000 -999 -999 -999
1.18305 0.75000 0.00345 0.08874 155.51324 0.00000 280.33254 -1.00000 -999 -999 -999
1.17118 0.75000 0.00491 0.07027 167.17816 0.00000 280.30467 -1.00000 -999 -999 -999
1.15144 0.75000 0.00734 0.04091 181.93793 0.00000 280.27135 -1.00000 -999 -999 -999
1.14362 0.75000 0.00830 0.02962 188.12056 0.00000 280.25716 -1.00000 -999 -999 -999
1.11158 0.75000 0.01200 -0.00884 207.13863 0.00000 280.21309 -1.00000 -999 -999 -999
1.09888 0.75000 0.01347 -0.02351 213.29863 0.00000 280.19876 -1.00000 -999 -999 -999
1.07943 0.75000 0.01544 -0.04077 219.90123 0.00000 280.18264 -1.00000 -999 -999 -999
1.03033 0.75000 0.02041 -0.08641 239.78521 0.00000 280.13438 -1.00000 -999 -999 -999
1.00338 0.75000 0.02275 -0.10899 248.49281 0.00000 280.11206 -1.00000 -999 -999 -999
0.93537 0.75000 0.02864 -0.16946 270.14535 0.00000 280.05838 -1.00000 -999 -999 -999
0.85406 0.75000 0.03373 -0.22666 294.10273 0.00000 280.00724 -1.00000 -999 -999 -999
0.82185 0.75000 0.03574 -0.24764 303.67102 0.00000 279.98648 -1.00000 -999 -999 -999
0.74054 0.75000 0.03721 -0.28113 326.53189 0.00000 279.95200 -1.00000 -999 -999 -999
0.70833 0.75000 0.03779 -0.29299 336.39690 0.00000 279.93796 -1.00000 -999 -999 -999
0.64031 0.75000 0.03605 -0.31728 366.96749 0.00000 279.90517 -1.00000 -999 -999 -999
0.61337 0.75000 0.03536 -0.32559 377.54886 0.00000 279.89407 -1.00000 -999 -999 -999
0.56427 0.75000 0.03241 -0.35591 411.77259 0.00000 279.85785 -1.00000 -999 -999 -999
0.54481 0.75000 0.03124 -0.36649 423.36385 0.00000 279.84588 -1.00000 -999 -999 -999
0.51277 0.75000 0.02811 -0.41040 463.50904 0.00000 279.79152 -1.00000 -999 -999 -999
0.50008 0.75000 0.02687 -0.42609 476.46738 0.00000 279.77469 -1.00000 -999 -999 -999
0.49226 0.75000 0.02580 -0.46191 495.57342 0.00000 279.74464 -1.00000 -999 -999 -999
0.47252 0.75000 0.02310 -0.55999 539.69201 0.00000 279.67374 -1.00000 -999 -999 -999
0.46065 0.75000 0.02086 -0.68132 615.71806 0.01769 276.47017 -0.27279 -999 -999 -999
0.45595 0.75000 0.01997 -0.72598 637.55288 0.02240 275.50426 -0.05456 -999 -999 -999
0.45313 0.75000 0.01897 -0.72746 672.05165 0.05203 274.23937 0.27279 -999 -999 -999
0.44603 0.75000 0.01644 -0.73295 772.68388 0.15475 271.67640 1.00000 -999 -999 -999
0.44177 0.75000 0.01373 -0.56494 821.55351 0.26954 272.38806 0.87569 -999 -999 -999
0.44008 0.75000 0.01265 -0.50175 847.18926 0.32138 272.72111 0.82846 -999 -999 -999
0.43752 0.75000 0.01008 -0.23243 859.75159 0.42424 273.03318 0.60261 -999 -999 -999
0.43651 0.75000 0.00906 -0.13203 864.36831 0.46271 273.15000 0.51695 -999 -999 -999
0.43502 0.75000 0.00673 0.11518 830.85714 0.53699 273.15000 0.36768 -999 -999 -999
0.43442 0.75000 0.00580 0.20704 818.63975 0.56456 273.15000 0.31217 -999 -999 -999
0.43412 0.75000 0.00496 0.28644 796.42282 0.58420 273.15000 0.28234 -999 -999 -999
0.43333 0.75000 0.00284 0.50127 736.04287 0.63512 273.15000 0.20190 -999 -999 -999
0.43324 0.75000 0.00204 0.55313 709.40719 0.64444 273.15000 0.18578 -999 -999 -999
0.43300 0.75000 0.00000 0.69485 636.10166 0.67046 273.15000 0.14165 -999 -999 -999
0.43309 0.75000 -0.00081 0.71506 620.34877 0.67049 273.15000 0.13594 -999 -999 -999
0.43333 0.75000 -0.00284 0.77207 575.58405 0.67101 273.15000 0.11980 -999 -999 -999
0.43364 0.75000 -0.00368 0.75671 579.89455 0.66038 273.15000 0.12407 -999 -999 -999
0.43442 0.75000 -0.00580 0.71844 589.90747 0.62969 273.15000 0.13499 -999 -999 -999
0.43502 0.75000 -0.00673 0.67442 606.01940 0.61105 273.15000 0.14978 -999 -999 -999
0.43651 0.75000 -0.00906 0.55884 650.14763 0.56243 273.15000 0.18851 -999 -999 -999
0.43907 0.75000 -0.01163 0.37354 677.61859 0.48229 273.15000 0.26861 -999 -999 -999
0.44008 0.75000 -0.01265 0.30365 687.69983 0.45198 273.15000 0.29937 -999 -999 -999
0.44434 0.75000 -0.01537 0.12235 671.28018 0.34169 273.15000 0.48582 -999 -999 -999
0.44603 0.75000 -0.01644 0.05439 664.62129 0.30035 273.15000 0.55939 -999 -999 -999
0.45313 0.75000 -0.01897 -0.04514 619.28590 0.19537 272.80697 0.76997 -999 -999 -999
0.45595 0.75000 -0.01997 -0.08185 599.30802 0.15232 272.64023 0.85594 -999 -999 -999
0.46781 0.75000 -0.02221 -0.08625 541.89384 0.07770 272.01332 0.96930 -999 -999 -999
0.47252 0.75000 -0.02310 -0.08723 521.05848 0.05256 271.93202 0.90907 -999 -999 -999
0.49226 0.75000 -0.02580 -0.08566 472.02184 0.02404 274.31122 0.18186 -999 -999 -999
0.50008 0.75000 -0.02687 -0.08466 455.78906 0.01517 275.43597 -0.18186 -999 -999 -999
0.51277 0.75000 -0.02811 -0.09217 444.25063 0.01251 276.25843 -0.27279 -999 -999 -999
0.54481 0.75000 -0.03124 -0.11292 412.71130 0.00248 279.26120 -1.00000 -999 -999 -999
0.59391 0.75000 -0.03419 -0.13338 386.42435 0.00057 279.85169 -1.00000 -999 -999 -999
0.61337 0.75000 -0.03536 -0.14091 375.59973 0.00000 280.02944 -1.00000 -999 -999 -999
0.68138 0.75000 -0.03710 -0.15686 352.81598 0.00000 280.02831 -1.00000 -999 -999 -999
0.70833 0.75000 -0.03779 -0.16287 343.55107 0.00000 280.02853 -1.00000 -999 -999 -999
0.78963 0.75000 -0.03632 -0.16176 319.82333 0.00000 280.03819 -1.00000 -999 -999 -999
0.82185 0.75000 -0.03574 -0.16152 311.30586 0.00000 280.04315 -1.00000 -999 -999 -999
0.90315 0.75000 -0.03065 -0.13004 290.14426 0.00000 280.07008 -1.00000 -999 -999 -999
0.93537 0.75000 -0.02864 -0.11848 282.66378 0.00000 280.08122 -1.00000 -999 -999 -999
1.00338 0.75000 -0.02275 -0.07570 264.58561 0.00000 280.11884 -1.00000 -999 -999 -999
1.03033 0.75000 -0.02041 -0.05977 258.13862 0.00000 280.13291 -1.00000 -999 -999 -999
1.07943 0.75000 -0.01544 -0.02539 241.60358 0.00000 280.17007 -1.00000 -999 -999 -999
1.09888 0.75000 -0.01347 -0.01248 235.54258 0.00000 280.18375 -1.00000 -999 -999 -999
1.13092 0.75000 -0.00977 0.01951 215.03681 0.00000 280.22700 -1.00000 -999 -999 -999
1.14362 0.75000 -0.00830 0.03160 208.77019 0.00000 280.24034 -1.00000 -999 -999 -999
1.15144 0.75000 -0.00734 0.04190 203.79549 0.00000 280.25106 -1.00000 -999 -999 -999
1.17118 0.75000 -0.00491 0.06899 185.48544 0.00000 280.28958 -1.00000 -999 -999 -999
1.17588 0.75000 -0.00433 0.07590 181.25346 0.00000 280.29910 -1.00000 -999 -999 -999
1.18775 0.75000 -0.00287 0.09404 172.71415 0.00000 280.31884 -1.00000 -999 -999 -999
1.19485 0.75000 -0.00200 0.10587 166.97799 0.00000 280.33221 -1.00000 -999 -999 -999
1.19766 0.75000 -0.00165 0.11039 164.10487 0.00000 280.33903 -1.00000 -999 -999 -999
1.20193 0.75000 -0.00112 0.11821 158.25994 0.00000 280.35206 -1.00000 -999 -999 -999
1.20361 0.75000 -0.00090 0.12121 156.17026 0.00000 280.35677 -1.00000 -999 -999 -999
1.20463 0.75000 -0.00078 0.12352 154.69869 0.00000 280.35996 -1.00000 -999 -999 -999
1.20719 0.75000 -0.00045 0.12959 150.56953 0.00000 280.36885 -1.00000 -999 -999 -999
1.20778 0.75000 -0.00038 0.13014 148.54752 0.00000 280.37400 -1.00000 -999 -999 -999
1.20927 0.75000 -0.00018 0.13161 141.75033 0.00000 280.39156 -1.00000 -999 -999 -999
1.20958 0.75000 -0.00014 0.14433 219.97421 0.00000 280.34684 -1.00000 -999 -999 -999
1.21036 0.75000 -0.00004 0.17774 540.83979 0.00000 280.16545 -1.00000 -999 -999 -999
1.21046 0.75000 -0.00003 0.04826 661.84398 0.00000 280.09982 -1.00000 -999 -999 -999
1.21070 0.75000 0.00000 -0.30039 875.96682 0.00000 279.98087 -1.00000 -999 -999 -999

ZONE T="SLICE_Y_1p4_BINS03_KS_1mm_CUTDATA"
1.39331 1.40000 0.00000 -0.36138 939.68893 0.00000 279.95060 -1.00000 -999 -999 -999
1.39325 1.40000 0.00001 -0.25400 840.83685 0.00000 280.00512 -1.00000 -999 -999 -999
1.39305 1.40000 0.00003 0.16690 450.74107 0.00000 280.21613 -1.00000 -999 -999 -999
1.39288 1.40000 0.00005 0.15803 386.64837 0.00000 280.25441 -1.00000 -999 -999 -999
1.39223 1.40000 0.00014 0.12322 127.93850 0.00000 280.40358 -1.00000 -999 -999 -999
1.39099 1.40000 0.00030 0.12288 133.66509 0.00000 280.38835 -1.00000 -999 -999 -999
1.39066 1.40000 0.00034 0.12289 135.13463 0.00000 280.38465 -1.00000 -999 -999 -999
1.38853 1.40000 0.00061 0.11671 139.26800 0.00000 280.37604 -1.00000 -999 -999 -999
1.38798 1.40000 0.00068 0.11516 140.39018 0.00000 280.37362 -1.00000 -999 -999 -999
1.38442 1.40000 0.00113 0.10807 145.79357 0.00000 280.36160 -1.00000 -999 -999 -999
1.38350 1.40000 0.00124 0.10633 147.18553 0.00000 280.35842 -1.00000 -999 -999 -999
1.37758 1.40000 0.00197 0.09570 153.54718 0.00000 280.34356 -1.00000 -999 -999 -999
1.37604 1.40000 0.00216 0.09302 155.32409 0.00000 280.33938 -1.00000 -999 -999 -999
1.36615 1.40000 0.00338 0.07681 164.49600 0.00000 280.31820 -1.00000 -999 -999 -999
1.36358 1.40000 0.00369 0.07262 167.64137 0.00000 280.31119 -1.00000 -999 -999 -999
1.34713 1.40000 0.00572 0.04822 186.17183 0.00000 280.27233 -1.00000 -999 -999 -999
1.34284 1.40000 0.00624 0.04172 190.73172 0.00000 280.26287 -1.00000 -999 -999 -999
1.33589 1.40000 0.00705 0.03343 195.23303 0.00000 280.25373 -1.00000 -999 -999 -999
1.30919 1.40000 0.01013 0.00286 217.06012 0.00000 280.20812 -1.00000 -999 -999 -999
1.29853 1.40000 0.01121 -0.00688 222.58915 0.00000 280.19662 -1.00000 -999 -999 -999
1.25762 1.40000 0.01536 -0.04271 242.71138 0.00000 280.15318 -1.00000 -999 -999 -999
1.24285 1.40000 0.01663 -0.05650 249.12793 0.00000 280.13985 -1.00000 -999 -999 -999
1.18618 1.40000 0.02154 -0.10769 272.06956 0.00000 280.09258 -1.00000 -999 -999 -999
1.16853 1.40000 0.02265 -0.12184 279.81392 0.00000 280.07907 -1.00000 -999 -999 -999
1.10078 1.40000 0.02689 -0.17462 306.14195 0.00000 280.03530 -1.00000 -999 -999 -999
1.08313 1.40000 0.02721 -0.18445 314.87502 0.00000 280.02410 -1.00000 -999 -999 -999
1.01538 1.40000 0.02843 -0.22106 349.07847 0.00000 279.98150 -1.00000 -999 -999 -999
0.95871 1.40000 0.02698 -0.25642 381.57738 0.00000 279.94377 -1.00000 -999 -999 -999
0.94395 1.40000 0.02660 -0.26594 391.05524 0.00000 279.93259 -1.00000 -999 -999 -999
0.90303 1.40000 0.02414 -0.31524 426.54716 0.00000 279.89142 -1.00000 -999 -999 -999
0.89237 1.40000 0.02350 -0.32790 436.74467 0.00000 279.87920 -1.00000 -999 -999 -999
0.86568 1.40000 0.02090 -0.39072 487.62071 0.00000 279.81208 -1.00000 -999 -999 -999
0.85872 1.40000 0.02022 -0.40592 499.32162 0.00000 279.79647 -1.00000 -999 -999 -999
0.84227 1.40000 0.01796 -0.51415 563.15741 0.00007 279.68807 -1.00000 -999 -999 -999
0.83799 1.40000 0.01737 -0.54191 578.24747 0.00007 279.66535 -1.00000 -999 -999 -999
0.83541 1.40000 0.01689 -0.57353 600.13386 0.00906 278.79192 -0.79484 -999 -999 -999
0.82552 1.40000 0.01502 -0.69420 685.02863 0.04490 275.41881 0.00000 -999 -999 -999
0.82398 1.40000 0.01447 -0.69372 711.15358 0.07458 274.69315 0.20516 -999 -999 -999
0.81807 1.40000 0.01237 -0.69145 812.25005 0.19125 271.90355 1.00000 -999 -999 -999
0.81451 1.40000 0.01011 -0.51653 885.29249 0.33439 272.64619 0.84659 -999 -999 -999
0.81359 1.40000 0.00952 -0.47118 904.11259 0.37143 272.84110 0.80750 -999 -999 -999
0.81146 1.40000 0.00737 -0.18883 922.10107 0.48077 273.08438 0.56003 -999 -999 -999
0.81090 1.40000 0.00681 -0.11535 926.12458 0.51056 273.15000 0.49282 -999 -999 -999
0.80966 1.40000 0.00487 0.14443 892.98693 0.58720 273.15000 0.35000 -999 -999 -999
0.80933 1.40000 0.00436 0.21193 885.44847 0.60590 273.15000 0.31573 -999 -999 -999
0.80916 1.40000 0.00390 0.27043 871.81806 0.61793 273.15000 0.29747 -999 -999 -999
0.80851 1.40000 0.00214 0.49477 803.78111 0.67195 273.15000 0.21282 -999 -999 -999
0.80846 1.40000 0.00170 0.53284 780.30633 0.68061 273.15000 0.19808 -999 -999 -999
0.80826 1.40000 0.00000 0.67818 701.88660 0.70959 273.15000 0.15155 -999 -999 -999
0.80831 1.40000 -0.00044 0.69208 688.34208 0.71002 273.15000 0.14664 -999 -999 -999
0.80851 1.40000 -0.00214 0.74357 645.17357 0.71050 273.15000 0.13149 -999 -999 -999
0.80916 1.40000 -0.00390 0.69288 658.81570 0.67706 273.15000 0.14586 -999 -999 -999
0.80933 1.40000 -0.00436 0.68028 662.15291 0.66887 273.15000 0.14933 -999 -999 -999
0.81058 1.40000 -0.00631 0.54683 702.45004 0.61809 273.15000 0.18693 -999 -999 -999
0.81090 1.40000 -0.00681 0.51282 714.59536 0.60321 273.15000 0.19872 -999 -999 -999
0.81303 1.40000 -0.00896 0.30708 745.43532 0.51631 273.15000 0.28753 -999 -999 -999
0.81359 1.40000 -0.00952 0.25416 752.21835 0.49308 273.15000 0.31041 -999 -999 -999
0.81451 1.40000 -0.01011 0.20354 745.17079 0.45932 273.15000 0.36530 -999 -999 -999
0.81807 1.40000 -0.01237 0.00737 730.84381 0.34161 273.15000 0.55004 -999 -999 -999
0.82398 1.40000 -0.01447 -0.10219 659.47603 0.20197 272.73827 0.81189 -999 -999 -999
0.82552 1.40000 -0.01502 -0.13064 642.15284 0.16904 272.61052 0.87398 -999 -999 -999
0.82810 1.40000 -0.01551 -0.13240 626.93526 0.15170 272.48411 0.89736 -999 -999 -999
0.83799 1.40000 -0.01737 -0.13875 554.43052 0.07252 271.89927 1.00000 -999 -999 -999
0.85444 1.40000 -0.01963 -0.13575 511.03346 0.04256 273.14229 0.20516 -999 -999 -999
0.85872 1.40000 -0.02022 -0.13516 499.18329 0.03461 273.46451 0.00000 -999 -999 -999
0.86568 1.40000 -0.02090 -0.13997 489.74385 0.02962 274.19804 -0.20516 -999 -999 -999
0.89237 1.40000 -0.02350 -0.15415 449.21193 0.00934 277.24636 -1.00000 -999 -999 -999
0.90303 1.40000 -0.02414 -0.15649 440.45206 0.00747 277.79210 -1.00000 -999 -999 -999
0.94395 1.40000 -0.02660 -0.16120 405.12313 0.00082 279.74609 -1.00000 -999 -999 -999
0.95871 1.40000 -0.02698 -0.16139 396.64546 0.00063 279.80746 -1.00000 -999 -999 -999
1.01538 1.40000 -0.02843 -0.16029 365.35456 0.00000 280.01907 -1.00000 -999 -999 -999
1.03303 1.40000 -0.02811 -0.15701 357.40134 0.00000 280.02528 -1.00000 -999 -999 -999
1.10078 1.40000 -0.02689 -0.14408 332.75032 0.00000 280.04386 -1.00000 -999 -999 -999
1.16853 1.40000 -0.02265 -0.10873 309.76505 0.00000 280.07339 -1.00000 -999 -999 -999
1.18618 1.40000 -0.02154 -0.09937 303.42341 0.00000 280.08222 -1.00000 -999 -999 -999
1.24285 1.40000 -0.01663 -0.05810 282.41389 0.00000 280.12051 -1.00000 -999 -999 -999
1.25762 1.40000 -0.01536 -0.04710 277.12179 0.00000 280.13056 -1.00000 -999 -999 -999
1.29853 1.40000 -0.01121 -0.01530 254.13541 0.00000 280.17420 -1.00000 -999 -999 -999
1.30919 1.40000 -0.01013 -0.00679 249.12712 0.00000 280.18375 -1.00000 -999 -999 -999
1.31614 1.40000 -0.00933 0.00128 243.78119 0.00000 280.19370 -1.00000 -999 -999 -999
1.34284 1.40000 -0.00624 0.03158 222.39328 0.00000 280.23251 -1.00000 -999 -999 -999
1.35929 1.40000 -0.00422 0.05798 207.20728 0.00000 280.26025 -1.00000 -999 -999 -999
1.36358 1.40000 -0.00369 0.06494 202.60341 0.00000 280.26882 -1.00000 -999 -999 -999
1.37346 1.40000 -0.00248 0.08324 189.58016 0.00000 280.29494 -1.00000 -999 -999 -999
1.37604 1.40000 -0.00216 0.08799 186.90110 0.00000 280.30039 -1.00000 -999 -999 -999
1.37758 1.40000 -0.00197 0.09111 184.97258 0.00000 280.30453 -1.00000 -999 -999 -999
1.38350 1.40000 -0.00124 0.10328 176.48942 0.00000 280.32239 -1.00000 -999 -999 -999
1.38442 1.40000 -0.00113 0.10536 174.87341 0.00000 280.32567 -1.00000 -999 -999 -999
1.38798 1.40000 -0.00068 0.11361 168.59610 0.00000 280.33809 -1.00000 -999 -999 -999
1.38853 1.40000 -0.00061 0.11530 167.35822 0.00000 280.34050 -1.00000 -999 -999 -999
1.39066 1.40000 -0.00034 0.12199 162.99953 0.00000 280.34890 -1.00000 -999 -999 -999
1.39099 1.40000 -0.00030 0.12230 161.50944 0.00000 280.35243 -1.00000 -999 -999 -999
1.39223 1.40000 -0.00014 0.12368 157.18899 0.00000 280.36262 -1.00000 -999 -999 -999
1.39288 1.40000 -0.00005 0.16006 373.41854 0.00000 280.25019 -1.00000 -999 -999 -999
1.39305 1.40000 -0.00003 0.16941 436.03214 0.00000 280.21577 -1.00000 -999 -999 -999
1.39325 1.40000 -0.00001 -0.25342 845.53449 0.00000 280.00076 -1.00000 -999 -999 -999
1.39331 1.40000 0.00000 -0.36138 939.68893 0.00000 279.95060 -1.00000 -999 -999 -999

ZONE T="SLICE_Y_0p1_BINS07_KS_1mm_CUTDATA"
1.02809 0.10000 0.00000 -0.26072 847.68073 0.00000 279.99439 -1.00000 -999 -999 -999
1.02783 0.10000 0.00003 -0.02292 666.95176 0.00000 280.09221 -1.00000 -999 -999 -999
1.02767 0.10000 0.00005 0.15706 493.54787 0.00000 280.18913 -1.00000 -999 -999 -999
1.02682 0.10000 0.00016 0.14317 231.03405 0.00000 280.34882 -1.00000 -999 -999 -999
1.02631 0.10000 0.00023 0.12689 118.44094 0.00000 280.41911 -1.00000 -999 -999 -999
1.02534 0.10000 0.00035 0.12667 120.95570 0.00000 280.41202 -1.00000 -999 -999 -999
1.02371 0.10000 0.00056 0.12453 127.67316 0.00000 280.39606 -1.00000 -999 -999 -999
1.02205 0.10000 0.00077 0.12105 130.18186 0.00000 280.39077 -1.00000 -999 -999 -999
1.01925 0.10000 0.00113 0.11411 135.33065 0.00000 280.37912 -1.00000 -999 -999 -999
1.01649 0.10000 0.00148 0.10946 138.48659 0.00000 280.37155 -1.00000 -999 -999 -999
1.01183 0.10000 0.00206 0.10060 144.02244 0.00000 280.35777 -1.00000 -999 -999 -999
1.00723 0.10000 0.00263 0.09329 147.83172 0.00000 280.34802 -1.00000 -999 -999 -999
0.99946 0.10000 0.00359 0.08016 155.00841 0.00000 280.32937 -1.00000 -999 -999 -999
0.99177 0.10000 0.00453 0.06868 160.55016 0.00000 280.31523 -1.00000 -999 -999 -999
0.97878 0.10000 0.00613 0.04780 171.14349 0.00000 280.28822 -1.00000 -999 -999 -999
0.96600 0.10000 0.00770 0.03014 181.43483 0.00000 280.26307 -1.00000 -999 -999 -999
0.94439 0.10000 0.01035 -0.00035 191.94954 0.00000 280.23569 -1.00000 -999 -999 -999
0.90933 0.10000 0.01441 -0.03451 206.28701 0.00000 280.20059 -1.00000 -999 -999 -999
0.88858 0.10000 0.01680 -0.05644 217.17840 0.00000 280.17456 -1.00000 -999 -999 -999
0.85678 0.10000 0.02003 -0.08107 225.74021 0.00000 280.15160 -1.00000 -999 -999 -999
0.80304 0.10000 0.02547 -0.11818 244.15910 0.00000 280.10296 -1.00000 -999 -999 -999
0.75899 0.10000 0.02928 -0.14873 254.46137 0.00000 280.07590 -1.00000 -999 -999 -999
0.68456 0.10000 0.03573 -0.19521 270.26375 0.00000 280.03460 -1.00000 -999 -999 -999
0.63190 0.10000 0.03903 -0.22111 281.62116 0.00000 280.01064 -1.00000 -999 -999 -999
0.54291 0.10000 0.04460 -0.26245 298.45262 0.00000 279.97736 -1.00000 -999 -999 -999
0.49026 0.10000 0.04555 -0.27381 310.88321 0.00000 279.96121 -1.00000 -999 -999 -999
0.40127 0.10000 0.04715 -0.28743 329.90053 0.00000 279.94142 -1.00000 -999 -999 -999
0.35722 0.10000 0.04603 -0.29283 344.02680 0.00000 279.93009 -1.00000 -999 -999 -999
0.28278 0.10000 0.04413 -0.29178 367.29158 0.00000 279.91579 -1.00000 -999 -999 -999
0.25099 0.10000 0.04221 -0.30002 383.51688 0.00000 279.90333 -1.00000 -999 -999 -999
0.19725 0.10000 0.03898 -0.30700 409.72843 0.00000 279.88557 -1.00000 -999 -999 -999
0.17650 0.10000 0.03696 -0.32207 427.92147 0.00000 279.86885 -1.00000 -999 -999 -999
0.14143 0.10000 0.03353 -0.33830 450.60385 0.00000 279.84831 -1.00000 -999 -999 -999
0.11983 0.10000 0.03057 -0.39988 479.27808 0.00000 279.80799 -1.00000 -999 -999 -999
0.10704 0.10000 0.02882 -0.44173 507.94455 0.00000 279.76474 -1.00000 -999 -999 -999
0.09405 0.10000 0.02637 -0.52737 557.43283 0.00899 277.97223 -0.59358 -999 -999 -999
0.08637 0.10000 0.02492 -0.58089 599.48030 0.02010 275.70244 -0.07308 -999 -999 -999
0.07860 0.10000 0.02215 -0.54968 660.21583 0.07599 272.50747 0.73975 -999 -999 -999
0.07400 0.10000 0.02052 -0.54423 699.62361 0.12970 271.76100 1.00000 -999 -999 -999
0.06933 0.10000 0.01754 -0.37344 739.68295 0.23770 272.47518 0.89850 -999 -999 -999
0.06657 0.10000 0.01578 -0.28253 757.01740 0.30363 272.83748 0.77963 -999 -999 -999
0.06377 0.10000 0.01297 -0.04358 751.28290 0.39300 273.06444 0.52866 -999 -999 -999
0.06212 0.10000 0.01130 0.09346 740.91842 0.44442 273.15000 0.40490 -999 -999 -999
0.06048 0.10000 0.00875 0.33180 693.63468 0.51603 273.15000 0.28046 -999 -999 -999
0.05952 0.10000 0.00724 0.45453 672.70273 0.54758 273.15000 0.22858 -999 -999 -999
0.05901 0.10000 0.00587 0.55774 642.48368 0.57370 273.15000 0.19513 -999 -999 -999
0.05816 0.10000 0.00355 0.75746 588.35575 0.61764 273.15000 0.13862 -999 -999 -999
0.05789 0.10000 0.00132 0.87897 558.81611 0.63626 273.15000 0.12274 -999 -999 -999
0.05773 0.10000 0.00000 0.94274 528.72835 0.65094 273.15000 0.10481 -999 -999 -999
0.05800 0.10000 -0.00223 0.95618 498.64615 0.65158 273.15000 0.09591 -999 -999 -999
0.05816 0.10000 -0.00355 0.97593 481.23513 0.65007 273.15000 0.09064 -999 -999 -999
0.05901 0.10000 -0.00587 0.88641 484.47605 0.62805 273.15000 0.09791 -999 -999 -999
0.05952 0.10000 -0.00724 0.85737 492.24644 0.61254 273.15000 0.10470 -999 -999 -999
0.06115 0.10000 -0.00979 0.69381 529.90020 0.57045 273.15000 0.13396 -999 -999 -999
0.06212 0.10000 -0.01130 0.62676 560.35286 0.53958 273.15000 0.16003 -999 -999 -999
0.06492 0.10000 -0.01412 0.42471 603.19620 0.47364 273.15000 0.22805 -999 -999 -999
0.06657 0.10000 -0.01578 0.32350 620.44212 0.42346 273.15000 0.28359 -999 -999 -999
0.07124 0.10000 -0.01876 0.14073 630.80221 0.33127 273.15000 0.47452 -999 -999 -999
0.07400 0.10000 -0.02052 0.04511 621.44223 0.26736 273.15000 0.62790 -999 -999 -999
0.08177 0.10000 -0.02328 -0.04176 591.33355 0.16774 272.83386 0.86241 -999 -999 -999
0.08637 0.10000 -0.02492 -0.09042 563.92906 0.10966 272.45459 0.95436 -999 -999 -999
0.09936 0.10000 -0.02737 -0.07359 512.07067 0.04837 273.62576 0.37295 -999 -999 -999
0.10704 0.10000 -0.02882 -0.07176 487.60838 0.02374 274.48477 -0.07807 -999 -999 -999
0.11983 0.10000 -0.03057 -0.06860 468.81263 0.01626 275.99242 -0.39037 -999 -999 -999
0.14143 0.10000 -0.03353 -0.05979 427.88945 0.00412 278.80744 -1.00000 -999 -999 -999
0.16218 0.10000 -0.03556 -0.07000 412.40738 0.00201 279.43931 -1.00000 -999 -999 -999
0.19725 0.10000 -0.03898 -0.08846 386.78068 0.00033 279.94802 -1.00000 -999 -999 -999
0.22905 0.10000 -0.04089 -0.09999 371.53593 0.00010 280.02074 -1.00000 -999 -999 -999
0.28278 0.10000 -0.04413 -0.12157 353.14026 0.00000 280.04852 -1.00000 -999 -999 -999
0.35722 0.10000 -0.04603 -0.14487 337.87468 0.00000 280.04441 -1.00000 -999 -999 -999
0.40127 0.10000 -0.04715 -0.15562 324.32352 0.00000 280.04219 -1.00000 -999 -999 -999
0.49026 0.10000 -0.04555 -0.16311 307.83310 0.00000 280.04487 -1.00000 -999 -999 -999
0.54291 0.10000 -0.04460 -0.16578 297.04155 0.00000 280.04971 -1.00000 -999 -999 -999
0.63190 0.10000 -0.03903 -0.14522 279.63194 0.00000 280.07387 -1.00000 -999 -999 -999
0.68456 0.10000 -0.03573 -0.13155 270.01552 0.00000 280.08853 -1.00000 -999 -999 -999
0.72860 0.10000 -0.03192 -0.11025 261.10019 0.00000 280.10732 -1.00000 -999 -999 -999
0.80304 0.10000 -0.02547 -0.07844 244.97944 0.00000 280.14236 -1.00000 -999 -999 -999
0.83484 0.10000 -0.02225 -0.06038 236.76453 0.00000 280.16049 -1.00000 -999 -999 -999
0.88858 0.10000 -0.01680 -0.03367 227.04400 0.00000 280.18204 -1.00000 -999 -999 -999
0.92364 0.10000 -0.01275 -0.00674 217.47568 0.00000 280.20526 -1.00000 -999 -999 -999
0.94439 0.10000 -0.01035 0.01087 209.40706 0.00000 280.22469 -1.00000 -999 -999 -999
0.96600 0.10000 -0.00770 0.03732 197.41375 0.00000 280.25312 -1.00000 -999 -999 -999
0.97878 0.10000 -0.00613 0.05284 189.61580 0.00000 280.27082 -1.00000 -999 -999 -999
0.99177 0.10000 -0.00453 0.07176 180.08174 0.00000 280.29395 -1.00000 -999 -999 -999
0.99946 0.10000 -0.00359 0.08236 174.39681 0.00000 280.30741 -1.00000 -999 -999 -999
1.00723 0.10000 -0.00263 0.09453 167.86831 0.00000 280.32363 -1.00000 -999 -999 -999
1.01183 0.10000 -0.00206 0.10152 164.01854 0.00000 280.33300 -1.00000 -999 -999 -999
1.01649 0.10000 -0.00148 0.11005 158.78619 0.00000 280.34531 -1.00000 -999 -999 -999
1.01925 0.10000 -0.00113 0.11472 155.58185 0.00000 280.35261 -1.00000 -999 -999 -999
1.02205 0.10000 -0.00077 0.12190 150.52914 0.00000 280.36330 -1.00000 -999 -999 -999
1.02371 0.10000 -0.00056 0.12549 147.72523 0.00000 280.36911 -1.00000 -999 -999 -999
1.02534 0.10000 -0.00035 0.12805 142.72261 0.00000 280.37927 -1.00000 -999 -999 -999
1.02631 0.10000 -0.00023 0.12888 139.37517 0.00000 280.38702 -1.00000 -999 -999 -999
1.02716 0.10000 -0.00012 0.14734 218.80140 0.00000 280.34022 -1.00000 -999 -999 -999
1.02767 0.10000 -0.00005 0.16637 327.57397 0.00000 280.27757 -1.00000 -999 -999 -999
1.02794 0.10000 -0.00002 -0.07725 677.68136 0.00000 280.08861 -1.00000 -999 -999 -999
1.02809 0.10000 0.00000 -0.26072 847.68073 0.00000 279.99439 -1.00000 -999 -999 -999

ZONE T="SLICE_Y_0p75_BINS07_KS_1mm_CUTDATA"
1.21070 0.75000 0.00000 -0.30039 875.96682 0.00000 279.98087 -1.00000 -999 -999 -999
1.21060 0.75000 0.00001 -0.17343 751.52350 0.00000 280.04940 -1.00000 -999 -999 -999
1.21036 0.75000 0.00004 0.16865 329.39862 0.00000 280.27810 -1.00000 -999 -999 -999
1.21005 0.75000 0.00008 0.15796 249.09521 0.00000 280.32706 -1.00000 -999 -999 -999
1.20927 0.75000 0.00018 0.12982 122.29787 0.00000 280.41519 -1.00000 -999 -999 -999
1.20778 0.75000 0.00038 0.12976 127.35536 0.00000 280.40175 -1.00000 -999 -999 -999
1.20719 0.75000 0.00045 0.12973 129.02898 0.00000 280.39737 -1.00000 -999 -999 -999
1.20617 0.75000 0.00058 0.12758 130.48531 0.00000 280.39397 -1.00000 -999 -999 -999
1.20361 0.75000 0.00090 0.12199 134.32427 0.00000 280.38510 -1.00000 -999 -999 -999
1.20193 0.75000 0.00112 0.11917 136.23346 0.00000 280.38039 -1.00000 -999 -999 -999
1.19766 0.75000 0.00165 0.11191 141.21857 0.00000 280.36818 -1.00000 -999 -999 -999
1.19485 0.75000 0.00200 0.10744 143.80241 0.00000 280.36160 -1.00000 -999 -999 -999
1.18775 0.75000 0.00287 0.09587 151.43907 0.00000 280.34242 -1.00000 -999 -999 -999
1.18305 0.75000 0.00345 0.08874 155.51324 0.00000 280.33254 -1.00000 -999 -999 -999
1.17118 0.75000 0.00491 0.07027 167.17816 0.00000 280.30467 -1.00000 -999 -999 -999
1.15144 0.75000 0.00734 0.04091 181.93793 0.00000 280.27135 -1.00000 -999 -999 -999
1.14362 0.75000 0.00830 0.02962 188.12056 0.00000 280.25716 -1.00000 -999 -999 -999
1.11158 0.75000 0.01200 -0.00884 207.13863 0.00000 280.21309 -1.00000 -999 -999 -999
1.09888 0.75000 0.01347 -0.02351 213.29863 0.00000 280.19876 -1.00000 -999 -999 -999
1.07943 0.75000 0.01544 -0.04077 219.90123 0.00000 280.18264 -1.00000 -999 -999 -999
1.03033 0.75000 0.02041 -0.08641 239.78521 0.00000 280.13438 -1.00000 -999 -999 -999
1.00338 0.75000 0.02275 -0.10899 248.49281 0.00000 280.11206 -1.00000 -999 -999 -999
0.93537 0.75000 0.02864 -0.16946 270.14535 0.00000 280.05838 -1.00000 -999 -999 -999
0.85406 0.75000 0.03373 -0.22666 294.10273 0.00000 280.00724 -1.00000 -999 -999 -999
0.82185 0.75000 0.03574 -0.24764 303.67102 0.00000 279.98648 -1.00000 -999 -999 -999
0.74054 0.75000 0.03721 -0.28113 326.53189 0.00000 279.95200 -1.00000 -999 -999 -999
0.70833 0.75000 0.03779 -0.29299 336.39690 0.00000 279.93796 -1.00000 -999 -999 -999
0.64031 0.75000 0.03605 -0.31728 366.96749 0.00000 279.90517 -1.00000 -999 -999 -999
0.61337 0.75000 0.03536 -0.32559 377.54886 0.00000 279.89407 -1.00000 -999 -999 -999
0.56427 0.75000 0.03241 -0.35591 411.77259 0.00000 279.85785 -1.00000 -999 -999 -999
0.54481 0.75000 0.03124 -0.36649 423.36385 0.00000 279.84588 -1.00000 -999 -999 -999
0.51277 0.75000 0.02811 -0.41040 463.50904 0.00000 279.79152 -1.00000 -999 -999 -999
0.50008 0.75000 0.02687 -0.42609 476.46738 0.00000 279.77469 -1.00000 -999 -999 -999
0.49226 0.75000 0.02580 -0.46191 495.57342 0.00000 279.74464 -1.00000 -999 -999 -999
0.47252 0.75000 0.02310 -0.55999 539.69201 0.00000 279.67374 -1.00000 -999 -999 -999
0.46065 0.75000 0.02086 -0.68132 615.71806 0.01735 276.46727 -0.27279 -999 -999 -999
0.45595 0.75000 0.01997 -0.72598 637.55288 0.02209 275.50175 -0.05456 -999 -999 -999
0.45313 0.75000 0.01897 -0.72746 672.05165 0.05131 274.23404 0.27279 -999 -999 -999
0.44603 0.75000 0.01644 -0.73295 772.68388 0.15234 271.65986 1.00000 -999 -999 -999
0.44177 0.75000 0.01373 -0.56494 821.55351 0.26630 272.37614 0.87836 -999 -999 -999
0.44008 0.75000 0.01265 -0.50175 847.18926 0.31751 272.70820 0.83209 -999 -999 -999
0.43752 0.75000 0.01008 -0.23243 859.75159 0.42041 273.02977 0.60722 -999 -999 -999
0.43651 0.75000 0.00906 -0.13203 864.36831 0.45887 273.15000 0.52197 -999 -999 -999
0.43502 0.75000 0.00673 0.11518 830.85714 0.53330 273.15000 0.37052 -999 -999 -999
0.43442 0.75000 0.00580 0.20704 818.63975 0.56094 273.15000 0.31417 -999 -999 -999
0.43412 0.75000 0.00496 0.28644 796.42282 0.58057 273.15000 0.28409 -999 -999 -999
0.43333 0.75000 0.00284 0.50127 736.04287 0.63178 273.15000 0.20284 -999 -999 -999
0.43324 0.75000 0.00204 0.55313 709.40719 0.64116 273.15000 0.18660 -999 -999 -999
0.43300 0.75000 0.00000 0.69485 636.10166 0.66708 273.15000 0.14218 -999 -999 -999
0.43309 0.75000 -0.00081 0.71506 620.34877 0.66703 273.15000 0.13644 -999 -999 -999
0.43333 0.75000 -0.00284 0.77207 575.58405 0.66827 273.15000 0.12013 -999 -999 -999
0.43364 0.75000 -0.00368 0.75671 579.89455 0.65790 273.15000 0.12439 -999 -999 -999
0.43442 0.75000 -0.00580 0.71844 589.90747 0.62842 273.15000 0.13519 -999 -999 -999
0.43502 0.75000 -0.00673 0.67442 606.01940 0.60954 273.15000 0.15015 -999 -999 -999
0.43651 0.75000 -0.00906 0.55884 650.14763 0.55899 273.15000 0.18949 -999 -999 -999
0.43907 0.75000 -0.01163 0.37354 677.61859 0.47885 273.15000 0.27056 -999 -999 -999
0.44008 0.75000 -0.01265 0.30365 687.69983 0.44858 273.15000 0.30170 -999 -999 -999
0.44434 0.75000 -0.01537 0.12235 671.28018 0.33814 273.15000 0.49351 -999 -999 -999
0.44603 0.75000 -0.01644 0.05439 664.62129 0.29672 273.15000 0.56920 -999 -999 -999
0.45313 0.75000 -0.01897 -0.04514 619.28590 0.19222 272.80136 0.77966 -999 -999 -999
0.45595 0.75000 -0.01997 -0.08185 599.30802 0.14950 272.63265 0.86513 -999 -999 -999
0.46781 0.75000 -0.02221 -0.08625 541.89384 0.07660 272.00674 0.97158 -999 -999 -999
0.47252 0.75000 -0.02310 -0.08723 521.05848 0.05216 271.87655 0.90907 -999 -999 -999
0.49226 0.75000 -0.02580 -0.08566 472.02184 0.02490 274.06834 0.18186 -999 -999 -999
0.50008 0.75000 -0.02687 -0.08466 455.78906 0.01646 275.12177 -0.18186 -999 -999 -999
0.51277 0.75000 -0.02811 -0.09217 444.25063 0.01345 276.02952 -0.22732 -999 -999 -999
0.54481 0.75000 -0.03124 -0.11292 412.71130 0.00341 278.96990 -0.95454 -999 -999 -999
0.59391 0.75000 -0.03419 -0.13338 386.42435 0.00074 279.79814 -0.95454 -999 -999 -999
0.61337 0.75000 -0.03536 -0.14091 375.59973 0.00005 280.01211 -0.95454 -999 -999 -999
0.68138 0.75000 -0.03710 -0.15686 352.81598 0.00000 280.02763 -0.95454 -999 -999 -999
0.70833 0.75000 -0.03779 -0.16287 343.55107 0.00000 280.02853 -1.00000 -999 -999 -999
0.78963 0.75000 -0.03632 -0.16176 319.82333 0.00000 280.03819 -1.00000 -999 -999 -999
0.82185 0.75000 -0.03574 -0.16152 311.30586 0.00000 280.04315 -1.00000 -999 -999 -999
0.90315 0.75000 -0.03065 -0.13004 290.14426 0.00000 280.07008 -1.00000 -999 -999 -999
0.93537 0.75000 -0.02864 -0.11848 282.66378 0.00000 280.08122 -1.00000 -999 -999 -999
1.00338 0.75000 -0.02275 -0.07570 264.58561 0.00000 280.11884 -1.00000 -999 -999 -999
1.03033 0.75000 -0.02041 -0.05977 258.13862 0.00000 280.13291 -1.00000 -999 -999 -999
1.07943 0.75000 -0.01544 -0.02539 241.60358 0.00000 280.17007 -1.00000 -999 -999 -999
1.09888 0.75000 -0.01347 -0.01248 235.54258 0.00000 280.18375 -1.00000 -999 -999 -999
1.13092 0.75000 -0.00977 0.01951 215.03681 0.00000 280.22700 -1.00000 -999 -999 -999
1.14362 0.75000 -0.00830 0.03160 208.77019 0.00000 280.24034 -1.00000 -999 -999 -999
1.15144 0.75000 -0.00734 0.04190 203.79549 0.00000 280.25106 -1.00000 -999 -999 -999
1.17118 0.75000 -0.00491 0.06899 185.48544 0.00000 280.28958 -1.00000 -999 -999 -999
1.17588 0.75000 -0.00433 0.07590 181.25346 0.00000 280.29910 -1.00000 -999 -999 -999
1.18775 0.75000 -0.00287 0.09404 172.71415 0.00000 280.31884 -1.00000 -999 -999 -999
1.19485 0.75000 -0.00200 0.10587 166.97799 0.00000 280.33221 -1.00000 -999 -999 -999
1.19766 0.75000 -0.00165 0.11039 164.10487 0.00000 280.33903 -1.00000 -999 -999 -999
1.20193 0.75000 -0.00112 0.11821 158.25994 0.00000 280.35206 -1.00000 -999 -999 -999
1.20361 0.75000 -0.00090 0.12121 156.17026 0.00000 280.35677 -1.00000 -999 -999 -999
1.20463 0.75000 -0.00078 0.12352 154.69869 0.00000 280.35996 -1.00000 -999 -999 -999
1.20719 0.75000 -0.00045 0.12959 150.56953 0.00000 280.36885 -1.00000 -999 -999 -999
1.20778 0.75000 -0.00038 0.13014 148.54752 0.00000 280.37400 -1.00000 -999 -999 -999
1.20927 0.75000 -0.00018 0.13161 141.75033 0.00000 280.39156 -1.00000 -999 -999 -999
1.20958 0.75000 -0.00014 0.14433 219.97421 0.00000 280.34684 -1.00000 -999 -999 -999
1.21036 0.75000 -0.00004 0.17774 540.83979 0.00000 280.16545 -1.00000 -999 -999 -999
1.21046 0.75000 -0.00003 0.04826 661.84398 0.00000 280.09982 -1.00000 -999 -999 -999
1.21070 0.75000 0.00000 -0.30039 875.96682 0.00000 279.98087 -1.00000 -999 -999 -999

ZONE T="SLICE_Y_1p4_BINS07_KS_1mm_CUTDATA"
1.39331 1.40000 0.00000 -0.36138 939.68893 0.00000 279.95060 -1.00000 -999 -999 -999
1.39325 1.40000 0.00001 -0.25400 840.83685 0.00000 280.00512 -1.00000 -999 -999 -999
1.39305 1.40000 0.00003 0.16690 450.74107 0.00000 280.21613 -1.00000 -999 -999 -999
1.39288 1.40000 0.00005 0.15803 386.64837 0.00000 280.25441 -1.00000 -999 -999 -999
1.39223 1.40000 0.00014 0.12322 127.93850 0.00000 280.40358 -1.00000 -999 -999 -999
1.39099 1.40000 0.00030 0.12288 133.66509 0.00000 280.38835 -1.00000 -999 -999 -999
1.39066 1.40000 0.00034 0.12289 135.13463 0.00000 280.38465 -1.00000 -999 -999 -999
1.38853 1.40000 0.00061 0.11671 139.26800 0.00000 280.37604 -1.00000 -999 -999 -999
1.38798 1.40000 0.00068 0.11516 140.39018 0.00000 280.37362 -1.00000 -999 -999 -999
1.38442 1.40000 0.00113 0.10807 145.79357 0.00000 280.36160 -1.00000 -999 -999 -999
1.38350 1.40000 0.00124 0.10633 147.18553 0.00000 280.35842 -1.00000 -999 -999 -999
1.37758 1.40000 0.00197 0.09570 153.54718 0.00000 280.34356 -1.00000 -999 -999 -999
1.37604 1.40000 0.00216 0.09302 155.32409 0.00000 280.33938 -1.00000 -999 -999 -999
1.36615 1.40000 0.00338 0.07681 164.49600 0.00000 280.31820 -1.00000 -999 -999 -999
1.36358 1.40000 0.00369 0.07262 167.64137 0.00000 280.31119 -1.00000 -999 -999 -999
1.34713 1.40000 0.00572 0.04822 186.17183 0.00000 280.27233 -1.00000 -999 -999 -999
1.34284 1.40000 0.00624 0.04172 190.73172 0.00000 280.26287 -1.00000 -999 -999 -999
1.33589 1.40000 0.00705 0.03343 195.23303 0.00000 280.25373 -1.00000 -999 -999 -999
1.30919 1.40000 0.01013 0.00286 217.06012 0.00000 280.20812 -1.00000 -999 -999 -999
1.29853 1.40000 0.01121 -0.00688 222.58915 0.00000 280.19662 -1.00000 -999 -999 -999
1.25762 1.40000 0.01536 -0.04271 242.71138 0.00000 280.15318 -1.00000 -999 -999 -999
1.24285 1.40000 0.01663 -0.05650 249.12793 0.00000 280.13985 -1.00000 -999 -999 -999
1.18618 1.40000 0.02154 -0.10769 272.06956 0.00000 280.09258 -1.00000 -999 -999 -999
1.16853 1.40000 0.02265 -0.12184 279.81392 0.00000 280.07907 -1.00000 -999 -999 -999
1.10078 1.40000 0.02689 -0.17462 306.14195 0.00000 280.03530 -1.00000 -999 -999 -999
1.08313 1.40000 0.02721 -0.18445 314.87502 0.00000 280.02410 -1.00000 -999 -999 -999
1.01538 1.40000 0.02843 -0.22106 349.07847 0.00000 279.98150 -1.00000 -999 -999 -999
0.95871 1.40000 0.02698 -0.25642 381.57738 0.00000 279.94377 -1.00000 -999 -999 -999
0.94395 1.40000 0.02660 -0.26594 391.05524 0.00000 279.93259 -1.00000 -999 -999 -999
0.90303 1.40000 0.02414 -0.31524 426.54716 0.00000 279.89142 -1.00000 -999 -999 -999
0.89237 1.40000 0.02350 -0.32790 436.74467 0.00000 279.87920 -1.00000 -999 -999 -999
0.86568 1.40000 0.02090 -0.39072 487.62071 0.00000 279.81208 -1.00000 -999 -999 -999
0.85872 1.40000 0.02022 -0.40592 499.32162 0.00000 279.79647 -1.00000 -999 -999 -999
0.84227 1.40000 0.01796 -0.51415 563.15741 0.00031 279.63398 -1.00000 -999 -999 -999
0.83799 1.40000 0.01737 -0.54191 578.24747 0.00037 279.59776 -1.00000 -999 -999 -999
0.83541 1.40000 0.01689 -0.57353 600.13386 0.00925 278.72259 -0.79484 -999 -999 -999
0.82552 1.40000 0.01502 -0.69420 685.02863 0.04481 275.33876 0.00000 -999 -999 -999
0.82398 1.40000 0.01447 -0.69372 711.15358 0.07408 274.62522 0.20516 -999 -999 -999
0.81807 1.40000 0.01237 -0.69145 812.25005 0.18899 271.88853 1.00000 -999 -999 -999
0.81451 1.40000 0.01011 -0.51653 885.29249 0.33045 272.63416 0.84971 -999 -999 -999
0.81359 1.40000 0.00952 -0.47118 904.11259 0.36717 272.83023 0.81135 -999 -999 -999
0.81146 1.40000 0.00737 -0.18883 922.10107 0.47687 273.08241 0.56456 -999 -999 -999
0.81090 1.40000 0.00681 -0.11535 926.12458 0.50668 273.15000 0.49740 -999 -999 -999
0.80966 1.40000 0.00487 0.14443 892.98693 0.58409 273.15000 0.35201 -999 -999 -999
0.80933 1.40000 0.00436 0.21193 885.44847 0.60284 273.15000 0.31733 -999 -999 -999
0.80916 1.40000 0.00390 0.27043 871.81806 0.61497 273.15000 0.29889 -999 -999 -999
0.80851 1.40000 0.00214 0.49477 803.78111 0.66872 273.15000 0.21363 -999 -999 -999
0.80846 1.40000 0.00170 0.53284 780.30633 0.67751 273.15000 0.19880 -999 -999 -999
0.80826 1.40000 0.00000 0.67818 701.88660 0.70627 273.15000 0.15210 -999 -999 -999
0.80831 1.40000 -0.00044 0.69208 688.34208 0.70671 273.15000 0.14716 -999 -999 -999
0.80851 1.40000 -0.00214 0.74357 645.17357 0.70715 273.15000 0.13193 -999 -999 -999
0.80916 1.40000 -0.00390 0.69288 658.81570 0.67466 273.15000 0.14625 -999 -999 -999
0.80933 1.40000 -0.00436 0.68028 662.15291 0.66615 273.15000 0.14980 -999 -999 -999
0.81058 1.40000 -0.00631 0.54683 702.45004 0.61463 273.15000 0.18776 -999 -999 -999
0.81090 1.40000 -0.00681 0.51282 714.59536 0.59973 273.15000 0.19962 -999 -999 -999
0.81303 1.40000 -0.00896 0.30708 745.43532 0.51292 273.15000 0.28883 -999 -999 -999
0.81359 1.40000 -0.00952 0.25416 752.21835 0.48994 273.15000 0.31189 -999 -999 -999
0.81451 1.40000 -0.01011 0.20354 745.17079 0.45614 273.15000 0.36790 -999 -999 -999
0.81807 1.40000 -0.01237 0.00737 730.84381 0.33952 273.15000 0.55425 -999 -999 -999
0.82398 1.40000 -0.01447 -0.10219 659.47603 0.19992 272.73164 0.81622 -999 -999 -999
0.82552 1.40000 -0.01502 -0.13064 642.15284 0.16718 272.60245 0.87769 -999 -999 -999
0.82810 1.40000 -0.01551 -0.13240 626.93526 0.14991 272.47403 0.90017 -999 -999 -999
0.83799 1.40000 -0.01737 -0.13875 554.43052 0.07085 271.88188 1.00000 -999 -999 -999
0.85444 1.40000 -0.01963 -0.13575 511.03346 0.04252 272.87498 0.20516 -999 -999 -999
0.85872 1.40000 -0.02022 -0.13516 499.18329 0.03499 273.13782 0.00000 -999 -999 -999
0.86568 1.40000 -0.02090 -0.13997 489.74385 0.03019 273.85397 -0.20516 -999 -999 -999
0.89237 1.40000 -0.02350 -0.15415 449.21193 0.01050 276.89882 -1.00000 -999 -999 -999
0.90303 1.40000 -0.02414 -0.15649 440.45206 0.00838 277.51953 -1.00000 -999 -999 -999
0.94395 1.40000 -0.02660 -0.16120 405.12313 0.00089 279.72402 -1.00000 -999 -999 -999
0.95871 1.40000 -0.02698 -0.16139 396.64546 0.00068 279.79064 -1.00000 -999 -999 -999
1.01538 1.40000 -0.02843 -0.16029 365.35456 0.00000 280.01907 -1.00000 -999 -999 -999
1.03303 1.40000 -0.02811 -0.15701 357.40134 0.00000 280.02528 -1.00000 -999 -999 -999
1.10078 1.40000 -0.02689 -0.14408 332.75032 0.00000 280.04386 -1.00000 -999 -999 -999
1.16853 1.40000 -0.02265 -0.10873 309.76505 0.00000 280.07339 -1.00000 -999 -999 -999
1.18618 1.40000 -0.02154 -0.09937 303.42341 0.00000 280.08222 -1.00000 -999 -999 -999
1.24285 1.40000 -0.01663 -0.05810 282.41389 0.00000 280.12051 -1.00000 -999 -999 -999
1.25762 1.40000 -0.01536 -0.04710 277.12179 0.00000 280.13056 -1.00000 -999 -999 -999
1.29853 1.40000 -0.01121 -0.01530 254.13541 0.00000 280.17420 -1.00000 -999 -999 -999
1.30919 1.40000 -0.01013 -0.00679 249.12712 0.00000 280.18375 -1.00000 -999 -999 -999
1.31614 1.40000 -0.00933 0.00128 243.78119 0.00000 280.19370 -1.00000 -999 -999 -999
1.34284 1.40000 -0.00624 0.03158 222.39328 0.00000 280.23251 -1.00000 -999 -999 -999
1.35929 1.40000 -0.00422 0.05798 207.20728 0.00000 280.26025 -1.00000 -999 -999 -999
1.36358 1.40000 -0.00369 0.06494 202.60341 0.00000 280.26882 -1.00000 -999 -999 -999
1.37346 1.40000 -0.00248 0.08324 189.58016 0.00000 280.29494 -1.00000 -999 -999 -999
1.37604 1.40000 -0.00216 0.08799 186.90110 0.00000 280.30039 -1.00000 -999 -999 -999
1.37758 1.40000 -0.00197 0.09111 184.97258 0.00000 280.30453 -1.00000 -999 -999 -999
1.38350 1.40000 -0.00124 0.10328 176.48942 0.00000 280.32239 -1.00000 -999 -999 -999
1.38442 1.40000 -0.00113 0.10536 174.87341 0.00000 280.32567 -1.00000 -999 -999 -999
1.38798 1.40000 -0.00068 0.11361 168.59610 0.00000 280.33809 -1.00000 -999 -999 -999
1.38853 1.40000 -0.00061 0.11530 167.35822 0.00000 280.34050 -1.00000 -999 -999 -999
1.39066 1.40000 -0.00034 0.12199 162.99953 0.00000 280.34890 -1.00000 -999 -999 -999
1.39099 1.40000 -0.00030 0.12230 161.50944 0.00000 280.35243 -1.00000 -999 -999 -999
1.39223 1.40000 -0.00014 0.12368 157.18899 0.00000 280.36262 -1.00000 -999 -999 -999
1.39288 1.40000 -0.00005 0.16006 373.41854 0.00000 280.25019 -1.00000 -999 -999 -999
1.39305 1.40000 -0.00003 0.16941 436.03214 0.00000 280.21577 -1.00000 -999 -999 -999
1.39325 1.40000 -0.00001 -0.25342 845.53449 0.00000 280.00076 -1.00000 -999 -999 -999
1.39331 1.40000 0.00000 -0.36138 939.68893 0.00000 279.95060 -1.00000 -999 -999 -999

ZONE T="SLICE_Y_0p1_BINS15_KS_1mm_CUTDATA"
1.02809 0.10000 0.00000 -0.26072 847.68073 0.00000 279.99439 -1.00000 -999 -999 -999
1.02783 0.10000 0.00003 -0.02292 666.95176 0.00000 280.09221 -1.00000 -999 -999 -999
1.02767 0.10000 0.00005 0.15706 493.54787 0.00000 280.18913 -1.00000 -999 -999 -999
1.02682 0.10000 0.00016 0.14317 231.03405 0.00000 280.34882 -1.00000 -999 -999 -999
1.02631 0.10000 0.00023 0.12689 118.44094 0.00000 280.41911 -1.00000 -999 -999 -999
1.02534 0.10000 0.00035 0.12667 120.95570 0.00000 280.41202 -1.00000 -999 -999 -999
1.02371 0.10000 0.00056 0.12453 127.67316 0.00000 280.39606 -1.00000 -999 -999 -999
1.02205 0.10000 0.00077 0.12105 130.18186 0.00000 280.39077 -1.00000 -999 -999 -999
1.01925 0.10000 0.00113 0.11411 135.33065 0.00000 280.37912 -1.00000 -999 -999 -999
1.01649 0.10000 0.00148 0.10946 138.48659 0.00000 280.37155 -1.00000 -999 -999 -999
1.01183 0.10000 0.00206 0.10060 144.02244 0.00000 280.35777 -1.00000 -999 -999 -999
1.00723 0.10000 0.00263 0.09329 147.83172 0.00000 280.34802 -1.00000 -999 -999 -999
0.99946 0.10000 0.00359 0.08016 155.00841 0.00000 280.32937 -1.00000 -999 -999 -999
0.99177 0.10000 0.00453 0.06868 160.55016 0.00000 280.31523 -1.00000 -999 -999 -999
0.97878 0.10000 0.00613 0.04780 171.14349 0.00000 280.28822 -1.00000 -999 -999 -999
0.96600 0.10000 0.00770 0.03014 181.43483 0.00000 280.26307 -1.00000 -999 -999 -999
0.94439 0.10000 0.01035 -0.00035 191.94954 0.00000 280.23569 -1.00000 -999 -999 -999
0.90933 0.10000 0.01441 -0.03451 206.28701 0.00000 280.20059 -1.00000 -999 -999 -999
0.88858 0.10000 0.01680 -0.05644 217.17840 0.00000 280.17456 -1.00000 -999 -999 -999
0.85678 0.10000 0.02003 -0.08107 225.74021 0.00000 280.15160 -1.00000 -999 -999 -999
0.80304 0.10000 0.02547 -0.11818 244.15910 0.00000 280.10296 -1.00000 -999 -999 -999
0.75899 0.10000 0.02928 -0.14873 254.46137 0.00000 280.07590 -1.00000 -999 -999 -999
0.68456 0.10000 0.03573 -0.19521 270.26375 0.00000 280.03460 -1.00000 -999 -999 -999
0.63190 0.10000 0.03903 -0.22111 281.62116 0.00000 280.01064 -1.00000 -999 -999 -999
0.54291 0.10000 0.04460 -0.26245 298.45262 0.00000 279.97736 -1.00000 -999 -999 -999
0.49026 0.10000 0.04555 -0.27381 310.88321 0.00000 279.96121 -1.00000 -999 -999 -999
0.40127 0.10000 0.04715 -0.28743 329.90053 0.00000 279.94142 -1.00000 -999 -999 -999
0.35722 0.10000 0.04603 -0.29283 344.02680 0.00000 279.93009 -1.00000 -999 -999 -999
0.28278 0.10000 0.04413 -0.29178 367.29158 0.00000 279.91579 -1.00000 -999 -999 -999
0.25099 0.10000 0.04221 -0.30002 383.51688 0.00000 279.90333 -1.00000 -999 -999 -999
0.19725 0.10000 0.03898 -0.30700 409.72843 0.00000 279.88557 -1.00000 -999 -999 -999
0.17650 0.10000 0.03696 -0.32207 427.92147 0.00000 279.86885 -1.00000 -999 -999 -999
0.14143 0.10000 0.03353 -0.33830 450.60385 0.00000 279.84831 -1.00000 -999 -999 -999
0.11983 0.10000 0.03057 -0.39988 479.27808 0.00000 279.80799 -0.79679 -999 -999 -999
0.10704 0.10000 0.02882 -0.44173 507.94455 0.00000 279.76474 -0.74102 -999 -999 -999
0.09405 0.10000 0.02637 -0.52737 557.43283 0.00901 277.97241 -0.33461 -999 -999 -999
0.08637 0.10000 0.02492 -0.58089 599.48030 0.02006 275.70211 0.13012 -999 -999 -999
0.07860 0.10000 0.02215 -0.54968 660.21583 0.07576 272.50566 0.73975 -999 -999 -999
0.07400 0.10000 0.02052 -0.54423 699.62361 0.12929 271.75797 1.00000 -999 -999 -999
0.06933 0.10000 0.01754 -0.37344 739.68295 0.23687 272.47100 0.89887 -999 -999 -999
0.06657 0.10000 0.01578 -0.28253 757.01740 0.30254 272.83417 0.78057 -999 -999 -999
0.06377 0.10000 0.01297 -0.04358 751.28290 0.39160 273.06358 0.53019 -999 -999 -999
0.06212 0.10000 0.01130 0.09346 740.91842 0.44300 273.15000 0.40634 -999 -999 -999
0.06048 0.10000 0.00875 0.33180 693.63468 0.51481 273.15000 0.28120 -999 -999 -999
0.05952 0.10000 0.00724 0.45453 672.70273 0.54640 273.15000 0.22903 -999 -999 -999
0.05901 0.10000 0.00587 0.55774 642.48368 0.57247 273.15000 0.19551 -999 -999 -999
0.05816 0.10000 0.00355 0.75746 588.35575 0.61659 273.15000 0.13882 -999 -999 -999
0.05789 0.10000 0.00132 0.87897 558.81611 0.63503 273.15000 0.12292 -999 -999 -999
0.05773 0.10000 0.00000 0.94274 528.72835 0.64978 273.15000 0.10493 -999 -999 -999
0.05800 0.10000 -0.00223 0.95618 498.64615 0.65048 273.15000 0.09600 -999 -999 -999
0.05816 0.10000 -0.00355 0.97593 481.23513 0.64898 273.15000 0.09072 -999 -999 -999
0.05901 0.10000 -0.00587 0.88641 484.47605 0.62684 273.15000 0.09802 -999 -999 -999
0.05952 0.10000 -0.00724 0.85737 492.24644 0.61132 273.15000 0.10483 -999 -999 -999
0.06115 0.10000 -0.00979 0.69381 529.90020 0.56928 273.15000 0.13416 -999 -999 -999
0.06212 0.10000 -0.01130 0.62676 560.35286 0.53845 273.15000 0.16029 -999 -999 -999
0.06492 0.10000 -0.01412 0.42471 603.19620 0.47256 273.15000 0.22860 -999 -999 -999
0.06657 0.10000 -0.01578 0.32350 620.44212 0.42229 273.15000 0.28445 -999 -999 -999
0.07124 0.10000 -0.01876 0.14073 630.80221 0.33006 273.15000 0.47698 -999 -999 -999
0.07400 0.10000 -0.02052 0.04511 621.44223 0.26622 273.15000 0.63155 -999 -999 -999
0.08177 0.10000 -0.02328 -0.04176 591.33355 0.16700 272.83394 0.86654 -999 -999 -999
0.08637 0.10000 -0.02492 -0.09042 563.92906 0.10932 272.45591 0.95758 -999 -999 -999
0.09936 0.10000 -0.02737 -0.07359 512.07067 0.04851 273.60202 0.37367 -999 -999 -999
0.10704 0.10000 -0.02882 -0.07176 487.60838 0.02411 274.41889 -0.07807 -999 -999 -999
0.11983 0.10000 -0.03057 -0.06860 468.81263 0.01652 275.93369 -0.39037 -999 -999 -999
0.14143 0.10000 -0.03353 -0.05979 427.88945 0.00436 278.73295 -1.00000 -999 -999 -999
0.16218 0.10000 -0.03556 -0.07000 412.40738 0.00217 279.38857 -0.92193 -999 -999 -999
0.19725 0.10000 -0.03898 -0.08846 386.78068 0.00039 279.93028 -0.92193 -999 -999 -999
0.22905 0.10000 -0.04089 -0.09999 371.53593 0.00012 280.01298 -0.94423 -999 -999 -999
0.28278 0.10000 -0.04413 -0.12157 353.14026 0.00000 280.04850 -0.94423 -999 -999 -999
0.35722 0.10000 -0.04603 -0.14487 337.87468 0.00000 280.04439 -0.94423 -999 -999 -999
0.40127 0.10000 -0.04715 -0.15562 324.32352 0.00000 280.04219 -1.00000 -999 -999 -999
0.49026 0.10000 -0.04555 -0.16311 307.83310 0.00000 280.04487 -1.00000 -999 -999 -999
0.54291 0.10000 -0.04460 -0.16578 297.04155 0.00000 280.04971 -1.00000 -999 -999 -999
0.63190 0.10000 -0.03903 -0.14522 279.63194 0.00000 280.07387 -1.00000 -999 -999 -999
0.68456 0.10000 -0.03573 -0.13155 270.01552 0.00000 280.08853 -1.00000 -999 -999 -999
0.72860 0.10000 -0.03192 -0.11025 261.10019 0.00000 280.10732 -1.00000 -999 -999 -999
0.80304 0.10000 -0.02547 -0.07844 244.97944 0.00000 280.14236 -1.00000 -999 -999 -999
0.83484 0.10000 -0.02225 -0.06038 236.76453 0.00000 280.16049 -1.00000 -999 -999 -999
0.88858 0.10000 -0.01680 -0.03367 227.04400 0.00000 280.18204 -1.00000 -999 -999 -999
0.92364 0.10000 -0.01275 -0.00674 217.47568 0.00000 280.20526 -1.00000 -999 -999 -999
0.94439 0.10000 -0.01035 0.01087 209.40706 0.00000 280.22469 -1.00000 -999 -999 -999
0.96600 0.10000 -0.00770 0.03732 197.41375 0.00000 280.25312 -1.00000 -999 -999 -999
0.97878 0.10000 -0.00613 0.05284 189.61580 0.00000 280.27082 -1.00000 -999 -999 -999
0.99177 0.10000 -0.00453 0.07176 180.08174 0.00000 280.29395 -1.00000 -999 -999 -999
0.99946 0.10000 -0.00359 0.08236 174.39681 0.00000 280.30741 -1.00000 -999 -999 -999
1.00723 0.10000 -0.00263 0.09453 167.86831 0.00000 280.32363 -1.00000 -999 -999 -999
1.01183 0.10000 -0.00206 0.10152 164.01854 0.00000 280.33300 -1.00000 -999 -999 -999
1.01649 0.10000 -0.00148 0.11005 158.78619 0.00000 280.34531 -1.00000 -999 -999 -999
1.01925 0.10000 -0.00113 0.11472 155.58185 0.00000 280.35261 -1.00000 -999 -999 -999
1.02205 0.10000 -0.00077 0.12190 150.52914 0.00000 280.36330 -1.00000 -999 -999 -999
1.02371 0.10000 -0.00056 0.12549 147.72523 0.00000 280.36911 -1.00000 -999 -999 -999
1.02534 0.10000 -0.00035 0.12805 142.72261 0.00000 280.37927 -1.00000 -999 -999 -999
1.02631 0.10000 -0.00023 0.12888 139.37517 0.00000 280.38702 -1.00000 -999 -999 -999
1.02716 0.10000 -0.00012 0.14734 218.80140 0.00000 280.34022 -1.00000 -999 -999 -999
1.02767 0.10000 -0.00005 0.16637 327.57397 0.00000 280.27757 -1.00000 -999 -999 -999
1.02794 0.10000 -0.00002 -0.07725 677.68136 0.00000 280.08861 -1.00000 -999 -999 -999
1.02809 0.10000 0.00000 -0.26072 847.68073 0.00000 279.99439 -1.00000 -999 -999 -999

ZONE T="SLICE_Y_0p75_BINS15_KS_1mm_CUTDATA"
1.21070 0.75000 0.00000 -0.30039 875.96682 0.00000 279.98087 -1.00000 -999 -999 -999
1.21060 0.75000 0.00001 -0.17343 751.52350 0.00000 280.04940 -1.00000 -999 -999 -999
1.21036 0.75000 0.00004 0.16865 329.39862 0.00000 280.27810 -1.00000 -999 -999 -999
1.21005 0.75000 0.00008 0.15796 249.09521 0.00000 280.32706 -1.00000 -999 -999 -999
1.20927 0.75000 0.00018 0.12982 122.29787 0.00000 280.41519 -1.00000 -999 -999 -999
1.20778 0.75000 0.00038 0.12976 127.35536 0.00000 280.40175 -1.00000 -999 -999 -999
1.20719 0.75000 0.00045 0.12973 129.02898 0.00000 280.39737 -1.00000 -999 -999 -999
1.20617 0.75000 0.00058 0.12758 130.48531 0.00000 280.39397 -1.00000 -999 -999 -999
1.20361 0.75000 0.00090 0.12199 134.32427 0.00000 280.38510 -1.00000 -999 -999 -999
1.20193 0.75000 0.00112 0.11917 136.23346 0.00000 280.38039 -1.00000 -999 -999 -999
1.19766 0.75000 0.00165 0.11191 141.21857 0.00000 280.36818 -1.00000 -999 -999 -999
1.19485 0.75000 0.00200 0.10744 143.80241 0.00000 280.36160 -1.00000 -999 -999 -999
1.18775 0.75000 0.00287 0.09587 151.43907 0.00000 280.34242 -1.00000 -999 -999 -999
1.18305 0.75000 0.00345 0.08874 155.51324 0.00000 280.33254 -1.00000 -999 -999 -999
1.17118 0.75000 0.00491 0.07027 167.17816 0.00000 280.30467 -1.00000 -999 -999 -999
1.15144 0.75000 0.00734 0.04091 181.93793 0.00000 280.27135 -1.00000 -999 -999 -999
1.14362 0.75000 0.00830 0.02962 188.12056 0.00000 280.25716 -1.00000 -999 -999 -999
1.11158 0.75000 0.01200 -0.00884 207.13863 0.00000 280.21309 -1.00000 -999 -999 -999
1.09888 0.75000 0.01347 -0.02351 213.29863 0.00000 280.19876 -1.00000 -999 -999 -999
1.07943 0.75000 0.01544 -0.04077 219.90123 0.00000 280.18264 -1.00000 -999 -999 -999
1.03033 0.75000 0.02041 -0.08641 239.78521 0.00000 280.13438 -1.00000 -999 -999 -999
1.00338 0.75000 0.02275 -0.10899 248.49281 0.00000 280.11206 -1.00000 -999 -999 -999
0.93537 0.75000 0.02864 -0.16946 270.14535 0.00000 280.05838 -1.00000 -999 -999 -999
0.85406 0.75000 0.03373 -0.22666 294.10273 0.00000 280.00724 -1.00000 -999 -999 -999
0.82185 0.75000 0.03574 -0.24764 303.67102 0.00000 279.98648 -1.00000 -999 -999 -999
0.74054 0.75000 0.03721 -0.28113 326.53189 0.00000 279.95200 -1.00000 -999 -999 -999
0.70833 0.75000 0.03779 -0.29299 336.39690 0.00000 279.93796 -1.00000 -999 -999 -999
0.64031 0.75000 0.03605 -0.31728 366.96749 0.00000 279.90517 -1.00000 -999 -999 -999
0.61337 0.75000 0.03536 -0.32559 377.54886 0.00000 279.89407 -1.00000 -999 -999 -999
0.56427 0.75000 0.03241 -0.35591 411.77259 0.00000 279.85785 -1.00000 -999 -999 -999
0.54481 0.75000 0.03124 -0.36649 423.36385 0.00000 279.84588 -1.00000 -999 -999 -999
0.51277 0.75000 0.02811 -0.41040 463.50904 0.00000 279.79152 -1.00000 -999 -999 -999
0.50008 0.75000 0.02687 -0.42609 476.46738 0.00000 279.77469 -1.00000 -999 -999 -999
0.49226 0.75000 0.02580 -0.46191 495.57342 0.00000 279.74464 -0.95454 -999 -999 -999
0.47252 0.75000 0.02310 -0.55999 539.69201 0.00000 279.67303 -0.77273 -999 -999 -999
0.46065 0.75000 0.02086 -0.68132 615.71806 0.01752 276.46777 -0.13642 -999 -999 -999
0.45595 0.75000 0.01997 -0.72598 637.55288 0.02225 275.50206 0.03634 -999 -999 -999
0.45313 0.75000 0.01897 -0.72746 672.05165 0.05140 274.23392 0.36369 -999 -999 -999
0.44603 0.75000 0.01644 -0.73295 772.68388 0.15206 271.65815 1.00000 -999 -999 -999
0.44177 0.75000 0.01373 -0.56494 821.55351 0.26542 272.37364 0.87933 -999 -999 -999
0.44008 0.75000 0.01265 -0.50175 847.18926 0.31642 272.70574 0.83345 -999 -999 -999
0.43752 0.75000 0.01008 -0.23243 859.75159 0.41914 273.02917 0.60894 -999 -999 -999
0.43651 0.75000 0.00906 -0.13203 864.36831 0.45749 273.15000 0.52382 -999 -999 -999
0.43502 0.75000 0.00673 0.11518 830.85714 0.53174 273.15000 0.37168 -999 -999 -999
0.43442 0.75000 0.00580 0.20704 818.63975 0.55946 273.15000 0.31500 -999 -999 -999
0.43412 0.75000 0.00496 0.28644 796.42282 0.57918 273.15000 0.28479 -999 -999 -999
0.43333 0.75000 0.00284 0.50127 736.04287 0.63097 273.15000 0.20308 -999 -999 -999
0.43324 0.75000 0.00204 0.55313 709.40719 0.64027 273.15000 0.18682 -999 -999 -999
0.43300 0.75000 0.00000 0.69485 636.10166 0.66564 273.15000 0.14240 -999 -999 -999
0.43309 0.75000 -0.00081 0.71506 620.34877 0.66568 273.15000 0.13665 -999 -999 -999
0.43333 0.75000 -0.00284 0.77207 575.58405 0.66575 273.15000 0.12043 -999 -999 -999
0.43364 0.75000 -0.00368 0.75671 579.89455 0.65537 273.15000 0.12470 -999 -999 -999
0.43442 0.75000 -0.00580 0.71844 589.90747 0.62660 273.15000 0.13545 -999 -999 -999
0.43502 0.75000 -0.00673 0.67442 606.01940 0.60769 273.15000 0.15046 -999 -999 -999
0.43651 0.75000 -0.00906 0.55884 650.14763 0.55797 273.15000 0.18981 -999 -999 -999
0.43907 0.75000 -0.01163 0.37354 677.61859 0.47782 273.15000 0.27116 -999 -999 -999
0.44008 0.75000 -0.01265 0.30365 687.69983 0.44754 273.15000 0.30243 -999 -999 -999
0.44434 0.75000 -0.01537 0.12235 671.28018 0.33715 273.15000 0.49531 -999 -999 -999
0.44603 0.75000 -0.01644 0.05439 664.62129 0.29577 273.15000 0.57128 -999 -999 -999
0.45313 0.75000 -0.01897 -0.04514 619.28590 0.19183 272.80243 0.78131 -999 -999 -999
0.45595 0.75000 -0.01997 -0.08185 599.30802 0.14922 272.63302 0.86659 -999 -999 -999
0.46781 0.75000 -0.02221 -0.08625 541.89384 0.07642 272.00558 0.97189 -999 -999 -999
0.47252 0.75000 -0.02310 -0.08723 521.05848 0.05206 271.87384 0.90907 -999 -999 -999
0.49226 0.75000 -0.02580 -0.08566 472.02184 0.02497 274.04600 0.18186 -999 -999 -999
0.50008 0.75000 -0.02687 -0.08466 455.78906 0.01665 275.07728 -0.18186 -999 -999 -999
0.51277 0.75000 -0.02811 -0.09217 444.25063 0.01361 275.99376 -0.27279 -999 -999 -999
0.54481 0.75000 -0.03124 -0.11292 412.71130 0.00352 278.93333 -1.00000 -999 -999 -999
0.59391 0.75000 -0.03419 -0.13338 386.42435 0.00080 279.77839 -1.00000 -999 -999 -999
0.61337 0.75000 -0.03536 -0.14091 375.59973 0.00007 280.00623 -1.00000 -999 -999 -999
0.68138 0.75000 -0.03710 -0.15686 352.81598 0.00001 280.02582 -1.00000 -999 -999 -999
0.70833 0.75000 -0.03779 -0.16287 343.55107 0.00000 280.02853 -1.00000 -999 -999 -999
0.78963 0.75000 -0.03632 -0.16176 319.82333 0.00000 280.03819 -1.00000 -999 -999 -999
0.82185 0.75000 -0.03574 -0.16152 311.30586 0.00000 280.04315 -1.00000 -999 -999 -999
0.90315 0.75000 -0.03065 -0.13004 290.14426 0.00000 280.07008 -1.00000 -999 -999 -999
0.93537 0.75000 -0.02864 -0.11848 282.66378 0.00000 280.08122 -1.00000 -999 -999 -999
1.00338 0.75000 -0.02275 -0.07570 264.58561 0.00000 280.11884 -1.00000 -999 -999 -999
1.03033 0.75000 -0.02041 -0.05977 258.13862 0.00000 280.13291 -1.00000 -999 -999 -999
1.07943 0.75000 -0.01544 -0.02539 241.60358 0.00000 280.17007 -1.00000 -999 -999 -999
1.09888 0.75000 -0.01347 -0.01248 235.54258 0.00000 280.18375 -1.00000 -999 -999 -999
1.13092 0.75000 -0.00977 0.01951 215.03681 0.00000 280.22700 -1.00000 -999 -999 -999
1.14362 0.75000 -0.00830 0.03160 208.77019 0.00000 280.24034 -1.00000 -999 -999 -999
1.15144 0.75000 -0.00734 0.04190 203.79549 0.00000 280.25106 -1.00000 -999 -999 -999
1.17118 0.75000 -0.00491 0.06899 185.48544 0.00000 280.28958 -1.00000 -999 -999 -999
1.17588 0.75000 -0.00433 0.07590 181.25346 0.00000 280.29910 -1.00000 -999 -999 -999
1.18775 0.75000 -0.00287 0.09404 172.71415 0.00000 280.31884 -1.00000 -999 -999 -999
1.19485 0.75000 -0.00200 0.10587 166.97799 0.00000 280.33221 -1.00000 -999 -999 -999
1.19766 0.75000 -0.00165 0.11039 164.10487 0.00000 280.33903 -1.00000 -999 -999 -999
1.20193 0.75000 -0.00112 0.11821 158.25994 0.00000 280.35206 -1.00000 -999 -999 -999
1.20361 0.75000 -0.00090 0.12121 156.17026 0.00000 280.35677 -1.00000 -999 -999 -999
1.20463 0.75000 -0.00078 0.12352 154.69869 0.00000 280.35996 -1.00000 -999 -999 -999
1.20719 0.75000 -0.00045 0.12959 150.56953 0.00000 280.36885 -1.00000 -999 -999 -999
1.20778 0.75000 -0.00038 0.13014 148.54752 0.00000 280.37400 -1.00000 -999 -999 -999
1.20927 0.75000 -0.00018 0.13161 141.75033 0.00000 280.39156 -1.00000 -999 -999 -999
1.20958 0.75000 -0.00014 0.14433 219.97421 0.00000 280.34684 -1.00000 -999 -999 -999
1.21036 0.75000 -0.00004 0.17774 540.83979 0.00000 280.16545 -1.00000 -999 -999 -999
1.21046 0.75000 -0.00003 0.04826 661.84398 0.00000 280.09982 -1.00000 -999 -999 -999
1.21070 0.75000 0.00000 -0.30039 875.96682 0.00000 279.98087 -1.00000 -999 -999 -999

ZONE T="SLICE_Y_1p4_BINS15_KS_1mm_CUTDATA"
1.39331 1.40000 0.00000 -0.36138 939.68893 0.00000 279.95060 -1.00000 -999 -999 -999
1.39325 1.40000 0.00001 -0.25400 840.83685 0.00000 280.00512 -1.00000 -999 -999 -999
1.39305 1.40000 0.00003 0.16690 450.74107 0.00000 280.21613 -1.00000 -999 -999 -999
1.39288 1.40000 0.00005 0.15803 386.64837 0.00000 280.25441 -1.00000 -999 -999 -999
1.39223 1.40000 0.00014 0.12322 127.93850 0.00000 280.40358 -1.00000 -999 -999 -999
1.39099 1.40000 0.00030 0.12288 133.66509 0.00000 280.38835 -1.00000 -999 -999 -999
1.39066 1.40000 0.00034 0.12289 135.13463 0.00000 280.38465 -1.00000 -999 -999 -999
1.38853 1.40000 0.00061 0.11671 139.26800 0.00000 280.37604 -1.00000 -999 -999 -999
1.38798 1.40000 0.00068 0.11516 140.39018 0.00000 280.37362 -1.00000 -999 -999 -999
1.38442 1.40000 0.00113 0.10807 145.79357 0.00000 280.36160 -1.00000 -999 -999 -999
1.38350 1.40000 0.00124 0.10633 147.18553 0.00000 280.35842 -1.00000 -999 -999 -999
1.37758 1.40000 0.00197 0.09570 153.54718 0.00000 280.34356 -1.00000 -999 -999 -999
1.37604 1.40000 0.00216 0.09302 155.32409 0.00000 280.33938 -1.00000 -999 -999 -999
1.36615 1.40000 0.00338 0.07681 164.49600 0.00000 280.31820 -1.00000 -999 -999 -999
1.36358 1.40000 0.00369 0.07262 167.64137 0.00000 280.31119 -1.00000 -999 -999 -999
1.34713 1.40000 0.00572 0.04822 186.17183 0.00000 280.27233 -1.00000 -999 -999 -999
1.34284 1.40000 0.00624 0.04172 190.73172 0.00000 280.26287 -1.00000 -999 -999 -999
1.33589 1.40000 0.00705 0.03343 195.23303 0.00000 280.25373 -1.00000 -999 -999 -999
1.30919 1.40000 0.01013 0.00286 217.06012 0.00000 280.20812 -1.00000 -999 -999 -999
1.29853 1.40000 0.01121 -0.00688 222.58915 0.00000 280.19662 -1.00000 -999 -999 -999
1.25762 1.40000 0.01536 -0.04271 242.71138 0.00000 280.15318 -1.00000 -999 -999 -999
1.24285 1.40000 0.01663 -0.05650 249.12793 0.00000 280.13985 -1.00000 -999 -999 -999
1.18618 1.40000 0.02154 -0.10769 272.06956 0.00000 280.09258 -1.00000 -999 -999 -999
1.16853 1.40000 0.02265 -0.12184 279.81392 0.00000 280.07907 -1.00000 -999 -999 -999
1.10078 1.40000 0.02689 -0.17462 306.14195 0.00000 280.03530 -1.00000 -999 -999 -999
1.08313 1.40000 0.02721 -0.18445 314.87502 0.00000 280.02410 -1.00000 -999 -999 -999
1.01538 1.40000 0.02843 -0.22106 349.07847 0.00000 279.98150 -1.00000 -999 -999 -999
0.95871 1.40000 0.02698 -0.25642 381.57738 0.00000 279.94377 -1.00000 -999 -999 -999
0.94395 1.40000 0.02660 -0.26594 391.05524 0.00000 279.93259 -1.00000 -999 -999 -999
0.90303 1.40000 0.02414 -0.31524 426.54716 0.00000 279.89142 -1.00000 -999 -999 -999
0.89237 1.40000 0.02350 -0.32790 436.74467 0.00000 279.87920 -1.00000 -999 -999 -999
0.86568 1.40000 0.02090 -0.39072 487.62071 0.00000 279.81208 -1.00000 -999 -999 -999
0.85872 1.40000 0.02022 -0.40592 499.32162 0.00000 279.79647 -1.00000 -999 -999 -999
0.84227 1.40000 0.01796 -0.51415 563.15741 0.00040 279.61306 -1.00000 -999 -999 -999
0.83799 1.40000 0.01737 -0.54191 578.24747 0.00049 279.57140 -1.00000 -999 -999 -999
0.83541 1.40000 0.01689 -0.57353 600.13386 0.00933 278.69774 -0.79484 -999 -999 -999
0.82552 1.40000 0.01502 -0.69420 685.02863 0.04472 275.32116 0.00000 -999 -999 -999
0.82398 1.40000 0.01447 -0.69372 711.15358 0.07393 274.61106 0.20516 -999 -999 -999
0.81807 1.40000 0.01237 -0.69145 812.25005 0.18816 271.88329 1.00000 -999 -999 -999
0.81451 1.40000 0.01011 -0.51653 885.29249 0.32936 272.63100 0.85062 -999 -999 -999
0.81359 1.40000 0.00952 -0.47118 904.11259 0.36587 272.82675 0.81249 -999 -999 -999
0.81146 1.40000 0.00737 -0.18883 922.10107 0.47528 273.08161 0.56640 -999 -999 -999
0.81090 1.40000 0.00681 -0.11535 926.12458 0.50523 273.15000 0.49914 -999 -999 -999
0.80966 1.40000 0.00487 0.14443 892.98693 0.58302 273.15000 0.35269 -999 -999 -999
0.80933 1.40000 0.00436 0.21193 885.44847 0.60175 273.15000 0.31794 -999 -999 -999
0.80916 1.40000 0.00390 0.27043 871.81806 0.61377 273.15000 0.29953 -999 -999 -999
0.80851 1.40000 0.00214 0.49477 803.78111 0.66744 273.15000 0.21401 -999 -999 -999
0.80846 1.40000 0.00170 0.53284 780.30633 0.67616 273.15000 0.19912 -999 -999 -999
0.80826 1.40000 0.00000 0.67818 701.88660 0.70468 273.15000 0.15234 -999 -999 -999
0.80831 1.40000 -0.00044 0.69208 688.34208 0.70522 273.15000 0.14738 -999 -999 -999
0.80851 1.40000 -0.00214 0.74357 645.17357 0.70577 273.15000 0.13212 -999 -999 -999
0.80916 1.40000 -0.00390 0.69288 658.81570 0.67341 273.15000 0.14645 -999 -999 -999
0.80933 1.40000 -0.00436 0.68028 662.15291 0.66514 273.15000 0.14997 -999 -999 -999
0.81058 1.40000 -0.00631 0.54683 702.45004 0.61418 273.15000 0.18790 -999 -999 -999
0.81090 1.40000 -0.00681 0.51282 714.59536 0.59897 273.15000 0.19984 -999 -999 -999
0.81303 1.40000 -0.00896 0.30708 745.43532 0.51160 273.15000 0.28961 -999 -999 -999
0.81359 1.40000 -0.00952 0.25416 752.21835 0.48879 273.15000 0.31268 -999 -999 -999
0.81451 1.40000 -0.01011 0.20354 745.17079 0.45493 273.15000 0.36908 -999 -999 -999
0.81807 1.40000 -0.01237 0.00737 730.84381 0.33844 273.15000 0.55532 -999 -999 -999
0.82398 1.40000 -0.01447 -0.10219 659.47603 0.19930 272.72877 0.81713 -999 -999 -999
0.82552 1.40000 -0.01502 -0.13064 642.15284 0.16660 272.59923 0.87854 -999 -999 -999
0.82810 1.40000 -0.01551 -0.13240 626.93526 0.14943 272.47052 0.90058 -999 -999 -999
0.83799 1.40000 -0.01737 -0.13875 554.43052 0.07043 271.87762 1.00000 -999 -999 -999
0.85444 1.40000 -0.01963 -0.13575 511.03346 0.04228 272.88663 0.20516 -999 -999 -999
0.85872 1.40000 -0.02022 -0.13516 499.18329 0.03477 273.15349 0.00000 -999 -999 -999
0.86568 1.40000 -0.02090 -0.13997 489.74385 0.03000 273.86747 -0.20516 -999 -999 -999
0.89237 1.40000 -0.02350 -0.15415 449.21193 0.01050 276.89769 -1.00000 -999 -999 -999
0.90303 1.40000 -0.02414 -0.15649 440.45206 0.00839 277.51432 -1.00000 -999 -999 -999
0.94395 1.40000 -0.02660 -0.16120 405.12313 0.00091 279.71534 -1.00000 -999 -999 -999
0.95871 1.40000 -0.02698 -0.16139 396.64546 0.00070 279.78483 -1.00000 -999 -999 -999
1.01538 1.40000 -0.02843 -0.16029 365.35456 0.00000 280.01907 -1.00000 -999 -999 -999
1.03303 1.40000 -0.02811 -0.15701 357.40134 0.00000 280.02528 -1.00000 -999 -999 -999
1.10078 1.40000 -0.02689 -0.14408 332.75032 0.00000 280.04386 -1.00000 -999 -999 -999
1.16853 1.40000 -0.02265 -0.10873 309.76505 0.00000 280.07339 -1.00000 -999 -999 -999
1.18618 1.40000 -0.02154 -0.09937 303.42341 0.00000 280.08222 -1.00000 -999 -999 -999
1.24285 1.40000 -0.01663 -0.05810 282.41389 0.00000 280.12051 -1.00000 -999 -999 -999
1.25762 1.40000 -0.01536 -0.04710 277.12179 0.00000 280.13056 -1.00000 -999 -999 -999
1.29853 1.40000 -0.01121 -0.01530 254.13541 0.00000 280.17420 -1.00000 -999 -999 -999
1.30919 1.40000 -0.01013 -0.00679 249.12712 0.00000 280.18375 -1.00000 -999 -999 -999
1.31614 1.40000 -0.00933 0.00128 243.78119 0.00000 280.19370 -1.00000 -999 -999 -999
1.34284 1.40000 -0.00624 0.03158 222.39328 0.00000 280.23251 -1.00000 -999 -999 -999
1.35929 1.40000 -0.00422 0.05798 207.20728 0.00000 280.26025 -1.00000 -999 -999 -999
1.36358 1.40000 -0.00369 0.06494 202.60341 0.00000 280.26882 -1.00000 -999 -999 -999
1.37346 1.40000 -0.00248 0.08324 189.58016 0.00000 280.29494 -1.00000 -999 -999 -999
1.37604 1.40000 -0.00216 0.08799 186.90110 0.00000 280.30039 -1.00000 -999 -999 -999
1.37758 1.40000 -0.00197 0.09111 184.97258 0.00000 280.30453 -1.00000 -999 -999 -999
1.38350 1.40000 -0.00124 0.10328 176.48942 0.00000 280.32239 -1.00000 -999 -999 -999
1.38442 1.40000 -0.00113 0.10536 174.87341 0.00000 280.32567 -1.00000 -999 -999 -999
1.38798 1.40000 -0.00068 0.11361 168.59610 0.00000 280.33809 -1.00000 -999 -999 -999
1.38853 1.40000 -0.00061 0.11530 167.35822 0.00000 280.34050 -1.00000 -999 -999 -999
1.39066 1.40000 -0.00034 0.12199 162.99953 0.00000 280.34890 -1.00000 -999 -999 -999
1.39099 1.40000 -0.00030 0.12230 161.50944 0.00000 280.35243 -1.00000 -999 -999 -999
1.39223 1.40000 -0.00014 0.12368 157.18899 0.00000 280.36262 -1.00000 -999 -999 -999
1.39288 1.40000 -0.00005 0.16006 373.41854 0.00000 280.25019 -1.00000 -999 -999 -999
1.39305 1.40000 -0.00003 0.16941 436.03214 0.00000 280.21577 -1.00000 -999 -999 -999
1.39325 1.40000 -0.00001 -0.25342 845.53449 0.00000 280.00076 -1.00000 -999 -999 -999
1.39331 1.40000 0.00000 -0.36138 939.68893 0.00000 279.95060 -1.00000 -999 -999 -999

ZONE T="SLICE_Y_0p1_BINS01_KS_1p5mm_CUTDATA"
-999 -999 -999 -999 -999 -999 -999 -999 -999 -999 -999

ZONE T="SLICE_Y_0p75_BINS01_KS_1p5mm_CUTDATA"
-999 -999 -999 -999 -999 -999 -999 -999 -999 -999 -999

ZONE T="SLICE_Y_1p4_BINS01_KS_1p5mm_CUTDATA"
-999 -999 -999 -999 -999 -999 -999 -999 -999 -999 -999

ZONE T="SLICE_Y_0p1_BINS03_KS_1p5mm_CUTDATA"
-999 -999 -999 -999 -999 -999 -999 -999 -999 -999 -999

ZONE T="SLICE_Y_0p75_BINS03_KS_1p5mm_CUTDATA"
-999 -999 -999 -999 -999 -999 -999 -999 -999 -999 -999

ZONE T="SLICE_Y_1p4_BINS03_KS_1p5mm_CUTDATA"
-999 -999 -999 -999 -999 -999 -999 -999 -999 -999 -999

ZONE T="SLICE_Y_0p1_BINS07_KS_1p5mm_CUTDATA"
1.02809 0.10000 0.00000 -0.23323 1002.53926 0.00000 279.98750 -1.00000 -999 -999 -999
1.02783 0.10000 0.00003 -0.02131 787.10313 0.00000 280.08014 -1.00000 -999 -999 -999
1.02767 0.10000 0.00005 0.13896 579.95354 0.00000 280.17151 -1.00000 -999 -999 -999
1.02682 0.10000 0.00016 0.12645 265.50597 0.00000 280.32403 -1.00000 -999 -999 -999
1.02631 0.10000 0.00023 0.11170 129.76800 0.00000 280.39134 -1.00000 -999 -999 -999
1.02534 0.10000 0.00035 0.11184 132.22661 0.00000 280.38502 -1.00000 -999 -999 -999
1.02371 0.10000 0.00056 0.11044 139.17863 0.00000 280.37031 -1.00000 -999 -999 -999
1.02205 0.10000 0.00077 0.10743 141.88334 0.00000 280.36534 -1.00000 -999 -999 -999
1.01925 0.10000 0.00113 0.10159 147.58020 0.00000 280.35420 -1.00000 -999 -999 -999
1.01649 0.10000 0.00148 0.09749 151.12116 0.00000 280.34690 -1.00000 -999 -999 -999
1.01183 0.10000 0.00206 0.08979 157.49841 0.00000 280.33350 -1.00000 -999 -999 -999
1.00723 0.10000 0.00263 0.08323 161.91524 0.00000 280.32400 -1.00000 -999 -999 -999
0.99946 0.10000 0.00359 0.07148 170.35261 0.00000 280.30575 -1.00000 -999 -999 -999
0.99177 0.10000 0.00453 0.06104 176.85850 0.00000 280.29192 -1.00000 -999 -999 -999
0.97878 0.10000 0.00613 0.04189 189.33027 0.00000 280.26551 -1.00000 -999 -999 -999
0.96600 0.10000 0.00770 0.02547 201.39635 0.00000 280.24091 -1.00000 -999 -999 -999
0.94439 0.10000 0.01035 -0.00327 213.80110 0.00000 280.21408 -1.00000 -999 -999 -999
0.90933 0.10000 0.01441 -0.03640 230.64793 0.00000 280.17955 -1.00000 -999 -999 -999
0.88858 0.10000 0.01680 -0.05743 243.46109 0.00000 280.15397 -1.00000 -999 -999 -999
0.85678 0.10000 0.02003 -0.08159 253.55034 0.00000 280.13128 -1.00000 -999 -999 -999
0.80304 0.10000 0.02547 -0.11817 275.14800 0.00000 280.08325 -1.00000 -999 -999 -999
0.75899 0.10000 0.02928 -0.14848 287.11075 0.00000 280.05652 -1.00000 -999 -999 -999
0.68456 0.10000 0.03573 -0.19448 305.37248 0.00000 280.01572 -1.00000 -999 -999 -999
0.63190 0.10000 0.03903 -0.22026 318.43723 0.00000 279.99210 -1.00000 -999 -999 -999
0.54291 0.10000 0.04460 -0.26182 337.72723 0.00000 279.95927 -1.00000 -999 -999 -999
0.49026 0.10000 0.04555 -0.27314 352.01539 0.00000 279.94344 -1.00000 -999 -999 -999
0.40127 0.10000 0.04715 -0.28688 373.78869 0.00000 279.92418 -1.00000 -999 -999 -999
0.35722 0.10000 0.04603 -0.29232 390.02581 0.00000 279.91322 -1.00000 -999 -999 -999
0.28278 0.10000 0.04413 -0.29062 416.79194 0.00000 279.89962 -1.00000 -999 -999 -999
0.25099 0.10000 0.04221 -0.29885 435.33575 0.00000 279.88759 -1.00000 -999 -999 -999
0.19725 0.10000 0.03898 -0.30588 465.33450 0.00000 279.87052 -1.00000 -999 -999 -999
0.17650 0.10000 0.03696 -0.32091 485.90853 0.00000 279.85433 -1.00000 -999 -999 -999
0.14143 0.10000 0.03353 -0.33722 511.59997 0.00000 279.83442 -1.00000 -999 -999 -999
0.11983 0.10000 0.03057 -0.39808 543.74393 0.00000 279.79524 -1.00000 -999 -999 -999
0.10704 0.10000 0.02882 -0.43945 575.84223 0.00000 279.75326 -1.00000 -999 -999 -999
0.09405 0.10000 0.02637 -0.52239 631.65952 0.00893 277.95010 -0.59358 -999 -999 -999
0.08637 0.10000 0.02492 -0.57396 679.58158 0.01997 275.66685 -0.07308 -999 -999 -999
0.07860 0.10000 0.02215 -0.54039 750.54757 0.07554 272.41403 0.73975 -999 -999 -999
0.07400 0.10000 0.02052 -0.53337 797.71548 0.12898 271.61797 1.00000 -999 -999 -999
0.06933 0.10000 0.01754 -0.36289 849.89445 0.23667 272.31244 0.91856 -999 -999 -999
0.06657 0.10000 0.01578 -0.27247 874.73467 0.30251 272.71235 0.82786 -999 -999 -999
0.06377 0.10000 0.01297 -0.03491 878.50152 0.39186 273.03487 0.60926 -999 -999 -999
0.06212 0.10000 0.01130 0.10132 873.53992 0.44318 273.15000 0.48819 -999 -999 -999
0.06048 0.10000 0.00875 0.33816 831.61064 0.51473 273.15000 0.34052 -999 -999 -999
0.05952 0.10000 0.00724 0.45965 813.08730 0.54628 273.15000 0.27893 -999 -999 -999
0.05901 0.10000 0.00587 0.56205 783.51314 0.57244 273.15000 0.23896 -999 -999 -999
0.05816 0.10000 0.00355 0.76010 728.00177 0.61646 273.15000 0.17094 -999 -999 -999
0.05789 0.10000 0.00132 0.88022 696.99270 0.63494 273.15000 0.15176 -999 -999 -999
0.05773 0.10000 0.00000 0.94320 667.17838 0.64967 273.15000 0.13059 -999 -999 -999
0.05800 0.10000 -0.00223 0.95634 633.89377 0.65049 273.15000 0.11998 -999 -999 -999
0.05816 0.10000 -0.00355 0.97578 615.20786 0.64888 273.15000 0.11388 -999 -999 -999
0.05901 0.10000 -0.00587 0.88704 618.12727 0.62662 273.15000 0.12337 -999 -999 -999
0.05952 0.10000 -0.00724 0.85812 625.38593 0.61100 273.15000 0.13190 -999 -999 -999
0.06115 0.10000 -0.00979 0.69566 664.47208 0.56891 273.15000 0.16807 -999 -999 -999
0.06212 0.10000 -0.01130 0.62920 693.27020 0.53818 273.15000 0.19935 -999 -999 -999
0.06492 0.10000 -0.01412 0.42819 732.45201 0.47251 273.15000 0.28126 -999 -999 -999
0.06657 0.10000 -0.01578 0.32743 742.70375 0.42227 273.15000 0.34732 -999 -999 -999
0.07124 0.10000 -0.01876 0.14515 742.48601 0.32994 273.03417 0.54383 -999 -999 -999
0.07400 0.10000 -0.02052 0.05004 725.02093 0.26597 272.90757 0.70957 -999 -999 -999
0.08177 0.10000 -0.02328 -0.03795 682.63095 0.16647 272.47018 0.93100 -999 -999 -999
0.08637 0.10000 -0.02492 -0.08709 647.91135 0.10858 272.13119 1.00000 -999 -999 -999
0.09936 0.10000 -0.02737 -0.07172 585.76434 0.04763 273.62940 0.39037 -999 -999 -999
0.10704 0.10000 -0.02882 -0.07072 556.93866 0.02316 274.69452 -0.07807 -999 -999 -999
0.11983 0.10000 -0.03057 -0.06774 535.17832 0.01583 276.18826 -0.39037 -999 -999 -999
0.14143 0.10000 -0.03353 -0.05933 487.85127 0.00391 278.99310 -1.00000 -999 -999 -999
0.16218 0.10000 -0.03556 -0.06958 469.95795 0.00189 279.52773 -1.00000 -999 -999 -999
0.19725 0.10000 -0.03898 -0.08799 440.32155 0.00030 279.95278 -1.00000 -999 -999 -999
0.22905 0.10000 -0.04089 -0.09957 422.61154 0.00009 280.01019 -1.00000 -999 -999 -999
0.28278 0.10000 -0.04413 -0.12110 401.16871 0.00000 280.03142 -1.00000 -999 -999 -999
0.35722 0.10000 -0.04603 -0.14507 383.47264 0.00000 280.02680 -1.00000 -999 -999 -999
0.40127 0.10000 -0.04715 -0.15582 367.74477 0.00000 280.02420 -1.00000 -999 -999 -999
0.49026 0.10000 -0.04555 -0.16332 348.76055 0.00000 280.02639 -1.00000 -999 -999 -999
0.54291 0.10000 -0.04460 -0.16609 336.29328 0.00000 280.03092 -1.00000 -999 -999 -999
0.63190 0.10000 -0.03903 -0.14537 316.32457 0.00000 280.05450 -1.00000 -999 -999 -999
0.68456 0.10000 -0.03573 -0.13187 305.27578 0.00000 280.06880 -1.00000 -999 -999 -999
0.72860 0.10000 -0.03192 -0.11083 294.97822 0.00000 280.08724 -1.00000 -999 -999 -999
0.80304 0.10000 -0.02547 -0.07952 276.38655 0.00000 280.12160 -1.00000 -999 -999 -999
0.83484 0.10000 -0.02225 -0.06187 266.86428 0.00000 280.13935 -1.00000 -999 -999 -999
0.88858 0.10000 -0.01680 -0.03566 255.63632 0.00000 280.16042 -1.00000 -999 -999 -999
0.92364 0.10000 -0.01275 -0.00961 244.54874 0.00000 280.18302 -1.00000 -999 -999 -999
0.94439 0.10000 -0.01035 0.00726 235.19197 0.00000 280.20189 -1.00000 -999 -999 -999
0.96600 0.10000 -0.00770 0.03220 221.42125 0.00000 280.22922 -1.00000 -999 -999 -999
0.97878 0.10000 -0.00613 0.04666 212.51568 0.00000 280.24616 -1.00000 -999 -999 -999
0.99177 0.10000 -0.00453 0.06402 201.67564 0.00000 280.26812 -1.00000 -999 -999 -999
0.99946 0.10000 -0.00359 0.07368 195.23258 0.00000 280.28086 -1.00000 -999 -999 -999
1.00723 0.10000 -0.00263 0.08454 187.83922 0.00000 280.29613 -1.00000 -999 -999 -999
1.01183 0.10000 -0.00206 0.09082 183.49771 0.00000 280.30493 -1.00000 -999 -999 -999
1.01649 0.10000 -0.00148 0.09821 177.62633 0.00000 280.31641 -1.00000 -999 -999 -999
1.01925 0.10000 -0.00113 0.10231 174.06647 0.00000 280.32320 -1.00000 -999 -999 -999
1.02205 0.10000 -0.00077 0.10831 168.58202 0.00000 280.33297 -1.00000 -999 -999 -999
1.02371 0.10000 -0.00056 0.11140 165.63341 0.00000 280.33818 -1.00000 -999 -999 -999
1.02534 0.10000 -0.00035 0.11333 160.45403 0.00000 280.34716 -1.00000 -999 -999 -999
1.02631 0.10000 -0.00023 0.11378 157.01550 0.00000 280.35401 -1.00000 -999 -999 -999
1.02716 0.10000 -0.00012 0.12971 252.18830 0.00000 280.30910 -1.00000 -999 -999 -999
1.02767 0.10000 -0.00005 0.14652 382.19072 0.00000 280.25004 -1.00000 -999 -999 -999
1.02794 0.10000 -0.00002 -0.07019 799.26626 0.00000 280.07463 -1.00000 -999 -999 -999
1.02809 0.10000 0.00000 -0.23323 1002.53926 0.00000 279.98750 -1.00000 -999 -999 -999

ZONE T="SLICE_Y_0p75_BINS07_KS_1p5mm_CUTDATA"
1.21070 0.75000 0.00000 -0.26543 1047.89464 0.00000 279.97602 -1.00000 -999 -999 -999
1.21060 0.75000 0.00001 -0.15294 897.80088 0.00000 280.04025 -1.00000 -999 -999 -999
1.21036 0.75000 0.00004 0.14994 387.16529 0.00000 280.25383 -1.00000 -999 -999 -999
1.21005 0.75000 0.00008 0.14020 289.60249 0.00000 280.30061 -1.00000 -999 -999 -999
1.20927 0.75000 0.00018 0.11450 134.84314 0.00000 280.38593 -1.00000 -999 -999 -999
1.20778 0.75000 0.00038 0.11512 139.56602 0.00000 280.37438 -1.00000 -999 -999 -999
1.20719 0.75000 0.00045 0.11535 141.11618 0.00000 280.37067 -1.00000 -999 -999 -999
1.20617 0.75000 0.00058 0.11351 142.60667 0.00000 280.36760 -1.00000 -999 -999 -999
1.20361 0.75000 0.00090 0.10876 146.43351 0.00000 280.35980 -1.00000 -999 -999 -999
1.20193 0.75000 0.00112 0.10631 148.52858 0.00000 280.35534 -1.00000 -999 -999 -999
1.19766 0.75000 0.00165 0.10001 153.95919 0.00000 280.34382 -1.00000 -999 -999 -999
1.19485 0.75000 0.00200 0.09604 156.91479 0.00000 280.33746 -1.00000 -999 -999 -999
1.18775 0.75000 0.00287 0.08579 165.63605 0.00000 280.31892 -1.00000 -999 -999 -999
1.18305 0.75000 0.00345 0.07938 170.36956 0.00000 280.30929 -1.00000 -999 -999 -999
1.17118 0.75000 0.00491 0.06279 183.94700 0.00000 280.28212 -1.00000 -999 -999 -999
1.15144 0.75000 0.00734 0.03584 201.17892 0.00000 280.24960 -1.00000 -999 -999 -999
1.14362 0.75000 0.00830 0.02545 208.40546 0.00000 280.23575 -1.00000 -999 -999 -999
1.11158 0.75000 0.01200 -0.01110 230.83949 0.00000 280.19247 -1.00000 -999 -999 -999
1.09888 0.75000 0.01347 -0.02508 238.10161 0.00000 280.17839 -1.00000 -999 -999 -999
1.07943 0.75000 0.01544 -0.04194 245.90627 0.00000 280.16248 -1.00000 -999 -999 -999
1.03033 0.75000 0.02041 -0.08647 269.39928 0.00000 280.11483 -1.00000 -999 -999 -999
1.00338 0.75000 0.02275 -0.10886 279.59482 0.00000 280.09274 -1.00000 -999 -999 -999
0.93537 0.75000 0.02864 -0.16881 304.93678 0.00000 280.03965 -1.00000 -999 -999 -999
0.85406 0.75000 0.03373 -0.22580 332.62859 0.00000 279.98917 -1.00000 -999 -999 -999
0.82185 0.75000 0.03574 -0.24670 343.68101 0.00000 279.96869 -1.00000 -999 -999 -999
0.74054 0.75000 0.03721 -0.28007 370.03043 0.00000 279.93482 -1.00000 -999 -999 -999
0.70833 0.75000 0.03779 -0.29188 381.40038 0.00000 279.92104 -1.00000 -999 -999 -999
0.64031 0.75000 0.03605 -0.31622 416.60244 0.00000 279.88897 -1.00000 -999 -999 -999
0.61337 0.75000 0.03536 -0.32455 428.78060 0.00000 279.87812 -1.00000 -999 -999 -999
0.56427 0.75000 0.03241 -0.35490 467.72384 0.00000 279.84275 -1.00000 -999 -999 -999
0.54481 0.75000 0.03124 -0.36549 480.91363 0.00000 279.83107 -1.00000 -999 -999 -999
0.51277 0.75000 0.02811 -0.40928 525.88188 0.00000 279.77802 -1.00000 -999 -999 -999
0.50008 0.75000 0.02687 -0.42493 540.41944 0.00000 279.76161 -1.00000 -999 -999 -999
0.49226 0.75000 0.02580 -0.46032 561.75582 0.00000 279.73244 -1.00000 -999 -999 -999
0.47252 0.75000 0.02310 -0.55716 610.98935 0.00000 279.66359 -1.00000 -999 -999 -999
0.46065 0.75000 0.02086 -0.67389 697.39579 0.01727 276.43942 -0.27279 -999 -999 -999
0.45595 0.75000 0.01997 -0.71689 722.06699 0.02199 275.46875 -0.05456 -999 -999 -999
0.45313 0.75000 0.01897 -0.71698 762.37817 0.05109 274.18845 0.27279 -999 -999 -999
0.44603 0.75000 0.01644 -0.71857 880.63223 0.15174 271.52938 1.00000 -999 -999 -999
0.44177 0.75000 0.01373 -0.55149 943.19449 0.26550 272.27934 0.92511 -999 -999 -999
0.44008 0.75000 0.01265 -0.48865 975.27473 0.31657 272.60344 0.89628 -999 -999 -999
0.43752 0.75000 0.01008 -0.22134 1001.74098 0.41926 273.00130 0.70050 -999 -999 -999
0.43651 0.75000 0.00906 -0.12167 1011.45433 0.45765 273.15000 0.62598 -999 -999 -999
0.43502 0.75000 0.00673 0.12260 990.18879 0.53182 273.15000 0.44846 -999 -999 -999
0.43442 0.75000 0.00580 0.21339 982.54895 0.55948 273.15000 0.38234 -999 -999 -999
0.43412 0.75000 0.00496 0.29207 964.38008 0.57921 273.15000 0.34742 -999 -999 -999
0.43333 0.75000 0.00284 0.50484 915.24757 0.63112 273.15000 0.25311 -999 -999 -999
0.43324 0.75000 0.00204 0.55600 890.05953 0.64051 273.15000 0.23418 -999 -999 -999
0.43300 0.75000 0.00000 0.69578 820.63418 0.66555 273.15000 0.18253 -999 -999 -999
0.43309 0.75000 -0.00081 0.71562 803.77644 0.66553 273.15000 0.17573 -999 -999 -999
0.43333 0.75000 -0.00284 0.77153 755.92063 0.66383 273.15000 0.15682 -999 -999 -999
0.43364 0.75000 -0.00368 0.75617 757.96137 0.65290 273.15000 0.16201 -999 -999 -999
0.43442 0.75000 -0.00580 0.71784 762.02646 0.62556 273.15000 0.17458 -999 -999 -999
0.43502 0.75000 -0.00673 0.67417 774.56194 0.60688 273.15000 0.19214 -999 -999 -999
0.43651 0.75000 -0.00906 0.55949 809.33346 0.55820 273.15000 0.23819 -999 -999 -999
0.43907 0.75000 -0.01163 0.37508 820.33006 0.47714 273.15000 0.33380 -999 -999 -999
0.44008 0.75000 -0.01265 0.30552 824.39918 0.44701 273.15000 0.37042 -999 -999 -999
0.44434 0.75000 -0.01537 0.12536 789.55584 0.33650 273.15000 0.60679 -999 -999 -999
0.44603 0.75000 -0.01644 0.05782 776.19805 0.29507 273.13210 0.69979 -999 -999 -999
0.45313 0.75000 -0.01897 -0.04257 716.04041 0.19098 272.74634 0.89272 -999 -999 -999
0.45595 0.75000 -0.01997 -0.07960 690.11002 0.14834 272.55979 0.96700 -999 -999 -999
0.46781 0.75000 -0.02221 -0.08548 621.13894 0.07539 271.95501 0.99652 -999 -999 -999
0.47252 0.75000 -0.02310 -0.08702 596.29924 0.05104 271.99584 0.81814 -999 -999 -999
0.49226 0.75000 -0.02580 -0.08571 539.22340 0.02410 274.60250 -0.15148 -999 -999 -999
0.50008 0.75000 -0.02687 -0.08482 520.41196 0.01577 275.71657 -0.51519 -999 -999 -999
0.51277 0.75000 -0.02811 -0.09234 507.07630 0.01287 276.46412 -0.51519 -999 -999 -999
0.54481 0.75000 -0.03124 -0.11313 470.60946 0.00317 279.13895 -1.00000 -999 -999 -999
0.59391 0.75000 -0.03419 -0.13360 440.11577 0.00067 279.82680 -1.00000 -999 -999 -999
0.61337 0.75000 -0.03536 -0.14113 427.55924 0.00004 280.00074 -1.00000 -999 -999 -999
0.68138 0.75000 -0.03710 -0.15706 401.04599 0.00000 280.01045 -1.00000 -999 -999 -999
0.70833 0.75000 -0.03779 -0.16307 390.26708 0.00000 280.01077 -1.00000 -999 -999 -999
0.78963 0.75000 -0.03632 -0.16218 362.75803 0.00000 280.01978 -1.00000 -999 -999 -999
0.82185 0.75000 -0.03574 -0.16202 352.90182 0.00000 280.02449 -1.00000 -999 -999 -999
0.90315 0.75000 -0.03065 -0.13084 328.56597 0.00000 280.05067 -1.00000 -999 -999 -999
0.93537 0.75000 -0.02864 -0.11940 319.96383 0.00000 280.06153 -1.00000 -999 -999 -999
1.00338 0.75000 -0.02275 -0.07709 299.08392 0.00000 280.09846 -1.00000 -999 -999 -999
1.03033 0.75000 -0.02041 -0.06133 291.62277 0.00000 280.11227 -1.00000 -999 -999 -999
1.07943 0.75000 -0.01544 -0.02782 272.34705 0.00000 280.14868 -1.00000 -999 -999 -999
1.09888 0.75000 -0.01347 -0.01523 265.27986 0.00000 280.16206 -1.00000 -999 -999 -999
1.13092 0.75000 -0.00977 0.01528 241.53433 0.00000 280.20391 -1.00000 -999 -999 -999
1.14362 0.75000 -0.00830 0.02682 234.27691 0.00000 280.21682 -1.00000 -999 -999 -999
1.15144 0.75000 -0.00734 0.03636 228.61465 0.00000 280.22703 -1.00000 -999 -999 -999
1.17118 0.75000 -0.00491 0.06141 207.79952 0.00000 280.26367 -1.00000 -999 -999 -999
1.17588 0.75000 -0.00433 0.06767 203.02060 0.00000 280.27266 -1.00000 -999 -999 -999
1.18775 0.75000 -0.00287 0.08408 193.40005 0.00000 280.29120 -1.00000 -999 -999 -999
1.19485 0.75000 -0.00200 0.09462 187.00319 0.00000 280.30367 -1.00000 -999 -999 -999
1.19766 0.75000 -0.00165 0.09865 183.78406 0.00000 280.31005 -1.00000 -999 -999 -999
1.20193 0.75000 -0.00112 0.10546 177.41439 0.00000 280.32202 -1.00000 -999 -999 -999
1.20361 0.75000 -0.00090 0.10807 175.10897 0.00000 280.32639 -1.00000 -999 -999 -999
1.20463 0.75000 -0.00078 0.11004 173.65925 0.00000 280.32910 -1.00000 -999 -999 -999
1.20719 0.75000 -0.00045 0.11520 169.73674 0.00000 280.33647 -1.00000 -999 -999 -999
1.20778 0.75000 -0.00038 0.11548 167.77111 0.00000 280.34087 -1.00000 -999 -999 -999
1.20927 0.75000 -0.00018 0.11620 160.91290 0.00000 280.35619 -1.00000 -999 -999 -999
1.20958 0.75000 -0.00014 0.12743 255.39814 0.00000 280.31430 -1.00000 -999 -999 -999
1.21036 0.75000 -0.00004 0.15696 643.62124 0.00000 280.14571 -1.00000 -999 -999 -999
1.21046 0.75000 -0.00003 0.04250 789.48341 0.00000 280.08530 -1.00000 -999 -999 -999
1.21070 0.75000 0.00000 -0.26543 1047.89464 0.00000 279.97602 -1.00000 -999 -999 -999

ZONE T="SLICE_Y_1p4_BINS07_KS_1p5mm_CUTDATA"
1.39331 1.40000 0.00000 -0.32084 1142.13013 0.00000 279.94811 -1.00000 -999 -999 -999
1.39325 1.40000 0.00001 -0.22526 1021.39360 0.00000 279.99923 -1.00000 -999 -999 -999
1.39305 1.40000 0.00003 0.14951 542.35393 0.00000 280.19651 -1.00000 -999 -999 -999
1.39288 1.40000 0.00005 0.14117 463.30503 0.00000 280.23300 -1.00000 -999 -999 -999
1.39223 1.40000 0.00014 0.10839 141.46388 0.00000 280.37423 -1.00000 -999 -999 -999
1.39099 1.40000 0.00030 0.10900 147.04120 0.00000 280.36072 -1.00000 -999 -999 -999
1.39066 1.40000 0.00034 0.10924 148.50334 0.00000 280.35740 -1.00000 -999 -999 -999
1.38853 1.40000 0.00061 0.10399 152.82962 0.00000 280.34971 -1.00000 -999 -999 -999
1.38798 1.40000 0.00068 0.10268 154.02629 0.00000 280.34749 -1.00000 -999 -999 -999
1.38442 1.40000 0.00113 0.09661 159.95735 0.00000 280.33621 -1.00000 -999 -999 -999
1.38350 1.40000 0.00124 0.09513 161.49117 0.00000 280.33320 -1.00000 -999 -999 -999
1.37758 1.40000 0.00197 0.08582 168.69378 0.00000 280.31905 -1.00000 -999 -999 -999
1.37604 1.40000 0.00216 0.08348 170.71709 0.00000 280.31503 -1.00000 -999 -999 -999
1.36615 1.40000 0.00338 0.06907 181.33667 0.00000 280.29464 -1.00000 -999 -999 -999
1.36358 1.40000 0.00369 0.06536 184.97880 0.00000 280.28784 -1.00000 -999 -999 -999
1.34713 1.40000 0.00572 0.04323 206.46405 0.00000 280.25027 -1.00000 -999 -999 -999
1.34284 1.40000 0.00624 0.03735 211.75772 0.00000 280.24108 -1.00000 -999 -999 -999
1.33589 1.40000 0.00705 0.02956 217.05570 0.00000 280.23213 -1.00000 -999 -999 -999
1.30919 1.40000 0.01013 0.00082 242.65498 0.00000 280.18762 -1.00000 -999 -999 -999
1.29853 1.40000 0.01121 -0.00861 249.16818 0.00000 280.17629 -1.00000 -999 -999 -999
1.25762 1.40000 0.01536 -0.04334 272.78301 0.00000 280.13351 -1.00000 -999 -999 -999
1.24285 1.40000 0.01663 -0.05697 280.28386 0.00000 280.12036 -1.00000 -999 -999 -999
1.18618 1.40000 0.02154 -0.10756 306.90521 0.00000 280.07378 -1.00000 -999 -999 -999
1.16853 1.40000 0.02265 -0.12162 315.88585 0.00000 280.06048 -1.00000 -999 -999 -999
1.10078 1.40000 0.02689 -0.17408 346.32733 0.00000 280.01742 -1.00000 -999 -999 -999
1.08313 1.40000 0.02721 -0.18388 356.45325 0.00000 280.00642 -1.00000 -999 -999 -999
1.01538 1.40000 0.02843 -0.22035 396.05483 0.00000 279.96463 -1.00000 -999 -999 -999
0.95871 1.40000 0.02698 -0.25588 433.67499 0.00000 279.92755 -1.00000 -999 -999 -999
0.94395 1.40000 0.02660 -0.26544 444.61659 0.00000 279.91657 -1.00000 -999 -999 -999
0.90303 1.40000 0.02414 -0.31481 485.08274 0.00000 279.87621 -1.00000 -999 -999 -999
0.89237 1.40000 0.02350 -0.32748 496.66014 0.00000 279.86423 -1.00000 -999 -999 -999
0.86568 1.40000 0.02090 -0.39002 553.79149 0.00000 279.79865 -1.00000 -999 -999 -999
0.85872 1.40000 0.02022 -0.40516 566.89984 0.00000 279.78341 -1.00000 -999 -999 -999
0.84227 1.40000 0.01796 -0.51178 638.64444 0.00030 279.63281 -1.00000 -999 -999 -999
0.83799 1.40000 0.01737 -0.53913 655.59773 0.00037 279.59771 -1.00000 -999 -999 -999
0.83541 1.40000 0.01689 -0.56939 680.74051 0.00919 278.71560 -0.79484 -999 -999 -999
0.82552 1.40000 0.01502 -0.68485 778.35849 0.04460 275.30424 0.00000 -999 -999 -999
0.82398 1.40000 0.01447 -0.68324 809.49504 0.07382 274.56455 0.20516 -999 -999 -999
0.81807 1.40000 0.01237 -0.67665 930.10137 0.18820 271.71577 1.00000 -999 -999 -999
0.81451 1.40000 0.01011 -0.50275 1023.84578 0.32943 272.50293 0.89963 -999 -999 -999
0.81359 1.40000 0.00952 -0.45766 1047.97602 0.36584 272.70859 0.87438 -999 -999 -999
0.81146 1.40000 0.00737 -0.17777 1084.06791 0.47531 273.05740 0.66118 -999 -999 -999
0.81090 1.40000 0.00681 -0.10494 1093.11930 0.50551 273.15000 0.60135 -999 -999 -999
0.80966 1.40000 0.00487 0.15160 1076.43873 0.58345 273.15000 0.42939 -999 -999 -999
0.80933 1.40000 0.00436 0.21825 1072.78834 0.60195 273.15000 0.38904 -999 -999 -999
0.80916 1.40000 0.00390 0.27609 1061.97617 0.61409 273.15000 0.36763 -999 -999 -999
0.80851 1.40000 0.00214 0.49784 1007.36755 0.66746 273.15000 0.26907 -999 -999 -999
0.80846 1.40000 0.00170 0.53532 985.53147 0.67611 273.15000 0.25162 -999 -999 -999
0.80826 1.40000 0.00000 0.67840 911.63737 0.70414 273.15000 0.19683 -999 -999 -999
0.80831 1.40000 -0.00044 0.69198 897.22822 0.70477 273.15000 0.19091 -999 -999 -999
0.80851 1.40000 -0.00214 0.74226 850.70272 0.70517 273.15000 0.17265 -999 -999 -999
0.80916 1.40000 -0.00390 0.69171 856.51195 0.67458 273.15000 0.18916 -999 -999 -999
0.80933 1.40000 -0.00436 0.67914 857.90013 0.66627 273.15000 0.19339 -999 -999 -999
0.81058 1.40000 -0.00631 0.54686 887.56058 0.61342 273.15000 0.23917 -999 -999 -999
0.81090 1.40000 -0.00681 0.51314 896.43582 0.59805 273.15000 0.25324 -999 -999 -999
0.81303 1.40000 -0.00896 0.30863 907.06801 0.51024 273.15000 0.35866 -999 -999 -999
0.81359 1.40000 -0.00952 0.25602 908.72722 0.48776 273.15000 0.38568 -999 -999 -999
0.81451 1.40000 -0.01011 0.20575 895.19153 0.45356 273.15000 0.45477 -999 -999 -999
0.81807 1.40000 -0.01237 0.01095 858.72820 0.33791 273.15000 0.68121 -999 -999 -999
0.82398 1.40000 -0.01447 -0.09966 763.94801 0.19831 272.66719 0.91379 -999 -999 -999
0.82552 1.40000 -0.01502 -0.12837 741.21251 0.16559 272.51899 0.96134 -999 -999 -999
0.82810 1.40000 -0.01551 -0.13059 722.85855 0.14848 272.38238 0.96958 -999 -999 -999
0.83799 1.40000 -0.01737 -0.13877 634.76213 0.06941 271.74592 1.00000 -999 -999 -999
0.85444 1.40000 -0.01963 -0.13617 584.09091 0.04144 273.11237 0.20516 -999 -999 -999
0.85872 1.40000 -0.02022 -0.13567 570.20508 0.03385 273.47465 0.00000 -999 -999 -999
0.86568 1.40000 -0.02090 -0.14048 559.30512 0.02918 274.22329 -0.20516 -999 -999 -999
0.89237 1.40000 -0.02350 -0.15469 512.51844 0.01005 277.35937 -1.00000 -999 -999 -999
0.90303 1.40000 -0.02414 -0.15701 502.42214 0.00802 277.88319 -1.00000 -999 -999 -999
0.94395 1.40000 -0.02660 -0.16166 461.71895 0.00082 279.75836 -1.00000 -999 -999 -999
0.95871 1.40000 -0.02698 -0.16182 451.90641 0.00063 279.81356 -1.00000 -999 -999 -999
1.01538 1.40000 -0.02843 -0.16058 415.71889 0.00000 280.00166 -1.00000 -999 -999 -999
1.03303 1.40000 -0.02811 -0.15734 406.53447 0.00000 280.00766 -1.00000 -999 -999 -999
1.10078 1.40000 -0.02689 -0.14453 378.05950 0.00000 280.02561 -1.00000 -999 -999 -999
1.16853 1.40000 -0.02265 -0.10932 351.56955 0.00000 280.05447 -1.00000 -999 -999 -999
1.18618 1.40000 -0.02154 -0.10000 344.25182 0.00000 280.06312 -1.00000 -999 -999 -999
1.24285 1.40000 -0.01663 -0.05902 319.85612 0.00000 280.10078 -1.00000 -999 -999 -999
1.25762 1.40000 -0.01536 -0.04811 313.69357 0.00000 280.11066 -1.00000 -999 -999 -999
1.29853 1.40000 -0.01121 -0.01709 286.77239 0.00000 280.15335 -1.00000 -999 -999 -999
1.30919 1.40000 -0.01013 -0.00880 280.91013 0.00000 280.16267 -1.00000 -999 -999 -999
1.31614 1.40000 -0.00933 -0.00114 274.75470 0.00000 280.17223 -1.00000 -999 -999 -999
1.34284 1.40000 -0.00624 0.02762 250.07851 0.00000 280.20949 -1.00000 -999 -999 -999
1.35929 1.40000 -0.00422 0.05183 232.97523 0.00000 280.23553 -1.00000 -999 -999 -999
1.36358 1.40000 -0.00369 0.05820 227.78639 0.00000 280.24359 -1.00000 -999 -999 -999
1.37346 1.40000 -0.00248 0.07461 213.22874 0.00000 280.26783 -1.00000 -999 -999 -999
1.37604 1.40000 -0.00216 0.07887 210.22064 0.00000 280.27290 -1.00000 -999 -999 -999
1.37758 1.40000 -0.00197 0.08161 208.10053 0.00000 280.27669 -1.00000 -999 -999 -999
1.38350 1.40000 -0.00124 0.09232 198.76611 0.00000 280.29303 -1.00000 -999 -999 -999
1.38442 1.40000 -0.00113 0.09411 197.02560 0.00000 280.29599 -1.00000 -999 -999 -999
1.38798 1.40000 -0.00068 0.10120 190.30817 0.00000 280.30713 -1.00000 -999 -999 -999
1.38853 1.40000 -0.00061 0.10264 189.09878 0.00000 280.30914 -1.00000 -999 -999 -999
1.39066 1.40000 -0.00034 0.10831 185.06335 0.00000 280.31585 -1.00000 -999 -999 -999
1.39099 1.40000 -0.00030 0.10836 183.63281 0.00000 280.31882 -1.00000 -999 -999 -999
1.39223 1.40000 -0.00014 0.10868 179.56950 0.00000 280.32726 -1.00000 -999 -999 -999
1.39288 1.40000 -0.00005 0.14187 448.15573 0.00000 280.22297 -1.00000 -999 -999 -999
1.39305 1.40000 -0.00003 0.15034 525.10521 0.00000 280.19100 -1.00000 -999 -999 -999
1.39325 1.40000 -0.00001 -0.22506 1027.42131 0.00000 279.99404 -1.00000 -999 -999 -999
1.39331 1.40000 0.00000 -0.32084 1142.13013 0.00000 279.94811 -1.00000 -999 -999 -999

ZONE T="SLICE_Y_0p1_BINS15_KS_1p5mm_CUTDATA"
-999 -999 -999 -999 -999 -999 -999 -999 -999 -999 -999

ZONE T="SLICE_Y_0p75_BINS15_KS_1p5mm_CUTDATA"
-999 -999 -999 -999 -999 -999 -999 -999 -999 -999 -999

ZONE T="SLICE_Y_1p4_BINS15_KS_1p5mm_CUTDATA"
-999 -999 -999 -999 -999 -999 -999 -999 -999 -999 -999

ZONE T="SLICE_Y_0p1_BINS01_KS_VAR_CUTDATA"
-999 -999 -999 -999 -999 -999 -999 -999 -999 -999 -999

ZONE T="SLICE_Y_0p75_BINS01_KS_VAR_CUTDATA"
-999 -999 -999 -999 -999 -999 -999 -999 -999 -999 -999

ZONE T="SLICE_Y_1p4_BINS01_KS_VAR_CUTDATA"
-999 -999 -999 -999 -999 -999 -999 -999 -999 -999 -999

ZONE T="SLICE_Y_0p1_BINS03_KS_VAR_CUTDATA"
-999 -999 -999 -999 -999 -999 -999 -999 -999 -999 -999

ZONE T="SLICE_Y_0p75_BINS03_KS_VAR_CUTDATA"
-999 -999 -999 -999 -999 -999 -999 -999 -999 -999 -999

ZONE T="SLICE_Y_1p4_BINS03_KS_VAR_CUTDATA"
-999 -999 -999 -999 -999 -999 -999 -999 -999 -999 -999

ZONE T="SLICE_Y_0p1_BINS07_KS_VAR_CUTDATA"
1.02809 0.10000 0.00000 -0.34873 703.83939 0.00000 279.99621 -1.00000 0.00000 -999 703.83939
1.02783 0.10000 0.00003 -0.02176 556.64848 0.00000 280.10622 -1.00000 0.00000 -999 556.64848
1.02767 0.10000 0.00005 0.22709 415.59477 0.00000 280.21669 -1.00000 0.00000 -999 415.59477
1.02682 0.10000 0.00016 0.20487 199.87029 0.00000 280.39537 -1.00000 0.00000 -999 199.87029
1.02631 0.10000 0.00023 0.18019 108.56307 0.00000 280.47357 -1.00000 0.00000 -999 108.56307
1.02534 0.10000 0.00035 0.17808 109.04278 0.00000 280.46731 -1.00000 0.00000 -999 109.04278
1.02371 0.10000 0.00056 0.17236 111.06914 0.00000 280.45394 -1.00000 0.00000 -999 111.06914
1.02205 0.10000 0.00077 0.16644 111.56874 0.00000 280.44999 -1.00000 0.00000 -999 111.56874
1.01925 0.10000 0.00113 0.15427 113.51273 0.00000 280.43945 -1.00000 0.00000 -999 113.51273
1.01649 0.10000 0.00148 0.14689 114.93810 0.00000 280.43201 -1.00000 0.00000 -999 114.93810
1.01183 0.10000 0.00206 0.13287 117.30372 0.00000 280.41848 -1.00000 0.00000 -999 117.30372
1.00723 0.10000 0.00263 0.12229 118.94566 0.00000 280.40888 -1.00000 0.00000 -999 118.94566
0.99946 0.10000 0.00359 0.10356 121.72036 0.00000 280.39103 -1.00000 0.00000 -999 121.72036
0.99177 0.10000 0.00453 0.08812 123.88463 0.00000 280.37767 -1.00000 0.00000 -999 123.88463
0.97878 0.10000 0.00613 0.06128 128.19231 0.00000 280.35217 -1.00000 0.00000 -999 128.19231
0.96600 0.10000 0.00770 0.03972 132.72004 0.00000 280.32835 -1.00000 0.00000 -999 132.72004
0.94439 0.10000 0.01035 0.00432 137.32111 0.00000 280.30244 -1.00000 0.00000 -999 137.32111
0.90933 0.10000 0.01441 -0.03200 143.95200 0.00000 280.26947 -1.00000 0.00000 -999 143.95200
0.88858 0.10000 0.01680 -0.05612 148.95004 0.00000 280.24491 -1.00000 0.00000 -999 148.95004
0.85678 0.10000 0.02003 -0.08152 152.92483 0.00000 280.22313 -1.00000 0.00000 -999 152.92483
0.80304 0.10000 0.02547 -0.11939 161.61211 0.00000 280.17686 -1.00000 0.00000 -999 161.61211
0.75899 0.10000 0.02928 -0.15026 166.57209 0.00000 280.15081 -1.00000 0.00000 -999 166.57209
0.68456 0.10000 0.03573 -0.19772 174.18717 0.00000 280.11092 -1.00000 0.00000 -999 174.18717
0.63190 0.10000 0.03903 -0.22388 179.58731 0.00000 280.08775 -1.00000 0.00000 -999 179.58731
0.54291 0.10000 0.04460 -0.26439 187.47363 0.00000 280.05588 -1.00000 0.00000 -999 187.47363
0.49026 0.10000 0.04555 -0.27585 193.18235 0.00000 280.04043 -1.00000 0.00000 -999 193.18235
0.40127 0.10000 0.04715 -0.28919 201.92476 0.00000 280.02156 -1.00000 0.00000 -999 201.92476
0.35722 0.10000 0.04603 -0.29441 208.42562 0.00000 280.01048 -1.00000 0.00000 -999 208.42562
0.28278 0.10000 0.04413 -0.29514 219.14514 0.00000 279.99617 -1.00000 0.00000 -999 219.14514
0.25099 0.10000 0.04221 -0.30342 226.72773 0.00000 279.98352 -1.00000 0.00000 -999 226.72773
0.19725 0.10000 0.03898 -0.31001 238.79484 0.00000 279.96555 -1.00000 0.00000 -999 238.79484
0.17650 0.10000 0.03696 -0.32501 246.69230 0.00000 279.94858 -1.00000 0.00000 -999 246.69230
0.14143 0.10000 0.03353 -0.34092 256.51659 0.00000 279.92782 -1.00000 0.00000 -999 256.51659
0.11983 0.10000 0.03057 -0.40452 266.88934 0.00000 279.88678 -1.00000 0.00000 -999 266.88934
0.10704 0.10000 0.02882 -0.44796 276.82211 0.00000 279.84237 -1.00000 0.00000 -999 276.82211
0.09405 0.10000 0.02637 -0.54226 316.54742 0.00916 278.08432 -0.59358 0.00034 -999 288.17791
0.08637 0.10000 0.02492 -0.60193 361.50004 0.02044 275.86045 -0.07308 0.00077 -999 295.54265
0.07860 0.10000 0.02215 -0.57876 480.10257 0.07721 272.70273 0.73975 0.00276 -999 299.54519
0.07400 0.10000 0.02052 -0.57821 568.66301 0.13167 271.94434 1.00000 0.00467 -999 299.09469
0.06933 0.10000 0.01754 -0.40738 632.24238 0.24078 272.58643 0.86499 0.00628 -999 291.06090
0.06657 0.10000 0.01578 -0.31567 620.32609 0.30702 272.90653 0.70015 0.00602 -999 284.16708
0.06377 0.10000 0.01297 -0.07283 509.12220 0.39613 273.08600 0.38256 0.00368 -999 273.20611
0.06212 0.10000 0.01130 0.06661 445.79019 0.44751 273.15000 0.24112 0.00246 -999 267.82631
0.06048 0.10000 0.00875 0.31017 371.89846 0.51925 273.15000 0.15197 0.00140 -999 266.50700
0.05952 0.10000 0.00724 0.43668 342.40567 0.55080 273.15000 0.11652 0.00098 -999 265.89712
0.05901 0.10000 0.00587 0.54247 329.61511 0.57697 273.15000 0.10128 0.00075 -999 269.52391
0.05816 0.10000 0.00355 0.74795 306.49288 0.62057 273.15000 0.07571 0.00037 -999 275.93358
0.05789 0.10000 0.00132 0.87361 304.68908 0.63892 273.15000 0.07031 0.00029 -999 280.48053
0.05773 0.10000 0.00000 0.94026 299.08882 0.65365 273.15000 0.06363 0.00018 -999 283.78333
0.05800 0.10000 -0.00223 0.95492 293.00504 0.65465 273.15000 0.06043 0.00014 -999 281.33228
0.05816 0.10000 -0.00355 0.97564 287.73991 0.65306 273.15000 0.05840 0.00011 -999 278.54942
0.05901 0.10000 -0.00587 0.88439 280.40907 0.63110 273.15000 0.06038 0.00015 -999 268.13482
0.05952 0.10000 -0.00724 0.85535 276.14414 0.61556 273.15000 0.06197 0.00018 -999 261.83422
0.06115 0.10000 -0.00979 0.68845 273.36843 0.57357 273.15000 0.07053 0.00031 -999 250.46788
0.06212 0.10000 -0.01130 0.61969 275.18486 0.54303 273.15000 0.07869 0.00041 -999 244.97665
0.06492 0.10000 -0.01412 0.41435 289.46918 0.47737 273.15000 0.10520 0.00066 -999 241.90025
0.06657 0.10000 -0.01578 0.31185 306.60744 0.42724 273.15000 0.13293 0.00090 -999 242.41141
0.07124 0.10000 -0.01876 0.12790 353.68019 0.33516 273.15000 0.25245 0.00141 -999 250.96172
0.07400 0.10000 -0.02052 0.03110 389.44132 0.27126 273.15000 0.36839 0.00182 -999 256.64794
0.08177 0.10000 -0.02328 -0.05220 415.87131 0.17126 272.91146 0.62652 0.00205 -999 264.30919
0.08637 0.10000 -0.02492 -0.09948 403.78663 0.11280 272.62933 0.78846 0.00185 -999 265.51211
0.09936 0.10000 -0.02737 -0.07837 332.77191 0.05053 273.11854 0.34003 0.00096 -999 261.01888
0.10704 0.10000 -0.02882 -0.07420 298.99017 0.02547 273.13426 0.23422 0.00055 -999 257.31506
0.11983 0.10000 -0.03057 -0.07046 275.94314 0.01756 274.72994 -0.26025 0.00033 -999 251.64668
0.14143 0.10000 -0.03353 -0.06055 241.64740 0.00482 277.65720 -0.86988 0.00003 -999 239.81319
0.16218 0.10000 -0.03556 -0.07074 233.90319 0.00243 278.88972 -1.00000 0.00000 -999 233.90319
0.19725 0.10000 -0.03898 -0.08933 223.65274 0.00045 279.90365 -1.00000 0.00000 -999 223.65274
0.22905 0.10000 -0.04089 -0.10070 217.21895 0.00013 280.06673 -1.00000 0.00000 -999 217.21895
0.28278 0.10000 -0.04413 -0.12263 209.37637 0.00000 280.13242 -1.00000 0.00000 -999 209.37637
0.35722 0.10000 -0.04603 -0.14406 202.68537 0.00000 280.12827 -1.00000 0.00000 -999 202.68537
0.40127 0.10000 -0.04715 -0.15483 196.80775 0.00000 280.12577 -1.00000 0.00000 -999 196.80775
0.49026 0.10000 -0.04555 -0.16214 189.45851 0.00000 280.12781 -1.00000 0.00000 -999 189.45851
0.54291 0.10000 -0.04460 -0.16453 184.66581 0.00000 280.13213 -1.00000 0.00000 -999 184.66581
0.63190 0.10000 -0.03903 -0.14447 176.60512 0.00000 280.15517 -1.00000 0.00000 -999 176.60512
0.68456 0.10000 -0.03573 -0.13031 172.13884 0.00000 280.16939 -1.00000 0.00000 -999 172.13884
0.72860 0.10000 -0.03192 -0.10851 167.88921 0.00000 280.18756 -1.00000 0.00000 -999 167.88921
0.80304 0.10000 -0.02547 -0.07547 160.21989 0.00000 280.22151 -1.00000 0.00000 -999 160.21989
0.83484 0.10000 -0.02225 -0.05662 156.30255 0.00000 280.23896 -1.00000 0.00000 -999 156.30255
0.88858 0.10000 -0.01680 -0.02891 151.62502 0.00000 280.25968 -1.00000 0.00000 -999 151.62502
0.92364 0.10000 -0.01275 -0.00002 147.10319 0.00000 280.28219 -1.00000 0.00000 -999 147.10319
0.94439 0.10000 -0.01035 0.01941 143.31052 0.00000 280.30114 -1.00000 0.00000 -999 143.31052
0.96600 0.10000 -0.00770 0.04998 137.55218 0.00000 280.32924 -1.00000 0.00000 -999 137.55218
0.97878 0.10000 -0.00613 0.06873 133.74367 0.00000 280.34692 -1.00000 0.00000 -999 133.74367
0.99177 0.10000 -0.00453 0.09268 129.33496 0.00000 280.37018 -1.00000 0.00000 -999 129.33496
0.99946 0.10000 -0.00359 0.10664 126.77489 0.00000 280.38372 -1.00000 0.00000 -999 126.77489
1.00723 0.10000 -0.00263 0.12376 123.98672 0.00000 280.40030 -1.00000 0.00000 -999 123.98672
1.01183 0.10000 -0.00206 0.13367 122.33060 0.00000 280.40991 -1.00000 0.00000 -999 122.33060
1.01649 0.10000 -0.00148 0.14699 120.10508 0.00000 280.42266 -1.00000 0.00000 -999 120.10508
1.01925 0.10000 -0.00113 0.15425 118.69934 0.00000 280.43021 -1.00000 0.00000 -999 118.69934
1.02205 0.10000 -0.00077 0.16670 116.89203 0.00000 280.44047 -1.00000 0.00000 -999 116.89203
1.02371 0.10000 -0.00056 0.17277 116.17393 0.00000 280.44560 -1.00000 0.00000 -999 116.17393
1.02534 0.10000 -0.00035 0.17870 115.35372 0.00000 280.45343 -1.00000 0.00000 -999 115.35372
1.02631 0.10000 -0.00023 0.18142 114.70393 0.00000 280.46002 -1.00000 0.00000 -999 114.70393
1.02716 0.10000 -0.00012 0.21007 183.28165 0.00000 280.40541 -1.00000 0.00000 -999 183.28165
1.02767 0.10000 -0.00005 0.23843 274.21766 0.00000 280.33255 -1.00000 0.00000 -999 274.21766
1.02794 0.10000 -0.00002 -0.09574 564.28382 0.00000 280.10883 -1.00000 0.00000 -999 564.28382
1.02809 0.10000 0.00000 -0.34873 703.83939 0.00000 279.99621 -1.00000 0.00000 -999 703.83939

ZONE T="SLICE_Y_0p75_BINS07_KS_VAR_CUTDATA"
1.21070 0.75000 0.00000 -0.41385 708.89560 0.00000 279.97743 -1.00000 0.00000 -999 708.89560
1.21060 0.75000 0.00001 -0.23568 610.33923 0.00000 280.05659 -1.00000 0.00000 -999 610.33923
1.21036 0.75000 0.00004 0.24521 276.62559 0.00000 280.32268 -1.00000 0.00000 -999 276.62559
1.21005 0.75000 0.00008 0.22874 212.84216 0.00000 280.37705 -1.00000 0.00000 -999 212.84216
1.20927 0.75000 0.00018 0.18546 112.78396 0.00000 280.47099 -1.00000 0.00000 -999 112.78396
1.20778 0.75000 0.00038 0.18173 113.62228 0.00000 280.45902 -1.00000 0.00000 -999 113.62228
1.20719 0.75000 0.00045 0.18034 113.77825 0.00000 280.45523 -1.00000 0.00000 -999 113.77825
1.20617 0.75000 0.00058 0.17651 114.02364 0.00000 280.45242 -1.00000 0.00000 -999 114.02364
1.20361 0.75000 0.00090 0.16645 114.10971 0.00000 280.44564 -1.00000 0.00000 -999 114.10971
1.20193 0.75000 0.00112 0.16175 115.07527 0.00000 280.44070 -1.00000 0.00000 -999 115.07527
1.19766 0.75000 0.00165 0.14949 117.63189 0.00000 280.42777 -1.00000 0.00000 -999 117.63189
1.19485 0.75000 0.00200 0.14270 118.78568 0.00000 280.42115 -1.00000 0.00000 -999 118.78568
1.18775 0.75000 0.00287 0.12495 122.17763 0.00000 280.40186 -1.00000 0.00000 -999 122.17763
1.18305 0.75000 0.00345 0.11495 123.82164 0.00000 280.39247 -1.00000 0.00000 -999 123.82164
1.17118 0.75000 0.00491 0.08876 128.44515 0.00000 280.36611 -1.00000 0.00000 -999 128.44515
1.15144 0.75000 0.00734 0.05132 135.07154 0.00000 280.33446 -1.00000 0.00000 -999 135.07154
1.14362 0.75000 0.00830 0.03707 137.78982 0.00000 280.32104 -1.00000 0.00000 -999 137.78982
1.11158 0.75000 0.01200 -0.00631 146.40391 0.00000 280.27946 -1.00000 0.00000 -999 146.40391
1.09888 0.75000 0.01347 -0.02276 149.19155 0.00000 280.26595 -1.00000 0.00000 -999 149.19155
1.07943 0.75000 0.01544 -0.04070 152.24854 0.00000 280.25072 -1.00000 0.00000 -999 152.24854
1.03033 0.75000 0.02041 -0.08825 161.49805 0.00000 280.20508 -1.00000 0.00000 -999 161.49805
1.00338 0.75000 0.02275 -0.11103 165.62415 0.00000 280.18373 -1.00000 0.00000 -999 165.62415
0.93537 0.75000 0.02864 -0.17203 175.86952 0.00000 280.13238 -1.00000 0.00000 -999 175.86952
0.85406 0.75000 0.03373 -0.22960 187.05534 0.00000 280.08305 -1.00000 0.00000 -999 187.05534
0.82185 0.75000 0.03574 -0.25073 191.56881 0.00000 280.06300 -1.00000 0.00000 -999 191.56881
0.74054 0.75000 0.03721 -0.28450 201.95868 0.00000 280.02973 -1.00000 0.00000 -999 201.95868
0.70833 0.75000 0.03779 -0.29647 206.46450 0.00000 280.01617 -1.00000 0.00000 -999 206.46450
0.64031 0.75000 0.03605 -0.32036 220.29620 0.00000 279.98419 -1.00000 0.00000 -999 220.29620
0.61337 0.75000 0.03536 -0.32851 225.11689 0.00000 279.97336 -1.00000 0.00000 -999 225.11689
0.56427 0.75000 0.03241 -0.35883 241.08820 0.00000 279.93685 -1.00000 0.00000 -999 241.08820
0.54481 0.75000 0.03124 -0.36940 246.55128 0.00000 279.92474 -1.00000 0.00000 -999 246.55128
0.51277 0.75000 0.02811 -0.41332 264.24476 0.00000 279.86911 -1.00000 0.00000 -999 264.24476
0.50008 0.75000 0.02687 -0.42898 270.11855 0.00000 279.85188 -1.00000 0.00000 -999 270.11855
0.49226 0.75000 0.02580 -0.46624 276.58631 0.00000 279.82092 -1.00000 0.00000 -999 276.58631
0.47252 0.75000 0.02310 -0.56837 291.38086 0.00000 279.74804 -1.00000 0.00000 -999 291.38086
0.46065 0.75000 0.02086 -0.70459 366.66672 0.01749 276.59307 -0.27279 0.00072 -999 303.92633
0.45595 0.75000 0.01997 -0.75460 389.46620 0.02230 275.64244 -0.05456 0.00092 -999 308.35796
0.45313 0.75000 0.01897 -0.76050 450.98595 0.05190 274.38741 0.27279 0.00208 -999 310.18738
0.44603 0.75000 0.01644 -0.77839 637.64995 0.15413 271.82974 1.00000 0.00610 -999 312.78704
0.44177 0.75000 0.01373 -0.60863 679.91728 0.26894 272.47998 0.81633 0.00706 -999 304.44507
0.44008 0.75000 0.01265 -0.54481 708.06383 0.32053 272.78265 0.74717 0.00776 -999 301.13534
0.43752 0.75000 0.01008 -0.26986 614.34772 0.42353 273.04818 0.45765 0.00524 -999 293.39061
0.43651 0.75000 0.00906 -0.16740 577.75239 0.46203 273.15000 0.34746 0.00431 -999 289.96799
0.43502 0.75000 0.00673 0.08857 479.37536 0.53615 273.15000 0.21746 0.00250 -999 290.32018
0.43442 0.75000 0.00580 0.18360 441.23822 0.56385 273.15000 0.16874 0.00185 -999 289.69760
0.43412 0.75000 0.00496 0.26532 426.02331 0.58351 273.15000 0.15270 0.00160 -999 292.83871
0.43333 0.75000 0.00284 0.48676 381.21010 0.63536 273.15000 0.10770 0.00088 -999 302.68015
0.43324 0.75000 0.00204 0.54123 373.77814 0.64483 273.15000 0.10122 0.00077 -999 304.66968
0.43300 0.75000 0.00000 0.69028 352.26888 0.67013 273.15000 0.08297 0.00045 -999 310.81545
0.43309 0.75000 -0.00081 0.71169 347.09651 0.67007 273.15000 0.08061 0.00041 -999 309.27507
0.43333 0.75000 -0.00284 0.77226 332.65495 0.66905 273.15000 0.07384 0.00030 -999 305.24841
0.43364 0.75000 -0.00368 0.75719 329.24388 0.65823 273.15000 0.07455 0.00031 -999 301.06929
0.43442 0.75000 -0.00580 0.71987 318.95138 0.63187 273.15000 0.07605 0.00034 -999 289.19106
0.43502 0.75000 -0.00673 0.67482 318.99530 0.61338 273.15000 0.08046 0.00040 -999 284.62715
0.43651 0.75000 -0.00906 0.55659 316.36816 0.56381 273.15000 0.09183 0.00056 -999 270.82954
0.43907 0.75000 -0.01163 0.36911 332.50824 0.48277 273.15000 0.12739 0.00090 -999 262.45177
0.44008 0.75000 -0.01265 0.29839 339.55440 0.45271 273.15000 0.14145 0.00104 -999 260.19081
0.44434 0.75000 -0.01537 0.11443 389.75193 0.34256 273.15000 0.27376 0.00166 -999 264.49056
0.44603 0.75000 -0.01644 0.04550 410.76641 0.30125 273.15000 0.32776 0.00190 -999 266.78270
0.45313 0.75000 -0.01897 -0.05165 438.20334 0.19693 272.90897 0.59739 0.00220 -999 271.09044
0.45595 0.75000 -0.01997 -0.08746 445.67429 0.15405 272.78851 0.71289 0.00227 -999 272.54230
0.46781 0.75000 -0.02221 -0.08772 396.93310 0.08014 272.31336 0.93573 0.00168 -999 268.22967
0.47252 0.75000 -0.02310 -0.08713 374.60774 0.05548 272.13932 1.00000 0.00141 -999 266.01730
0.49226 0.75000 -0.02580 -0.08478 301.03885 0.02742 273.47547 0.27279 0.00063 -999 254.25306
0.50008 0.75000 -0.02687 -0.08347 278.36619 0.01862 274.18925 0.00000 0.00038 -999 249.89606
0.51277 0.75000 -0.02811 -0.09101 266.96845 0.01527 275.21099 -0.27279 0.00029 -999 245.58447
0.54481 0.75000 -0.03124 -0.11187 234.10181 0.00421 277.93052 -1.00000 0.00000 -999 234.10181
0.59391 0.75000 -0.03419 -0.13223 223.51296 0.00098 279.60536 -1.00000 0.00000 -999 223.51296
0.61337 0.75000 -0.03536 -0.13971 219.08456 0.00010 280.06013 -1.00000 0.00000 -999 219.08456
0.68138 0.75000 -0.03710 -0.15584 209.59268 0.00001 280.10868 -1.00000 0.00000 -999 209.59268
0.70833 0.75000 -0.03779 -0.16191 205.68339 0.00000 280.11295 -1.00000 0.00000 -999 205.68339
0.78963 0.75000 -0.03632 -0.16020 195.55204 0.00000 280.12158 -1.00000 0.00000 -999 195.55204
0.82185 0.75000 -0.03574 -0.15973 191.83102 0.00000 280.12618 -1.00000 0.00000 -999 191.83102
0.90315 0.75000 -0.03065 -0.12739 182.25913 0.00000 280.15216 -1.00000 0.00000 -999 182.25913
0.93537 0.75000 -0.02864 -0.11550 178.81177 0.00000 280.16295 -1.00000 0.00000 -999 178.81177
1.00338 0.75000 -0.02275 -0.07183 170.42815 0.00000 280.19937 -1.00000 0.00000 -999 170.42815
1.03033 0.75000 -0.02041 -0.05557 167.41386 0.00000 280.21299 -1.00000 0.00000 -999 167.41386
1.07943 0.75000 -0.01544 -0.01940 159.76903 0.00000 280.24883 -1.00000 0.00000 -999 159.76903
1.09888 0.75000 -0.01347 -0.00585 156.94491 0.00000 280.26204 -1.00000 0.00000 -999 156.94491
1.13092 0.75000 -0.00977 0.03002 147.12685 0.00000 280.30452 -1.00000 0.00000 -999 147.12685
1.14362 0.75000 -0.00830 0.04352 144.10366 0.00000 280.31759 -1.00000 0.00000 -999 144.10366
1.15144 0.75000 -0.00734 0.05619 141.66609 0.00000 280.32837 -1.00000 0.00000 -999 141.66609
1.17118 0.75000 -0.00491 0.08971 132.78112 0.00000 280.36707 -1.00000 0.00000 -999 132.78112
1.17588 0.75000 -0.00433 0.09902 130.89857 0.00000 280.37664 -1.00000 0.00000 -999 130.89857
1.18775 0.75000 -0.00287 0.12359 127.32423 0.00000 280.39654 -1.00000 0.00000 -999 127.32423
1.19485 0.75000 -0.00200 0.14093 124.64428 0.00000 280.41071 -1.00000 0.00000 -999 124.64428
1.19766 0.75000 -0.00165 0.14752 123.36621 0.00000 280.41781 -1.00000 0.00000 -999 123.36621
1.20193 0.75000 -0.00112 0.16013 120.65954 0.00000 280.43171 -1.00000 0.00000 -999 120.65954
1.20361 0.75000 -0.00090 0.16493 119.68817 0.00000 280.43667 -1.00000 0.00000 -999 119.68817
1.20463 0.75000 -0.00078 0.16897 119.50375 0.00000 280.43949 -1.00000 0.00000 -999 119.50375
1.20719 0.75000 -0.00045 0.17961 119.62100 0.00000 280.44651 -1.00000 0.00000 -999 119.62100
1.20778 0.75000 -0.00038 0.18153 119.31306 0.00000 280.45125 -1.00000 0.00000 -999 119.31306
1.20927 0.75000 -0.00018 0.18671 117.23324 0.00000 280.46867 -1.00000 0.00000 -999 117.23324
1.20958 0.75000 -0.00014 0.20584 180.67868 0.00000 280.41607 -1.00000 0.00000 -999 180.67868
1.21036 0.75000 -0.00004 0.25611 438.09565 0.00000 280.20092 -1.00000 0.00000 -999 438.09565
1.21046 0.75000 -0.00003 0.07493 535.56581 0.00000 280.12165 -1.00000 0.00000 -999 535.56581
1.21070 0.75000 0.00000 -0.41385 708.89560 0.00000 279.97743 -1.00000 0.00000 -999 708.89560

ZONE T="SLICE_Y_1p4_BINS07_KS_VAR_CUTDATA"
1.39331 1.40000 0.00000 -0.48595 747.26154 0.00000 279.94252 -1.00000 0.00000 -999 747.26154
1.39325 1.40000 0.00001 -0.33759 669.80240 0.00000 280.00498 -1.00000 0.00000 -999 669.80240
1.39305 1.40000 0.00003 0.24220 367.63701 0.00000 280.24776 -1.00000 0.00000 -999 367.63701
1.39288 1.40000 0.00005 0.22951 317.25047 0.00000 280.29035 -1.00000 0.00000 -999 317.25047
1.39223 1.40000 0.00014 0.17982 119.34943 0.00000 280.45731 -1.00000 0.00000 -999 119.34943
1.39099 1.40000 0.00030 0.17446 119.37029 0.00000 280.44547 -1.00000 0.00000 -999 119.37029
1.39066 1.40000 0.00034 0.17321 119.22186 0.00000 280.44295 -1.00000 0.00000 -999 119.22186
1.38853 1.40000 0.00061 0.16203 117.64952 0.00000 280.43895 -1.00000 0.00000 -999 117.64952
1.38798 1.40000 0.00068 0.15920 117.55961 0.00000 280.43735 -1.00000 0.00000 -999 117.55961
1.38442 1.40000 0.00113 0.14689 119.92344 0.00000 280.42518 -1.00000 0.00000 -999 119.92344
1.38350 1.40000 0.00124 0.14379 120.59676 0.00000 280.42187 -1.00000 0.00000 -999 120.59676
1.37758 1.40000 0.00197 0.12701 123.53652 0.00000 280.40639 -1.00000 0.00000 -999 123.53652
1.37604 1.40000 0.00216 0.12269 124.31577 0.00000 280.40215 -1.00000 0.00000 -999 124.31577
1.36615 1.40000 0.00338 0.09900 127.63759 0.00000 280.38189 -1.00000 0.00000 -999 127.63759
1.36358 1.40000 0.00369 0.09278 128.87733 0.00000 280.37522 -1.00000 0.00000 -999 128.87733
1.34713 1.40000 0.00572 0.06033 137.33087 0.00000 280.33750 -1.00000 0.00000 -999 137.33087
1.34284 1.40000 0.00624 0.05164 139.45808 0.00000 280.32841 -1.00000 0.00000 -999 139.45808
1.33589 1.40000 0.00705 0.04196 141.57849 0.00000 280.31977 -1.00000 0.00000 -999 141.57849
1.30919 1.40000 0.01013 0.00621 152.28180 0.00000 280.27552 -1.00000 0.00000 -999 152.28180
1.29853 1.40000 0.01121 -0.00414 154.90598 0.00000 280.26467 -1.00000 0.00000 -999 154.90598
1.25762 1.40000 0.01536 -0.04238 164.85466 0.00000 280.22302 -1.00000 0.00000 -999 164.85466
1.24285 1.40000 0.01663 -0.05643 167.90196 0.00000 280.21036 -1.00000 0.00000 -999 167.90196
1.18618 1.40000 0.02154 -0.10884 179.07972 0.00000 280.16499 -1.00000 0.00000 -999 179.07972
1.16853 1.40000 0.02265 -0.12316 182.67450 0.00000 280.15207 -1.00000 0.00000 -999 182.67450
1.10078 1.40000 0.02689 -0.17681 195.00006 0.00000 280.11010 -1.00000 0.00000 -999 195.00006
1.08313 1.40000 0.02721 -0.18669 198.89271 0.00000 280.09940 -1.00000 0.00000 -999 198.89271
1.01538 1.40000 0.02843 -0.22352 214.22128 0.00000 280.05876 -1.00000 0.00000 -999 214.22128
0.95871 1.40000 0.02698 -0.25807 228.38911 0.00000 280.02245 -1.00000 0.00000 -999 228.38911
0.94395 1.40000 0.02660 -0.26741 232.55356 0.00000 280.01160 -1.00000 0.00000 -999 232.55356
0.90303 1.40000 0.02414 -0.31658 248.47120 0.00000 279.97062 -1.00000 0.00000 -999 248.47120
0.89237 1.40000 0.02350 -0.32921 253.03834 0.00000 279.95838 -1.00000 0.00000 -999 253.03834
0.86568 1.40000 0.02090 -0.39240 274.20495 0.00000 279.89045 -1.00000 0.00000 -999 274.20495
0.85872 1.40000 0.02022 -0.40768 278.98062 0.00000 279.87462 -1.00000 0.00000 -999 278.98062
0.84227 1.40000 0.01796 -0.52112 296.85848 0.00033 279.64176 -1.00000 0.00000 -999 296.85848
0.83799 1.40000 0.01737 -0.55023 301.00391 0.00040 279.59018 -1.00000 0.00000 -999 301.00391
0.83541 1.40000 0.01689 -0.58624 332.23793 0.00941 278.72319 -0.79484 0.00037 -999 303.59543
0.82552 1.40000 0.01502 -0.72366 460.26336 0.04554 275.38931 0.00000 0.00183 -999 313.49399
0.82398 1.40000 0.01447 -0.72678 507.40566 0.07516 274.72083 0.20352 0.00295 -999 313.41283
0.81807 1.40000 0.01237 -0.73820 689.62042 0.19084 272.19918 0.98867 0.00729 -999 313.09690
0.81451 1.40000 0.01011 -0.56126 715.26512 0.33319 272.88352 0.76341 0.00820 -999 306.93358
0.81359 1.40000 0.00952 -0.51539 722.29507 0.36987 273.07764 0.70624 0.00845 -999 305.28518
0.81146 1.40000 0.00737 -0.22671 642.49726 0.47941 273.13437 0.41054 0.00534 -999 305.88184
0.81090 1.40000 0.00681 -0.15159 619.09398 0.50944 273.15000 0.32933 0.00447 -999 306.08720
0.80966 1.40000 0.00487 0.11835 534.49860 0.58716 273.15000 0.21107 0.00260 -999 318.14418
0.80933 1.40000 0.00436 0.18848 512.76033 0.60581 273.15000 0.18297 0.00215 -999 320.87508
0.80916 1.40000 0.00390 0.24919 503.36305 0.61803 273.15000 0.17239 0.00197 -999 324.78026
0.80851 1.40000 0.00214 0.48201 453.03433 0.67160 273.15000 0.12285 0.00108 -999 343.60250
0.80846 1.40000 0.00170 0.52218 444.76668 0.68029 273.15000 0.11595 0.00095 -999 347.09249
0.80826 1.40000 0.00000 0.67555 417.54620 0.70999 273.15000 0.09445 0.00056 -999 357.44409
0.80831 1.40000 -0.00044 0.69047 412.27950 0.71056 273.15000 0.09212 0.00052 -999 356.46470
0.80851 1.40000 -0.00214 0.74578 394.32100 0.71075 273.15000 0.08472 0.00040 -999 351.88360
0.80916 1.40000 -0.00390 0.69552 380.88994 0.67736 273.15000 0.08760 0.00046 -999 334.86870
0.80933 1.40000 -0.00436 0.68307 377.24935 0.66904 273.15000 0.08825 0.00047 -999 330.49550
0.81058 1.40000 -0.00631 0.54598 370.90497 0.61852 273.15000 0.09962 0.00065 -999 310.82248
0.81090 1.40000 -0.00681 0.51106 369.12431 0.60338 273.15000 0.10332 0.00071 -999 305.02788
0.81303 1.40000 -0.00896 0.30229 382.66944 0.51700 273.15000 0.14275 0.00116 -999 285.68661
0.81359 1.40000 -0.00952 0.24861 385.33917 0.49433 273.15000 0.15294 0.00127 -999 281.04812
0.81451 1.40000 -0.01011 0.19712 399.77695 0.46051 273.15000 0.19301 0.00149 -999 280.14436
0.81807 1.40000 -0.01237 -0.00238 442.62266 0.34384 273.15000 0.31367 0.00219 -999 274.24852
0.82398 1.40000 -0.01447 -0.10899 483.25010 0.20400 272.84893 0.65895 0.00273 -999 277.34955
0.82552 1.40000 -0.01502 -0.13668 491.64883 0.17118 272.75905 0.75043 0.00283 -999 278.11441
0.82810 1.40000 -0.01551 -0.13710 478.62866 0.15394 272.65903 0.79227 0.00266 -999 277.40831
0.83799 1.40000 -0.01737 -0.13817 429.96021 0.07490 272.20360 1.00000 0.00200 -999 275.42196
0.85444 1.40000 -0.01963 -0.13395 361.23670 0.04619 271.98343 1.00000 0.00123 -999 266.60318
0.85872 1.40000 -0.02022 -0.13306 343.88866 0.03847 271.92299 1.00000 0.00102 -999 264.46738
0.86568 1.40000 -0.02090 -0.13789 329.33263 0.03337 272.52484 0.82415 0.00088 -999 261.43748
0.89237 1.40000 -0.02350 -0.15218 271.10611 0.01230 275.25924 0.02931 0.00030 -999 248.73923
0.90303 1.40000 -0.02414 -0.15455 262.59298 0.00983 276.19398 -0.20516 0.00023 -999 245.47557
0.94395 1.40000 -0.02660 -0.15940 232.07703 0.00114 279.49911 -1.00000 0.00000 -999 232.07703
0.95871 1.40000 -0.02698 -0.15974 228.68224 0.00088 279.63890 -1.00000 0.00000 -999 228.68224
1.01538 1.40000 -0.02843 -0.15926 216.09301 0.00000 280.10337 -1.00000 0.00000 -999 216.09301
1.03303 1.40000 -0.02811 -0.15592 212.77502 0.00000 280.10918 -1.00000 0.00000 -999 212.77502
1.10078 1.40000 -0.02689 -0.14276 202.47558 0.00000 280.12658 -1.00000 0.00000 -999 202.47558
1.16853 1.40000 -0.02265 -0.10700 192.36637 0.00000 280.15485 -1.00000 0.00000 -999 192.36637
1.18618 1.40000 -0.02154 -0.09752 189.57426 0.00000 280.16331 -1.00000 0.00000 -999 189.57426
1.24285 1.40000 -0.01663 -0.05600 180.24452 0.00000 280.19984 -1.00000 0.00000 -999 180.24452
1.25762 1.40000 -0.01536 -0.04490 177.90594 0.00000 280.20941 -1.00000 0.00000 -999 177.90594
1.29853 1.40000 -0.01121 -0.01168 167.71587 0.00000 280.25102 -1.00000 0.00000 -999 167.71587
1.30919 1.40000 -0.01013 -0.00277 165.48006 0.00000 280.26017 -1.00000 0.00000 -999 165.48006
1.31614 1.40000 -0.00933 0.00642 162.92006 0.00000 280.27007 -1.00000 0.00000 -999 162.92006
1.34284 1.40000 -0.00624 0.04083 152.79413 0.00000 280.30850 -1.00000 0.00000 -999 152.79413
1.35929 1.40000 -0.00422 0.07439 145.23079 0.00000 280.33725 -1.00000 0.00000 -999 145.23079
1.36358 1.40000 -0.00369 0.08325 142.95061 0.00000 280.34610 -1.00000 0.00000 -999 142.95061
1.37346 1.40000 -0.00248 0.10890 136.93548 0.00000 280.37360 -1.00000 0.00000 -999 136.93548
1.37604 1.40000 -0.00216 0.11557 135.74433 0.00000 280.37927 -1.00000 0.00000 -999 135.74433
1.37758 1.40000 -0.00197 0.12036 134.80573 0.00000 280.38388 -1.00000 0.00000 -999 134.80573
1.38350 1.40000 -0.00124 0.13897 130.57202 0.00000 280.40394 -1.00000 0.00000 -999 130.57202
1.38442 1.40000 -0.00113 0.14252 129.79805 0.00000 280.40760 -1.00000 0.00000 -999 129.79805
1.38798 1.40000 -0.00068 0.15646 127.00532 0.00000 280.42114 -1.00000 0.00000 -999 127.00532
1.38853 1.40000 -0.00061 0.15952 126.97694 0.00000 280.42313 -1.00000 0.00000 -999 126.97694
1.39066 1.40000 -0.00034 0.17155 128.02298 0.00000 280.42876 -1.00000 0.00000 -999 128.02298
1.39099 1.40000 -0.00030 0.17318 128.07161 0.00000 280.43172 -1.00000 0.00000 -999 128.07161
1.39223 1.40000 -0.00014 0.17976 128.84289 0.00000 280.43960 -1.00000 0.00000 -999 128.84289
1.39288 1.40000 -0.00005 0.23150 296.30733 0.00000 280.30606 -1.00000 0.00000 -999 296.30733
1.39305 1.40000 -0.00003 0.24489 346.29159 0.00000 280.26494 -1.00000 0.00000 -999 346.29159
1.39325 1.40000 -0.00001 -0.33689 671.24370 0.00000 280.00371 -1.00000 0.00000 -999 671.24370
1.39331 1.40000 0.00000 -0.48595 747.26154 0.00000 279.94252 -1.00000 0.00000 -999 747.26154

ZONE T="SLICE_Y_0p1_BINS15_KS_VAR_CUTDATA"
-999 -999 -999 -999 -999 -999 -999 -999 -999 -999 -999

ZONE T="SLICE_Y_0p75_BINS15_KS_VAR_CUTDATA"
-999 -999 -999 -999 -999 -999 -999 -999 -999 -999 -999

ZONE T="SLICE_Y_1p4_BINS15_KS_VAR_CUTDATA"
-999 -999 -999 -999 -999 -999 -999 -999 -999 -999 -999

