#+++++++++++++++++++++++++++++++++++++++++++++++++++++++++++++++++++++++++++++++++++++++++++++++++++++++++++++++++++++++++++++++++
#
#   IPW-3 Cut/Slice DATA SUBMITTAL FORM for Test Case ONERAM6, May 18th 2026
#
#       NOMENCLATURE:
#                  X [m]:  X-coordinate of the surface (clean for reference)
#                  Y [m]:  Y-coordinate of the surface (clean for reference)
#                  Z [m]:  Z-coordinate of the surface (clean for reference)
#                 Cp [-]:  Pressure coefficient
#            HTC [W/m2K]:  Convective Heat Transfer Coefficient (on the rough surface)
#               Beta [-]:  Collection efficiency
#                 Ts [K]:  Surface temperature
#                 FF [-]:  Freezing fraction
#                  k [m]:  Surface roughness height if variable (OPTIONAL)
#         RhoIce [kg/m3]:  Ice density (OPTIONAL)
#      HTC_CLEAN [W/m2K]:  Convective Heat Transfer Coefficient on the surface without roughness (OPTIONAL)
#
#                XXmm:  Roughness height used for the case, in mm.
#                       In the zone name, use the format KS_XXmm.
#                       For example, if k_s = 1.5 mm, use KS_1p5mm. 
#                       For Variable roughness, use KS_VAR
#
#
#    FLOW CONDITIONS:
#                                   AOA: 2.0 deg
#                           Mach Number: 0.4 [-]
#       Mean aerodynamic chord (M.A.C.): 0.801673 [m]
#                       Reynolds Number: 4.2558 million (based on MAC)
#                       Freestream Temp: 267.15 [K]
#                        Reference area: 1.1532 [m2]
#               Moment Reference Center: 0.25, 0, 0 [m] (X, Y, Z)
#
#    ICING CONDITIONS:
#                           Icing Time: 1350 [s]
#                                  LWC: 0.51 [g/m3]
#                                  MVD: 20 [μm]
#
#              NOTES: 1. Please use at least 5 decimal places in the numerical values
#                     2. If data are NOT provided, please fill data fields with a numerical value of "-999" 
#
#++++++++++++++++++++++++++++++++++++++++++++++++++++++++++++++++++++++++++++++++++++++++++++++++++++++++++++++++++++

                                                     <- Optional ->                 
VARIABLES = "X" "Y" "Z" "Cp" "HTC" "Beta" "Ts" "FF" "k" "RhoIce" "HTC_CLEAN"

ZONE T="SLICE_Y_0p1_BINS01_KS_1mm_CUTDATA"
1.02809 0.10000 0.00000 0.06747 233.32060 0.00000 274.73010 0.00000 -999.00000 680.00000 -999.00000 
1.02799 0.10000 -0.00001 0.09833 196.69660 0.00000 274.73493 0.00000 -999.00000 680.00000 -999.00000 
1.02767 0.10000 -0.00005 0.11736 156.42696 0.00000 274.72803 0.00000 -999.00000 680.00000 -999.00000 
1.02712 0.10000 -0.00013 0.11318 153.86765 0.00000 274.72177 0.00000 -999.00000 680.00000 -999.00000 
1.02631 0.10000 -0.00023 0.11297 147.93275 0.00000 274.71578 0.00000 -999.00000 680.00000 -999.00000 
1.02519 0.10000 -0.00037 0.11058 145.51750 0.00000 274.71114 0.00000 -999.00000 680.00000 -999.00000 
1.02371 0.10000 -0.00056 0.10826 146.01078 0.00000 274.70956 0.00000 -999.00000 680.00000 -999.00000 
1.02177 0.10000 -0.00081 0.10511 147.64941 0.00000 274.70840 0.00000 -999.00000 680.00000 -999.00000 
1.01925 0.10000 -0.00113 0.10130 149.78081 0.00000 274.70710 0.00000 -999.00000 680.00000 -999.00000 
1.01601 0.10000 -0.00154 0.09662 152.33032 0.00000 274.70536 0.00000 -999.00000 680.00000 -999.00000 
1.01183 0.10000 -0.00206 0.09093 155.27027 0.00000 274.70298 0.00000 -999.00000 680.00000 -999.00000 
1.00643 0.10000 -0.00273 0.08403 158.55704 0.00000 274.69970 0.00000 -999.00000 680.00000 -999.00000 
0.99946 0.10000 -0.00359 0.07570 162.16908 0.00000 274.69527 0.00000 -999.00000 680.00000 -999.00000 
0.99044 0.10000 -0.00469 0.06522 166.21084 0.00000 274.68908 0.00000 -999.00000 680.00000 -999.00000 
0.97878 0.10000 -0.00613 0.05145 171.07716 0.00000 274.68035 0.00000 -999.00000 680.00000 -999.00000 
0.96374 0.10000 -0.00799 0.03419 177.21138 0.00000 274.66909 0.00000 -999.00000 680.00000 -999.00000 
0.94439 0.10000 -0.01035 0.01373 184.60675 0.00000 274.65540 0.00000 -999.00000 680.00000 -999.00000 
0.91971 0.10000 -0.01329 -0.00916 192.82044 0.00000 274.63953 0.00000 -999.00000 680.00000 -999.00000 
0.88858 0.10000 -0.01680 -0.03270 201.18068 0.00000 274.62268 0.00000 -999.00000 680.00000 -999.00000 
0.84994 0.10000 -0.02088 -0.05552 209.02837 0.00000 274.60579 0.00000 -999.00000 680.00000 -999.00000 
0.80304 0.10000 -0.02547 -0.07821 216.26257 0.00000 274.58837 0.00000 -999.00000 680.00000 -999.00000 
0.74768 0.10000 -0.03049 -0.10318 223.71902 0.00000 274.56863 0.00000 -999.00000 680.00000 -999.00000 
0.68456 0.10000 -0.03573 -0.13125 232.76244 0.00000 274.54637 0.00000 -999.00000 680.00000 -999.00000 
0.61539 0.10000 -0.04069 -0.15753 244.11502 0.00000 274.52627 0.00000 -999.00000 680.00000 -999.00000 
0.54291 0.10000 -0.04460 -0.17293 257.01106 0.00000 274.51642 0.00000 -999.00000 680.00000 -999.00000 
0.47043 0.10000 -0.04679 -0.17181 269.77191 0.00000 274.52155 0.00000 -999.00000 680.00000 -999.00000 
0.40127 0.10000 -0.04715 -0.15705 281.33093 0.00000 274.53872 0.00000 -999.00000 680.00000 -999.00000 
0.33814 0.10000 -0.04609 -0.13649 292.07812 0.00000 274.56083 0.00000 -999.00000 680.00000 -999.00000 
0.28278 0.10000 -0.04413 -0.11602 303.30566 0.00000 274.58274 0.00000 -999.00000 680.00000 -999.00000 
0.23588 0.10000 -0.04168 -0.09702 316.05563 0.00000 274.60340 0.00000 -999.00000 680.00000 -999.00000 
0.19725 0.10000 -0.03898 -0.07831 330.42148 0.00000 274.62389 0.00000 -999.00000 680.00000 -999.00000 
0.16611 0.10000 -0.03622 -0.05896 345.59270 0.00000 274.64485 0.00000 -999.00000 680.00000 -999.00000 
0.14143 0.10000 -0.03353 -0.03996 360.36528 0.00000 273.25799 0.31358 -999.00000 680.00000 -999.00000 
0.12209 0.10000 -0.03104 -0.02549 373.93768 0.00000 272.78649 0.56514 -999.00000 680.00000 -999.00000 
0.10704 0.10000 -0.02882 -0.03109 389.39965 0.00000 273.35563 0.55265 -999.00000 680.00000 -999.00000 
0.09538 0.10000 -0.02686 -0.05646 416.21108 0.00215 273.07441 0.44859 -999.00000 680.00000 -999.00000 
0.08637 0.10000 -0.02492 -0.06580 459.37658 0.04377 273.15000 0.24293 -999.00000 680.00000 -999.00000 
0.07940 0.10000 -0.02280 -0.02740 508.77677 0.13109 273.15000 0.16709 -999.00000 680.00000 -999.00000 
0.07400 0.10000 -0.02052 0.06463 547.60641 0.22558 273.15000 0.12787 -999.00000 680.00000 -999.00000 
0.06982 0.10000 -0.01814 0.19433 565.49685 0.31277 273.15000 0.10065 -999.00000 680.00000 -999.00000 
0.06657 0.10000 -0.01578 0.33807 562.69195 0.38710 273.15000 0.07942 -999.00000 680.00000 -999.00000 
0.06406 0.10000 -0.01349 0.47714 545.56790 0.44844 273.15000 0.06201 -999.00000 680.00000 -999.00000 
0.06212 0.10000 -0.01130 0.60037 521.26299 0.49862 273.15000 0.04722 -999.00000 680.00000 -999.00000 
0.06063 0.10000 -0.00922 0.70274 495.36403 0.53946 273.15000 0.03986 -999.00000 680.00000 -999.00000 
0.05952 0.10000 -0.00724 0.78105 470.89770 0.57172 273.15000 0.04171 -999.00000 680.00000 -999.00000 
0.05871 0.10000 -0.00535 0.83283 449.15649 0.59540 273.15000 0.05049 -999.00000 680.00000 -999.00000 
0.05816 0.10000 -0.00355 0.85497 435.24849 0.61027 273.15000 0.06016 -999.00000 680.00000 -999.00000 
0.05784 0.10000 -0.00183 0.85221 443.86823 0.61729 273.15000 0.05841 -999.00000 680.00000 -999.00000 
0.05773 0.10000 0.00000 0.82196 474.67472 0.61533 273.15000 0.04815 -999.00000 680.00000 -999.00000 
0.05784 0.10000 0.00183 0.75360 508.63211 0.60149 273.15000 0.04076 -999.00000 680.00000 -999.00000 
0.05816 0.10000 0.00355 0.66401 538.96223 0.57819 273.15000 0.04062 -999.00000 680.00000 -999.00000 
0.05871 0.10000 0.00535 0.55843 569.06372 0.54814 273.15000 0.04991 -999.00000 680.00000 -999.00000 
0.05952 0.10000 0.00724 0.42771 597.54896 0.51043 273.15000 0.06677 -999.00000 680.00000 -999.00000 
0.06063 0.10000 0.00922 0.27868 621.11738 0.46477 273.15000 0.08652 -999.00000 680.00000 -999.00000 
0.06212 0.10000 0.01130 0.11521 638.67574 0.41080 273.15000 0.10938 -999.00000 680.00000 -999.00000 
0.06406 0.10000 0.01349 -0.05815 648.83872 0.34733 273.15000 0.13978 -999.00000 680.00000 -999.00000 
0.06657 0.10000 0.01578 -0.23387 648.45153 0.27199 273.15000 0.18562 -999.00000 680.00000 -999.00000 
0.06982 0.10000 0.01814 -0.39538 632.26616 0.18237 273.15000 0.26776 -999.00000 680.00000 -999.00000 
0.07400 0.10000 0.02052 -0.51711 595.40016 0.07783 272.97891 0.49167 -999.00000 680.00000 -999.00000 
0.07940 0.10000 0.02280 -0.57206 538.96953 0.01091 272.70956 0.64437 -999.00000 680.00000 -999.00000 
0.08637 0.10000 0.02492 -0.55057 475.46315 0.00000 273.41565 0.31358 -999.00000 680.00000 -999.00000 
0.09538 0.10000 0.02686 -0.47399 424.74197 0.00000 274.26375 0.00000 -999.00000 680.00000 -999.00000 
0.10704 0.10000 0.02882 -0.38894 397.51727 0.00000 274.34209 0.00000 -999.00000 680.00000 -999.00000 
0.12209 0.10000 0.03104 -0.33806 385.05401 0.00000 274.38894 0.00000 -999.00000 680.00000 -999.00000 
0.14143 0.10000 0.03353 -0.31796 373.83693 0.00000 274.40637 0.00000 -999.00000 680.00000 -999.00000 
0.16611 0.10000 0.03622 -0.30748 359.65213 0.00000 274.41402 0.00000 -999.00000 680.00000 -999.00000 
0.19725 0.10000 0.03898 -0.30028 343.81628 0.00000 274.41805 0.00000 -999.00000 680.00000 -999.00000 
0.23588 0.10000 0.04168 -0.29457 328.16338 0.00000 274.42044 0.00000 -999.00000 680.00000 -999.00000 
0.28278 0.10000 0.04413 -0.29103 313.91040 0.00000 274.42079 0.00000 -999.00000 680.00000 -999.00000 
0.33814 0.10000 0.04609 -0.29066 301.10470 0.00000 274.41820 0.00000 -999.00000 680.00000 -999.00000 
0.40127 0.10000 0.04715 -0.29167 288.66500 0.00000 274.41412 0.00000 -999.00000 680.00000 -999.00000 
0.47043 0.10000 0.04679 -0.28761 275.22483 0.00000 274.41426 0.00000 -999.00000 680.00000 -999.00000 
0.54291 0.10000 0.04460 -0.27045 260.40680 0.00000 274.42593 0.00000 -999.00000 680.00000 -999.00000 
0.61539 0.10000 0.04069 -0.23771 245.39022 0.00000 274.45160 0.00000 -999.00000 680.00000 -999.00000 
0.68456 0.10000 0.03573 -0.19573 231.96568 0.00000 274.48582 0.00000 -999.00000 680.00000 -999.00000 
0.74768 0.10000 0.03049 -0.15390 220.90789 0.00000 274.52016 0.00000 -999.00000 680.00000 -999.00000 
0.80304 0.10000 0.02547 -0.11698 211.41416 0.00000 274.55003 0.00000 -999.00000 680.00000 -999.00000 
0.84994 0.10000 0.02088 -0.08407 202.05415 0.00000 274.57568 0.00000 -999.00000 680.00000 -999.00000 
0.88858 0.10000 0.01680 -0.05284 192.01777 0.00000 274.59878 0.00000 -999.00000 680.00000 -999.00000 
0.91971 0.10000 0.01329 -0.02281 181.51064 0.00000 274.61971 0.00000 -999.00000 680.00000 -999.00000 
0.94439 0.10000 0.01035 0.00472 171.31142 0.00000 274.63767 0.00000 -999.00000 680.00000 -999.00000 
0.96374 0.10000 0.00799 0.02831 162.17194 0.00000 274.65194 0.00000 -999.00000 680.00000 -999.00000 
0.97878 0.10000 0.00613 0.04760 154.54707 0.00000 274.66277 0.00000 -999.00000 680.00000 -999.00000 
0.99044 0.10000 0.00469 0.06271 148.42214 0.00000 274.67057 0.00000 -999.00000 680.00000 -999.00000 
0.99946 0.10000 0.00359 0.07410 143.35927 0.00000 274.67561 0.00000 -999.00000 680.00000 -999.00000 
1.00643 0.10000 0.00273 0.08299 138.97559 0.00000 274.67875 0.00000 -999.00000 680.00000 -999.00000 
1.01183 0.10000 0.00206 0.09013 135.15944 0.00000 274.68069 0.00000 -999.00000 680.00000 -999.00000 
1.01601 0.10000 0.00154 0.09587 131.92512 0.00000 274.68183 0.00000 -999.00000 680.00000 -999.00000 
1.01925 0.10000 0.00113 0.10047 129.30059 0.00000 274.68256 0.00000 -999.00000 680.00000 -999.00000 
1.02177 0.10000 0.00081 0.10414 127.29616 0.00000 274.68317 0.00000 -999.00000 680.00000 -999.00000 
1.02371 0.10000 0.00056 0.10708 126.13174 0.00000 274.68421 0.00000 -999.00000 680.00000 -999.00000 
1.02519 0.10000 0.00037 0.10925 126.93540 0.00000 274.68728 0.00000 -999.00000 680.00000 -999.00000 
1.02631 0.10000 0.00023 0.11119 131.80644 0.00000 274.69542 0.00000 -999.00000 680.00000 -999.00000 
1.02712 0.10000 0.00013 0.11173 140.55097 0.00000 274.70644 0.00000 -999.00000 680.00000 -999.00000 
1.02767 0.10000 0.00005 0.11231 144.84768 0.00000 274.71193 0.00000 -999.00000 680.00000 -999.00000 
1.02799 0.10000 0.00001 0.08729 186.33962 0.00000 274.71726 0.00000 -999.00000 680.00000 -999.00000 
1.02809 0.10000 0.00000 0.06747 233.32060 0.00000 274.73010 0.00000 -999.00000 680.00000 -999.00000 

ZONE T="SLICE_Y_0p75_BINS01_KS_1mm_CUTDATA"
1.21070 0.75000 0.00000 0.06918 256.65761 0.00000 274.74054 0.00000 -999.00000 680.00000 -999.00000 
1.21062 0.75000 -0.00001 0.10034 215.47847 0.00000 274.74716 0.00000 -999.00000 680.00000 -999.00000 
1.21036 0.75000 -0.00004 0.12009 170.60336 0.00000 274.74252 0.00000 -999.00000 680.00000 -999.00000 
1.20992 0.75000 -0.00010 0.11646 166.74780 0.00000 274.73605 0.00000 -999.00000 680.00000 -999.00000 
1.20927 0.75000 -0.00018 0.11653 158.85529 0.00000 274.72947 0.00000 -999.00000 680.00000 -999.00000 
1.20838 0.75000 -0.00030 0.11452 155.24352 0.00000 274.72440 0.00000 -999.00000 680.00000 -999.00000 
1.20719 0.75000 -0.00045 0.11266 155.13457 0.00000 274.72261 0.00000 -999.00000 680.00000 -999.00000 
1.20563 0.75000 -0.00065 0.11004 156.41689 0.00000 274.72142 0.00000 -999.00000 680.00000 -999.00000 
1.20361 0.75000 -0.00090 0.10688 158.25408 0.00000 274.72022 0.00000 -999.00000 680.00000 -999.00000 
1.20101 0.75000 -0.00123 0.10297 160.53530 0.00000 274.71869 0.00000 -999.00000 680.00000 -999.00000 
1.19766 0.75000 -0.00165 0.09821 163.22511 0.00000 274.71666 0.00000 -999.00000 680.00000 -999.00000 
1.19334 0.75000 -0.00219 0.09240 166.27523 0.00000 274.71391 0.00000 -999.00000 680.00000 -999.00000 
1.18775 0.75000 -0.00287 0.08535 169.66541 0.00000 274.71019 0.00000 -999.00000 680.00000 -999.00000 
1.18052 0.75000 -0.00376 0.07639 173.50881 0.00000 274.70496 0.00000 -999.00000 680.00000 -999.00000 
1.17118 0.75000 -0.00491 0.06442 178.21877 0.00000 274.69745 0.00000 -999.00000 680.00000 -999.00000 
1.15912 0.75000 -0.00640 0.04918 184.28469 0.00000 274.68766 0.00000 -999.00000 680.00000 -999.00000 
1.14362 0.75000 -0.00830 0.03078 191.77710 0.00000 274.67556 0.00000 -999.00000 680.00000 -999.00000 
1.12384 0.75000 -0.01065 0.00971 200.32214 0.00000 274.66122 0.00000 -999.00000 680.00000 -999.00000 
1.09888 0.75000 -0.01347 -0.01256 209.26989 0.00000 274.64553 0.00000 -999.00000 680.00000 -999.00000 
1.06792 0.75000 -0.01674 -0.03485 217.92453 0.00000 274.62922 0.00000 -999.00000 680.00000 -999.00000 
1.03033 0.75000 -0.02041 -0.05780 226.11898 0.00000 274.61174 0.00000 -999.00000 680.00000 -999.00000 
0.98596 0.75000 -0.02443 -0.08390 234.67211 0.00000 274.59115 0.00000 -999.00000 680.00000 -999.00000 
0.93537 0.75000 -0.02864 -0.11443 245.04126 0.00000 274.56678 0.00000 -999.00000 680.00000 -999.00000 
0.87994 0.75000 -0.03261 -0.14535 258.09106 0.00000 274.54252 0.00000 -999.00000 680.00000 -999.00000 
0.82185 0.75000 -0.03574 -0.16784 273.07267 0.00000 274.52622 0.00000 -999.00000 680.00000 -999.00000 
0.76376 0.75000 -0.03750 -0.17532 288.12003 0.00000 274.52347 0.00000 -999.00000 680.00000 -999.00000 
0.70833 0.75000 -0.03779 -0.16915 301.93935 0.00000 274.53277 0.00000 -999.00000 680.00000 -999.00000 
0.65773 0.75000 -0.03694 -0.15613 314.85997 0.00000 274.54798 0.00000 -999.00000 680.00000 -999.00000 
0.61337 0.75000 -0.03536 -0.14192 328.28470 0.00000 274.56415 0.00000 -999.00000 680.00000 -999.00000 
0.57578 0.75000 -0.03340 -0.12808 343.38692 0.00000 274.58007 0.00000 -999.00000 680.00000 -999.00000 
0.54481 0.75000 -0.03124 -0.11363 360.28352 0.00000 274.59661 0.00000 -999.00000 680.00000 -999.00000 
0.51986 0.75000 -0.02903 -0.09773 378.06600 0.00000 274.08843 0.00000 -999.00000 680.00000 -999.00000 
0.50008 0.75000 -0.02687 -0.08144 395.40073 0.00000 273.25748 0.48820 -999.00000 680.00000 -999.00000 
0.48458 0.75000 -0.02488 -0.06913 411.44876 0.00000 273.04665 0.69464 -999.00000 680.00000 -999.00000 
0.47252 0.75000 -0.02310 -0.07620 429.54464 0.00595 273.15000 0.32881 -999.00000 680.00000 -999.00000 
0.46317 0.75000 -0.02152 -0.10133 459.75566 0.03405 273.15000 0.20736 -999.00000 680.00000 -999.00000 
0.45595 0.75000 -0.01997 -0.10798 507.28190 0.09516 273.15000 0.14979 -999.00000 680.00000 -999.00000 
0.45036 0.75000 -0.01827 -0.06548 561.44066 0.18033 273.15000 0.11670 -999.00000 680.00000 -999.00000 
0.44603 0.75000 -0.01644 0.02985 605.27151 0.27158 273.15000 0.09396 -999.00000 680.00000 -999.00000 
0.44268 0.75000 -0.01454 0.16026 629.33354 0.35558 273.15000 0.07633 -999.00000 680.00000 -999.00000 
0.44008 0.75000 -0.01265 0.30155 635.26709 0.42701 273.15000 0.06004 -999.00000 680.00000 -999.00000 
0.43806 0.75000 -0.01081 0.43521 629.80457 0.48586 273.15000 0.04408 -999.00000 680.00000 -999.00000 
0.43651 0.75000 -0.00906 0.55038 619.08882 0.53383 273.15000 0.03157 -999.00000 680.00000 -999.00000 
0.43532 0.75000 -0.00739 0.64221 607.39460 0.57256 273.15000 0.02340 -999.00000 680.00000 -999.00000 
0.43442 0.75000 -0.00580 0.70769 597.23915 0.60270 273.15000 0.01951 -999.00000 680.00000 -999.00000 
0.43377 0.75000 -0.00429 0.74464 591.58680 0.62431 273.15000 0.02001 -999.00000 680.00000 -999.00000 
0.43333 0.75000 -0.00284 0.75075 597.56172 0.63722 273.15000 0.02017 -999.00000 680.00000 -999.00000 
0.43308 0.75000 -0.00146 0.73030 616.86467 0.64211 273.15000 0.01765 -999.00000 680.00000 -999.00000 
0.43300 0.75000 0.00000 0.68100 644.35506 0.63842 273.15000 0.01750 -999.00000 680.00000 -999.00000 
0.43308 0.75000 0.00146 0.59277 670.98157 0.62338 273.15000 0.02110 -999.00000 680.00000 -999.00000 
0.43333 0.75000 0.00284 0.48414 691.26358 0.59888 273.15000 0.02699 -999.00000 680.00000 -999.00000 
0.43377 0.75000 0.00429 0.36117 709.19025 0.56766 273.15000 0.03589 -999.00000 680.00000 -999.00000 
0.43442 0.75000 0.00580 0.21345 724.11062 0.52850 273.15000 0.04857 -999.00000 680.00000 -999.00000 
0.43532 0.75000 0.00739 0.04846 733.63147 0.48121 273.15000 0.06606 -999.00000 680.00000 -999.00000 
0.43651 0.75000 0.00906 -0.12942 737.96295 0.42552 273.15000 0.08571 -999.00000 680.00000 -999.00000 
0.43806 0.75000 0.01081 -0.31510 736.52317 0.36034 273.15000 0.10788 -999.00000 680.00000 -999.00000 
0.44008 0.75000 0.01265 -0.49984 726.35578 0.28334 273.15000 0.13975 -999.00000 680.00000 -999.00000 
0.44268 0.75000 0.01454 -0.66470 701.74851 0.19239 273.15000 0.19059 -999.00000 680.00000 -999.00000 
0.44603 0.75000 0.01644 -0.78077 656.77765 0.08758 273.15000 0.28889 -999.00000 680.00000 -999.00000 
0.45036 0.75000 0.01827 -0.81846 591.60962 0.01592 273.15000 0.56046 -999.00000 680.00000 -999.00000 
0.45595 0.75000 0.01997 -0.76924 519.19987 0.00000 270.59735 0.88269 -999.00000 680.00000 -999.00000 
0.46317 0.75000 0.02152 -0.65964 461.84037 0.00000 271.09676 0.50000 -999.00000 680.00000 -999.00000 
0.47252 0.75000 0.02310 -0.54219 432.07502 0.00000 274.19893 0.00000 -999.00000 680.00000 -999.00000 
0.48458 0.75000 0.02488 -0.46359 419.60459 0.00000 274.27347 0.00000 -999.00000 680.00000 -999.00000 
0.50008 0.75000 0.02687 -0.42068 408.16348 0.00000 274.31326 0.00000 -999.00000 680.00000 -999.00000 
0.51986 0.75000 0.02903 -0.39053 392.52989 0.00000 274.34002 0.00000 -999.00000 680.00000 -999.00000 
0.54481 0.75000 0.03124 -0.36576 374.29558 0.00000 274.36097 0.00000 -999.00000 680.00000 -999.00000 
0.57578 0.75000 0.03340 -0.34403 355.82015 0.00000 274.37867 0.00000 -999.00000 680.00000 -999.00000 
0.61337 0.75000 0.03536 -0.32562 338.69868 0.00000 274.39308 0.00000 -999.00000 680.00000 -999.00000 
0.65773 0.75000 0.03694 -0.31109 323.06894 0.00000 274.40376 0.00000 -999.00000 680.00000 -999.00000 
0.70833 0.75000 0.03779 -0.29822 307.73077 0.00000 274.41259 0.00000 -999.00000 680.00000 -999.00000 
0.76376 0.75000 0.03750 -0.28066 291.21862 0.00000 274.42516 0.00000 -999.00000 680.00000 -999.00000 
0.82185 0.75000 0.03574 -0.25148 273.28550 0.00000 274.44774 0.00000 -999.00000 680.00000 -999.00000 
0.87994 0.75000 0.03261 -0.20980 255.43762 0.00000 274.48130 0.00000 -999.00000 680.00000 -999.00000 
0.93537 0.75000 0.02864 -0.16264 239.70779 0.00000 274.51980 0.00000 -999.00000 680.00000 -999.00000 
0.98596 0.75000 0.02443 -0.11871 226.84548 0.00000 274.55553 0.00000 -999.00000 680.00000 -999.00000 
1.03033 0.75000 0.02041 -0.08160 215.89552 0.00000 274.58501 0.00000 -999.00000 680.00000 -999.00000 
1.06792 0.75000 0.01674 -0.04978 205.37226 0.00000 274.60916 0.00000 -999.00000 680.00000 -999.00000 
1.09888 0.75000 0.01347 -0.02076 194.54400 0.00000 274.62985 0.00000 -999.00000 680.00000 -999.00000 
1.12384 0.75000 0.01065 0.00608 183.71101 0.00000 274.64774 0.00000 -999.00000 680.00000 -999.00000 
1.14362 0.75000 0.00830 0.02987 173.65362 0.00000 274.66250 0.00000 -999.00000 680.00000 -999.00000 
1.15912 0.75000 0.00640 0.04965 165.01796 0.00000 274.67387 0.00000 -999.00000 680.00000 -999.00000 
1.17118 0.75000 0.00491 0.06545 158.09332 0.00000 274.68235 0.00000 -999.00000 680.00000 -999.00000 
1.18052 0.75000 0.00376 0.07757 152.72023 0.00000 274.68842 0.00000 -999.00000 680.00000 -999.00000 
1.18775 0.75000 0.00287 0.08653 148.39449 0.00000 274.69230 0.00000 -999.00000 680.00000 -999.00000 
1.19334 0.75000 0.00219 0.09342 144.71468 0.00000 274.69473 0.00000 -999.00000 680.00000 -999.00000 
1.19766 0.75000 0.00165 0.09894 141.55669 0.00000 274.69629 0.00000 -999.00000 680.00000 -999.00000 
1.20101 0.75000 0.00123 0.10334 138.92232 0.00000 274.69729 0.00000 -999.00000 680.00000 -999.00000 
1.20361 0.75000 0.00090 0.10686 136.83122 0.00000 274.69802 0.00000 -999.00000 680.00000 -999.00000 
1.20563 0.75000 0.00065 0.10966 135.33808 0.00000 274.69875 0.00000 -999.00000 680.00000 -999.00000 
1.20719 0.75000 0.00045 0.11189 134.86351 0.00000 274.70019 0.00000 -999.00000 680.00000 -999.00000 
1.20838 0.75000 0.00030 0.11350 136.93291 0.00000 274.70412 0.00000 -999.00000 680.00000 -999.00000 
1.20927 0.75000 0.00018 0.11492 143.78096 0.00000 274.71306 0.00000 -999.00000 680.00000 -999.00000 
1.20992 0.75000 0.00010 0.11515 154.22499 0.00000 274.72383 0.00000 -999.00000 680.00000 -999.00000 
1.21036 0.75000 0.00004 0.11493 158.85679 0.00000 274.72806 0.00000 -999.00000 680.00000 -999.00000 
1.21062 0.75000 0.00001 0.08908 204.94228 0.00000 274.73035 0.00000 -999.00000 680.00000 -999.00000 
1.21070 0.75000 0.00000 0.06918 256.65761 0.00000 274.74054 0.00000 -999.00000 680.00000 -999.00000 

ZONE T="SLICE_Y_1p4_BINS01_KS_1mm_CUTDATA"
1.39331 1.40000 0.00000 0.05652 286.11737 0.00000 274.73795 0.00000 -999.00000 680.00000 -999.00000 
1.39324 1.40000 -0.00001 0.08763 246.62453 0.00000 274.74990 0.00000 -999.00000 680.00000 -999.00000 
1.39305 1.40000 -0.00003 0.11179 196.54653 0.00000 274.75248 0.00000 -999.00000 680.00000 -999.00000 
1.39272 1.40000 -0.00008 0.10937 188.48805 0.00000 274.74514 0.00000 -999.00000 680.00000 -999.00000 
1.39223 1.40000 -0.00014 0.10955 175.82201 0.00000 274.73678 0.00000 -999.00000 680.00000 -999.00000 
1.39156 1.40000 -0.00022 0.10779 169.66085 0.00000 274.73061 0.00000 -999.00000 680.00000 -999.00000 
1.39066 1.40000 -0.00034 0.10614 168.57300 0.00000 274.72826 0.00000 -999.00000 680.00000 -999.00000 
1.38949 1.40000 -0.00049 0.10375 169.56774 0.00000 274.72687 0.00000 -999.00000 680.00000 -999.00000 
1.38798 1.40000 -0.00068 0.10084 171.37027 0.00000 274.72561 0.00000 -999.00000 680.00000 -999.00000 
1.38602 1.40000 -0.00093 0.09722 173.74166 0.00000 274.72412 0.00000 -999.00000 680.00000 -999.00000 
1.38350 1.40000 -0.00124 0.09281 176.58624 0.00000 274.72219 0.00000 -999.00000 680.00000 -999.00000 
1.38024 1.40000 -0.00165 0.08742 179.81948 0.00000 274.71957 0.00000 -999.00000 680.00000 -999.00000 
1.37604 1.40000 -0.00216 0.08090 183.40502 0.00000 274.71607 0.00000 -999.00000 680.00000 -999.00000 
1.37060 1.40000 -0.00283 0.07264 187.45343 0.00000 274.71119 0.00000 -999.00000 680.00000 -999.00000 
1.36358 1.40000 -0.00369 0.06165 192.37973 0.00000 274.70422 0.00000 -999.00000 680.00000 -999.00000 
1.35450 1.40000 -0.00482 0.04775 198.67167 0.00000 274.69519 0.00000 -999.00000 680.00000 -999.00000 
1.34284 1.40000 -0.00624 0.03117 206.40323 0.00000 274.68422 0.00000 -999.00000 680.00000 -999.00000 
1.32796 1.40000 -0.00801 0.01244 215.19661 0.00000 274.67148 0.00000 -999.00000 680.00000 -999.00000 
1.30919 1.40000 -0.01013 -0.00699 224.38491 0.00000 274.65787 0.00000 -999.00000 680.00000 -999.00000 
1.28590 1.40000 -0.01259 -0.02610 233.26856 0.00000 274.64407 0.00000 -999.00000 680.00000 -999.00000 
1.25762 1.40000 -0.01536 -0.04572 241.71197 0.00000 274.62929 0.00000 -999.00000 680.00000 -999.00000 
1.22424 1.40000 -0.01838 -0.06868 250.61948 0.00000 274.61131 0.00000 -999.00000 680.00000 -999.00000 
1.18618 1.40000 -0.02154 -0.09683 261.57391 0.00000 274.58888 0.00000 -999.00000 680.00000 -999.00000 
1.14448 1.40000 -0.02453 -0.12704 275.53332 0.00000 274.56504 0.00000 -999.00000 680.00000 -999.00000 
1.10078 1.40000 -0.02689 -0.15156 291.73078 0.00000 274.54663 0.00000 -999.00000 680.00000 -999.00000 
1.05708 1.40000 -0.02821 -0.16445 308.18515 0.00000 274.53865 0.00000 -999.00000 680.00000 -999.00000 
1.01538 1.40000 -0.02843 -0.16683 323.49502 0.00000 274.53983 0.00000 -999.00000 680.00000 -999.00000 
0.97732 1.40000 -0.02779 -0.16450 337.97120 0.00000 274.54496 0.00000 -999.00000 680.00000 -999.00000 
0.94395 1.40000 -0.02660 -0.16173 353.07610 0.00000 274.55036 0.00000 -999.00000 680.00000 -999.00000 
0.91567 1.40000 -0.02513 -0.15862 370.03715 0.00000 274.55616 0.00000 -999.00000 680.00000 -999.00000 
0.89237 1.40000 -0.02350 -0.15298 388.93156 0.00000 274.56436 0.00000 -999.00000 680.00000 -999.00000 
0.87360 1.40000 -0.02184 -0.14344 408.70986 0.00000 272.12692 0.50000 -999.00000 680.00000 -999.00000 
0.85872 1.40000 -0.02022 -0.13134 427.88193 0.00433 271.41725 0.91106 -999.00000 680.00000 -999.00000 
0.84706 1.40000 -0.01871 -0.12194 445.56288 0.01843 273.15000 0.60012 -999.00000 680.00000 -999.00000 
0.83799 1.40000 -0.01737 -0.13106 465.45233 0.03891 273.15000 0.31183 -999.00000 680.00000 -999.00000 
0.83096 1.40000 -0.01619 -0.15688 498.68813 0.07249 273.15000 0.21272 -999.00000 680.00000 -999.00000 
0.82552 1.40000 -0.01502 -0.16316 551.24752 0.13376 273.15000 0.15924 -999.00000 680.00000 -999.00000 
0.82132 1.40000 -0.01375 -0.12024 611.81242 0.21801 273.15000 0.12507 -999.00000 680.00000 -999.00000 
0.81807 1.40000 -0.01237 -0.02456 662.06809 0.30866 273.15000 0.10126 -999.00000 680.00000 -999.00000 
0.81554 1.40000 -0.01094 0.10678 691.51523 0.39247 273.15000 0.08280 -999.00000 680.00000 -999.00000 
0.81359 1.40000 -0.00952 0.24993 701.72116 0.46401 273.15000 0.06512 -999.00000 680.00000 -999.00000 
0.81207 1.40000 -0.00813 0.38633 699.86225 0.52316 273.15000 0.04777 -999.00000 680.00000 -999.00000 
0.81090 1.40000 -0.00681 0.50490 692.29952 0.57153 273.15000 0.03456 -999.00000 680.00000 -999.00000 
0.81001 1.40000 -0.00556 0.60064 683.32383 0.61077 273.15000 0.02576 -999.00000 680.00000 -999.00000 
0.80933 1.40000 -0.00436 0.67042 675.23986 0.64154 273.15000 0.02065 -999.00000 680.00000 -999.00000 
0.80884 1.40000 -0.00323 0.71193 670.68882 0.66392 273.15000 0.01910 -999.00000 680.00000 -999.00000 
0.80851 1.40000 -0.00214 0.72287 675.72016 0.67782 273.15000 0.01879 -999.00000 680.00000 -999.00000 
0.80832 1.40000 -0.00110 0.70748 693.19414 0.68366 273.15000 0.01783 -999.00000 680.00000 -999.00000 
0.80826 1.40000 0.00000 0.66334 719.53363 0.68074 273.15000 0.01836 -999.00000 680.00000 -999.00000 
0.80832 1.40000 0.00110 0.58070 744.79821 0.66680 273.15000 0.02150 -999.00000 680.00000 -999.00000 
0.80851 1.40000 0.00214 0.47726 763.12588 0.64366 273.15000 0.02703 -999.00000 680.00000 -999.00000 
0.80884 1.40000 0.00323 0.35896 778.87902 0.61369 273.15000 0.03561 -999.00000 680.00000 -999.00000 
0.80933 1.40000 0.00436 0.21605 791.61995 0.57587 273.15000 0.04790 -999.00000 680.00000 -999.00000 
0.81001 1.40000 0.00556 0.05574 798.88478 0.53011 273.15000 0.06485 -999.00000 680.00000 -999.00000 
0.81090 1.40000 0.00681 -0.11750 800.98079 0.47619 273.15000 0.08473 -999.00000 680.00000 -999.00000 
0.81207 1.40000 0.00813 -0.29843 797.28056 0.41312 273.15000 0.10669 -999.00000 680.00000 -999.00000 
0.81359 1.40000 0.00952 -0.47828 784.40139 0.33881 273.15000 0.13604 -999.00000 680.00000 -999.00000 
0.81554 1.40000 0.01094 -0.63864 755.91893 0.25119 273.15000 0.18047 -999.00000 680.00000 -999.00000 
0.81807 1.40000 0.01237 -0.75182 705.50179 0.15102 273.15000 0.25680 -999.00000 680.00000 -999.00000 
0.82132 1.40000 0.01375 -0.78994 633.77522 0.04906 273.15000 0.44162 -999.00000 680.00000 -999.00000 
0.82552 1.40000 0.01502 -0.74504 554.78911 0.00000 271.54664 0.78855 -999.00000 680.00000 -999.00000 
0.83096 1.40000 0.01619 -0.64122 491.95229 0.00000 272.05510 0.50000 -999.00000 680.00000 -999.00000 
0.83799 1.40000 0.01737 -0.52661 458.48386 0.00000 274.21685 0.00000 -999.00000 680.00000 -999.00000 
0.84706 1.40000 0.01871 -0.44580 443.73352 0.00000 274.29336 0.00000 -999.00000 680.00000 -999.00000 
0.85872 1.40000 0.02022 -0.39735 430.46682 0.00000 274.33834 0.00000 -999.00000 680.00000 -999.00000 
0.87360 1.40000 0.02184 -0.35980 412.83050 0.00000 274.37206 0.00000 -999.00000 680.00000 -999.00000 
0.89237 1.40000 0.02350 -0.32609 392.30292 0.00000 274.40140 0.00000 -999.00000 680.00000 -999.00000 
0.91567 1.40000 0.02513 -0.29479 371.38663 0.00000 274.42799 0.00000 -999.00000 680.00000 -999.00000 
0.94395 1.40000 0.02660 -0.26741 351.79750 0.00000 274.45063 0.00000 -999.00000 680.00000 -999.00000 
0.97732 1.40000 0.02779 -0.24555 333.62430 0.00000 274.46787 0.00000 -999.00000 680.00000 -999.00000 
1.01538 1.40000 0.02843 -0.22772 315.48115 0.00000 274.48088 0.00000 -999.00000 680.00000 -999.00000 
1.05708 1.40000 0.02821 -0.20801 295.73393 0.00000 274.49472 0.00000 -999.00000 680.00000 -999.00000 
1.10078 1.40000 0.02689 -0.17983 274.15254 0.00000 274.51524 0.00000 -999.00000 680.00000 -999.00000 
1.14448 1.40000 0.02453 -0.14234 252.53409 0.00000 274.54335 0.00000 -999.00000 680.00000 -999.00000 
1.18618 1.40000 0.02154 -0.10209 233.40135 0.00000 274.57364 0.00000 -999.00000 680.00000 -999.00000 
1.22424 1.40000 0.01838 -0.06674 217.98867 0.00000 274.59972 0.00000 -999.00000 680.00000 -999.00000 
1.25762 1.40000 0.01536 -0.03879 205.63639 0.00000 274.61943 0.00000 -999.00000 680.00000 -999.00000 
1.28590 1.40000 0.01259 -0.01593 194.88300 0.00000 274.63451 0.00000 -999.00000 680.00000 -999.00000 
1.30919 1.40000 0.01013 0.00479 184.75920 0.00000 274.64727 0.00000 -999.00000 680.00000 -999.00000 
1.32796 1.40000 0.00801 0.02435 175.17327 0.00000 274.65857 0.00000 -999.00000 680.00000 -999.00000 
1.34284 1.40000 0.00624 0.04211 166.52254 0.00000 274.66819 0.00000 -999.00000 680.00000 -999.00000 
1.35450 1.40000 0.00482 0.05719 159.19681 0.00000 274.67577 0.00000 -999.00000 680.00000 -999.00000 
1.36358 1.40000 0.00369 0.06943 153.36297 0.00000 274.68160 0.00000 -999.00000 680.00000 -999.00000 
1.37060 1.40000 0.00283 0.07892 148.84881 0.00000 274.68581 0.00000 -999.00000 680.00000 -999.00000 
1.37604 1.40000 0.00216 0.08594 145.18920 0.00000 274.68839 0.00000 -999.00000 680.00000 -999.00000 
1.38024 1.40000 0.00165 0.09139 142.00639 0.00000 274.68988 0.00000 -999.00000 680.00000 -999.00000 
1.38350 1.40000 0.00124 0.09582 139.20008 0.00000 274.69072 0.00000 -999.00000 680.00000 -999.00000 
1.38602 1.40000 0.00093 0.09941 136.82244 0.00000 274.69119 0.00000 -999.00000 680.00000 -999.00000 
1.38798 1.40000 0.00068 0.10232 134.96798 0.00000 274.69158 0.00000 -999.00000 680.00000 -999.00000 
1.38949 1.40000 0.00049 0.10464 133.74532 0.00000 274.69217 0.00000 -999.00000 680.00000 -999.00000 
1.39066 1.40000 0.00034 0.10650 133.57081 0.00000 274.69365 0.00000 -999.00000 680.00000 -999.00000 
1.39156 1.40000 0.00022 0.10778 136.06636 0.00000 274.69784 0.00000 -999.00000 680.00000 -999.00000 
1.39223 1.40000 0.00014 0.10896 143.97523 0.00000 274.70776 0.00000 -999.00000 680.00000 -999.00000 
1.39272 1.40000 0.00008 0.10895 157.67383 0.00000 274.72118 0.00000 -999.00000 680.00000 -999.00000 
1.39305 1.40000 0.00003 0.10886 166.89809 0.00000 274.72935 0.00000 -999.00000 680.00000 -999.00000 
1.39324 1.40000 0.00001 0.08145 221.92608 0.00000 274.73155 0.00000 -999.00000 680.00000 -999.00000 
1.39331 1.40000 0.00000 0.05652 286.11737 0.00000 274.73795 0.00000 -999.00000 680.00000 -999.00000 

ZONE T="SLICE_Y_0p1_BINS03_KS_1mm_CUTDATA"
1.02809 0.10000 0.00000 0.06747 233.32060 0.00000 274.73010 0.00000 -999.00000 680.00000 -999.00000 
1.02799 0.10000 -0.00001 0.09833 196.69660 0.00000 274.73493 0.00000 -999.00000 680.00000 -999.00000 
1.02767 0.10000 -0.00005 0.11736 156.42696 0.00000 274.72803 0.00000 -999.00000 680.00000 -999.00000 
1.02712 0.10000 -0.00013 0.11318 153.86765 0.00000 274.72177 0.00000 -999.00000 680.00000 -999.00000 
1.02631 0.10000 -0.00023 0.11297 147.93275 0.00000 274.71578 0.00000 -999.00000 680.00000 -999.00000 
1.02519 0.10000 -0.00037 0.11058 145.51750 0.00000 274.71114 0.00000 -999.00000 680.00000 -999.00000 
1.02371 0.10000 -0.00056 0.10826 146.01078 0.00000 274.70956 0.00000 -999.00000 680.00000 -999.00000 
1.02177 0.10000 -0.00081 0.10511 147.64941 0.00000 274.70840 0.00000 -999.00000 680.00000 -999.00000 
1.01925 0.10000 -0.00113 0.10130 149.78081 0.00000 274.70710 0.00000 -999.00000 680.00000 -999.00000 
1.01601 0.10000 -0.00154 0.09662 152.33032 0.00000 274.70536 0.00000 -999.00000 680.00000 -999.00000 
1.01183 0.10000 -0.00206 0.09093 155.27027 0.00000 274.70298 0.00000 -999.00000 680.00000 -999.00000 
1.00643 0.10000 -0.00273 0.08403 158.55704 0.00000 274.69970 0.00000 -999.00000 680.00000 -999.00000 
0.99946 0.10000 -0.00359 0.07570 162.16908 0.00000 274.69527 0.00000 -999.00000 680.00000 -999.00000 
0.99044 0.10000 -0.00469 0.06522 166.21084 0.00000 274.68908 0.00000 -999.00000 680.00000 -999.00000 
0.97878 0.10000 -0.00613 0.05145 171.07716 0.00000 274.68035 0.00000 -999.00000 680.00000 -999.00000 
0.96374 0.10000 -0.00799 0.03419 177.21138 0.00000 274.66909 0.00000 -999.00000 680.00000 -999.00000 
0.94439 0.10000 -0.01035 0.01373 184.60675 0.00000 274.65540 0.00000 -999.00000 680.00000 -999.00000 
0.91971 0.10000 -0.01329 -0.00916 192.82044 0.00000 274.63953 0.00000 -999.00000 680.00000 -999.00000 
0.88858 0.10000 -0.01680 -0.03270 201.18068 0.00000 274.62268 0.00000 -999.00000 680.00000 -999.00000 
0.84994 0.10000 -0.02088 -0.05552 209.02837 0.00000 274.60579 0.00000 -999.00000 680.00000 -999.00000 
0.80304 0.10000 -0.02547 -0.07821 216.26257 0.00000 274.58837 0.00000 -999.00000 680.00000 -999.00000 
0.74768 0.10000 -0.03049 -0.10318 223.71902 0.00000 274.56863 0.00000 -999.00000 680.00000 -999.00000 
0.68456 0.10000 -0.03573 -0.13125 232.76244 0.00000 274.54637 0.00000 -999.00000 680.00000 -999.00000 
0.61539 0.10000 -0.04069 -0.15753 244.11502 0.00000 274.52627 0.00000 -999.00000 680.00000 -999.00000 
0.54291 0.10000 -0.04460 -0.17293 257.01106 0.00000 274.51642 0.00000 -999.00000 680.00000 -999.00000 
0.47043 0.10000 -0.04679 -0.17181 269.77191 0.00000 274.52155 0.00000 -999.00000 680.00000 -999.00000 
0.40127 0.10000 -0.04715 -0.15705 281.33093 0.00000 274.53872 0.00000 -999.00000 680.00000 -999.00000 
0.33814 0.10000 -0.04609 -0.13649 292.07812 0.00000 274.56083 0.00000 -999.00000 680.00000 -999.00000 
0.28278 0.10000 -0.04413 -0.11602 303.30566 0.00000 274.58274 0.00000 -999.00000 680.00000 -999.00000 
0.23588 0.10000 -0.04168 -0.09702 316.05563 0.00000 274.60340 0.00000 -999.00000 680.00000 -999.00000 
0.19725 0.10000 -0.03898 -0.07831 330.42148 0.00000 274.62389 0.00000 -999.00000 680.00000 -999.00000 
0.16611 0.10000 -0.03622 -0.05896 345.59270 0.00000 274.64485 0.00000 -999.00000 680.00000 -999.00000 
0.14143 0.10000 -0.03353 -0.03996 360.36528 0.00000 273.22067 0.31358 -999.00000 680.00000 -999.00000 
0.12209 0.10000 -0.03104 -0.02549 373.93768 0.00086 272.46794 0.57655 -999.00000 680.00000 -999.00000 
0.10704 0.10000 -0.02882 -0.03109 389.39965 0.00347 273.05687 0.56762 -999.00000 680.00000 -999.00000 
0.09538 0.10000 -0.02686 -0.05646 416.21108 0.01042 273.05687 0.45797 -999.00000 680.00000 -999.00000 
0.08637 0.10000 -0.02492 -0.06580 459.37658 0.04847 273.15000 0.25291 -999.00000 680.00000 -999.00000 
0.07940 0.10000 -0.02280 -0.02740 508.77677 0.12434 273.15000 0.17359 -999.00000 680.00000 -999.00000 
0.07400 0.10000 -0.02052 0.06463 547.60641 0.21488 273.15000 0.13147 -999.00000 680.00000 -999.00000 
0.06982 0.10000 -0.01814 0.19433 565.49685 0.30319 273.15000 0.10267 -999.00000 680.00000 -999.00000 
0.06657 0.10000 -0.01578 0.33807 562.69195 0.37801 273.15000 0.08060 -999.00000 680.00000 -999.00000 
0.06406 0.10000 -0.01349 0.47714 545.56790 0.43968 273.15000 0.06267 -999.00000 680.00000 -999.00000 
0.06212 0.10000 -0.01130 0.60037 521.26299 0.49007 273.15000 0.04753 -999.00000 680.00000 -999.00000 
0.06063 0.10000 -0.00922 0.70274 495.36403 0.53105 273.15000 0.03996 -999.00000 680.00000 -999.00000 
0.05952 0.10000 -0.00724 0.78105 470.89770 0.56340 273.15000 0.04174 -999.00000 680.00000 -999.00000 
0.05871 0.10000 -0.00535 0.83283 449.15649 0.58713 273.15000 0.05050 -999.00000 680.00000 -999.00000 
0.05816 0.10000 -0.00355 0.85497 435.24849 0.60200 273.15000 0.06018 -999.00000 680.00000 -999.00000 
0.05784 0.10000 -0.00183 0.85221 443.86823 0.60902 273.15000 0.05843 -999.00000 680.00000 -999.00000 
0.05773 0.10000 0.00000 0.82196 474.67472 0.60707 273.15000 0.04817 -999.00000 680.00000 -999.00000 
0.05784 0.10000 0.00183 0.75360 508.63211 0.59318 273.15000 0.04082 -999.00000 680.00000 -999.00000 
0.05816 0.10000 0.00355 0.66401 538.96223 0.56977 273.15000 0.04078 -999.00000 680.00000 -999.00000 
0.05871 0.10000 0.00535 0.55843 569.06372 0.53957 273.15000 0.05027 -999.00000 680.00000 -999.00000 
0.05952 0.10000 0.00724 0.42771 597.54896 0.50161 273.15000 0.06747 -999.00000 680.00000 -999.00000 
0.06063 0.10000 0.00922 0.27868 621.11738 0.45559 273.15000 0.08772 -999.00000 680.00000 -999.00000 
0.06212 0.10000 0.01130 0.11521 638.67574 0.40111 273.15000 0.11133 -999.00000 680.00000 -999.00000 
0.06406 0.10000 0.01349 -0.05815 648.83872 0.33692 273.15000 0.14305 -999.00000 680.00000 -999.00000 
0.06657 0.10000 0.01578 -0.23387 648.45153 0.26059 273.15000 0.19179 -999.00000 680.00000 -999.00000 
0.06982 0.10000 0.01814 -0.39538 632.26616 0.17239 273.15000 0.28149 -999.00000 680.00000 -999.00000 
0.07400 0.10000 0.02052 -0.51711 595.40016 0.07969 272.90341 0.50960 -999.00000 680.00000 -999.00000 
0.07940 0.10000 0.02280 -0.57206 538.96953 0.01743 272.34370 0.65267 -999.00000 680.00000 -999.00000 
0.08637 0.10000 0.02492 -0.55057 475.46315 0.00065 273.12529 0.31358 -999.00000 680.00000 -999.00000 
0.09538 0.10000 0.02686 -0.47399 424.74197 0.00000 274.26375 0.00000 -999.00000 680.00000 -999.00000 
0.10704 0.10000 0.02882 -0.38894 397.51727 0.00000 274.34209 0.00000 -999.00000 680.00000 -999.00000 
0.12209 0.10000 0.03104 -0.33806 385.05401 0.00000 274.38894 0.00000 -999.00000 680.00000 -999.00000 
0.14143 0.10000 0.03353 -0.31796 373.83693 0.00000 274.40637 0.00000 -999.00000 680.00000 -999.00000 
0.16611 0.10000 0.03622 -0.30748 359.65213 0.00000 274.41402 0.00000 -999.00000 680.00000 -999.00000 
0.19725 0.10000 0.03898 -0.30028 343.81628 0.00000 274.41805 0.00000 -999.00000 680.00000 -999.00000 
0.23588 0.10000 0.04168 -0.29457 328.16338 0.00000 274.42044 0.00000 -999.00000 680.00000 -999.00000 
0.28278 0.10000 0.04413 -0.29103 313.91040 0.00000 274.42079 0.00000 -999.00000 680.00000 -999.00000 
0.33814 0.10000 0.04609 -0.29066 301.10470 0.00000 274.41820 0.00000 -999.00000 680.00000 -999.00000 
0.40127 0.10000 0.04715 -0.29167 288.66500 0.00000 274.41412 0.00000 -999.00000 680.00000 -999.00000 
0.47043 0.10000 0.04679 -0.28761 275.22483 0.00000 274.41426 0.00000 -999.00000 680.00000 -999.00000 
0.54291 0.10000 0.04460 -0.27045 260.40680 0.00000 274.42593 0.00000 -999.00000 680.00000 -999.00000 
0.61539 0.10000 0.04069 -0.23771 245.39022 0.00000 274.45160 0.00000 -999.00000 680.00000 -999.00000 
0.68456 0.10000 0.03573 -0.19573 231.96568 0.00000 274.48582 0.00000 -999.00000 680.00000 -999.00000 
0.74768 0.10000 0.03049 -0.15390 220.90789 0.00000 274.52016 0.00000 -999.00000 680.00000 -999.00000 
0.80304 0.10000 0.02547 -0.11698 211.41416 0.00000 274.55003 0.00000 -999.00000 680.00000 -999.00000 
0.84994 0.10000 0.02088 -0.08407 202.05415 0.00000 274.57568 0.00000 -999.00000 680.00000 -999.00000 
0.88858 0.10000 0.01680 -0.05284 192.01777 0.00000 274.59878 0.00000 -999.00000 680.00000 -999.00000 
0.91971 0.10000 0.01329 -0.02281 181.51064 0.00000 274.61971 0.00000 -999.00000 680.00000 -999.00000 
0.94439 0.10000 0.01035 0.00472 171.31142 0.00000 274.63767 0.00000 -999.00000 680.00000 -999.00000 
0.96374 0.10000 0.00799 0.02831 162.17194 0.00000 274.65194 0.00000 -999.00000 680.00000 -999.00000 
0.97878 0.10000 0.00613 0.04760 154.54707 0.00000 274.66277 0.00000 -999.00000 680.00000 -999.00000 
0.99044 0.10000 0.00469 0.06271 148.42214 0.00000 274.67057 0.00000 -999.00000 680.00000 -999.00000 
0.99946 0.10000 0.00359 0.07410 143.35927 0.00000 274.67561 0.00000 -999.00000 680.00000 -999.00000 
1.00643 0.10000 0.00273 0.08299 138.97559 0.00000 274.67875 0.00000 -999.00000 680.00000 -999.00000 
1.01183 0.10000 0.00206 0.09013 135.15944 0.00000 274.68069 0.00000 -999.00000 680.00000 -999.00000 
1.01601 0.10000 0.00154 0.09587 131.92512 0.00000 274.68183 0.00000 -999.00000 680.00000 -999.00000 
1.01925 0.10000 0.00113 0.10047 129.30059 0.00000 274.68256 0.00000 -999.00000 680.00000 -999.00000 
1.02177 0.10000 0.00081 0.10414 127.29616 0.00000 274.68317 0.00000 -999.00000 680.00000 -999.00000 
1.02371 0.10000 0.00056 0.10708 126.13174 0.00000 274.68421 0.00000 -999.00000 680.00000 -999.00000 
1.02519 0.10000 0.00037 0.10925 126.93540 0.00000 274.68728 0.00000 -999.00000 680.00000 -999.00000 
1.02631 0.10000 0.00023 0.11119 131.80644 0.00000 274.69542 0.00000 -999.00000 680.00000 -999.00000 
1.02712 0.10000 0.00013 0.11173 140.55097 0.00000 274.70644 0.00000 -999.00000 680.00000 -999.00000 
1.02767 0.10000 0.00005 0.11231 144.84768 0.00000 274.71193 0.00000 -999.00000 680.00000 -999.00000 
1.02799 0.10000 0.00001 0.08729 186.33962 0.00000 274.71726 0.00000 -999.00000 680.00000 -999.00000 
1.02809 0.10000 0.00000 0.06747 233.32060 0.00000 274.73010 0.00000 -999.00000 680.00000 -999.00000 

ZONE T="SLICE_Y_0p75_BINS03_KS_1mm_CUTDATA"
1.21070 0.75000 0.00000 0.06918 256.65761 0.00000 274.74054 0.00000 -999.00000 680.00000 -999.00000 
1.21062 0.75000 -0.00001 0.10034 215.47847 0.00000 274.74716 0.00000 -999.00000 680.00000 -999.00000 
1.21036 0.75000 -0.00004 0.12009 170.60336 0.00000 274.74252 0.00000 -999.00000 680.00000 -999.00000 
1.20992 0.75000 -0.00010 0.11646 166.74780 0.00000 274.73605 0.00000 -999.00000 680.00000 -999.00000 
1.20927 0.75000 -0.00018 0.11653 158.85529 0.00000 274.72947 0.00000 -999.00000 680.00000 -999.00000 
1.20838 0.75000 -0.00030 0.11452 155.24352 0.00000 274.72440 0.00000 -999.00000 680.00000 -999.00000 
1.20719 0.75000 -0.00045 0.11266 155.13457 0.00000 274.72261 0.00000 -999.00000 680.00000 -999.00000 
1.20563 0.75000 -0.00065 0.11004 156.41689 0.00000 274.72142 0.00000 -999.00000 680.00000 -999.00000 
1.20361 0.75000 -0.00090 0.10688 158.25408 0.00000 274.72022 0.00000 -999.00000 680.00000 -999.00000 
1.20101 0.75000 -0.00123 0.10297 160.53530 0.00000 274.71869 0.00000 -999.00000 680.00000 -999.00000 
1.19766 0.75000 -0.00165 0.09821 163.22511 0.00000 274.71666 0.00000 -999.00000 680.00000 -999.00000 
1.19334 0.75000 -0.00219 0.09240 166.27523 0.00000 274.71391 0.00000 -999.00000 680.00000 -999.00000 
1.18775 0.75000 -0.00287 0.08535 169.66541 0.00000 274.71019 0.00000 -999.00000 680.00000 -999.00000 
1.18052 0.75000 -0.00376 0.07639 173.50881 0.00000 274.70496 0.00000 -999.00000 680.00000 -999.00000 
1.17118 0.75000 -0.00491 0.06442 178.21877 0.00000 274.69745 0.00000 -999.00000 680.00000 -999.00000 
1.15912 0.75000 -0.00640 0.04918 184.28469 0.00000 274.68766 0.00000 -999.00000 680.00000 -999.00000 
1.14362 0.75000 -0.00830 0.03078 191.77710 0.00000 274.67556 0.00000 -999.00000 680.00000 -999.00000 
1.12384 0.75000 -0.01065 0.00971 200.32214 0.00000 274.66122 0.00000 -999.00000 680.00000 -999.00000 
1.09888 0.75000 -0.01347 -0.01256 209.26989 0.00000 274.64553 0.00000 -999.00000 680.00000 -999.00000 
1.06792 0.75000 -0.01674 -0.03485 217.92453 0.00000 274.62922 0.00000 -999.00000 680.00000 -999.00000 
1.03033 0.75000 -0.02041 -0.05780 226.11898 0.00000 274.61174 0.00000 -999.00000 680.00000 -999.00000 
0.98596 0.75000 -0.02443 -0.08390 234.67211 0.00000 274.59115 0.00000 -999.00000 680.00000 -999.00000 
0.93537 0.75000 -0.02864 -0.11443 245.04126 0.00000 274.56678 0.00000 -999.00000 680.00000 -999.00000 
0.87994 0.75000 -0.03261 -0.14535 258.09106 0.00000 274.54252 0.00000 -999.00000 680.00000 -999.00000 
0.82185 0.75000 -0.03574 -0.16784 273.07267 0.00000 274.52622 0.00000 -999.00000 680.00000 -999.00000 
0.76376 0.75000 -0.03750 -0.17532 288.12003 0.00000 274.52347 0.00000 -999.00000 680.00000 -999.00000 
0.70833 0.75000 -0.03779 -0.16915 301.93935 0.00000 274.53277 0.00000 -999.00000 680.00000 -999.00000 
0.65773 0.75000 -0.03694 -0.15613 314.85997 0.00000 274.54798 0.00000 -999.00000 680.00000 -999.00000 
0.61337 0.75000 -0.03536 -0.14192 328.28470 0.00000 274.56415 0.00000 -999.00000 680.00000 -999.00000 
0.57578 0.75000 -0.03340 -0.12808 343.38692 0.00000 274.58007 0.00000 -999.00000 680.00000 -999.00000 
0.54481 0.75000 -0.03124 -0.11363 360.28352 0.00000 274.59661 0.00000 -999.00000 680.00000 -999.00000 
0.51986 0.75000 -0.02903 -0.09773 378.06600 0.00079 273.87760 0.00000 -999.00000 680.00000 -999.00000 
0.50008 0.75000 -0.02687 -0.08144 395.40073 0.00334 273.04432 0.48917 -999.00000 680.00000 -999.00000 
0.48458 0.75000 -0.02488 -0.06913 411.44876 0.00680 273.04432 0.70032 -999.00000 680.00000 -999.00000 
0.47252 0.75000 -0.02310 -0.07620 429.54464 0.01424 273.15000 0.33777 -999.00000 680.00000 -999.00000 
0.46317 0.75000 -0.02152 -0.10133 459.75566 0.03852 273.15000 0.21472 -999.00000 680.00000 -999.00000 
0.45595 0.75000 -0.01997 -0.10798 507.28190 0.09050 273.15000 0.15484 -999.00000 680.00000 -999.00000 
0.45036 0.75000 -0.01827 -0.06548 561.44066 0.17046 273.15000 0.11976 -999.00000 680.00000 -999.00000 
0.44603 0.75000 -0.01644 0.02985 605.27151 0.26228 273.15000 0.09580 -999.00000 680.00000 -999.00000 
0.44268 0.75000 -0.01454 0.16026 629.33354 0.34679 273.15000 0.07751 -999.00000 680.00000 -999.00000 
0.44008 0.75000 -0.01265 0.30155 635.26709 0.41859 273.15000 0.06079 -999.00000 680.00000 -999.00000 
0.43806 0.75000 -0.01081 0.43521 629.80457 0.47769 273.15000 0.04453 -999.00000 680.00000 -999.00000 
0.43651 0.75000 -0.00906 0.55038 619.08882 0.52582 273.15000 0.03181 -999.00000 680.00000 -999.00000 
0.43532 0.75000 -0.00739 0.64221 607.39460 0.56465 273.15000 0.02351 -999.00000 680.00000 -999.00000 
0.43442 0.75000 -0.00580 0.70769 597.23915 0.59485 273.15000 0.01955 -999.00000 680.00000 -999.00000 
0.43377 0.75000 -0.00429 0.74464 591.58680 0.61648 273.15000 0.02002 -999.00000 680.00000 -999.00000 
0.43333 0.75000 -0.00284 0.75075 597.56172 0.62936 273.15000 0.02019 -999.00000 680.00000 -999.00000 
0.43308 0.75000 -0.00146 0.73030 616.86467 0.63418 273.15000 0.01767 -999.00000 680.00000 -999.00000 
0.43300 0.75000 0.00000 0.68100 644.35506 0.63042 273.15000 0.01755 -999.00000 680.00000 -999.00000 
0.43308 0.75000 0.00146 0.59277 670.98157 0.61524 273.15000 0.02123 -999.00000 680.00000 -999.00000 
0.43333 0.75000 0.00284 0.48414 691.26358 0.59057 273.15000 0.02721 -999.00000 680.00000 -999.00000 
0.43377 0.75000 0.00429 0.36117 709.19025 0.55912 273.15000 0.03626 -999.00000 680.00000 -999.00000 
0.43442 0.75000 0.00580 0.21345 724.11062 0.51967 273.15000 0.04916 -999.00000 680.00000 -999.00000 
0.43532 0.75000 0.00739 0.04846 733.63147 0.47199 273.15000 0.06698 -999.00000 680.00000 -999.00000 
0.43651 0.75000 0.00906 -0.12942 737.96295 0.41582 273.15000 0.08710 -999.00000 680.00000 -999.00000 
0.43806 0.75000 0.01081 -0.31510 736.52317 0.34992 273.15000 0.11001 -999.00000 680.00000 -999.00000 
0.44008 0.75000 0.01265 -0.49984 726.35578 0.27193 273.15000 0.14330 -999.00000 680.00000 -999.00000 
0.44268 0.75000 0.01454 -0.66470 701.74851 0.18128 273.15000 0.19732 -999.00000 680.00000 -999.00000 
0.44603 0.75000 0.01644 -0.78077 656.77765 0.08713 273.15000 0.30231 -999.00000 680.00000 -999.00000 
0.45036 0.75000 0.01827 -0.81846 591.60962 0.02185 273.15000 0.60446 -999.00000 680.00000 -999.00000 
0.45595 0.75000 0.01997 -0.76924 519.19987 0.00126 271.19663 0.77463 -999.00000 680.00000 -999.00000 
0.46317 0.75000 0.02152 -0.65964 461.84037 0.00000 271.69605 0.35687 -999.00000 680.00000 -999.00000 
0.47252 0.75000 0.02310 -0.54219 432.07502 0.00000 274.19893 0.00000 -999.00000 680.00000 -999.00000 
0.48458 0.75000 0.02488 -0.46359 419.60459 0.00000 274.27347 0.00000 -999.00000 680.00000 -999.00000 
0.50008 0.75000 0.02687 -0.42068 408.16348 0.00000 274.31326 0.00000 -999.00000 680.00000 -999.00000 
0.51986 0.75000 0.02903 -0.39053 392.52989 0.00000 274.34002 0.00000 -999.00000 680.00000 -999.00000 
0.54481 0.75000 0.03124 -0.36576 374.29558 0.00000 274.36097 0.00000 -999.00000 680.00000 -999.00000 
0.57578 0.75000 0.03340 -0.34403 355.82015 0.00000 274.37867 0.00000 -999.00000 680.00000 -999.00000 
0.61337 0.75000 0.03536 -0.32562 338.69868 0.00000 274.39308 0.00000 -999.00000 680.00000 -999.00000 
0.65773 0.75000 0.03694 -0.31109 323.06894 0.00000 274.40376 0.00000 -999.00000 680.00000 -999.00000 
0.70833 0.75000 0.03779 -0.29822 307.73077 0.00000 274.41259 0.00000 -999.00000 680.00000 -999.00000 
0.76376 0.75000 0.03750 -0.28066 291.21862 0.00000 274.42516 0.00000 -999.00000 680.00000 -999.00000 
0.82185 0.75000 0.03574 -0.25148 273.28550 0.00000 274.44774 0.00000 -999.00000 680.00000 -999.00000 
0.87994 0.75000 0.03261 -0.20980 255.43762 0.00000 274.48130 0.00000 -999.00000 680.00000 -999.00000 
0.93537 0.75000 0.02864 -0.16264 239.70779 0.00000 274.51980 0.00000 -999.00000 680.00000 -999.00000 
0.98596 0.75000 0.02443 -0.11871 226.84548 0.00000 274.55553 0.00000 -999.00000 680.00000 -999.00000 
1.03033 0.75000 0.02041 -0.08160 215.89552 0.00000 274.58501 0.00000 -999.00000 680.00000 -999.00000 
1.06792 0.75000 0.01674 -0.04978 205.37226 0.00000 274.60916 0.00000 -999.00000 680.00000 -999.00000 
1.09888 0.75000 0.01347 -0.02076 194.54400 0.00000 274.62985 0.00000 -999.00000 680.00000 -999.00000 
1.12384 0.75000 0.01065 0.00608 183.71101 0.00000 274.64774 0.00000 -999.00000 680.00000 -999.00000 
1.14362 0.75000 0.00830 0.02987 173.65362 0.00000 274.66250 0.00000 -999.00000 680.00000 -999.00000 
1.15912 0.75000 0.00640 0.04965 165.01796 0.00000 274.67387 0.00000 -999.00000 680.00000 -999.00000 
1.17118 0.75000 0.00491 0.06545 158.09332 0.00000 274.68235 0.00000 -999.00000 680.00000 -999.00000 
1.18052 0.75000 0.00376 0.07757 152.72023 0.00000 274.68842 0.00000 -999.00000 680.00000 -999.00000 
1.18775 0.75000 0.00287 0.08653 148.39449 0.00000 274.69230 0.00000 -999.00000 680.00000 -999.00000 
1.19334 0.75000 0.00219 0.09342 144.71468 0.00000 274.69473 0.00000 -999.00000 680.00000 -999.00000 
1.19766 0.75000 0.00165 0.09894 141.55669 0.00000 274.69629 0.00000 -999.00000 680.00000 -999.00000 
1.20101 0.75000 0.00123 0.10334 138.92232 0.00000 274.69729 0.00000 -999.00000 680.00000 -999.00000 
1.20361 0.75000 0.00090 0.10686 136.83122 0.00000 274.69802 0.00000 -999.00000 680.00000 -999.00000 
1.20563 0.75000 0.00065 0.10966 135.33808 0.00000 274.69875 0.00000 -999.00000 680.00000 -999.00000 
1.20719 0.75000 0.00045 0.11189 134.86351 0.00000 274.70019 0.00000 -999.00000 680.00000 -999.00000 
1.20838 0.75000 0.00030 0.11350 136.93291 0.00000 274.70412 0.00000 -999.00000 680.00000 -999.00000 
1.20927 0.75000 0.00018 0.11492 143.78096 0.00000 274.71306 0.00000 -999.00000 680.00000 -999.00000 
1.20992 0.75000 0.00010 0.11515 154.22499 0.00000 274.72383 0.00000 -999.00000 680.00000 -999.00000 
1.21036 0.75000 0.00004 0.11493 158.85679 0.00000 274.72806 0.00000 -999.00000 680.00000 -999.00000 
1.21062 0.75000 0.00001 0.08908 204.94228 0.00000 274.73035 0.00000 -999.00000 680.00000 -999.00000 
1.21070 0.75000 0.00000 0.06918 256.65761 0.00000 274.74054 0.00000 -999.00000 680.00000 -999.00000 

ZONE T="SLICE_Y_1p4_BINS03_KS_1mm_CUTDATA"
1.39331 1.40000 0.00000 0.05652 286.11737 0.00000 274.73795 0.00000 -999.00000 680.00000 -999.00000 
1.39324 1.40000 -0.00001 0.08763 246.62453 0.00000 274.74990 0.00000 -999.00000 680.00000 -999.00000 
1.39305 1.40000 -0.00003 0.11179 196.54653 0.00000 274.75248 0.00000 -999.00000 680.00000 -999.00000 
1.39272 1.40000 -0.00008 0.10937 188.48805 0.00000 274.74514 0.00000 -999.00000 680.00000 -999.00000 
1.39223 1.40000 -0.00014 0.10955 175.82201 0.00000 274.73678 0.00000 -999.00000 680.00000 -999.00000 
1.39156 1.40000 -0.00022 0.10779 169.66085 0.00000 274.73061 0.00000 -999.00000 680.00000 -999.00000 
1.39066 1.40000 -0.00034 0.10614 168.57300 0.00000 274.72826 0.00000 -999.00000 680.00000 -999.00000 
1.38949 1.40000 -0.00049 0.10375 169.56774 0.00000 274.72687 0.00000 -999.00000 680.00000 -999.00000 
1.38798 1.40000 -0.00068 0.10084 171.37027 0.00000 274.72561 0.00000 -999.00000 680.00000 -999.00000 
1.38602 1.40000 -0.00093 0.09722 173.74166 0.00000 274.72412 0.00000 -999.00000 680.00000 -999.00000 
1.38350 1.40000 -0.00124 0.09281 176.58624 0.00000 274.72219 0.00000 -999.00000 680.00000 -999.00000 
1.38024 1.40000 -0.00165 0.08742 179.81948 0.00000 274.71957 0.00000 -999.00000 680.00000 -999.00000 
1.37604 1.40000 -0.00216 0.08090 183.40502 0.00000 274.71607 0.00000 -999.00000 680.00000 -999.00000 
1.37060 1.40000 -0.00283 0.07264 187.45343 0.00000 274.71119 0.00000 -999.00000 680.00000 -999.00000 
1.36358 1.40000 -0.00369 0.06165 192.37973 0.00000 274.70422 0.00000 -999.00000 680.00000 -999.00000 
1.35450 1.40000 -0.00482 0.04775 198.67167 0.00000 274.69519 0.00000 -999.00000 680.00000 -999.00000 
1.34284 1.40000 -0.00624 0.03117 206.40323 0.00000 274.68422 0.00000 -999.00000 680.00000 -999.00000 
1.32796 1.40000 -0.00801 0.01244 215.19661 0.00000 274.67148 0.00000 -999.00000 680.00000 -999.00000 
1.30919 1.40000 -0.01013 -0.00699 224.38491 0.00000 274.65787 0.00000 -999.00000 680.00000 -999.00000 
1.28590 1.40000 -0.01259 -0.02610 233.26856 0.00000 274.64407 0.00000 -999.00000 680.00000 -999.00000 
1.25762 1.40000 -0.01536 -0.04572 241.71197 0.00000 274.62929 0.00000 -999.00000 680.00000 -999.00000 
1.22424 1.40000 -0.01838 -0.06868 250.61948 0.00000 274.61131 0.00000 -999.00000 680.00000 -999.00000 
1.18618 1.40000 -0.02154 -0.09683 261.57391 0.00000 274.58888 0.00000 -999.00000 680.00000 -999.00000 
1.14448 1.40000 -0.02453 -0.12704 275.53332 0.00000 274.56504 0.00000 -999.00000 680.00000 -999.00000 
1.10078 1.40000 -0.02689 -0.15156 291.73078 0.00000 274.54663 0.00000 -999.00000 680.00000 -999.00000 
1.05708 1.40000 -0.02821 -0.16445 308.18515 0.00000 274.53865 0.00000 -999.00000 680.00000 -999.00000 
1.01538 1.40000 -0.02843 -0.16683 323.49502 0.00000 274.53983 0.00000 -999.00000 680.00000 -999.00000 
0.97732 1.40000 -0.02779 -0.16450 337.97120 0.00000 274.54496 0.00000 -999.00000 680.00000 -999.00000 
0.94395 1.40000 -0.02660 -0.16173 353.07610 0.00000 274.55036 0.00000 -999.00000 680.00000 -999.00000 
0.91567 1.40000 -0.02513 -0.15862 370.03715 0.00000 274.55616 0.00000 -999.00000 680.00000 -999.00000 
0.89237 1.40000 -0.02350 -0.15298 388.93156 0.00127 273.85469 0.00000 -999.00000 680.00000 -999.00000 
0.87360 1.40000 -0.02184 -0.14344 408.70986 0.00433 271.40313 0.50000 -999.00000 680.00000 -999.00000 
0.85872 1.40000 -0.02022 -0.13134 427.88193 0.01088 271.40313 0.93176 -999.00000 680.00000 -999.00000 
0.84706 1.40000 -0.01871 -0.12194 445.56288 0.02386 273.15000 0.63035 -999.00000 680.00000 -999.00000 
0.83799 1.40000 -0.01737 -0.13106 465.45233 0.04100 273.15000 0.32675 -999.00000 680.00000 -999.00000 
0.83096 1.40000 -0.01619 -0.15688 498.68813 0.06889 273.15000 0.22128 -999.00000 680.00000 -999.00000 
0.82552 1.40000 -0.01502 -0.16316 551.24752 0.12541 273.15000 0.16416 -999.00000 680.00000 -999.00000 
0.82132 1.40000 -0.01375 -0.12024 611.81242 0.20907 273.15000 0.12788 -999.00000 680.00000 -999.00000 
0.81807 1.40000 -0.01237 -0.02456 662.06809 0.30025 273.15000 0.10300 -999.00000 680.00000 -999.00000 
0.81554 1.40000 -0.01094 0.10678 691.51523 0.38444 273.15000 0.08394 -999.00000 680.00000 -999.00000 
0.81359 1.40000 -0.00952 0.24993 701.72116 0.45623 273.15000 0.06586 -999.00000 680.00000 -999.00000 
0.81207 1.40000 -0.00813 0.38633 699.86225 0.51554 273.15000 0.04822 -999.00000 680.00000 -999.00000 
0.81090 1.40000 -0.00681 0.50490 692.29952 0.56403 273.15000 0.03482 -999.00000 680.00000 -999.00000 
0.81001 1.40000 -0.00556 0.60064 683.32383 0.60335 273.15000 0.02590 -999.00000 680.00000 -999.00000 
0.80933 1.40000 -0.00436 0.67042 675.23986 0.63415 273.15000 0.02071 -999.00000 680.00000 -999.00000 
0.80884 1.40000 -0.00323 0.71193 670.68882 0.65654 273.15000 0.01913 -999.00000 680.00000 -999.00000 
0.80851 1.40000 -0.00214 0.72287 675.72016 0.67040 273.15000 0.01881 -999.00000 680.00000 -999.00000 
0.80832 1.40000 -0.00110 0.70748 693.19414 0.67619 273.15000 0.01785 -999.00000 680.00000 -999.00000 
0.80826 1.40000 0.00000 0.66334 719.53363 0.67323 273.15000 0.01843 -999.00000 680.00000 -999.00000 
0.80832 1.40000 0.00110 0.58070 744.79821 0.65918 273.15000 0.02163 -999.00000 680.00000 -999.00000 
0.80851 1.40000 0.00214 0.47726 763.12588 0.63589 273.15000 0.02723 -999.00000 680.00000 -999.00000 
0.80884 1.40000 0.00323 0.35896 778.87902 0.60575 273.15000 0.03593 -999.00000 680.00000 -999.00000 
0.80933 1.40000 0.00436 0.21605 791.61995 0.56771 273.15000 0.04840 -999.00000 680.00000 -999.00000 
0.81001 1.40000 0.00556 0.05574 798.88478 0.52168 273.15000 0.06563 -999.00000 680.00000 -999.00000 
0.81090 1.40000 0.00681 -0.11750 800.98079 0.46743 273.15000 0.08591 -999.00000 680.00000 -999.00000 
0.81207 1.40000 0.00813 -0.29843 797.28056 0.40393 273.15000 0.10845 -999.00000 680.00000 -999.00000 
0.81359 1.40000 0.00952 -0.47828 784.40139 0.32899 273.15000 0.13885 -999.00000 680.00000 -999.00000 
0.81554 1.40000 0.01094 -0.63864 755.91893 0.24041 273.15000 0.18555 -999.00000 680.00000 -999.00000 
0.81807 1.40000 0.01237 -0.75182 705.50179 0.14310 273.15000 0.26731 -999.00000 680.00000 -999.00000 
0.82132 1.40000 0.01375 -0.78994 633.77522 0.05239 273.15000 0.46675 -999.00000 680.00000 -999.00000 
0.82552 1.40000 0.01502 -0.74504 554.78911 0.00558 271.33624 0.80650 -999.00000 680.00000 -999.00000 
0.83096 1.40000 0.01619 -0.64122 491.95229 0.00000 271.84470 0.50000 -999.00000 680.00000 -999.00000 
0.83799 1.40000 0.01737 -0.52661 458.48386 0.00000 274.21685 0.00000 -999.00000 680.00000 -999.00000 
0.84706 1.40000 0.01871 -0.44580 443.73352 0.00000 274.29336 0.00000 -999.00000 680.00000 -999.00000 
0.85872 1.40000 0.02022 -0.39735 430.46682 0.00000 274.33834 0.00000 -999.00000 680.00000 -999.00000 
0.87360 1.40000 0.02184 -0.35980 412.83050 0.00000 274.37206 0.00000 -999.00000 680.00000 -999.00000 
0.89237 1.40000 0.02350 -0.32609 392.30292 0.00000 274.40140 0.00000 -999.00000 680.00000 -999.00000 
0.91567 1.40000 0.02513 -0.29479 371.38663 0.00000 274.42799 0.00000 -999.00000 680.00000 -999.00000 
0.94395 1.40000 0.02660 -0.26741 351.79750 0.00000 274.45063 0.00000 -999.00000 680.00000 -999.00000 
0.97732 1.40000 0.02779 -0.24555 333.62430 0.00000 274.46787 0.00000 -999.00000 680.00000 -999.00000 
1.01538 1.40000 0.02843 -0.22772 315.48115 0.00000 274.48088 0.00000 -999.00000 680.00000 -999.00000 
1.05708 1.40000 0.02821 -0.20801 295.73393 0.00000 274.49472 0.00000 -999.00000 680.00000 -999.00000 
1.10078 1.40000 0.02689 -0.17983 274.15254 0.00000 274.51524 0.00000 -999.00000 680.00000 -999.00000 
1.14448 1.40000 0.02453 -0.14234 252.53409 0.00000 274.54335 0.00000 -999.00000 680.00000 -999.00000 
1.18618 1.40000 0.02154 -0.10209 233.40135 0.00000 274.57364 0.00000 -999.00000 680.00000 -999.00000 
1.22424 1.40000 0.01838 -0.06674 217.98867 0.00000 274.59972 0.00000 -999.00000 680.00000 -999.00000 
1.25762 1.40000 0.01536 -0.03879 205.63639 0.00000 274.61943 0.00000 -999.00000 680.00000 -999.00000 
1.28590 1.40000 0.01259 -0.01593 194.88300 0.00000 274.63451 0.00000 -999.00000 680.00000 -999.00000 
1.30919 1.40000 0.01013 0.00479 184.75920 0.00000 274.64727 0.00000 -999.00000 680.00000 -999.00000 
1.32796 1.40000 0.00801 0.02435 175.17327 0.00000 274.65857 0.00000 -999.00000 680.00000 -999.00000 
1.34284 1.40000 0.00624 0.04211 166.52254 0.00000 274.66819 0.00000 -999.00000 680.00000 -999.00000 
1.35450 1.40000 0.00482 0.05719 159.19681 0.00000 274.67577 0.00000 -999.00000 680.00000 -999.00000 
1.36358 1.40000 0.00369 0.06943 153.36297 0.00000 274.68160 0.00000 -999.00000 680.00000 -999.00000 
1.37060 1.40000 0.00283 0.07892 148.84881 0.00000 274.68581 0.00000 -999.00000 680.00000 -999.00000 
1.37604 1.40000 0.00216 0.08594 145.18920 0.00000 274.68839 0.00000 -999.00000 680.00000 -999.00000 
1.38024 1.40000 0.00165 0.09139 142.00639 0.00000 274.68988 0.00000 -999.00000 680.00000 -999.00000 
1.38350 1.40000 0.00124 0.09582 139.20008 0.00000 274.69072 0.00000 -999.00000 680.00000 -999.00000 
1.38602 1.40000 0.00093 0.09941 136.82244 0.00000 274.69119 0.00000 -999.00000 680.00000 -999.00000 
1.38798 1.40000 0.00068 0.10232 134.96798 0.00000 274.69158 0.00000 -999.00000 680.00000 -999.00000 
1.38949 1.40000 0.00049 0.10464 133.74532 0.00000 274.69217 0.00000 -999.00000 680.00000 -999.00000 
1.39066 1.40000 0.00034 0.10650 133.57081 0.00000 274.69365 0.00000 -999.00000 680.00000 -999.00000 
1.39156 1.40000 0.00022 0.10778 136.06636 0.00000 274.69784 0.00000 -999.00000 680.00000 -999.00000 
1.39223 1.40000 0.00014 0.10896 143.97523 0.00000 274.70776 0.00000 -999.00000 680.00000 -999.00000 
1.39272 1.40000 0.00008 0.10895 157.67383 0.00000 274.72118 0.00000 -999.00000 680.00000 -999.00000 
1.39305 1.40000 0.00003 0.10886 166.89809 0.00000 274.72935 0.00000 -999.00000 680.00000 -999.00000 
1.39324 1.40000 0.00001 0.08145 221.92608 0.00000 274.73155 0.00000 -999.00000 680.00000 -999.00000 
1.39331 1.40000 0.00000 0.05652 286.11737 0.00000 274.73795 0.00000 -999.00000 680.00000 -999.00000 

ZONE T="SLICE_Y_0p1_BINS07_KS_1mm_CUTDATA"
1.02809 0.10000 0.00000 0.06747 233.32060 0.00000 274.73010 0.00000 -999.00000 680.00000 -999.00000 
1.02799 0.10000 -0.00001 0.09833 196.69660 0.00000 274.73493 0.00000 -999.00000 680.00000 -999.00000 
1.02767 0.10000 -0.00005 0.11736 156.42696 0.00000 274.72803 0.00000 -999.00000 680.00000 -999.00000 
1.02712 0.10000 -0.00013 0.11318 153.86765 0.00000 274.72177 0.00000 -999.00000 680.00000 -999.00000 
1.02631 0.10000 -0.00023 0.11297 147.93275 0.00000 274.71578 0.00000 -999.00000 680.00000 -999.00000 
1.02519 0.10000 -0.00037 0.11058 145.51750 0.00000 274.71114 0.00000 -999.00000 680.00000 -999.00000 
1.02371 0.10000 -0.00056 0.10826 146.01078 0.00000 274.70956 0.00000 -999.00000 680.00000 -999.00000 
1.02177 0.10000 -0.00081 0.10511 147.64941 0.00000 274.70840 0.00000 -999.00000 680.00000 -999.00000 
1.01925 0.10000 -0.00113 0.10130 149.78081 0.00000 274.70710 0.00000 -999.00000 680.00000 -999.00000 
1.01601 0.10000 -0.00154 0.09662 152.33032 0.00000 274.70536 0.00000 -999.00000 680.00000 -999.00000 
1.01183 0.10000 -0.00206 0.09093 155.27027 0.00000 274.70298 0.00000 -999.00000 680.00000 -999.00000 
1.00643 0.10000 -0.00273 0.08403 158.55704 0.00000 274.69970 0.00000 -999.00000 680.00000 -999.00000 
0.99946 0.10000 -0.00359 0.07570 162.16908 0.00000 274.69527 0.00000 -999.00000 680.00000 -999.00000 
0.99044 0.10000 -0.00469 0.06522 166.21084 0.00000 274.68908 0.00000 -999.00000 680.00000 -999.00000 
0.97878 0.10000 -0.00613 0.05145 171.07716 0.00000 274.68035 0.00000 -999.00000 680.00000 -999.00000 
0.96374 0.10000 -0.00799 0.03419 177.21138 0.00000 274.66909 0.00000 -999.00000 680.00000 -999.00000 
0.94439 0.10000 -0.01035 0.01373 184.60675 0.00000 274.65540 0.00000 -999.00000 680.00000 -999.00000 
0.91971 0.10000 -0.01329 -0.00916 192.82044 0.00000 274.63953 0.00000 -999.00000 680.00000 -999.00000 
0.88858 0.10000 -0.01680 -0.03270 201.18068 0.00000 274.62268 0.00000 -999.00000 680.00000 -999.00000 
0.84994 0.10000 -0.02088 -0.05552 209.02837 0.00000 274.60579 0.00000 -999.00000 680.00000 -999.00000 
0.80304 0.10000 -0.02547 -0.07821 216.26257 0.00000 274.58837 0.00000 -999.00000 680.00000 -999.00000 
0.74768 0.10000 -0.03049 -0.10318 223.71902 0.00000 274.56863 0.00000 -999.00000 680.00000 -999.00000 
0.68456 0.10000 -0.03573 -0.13125 232.76244 0.00000 274.54637 0.00000 -999.00000 680.00000 -999.00000 
0.61539 0.10000 -0.04069 -0.15753 244.11502 0.00000 274.52627 0.00000 -999.00000 680.00000 -999.00000 
0.54291 0.10000 -0.04460 -0.17293 257.01106 0.00000 274.51642 0.00000 -999.00000 680.00000 -999.00000 
0.47043 0.10000 -0.04679 -0.17181 269.77191 0.00000 274.52155 0.00000 -999.00000 680.00000 -999.00000 
0.40127 0.10000 -0.04715 -0.15705 281.33093 0.00000 274.53872 0.00000 -999.00000 680.00000 -999.00000 
0.33814 0.10000 -0.04609 -0.13649 292.07812 0.00000 274.56083 0.00000 -999.00000 680.00000 -999.00000 
0.28278 0.10000 -0.04413 -0.11602 303.30566 0.00000 274.58274 0.00000 -999.00000 680.00000 -999.00000 
0.23588 0.10000 -0.04168 -0.09702 316.05563 0.00000 274.60340 0.00000 -999.00000 680.00000 -999.00000 
0.19725 0.10000 -0.03898 -0.07831 330.42148 0.00000 274.62389 0.00000 -999.00000 680.00000 -999.00000 
0.16611 0.10000 -0.03622 -0.05896 345.59270 0.00001 274.36716 0.00000 -999.00000 680.00000 -999.00000 
0.14143 0.10000 -0.03353 -0.03996 360.36528 0.00027 272.65334 0.31358 -999.00000 680.00000 -999.00000 
0.12209 0.10000 -0.03104 -0.02549 373.93768 0.00137 272.17832 0.58056 -999.00000 680.00000 -999.00000 
0.10704 0.10000 -0.02882 -0.03109 389.39965 0.00392 273.04845 0.57294 -999.00000 680.00000 -999.00000 
0.09538 0.10000 -0.02686 -0.05646 416.21108 0.01403 273.04845 0.46124 -999.00000 680.00000 -999.00000 
0.08637 0.10000 -0.02492 -0.06580 459.37658 0.05068 273.15000 0.25662 -999.00000 680.00000 -999.00000 
0.07940 0.10000 -0.02280 -0.02740 508.77677 0.12244 273.15000 0.17629 -999.00000 680.00000 -999.00000 
0.07400 0.10000 -0.02052 0.06463 547.60641 0.21184 273.15000 0.13300 -999.00000 680.00000 -999.00000 
0.06982 0.10000 -0.01814 0.19433 565.49685 0.29881 273.15000 0.10357 -999.00000 680.00000 -999.00000 
0.06657 0.10000 -0.01578 0.33807 562.69195 0.37403 273.15000 0.08112 -999.00000 680.00000 -999.00000 
0.06406 0.10000 -0.01349 0.47714 545.56790 0.43594 273.15000 0.06295 -999.00000 680.00000 -999.00000 
0.06212 0.10000 -0.01130 0.60037 521.26299 0.48649 273.15000 0.04766 -999.00000 680.00000 -999.00000 
0.06063 0.10000 -0.00922 0.70274 495.36403 0.52758 273.15000 0.04000 -999.00000 680.00000 -999.00000 
0.05952 0.10000 -0.00724 0.78105 470.89770 0.55999 273.15000 0.04175 -999.00000 680.00000 -999.00000 
0.05871 0.10000 -0.00535 0.83283 449.15649 0.58375 273.15000 0.05050 -999.00000 680.00000 -999.00000 
0.05816 0.10000 -0.00355 0.85497 435.24849 0.59864 273.15000 0.06018 -999.00000 680.00000 -999.00000 
0.05784 0.10000 -0.00183 0.85221 443.86823 0.60565 273.15000 0.05844 -999.00000 680.00000 -999.00000 
0.05773 0.10000 0.00000 0.82196 474.67472 0.60370 273.15000 0.04818 -999.00000 680.00000 -999.00000 
0.05784 0.10000 0.00183 0.75360 508.63211 0.58977 273.15000 0.04085 -999.00000 680.00000 -999.00000 
0.05816 0.10000 0.00355 0.66401 538.96223 0.56630 273.15000 0.04084 -999.00000 680.00000 -999.00000 
0.05871 0.10000 0.00535 0.55843 569.06372 0.53601 273.15000 0.05042 -999.00000 680.00000 -999.00000 
0.05952 0.10000 0.00724 0.42771 597.54896 0.49789 273.15000 0.06777 -999.00000 680.00000 -999.00000 
0.06063 0.10000 0.00922 0.27868 621.11738 0.45165 273.15000 0.08823 -999.00000 680.00000 -999.00000 
0.06212 0.10000 0.01130 0.11521 638.67574 0.39684 273.15000 0.11217 -999.00000 680.00000 -999.00000 
0.06406 0.10000 0.01349 -0.05815 648.83872 0.33213 273.15000 0.14452 -999.00000 680.00000 -999.00000 
0.06657 0.10000 0.01578 -0.23387 648.45153 0.25669 273.15000 0.19445 -999.00000 680.00000 -999.00000 
0.06982 0.10000 0.01814 -0.39538 632.26616 0.17014 273.15000 0.28702 -999.00000 680.00000 -999.00000 
0.07400 0.10000 0.02052 -0.51711 595.40016 0.08164 272.88171 0.51645 -999.00000 680.00000 -999.00000 
0.07940 0.10000 0.02280 -0.57206 538.96953 0.02074 272.28430 0.65571 -999.00000 680.00000 -999.00000 
0.08637 0.10000 0.02492 -0.55057 475.46315 0.00111 273.08759 0.31358 -999.00000 680.00000 -999.00000 
0.09538 0.10000 0.02686 -0.47399 424.74197 0.00000 274.26375 0.00000 -999.00000 680.00000 -999.00000 
0.10704 0.10000 0.02882 -0.38894 397.51727 0.00000 274.34209 0.00000 -999.00000 680.00000 -999.00000 
0.12209 0.10000 0.03104 -0.33806 385.05401 0.00000 274.38894 0.00000 -999.00000 680.00000 -999.00000 
0.14143 0.10000 0.03353 -0.31796 373.83693 0.00000 274.40637 0.00000 -999.00000 680.00000 -999.00000 
0.16611 0.10000 0.03622 -0.30748 359.65213 0.00000 274.41402 0.00000 -999.00000 680.00000 -999.00000 
0.19725 0.10000 0.03898 -0.30028 343.81628 0.00000 274.41805 0.00000 -999.00000 680.00000 -999.00000 
0.23588 0.10000 0.04168 -0.29457 328.16338 0.00000 274.42044 0.00000 -999.00000 680.00000 -999.00000 
0.28278 0.10000 0.04413 -0.29103 313.91040 0.00000 274.42079 0.00000 -999.00000 680.00000 -999.00000 
0.33814 0.10000 0.04609 -0.29066 301.10470 0.00000 274.41820 0.00000 -999.00000 680.00000 -999.00000 
0.40127 0.10000 0.04715 -0.29167 288.66500 0.00000 274.41412 0.00000 -999.00000 680.00000 -999.00000 
0.47043 0.10000 0.04679 -0.28761 275.22483 0.00000 274.41426 0.00000 -999.00000 680.00000 -999.00000 
0.54291 0.10000 0.04460 -0.27045 260.40680 0.00000 274.42593 0.00000 -999.00000 680.00000 -999.00000 
0.61539 0.10000 0.04069 -0.23771 245.39022 0.00000 274.45160 0.00000 -999.00000 680.00000 -999.00000 
0.68456 0.10000 0.03573 -0.19573 231.96568 0.00000 274.48582 0.00000 -999.00000 680.00000 -999.00000 
0.74768 0.10000 0.03049 -0.15390 220.90789 0.00000 274.52016 0.00000 -999.00000 680.00000 -999.00000 
0.80304 0.10000 0.02547 -0.11698 211.41416 0.00000 274.55003 0.00000 -999.00000 680.00000 -999.00000 
0.84994 0.10000 0.02088 -0.08407 202.05415 0.00000 274.57568 0.00000 -999.00000 680.00000 -999.00000 
0.88858 0.10000 0.01680 -0.05284 192.01777 0.00000 274.59878 0.00000 -999.00000 680.00000 -999.00000 
0.91971 0.10000 0.01329 -0.02281 181.51064 0.00000 274.61971 0.00000 -999.00000 680.00000 -999.00000 
0.94439 0.10000 0.01035 0.00472 171.31142 0.00000 274.63767 0.00000 -999.00000 680.00000 -999.00000 
0.96374 0.10000 0.00799 0.02831 162.17194 0.00000 274.65194 0.00000 -999.00000 680.00000 -999.00000 
0.97878 0.10000 0.00613 0.04760 154.54707 0.00000 274.66277 0.00000 -999.00000 680.00000 -999.00000 
0.99044 0.10000 0.00469 0.06271 148.42214 0.00000 274.67057 0.00000 -999.00000 680.00000 -999.00000 
0.99946 0.10000 0.00359 0.07410 143.35927 0.00000 274.67561 0.00000 -999.00000 680.00000 -999.00000 
1.00643 0.10000 0.00273 0.08299 138.97559 0.00000 274.67875 0.00000 -999.00000 680.00000 -999.00000 
1.01183 0.10000 0.00206 0.09013 135.15944 0.00000 274.68069 0.00000 -999.00000 680.00000 -999.00000 
1.01601 0.10000 0.00154 0.09587 131.92512 0.00000 274.68183 0.00000 -999.00000 680.00000 -999.00000 
1.01925 0.10000 0.00113 0.10047 129.30059 0.00000 274.68256 0.00000 -999.00000 680.00000 -999.00000 
1.02177 0.10000 0.00081 0.10414 127.29616 0.00000 274.68317 0.00000 -999.00000 680.00000 -999.00000 
1.02371 0.10000 0.00056 0.10708 126.13174 0.00000 274.68421 0.00000 -999.00000 680.00000 -999.00000 
1.02519 0.10000 0.00037 0.10925 126.93540 0.00000 274.68728 0.00000 -999.00000 680.00000 -999.00000 
1.02631 0.10000 0.00023 0.11119 131.80644 0.00000 274.69542 0.00000 -999.00000 680.00000 -999.00000 
1.02712 0.10000 0.00013 0.11173 140.55097 0.00000 274.70644 0.00000 -999.00000 680.00000 -999.00000 
1.02767 0.10000 0.00005 0.11231 144.84768 0.00000 274.71193 0.00000 -999.00000 680.00000 -999.00000 
1.02799 0.10000 0.00001 0.08729 186.33962 0.00000 274.71726 0.00000 -999.00000 680.00000 -999.00000 
1.02809 0.10000 0.00000 0.06747 233.32060 0.00000 274.73010 0.00000 -999.00000 680.00000 -999.00000 

ZONE T="SLICE_Y_0p75_BINS07_KS_1mm_CUTDATA"
1.21070 0.75000 0.00000 0.06918 256.65761 0.00000 274.74054 0.00000 -999.00000 680.00000 -999.00000 
1.21062 0.75000 -0.00001 0.10034 215.47847 0.00000 274.74716 0.00000 -999.00000 680.00000 -999.00000 
1.21036 0.75000 -0.00004 0.12009 170.60336 0.00000 274.74252 0.00000 -999.00000 680.00000 -999.00000 
1.20992 0.75000 -0.00010 0.11646 166.74780 0.00000 274.73605 0.00000 -999.00000 680.00000 -999.00000 
1.20927 0.75000 -0.00018 0.11653 158.85529 0.00000 274.72947 0.00000 -999.00000 680.00000 -999.00000 
1.20838 0.75000 -0.00030 0.11452 155.24352 0.00000 274.72440 0.00000 -999.00000 680.00000 -999.00000 
1.20719 0.75000 -0.00045 0.11266 155.13457 0.00000 274.72261 0.00000 -999.00000 680.00000 -999.00000 
1.20563 0.75000 -0.00065 0.11004 156.41689 0.00000 274.72142 0.00000 -999.00000 680.00000 -999.00000 
1.20361 0.75000 -0.00090 0.10688 158.25408 0.00000 274.72022 0.00000 -999.00000 680.00000 -999.00000 
1.20101 0.75000 -0.00123 0.10297 160.53530 0.00000 274.71869 0.00000 -999.00000 680.00000 -999.00000 
1.19766 0.75000 -0.00165 0.09821 163.22511 0.00000 274.71666 0.00000 -999.00000 680.00000 -999.00000 
1.19334 0.75000 -0.00219 0.09240 166.27523 0.00000 274.71391 0.00000 -999.00000 680.00000 -999.00000 
1.18775 0.75000 -0.00287 0.08535 169.66541 0.00000 274.71019 0.00000 -999.00000 680.00000 -999.00000 
1.18052 0.75000 -0.00376 0.07639 173.50881 0.00000 274.70496 0.00000 -999.00000 680.00000 -999.00000 
1.17118 0.75000 -0.00491 0.06442 178.21877 0.00000 274.69745 0.00000 -999.00000 680.00000 -999.00000 
1.15912 0.75000 -0.00640 0.04918 184.28469 0.00000 274.68766 0.00000 -999.00000 680.00000 -999.00000 
1.14362 0.75000 -0.00830 0.03078 191.77710 0.00000 274.67556 0.00000 -999.00000 680.00000 -999.00000 
1.12384 0.75000 -0.01065 0.00971 200.32214 0.00000 274.66122 0.00000 -999.00000 680.00000 -999.00000 
1.09888 0.75000 -0.01347 -0.01256 209.26989 0.00000 274.64553 0.00000 -999.00000 680.00000 -999.00000 
1.06792 0.75000 -0.01674 -0.03485 217.92453 0.00000 274.62922 0.00000 -999.00000 680.00000 -999.00000 
1.03033 0.75000 -0.02041 -0.05780 226.11898 0.00000 274.61174 0.00000 -999.00000 680.00000 -999.00000 
0.98596 0.75000 -0.02443 -0.08390 234.67211 0.00000 274.59115 0.00000 -999.00000 680.00000 -999.00000 
0.93537 0.75000 -0.02864 -0.11443 245.04126 0.00000 274.56678 0.00000 -999.00000 680.00000 -999.00000 
0.87994 0.75000 -0.03261 -0.14535 258.09106 0.00000 274.54252 0.00000 -999.00000 680.00000 -999.00000 
0.82185 0.75000 -0.03574 -0.16784 273.07267 0.00000 274.52622 0.00000 -999.00000 680.00000 -999.00000 
0.76376 0.75000 -0.03750 -0.17532 288.12003 0.00000 274.52347 0.00000 -999.00000 680.00000 -999.00000 
0.70833 0.75000 -0.03779 -0.16915 301.93935 0.00000 274.53277 0.00000 -999.00000 680.00000 -999.00000 
0.65773 0.75000 -0.03694 -0.15613 314.85997 0.00000 274.54798 0.00000 -999.00000 680.00000 -999.00000 
0.61337 0.75000 -0.03536 -0.14192 328.28470 0.00000 274.56415 0.00000 -999.00000 680.00000 -999.00000 
0.57578 0.75000 -0.03340 -0.12808 343.38692 0.00000 274.58007 0.00000 -999.00000 680.00000 -999.00000 
0.54481 0.75000 -0.03124 -0.11363 360.28352 0.00013 273.86901 0.00000 -999.00000 680.00000 -999.00000 
0.51986 0.75000 -0.02903 -0.09773 378.06600 0.00110 273.15000 0.00000 -999.00000 680.00000 -999.00000 
0.50008 0.75000 -0.02687 -0.08144 395.40073 0.00392 272.94505 0.48933 -999.00000 680.00000 -999.00000 
0.48458 0.75000 -0.02488 -0.06913 411.44876 0.00947 272.94505 0.70187 -999.00000 680.00000 -999.00000 
0.47252 0.75000 -0.02310 -0.07620 429.54464 0.01852 273.15000 0.34099 -999.00000 680.00000 -999.00000 
0.46317 0.75000 -0.02152 -0.10133 459.75566 0.03924 273.15000 0.21788 -999.00000 680.00000 -999.00000 
0.45595 0.75000 -0.01997 -0.10798 507.28190 0.08867 273.15000 0.15693 -999.00000 680.00000 -999.00000 
0.45036 0.75000 -0.01827 -0.06548 561.44066 0.16805 273.15000 0.12102 -999.00000 680.00000 -999.00000 
0.44603 0.75000 -0.01644 0.02985 605.27151 0.25840 273.15000 0.09661 -999.00000 680.00000 -999.00000 
0.44268 0.75000 -0.01454 0.16026 629.33354 0.34290 273.15000 0.07802 -999.00000 680.00000 -999.00000 
0.44008 0.75000 -0.01265 0.30155 635.26709 0.41495 273.15000 0.06111 -999.00000 680.00000 -999.00000 
0.43806 0.75000 -0.01081 0.43521 629.80457 0.47422 273.15000 0.04471 -999.00000 680.00000 -999.00000 
0.43651 0.75000 -0.00906 0.55038 619.08882 0.52246 273.15000 0.03191 -999.00000 680.00000 -999.00000 
0.43532 0.75000 -0.00739 0.64221 607.39460 0.56137 273.15000 0.02355 -999.00000 680.00000 -999.00000 
0.43442 0.75000 -0.00580 0.70769 597.23915 0.59161 273.15000 0.01956 -999.00000 680.00000 -999.00000 
0.43377 0.75000 -0.00429 0.74464 591.58680 0.61327 273.15000 0.02003 -999.00000 680.00000 -999.00000 
0.43333 0.75000 -0.00284 0.75075 597.56172 0.62614 273.15000 0.02020 -999.00000 680.00000 -999.00000 
0.43308 0.75000 -0.00146 0.73030 616.86467 0.63093 273.15000 0.01768 -999.00000 680.00000 -999.00000 
0.43300 0.75000 0.00000 0.68100 644.35506 0.62714 273.15000 0.01757 -999.00000 680.00000 -999.00000 
0.43308 0.75000 0.00146 0.59277 670.98157 0.61189 273.15000 0.02128 -999.00000 680.00000 -999.00000 
0.43333 0.75000 0.00284 0.48414 691.26358 0.58712 273.15000 0.02731 -999.00000 680.00000 -999.00000 
0.43377 0.75000 0.00429 0.36117 709.19025 0.55554 273.15000 0.03641 -999.00000 680.00000 -999.00000 
0.43442 0.75000 0.00580 0.21345 724.11062 0.51591 273.15000 0.04940 -999.00000 680.00000 -999.00000 
0.43532 0.75000 0.00739 0.04846 733.63147 0.46801 273.15000 0.06737 -999.00000 680.00000 -999.00000 
0.43651 0.75000 0.00906 -0.12942 737.96295 0.41152 273.15000 0.08770 -999.00000 680.00000 -999.00000 
0.43806 0.75000 0.01081 -0.31510 736.52317 0.34518 273.15000 0.11095 -999.00000 680.00000 -999.00000 
0.44008 0.75000 0.01265 -0.49984 726.35578 0.26782 273.15000 0.14484 -999.00000 680.00000 -999.00000 
0.44268 0.75000 0.01454 -0.66470 701.74851 0.17901 273.15000 0.20004 -999.00000 680.00000 -999.00000 
0.44603 0.75000 0.01644 -0.78077 656.77765 0.08810 273.15000 0.30752 -999.00000 680.00000 -999.00000 
0.45036 0.75000 0.01827 -0.81846 591.60962 0.02376 273.15000 0.62280 -999.00000 680.00000 -999.00000 
0.45595 0.75000 0.01997 -0.76924 519.19987 0.00154 271.12923 0.78950 -999.00000 680.00000 -999.00000 
0.46317 0.75000 0.02152 -0.65964 461.84037 0.00000 271.62865 0.35687 -999.00000 680.00000 -999.00000 
0.47252 0.75000 0.02310 -0.54219 432.07502 0.00000 274.19893 0.00000 -999.00000 680.00000 -999.00000 
0.48458 0.75000 0.02488 -0.46359 419.60459 0.00000 274.27347 0.00000 -999.00000 680.00000 -999.00000 
0.50008 0.75000 0.02687 -0.42068 408.16348 0.00000 274.31326 0.00000 -999.00000 680.00000 -999.00000 
0.51986 0.75000 0.02903 -0.39053 392.52989 0.00000 274.34002 0.00000 -999.00000 680.00000 -999.00000 
0.54481 0.75000 0.03124 -0.36576 374.29558 0.00000 274.36097 0.00000 -999.00000 680.00000 -999.00000 
0.57578 0.75000 0.03340 -0.34403 355.82015 0.00000 274.37867 0.00000 -999.00000 680.00000 -999.00000 
0.61337 0.75000 0.03536 -0.32562 338.69868 0.00000 274.39308 0.00000 -999.00000 680.00000 -999.00000 
0.65773 0.75000 0.03694 -0.31109 323.06894 0.00000 274.40376 0.00000 -999.00000 680.00000 -999.00000 
0.70833 0.75000 0.03779 -0.29822 307.73077 0.00000 274.41259 0.00000 -999.00000 680.00000 -999.00000 
0.76376 0.75000 0.03750 -0.28066 291.21862 0.00000 274.42516 0.00000 -999.00000 680.00000 -999.00000 
0.82185 0.75000 0.03574 -0.25148 273.28550 0.00000 274.44774 0.00000 -999.00000 680.00000 -999.00000 
0.87994 0.75000 0.03261 -0.20980 255.43762 0.00000 274.48130 0.00000 -999.00000 680.00000 -999.00000 
0.93537 0.75000 0.02864 -0.16264 239.70779 0.00000 274.51980 0.00000 -999.00000 680.00000 -999.00000 
0.98596 0.75000 0.02443 -0.11871 226.84548 0.00000 274.55553 0.00000 -999.00000 680.00000 -999.00000 
1.03033 0.75000 0.02041 -0.08160 215.89552 0.00000 274.58501 0.00000 -999.00000 680.00000 -999.00000 
1.06792 0.75000 0.01674 -0.04978 205.37226 0.00000 274.60916 0.00000 -999.00000 680.00000 -999.00000 
1.09888 0.75000 0.01347 -0.02076 194.54400 0.00000 274.62985 0.00000 -999.00000 680.00000 -999.00000 
1.12384 0.75000 0.01065 0.00608 183.71101 0.00000 274.64774 0.00000 -999.00000 680.00000 -999.00000 
1.14362 0.75000 0.00830 0.02987 173.65362 0.00000 274.66250 0.00000 -999.00000 680.00000 -999.00000 
1.15912 0.75000 0.00640 0.04965 165.01796 0.00000 274.67387 0.00000 -999.00000 680.00000 -999.00000 
1.17118 0.75000 0.00491 0.06545 158.09332 0.00000 274.68235 0.00000 -999.00000 680.00000 -999.00000 
1.18052 0.75000 0.00376 0.07757 152.72023 0.00000 274.68842 0.00000 -999.00000 680.00000 -999.00000 
1.18775 0.75000 0.00287 0.08653 148.39449 0.00000 274.69230 0.00000 -999.00000 680.00000 -999.00000 
1.19334 0.75000 0.00219 0.09342 144.71468 0.00000 274.69473 0.00000 -999.00000 680.00000 -999.00000 
1.19766 0.75000 0.00165 0.09894 141.55669 0.00000 274.69629 0.00000 -999.00000 680.00000 -999.00000 
1.20101 0.75000 0.00123 0.10334 138.92232 0.00000 274.69729 0.00000 -999.00000 680.00000 -999.00000 
1.20361 0.75000 0.00090 0.10686 136.83122 0.00000 274.69802 0.00000 -999.00000 680.00000 -999.00000 
1.20563 0.75000 0.00065 0.10966 135.33808 0.00000 274.69875 0.00000 -999.00000 680.00000 -999.00000 
1.20719 0.75000 0.00045 0.11189 134.86351 0.00000 274.70019 0.00000 -999.00000 680.00000 -999.00000 
1.20838 0.75000 0.00030 0.11350 136.93291 0.00000 274.70412 0.00000 -999.00000 680.00000 -999.00000 
1.20927 0.75000 0.00018 0.11492 143.78096 0.00000 274.71306 0.00000 -999.00000 680.00000 -999.00000 
1.20992 0.75000 0.00010 0.11515 154.22499 0.00000 274.72383 0.00000 -999.00000 680.00000 -999.00000 
1.21036 0.75000 0.00004 0.11493 158.85679 0.00000 274.72806 0.00000 -999.00000 680.00000 -999.00000 
1.21062 0.75000 0.00001 0.08908 204.94228 0.00000 274.73035 0.00000 -999.00000 680.00000 -999.00000 
1.21070 0.75000 0.00000 0.06918 256.65761 0.00000 274.74054 0.00000 -999.00000 680.00000 -999.00000 

ZONE T="SLICE_Y_1p4_BINS07_KS_1mm_CUTDATA"
1.39331 1.40000 0.00000 0.05652 286.11737 0.00000 274.73795 0.00000 -999.00000 680.00000 -999.00000 
1.39324 1.40000 -0.00001 0.08763 246.62453 0.00000 274.74990 0.00000 -999.00000 680.00000 -999.00000 
1.39305 1.40000 -0.00003 0.11179 196.54653 0.00000 274.75248 0.00000 -999.00000 680.00000 -999.00000 
1.39272 1.40000 -0.00008 0.10937 188.48805 0.00000 274.74514 0.00000 -999.00000 680.00000 -999.00000 
1.39223 1.40000 -0.00014 0.10955 175.82201 0.00000 274.73678 0.00000 -999.00000 680.00000 -999.00000 
1.39156 1.40000 -0.00022 0.10779 169.66085 0.00000 274.73061 0.00000 -999.00000 680.00000 -999.00000 
1.39066 1.40000 -0.00034 0.10614 168.57300 0.00000 274.72826 0.00000 -999.00000 680.00000 -999.00000 
1.38949 1.40000 -0.00049 0.10375 169.56774 0.00000 274.72687 0.00000 -999.00000 680.00000 -999.00000 
1.38798 1.40000 -0.00068 0.10084 171.37027 0.00000 274.72561 0.00000 -999.00000 680.00000 -999.00000 
1.38602 1.40000 -0.00093 0.09722 173.74166 0.00000 274.72412 0.00000 -999.00000 680.00000 -999.00000 
1.38350 1.40000 -0.00124 0.09281 176.58624 0.00000 274.72219 0.00000 -999.00000 680.00000 -999.00000 
1.38024 1.40000 -0.00165 0.08742 179.81948 0.00000 274.71957 0.00000 -999.00000 680.00000 -999.00000 
1.37604 1.40000 -0.00216 0.08090 183.40502 0.00000 274.71607 0.00000 -999.00000 680.00000 -999.00000 
1.37060 1.40000 -0.00283 0.07264 187.45343 0.00000 274.71119 0.00000 -999.00000 680.00000 -999.00000 
1.36358 1.40000 -0.00369 0.06165 192.37973 0.00000 274.70422 0.00000 -999.00000 680.00000 -999.00000 
1.35450 1.40000 -0.00482 0.04775 198.67167 0.00000 274.69519 0.00000 -999.00000 680.00000 -999.00000 
1.34284 1.40000 -0.00624 0.03117 206.40323 0.00000 274.68422 0.00000 -999.00000 680.00000 -999.00000 
1.32796 1.40000 -0.00801 0.01244 215.19661 0.00000 274.67148 0.00000 -999.00000 680.00000 -999.00000 
1.30919 1.40000 -0.01013 -0.00699 224.38491 0.00000 274.65787 0.00000 -999.00000 680.00000 -999.00000 
1.28590 1.40000 -0.01259 -0.02610 233.26856 0.00000 274.64407 0.00000 -999.00000 680.00000 -999.00000 
1.25762 1.40000 -0.01536 -0.04572 241.71197 0.00000 274.62929 0.00000 -999.00000 680.00000 -999.00000 
1.22424 1.40000 -0.01838 -0.06868 250.61948 0.00000 274.61131 0.00000 -999.00000 680.00000 -999.00000 
1.18618 1.40000 -0.02154 -0.09683 261.57391 0.00000 274.58888 0.00000 -999.00000 680.00000 -999.00000 
1.14448 1.40000 -0.02453 -0.12704 275.53332 0.00000 274.56504 0.00000 -999.00000 680.00000 -999.00000 
1.10078 1.40000 -0.02689 -0.15156 291.73078 0.00000 274.54663 0.00000 -999.00000 680.00000 -999.00000 
1.05708 1.40000 -0.02821 -0.16445 308.18515 0.00000 274.53865 0.00000 -999.00000 680.00000 -999.00000 
1.01538 1.40000 -0.02843 -0.16683 323.49502 0.00000 274.53983 0.00000 -999.00000 680.00000 -999.00000 
0.97732 1.40000 -0.02779 -0.16450 337.97120 0.00000 274.54496 0.00000 -999.00000 680.00000 -999.00000 
0.94395 1.40000 -0.02660 -0.16173 353.07610 0.00000 274.55036 0.00000 -999.00000 680.00000 -999.00000 
0.91567 1.40000 -0.02513 -0.15862 370.03715 0.00017 273.85147 0.00000 -999.00000 680.00000 -999.00000 
0.89237 1.40000 -0.02350 -0.15298 388.93156 0.00145 273.15000 0.00000 -999.00000 680.00000 -999.00000 
0.87360 1.40000 -0.02184 -0.14344 408.70986 0.00586 271.91464 0.35765 -999.00000 680.00000 -999.00000 
0.85872 1.40000 -0.02022 -0.13134 427.88193 0.01423 271.91464 0.79963 -999.00000 680.00000 -999.00000 
0.84706 1.40000 -0.01871 -0.12194 445.56288 0.02576 273.15000 0.64547 -999.00000 680.00000 -999.00000 
0.83799 1.40000 -0.01737 -0.13106 465.45233 0.04001 273.15000 0.33397 -999.00000 680.00000 -999.00000 
0.83096 1.40000 -0.01619 -0.15688 498.68813 0.06732 273.15000 0.22481 -999.00000 680.00000 -999.00000 
0.82552 1.40000 -0.01502 -0.16316 551.24752 0.12367 273.15000 0.16611 -999.00000 680.00000 -999.00000 
0.82132 1.40000 -0.01375 -0.12024 611.81242 0.20585 273.15000 0.12909 -999.00000 680.00000 -999.00000 
0.81807 1.40000 -0.01237 -0.02456 662.06809 0.29644 273.15000 0.10375 -999.00000 680.00000 -999.00000 
0.81554 1.40000 -0.01094 0.10678 691.51523 0.38092 273.15000 0.08442 -999.00000 680.00000 -999.00000 
0.81359 1.40000 -0.00952 0.24993 701.72116 0.45289 273.15000 0.06617 -999.00000 680.00000 -999.00000 
0.81207 1.40000 -0.00813 0.38633 699.86225 0.51232 273.15000 0.04841 -999.00000 680.00000 -999.00000 
0.81090 1.40000 -0.00681 0.50490 692.29952 0.56090 273.15000 0.03493 -999.00000 680.00000 -999.00000 
0.81001 1.40000 -0.00556 0.60064 683.32383 0.60027 273.15000 0.02596 -999.00000 680.00000 -999.00000 
0.80933 1.40000 -0.00436 0.67042 675.23986 0.63111 273.15000 0.02073 -999.00000 680.00000 -999.00000 
0.80884 1.40000 -0.00323 0.71193 670.68882 0.65351 273.15000 0.01914 -999.00000 680.00000 -999.00000 
0.80851 1.40000 -0.00214 0.72287 675.72016 0.66736 273.15000 0.01881 -999.00000 680.00000 -999.00000 
0.80832 1.40000 -0.00110 0.70748 693.19414 0.67313 273.15000 0.01786 -999.00000 680.00000 -999.00000 
0.80826 1.40000 0.00000 0.66334 719.53363 0.67015 273.15000 0.01845 -999.00000 680.00000 -999.00000 
0.80832 1.40000 0.00110 0.58070 744.79821 0.65605 273.15000 0.02168 -999.00000 680.00000 -999.00000 
0.80851 1.40000 0.00214 0.47726 763.12588 0.63267 273.15000 0.02732 -999.00000 680.00000 -999.00000 
0.80884 1.40000 0.00323 0.35896 778.87902 0.60243 273.15000 0.03607 -999.00000 680.00000 -999.00000 
0.80933 1.40000 0.00436 0.21605 791.61995 0.56427 273.15000 0.04861 -999.00000 680.00000 -999.00000 
0.81001 1.40000 0.00556 0.05574 798.88478 0.51809 273.15000 0.06596 -999.00000 680.00000 -999.00000 
0.81090 1.40000 0.00681 -0.11750 800.98079 0.46363 273.15000 0.08641 -999.00000 680.00000 -999.00000 
0.81207 1.40000 0.00813 -0.29843 797.28056 0.39986 273.15000 0.10920 -999.00000 680.00000 -999.00000 
0.81359 1.40000 0.00952 -0.47828 784.40139 0.32456 273.15000 0.14008 -999.00000 680.00000 -999.00000 
0.81554 1.40000 0.01094 -0.63864 755.91893 0.23697 273.15000 0.18770 -999.00000 680.00000 -999.00000 
0.81807 1.40000 0.01237 -0.75182 705.50179 0.14089 273.15000 0.27172 -999.00000 680.00000 -999.00000 
0.82132 1.40000 0.01375 -0.78994 633.77522 0.05454 273.15000 0.47633 -999.00000 680.00000 -999.00000 
0.82552 1.40000 0.01502 -0.74504 554.78911 0.00900 271.26827 0.81304 -999.00000 680.00000 -999.00000 
0.83096 1.40000 0.01619 -0.64122 491.95229 0.00018 271.77674 0.50000 -999.00000 680.00000 -999.00000 
0.83799 1.40000 0.01737 -0.52661 458.48386 0.00000 274.21685 0.00000 -999.00000 680.00000 -999.00000 
0.84706 1.40000 0.01871 -0.44580 443.73352 0.00000 274.29336 0.00000 -999.00000 680.00000 -999.00000 
0.85872 1.40000 0.02022 -0.39735 430.46682 0.00000 274.33834 0.00000 -999.00000 680.00000 -999.00000 
0.87360 1.40000 0.02184 -0.35980 412.83050 0.00000 274.37206 0.00000 -999.00000 680.00000 -999.00000 
0.89237 1.40000 0.02350 -0.32609 392.30292 0.00000 274.40140 0.00000 -999.00000 680.00000 -999.00000 
0.91567 1.40000 0.02513 -0.29479 371.38663 0.00000 274.42799 0.00000 -999.00000 680.00000 -999.00000 
0.94395 1.40000 0.02660 -0.26741 351.79750 0.00000 274.45063 0.00000 -999.00000 680.00000 -999.00000 
0.97732 1.40000 0.02779 -0.24555 333.62430 0.00000 274.46787 0.00000 -999.00000 680.00000 -999.00000 
1.01538 1.40000 0.02843 -0.22772 315.48115 0.00000 274.48088 0.00000 -999.00000 680.00000 -999.00000 
1.05708 1.40000 0.02821 -0.20801 295.73393 0.00000 274.49472 0.00000 -999.00000 680.00000 -999.00000 
1.10078 1.40000 0.02689 -0.17983 274.15254 0.00000 274.51524 0.00000 -999.00000 680.00000 -999.00000 
1.14448 1.40000 0.02453 -0.14234 252.53409 0.00000 274.54335 0.00000 -999.00000 680.00000 -999.00000 
1.18618 1.40000 0.02154 -0.10209 233.40135 0.00000 274.57364 0.00000 -999.00000 680.00000 -999.00000 
1.22424 1.40000 0.01838 -0.06674 217.98867 0.00000 274.59972 0.00000 -999.00000 680.00000 -999.00000 
1.25762 1.40000 0.01536 -0.03879 205.63639 0.00000 274.61943 0.00000 -999.00000 680.00000 -999.00000 
1.28590 1.40000 0.01259 -0.01593 194.88300 0.00000 274.63451 0.00000 -999.00000 680.00000 -999.00000 
1.30919 1.40000 0.01013 0.00479 184.75920 0.00000 274.64727 0.00000 -999.00000 680.00000 -999.00000 
1.32796 1.40000 0.00801 0.02435 175.17327 0.00000 274.65857 0.00000 -999.00000 680.00000 -999.00000 
1.34284 1.40000 0.00624 0.04211 166.52254 0.00000 274.66819 0.00000 -999.00000 680.00000 -999.00000 
1.35450 1.40000 0.00482 0.05719 159.19681 0.00000 274.67577 0.00000 -999.00000 680.00000 -999.00000 
1.36358 1.40000 0.00369 0.06943 153.36297 0.00000 274.68160 0.00000 -999.00000 680.00000 -999.00000 
1.37060 1.40000 0.00283 0.07892 148.84881 0.00000 274.68581 0.00000 -999.00000 680.00000 -999.00000 
1.37604 1.40000 0.00216 0.08594 145.18920 0.00000 274.68839 0.00000 -999.00000 680.00000 -999.00000 
1.38024 1.40000 0.00165 0.09139 142.00639 0.00000 274.68988 0.00000 -999.00000 680.00000 -999.00000 
1.38350 1.40000 0.00124 0.09582 139.20008 0.00000 274.69072 0.00000 -999.00000 680.00000 -999.00000 
1.38602 1.40000 0.00093 0.09941 136.82244 0.00000 274.69119 0.00000 -999.00000 680.00000 -999.00000 
1.38798 1.40000 0.00068 0.10232 134.96798 0.00000 274.69158 0.00000 -999.00000 680.00000 -999.00000 
1.38949 1.40000 0.00049 0.10464 133.74532 0.00000 274.69217 0.00000 -999.00000 680.00000 -999.00000 
1.39066 1.40000 0.00034 0.10650 133.57081 0.00000 274.69365 0.00000 -999.00000 680.00000 -999.00000 
1.39156 1.40000 0.00022 0.10778 136.06636 0.00000 274.69784 0.00000 -999.00000 680.00000 -999.00000 
1.39223 1.40000 0.00014 0.10896 143.97523 0.00000 274.70776 0.00000 -999.00000 680.00000 -999.00000 
1.39272 1.40000 0.00008 0.10895 157.67383 0.00000 274.72118 0.00000 -999.00000 680.00000 -999.00000 
1.39305 1.40000 0.00003 0.10886 166.89809 0.00000 274.72935 0.00000 -999.00000 680.00000 -999.00000 
1.39324 1.40000 0.00001 0.08145 221.92608 0.00000 274.73155 0.00000 -999.00000 680.00000 -999.00000 
1.39331 1.40000 0.00000 0.05652 286.11737 0.00000 274.73795 0.00000 -999.00000 680.00000 -999.00000 

ZONE T="SLICE_Y_0p1_BINS15_KS_1mm_CUTDATA"
1.02809 0.10000 0.00000 0.06747 233.32060 0.00000 274.73010 0.00000 -999.00000 680.00000 -999.00000 
1.02799 0.10000 -0.00001 0.09833 196.69660 0.00000 274.73493 0.00000 -999.00000 680.00000 -999.00000 
1.02767 0.10000 -0.00005 0.11736 156.42696 0.00000 274.72803 0.00000 -999.00000 680.00000 -999.00000 
1.02712 0.10000 -0.00013 0.11318 153.86765 0.00000 274.72177 0.00000 -999.00000 680.00000 -999.00000 
1.02631 0.10000 -0.00023 0.11297 147.93275 0.00000 274.71578 0.00000 -999.00000 680.00000 -999.00000 
1.02519 0.10000 -0.00037 0.11058 145.51750 0.00000 274.71114 0.00000 -999.00000 680.00000 -999.00000 
1.02371 0.10000 -0.00056 0.10826 146.01078 0.00000 274.70956 0.00000 -999.00000 680.00000 -999.00000 
1.02177 0.10000 -0.00081 0.10511 147.64941 0.00000 274.70840 0.00000 -999.00000 680.00000 -999.00000 
1.01925 0.10000 -0.00113 0.10130 149.78081 0.00000 274.70710 0.00000 -999.00000 680.00000 -999.00000 
1.01601 0.10000 -0.00154 0.09662 152.33032 0.00000 274.70536 0.00000 -999.00000 680.00000 -999.00000 
1.01183 0.10000 -0.00206 0.09093 155.27027 0.00000 274.70298 0.00000 -999.00000 680.00000 -999.00000 
1.00643 0.10000 -0.00273 0.08403 158.55704 0.00000 274.69970 0.00000 -999.00000 680.00000 -999.00000 
0.99946 0.10000 -0.00359 0.07570 162.16908 0.00000 274.69527 0.00000 -999.00000 680.00000 -999.00000 
0.99044 0.10000 -0.00469 0.06522 166.21084 0.00000 274.68908 0.00000 -999.00000 680.00000 -999.00000 
0.97878 0.10000 -0.00613 0.05145 171.07716 0.00000 274.68035 0.00000 -999.00000 680.00000 -999.00000 
0.96374 0.10000 -0.00799 0.03419 177.21138 0.00000 274.66909 0.00000 -999.00000 680.00000 -999.00000 
0.94439 0.10000 -0.01035 0.01373 184.60675 0.00000 274.65540 0.00000 -999.00000 680.00000 -999.00000 
0.91971 0.10000 -0.01329 -0.00916 192.82044 0.00000 274.63953 0.00000 -999.00000 680.00000 -999.00000 
0.88858 0.10000 -0.01680 -0.03270 201.18068 0.00000 274.62268 0.00000 -999.00000 680.00000 -999.00000 
0.84994 0.10000 -0.02088 -0.05552 209.02837 0.00000 274.60579 0.00000 -999.00000 680.00000 -999.00000 
0.80304 0.10000 -0.02547 -0.07821 216.26257 0.00000 274.58837 0.00000 -999.00000 680.00000 -999.00000 
0.74768 0.10000 -0.03049 -0.10318 223.71902 0.00000 274.56863 0.00000 -999.00000 680.00000 -999.00000 
0.68456 0.10000 -0.03573 -0.13125 232.76244 0.00000 274.54637 0.00000 -999.00000 680.00000 -999.00000 
0.61539 0.10000 -0.04069 -0.15753 244.11502 0.00000 274.52627 0.00000 -999.00000 680.00000 -999.00000 
0.54291 0.10000 -0.04460 -0.17293 257.01106 0.00000 274.51642 0.00000 -999.00000 680.00000 -999.00000 
0.47043 0.10000 -0.04679 -0.17181 269.77191 0.00000 274.52155 0.00000 -999.00000 680.00000 -999.00000 
0.40127 0.10000 -0.04715 -0.15705 281.33093 0.00000 274.53872 0.00000 -999.00000 680.00000 -999.00000 
0.33814 0.10000 -0.04609 -0.13649 292.07812 0.00000 274.56083 0.00000 -999.00000 680.00000 -999.00000 
0.28278 0.10000 -0.04413 -0.11602 303.30566 0.00000 274.58274 0.00000 -999.00000 680.00000 -999.00000 
0.23588 0.10000 -0.04168 -0.09702 316.05563 0.00000 274.60340 0.00000 -999.00000 680.00000 -999.00000 
0.19725 0.10000 -0.03898 -0.07831 330.42148 0.00000 274.62389 0.00000 -999.00000 680.00000 -999.00000 
0.16611 0.10000 -0.03622 -0.05896 345.59270 0.00004 273.89213 0.00000 -999.00000 680.00000 -999.00000 
0.14143 0.10000 -0.03353 -0.03996 360.36528 0.00036 272.17339 0.31358 -999.00000 680.00000 -999.00000 
0.12209 0.10000 -0.03104 -0.02549 373.93768 0.00148 272.17339 0.58225 -999.00000 680.00000 -999.00000 
0.10704 0.10000 -0.02882 -0.03109 389.39965 0.00427 273.04179 0.57517 -999.00000 680.00000 -999.00000 
0.09538 0.10000 -0.02686 -0.05646 416.21108 0.01489 273.04179 0.46284 -999.00000 680.00000 -999.00000 
0.08637 0.10000 -0.02492 -0.06580 459.37658 0.05102 273.15000 0.25829 -999.00000 680.00000 -999.00000 
0.07940 0.10000 -0.02280 -0.02740 508.77677 0.12174 273.15000 0.17724 -999.00000 680.00000 -999.00000 
0.07400 0.10000 -0.02052 0.06463 547.60641 0.21108 273.15000 0.13355 -999.00000 680.00000 -999.00000 
0.06982 0.10000 -0.01814 0.19433 565.49685 0.29777 273.15000 0.10392 -999.00000 680.00000 -999.00000 
0.06657 0.10000 -0.01578 0.33807 562.69195 0.37247 273.15000 0.08134 -999.00000 680.00000 -999.00000 
0.06406 0.10000 -0.01349 0.47714 545.56790 0.43437 273.15000 0.06308 -999.00000 680.00000 -999.00000 
0.06212 0.10000 -0.01130 0.60037 521.26299 0.48497 273.15000 0.04771 -999.00000 680.00000 -999.00000 
0.06063 0.10000 -0.00922 0.70274 495.36403 0.52607 273.15000 0.04002 -999.00000 680.00000 -999.00000 
0.05952 0.10000 -0.00724 0.78105 470.89770 0.55847 273.15000 0.04175 -999.00000 680.00000 -999.00000 
0.05871 0.10000 -0.00535 0.83283 449.15649 0.58223 273.15000 0.05050 -999.00000 680.00000 -999.00000 
0.05816 0.10000 -0.00355 0.85497 435.24849 0.59710 273.15000 0.06019 -999.00000 680.00000 -999.00000 
0.05784 0.10000 -0.00183 0.85221 443.86823 0.60411 273.15000 0.05844 -999.00000 680.00000 -999.00000 
0.05773 0.10000 0.00000 0.82196 474.67472 0.60215 273.15000 0.04819 -999.00000 680.00000 -999.00000 
0.05784 0.10000 0.00183 0.75360 508.63211 0.58822 273.15000 0.04086 -999.00000 680.00000 -999.00000 
0.05816 0.10000 0.00355 0.66401 538.96223 0.56474 273.15000 0.04087 -999.00000 680.00000 -999.00000 
0.05871 0.10000 0.00535 0.55843 569.06372 0.53443 273.15000 0.05049 -999.00000 680.00000 -999.00000 
0.05952 0.10000 0.00724 0.42771 597.54896 0.49627 273.15000 0.06791 -999.00000 680.00000 -999.00000 
0.06063 0.10000 0.00922 0.27868 621.11738 0.44993 273.15000 0.08846 -999.00000 680.00000 -999.00000 
0.06212 0.10000 0.01130 0.11521 638.67574 0.39519 273.15000 0.11254 -999.00000 680.00000 -999.00000 
0.06406 0.10000 0.01349 -0.05815 648.83872 0.33105 273.15000 0.14509 -999.00000 680.00000 -999.00000 
0.06657 0.10000 0.01578 -0.23387 648.45153 0.25569 273.15000 0.19543 -999.00000 680.00000 -999.00000 
0.06982 0.10000 0.01814 -0.39538 632.26616 0.16922 273.15000 0.28907 -999.00000 680.00000 -999.00000 
0.07400 0.10000 0.02052 -0.51711 595.40016 0.08151 272.86851 0.51936 -999.00000 680.00000 -999.00000 
0.07940 0.10000 0.02280 -0.57206 538.96953 0.02098 272.25149 0.65720 -999.00000 680.00000 -999.00000 
0.08637 0.10000 0.02492 -0.55057 475.46315 0.00123 273.06799 0.31358 -999.00000 680.00000 -999.00000 
0.09538 0.10000 0.02686 -0.47399 424.74197 0.00000 274.26375 0.00000 -999.00000 680.00000 -999.00000 
0.10704 0.10000 0.02882 -0.38894 397.51727 0.00000 274.34209 0.00000 -999.00000 680.00000 -999.00000 
0.12209 0.10000 0.03104 -0.33806 385.05401 0.00000 274.38894 0.00000 -999.00000 680.00000 -999.00000 
0.14143 0.10000 0.03353 -0.31796 373.83693 0.00000 274.40637 0.00000 -999.00000 680.00000 -999.00000 
0.16611 0.10000 0.03622 -0.30748 359.65213 0.00000 274.41402 0.00000 -999.00000 680.00000 -999.00000 
0.19725 0.10000 0.03898 -0.30028 343.81628 0.00000 274.41805 0.00000 -999.00000 680.00000 -999.00000 
0.23588 0.10000 0.04168 -0.29457 328.16338 0.00000 274.42044 0.00000 -999.00000 680.00000 -999.00000 
0.28278 0.10000 0.04413 -0.29103 313.91040 0.00000 274.42079 0.00000 -999.00000 680.00000 -999.00000 
0.33814 0.10000 0.04609 -0.29066 301.10470 0.00000 274.41820 0.00000 -999.00000 680.00000 -999.00000 
0.40127 0.10000 0.04715 -0.29167 288.66500 0.00000 274.41412 0.00000 -999.00000 680.00000 -999.00000 
0.47043 0.10000 0.04679 -0.28761 275.22483 0.00000 274.41426 0.00000 -999.00000 680.00000 -999.00000 
0.54291 0.10000 0.04460 -0.27045 260.40680 0.00000 274.42593 0.00000 -999.00000 680.00000 -999.00000 
0.61539 0.10000 0.04069 -0.23771 245.39022 0.00000 274.45160 0.00000 -999.00000 680.00000 -999.00000 
0.68456 0.10000 0.03573 -0.19573 231.96568 0.00000 274.48582 0.00000 -999.00000 680.00000 -999.00000 
0.74768 0.10000 0.03049 -0.15390 220.90789 0.00000 274.52016 0.00000 -999.00000 680.00000 -999.00000 
0.80304 0.10000 0.02547 -0.11698 211.41416 0.00000 274.55003 0.00000 -999.00000 680.00000 -999.00000 
0.84994 0.10000 0.02088 -0.08407 202.05415 0.00000 274.57568 0.00000 -999.00000 680.00000 -999.00000 
0.88858 0.10000 0.01680 -0.05284 192.01777 0.00000 274.59878 0.00000 -999.00000 680.00000 -999.00000 
0.91971 0.10000 0.01329 -0.02281 181.51064 0.00000 274.61971 0.00000 -999.00000 680.00000 -999.00000 
0.94439 0.10000 0.01035 0.00472 171.31142 0.00000 274.63767 0.00000 -999.00000 680.00000 -999.00000 
0.96374 0.10000 0.00799 0.02831 162.17194 0.00000 274.65194 0.00000 -999.00000 680.00000 -999.00000 
0.97878 0.10000 0.00613 0.04760 154.54707 0.00000 274.66277 0.00000 -999.00000 680.00000 -999.00000 
0.99044 0.10000 0.00469 0.06271 148.42214 0.00000 274.67057 0.00000 -999.00000 680.00000 -999.00000 
0.99946 0.10000 0.00359 0.07410 143.35927 0.00000 274.67561 0.00000 -999.00000 680.00000 -999.00000 
1.00643 0.10000 0.00273 0.08299 138.97559 0.00000 274.67875 0.00000 -999.00000 680.00000 -999.00000 
1.01183 0.10000 0.00206 0.09013 135.15944 0.00000 274.68069 0.00000 -999.00000 680.00000 -999.00000 
1.01601 0.10000 0.00154 0.09587 131.92512 0.00000 274.68183 0.00000 -999.00000 680.00000 -999.00000 
1.01925 0.10000 0.00113 0.10047 129.30059 0.00000 274.68256 0.00000 -999.00000 680.00000 -999.00000 
1.02177 0.10000 0.00081 0.10414 127.29616 0.00000 274.68317 0.00000 -999.00000 680.00000 -999.00000 
1.02371 0.10000 0.00056 0.10708 126.13174 0.00000 274.68421 0.00000 -999.00000 680.00000 -999.00000 
1.02519 0.10000 0.00037 0.10925 126.93540 0.00000 274.68728 0.00000 -999.00000 680.00000 -999.00000 
1.02631 0.10000 0.00023 0.11119 131.80644 0.00000 274.69542 0.00000 -999.00000 680.00000 -999.00000 
1.02712 0.10000 0.00013 0.11173 140.55097 0.00000 274.70644 0.00000 -999.00000 680.00000 -999.00000 
1.02767 0.10000 0.00005 0.11231 144.84768 0.00000 274.71193 0.00000 -999.00000 680.00000 -999.00000 
1.02799 0.10000 0.00001 0.08729 186.33962 0.00000 274.71726 0.00000 -999.00000 680.00000 -999.00000 
1.02809 0.10000 0.00000 0.06747 233.32060 0.00000 274.73010 0.00000 -999.00000 680.00000 -999.00000 

ZONE T="SLICE_Y_0p75_BINS15_KS_1mm_CUTDATA"
1.21070 0.75000 0.00000 0.06918 256.65761 0.00000 274.74054 0.00000 -999.00000 680.00000 -999.00000 
1.21062 0.75000 -0.00001 0.10034 215.47847 0.00000 274.74716 0.00000 -999.00000 680.00000 -999.00000 
1.21036 0.75000 -0.00004 0.12009 170.60336 0.00000 274.74252 0.00000 -999.00000 680.00000 -999.00000 
1.20992 0.75000 -0.00010 0.11646 166.74780 0.00000 274.73605 0.00000 -999.00000 680.00000 -999.00000 
1.20927 0.75000 -0.00018 0.11653 158.85529 0.00000 274.72947 0.00000 -999.00000 680.00000 -999.00000 
1.20838 0.75000 -0.00030 0.11452 155.24352 0.00000 274.72440 0.00000 -999.00000 680.00000 -999.00000 
1.20719 0.75000 -0.00045 0.11266 155.13457 0.00000 274.72261 0.00000 -999.00000 680.00000 -999.00000 
1.20563 0.75000 -0.00065 0.11004 156.41689 0.00000 274.72142 0.00000 -999.00000 680.00000 -999.00000 
1.20361 0.75000 -0.00090 0.10688 158.25408 0.00000 274.72022 0.00000 -999.00000 680.00000 -999.00000 
1.20101 0.75000 -0.00123 0.10297 160.53530 0.00000 274.71869 0.00000 -999.00000 680.00000 -999.00000 
1.19766 0.75000 -0.00165 0.09821 163.22511 0.00000 274.71666 0.00000 -999.00000 680.00000 -999.00000 
1.19334 0.75000 -0.00219 0.09240 166.27523 0.00000 274.71391 0.00000 -999.00000 680.00000 -999.00000 
1.18775 0.75000 -0.00287 0.08535 169.66541 0.00000 274.71019 0.00000 -999.00000 680.00000 -999.00000 
1.18052 0.75000 -0.00376 0.07639 173.50881 0.00000 274.70496 0.00000 -999.00000 680.00000 -999.00000 
1.17118 0.75000 -0.00491 0.06442 178.21877 0.00000 274.69745 0.00000 -999.00000 680.00000 -999.00000 
1.15912 0.75000 -0.00640 0.04918 184.28469 0.00000 274.68766 0.00000 -999.00000 680.00000 -999.00000 
1.14362 0.75000 -0.00830 0.03078 191.77710 0.00000 274.67556 0.00000 -999.00000 680.00000 -999.00000 
1.12384 0.75000 -0.01065 0.00971 200.32214 0.00000 274.66122 0.00000 -999.00000 680.00000 -999.00000 
1.09888 0.75000 -0.01347 -0.01256 209.26989 0.00000 274.64553 0.00000 -999.00000 680.00000 -999.00000 
1.06792 0.75000 -0.01674 -0.03485 217.92453 0.00000 274.62922 0.00000 -999.00000 680.00000 -999.00000 
1.03033 0.75000 -0.02041 -0.05780 226.11898 0.00000 274.61174 0.00000 -999.00000 680.00000 -999.00000 
0.98596 0.75000 -0.02443 -0.08390 234.67211 0.00000 274.59115 0.00000 -999.00000 680.00000 -999.00000 
0.93537 0.75000 -0.02864 -0.11443 245.04126 0.00000 274.56678 0.00000 -999.00000 680.00000 -999.00000 
0.87994 0.75000 -0.03261 -0.14535 258.09106 0.00000 274.54252 0.00000 -999.00000 680.00000 -999.00000 
0.82185 0.75000 -0.03574 -0.16784 273.07267 0.00000 274.52622 0.00000 -999.00000 680.00000 -999.00000 
0.76376 0.75000 -0.03750 -0.17532 288.12003 0.00000 274.52347 0.00000 -999.00000 680.00000 -999.00000 
0.70833 0.75000 -0.03779 -0.16915 301.93935 0.00000 274.53277 0.00000 -999.00000 680.00000 -999.00000 
0.65773 0.75000 -0.03694 -0.15613 314.85997 0.00000 274.54798 0.00000 -999.00000 680.00000 -999.00000 
0.61337 0.75000 -0.03536 -0.14192 328.28470 0.00000 274.56415 0.00000 -999.00000 680.00000 -999.00000 
0.57578 0.75000 -0.03340 -0.12808 343.38692 0.00000 274.58007 0.00000 -999.00000 680.00000 -999.00000 
0.54481 0.75000 -0.03124 -0.11363 360.28352 0.00014 273.86901 0.00000 -999.00000 680.00000 -999.00000 
0.51986 0.75000 -0.02903 -0.09773 378.06600 0.00112 273.15000 0.00000 -999.00000 680.00000 -999.00000 
0.50008 0.75000 -0.02687 -0.08144 395.40073 0.00418 272.93845 0.49018 -999.00000 680.00000 -999.00000 
0.48458 0.75000 -0.02488 -0.06913 411.44876 0.00999 272.93845 0.70389 -999.00000 680.00000 -999.00000 
0.47252 0.75000 -0.02310 -0.07620 429.54464 0.01890 273.15000 0.34280 -999.00000 680.00000 -999.00000 
0.46317 0.75000 -0.02152 -0.10133 459.75566 0.03963 273.15000 0.21893 -999.00000 680.00000 -999.00000 
0.45595 0.75000 -0.01997 -0.10798 507.28190 0.08894 273.15000 0.15763 -999.00000 680.00000 -999.00000 
0.45036 0.75000 -0.01827 -0.06548 561.44066 0.16751 273.15000 0.12152 -999.00000 680.00000 -999.00000 
0.44603 0.75000 -0.01644 0.02985 605.27151 0.25722 273.15000 0.09695 -999.00000 680.00000 -999.00000 
0.44268 0.75000 -0.01454 0.16026 629.33354 0.34146 273.15000 0.07824 -999.00000 680.00000 -999.00000 
0.44008 0.75000 -0.01265 0.30155 635.26709 0.41341 273.15000 0.06126 -999.00000 680.00000 -999.00000 
0.43806 0.75000 -0.01081 0.43521 629.80457 0.47272 273.15000 0.04480 -999.00000 680.00000 -999.00000 
0.43651 0.75000 -0.00906 0.55038 619.08882 0.52097 273.15000 0.03195 -999.00000 680.00000 -999.00000 
0.43532 0.75000 -0.00739 0.64221 607.39460 0.55987 273.15000 0.02357 -999.00000 680.00000 -999.00000 
0.43442 0.75000 -0.00580 0.70769 597.23915 0.59011 273.15000 0.01957 -999.00000 680.00000 -999.00000 
0.43377 0.75000 -0.00429 0.74464 591.58680 0.61175 273.15000 0.02003 -999.00000 680.00000 -999.00000 
0.43333 0.75000 -0.00284 0.75075 597.56172 0.62461 273.15000 0.02020 -999.00000 680.00000 -999.00000 
0.43308 0.75000 -0.00146 0.73030 616.86467 0.62939 273.15000 0.01768 -999.00000 680.00000 -999.00000 
0.43300 0.75000 0.00000 0.68100 644.35506 0.62558 273.15000 0.01758 -999.00000 680.00000 -999.00000 
0.43308 0.75000 0.00146 0.59277 670.98157 0.61032 273.15000 0.02131 -999.00000 680.00000 -999.00000 
0.43333 0.75000 0.00284 0.48414 691.26358 0.58553 273.15000 0.02735 -999.00000 680.00000 -999.00000 
0.43377 0.75000 0.00429 0.36117 709.19025 0.55393 273.15000 0.03649 -999.00000 680.00000 -999.00000 
0.43442 0.75000 0.00580 0.21345 724.11062 0.51425 273.15000 0.04952 -999.00000 680.00000 -999.00000 
0.43532 0.75000 0.00739 0.04846 733.63147 0.46627 273.15000 0.06755 -999.00000 680.00000 -999.00000 
0.43651 0.75000 0.00906 -0.12942 737.96295 0.40978 273.15000 0.08798 -999.00000 680.00000 -999.00000 
0.43806 0.75000 0.01081 -0.31510 736.52317 0.34389 273.15000 0.11135 -999.00000 680.00000 -999.00000 
0.44008 0.75000 0.01265 -0.49984 726.35578 0.26672 273.15000 0.14547 -999.00000 680.00000 -999.00000 
0.44268 0.75000 0.01454 -0.66470 701.74851 0.17816 273.15000 0.20114 -999.00000 680.00000 -999.00000 
0.44603 0.75000 0.01644 -0.78077 656.77765 0.08767 273.15000 0.30993 -999.00000 680.00000 -999.00000 
0.45036 0.75000 0.01827 -0.81846 591.60962 0.02357 273.15000 0.63232 -999.00000 680.00000 -999.00000 
0.45595 0.75000 0.01997 -0.76924 519.19987 0.00158 272.55533 0.54733 -999.00000 680.00000 -999.00000 
0.46317 0.75000 0.02152 -0.65964 461.84037 0.00000 273.05475 0.10687 -999.00000 680.00000 -999.00000 
0.47252 0.75000 0.02310 -0.54219 432.07502 0.00000 274.19893 0.00000 -999.00000 680.00000 -999.00000 
0.48458 0.75000 0.02488 -0.46359 419.60459 0.00000 274.27347 0.00000 -999.00000 680.00000 -999.00000 
0.50008 0.75000 0.02687 -0.42068 408.16348 0.00000 274.31326 0.00000 -999.00000 680.00000 -999.00000 
0.51986 0.75000 0.02903 -0.39053 392.52989 0.00000 274.34002 0.00000 -999.00000 680.00000 -999.00000 
0.54481 0.75000 0.03124 -0.36576 374.29558 0.00000 274.36097 0.00000 -999.00000 680.00000 -999.00000 
0.57578 0.75000 0.03340 -0.34403 355.82015 0.00000 274.37867 0.00000 -999.00000 680.00000 -999.00000 
0.61337 0.75000 0.03536 -0.32562 338.69868 0.00000 274.39308 0.00000 -999.00000 680.00000 -999.00000 
0.65773 0.75000 0.03694 -0.31109 323.06894 0.00000 274.40376 0.00000 -999.00000 680.00000 -999.00000 
0.70833 0.75000 0.03779 -0.29822 307.73077 0.00000 274.41259 0.00000 -999.00000 680.00000 -999.00000 
0.76376 0.75000 0.03750 -0.28066 291.21862 0.00000 274.42516 0.00000 -999.00000 680.00000 -999.00000 
0.82185 0.75000 0.03574 -0.25148 273.28550 0.00000 274.44774 0.00000 -999.00000 680.00000 -999.00000 
0.87994 0.75000 0.03261 -0.20980 255.43762 0.00000 274.48130 0.00000 -999.00000 680.00000 -999.00000 
0.93537 0.75000 0.02864 -0.16264 239.70779 0.00000 274.51980 0.00000 -999.00000 680.00000 -999.00000 
0.98596 0.75000 0.02443 -0.11871 226.84548 0.00000 274.55553 0.00000 -999.00000 680.00000 -999.00000 
1.03033 0.75000 0.02041 -0.08160 215.89552 0.00000 274.58501 0.00000 -999.00000 680.00000 -999.00000 
1.06792 0.75000 0.01674 -0.04978 205.37226 0.00000 274.60916 0.00000 -999.00000 680.00000 -999.00000 
1.09888 0.75000 0.01347 -0.02076 194.54400 0.00000 274.62985 0.00000 -999.00000 680.00000 -999.00000 
1.12384 0.75000 0.01065 0.00608 183.71101 0.00000 274.64774 0.00000 -999.00000 680.00000 -999.00000 
1.14362 0.75000 0.00830 0.02987 173.65362 0.00000 274.66250 0.00000 -999.00000 680.00000 -999.00000 
1.15912 0.75000 0.00640 0.04965 165.01796 0.00000 274.67387 0.00000 -999.00000 680.00000 -999.00000 
1.17118 0.75000 0.00491 0.06545 158.09332 0.00000 274.68235 0.00000 -999.00000 680.00000 -999.00000 
1.18052 0.75000 0.00376 0.07757 152.72023 0.00000 274.68842 0.00000 -999.00000 680.00000 -999.00000 
1.18775 0.75000 0.00287 0.08653 148.39449 0.00000 274.69230 0.00000 -999.00000 680.00000 -999.00000 
1.19334 0.75000 0.00219 0.09342 144.71468 0.00000 274.69473 0.00000 -999.00000 680.00000 -999.00000 
1.19766 0.75000 0.00165 0.09894 141.55669 0.00000 274.69629 0.00000 -999.00000 680.00000 -999.00000 
1.20101 0.75000 0.00123 0.10334 138.92232 0.00000 274.69729 0.00000 -999.00000 680.00000 -999.00000 
1.20361 0.75000 0.00090 0.10686 136.83122 0.00000 274.69802 0.00000 -999.00000 680.00000 -999.00000 
1.20563 0.75000 0.00065 0.10966 135.33808 0.00000 274.69875 0.00000 -999.00000 680.00000 -999.00000 
1.20719 0.75000 0.00045 0.11189 134.86351 0.00000 274.70019 0.00000 -999.00000 680.00000 -999.00000 
1.20838 0.75000 0.00030 0.11350 136.93291 0.00000 274.70412 0.00000 -999.00000 680.00000 -999.00000 
1.20927 0.75000 0.00018 0.11492 143.78096 0.00000 274.71306 0.00000 -999.00000 680.00000 -999.00000 
1.20992 0.75000 0.00010 0.11515 154.22499 0.00000 274.72383 0.00000 -999.00000 680.00000 -999.00000 
1.21036 0.75000 0.00004 0.11493 158.85679 0.00000 274.72806 0.00000 -999.00000 680.00000 -999.00000 
1.21062 0.75000 0.00001 0.08908 204.94228 0.00000 274.73035 0.00000 -999.00000 680.00000 -999.00000 
1.21070 0.75000 0.00000 0.06918 256.65761 0.00000 274.74054 0.00000 -999.00000 680.00000 -999.00000 

ZONE T="SLICE_Y_1p4_BINS15_KS_1mm_CUTDATA"
1.39331 1.40000 0.00000 0.05652 286.11737 0.00000 274.73795 0.00000 -999.00000 680.00000 -999.00000 
1.39324 1.40000 -0.00001 0.08763 246.62453 0.00000 274.74990 0.00000 -999.00000 680.00000 -999.00000 
1.39305 1.40000 -0.00003 0.11179 196.54653 0.00000 274.75248 0.00000 -999.00000 680.00000 -999.00000 
1.39272 1.40000 -0.00008 0.10937 188.48805 0.00000 274.74514 0.00000 -999.00000 680.00000 -999.00000 
1.39223 1.40000 -0.00014 0.10955 175.82201 0.00000 274.73678 0.00000 -999.00000 680.00000 -999.00000 
1.39156 1.40000 -0.00022 0.10779 169.66085 0.00000 274.73061 0.00000 -999.00000 680.00000 -999.00000 
1.39066 1.40000 -0.00034 0.10614 168.57300 0.00000 274.72826 0.00000 -999.00000 680.00000 -999.00000 
1.38949 1.40000 -0.00049 0.10375 169.56774 0.00000 274.72687 0.00000 -999.00000 680.00000 -999.00000 
1.38798 1.40000 -0.00068 0.10084 171.37027 0.00000 274.72561 0.00000 -999.00000 680.00000 -999.00000 
1.38602 1.40000 -0.00093 0.09722 173.74166 0.00000 274.72412 0.00000 -999.00000 680.00000 -999.00000 
1.38350 1.40000 -0.00124 0.09281 176.58624 0.00000 274.72219 0.00000 -999.00000 680.00000 -999.00000 
1.38024 1.40000 -0.00165 0.08742 179.81948 0.00000 274.71957 0.00000 -999.00000 680.00000 -999.00000 
1.37604 1.40000 -0.00216 0.08090 183.40502 0.00000 274.71607 0.00000 -999.00000 680.00000 -999.00000 
1.37060 1.40000 -0.00283 0.07264 187.45343 0.00000 274.71119 0.00000 -999.00000 680.00000 -999.00000 
1.36358 1.40000 -0.00369 0.06165 192.37973 0.00000 274.70422 0.00000 -999.00000 680.00000 -999.00000 
1.35450 1.40000 -0.00482 0.04775 198.67167 0.00000 274.69519 0.00000 -999.00000 680.00000 -999.00000 
1.34284 1.40000 -0.00624 0.03117 206.40323 0.00000 274.68422 0.00000 -999.00000 680.00000 -999.00000 
1.32796 1.40000 -0.00801 0.01244 215.19661 0.00000 274.67148 0.00000 -999.00000 680.00000 -999.00000 
1.30919 1.40000 -0.01013 -0.00699 224.38491 0.00000 274.65787 0.00000 -999.00000 680.00000 -999.00000 
1.28590 1.40000 -0.01259 -0.02610 233.26856 0.00000 274.64407 0.00000 -999.00000 680.00000 -999.00000 
1.25762 1.40000 -0.01536 -0.04572 241.71197 0.00000 274.62929 0.00000 -999.00000 680.00000 -999.00000 
1.22424 1.40000 -0.01838 -0.06868 250.61948 0.00000 274.61131 0.00000 -999.00000 680.00000 -999.00000 
1.18618 1.40000 -0.02154 -0.09683 261.57391 0.00000 274.58888 0.00000 -999.00000 680.00000 -999.00000 
1.14448 1.40000 -0.02453 -0.12704 275.53332 0.00000 274.56504 0.00000 -999.00000 680.00000 -999.00000 
1.10078 1.40000 -0.02689 -0.15156 291.73078 0.00000 274.54663 0.00000 -999.00000 680.00000 -999.00000 
1.05708 1.40000 -0.02821 -0.16445 308.18515 0.00000 274.53865 0.00000 -999.00000 680.00000 -999.00000 
1.01538 1.40000 -0.02843 -0.16683 323.49502 0.00000 274.53983 0.00000 -999.00000 680.00000 -999.00000 
0.97732 1.40000 -0.02779 -0.16450 337.97120 0.00000 274.54496 0.00000 -999.00000 680.00000 -999.00000 
0.94395 1.40000 -0.02660 -0.16173 353.07610 0.00000 274.55036 0.00000 -999.00000 680.00000 -999.00000 
0.91567 1.40000 -0.02513 -0.15862 370.03715 0.00019 273.85147 0.00000 -999.00000 680.00000 -999.00000 
0.89237 1.40000 -0.02350 -0.15298 388.93156 0.00158 273.15000 0.00000 -999.00000 680.00000 -999.00000 
0.87360 1.40000 -0.02184 -0.14344 408.70986 0.00592 271.90424 0.35765 -999.00000 680.00000 -999.00000 
0.85872 1.40000 -0.02022 -0.13134 427.88193 0.01442 271.90424 0.80354 -999.00000 680.00000 -999.00000 
0.84706 1.40000 -0.01871 -0.12194 445.56288 0.02615 273.15000 0.65071 -999.00000 680.00000 -999.00000 
0.83799 1.40000 -0.01737 -0.13106 465.45233 0.04041 273.15000 0.33603 -999.00000 680.00000 -999.00000 
0.83096 1.40000 -0.01619 -0.15688 498.68813 0.06748 273.15000 0.22601 -999.00000 680.00000 -999.00000 
0.82552 1.40000 -0.01502 -0.16316 551.24752 0.12315 273.15000 0.16689 -999.00000 680.00000 -999.00000 
0.82132 1.40000 -0.01375 -0.12024 611.81242 0.20500 273.15000 0.12960 -999.00000 680.00000 -999.00000 
0.81807 1.40000 -0.01237 -0.02456 662.06809 0.29526 273.15000 0.10409 -999.00000 680.00000 -999.00000 
0.81554 1.40000 -0.01094 0.10678 691.51523 0.37942 273.15000 0.08465 -999.00000 680.00000 -999.00000 
0.81359 1.40000 -0.00952 0.24993 701.72116 0.45143 273.15000 0.06632 -999.00000 680.00000 -999.00000 
0.81207 1.40000 -0.00813 0.38633 699.86225 0.51087 273.15000 0.04850 -999.00000 680.00000 -999.00000 
0.81090 1.40000 -0.00681 0.50490 692.29952 0.55943 273.15000 0.03498 -999.00000 680.00000 -999.00000 
0.81001 1.40000 -0.00556 0.60064 683.32383 0.59879 273.15000 0.02599 -999.00000 680.00000 -999.00000 
0.80933 1.40000 -0.00436 0.67042 675.23986 0.62962 273.15000 0.02075 -999.00000 680.00000 -999.00000 
0.80884 1.40000 -0.00323 0.71193 670.68882 0.65201 273.15000 0.01914 -999.00000 680.00000 -999.00000 
0.80851 1.40000 -0.00214 0.72287 675.72016 0.66585 273.15000 0.01881 -999.00000 680.00000 -999.00000 
0.80832 1.40000 -0.00110 0.70748 693.19414 0.67161 273.15000 0.01787 -999.00000 680.00000 -999.00000 
0.80826 1.40000 0.00000 0.66334 719.53363 0.66861 273.15000 0.01846 -999.00000 680.00000 -999.00000 
0.80832 1.40000 0.00110 0.58070 744.79821 0.65450 273.15000 0.02170 -999.00000 680.00000 -999.00000 
0.80851 1.40000 0.00214 0.47726 763.12588 0.63112 273.15000 0.02736 -999.00000 680.00000 -999.00000 
0.80884 1.40000 0.00323 0.35896 778.87902 0.60087 273.15000 0.03614 -999.00000 680.00000 -999.00000 
0.80933 1.40000 0.00436 0.21605 791.61995 0.56269 273.15000 0.04871 -999.00000 680.00000 -999.00000 
0.81001 1.40000 0.00556 0.05574 798.88478 0.51647 273.15000 0.06612 -999.00000 680.00000 -999.00000 
0.81090 1.40000 0.00681 -0.11750 800.98079 0.46197 273.15000 0.08665 -999.00000 680.00000 -999.00000 
0.81207 1.40000 0.00813 -0.29843 797.28056 0.39814 273.15000 0.10956 -999.00000 680.00000 -999.00000 
0.81359 1.40000 0.00952 -0.47828 784.40139 0.32325 273.15000 0.14063 -999.00000 680.00000 -999.00000 
0.81554 1.40000 0.01094 -0.63864 755.91893 0.23605 273.15000 0.18863 -999.00000 680.00000 -999.00000 
0.81807 1.40000 0.01237 -0.75182 705.50179 0.13996 273.15000 0.27359 -999.00000 680.00000 -999.00000 
0.82132 1.40000 0.01375 -0.78994 633.77522 0.05462 273.15000 0.48130 -999.00000 680.00000 -999.00000 
0.82552 1.40000 0.01502 -0.74504 554.78911 0.00954 271.22907 0.81673 -999.00000 680.00000 -999.00000 
0.83096 1.40000 0.01619 -0.64122 491.95229 0.00020 271.73753 0.50000 -999.00000 680.00000 -999.00000 
0.83799 1.40000 0.01737 -0.52661 458.48386 0.00000 274.21685 0.00000 -999.00000 680.00000 -999.00000 
0.84706 1.40000 0.01871 -0.44580 443.73352 0.00000 274.29336 0.00000 -999.00000 680.00000 -999.00000 
0.85872 1.40000 0.02022 -0.39735 430.46682 0.00000 274.33834 0.00000 -999.00000 680.00000 -999.00000 
0.87360 1.40000 0.02184 -0.35980 412.83050 0.00000 274.37206 0.00000 -999.00000 680.00000 -999.00000 
0.89237 1.40000 0.02350 -0.32609 392.30292 0.00000 274.40140 0.00000 -999.00000 680.00000 -999.00000 
0.91567 1.40000 0.02513 -0.29479 371.38663 0.00000 274.42799 0.00000 -999.00000 680.00000 -999.00000 
0.94395 1.40000 0.02660 -0.26741 351.79750 0.00000 274.45063 0.00000 -999.00000 680.00000 -999.00000 
0.97732 1.40000 0.02779 -0.24555 333.62430 0.00000 274.46787 0.00000 -999.00000 680.00000 -999.00000 
1.01538 1.40000 0.02843 -0.22772 315.48115 0.00000 274.48088 0.00000 -999.00000 680.00000 -999.00000 
1.05708 1.40000 0.02821 -0.20801 295.73393 0.00000 274.49472 0.00000 -999.00000 680.00000 -999.00000 
1.10078 1.40000 0.02689 -0.17983 274.15254 0.00000 274.51524 0.00000 -999.00000 680.00000 -999.00000 
1.14448 1.40000 0.02453 -0.14234 252.53409 0.00000 274.54335 0.00000 -999.00000 680.00000 -999.00000 
1.18618 1.40000 0.02154 -0.10209 233.40135 0.00000 274.57364 0.00000 -999.00000 680.00000 -999.00000 
1.22424 1.40000 0.01838 -0.06674 217.98867 0.00000 274.59972 0.00000 -999.00000 680.00000 -999.00000 
1.25762 1.40000 0.01536 -0.03879 205.63639 0.00000 274.61943 0.00000 -999.00000 680.00000 -999.00000 
1.28590 1.40000 0.01259 -0.01593 194.88300 0.00000 274.63451 0.00000 -999.00000 680.00000 -999.00000 
1.30919 1.40000 0.01013 0.00479 184.75920 0.00000 274.64727 0.00000 -999.00000 680.00000 -999.00000 
1.32796 1.40000 0.00801 0.02435 175.17327 0.00000 274.65857 0.00000 -999.00000 680.00000 -999.00000 
1.34284 1.40000 0.00624 0.04211 166.52254 0.00000 274.66819 0.00000 -999.00000 680.00000 -999.00000 
1.35450 1.40000 0.00482 0.05719 159.19681 0.00000 274.67577 0.00000 -999.00000 680.00000 -999.00000 
1.36358 1.40000 0.00369 0.06943 153.36297 0.00000 274.68160 0.00000 -999.00000 680.00000 -999.00000 
1.37060 1.40000 0.00283 0.07892 148.84881 0.00000 274.68581 0.00000 -999.00000 680.00000 -999.00000 
1.37604 1.40000 0.00216 0.08594 145.18920 0.00000 274.68839 0.00000 -999.00000 680.00000 -999.00000 
1.38024 1.40000 0.00165 0.09139 142.00639 0.00000 274.68988 0.00000 -999.00000 680.00000 -999.00000 
1.38350 1.40000 0.00124 0.09582 139.20008 0.00000 274.69072 0.00000 -999.00000 680.00000 -999.00000 
1.38602 1.40000 0.00093 0.09941 136.82244 0.00000 274.69119 0.00000 -999.00000 680.00000 -999.00000 
1.38798 1.40000 0.00068 0.10232 134.96798 0.00000 274.69158 0.00000 -999.00000 680.00000 -999.00000 
1.38949 1.40000 0.00049 0.10464 133.74532 0.00000 274.69217 0.00000 -999.00000 680.00000 -999.00000 
1.39066 1.40000 0.00034 0.10650 133.57081 0.00000 274.69365 0.00000 -999.00000 680.00000 -999.00000 
1.39156 1.40000 0.00022 0.10778 136.06636 0.00000 274.69784 0.00000 -999.00000 680.00000 -999.00000 
1.39223 1.40000 0.00014 0.10896 143.97523 0.00000 274.70776 0.00000 -999.00000 680.00000 -999.00000 
1.39272 1.40000 0.00008 0.10895 157.67383 0.00000 274.72118 0.00000 -999.00000 680.00000 -999.00000 
1.39305 1.40000 0.00003 0.10886 166.89809 0.00000 274.72935 0.00000 -999.00000 680.00000 -999.00000 
1.39324 1.40000 0.00001 0.08145 221.92608 0.00000 274.73155 0.00000 -999.00000 680.00000 -999.00000 
1.39331 1.40000 0.00000 0.05652 286.11737 0.00000 274.73795 0.00000 -999.00000 680.00000 -999.00000 

