#++++++++++++++++++++++++++++++++++++++++++++++++++++++++++++++++++++++++++++++++++++++++++++++++++++++++++++++++++++
#
#   IPW-3 Ice Shape DATA SUBMITTAL FORM for Test Case ONERAM6, May 18th 2026
#
#       NOMENCLATURE:
#             X_ICED [m]:  X-coordinate of the iced surface
#             Y_ICED [m]:  Y-coordinate of the iced surface
#             Z_ICED [m]:  Z-coordinate of the iced surface
#
#                XXmm:  Roughness height used for the case, in mm.
#                       In the zone name, use the format KS_XXmm.
#                       For example, if k_s = 1.5 mm, use KS_1p5mm. 
#                       For Variable roughness, use KS_VAR
#
#    FLOW CONDITIONS:
#                                   AOA: 2.0 deg
#                           Mach Number: 0.4 [-]
#       Mean aerodynamic chord (M.A.C.): 0.801673 [m]
#                       Reynolds Number: 4.2558 million (based on MAC)
#                       Freestream Temp: 267.15 [K]
#                        Reference area: 1.1532 [m2]
#               Moment Reference Center: 0.25, 0, 0 [m] (X, Y, Z)
#
#              NOTES: 1. Please use at least 5 decimal places in the numerical values
#                     2. If data are NOT provided, please fill data fields with a numerical value of "-999" 
#
#++++++++++++++++++++++++++++++++++++++++++++++++++++++++++++++++++++++++++++++++++++++++++++++++++++++++++++++++++++

AUXDATA NUM_LAYERS  = 5
VARIABLES = "X_ICED" "Y_ICED" "Z_ICED"

ZONE T="SLICE_Y_0p1_BINS01_KS_1mm_SINGLE_LAYER"
1.02809 0.10000 -0.00000 
1.02809 0.10000 -0.00000 
1.02807 0.10000 -0.00000 
1.02803 0.10000 -0.00001 
1.02799 0.10000 -0.00001 
1.02793 0.10000 -0.00002 
1.02786 0.10000 -0.00003 
1.02777 0.10000 -0.00004 
1.02767 0.10000 -0.00005 
1.02756 0.10000 -0.00007 
1.02743 0.10000 -0.00009 
1.02728 0.10000 -0.00010 
1.02712 0.10000 -0.00013 
1.02694 0.10000 -0.00015 
1.02675 0.10000 -0.00017 
1.02654 0.10000 -0.00020 
1.02631 0.10000 -0.00023 
1.02606 0.10000 -0.00026 
1.02579 0.10000 -0.00030 
1.02550 0.10000 -0.00033 
1.02519 0.10000 -0.00037 
1.02486 0.10000 -0.00042 
1.02450 0.10000 -0.00046 
1.02412 0.10000 -0.00051 
1.02371 0.10000 -0.00056 
1.02327 0.10000 -0.00062 
1.02280 0.10000 -0.00068 
1.02230 0.10000 -0.00074 
1.02177 0.10000 -0.00081 
1.02120 0.10000 -0.00088 
1.02059 0.10000 -0.00096 
1.01994 0.10000 -0.00104 
1.01925 0.10000 -0.00113 
1.01852 0.10000 -0.00122 
1.01773 0.10000 -0.00132 
1.01690 0.10000 -0.00143 
1.01601 0.10000 -0.00154 
1.01506 0.10000 -0.00166 
1.01405 0.10000 -0.00178 
1.01297 0.10000 -0.00192 
1.01183 0.10000 -0.00206 
1.01060 0.10000 -0.00221 
1.00930 0.10000 -0.00237 
1.00791 0.10000 -0.00255 
1.00643 0.10000 -0.00273 
1.00485 0.10000 -0.00292 
1.00317 0.10000 -0.00313 
1.00137 0.10000 -0.00335 
0.99946 0.10000 -0.00359 
0.99742 0.10000 -0.00384 
0.99524 0.10000 -0.00410 
0.99292 0.10000 -0.00439 
0.99044 0.10000 -0.00469 
0.98780 0.10000 -0.00502 
0.98499 0.10000 -0.00536 
0.98198 0.10000 -0.00573 
0.97878 0.10000 -0.00613 
0.97537 0.10000 -0.00655 
0.97174 0.10000 -0.00700 
0.96786 0.10000 -0.00748 
0.96374 0.10000 -0.00799 
0.95934 0.10000 -0.00853 
0.95466 0.10000 -0.00910 
0.94969 0.10000 -0.00971 
0.94439 0.10000 -0.01035 
0.93877 0.10000 -0.01103 
0.93279 0.10000 -0.01175 
0.92644 0.10000 -0.01250 
0.91971 0.10000 -0.01329 
0.91258 0.10000 -0.01411 
0.90502 0.10000 -0.01497 
0.89703 0.10000 -0.01587 
0.88858 0.10000 -0.01680 
0.87966 0.10000 -0.01777 
0.87026 0.10000 -0.01878 
0.86035 0.10000 -0.01981 
0.84994 0.10000 -0.02088 
0.83901 0.10000 -0.02198 
0.82755 0.10000 -0.02311 
0.81556 0.10000 -0.02428 
0.80304 0.10000 -0.02547 
0.78998 0.10000 -0.02669 
0.77640 0.10000 -0.02793 
0.76230 0.10000 -0.02920 
0.74768 0.10000 -0.03049 
0.73258 0.10000 -0.03179 
0.71701 0.10000 -0.03310 
0.70099 0.10000 -0.03442 
0.68456 0.10000 -0.03573 
0.66774 0.10000 -0.03702 
0.65058 0.10000 -0.03829 
0.63311 0.10000 -0.03952 
0.61539 0.10000 -0.04069 
0.59746 0.10000 -0.04180 
0.57937 0.10000 -0.04283 
0.56117 0.10000 -0.04376 
0.54291 0.10000 -0.04460 
0.52466 0.10000 -0.04532 
0.50646 0.10000 -0.04593 
0.48837 0.10000 -0.04642 
0.47043 0.10000 -0.04679 
0.45271 0.10000 -0.04704 
0.43525 0.10000 -0.04718 
0.41809 0.10000 -0.04722 
0.40127 0.10000 -0.04715 
0.38484 0.10000 -0.04700 
0.36882 0.10000 -0.04676 
0.35325 0.10000 -0.04646 
0.33814 0.10000 -0.04609 
0.32353 0.10000 -0.04566 
0.30943 0.10000 -0.04519 
0.29584 0.10000 -0.04467 
0.28278 0.10000 -0.04413 
0.27026 0.10000 -0.04355 
0.25827 0.10000 -0.04294 
0.24681 0.10000 -0.04232 
0.23588 0.10000 -0.04168 
0.22547 0.10000 -0.04102 
0.21557 0.10000 -0.04035 
0.20617 0.10000 -0.03967 
0.19725 0.10000 -0.03898 
0.18880 0.10000 -0.03829 
0.18081 0.10000 -0.03760 
0.17325 0.10000 -0.03691 
0.16611 0.10000 -0.03622 
0.15938 0.10000 -0.03553 
0.15304 0.10000 -0.03486 
0.14706 0.10000 -0.03419 
0.14143 0.10000 -0.03353 
0.13614 0.10000 -0.03289 
0.13116 0.10000 -0.03225 
0.12649 0.10000 -0.03164 
0.12209 0.10000 -0.03104 
0.11796 0.10000 -0.03045 
0.11409 0.10000 -0.02989 
0.11045 0.10000 -0.02934 
0.10653 0.10031 -0.03206 
0.10271 0.10070 -0.03533 
0.09906 0.10109 -0.03843 
0.09539 0.10162 -0.04235 
0.09213 0.10199 -0.04433 
0.08923 0.10223 -0.04481 
0.08654 0.10245 -0.04470 
0.08394 0.10269 -0.04453 
0.08141 0.10296 -0.04433 
0.07898 0.10326 -0.04404 
0.07664 0.10357 -0.04364 
0.07442 0.10388 -0.04310 
0.07232 0.10418 -0.04240 
0.07035 0.10445 -0.04153 
0.06852 0.10470 -0.04050 
0.06686 0.10490 -0.03931 
0.06534 0.10506 -0.03801 
0.06398 0.10518 -0.03661 
0.06277 0.10525 -0.03515 
0.06170 0.10528 -0.03365 
0.06077 0.10527 -0.03212 
0.05995 0.10522 -0.03060 
0.05923 0.10515 -0.02909 
0.05860 0.10506 -0.02760 
0.05807 0.10494 -0.02615 
0.05761 0.10480 -0.02474 
0.05724 0.10464 -0.02337 
0.05692 0.10447 -0.02204 
0.05665 0.10429 -0.02077 
0.05643 0.10411 -0.01954 
0.05625 0.10392 -0.01837 
0.05610 0.10374 -0.01725 
0.05598 0.10355 -0.01617 
0.05589 0.10337 -0.01514 
0.05582 0.10318 -0.01416 
0.05577 0.10301 -0.01323 
0.05572 0.10284 -0.01234 
0.05569 0.10268 -0.01149 
0.05565 0.10254 -0.01069 
0.05558 0.10242 -0.00994 
0.05544 0.10236 -0.00925 
0.05520 0.10236 -0.00864 
0.05493 0.10239 -0.00806 
0.05471 0.10241 -0.00747 
0.05450 0.10243 -0.00688 
0.05424 0.10249 -0.00630 
0.05397 0.10256 -0.00576 
0.05391 0.10252 -0.00519 
0.05394 0.10244 -0.00457 
0.05367 0.10253 -0.00395 
0.05337 0.10266 -0.00341 
0.05362 0.10247 -0.00292 
0.05375 0.10236 -0.00232 
0.05330 0.10259 -0.00154 
0.05370 0.10235 -0.00079 
0.05490 0.10164 -0.00027 
0.05577 0.10113 -0.00000 
0.05492 0.10163 0.00027 
0.05379 0.10229 0.00078 
0.05325 0.10262 0.00154 
0.05335 0.10259 0.00237 
0.05318 0.10272 0.00299 
0.05264 0.10308 0.00354 
0.05219 0.10338 0.00424 
0.05205 0.10352 0.00503 
0.05184 0.10372 0.00577 
0.05148 0.10400 0.00651 
0.05111 0.10429 0.00733 
0.05082 0.10455 0.00821 
0.05057 0.10480 0.00912 
0.05029 0.10507 0.01004 
0.05002 0.10535 0.01101 
0.04977 0.10563 0.01204 
0.04955 0.10591 0.01312 
0.04935 0.10617 0.01424 
0.04917 0.10645 0.01540 
0.04901 0.10672 0.01661 
0.04887 0.10699 0.01787 
0.04877 0.10726 0.01918 
0.04871 0.10752 0.02054 
0.04870 0.10776 0.02196 
0.04874 0.10800 0.02342 
0.04883 0.10822 0.02493 
0.04899 0.10842 0.02649 
0.04920 0.10861 0.02809 
0.04949 0.10877 0.02974 
0.04986 0.10892 0.03143 
0.05031 0.10903 0.03316 
0.05089 0.10911 0.03491 
0.05158 0.10914 0.03668 
0.05239 0.10912 0.03844 
0.05335 0.10906 0.04019 
0.05441 0.10897 0.04195 
0.05562 0.10882 0.04364 
0.05702 0.10861 0.04525 
0.05917 0.10799 0.04567 
0.06212 0.10695 0.04452 
0.06534 0.10579 0.04261 
0.06875 0.10457 0.03997 
0.07237 0.10326 0.03636 
0.07619 0.10189 0.03168 
0.07987 0.10066 0.02669 
0.08266 0.10000 0.02388 
0.08445 0.10000 0.02441 
0.08637 0.10000 0.02492 
0.08841 0.10000 0.02541 
0.09059 0.10000 0.02590 
0.09291 0.10000 0.02638 
0.09538 0.10000 0.02686 
0.09803 0.10000 0.02733 
0.10084 0.10000 0.02781 
0.10384 0.10000 0.02831 
0.10704 0.10000 0.02882 
0.11045 0.10000 0.02934 
0.11409 0.10000 0.02989 
0.11796 0.10000 0.03045 
0.12209 0.10000 0.03104 
0.12649 0.10000 0.03164 
0.13116 0.10000 0.03225 
0.13614 0.10000 0.03289 
0.14143 0.10000 0.03353 
0.14706 0.10000 0.03419 
0.15304 0.10000 0.03486 
0.15938 0.10000 0.03553 
0.16611 0.10000 0.03622 
0.17325 0.10000 0.03691 
0.18081 0.10000 0.03760 
0.18880 0.10000 0.03829 
0.19725 0.10000 0.03898 
0.20617 0.10000 0.03967 
0.21557 0.10000 0.04035 
0.22547 0.10000 0.04102 
0.23588 0.10000 0.04168 
0.24681 0.10000 0.04232 
0.25827 0.10000 0.04294 
0.27026 0.10000 0.04355 
0.28278 0.10000 0.04413 
0.29584 0.10000 0.04467 
0.30943 0.10000 0.04519 
0.32353 0.10000 0.04566 
0.33814 0.10000 0.04609 
0.35325 0.10000 0.04646 
0.36882 0.10000 0.04676 
0.38484 0.10000 0.04700 
0.40127 0.10000 0.04715 
0.41809 0.10000 0.04722 
0.43525 0.10000 0.04718 
0.45271 0.10000 0.04704 
0.47043 0.10000 0.04679 
0.48837 0.10000 0.04642 
0.50646 0.10000 0.04593 
0.52466 0.10000 0.04532 
0.54291 0.10000 0.04460 
0.56117 0.10000 0.04376 
0.57937 0.10000 0.04283 
0.59746 0.10000 0.04180 
0.61539 0.10000 0.04069 
0.63311 0.10000 0.03952 
0.65058 0.10000 0.03829 
0.66774 0.10000 0.03702 
0.68456 0.10000 0.03573 
0.70099 0.10000 0.03442 
0.71701 0.10000 0.03310 
0.73258 0.10000 0.03179 
0.74768 0.10000 0.03049 
0.76230 0.10000 0.02920 
0.77640 0.10000 0.02793 
0.78998 0.10000 0.02669 
0.80304 0.10000 0.02547 
0.81556 0.10000 0.02428 
0.82755 0.10000 0.02311 
0.83901 0.10000 0.02198 
0.84994 0.10000 0.02088 
0.86035 0.10000 0.01981 
0.87026 0.10000 0.01878 
0.87966 0.10000 0.01777 
0.88858 0.10000 0.01680 
0.89703 0.10000 0.01587 
0.90502 0.10000 0.01497 
0.91258 0.10000 0.01411 
0.91971 0.10000 0.01329 
0.92644 0.10000 0.01250 
0.93279 0.10000 0.01175 
0.93877 0.10000 0.01103 
0.94439 0.10000 0.01035 
0.94969 0.10000 0.00971 
0.95466 0.10000 0.00910 
0.95934 0.10000 0.00853 
0.96374 0.10000 0.00799 
0.96786 0.10000 0.00748 
0.97174 0.10000 0.00700 
0.97537 0.10000 0.00655 
0.97878 0.10000 0.00613 
0.98198 0.10000 0.00573 
0.98499 0.10000 0.00536 
0.98780 0.10000 0.00502 
0.99044 0.10000 0.00469 
0.99292 0.10000 0.00439 
0.99524 0.10000 0.00410 
0.99742 0.10000 0.00384 
0.99946 0.10000 0.00359 
1.00137 0.10000 0.00335 
1.00317 0.10000 0.00313 
1.00485 0.10000 0.00292 
1.00643 0.10000 0.00273 
1.00791 0.10000 0.00255 
1.00930 0.10000 0.00237 
1.01060 0.10000 0.00221 
1.01183 0.10000 0.00206 
1.01297 0.10000 0.00192 
1.01405 0.10000 0.00178 
1.01506 0.10000 0.00166 
1.01601 0.10000 0.00154 
1.01690 0.10000 0.00143 
1.01773 0.10000 0.00132 
1.01852 0.10000 0.00122 
1.01925 0.10000 0.00113 
1.01994 0.10000 0.00104 
1.02059 0.10000 0.00096 
1.02120 0.10000 0.00088 
1.02177 0.10000 0.00081 
1.02230 0.10000 0.00074 
1.02280 0.10000 0.00068 
1.02327 0.10000 0.00062 
1.02371 0.10000 0.00056 
1.02412 0.10000 0.00051 
1.02450 0.10000 0.00046 
1.02486 0.10000 0.00042 
1.02519 0.10000 0.00037 
1.02550 0.10000 0.00033 
1.02579 0.10000 0.00030 
1.02606 0.10000 0.00026 
1.02631 0.10000 0.00023 
1.02654 0.10000 0.00020 
1.02675 0.10000 0.00017 
1.02694 0.10000 0.00015 
1.02712 0.10000 0.00013 
1.02728 0.10000 0.00010 
1.02743 0.10000 0.00009 
1.02756 0.10000 0.00007 
1.02767 0.10000 0.00005 
1.02777 0.10000 0.00004 
1.02786 0.10000 0.00003 
1.02793 0.10000 0.00002 
1.02799 0.10000 0.00001 
1.02803 0.10000 0.00001 
1.02807 0.10000 0.00000 
1.02809 0.10000 0.00000 
1.02809 0.10000 -0.00000 

ZONE T="SLICE_Y_0p75_BINS01_KS_1mm_SINGLE_LAYER"
1.21070 0.75000 -0.00000 
1.21069 0.75000 -0.00000 
1.21068 0.75000 -0.00000 
1.21065 0.75000 -0.00001 
1.21062 0.75000 -0.00001 
1.21057 0.75000 -0.00002 
1.21051 0.75000 -0.00002 
1.21044 0.75000 -0.00003 
1.21036 0.75000 -0.00004 
1.21027 0.75000 -0.00006 
1.21016 0.75000 -0.00007 
1.21005 0.75000 -0.00008 
1.20992 0.75000 -0.00010 
1.20978 0.75000 -0.00012 
1.20962 0.75000 -0.00014 
1.20945 0.75000 -0.00016 
1.20927 0.75000 -0.00018 
1.20907 0.75000 -0.00021 
1.20886 0.75000 -0.00024 
1.20862 0.75000 -0.00027 
1.20838 0.75000 -0.00030 
1.20811 0.75000 -0.00033 
1.20782 0.75000 -0.00037 
1.20751 0.75000 -0.00041 
1.20719 0.75000 -0.00045 
1.20683 0.75000 -0.00050 
1.20646 0.75000 -0.00054 
1.20606 0.75000 -0.00059 
1.20563 0.75000 -0.00065 
1.20517 0.75000 -0.00071 
1.20469 0.75000 -0.00077 
1.20417 0.75000 -0.00083 
1.20361 0.75000 -0.00090 
1.20303 0.75000 -0.00098 
1.20240 0.75000 -0.00106 
1.20173 0.75000 -0.00114 
1.20101 0.75000 -0.00123 
1.20025 0.75000 -0.00133 
1.19944 0.75000 -0.00143 
1.19858 0.75000 -0.00154 
1.19766 0.75000 -0.00165 
1.19668 0.75000 -0.00177 
1.19564 0.75000 -0.00190 
1.19452 0.75000 -0.00204 
1.19334 0.75000 -0.00219 
1.19207 0.75000 -0.00234 
1.19072 0.75000 -0.00251 
1.18928 0.75000 -0.00269 
1.18775 0.75000 -0.00287 
1.18611 0.75000 -0.00308 
1.18437 0.75000 -0.00329 
1.18251 0.75000 -0.00352 
1.18052 0.75000 -0.00376 
1.17841 0.75000 -0.00402 
1.17615 0.75000 -0.00430 
1.17374 0.75000 -0.00459 
1.17118 0.75000 -0.00491 
1.16844 0.75000 -0.00525 
1.16553 0.75000 -0.00561 
1.16243 0.75000 -0.00599 
1.15912 0.75000 -0.00640 
1.15560 0.75000 -0.00684 
1.15185 0.75000 -0.00730 
1.14786 0.75000 -0.00778 
1.14362 0.75000 -0.00830 
1.13911 0.75000 -0.00884 
1.13432 0.75000 -0.00942 
1.12923 0.75000 -0.01002 
1.12384 0.75000 -0.01065 
1.11812 0.75000 -0.01131 
1.11206 0.75000 -0.01200 
1.10565 0.75000 -0.01272 
1.09888 0.75000 -0.01347 
1.09174 0.75000 -0.01424 
1.08420 0.75000 -0.01505 
1.07626 0.75000 -0.01588 
1.06792 0.75000 -0.01674 
1.05916 0.75000 -0.01762 
1.04998 0.75000 -0.01853 
1.04037 0.75000 -0.01946 
1.03033 0.75000 -0.02041 
1.01986 0.75000 -0.02139 
1.00898 0.75000 -0.02239 
0.99767 0.75000 -0.02340 
0.98596 0.75000 -0.02443 
0.97386 0.75000 -0.02548 
0.96138 0.75000 -0.02653 
0.94854 0.75000 -0.02759 
0.93537 0.75000 -0.02864 
0.92189 0.75000 -0.02967 
0.90814 0.75000 -0.03069 
0.89414 0.75000 -0.03167 
0.87994 0.75000 -0.03261 
0.86556 0.75000 -0.03350 
0.85106 0.75000 -0.03432 
0.83648 0.75000 -0.03507 
0.82185 0.75000 -0.03574 
0.80722 0.75000 -0.03632 
0.79263 0.75000 -0.03681 
0.77813 0.75000 -0.03720 
0.76376 0.75000 -0.03750 
0.74955 0.75000 -0.03770 
0.73556 0.75000 -0.03782 
0.72180 0.75000 -0.03784 
0.70833 0.75000 -0.03779 
0.69516 0.75000 -0.03767 
0.68232 0.75000 -0.03748 
0.66984 0.75000 -0.03723 
0.65773 0.75000 -0.03694 
0.64602 0.75000 -0.03660 
0.63472 0.75000 -0.03622 
0.62383 0.75000 -0.03580 
0.61337 0.75000 -0.03536 
0.60333 0.75000 -0.03490 
0.59372 0.75000 -0.03442 
0.58454 0.75000 -0.03392 
0.57578 0.75000 -0.03340 
0.56743 0.75000 -0.03287 
0.55950 0.75000 -0.03234 
0.55196 0.75000 -0.03179 
0.54481 0.75000 -0.03124 
0.53804 0.75000 -0.03069 
0.53163 0.75000 -0.03013 
0.52558 0.75000 -0.02958 
0.51986 0.75000 -0.02903 
0.51446 0.75000 -0.02848 
0.50938 0.75000 -0.02794 
0.50459 0.75000 -0.02740 
0.49942 0.75042 -0.03235 
0.49424 0.75101 -0.03920 
0.48967 0.75138 -0.04270 
0.48567 0.75153 -0.04344 
0.48204 0.75159 -0.04313 
0.47863 0.75164 -0.04275 
0.47543 0.75170 -0.04239 
0.47243 0.75175 -0.04206 
0.46959 0.75181 -0.04176 
0.46691 0.75188 -0.04153 
0.46435 0.75196 -0.04135 
0.46190 0.75207 -0.04118 
0.45954 0.75222 -0.04104 
0.45724 0.75239 -0.04091 
0.45502 0.75260 -0.04076 
0.45285 0.75284 -0.04057 
0.45075 0.75311 -0.04033 
0.44872 0.75339 -0.03999 
0.44677 0.75368 -0.03953 
0.44491 0.75397 -0.03894 
0.44316 0.75424 -0.03818 
0.44154 0.75449 -0.03727 
0.44005 0.75470 -0.03620 
0.43870 0.75487 -0.03500 
0.43748 0.75500 -0.03371 
0.43640 0.75509 -0.03237 
0.43544 0.75514 -0.03097 
0.43460 0.75515 -0.02955 
0.43388 0.75512 -0.02813 
0.43326 0.75507 -0.02672 
0.43271 0.75499 -0.02534 
0.43225 0.75489 -0.02399 
0.43186 0.75477 -0.02267 
0.43154 0.75464 -0.02140 
0.43128 0.75448 -0.02017 
0.43107 0.75432 -0.01899 
0.43089 0.75416 -0.01786 
0.43076 0.75399 -0.01678 
0.43065 0.75382 -0.01575 
0.43056 0.75365 -0.01477 
0.43050 0.75348 -0.01383 
0.43045 0.75332 -0.01294 
0.43041 0.75316 -0.01210 
0.43038 0.75301 -0.01130 
0.43036 0.75287 -0.01054 
0.43034 0.75273 -0.00982 
0.43032 0.75261 -0.00913 
0.43027 0.75252 -0.00849 
0.43018 0.75245 -0.00789 
0.43002 0.75244 -0.00735 
0.42981 0.75246 -0.00686 
0.42964 0.75247 -0.00636 
0.42948 0.75248 -0.00585 
0.42926 0.75254 -0.00536 
0.42901 0.75261 -0.00491 
0.42903 0.75254 -0.00441 
0.42912 0.75244 -0.00386 
0.42881 0.75257 -0.00335 
0.42861 0.75264 -0.00289 
0.42893 0.75243 -0.00247 
0.42900 0.75235 -0.00196 
0.42849 0.75263 -0.00130 
0.42866 0.75251 -0.00068 
0.42986 0.75182 -0.00026 
0.43077 0.75129 0.00000 
0.42991 0.75179 0.00026 
0.42860 0.75255 0.00069 
0.42744 0.75323 0.00136 
0.42689 0.75357 0.00222 
0.42668 0.75372 0.00285 
0.42627 0.75399 0.00330 
0.42577 0.75432 0.00395 
0.42540 0.75458 0.00477 
0.42502 0.75485 0.00553 
0.42457 0.75517 0.00624 
0.42418 0.75547 0.00702 
0.42384 0.75574 0.00789 
0.42350 0.75602 0.00880 
0.42312 0.75632 0.00973 
0.42276 0.75663 0.01069 
0.42244 0.75692 0.01170 
0.42216 0.75720 0.01277 
0.42189 0.75748 0.01388 
0.42163 0.75777 0.01504 
0.42139 0.75805 0.01624 
0.42119 0.75833 0.01749 
0.42102 0.75859 0.01879 
0.42089 0.75885 0.02013 
0.42080 0.75909 0.02153 
0.42076 0.75932 0.02298 
0.42078 0.75953 0.02448 
0.42085 0.75972 0.02602 
0.42099 0.75990 0.02760 
0.42119 0.76004 0.02923 
0.42147 0.76017 0.03089 
0.42184 0.76026 0.03259 
0.42232 0.76031 0.03431 
0.42291 0.76032 0.03605 
0.42362 0.76028 0.03779 
0.42446 0.76019 0.03951 
0.42541 0.76006 0.04122 
0.42649 0.75988 0.04290 
0.42775 0.75963 0.04448 
0.42920 0.75929 0.04590 
0.43085 0.75888 0.04712 
0.43269 0.75839 0.04809 
0.43487 0.75774 0.04838 
0.43745 0.75690 0.04768 
0.44025 0.75596 0.04624 
0.44317 0.75500 0.04418 
0.44621 0.75402 0.04136 
0.44942 0.75297 0.03746 
0.45295 0.75179 0.03171 
0.45649 0.75065 0.02502 
0.45933 0.75000 0.02076 
0.46119 0.75000 0.02114 
0.46317 0.75000 0.02152 
0.46529 0.75000 0.02191 
0.46754 0.75000 0.02229 
0.46995 0.75000 0.02269 
0.47252 0.75000 0.02310 
0.47525 0.75000 0.02352 
0.47816 0.75000 0.02395 
0.48127 0.75000 0.02441 
0.48458 0.75000 0.02488 
0.48810 0.75000 0.02536 
0.49185 0.75000 0.02585 
0.49584 0.75000 0.02636 
0.50008 0.75000 0.02687 
0.50459 0.75000 0.02740 
0.50938 0.75000 0.02794 
0.51446 0.75000 0.02848 
0.51986 0.75000 0.02903 
0.52558 0.75000 0.02958 
0.53163 0.75000 0.03013 
0.53804 0.75000 0.03069 
0.54481 0.75000 0.03124 
0.55196 0.75000 0.03179 
0.55950 0.75000 0.03234 
0.56743 0.75000 0.03287 
0.57578 0.75000 0.03340 
0.58454 0.75000 0.03392 
0.59372 0.75000 0.03442 
0.60333 0.75000 0.03490 
0.61337 0.75000 0.03536 
0.62383 0.75000 0.03580 
0.63472 0.75000 0.03622 
0.64602 0.75000 0.03660 
0.65773 0.75000 0.03694 
0.66984 0.75000 0.03723 
0.68232 0.75000 0.03748 
0.69516 0.75000 0.03767 
0.70833 0.75000 0.03779 
0.72180 0.75000 0.03784 
0.73556 0.75000 0.03782 
0.74955 0.75000 0.03770 
0.76376 0.75000 0.03750 
0.77813 0.75000 0.03720 
0.79263 0.75000 0.03681 
0.80722 0.75000 0.03632 
0.82185 0.75000 0.03574 
0.83648 0.75000 0.03507 
0.85106 0.75000 0.03432 
0.86556 0.75000 0.03350 
0.87994 0.75000 0.03261 
0.89414 0.75000 0.03167 
0.90814 0.75000 0.03069 
0.92189 0.75000 0.02967 
0.93537 0.75000 0.02864 
0.94854 0.75000 0.02759 
0.96138 0.75000 0.02653 
0.97386 0.75000 0.02548 
0.98596 0.75000 0.02443 
0.99767 0.75000 0.02340 
1.00898 0.75000 0.02239 
1.01986 0.75000 0.02139 
1.03033 0.75000 0.02041 
1.04037 0.75000 0.01946 
1.04998 0.75000 0.01853 
1.05916 0.75000 0.01762 
1.06792 0.75000 0.01674 
1.07626 0.75000 0.01588 
1.08420 0.75000 0.01505 
1.09174 0.75000 0.01424 
1.09888 0.75000 0.01347 
1.10565 0.75000 0.01272 
1.11206 0.75000 0.01200 
1.11812 0.75000 0.01131 
1.12384 0.75000 0.01065 
1.12923 0.75000 0.01002 
1.13432 0.75000 0.00942 
1.13911 0.75000 0.00884 
1.14362 0.75000 0.00830 
1.14786 0.75000 0.00778 
1.15185 0.75000 0.00730 
1.15560 0.75000 0.00684 
1.15912 0.75000 0.00640 
1.16243 0.75000 0.00599 
1.16553 0.75000 0.00561 
1.16844 0.75000 0.00525 
1.17118 0.75000 0.00491 
1.17374 0.75000 0.00459 
1.17615 0.75000 0.00430 
1.17841 0.75000 0.00402 
1.18052 0.75000 0.00376 
1.18251 0.75000 0.00352 
1.18437 0.75000 0.00329 
1.18611 0.75000 0.00308 
1.18775 0.75000 0.00287 
1.18928 0.75000 0.00269 
1.19072 0.75000 0.00251 
1.19207 0.75000 0.00234 
1.19334 0.75000 0.00219 
1.19452 0.75000 0.00204 
1.19564 0.75000 0.00190 
1.19668 0.75000 0.00177 
1.19766 0.75000 0.00165 
1.19858 0.75000 0.00154 
1.19944 0.75000 0.00143 
1.20025 0.75000 0.00133 
1.20101 0.75000 0.00123 
1.20173 0.75000 0.00114 
1.20240 0.75000 0.00106 
1.20303 0.75000 0.00098 
1.20361 0.75000 0.00090 
1.20417 0.75000 0.00083 
1.20469 0.75000 0.00077 
1.20517 0.75000 0.00071 
1.20563 0.75000 0.00065 
1.20606 0.75000 0.00059 
1.20646 0.75000 0.00054 
1.20683 0.75000 0.00050 
1.20719 0.75000 0.00045 
1.20751 0.75000 0.00041 
1.20782 0.75000 0.00037 
1.20811 0.75000 0.00033 
1.20838 0.75000 0.00030 
1.20862 0.75000 0.00027 
1.20886 0.75000 0.00024 
1.20907 0.75000 0.00021 
1.20927 0.75000 0.00018 
1.20945 0.75000 0.00016 
1.20962 0.75000 0.00014 
1.20978 0.75000 0.00012 
1.20992 0.75000 0.00010 
1.21005 0.75000 0.00008 
1.21016 0.75000 0.00007 
1.21027 0.75000 0.00006 
1.21036 0.75000 0.00004 
1.21044 0.75000 0.00003 
1.21051 0.75000 0.00002 
1.21057 0.75000 0.00002 
1.21062 0.75000 0.00001 
1.21065 0.75000 0.00001 
1.21068 0.75000 0.00000 
1.21069 0.75000 0.00000 
1.21070 0.75000 -0.00000 

ZONE T="SLICE_Y_1p4_BINS01_KS_1mm_SINGLE_LAYER"
1.39331 1.40000 0.00000 
1.39330 1.40000 -0.00000 
1.39329 1.40000 -0.00000 
1.39327 1.40000 -0.00000 
1.39324 1.40000 -0.00001 
1.39321 1.40000 -0.00001 
1.39316 1.40000 -0.00002 
1.39311 1.40000 -0.00002 
1.39305 1.40000 -0.00003 
1.39298 1.40000 -0.00004 
1.39290 1.40000 -0.00005 
1.39282 1.40000 -0.00006 
1.39272 1.40000 -0.00008 
1.39261 1.40000 -0.00009 
1.39250 1.40000 -0.00010 
1.39237 1.40000 -0.00012 
1.39223 1.40000 -0.00014 
1.39208 1.40000 -0.00016 
1.39192 1.40000 -0.00018 
1.39174 1.40000 -0.00020 
1.39156 1.40000 -0.00022 
1.39136 1.40000 -0.00025 
1.39114 1.40000 -0.00028 
1.39091 1.40000 -0.00031 
1.39066 1.40000 -0.00034 
1.39040 1.40000 -0.00037 
1.39011 1.40000 -0.00041 
1.38981 1.40000 -0.00045 
1.38949 1.40000 -0.00049 
1.38915 1.40000 -0.00053 
1.38878 1.40000 -0.00058 
1.38839 1.40000 -0.00063 
1.38798 1.40000 -0.00068 
1.38753 1.40000 -0.00074 
1.38706 1.40000 -0.00080 
1.38656 1.40000 -0.00086 
1.38602 1.40000 -0.00093 
1.38545 1.40000 -0.00100 
1.38484 1.40000 -0.00107 
1.38419 1.40000 -0.00116 
1.38350 1.40000 -0.00124 
1.38276 1.40000 -0.00133 
1.38197 1.40000 -0.00143 
1.38114 1.40000 -0.00154 
1.38024 1.40000 -0.00165 
1.37929 1.40000 -0.00176 
1.37828 1.40000 -0.00189 
1.37719 1.40000 -0.00202 
1.37604 1.40000 -0.00216 
1.37481 1.40000 -0.00231 
1.37350 1.40000 -0.00247 
1.37210 1.40000 -0.00265 
1.37060 1.40000 -0.00283 
1.36901 1.40000 -0.00302 
1.36731 1.40000 -0.00323 
1.36550 1.40000 -0.00346 
1.36358 1.40000 -0.00369 
1.36152 1.40000 -0.00395 
1.35933 1.40000 -0.00422 
1.35699 1.40000 -0.00451 
1.35450 1.40000 -0.00482 
1.35185 1.40000 -0.00514 
1.34903 1.40000 -0.00549 
1.34603 1.40000 -0.00586 
1.34284 1.40000 -0.00624 
1.33945 1.40000 -0.00665 
1.33584 1.40000 -0.00708 
1.33202 1.40000 -0.00754 
1.32796 1.40000 -0.00801 
1.32366 1.40000 -0.00851 
1.31910 1.40000 -0.00903 
1.31428 1.40000 -0.00957 
1.30919 1.40000 -0.01013 
1.30381 1.40000 -0.01072 
1.29814 1.40000 -0.01132 
1.29217 1.40000 -0.01195 
1.28590 1.40000 -0.01259 
1.27930 1.40000 -0.01325 
1.27240 1.40000 -0.01394 
1.26517 1.40000 -0.01464 
1.25762 1.40000 -0.01536 
1.24975 1.40000 -0.01609 
1.24155 1.40000 -0.01684 
1.23305 1.40000 -0.01760 
1.22424 1.40000 -0.01838 
1.21514 1.40000 -0.01917 
1.20575 1.40000 -0.01996 
1.19609 1.40000 -0.02075 
1.18618 1.40000 -0.02154 
1.17604 1.40000 -0.02232 
1.16569 1.40000 -0.02309 
1.15517 1.40000 -0.02383 
1.14448 1.40000 -0.02453 
1.13367 1.40000 -0.02520 
1.12276 1.40000 -0.02582 
1.11179 1.40000 -0.02639 
1.10078 1.40000 -0.02689 
1.08978 1.40000 -0.02732 
1.07880 1.40000 -0.02769 
1.06789 1.40000 -0.02799 
1.05708 1.40000 -0.02821 
1.04640 1.40000 -0.02836 
1.03587 1.40000 -0.02845 
1.02552 1.40000 -0.02847 
1.01538 1.40000 -0.02843 
1.00547 1.40000 -0.02834 
0.99582 1.40000 -0.02819 
0.98643 1.40000 -0.02801 
0.97732 1.40000 -0.02779 
0.96851 1.40000 -0.02753 
0.96001 1.40000 -0.02724 
0.95182 1.40000 -0.02693 
0.94395 1.40000 -0.02660 
0.93639 1.40000 -0.02626 
0.92917 1.40000 -0.02589 
0.92226 1.40000 -0.02551 
0.91567 1.40000 -0.02513 
0.90939 1.40000 -0.02473 
0.90342 1.40000 -0.02433 
0.89775 1.40000 -0.02392 
0.89237 1.40000 -0.02350 
0.88728 1.40000 -0.02309 
0.88246 1.40000 -0.02267 
0.87790 1.40000 -0.02225 
0.87360 1.40000 -0.02184 
0.86954 1.40000 -0.02142 
0.86572 1.40000 -0.02102 
0.86187 1.40016 -0.02275 
0.85767 1.40067 -0.02900 
0.85358 1.40124 -0.03554 
0.85003 1.40158 -0.03876 
0.84693 1.40175 -0.03980 
0.84413 1.40183 -0.03976 
0.84152 1.40190 -0.03957 
0.83907 1.40197 -0.03939 
0.83677 1.40203 -0.03922 
0.83460 1.40210 -0.03904 
0.83253 1.40217 -0.03888 
0.83056 1.40226 -0.03873 
0.82867 1.40237 -0.03854 
0.82683 1.40252 -0.03833 
0.82503 1.40269 -0.03812 
0.82327 1.40290 -0.03789 
0.82153 1.40314 -0.03762 
0.81983 1.40340 -0.03731 
0.81818 1.40369 -0.03692 
0.81658 1.40398 -0.03643 
0.81505 1.40427 -0.03581 
0.81363 1.40454 -0.03502 
0.81231 1.40478 -0.03408 
0.81111 1.40498 -0.03300 
0.81004 1.40514 -0.03181 
0.80906 1.40527 -0.03056 
0.80821 1.40535 -0.02926 
0.80746 1.40540 -0.02793 
0.80682 1.40542 -0.02659 
0.80627 1.40540 -0.02526 
0.80581 1.40535 -0.02395 
0.80541 1.40528 -0.02266 
0.80509 1.40519 -0.02141 
0.80483 1.40508 -0.02020 
0.80463 1.40496 -0.01902 
0.80448 1.40482 -0.01789 
0.80437 1.40466 -0.01681 
0.80429 1.40451 -0.01578 
0.80424 1.40435 -0.01479 
0.80422 1.40419 -0.01386 
0.80421 1.40402 -0.01296 
0.80422 1.40386 -0.01212 
0.80425 1.40371 -0.01131 
0.80428 1.40356 -0.01055 
0.80432 1.40341 -0.00983 
0.80435 1.40327 -0.00915 
0.80439 1.40314 -0.00851 
0.80442 1.40302 -0.00790 
0.80443 1.40292 -0.00732 
0.80444 1.40283 -0.00678 
0.80445 1.40274 -0.00625 
0.80447 1.40266 -0.00576 
0.80448 1.40258 -0.00528 
0.80444 1.40255 -0.00482 
0.80428 1.40258 -0.00441 
0.80414 1.40261 -0.00403 
0.80425 1.40250 -0.00360 
0.80432 1.40242 -0.00315 
0.80421 1.40245 -0.00270 
0.80384 1.40263 -0.00237 
0.80409 1.40247 -0.00205 
0.80447 1.40223 -0.00157 
0.80370 1.40265 -0.00105 
0.80411 1.40240 -0.00055 
0.80548 1.40161 -0.00021 
0.80629 1.40114 0.00000 
0.80547 1.40161 0.00021 
0.80420 1.40235 0.00055 
0.80298 1.40307 0.00110 
0.80230 1.40348 0.00183 
0.80194 1.40370 0.00241 
0.80142 1.40403 0.00280 
0.80099 1.40431 0.00333 
0.80073 1.40449 0.00402 
0.80040 1.40473 0.00468 
0.79994 1.40503 0.00529 
0.79951 1.40533 0.00598 
0.79917 1.40559 0.00673 
0.79886 1.40583 0.00752 
0.79851 1.40610 0.00831 
0.79815 1.40638 0.00915 
0.79782 1.40665 0.01004 
0.79752 1.40692 0.01098 
0.79724 1.40717 0.01195 
0.79697 1.40743 0.01296 
0.79672 1.40768 0.01401 
0.79648 1.40794 0.01510 
0.79628 1.40818 0.01625 
0.79611 1.40842 0.01744 
0.79597 1.40864 0.01867 
0.79588 1.40885 0.01995 
0.79583 1.40904 0.02128 
0.79582 1.40923 0.02265 
0.79587 1.40939 0.02406 
0.79598 1.40953 0.02551 
0.79614 1.40965 0.02700 
0.79638 1.40974 0.02853 
0.79672 1.40979 0.03008 
0.79715 1.40980 0.03165 
0.79769 1.40977 0.03324 
0.79832 1.40970 0.03483 
0.79906 1.40959 0.03639 
0.79992 1.40944 0.03794 
0.80091 1.40923 0.03944 
0.80205 1.40895 0.04084 
0.80338 1.40859 0.04205 
0.80492 1.40814 0.04294 
0.80683 1.40749 0.04307 
0.80906 1.40669 0.04236 
0.81141 1.40585 0.04117 
0.81381 1.40500 0.03955 
0.81629 1.40415 0.03738 
0.81885 1.40329 0.03450 
0.82155 1.40238 0.03057 
0.82457 1.40131 0.02466 
0.82742 1.40039 0.01860 
0.82947 1.40000 0.01591 
0.83096 1.40000 0.01619 
0.83255 1.40000 0.01648 
0.83425 1.40000 0.01677 
0.83606 1.40000 0.01707 
0.83799 1.40000 0.01737 
0.84004 1.40000 0.01769 
0.84224 1.40000 0.01802 
0.84457 1.40000 0.01836 
0.84706 1.40000 0.01871 
0.84971 1.40000 0.01908 
0.85253 1.40000 0.01945 
0.85553 1.40000 0.01983 
0.85872 1.40000 0.02022 
0.86212 1.40000 0.02061 
0.86572 1.40000 0.02102 
0.86954 1.40000 0.02142 
0.87360 1.40000 0.02184 
0.87790 1.40000 0.02225 
0.88246 1.40000 0.02267 
0.88728 1.40000 0.02309 
0.89237 1.40000 0.02350 
0.89775 1.40000 0.02392 
0.90342 1.40000 0.02433 
0.90939 1.40000 0.02473 
0.91567 1.40000 0.02513 
0.92226 1.40000 0.02551 
0.92917 1.40000 0.02589 
0.93639 1.40000 0.02626 
0.94395 1.40000 0.02660 
0.95182 1.40000 0.02693 
0.96001 1.40000 0.02724 
0.96851 1.40000 0.02753 
0.97732 1.40000 0.02779 
0.98643 1.40000 0.02801 
0.99582 1.40000 0.02819 
1.00547 1.40000 0.02834 
1.01538 1.40000 0.02843 
1.02552 1.40000 0.02847 
1.03587 1.40000 0.02845 
1.04640 1.40000 0.02836 
1.05708 1.40000 0.02821 
1.06789 1.40000 0.02799 
1.07880 1.40000 0.02769 
1.08978 1.40000 0.02732 
1.10078 1.40000 0.02689 
1.11179 1.40000 0.02639 
1.12276 1.40000 0.02582 
1.13367 1.40000 0.02520 
1.14448 1.40000 0.02453 
1.15517 1.40000 0.02383 
1.16569 1.40000 0.02309 
1.17604 1.40000 0.02232 
1.18618 1.40000 0.02154 
1.19609 1.40000 0.02075 
1.20575 1.40000 0.01996 
1.21514 1.40000 0.01917 
1.22424 1.40000 0.01838 
1.23305 1.40000 0.01760 
1.24155 1.40000 0.01684 
1.24975 1.40000 0.01609 
1.25762 1.40000 0.01536 
1.26517 1.40000 0.01464 
1.27240 1.40000 0.01394 
1.27930 1.40000 0.01325 
1.28590 1.40000 0.01259 
1.29217 1.40000 0.01195 
1.29814 1.40000 0.01132 
1.30381 1.40000 0.01072 
1.30919 1.40000 0.01013 
1.31428 1.40000 0.00957 
1.31910 1.40000 0.00903 
1.32366 1.40000 0.00851 
1.32796 1.40000 0.00801 
1.33202 1.40000 0.00754 
1.33584 1.40000 0.00708 
1.33945 1.40000 0.00665 
1.34284 1.40000 0.00624 
1.34603 1.40000 0.00586 
1.34903 1.40000 0.00549 
1.35185 1.40000 0.00514 
1.35450 1.40000 0.00482 
1.35699 1.40000 0.00451 
1.35933 1.40000 0.00422 
1.36152 1.40000 0.00395 
1.36358 1.40000 0.00369 
1.36550 1.40000 0.00346 
1.36731 1.40000 0.00323 
1.36901 1.40000 0.00302 
1.37060 1.40000 0.00283 
1.37210 1.40000 0.00265 
1.37350 1.40000 0.00247 
1.37481 1.40000 0.00231 
1.37604 1.40000 0.00216 
1.37719 1.40000 0.00202 
1.37828 1.40000 0.00189 
1.37929 1.40000 0.00176 
1.38024 1.40000 0.00165 
1.38114 1.40000 0.00154 
1.38197 1.40000 0.00143 
1.38276 1.40000 0.00133 
1.38350 1.40000 0.00124 
1.38419 1.40000 0.00116 
1.38484 1.40000 0.00107 
1.38545 1.40000 0.00100 
1.38602 1.40000 0.00093 
1.38656 1.40000 0.00086 
1.38706 1.40000 0.00080 
1.38753 1.40000 0.00074 
1.38798 1.40000 0.00068 
1.38839 1.40000 0.00063 
1.38878 1.40000 0.00058 
1.38915 1.40000 0.00053 
1.38949 1.40000 0.00049 
1.38981 1.40000 0.00045 
1.39011 1.40000 0.00041 
1.39040 1.40000 0.00037 
1.39066 1.40000 0.00034 
1.39091 1.40000 0.00031 
1.39114 1.40000 0.00028 
1.39136 1.40000 0.00025 
1.39156 1.40000 0.00022 
1.39174 1.40000 0.00020 
1.39192 1.40000 0.00018 
1.39208 1.40000 0.00016 
1.39223 1.40000 0.00014 
1.39237 1.40000 0.00012 
1.39250 1.40000 0.00010 
1.39261 1.40000 0.00009 
1.39272 1.40000 0.00008 
1.39282 1.40000 0.00006 
1.39290 1.40000 0.00005 
1.39298 1.40000 0.00004 
1.39305 1.40000 0.00003 
1.39311 1.40000 0.00002 
1.39316 1.40000 0.00002 
1.39321 1.40000 0.00001 
1.39324 1.40000 0.00001 
1.39327 1.40000 0.00000 
1.39329 1.40000 0.00000 
1.39330 1.40000 0.00000 
1.39331 1.40000 0.00000 

ZONE T="SLICE_Y_0p1_BINS03_KS_1mm_SINGLE_LAYER"
1.02809 0.10000 -0.00000 
1.02809 0.10000 -0.00000 
1.02807 0.10000 -0.00000 
1.02803 0.10000 -0.00001 
1.02799 0.10000 -0.00001 
1.02793 0.10000 -0.00002 
1.02786 0.10000 -0.00003 
1.02777 0.10000 -0.00004 
1.02767 0.10000 -0.00005 
1.02756 0.10000 -0.00007 
1.02743 0.10000 -0.00009 
1.02728 0.10000 -0.00010 
1.02712 0.10000 -0.00013 
1.02694 0.10000 -0.00015 
1.02675 0.10000 -0.00017 
1.02654 0.10000 -0.00020 
1.02631 0.10000 -0.00023 
1.02606 0.10000 -0.00026 
1.02579 0.10000 -0.00030 
1.02550 0.10000 -0.00033 
1.02519 0.10000 -0.00037 
1.02486 0.10000 -0.00042 
1.02450 0.10000 -0.00046 
1.02412 0.10000 -0.00051 
1.02371 0.10000 -0.00056 
1.02327 0.10000 -0.00062 
1.02280 0.10000 -0.00068 
1.02230 0.10000 -0.00074 
1.02177 0.10000 -0.00081 
1.02120 0.10000 -0.00088 
1.02059 0.10000 -0.00096 
1.01994 0.10000 -0.00104 
1.01925 0.10000 -0.00113 
1.01852 0.10000 -0.00122 
1.01773 0.10000 -0.00132 
1.01690 0.10000 -0.00143 
1.01601 0.10000 -0.00154 
1.01506 0.10000 -0.00166 
1.01405 0.10000 -0.00178 
1.01297 0.10000 -0.00192 
1.01183 0.10000 -0.00206 
1.01060 0.10000 -0.00221 
1.00930 0.10000 -0.00237 
1.00791 0.10000 -0.00255 
1.00643 0.10000 -0.00273 
1.00485 0.10000 -0.00292 
1.00317 0.10000 -0.00313 
1.00137 0.10000 -0.00335 
0.99946 0.10000 -0.00359 
0.99742 0.10000 -0.00384 
0.99524 0.10000 -0.00410 
0.99292 0.10000 -0.00439 
0.99044 0.10000 -0.00469 
0.98780 0.10000 -0.00502 
0.98499 0.10000 -0.00536 
0.98198 0.10000 -0.00573 
0.97878 0.10000 -0.00613 
0.97537 0.10000 -0.00655 
0.97174 0.10000 -0.00700 
0.96786 0.10000 -0.00748 
0.96374 0.10000 -0.00799 
0.95934 0.10000 -0.00853 
0.95466 0.10000 -0.00910 
0.94969 0.10000 -0.00971 
0.94439 0.10000 -0.01035 
0.93877 0.10000 -0.01103 
0.93279 0.10000 -0.01175 
0.92644 0.10000 -0.01250 
0.91971 0.10000 -0.01329 
0.91258 0.10000 -0.01411 
0.90502 0.10000 -0.01497 
0.89703 0.10000 -0.01587 
0.88858 0.10000 -0.01680 
0.87966 0.10000 -0.01777 
0.87026 0.10000 -0.01878 
0.86035 0.10000 -0.01981 
0.84994 0.10000 -0.02088 
0.83901 0.10000 -0.02198 
0.82755 0.10000 -0.02311 
0.81556 0.10000 -0.02428 
0.80304 0.10000 -0.02547 
0.78998 0.10000 -0.02669 
0.77640 0.10000 -0.02793 
0.76230 0.10000 -0.02920 
0.74768 0.10000 -0.03049 
0.73258 0.10000 -0.03179 
0.71701 0.10000 -0.03310 
0.70099 0.10000 -0.03442 
0.68456 0.10000 -0.03573 
0.66774 0.10000 -0.03702 
0.65058 0.10000 -0.03829 
0.63311 0.10000 -0.03952 
0.61539 0.10000 -0.04069 
0.59746 0.10000 -0.04180 
0.57937 0.10000 -0.04283 
0.56117 0.10000 -0.04376 
0.54291 0.10000 -0.04460 
0.52466 0.10000 -0.04532 
0.50646 0.10000 -0.04593 
0.48837 0.10000 -0.04642 
0.47043 0.10000 -0.04679 
0.45271 0.10000 -0.04704 
0.43525 0.10000 -0.04718 
0.41809 0.10000 -0.04722 
0.40127 0.10000 -0.04715 
0.38484 0.10000 -0.04700 
0.36882 0.10000 -0.04676 
0.35325 0.10000 -0.04646 
0.33814 0.10000 -0.04609 
0.32353 0.10000 -0.04566 
0.30943 0.10000 -0.04519 
0.29584 0.10000 -0.04467 
0.28278 0.10000 -0.04413 
0.27026 0.10000 -0.04355 
0.25827 0.10000 -0.04294 
0.24681 0.10000 -0.04232 
0.23588 0.10000 -0.04168 
0.22547 0.10000 -0.04102 
0.21557 0.10000 -0.04035 
0.20617 0.10000 -0.03967 
0.19725 0.10000 -0.03898 
0.18880 0.10000 -0.03829 
0.18081 0.10000 -0.03760 
0.17325 0.10000 -0.03691 
0.16611 0.10000 -0.03622 
0.15938 0.10000 -0.03553 
0.15304 0.10000 -0.03486 
0.14706 0.10000 -0.03419 
0.14143 0.10000 -0.03353 
0.13614 0.10000 -0.03289 
0.13116 0.10000 -0.03225 
0.12649 0.10000 -0.03164 
0.12209 0.10000 -0.03104 
0.11796 0.10000 -0.03045 
0.11409 0.10000 -0.02989 
0.11045 0.10000 -0.02934 
0.10660 0.10028 -0.03167 
0.10283 0.10063 -0.03458 
0.09916 0.10103 -0.03783 
0.09545 0.10158 -0.04202 
0.09215 0.10197 -0.04421 
0.08923 0.10223 -0.04484 
0.08652 0.10245 -0.04477 
0.08392 0.10270 -0.04459 
0.08140 0.10297 -0.04437 
0.07898 0.10326 -0.04406 
0.07665 0.10357 -0.04363 
0.07443 0.10387 -0.04306 
0.07234 0.10416 -0.04232 
0.07038 0.10443 -0.04144 
0.06856 0.10468 -0.04041 
0.06689 0.10488 -0.03923 
0.06538 0.10504 -0.03793 
0.06402 0.10516 -0.03655 
0.06281 0.10523 -0.03509 
0.06174 0.10526 -0.03359 
0.06080 0.10525 -0.03207 
0.05999 0.10520 -0.03054 
0.05927 0.10513 -0.02903 
0.05865 0.10503 -0.02755 
0.05811 0.10491 -0.02610 
0.05766 0.10477 -0.02469 
0.05728 0.10461 -0.02332 
0.05696 0.10444 -0.02200 
0.05670 0.10427 -0.02072 
0.05648 0.10408 -0.01950 
0.05630 0.10389 -0.01833 
0.05615 0.10371 -0.01721 
0.05603 0.10352 -0.01614 
0.05594 0.10334 -0.01511 
0.05587 0.10315 -0.01413 
0.05582 0.10298 -0.01319 
0.05578 0.10281 -0.01230 
0.05574 0.10265 -0.01146 
0.05570 0.10250 -0.01066 
0.05563 0.10239 -0.00991 
0.05549 0.10233 -0.00922 
0.05526 0.10233 -0.00861 
0.05499 0.10236 -0.00803 
0.05477 0.10238 -0.00745 
0.05456 0.10240 -0.00686 
0.05430 0.10245 -0.00628 
0.05403 0.10252 -0.00574 
0.05397 0.10248 -0.00517 
0.05399 0.10241 -0.00456 
0.05372 0.10250 -0.00394 
0.05343 0.10262 -0.00340 
0.05366 0.10244 -0.00291 
0.05379 0.10234 -0.00232 
0.05335 0.10256 -0.00154 
0.05373 0.10233 -0.00079 
0.05492 0.10163 -0.00027 
0.05578 0.10113 -0.00000 
0.05494 0.10162 0.00027 
0.05382 0.10227 0.00078 
0.05331 0.10259 0.00154 
0.05340 0.10256 0.00237 
0.05323 0.10270 0.00298 
0.05268 0.10305 0.00353 
0.05225 0.10335 0.00423 
0.05210 0.10349 0.00501 
0.05189 0.10369 0.00576 
0.05153 0.10397 0.00649 
0.05116 0.10426 0.00731 
0.05087 0.10452 0.00819 
0.05062 0.10477 0.00910 
0.05035 0.10504 0.01002 
0.05007 0.10532 0.01099 
0.04982 0.10560 0.01202 
0.04960 0.10588 0.01309 
0.04940 0.10614 0.01421 
0.04922 0.10642 0.01537 
0.04906 0.10669 0.01658 
0.04892 0.10697 0.01784 
0.04882 0.10723 0.01915 
0.04876 0.10749 0.02051 
0.04875 0.10774 0.02192 
0.04878 0.10797 0.02338 
0.04888 0.10819 0.02489 
0.04903 0.10839 0.02645 
0.04925 0.10858 0.02805 
0.04954 0.10875 0.02970 
0.04990 0.10889 0.03138 
0.05036 0.10901 0.03311 
0.05093 0.10908 0.03485 
0.05162 0.10911 0.03662 
0.05244 0.10910 0.03838 
0.05339 0.10904 0.04013 
0.05445 0.10894 0.04188 
0.05566 0.10880 0.04358 
0.05713 0.10855 0.04506 
0.05951 0.10779 0.04502 
0.06258 0.10668 0.04359 
0.06582 0.10551 0.04157 
0.06924 0.10428 0.03882 
0.07312 0.10282 0.03445 
0.07702 0.10140 0.02939 
0.08027 0.10042 0.02547 
0.08266 0.10000 0.02388 
0.08445 0.10000 0.02441 
0.08637 0.10000 0.02492 
0.08841 0.10000 0.02541 
0.09059 0.10000 0.02590 
0.09291 0.10000 0.02638 
0.09538 0.10000 0.02686 
0.09803 0.10000 0.02733 
0.10084 0.10000 0.02781 
0.10384 0.10000 0.02831 
0.10704 0.10000 0.02882 
0.11045 0.10000 0.02934 
0.11409 0.10000 0.02989 
0.11796 0.10000 0.03045 
0.12209 0.10000 0.03104 
0.12649 0.10000 0.03164 
0.13116 0.10000 0.03225 
0.13614 0.10000 0.03289 
0.14143 0.10000 0.03353 
0.14706 0.10000 0.03419 
0.15304 0.10000 0.03486 
0.15938 0.10000 0.03553 
0.16611 0.10000 0.03622 
0.17325 0.10000 0.03691 
0.18081 0.10000 0.03760 
0.18880 0.10000 0.03829 
0.19725 0.10000 0.03898 
0.20617 0.10000 0.03967 
0.21557 0.10000 0.04035 
0.22547 0.10000 0.04102 
0.23588 0.10000 0.04168 
0.24681 0.10000 0.04232 
0.25827 0.10000 0.04294 
0.27026 0.10000 0.04355 
0.28278 0.10000 0.04413 
0.29584 0.10000 0.04467 
0.30943 0.10000 0.04519 
0.32353 0.10000 0.04566 
0.33814 0.10000 0.04609 
0.35325 0.10000 0.04646 
0.36882 0.10000 0.04676 
0.38484 0.10000 0.04700 
0.40127 0.10000 0.04715 
0.41809 0.10000 0.04722 
0.43525 0.10000 0.04718 
0.45271 0.10000 0.04704 
0.47043 0.10000 0.04679 
0.48837 0.10000 0.04642 
0.50646 0.10000 0.04593 
0.52466 0.10000 0.04532 
0.54291 0.10000 0.04460 
0.56117 0.10000 0.04376 
0.57937 0.10000 0.04283 
0.59746 0.10000 0.04180 
0.61539 0.10000 0.04069 
0.63311 0.10000 0.03952 
0.65058 0.10000 0.03829 
0.66774 0.10000 0.03702 
0.68456 0.10000 0.03573 
0.70099 0.10000 0.03442 
0.71701 0.10000 0.03310 
0.73258 0.10000 0.03179 
0.74768 0.10000 0.03049 
0.76230 0.10000 0.02920 
0.77640 0.10000 0.02793 
0.78998 0.10000 0.02669 
0.80304 0.10000 0.02547 
0.81556 0.10000 0.02428 
0.82755 0.10000 0.02311 
0.83901 0.10000 0.02198 
0.84994 0.10000 0.02088 
0.86035 0.10000 0.01981 
0.87026 0.10000 0.01878 
0.87966 0.10000 0.01777 
0.88858 0.10000 0.01680 
0.89703 0.10000 0.01587 
0.90502 0.10000 0.01497 
0.91258 0.10000 0.01411 
0.91971 0.10000 0.01329 
0.92644 0.10000 0.01250 
0.93279 0.10000 0.01175 
0.93877 0.10000 0.01103 
0.94439 0.10000 0.01035 
0.94969 0.10000 0.00971 
0.95466 0.10000 0.00910 
0.95934 0.10000 0.00853 
0.96374 0.10000 0.00799 
0.96786 0.10000 0.00748 
0.97174 0.10000 0.00700 
0.97537 0.10000 0.00655 
0.97878 0.10000 0.00613 
0.98198 0.10000 0.00573 
0.98499 0.10000 0.00536 
0.98780 0.10000 0.00502 
0.99044 0.10000 0.00469 
0.99292 0.10000 0.00439 
0.99524 0.10000 0.00410 
0.99742 0.10000 0.00384 
0.99946 0.10000 0.00359 
1.00137 0.10000 0.00335 
1.00317 0.10000 0.00313 
1.00485 0.10000 0.00292 
1.00643 0.10000 0.00273 
1.00791 0.10000 0.00255 
1.00930 0.10000 0.00237 
1.01060 0.10000 0.00221 
1.01183 0.10000 0.00206 
1.01297 0.10000 0.00192 
1.01405 0.10000 0.00178 
1.01506 0.10000 0.00166 
1.01601 0.10000 0.00154 
1.01690 0.10000 0.00143 
1.01773 0.10000 0.00132 
1.01852 0.10000 0.00122 
1.01925 0.10000 0.00113 
1.01994 0.10000 0.00104 
1.02059 0.10000 0.00096 
1.02120 0.10000 0.00088 
1.02177 0.10000 0.00081 
1.02230 0.10000 0.00074 
1.02280 0.10000 0.00068 
1.02327 0.10000 0.00062 
1.02371 0.10000 0.00056 
1.02412 0.10000 0.00051 
1.02450 0.10000 0.00046 
1.02486 0.10000 0.00042 
1.02519 0.10000 0.00037 
1.02550 0.10000 0.00033 
1.02579 0.10000 0.00030 
1.02606 0.10000 0.00026 
1.02631 0.10000 0.00023 
1.02654 0.10000 0.00020 
1.02675 0.10000 0.00017 
1.02694 0.10000 0.00015 
1.02712 0.10000 0.00013 
1.02728 0.10000 0.00010 
1.02743 0.10000 0.00009 
1.02756 0.10000 0.00007 
1.02767 0.10000 0.00005 
1.02777 0.10000 0.00004 
1.02786 0.10000 0.00003 
1.02793 0.10000 0.00002 
1.02799 0.10000 0.00001 
1.02803 0.10000 0.00001 
1.02807 0.10000 0.00000 
1.02809 0.10000 0.00000 
1.02809 0.10000 -0.00000 

ZONE T="SLICE_Y_0p75_BINS03_KS_1mm_SINGLE_LAYER"
1.21070 0.75000 -0.00000 
1.21069 0.75000 -0.00000 
1.21068 0.75000 -0.00000 
1.21065 0.75000 -0.00001 
1.21062 0.75000 -0.00001 
1.21057 0.75000 -0.00002 
1.21051 0.75000 -0.00002 
1.21044 0.75000 -0.00003 
1.21036 0.75000 -0.00004 
1.21027 0.75000 -0.00006 
1.21016 0.75000 -0.00007 
1.21005 0.75000 -0.00008 
1.20992 0.75000 -0.00010 
1.20978 0.75000 -0.00012 
1.20962 0.75000 -0.00014 
1.20945 0.75000 -0.00016 
1.20927 0.75000 -0.00018 
1.20907 0.75000 -0.00021 
1.20886 0.75000 -0.00024 
1.20862 0.75000 -0.00027 
1.20838 0.75000 -0.00030 
1.20811 0.75000 -0.00033 
1.20782 0.75000 -0.00037 
1.20751 0.75000 -0.00041 
1.20719 0.75000 -0.00045 
1.20683 0.75000 -0.00050 
1.20646 0.75000 -0.00054 
1.20606 0.75000 -0.00059 
1.20563 0.75000 -0.00065 
1.20517 0.75000 -0.00071 
1.20469 0.75000 -0.00077 
1.20417 0.75000 -0.00083 
1.20361 0.75000 -0.00090 
1.20303 0.75000 -0.00098 
1.20240 0.75000 -0.00106 
1.20173 0.75000 -0.00114 
1.20101 0.75000 -0.00123 
1.20025 0.75000 -0.00133 
1.19944 0.75000 -0.00143 
1.19858 0.75000 -0.00154 
1.19766 0.75000 -0.00165 
1.19668 0.75000 -0.00177 
1.19564 0.75000 -0.00190 
1.19452 0.75000 -0.00204 
1.19334 0.75000 -0.00219 
1.19207 0.75000 -0.00234 
1.19072 0.75000 -0.00251 
1.18928 0.75000 -0.00269 
1.18775 0.75000 -0.00287 
1.18611 0.75000 -0.00308 
1.18437 0.75000 -0.00329 
1.18251 0.75000 -0.00352 
1.18052 0.75000 -0.00376 
1.17841 0.75000 -0.00402 
1.17615 0.75000 -0.00430 
1.17374 0.75000 -0.00459 
1.17118 0.75000 -0.00491 
1.16844 0.75000 -0.00525 
1.16553 0.75000 -0.00561 
1.16243 0.75000 -0.00599 
1.15912 0.75000 -0.00640 
1.15560 0.75000 -0.00684 
1.15185 0.75000 -0.00730 
1.14786 0.75000 -0.00778 
1.14362 0.75000 -0.00830 
1.13911 0.75000 -0.00884 
1.13432 0.75000 -0.00942 
1.12923 0.75000 -0.01002 
1.12384 0.75000 -0.01065 
1.11812 0.75000 -0.01131 
1.11206 0.75000 -0.01200 
1.10565 0.75000 -0.01272 
1.09888 0.75000 -0.01347 
1.09174 0.75000 -0.01424 
1.08420 0.75000 -0.01505 
1.07626 0.75000 -0.01588 
1.06792 0.75000 -0.01674 
1.05916 0.75000 -0.01762 
1.04998 0.75000 -0.01853 
1.04037 0.75000 -0.01946 
1.03033 0.75000 -0.02041 
1.01986 0.75000 -0.02139 
1.00898 0.75000 -0.02239 
0.99767 0.75000 -0.02340 
0.98596 0.75000 -0.02443 
0.97386 0.75000 -0.02548 
0.96138 0.75000 -0.02653 
0.94854 0.75000 -0.02759 
0.93537 0.75000 -0.02864 
0.92189 0.75000 -0.02967 
0.90814 0.75000 -0.03069 
0.89414 0.75000 -0.03167 
0.87994 0.75000 -0.03261 
0.86556 0.75000 -0.03350 
0.85106 0.75000 -0.03432 
0.83648 0.75000 -0.03507 
0.82185 0.75000 -0.03574 
0.80722 0.75000 -0.03632 
0.79263 0.75000 -0.03681 
0.77813 0.75000 -0.03720 
0.76376 0.75000 -0.03750 
0.74955 0.75000 -0.03770 
0.73556 0.75000 -0.03782 
0.72180 0.75000 -0.03784 
0.70833 0.75000 -0.03779 
0.69516 0.75000 -0.03767 
0.68232 0.75000 -0.03748 
0.66984 0.75000 -0.03723 
0.65773 0.75000 -0.03694 
0.64602 0.75000 -0.03660 
0.63472 0.75000 -0.03622 
0.62383 0.75000 -0.03580 
0.61337 0.75000 -0.03536 
0.60333 0.75000 -0.03490 
0.59372 0.75000 -0.03442 
0.58454 0.75000 -0.03392 
0.57578 0.75000 -0.03340 
0.56743 0.75000 -0.03287 
0.55950 0.75000 -0.03234 
0.55196 0.75000 -0.03179 
0.54481 0.75000 -0.03124 
0.53804 0.75000 -0.03069 
0.53163 0.75000 -0.03013 
0.52558 0.75000 -0.02958 
0.51986 0.75000 -0.02903 
0.51446 0.75000 -0.02848 
0.50938 0.75000 -0.02794 
0.50459 0.75000 -0.02740 
0.49943 0.75042 -0.03234 
0.49424 0.75101 -0.03919 
0.48967 0.75138 -0.04271 
0.48567 0.75153 -0.04348 
0.48203 0.75159 -0.04318 
0.47862 0.75165 -0.04280 
0.47543 0.75170 -0.04245 
0.47242 0.75176 -0.04212 
0.46958 0.75181 -0.04183 
0.46690 0.75188 -0.04159 
0.46434 0.75197 -0.04141 
0.46189 0.75208 -0.04123 
0.45953 0.75222 -0.04107 
0.45724 0.75240 -0.04093 
0.45502 0.75260 -0.04076 
0.45286 0.75284 -0.04055 
0.45076 0.75310 -0.04029 
0.44874 0.75338 -0.03992 
0.44679 0.75367 -0.03945 
0.44494 0.75396 -0.03886 
0.44319 0.75423 -0.03811 
0.44157 0.75447 -0.03720 
0.44008 0.75468 -0.03613 
0.43873 0.75485 -0.03494 
0.43751 0.75498 -0.03366 
0.43643 0.75507 -0.03231 
0.43547 0.75512 -0.03092 
0.43464 0.75513 -0.02950 
0.43392 0.75510 -0.02808 
0.43329 0.75505 -0.02667 
0.43275 0.75497 -0.02529 
0.43228 0.75487 -0.02394 
0.43190 0.75475 -0.02263 
0.43157 0.75461 -0.02136 
0.43131 0.75446 -0.02013 
0.43110 0.75430 -0.01895 
0.43093 0.75413 -0.01782 
0.43079 0.75396 -0.01674 
0.43069 0.75379 -0.01571 
0.43060 0.75362 -0.01473 
0.43054 0.75346 -0.01380 
0.43049 0.75329 -0.01291 
0.43045 0.75314 -0.01207 
0.43043 0.75298 -0.01127 
0.43041 0.75284 -0.01051 
0.43039 0.75271 -0.00979 
0.43037 0.75259 -0.00911 
0.43032 0.75249 -0.00847 
0.43023 0.75242 -0.00787 
0.43007 0.75241 -0.00733 
0.42986 0.75243 -0.00684 
0.42969 0.75244 -0.00634 
0.42953 0.75245 -0.00583 
0.42931 0.75251 -0.00534 
0.42906 0.75258 -0.00489 
0.42908 0.75251 -0.00440 
0.42916 0.75241 -0.00385 
0.42885 0.75254 -0.00334 
0.42867 0.75261 -0.00288 
0.42900 0.75238 -0.00246 
0.42907 0.75232 -0.00195 
0.42855 0.75259 -0.00129 
0.42869 0.75250 -0.00068 
0.42986 0.75181 -0.00026 
0.43077 0.75128 0.00000 
0.42992 0.75178 0.00025 
0.42862 0.75254 0.00068 
0.42747 0.75322 0.00136 
0.42692 0.75355 0.00221 
0.42671 0.75370 0.00285 
0.42631 0.75397 0.00330 
0.42581 0.75430 0.00394 
0.42544 0.75456 0.00476 
0.42506 0.75483 0.00552 
0.42461 0.75515 0.00623 
0.42422 0.75544 0.00701 
0.42388 0.75571 0.00788 
0.42354 0.75600 0.00878 
0.42316 0.75630 0.00971 
0.42280 0.75661 0.01067 
0.42249 0.75690 0.01168 
0.42220 0.75718 0.01275 
0.42193 0.75746 0.01386 
0.42167 0.75775 0.01502 
0.42143 0.75803 0.01621 
0.42123 0.75830 0.01746 
0.42106 0.75857 0.01876 
0.42093 0.75882 0.02010 
0.42084 0.75907 0.02150 
0.42080 0.75930 0.02295 
0.42082 0.75951 0.02444 
0.42089 0.75970 0.02598 
0.42103 0.75987 0.02756 
0.42123 0.76002 0.02918 
0.42151 0.76015 0.03085 
0.42188 0.76024 0.03254 
0.42235 0.76029 0.03426 
0.42295 0.76029 0.03600 
0.42365 0.76026 0.03774 
0.42449 0.76016 0.03946 
0.42545 0.76003 0.04116 
0.42653 0.75986 0.04284 
0.42779 0.75960 0.04441 
0.42923 0.75928 0.04585 
0.43086 0.75887 0.04709 
0.43273 0.75837 0.04800 
0.43503 0.75765 0.04802 
0.43770 0.75675 0.04705 
0.44055 0.75579 0.04543 
0.44351 0.75480 0.04317 
0.44661 0.75378 0.04005 
0.44992 0.75268 0.03567 
0.45367 0.75136 0.02890 
0.45703 0.75033 0.02272 
0.45933 0.75000 0.02076 
0.46119 0.75000 0.02114 
0.46317 0.75000 0.02152 
0.46529 0.75000 0.02191 
0.46754 0.75000 0.02229 
0.46995 0.75000 0.02269 
0.47252 0.75000 0.02310 
0.47525 0.75000 0.02352 
0.47816 0.75000 0.02395 
0.48127 0.75000 0.02441 
0.48458 0.75000 0.02488 
0.48810 0.75000 0.02536 
0.49185 0.75000 0.02585 
0.49584 0.75000 0.02636 
0.50008 0.75000 0.02687 
0.50459 0.75000 0.02740 
0.50938 0.75000 0.02794 
0.51446 0.75000 0.02848 
0.51986 0.75000 0.02903 
0.52558 0.75000 0.02958 
0.53163 0.75000 0.03013 
0.53804 0.75000 0.03069 
0.54481 0.75000 0.03124 
0.55196 0.75000 0.03179 
0.55950 0.75000 0.03234 
0.56743 0.75000 0.03287 
0.57578 0.75000 0.03340 
0.58454 0.75000 0.03392 
0.59372 0.75000 0.03442 
0.60333 0.75000 0.03490 
0.61337 0.75000 0.03536 
0.62383 0.75000 0.03580 
0.63472 0.75000 0.03622 
0.64602 0.75000 0.03660 
0.65773 0.75000 0.03694 
0.66984 0.75000 0.03723 
0.68232 0.75000 0.03748 
0.69516 0.75000 0.03767 
0.70833 0.75000 0.03779 
0.72180 0.75000 0.03784 
0.73556 0.75000 0.03782 
0.74955 0.75000 0.03770 
0.76376 0.75000 0.03750 
0.77813 0.75000 0.03720 
0.79263 0.75000 0.03681 
0.80722 0.75000 0.03632 
0.82185 0.75000 0.03574 
0.83648 0.75000 0.03507 
0.85106 0.75000 0.03432 
0.86556 0.75000 0.03350 
0.87994 0.75000 0.03261 
0.89414 0.75000 0.03167 
0.90814 0.75000 0.03069 
0.92189 0.75000 0.02967 
0.93537 0.75000 0.02864 
0.94854 0.75000 0.02759 
0.96138 0.75000 0.02653 
0.97386 0.75000 0.02548 
0.98596 0.75000 0.02443 
0.99767 0.75000 0.02340 
1.00898 0.75000 0.02239 
1.01986 0.75000 0.02139 
1.03033 0.75000 0.02041 
1.04037 0.75000 0.01946 
1.04998 0.75000 0.01853 
1.05916 0.75000 0.01762 
1.06792 0.75000 0.01674 
1.07626 0.75000 0.01588 
1.08420 0.75000 0.01505 
1.09174 0.75000 0.01424 
1.09888 0.75000 0.01347 
1.10565 0.75000 0.01272 
1.11206 0.75000 0.01200 
1.11812 0.75000 0.01131 
1.12384 0.75000 0.01065 
1.12923 0.75000 0.01002 
1.13432 0.75000 0.00942 
1.13911 0.75000 0.00884 
1.14362 0.75000 0.00830 
1.14786 0.75000 0.00778 
1.15185 0.75000 0.00730 
1.15560 0.75000 0.00684 
1.15912 0.75000 0.00640 
1.16243 0.75000 0.00599 
1.16553 0.75000 0.00561 
1.16844 0.75000 0.00525 
1.17118 0.75000 0.00491 
1.17374 0.75000 0.00459 
1.17615 0.75000 0.00430 
1.17841 0.75000 0.00402 
1.18052 0.75000 0.00376 
1.18251 0.75000 0.00352 
1.18437 0.75000 0.00329 
1.18611 0.75000 0.00308 
1.18775 0.75000 0.00287 
1.18928 0.75000 0.00269 
1.19072 0.75000 0.00251 
1.19207 0.75000 0.00234 
1.19334 0.75000 0.00219 
1.19452 0.75000 0.00204 
1.19564 0.75000 0.00190 
1.19668 0.75000 0.00177 
1.19766 0.75000 0.00165 
1.19858 0.75000 0.00154 
1.19944 0.75000 0.00143 
1.20025 0.75000 0.00133 
1.20101 0.75000 0.00123 
1.20173 0.75000 0.00114 
1.20240 0.75000 0.00106 
1.20303 0.75000 0.00098 
1.20361 0.75000 0.00090 
1.20417 0.75000 0.00083 
1.20469 0.75000 0.00077 
1.20517 0.75000 0.00071 
1.20563 0.75000 0.00065 
1.20606 0.75000 0.00059 
1.20646 0.75000 0.00054 
1.20683 0.75000 0.00050 
1.20719 0.75000 0.00045 
1.20751 0.75000 0.00041 
1.20782 0.75000 0.00037 
1.20811 0.75000 0.00033 
1.20838 0.75000 0.00030 
1.20862 0.75000 0.00027 
1.20886 0.75000 0.00024 
1.20907 0.75000 0.00021 
1.20927 0.75000 0.00018 
1.20945 0.75000 0.00016 
1.20962 0.75000 0.00014 
1.20978 0.75000 0.00012 
1.20992 0.75000 0.00010 
1.21005 0.75000 0.00008 
1.21016 0.75000 0.00007 
1.21027 0.75000 0.00006 
1.21036 0.75000 0.00004 
1.21044 0.75000 0.00003 
1.21051 0.75000 0.00002 
1.21057 0.75000 0.00002 
1.21062 0.75000 0.00001 
1.21065 0.75000 0.00001 
1.21068 0.75000 0.00000 
1.21069 0.75000 0.00000 
1.21070 0.75000 -0.00000 

ZONE T="SLICE_Y_1p4_BINS03_KS_1mm_SINGLE_LAYER"
1.39331 1.40000 0.00000 
1.39330 1.40000 -0.00000 
1.39329 1.40000 -0.00000 
1.39327 1.40000 -0.00000 
1.39324 1.40000 -0.00001 
1.39321 1.40000 -0.00001 
1.39316 1.40000 -0.00002 
1.39311 1.40000 -0.00002 
1.39305 1.40000 -0.00003 
1.39298 1.40000 -0.00004 
1.39290 1.40000 -0.00005 
1.39282 1.40000 -0.00006 
1.39272 1.40000 -0.00008 
1.39261 1.40000 -0.00009 
1.39250 1.40000 -0.00010 
1.39237 1.40000 -0.00012 
1.39223 1.40000 -0.00014 
1.39208 1.40000 -0.00016 
1.39192 1.40000 -0.00018 
1.39174 1.40000 -0.00020 
1.39156 1.40000 -0.00022 
1.39136 1.40000 -0.00025 
1.39114 1.40000 -0.00028 
1.39091 1.40000 -0.00031 
1.39066 1.40000 -0.00034 
1.39040 1.40000 -0.00037 
1.39011 1.40000 -0.00041 
1.38981 1.40000 -0.00045 
1.38949 1.40000 -0.00049 
1.38915 1.40000 -0.00053 
1.38878 1.40000 -0.00058 
1.38839 1.40000 -0.00063 
1.38798 1.40000 -0.00068 
1.38753 1.40000 -0.00074 
1.38706 1.40000 -0.00080 
1.38656 1.40000 -0.00086 
1.38602 1.40000 -0.00093 
1.38545 1.40000 -0.00100 
1.38484 1.40000 -0.00107 
1.38419 1.40000 -0.00116 
1.38350 1.40000 -0.00124 
1.38276 1.40000 -0.00133 
1.38197 1.40000 -0.00143 
1.38114 1.40000 -0.00154 
1.38024 1.40000 -0.00165 
1.37929 1.40000 -0.00176 
1.37828 1.40000 -0.00189 
1.37719 1.40000 -0.00202 
1.37604 1.40000 -0.00216 
1.37481 1.40000 -0.00231 
1.37350 1.40000 -0.00247 
1.37210 1.40000 -0.00265 
1.37060 1.40000 -0.00283 
1.36901 1.40000 -0.00302 
1.36731 1.40000 -0.00323 
1.36550 1.40000 -0.00346 
1.36358 1.40000 -0.00369 
1.36152 1.40000 -0.00395 
1.35933 1.40000 -0.00422 
1.35699 1.40000 -0.00451 
1.35450 1.40000 -0.00482 
1.35185 1.40000 -0.00514 
1.34903 1.40000 -0.00549 
1.34603 1.40000 -0.00586 
1.34284 1.40000 -0.00624 
1.33945 1.40000 -0.00665 
1.33584 1.40000 -0.00708 
1.33202 1.40000 -0.00754 
1.32796 1.40000 -0.00801 
1.32366 1.40000 -0.00851 
1.31910 1.40000 -0.00903 
1.31428 1.40000 -0.00957 
1.30919 1.40000 -0.01013 
1.30381 1.40000 -0.01072 
1.29814 1.40000 -0.01132 
1.29217 1.40000 -0.01195 
1.28590 1.40000 -0.01259 
1.27930 1.40000 -0.01325 
1.27240 1.40000 -0.01394 
1.26517 1.40000 -0.01464 
1.25762 1.40000 -0.01536 
1.24975 1.40000 -0.01609 
1.24155 1.40000 -0.01684 
1.23305 1.40000 -0.01760 
1.22424 1.40000 -0.01838 
1.21514 1.40000 -0.01917 
1.20575 1.40000 -0.01996 
1.19609 1.40000 -0.02075 
1.18618 1.40000 -0.02154 
1.17604 1.40000 -0.02232 
1.16569 1.40000 -0.02309 
1.15517 1.40000 -0.02383 
1.14448 1.40000 -0.02453 
1.13367 1.40000 -0.02520 
1.12276 1.40000 -0.02582 
1.11179 1.40000 -0.02639 
1.10078 1.40000 -0.02689 
1.08978 1.40000 -0.02732 
1.07880 1.40000 -0.02769 
1.06789 1.40000 -0.02799 
1.05708 1.40000 -0.02821 
1.04640 1.40000 -0.02836 
1.03587 1.40000 -0.02845 
1.02552 1.40000 -0.02847 
1.01538 1.40000 -0.02843 
1.00547 1.40000 -0.02834 
0.99582 1.40000 -0.02819 
0.98643 1.40000 -0.02801 
0.97732 1.40000 -0.02779 
0.96851 1.40000 -0.02753 
0.96001 1.40000 -0.02724 
0.95182 1.40000 -0.02693 
0.94395 1.40000 -0.02660 
0.93639 1.40000 -0.02626 
0.92917 1.40000 -0.02589 
0.92226 1.40000 -0.02551 
0.91567 1.40000 -0.02513 
0.90939 1.40000 -0.02473 
0.90342 1.40000 -0.02433 
0.89775 1.40000 -0.02392 
0.89237 1.40000 -0.02350 
0.88728 1.40000 -0.02309 
0.88246 1.40000 -0.02267 
0.87790 1.40000 -0.02225 
0.87360 1.40000 -0.02184 
0.86954 1.40000 -0.02142 
0.86572 1.40000 -0.02102 
0.86197 1.40009 -0.02190 
0.85781 1.40058 -0.02787 
0.85364 1.40120 -0.03502 
0.85006 1.40156 -0.03854 
0.84693 1.40175 -0.03977 
0.84413 1.40183 -0.03979 
0.84152 1.40190 -0.03959 
0.83907 1.40197 -0.03940 
0.83677 1.40203 -0.03922 
0.83460 1.40210 -0.03904 
0.83253 1.40217 -0.03888 
0.83057 1.40226 -0.03872 
0.82868 1.40237 -0.03852 
0.82684 1.40251 -0.03829 
0.82504 1.40269 -0.03808 
0.82328 1.40289 -0.03783 
0.82155 1.40313 -0.03755 
0.81985 1.40339 -0.03724 
0.81820 1.40368 -0.03684 
0.81660 1.40397 -0.03636 
0.81508 1.40426 -0.03575 
0.81365 1.40452 -0.03496 
0.81233 1.40476 -0.03402 
0.81114 1.40496 -0.03294 
0.81006 1.40512 -0.03176 
0.80909 1.40525 -0.03051 
0.80823 1.40534 -0.02921 
0.80749 1.40539 -0.02788 
0.80684 1.40540 -0.02655 
0.80630 1.40538 -0.02522 
0.80584 1.40533 -0.02391 
0.80544 1.40527 -0.02263 
0.80512 1.40518 -0.02137 
0.80486 1.40507 -0.02016 
0.80466 1.40494 -0.01899 
0.80451 1.40480 -0.01786 
0.80440 1.40465 -0.01678 
0.80432 1.40449 -0.01575 
0.80428 1.40433 -0.01476 
0.80425 1.40417 -0.01383 
0.80425 1.40400 -0.01294 
0.80426 1.40384 -0.01209 
0.80428 1.40369 -0.01129 
0.80431 1.40353 -0.01053 
0.80435 1.40339 -0.00981 
0.80439 1.40325 -0.00913 
0.80443 1.40312 -0.00848 
0.80446 1.40300 -0.00788 
0.80447 1.40290 -0.00730 
0.80448 1.40281 -0.00676 
0.80449 1.40272 -0.00624 
0.80451 1.40263 -0.00574 
0.80452 1.40256 -0.00526 
0.80448 1.40252 -0.00481 
0.80433 1.40255 -0.00440 
0.80419 1.40258 -0.00401 
0.80429 1.40248 -0.00359 
0.80436 1.40240 -0.00314 
0.80424 1.40243 -0.00269 
0.80389 1.40261 -0.00236 
0.80414 1.40243 -0.00204 
0.80451 1.40220 -0.00156 
0.80374 1.40263 -0.00105 
0.80413 1.40240 -0.00055 
0.80549 1.40160 -0.00021 
0.80630 1.40113 0.00000 
0.80548 1.40160 0.00021 
0.80421 1.40234 0.00055 
0.80300 1.40306 0.00110 
0.80233 1.40346 0.00183 
0.80197 1.40369 0.00241 
0.80145 1.40401 0.00279 
0.80102 1.40429 0.00332 
0.80076 1.40448 0.00402 
0.80043 1.40471 0.00467 
0.79997 1.40502 0.00528 
0.79955 1.40531 0.00597 
0.79921 1.40557 0.00672 
0.79889 1.40581 0.00750 
0.79854 1.40608 0.00830 
0.79818 1.40636 0.00913 
0.79785 1.40664 0.01002 
0.79755 1.40690 0.01096 
0.79727 1.40715 0.01193 
0.79700 1.40741 0.01294 
0.79675 1.40767 0.01399 
0.79652 1.40792 0.01508 
0.79631 1.40816 0.01622 
0.79614 1.40840 0.01741 
0.79601 1.40862 0.01864 
0.79591 1.40883 0.01992 
0.79586 1.40902 0.02125 
0.79586 1.40921 0.02262 
0.79590 1.40937 0.02403 
0.79601 1.40951 0.02548 
0.79617 1.40963 0.02697 
0.79642 1.40972 0.02849 
0.79675 1.40977 0.03004 
0.79719 1.40978 0.03161 
0.79772 1.40976 0.03320 
0.79835 1.40969 0.03478 
0.79909 1.40958 0.03635 
0.79995 1.40942 0.03789 
0.80094 1.40921 0.03939 
0.80208 1.40893 0.04078 
0.80341 1.40858 0.04199 
0.80497 1.40810 0.04283 
0.80696 1.40742 0.04277 
0.80924 1.40658 0.04191 
0.81160 1.40573 0.04063 
0.81403 1.40487 0.03888 
0.81654 1.40400 0.03654 
0.81916 1.40310 0.03340 
0.82195 1.40214 0.02901 
0.82522 1.40092 0.02187 
0.82789 1.40011 0.01643 
0.82947 1.40000 0.01591 
0.83096 1.40000 0.01619 
0.83255 1.40000 0.01648 
0.83425 1.40000 0.01677 
0.83606 1.40000 0.01707 
0.83799 1.40000 0.01737 
0.84004 1.40000 0.01769 
0.84224 1.40000 0.01802 
0.84457 1.40000 0.01836 
0.84706 1.40000 0.01871 
0.84971 1.40000 0.01908 
0.85253 1.40000 0.01945 
0.85553 1.40000 0.01983 
0.85872 1.40000 0.02022 
0.86212 1.40000 0.02061 
0.86572 1.40000 0.02102 
0.86954 1.40000 0.02142 
0.87360 1.40000 0.02184 
0.87790 1.40000 0.02225 
0.88246 1.40000 0.02267 
0.88728 1.40000 0.02309 
0.89237 1.40000 0.02350 
0.89775 1.40000 0.02392 
0.90342 1.40000 0.02433 
0.90939 1.40000 0.02473 
0.91567 1.40000 0.02513 
0.92226 1.40000 0.02551 
0.92917 1.40000 0.02589 
0.93639 1.40000 0.02626 
0.94395 1.40000 0.02660 
0.95182 1.40000 0.02693 
0.96001 1.40000 0.02724 
0.96851 1.40000 0.02753 
0.97732 1.40000 0.02779 
0.98643 1.40000 0.02801 
0.99582 1.40000 0.02819 
1.00547 1.40000 0.02834 
1.01538 1.40000 0.02843 
1.02552 1.40000 0.02847 
1.03587 1.40000 0.02845 
1.04640 1.40000 0.02836 
1.05708 1.40000 0.02821 
1.06789 1.40000 0.02799 
1.07880 1.40000 0.02769 
1.08978 1.40000 0.02732 
1.10078 1.40000 0.02689 
1.11179 1.40000 0.02639 
1.12276 1.40000 0.02582 
1.13367 1.40000 0.02520 
1.14448 1.40000 0.02453 
1.15517 1.40000 0.02383 
1.16569 1.40000 0.02309 
1.17604 1.40000 0.02232 
1.18618 1.40000 0.02154 
1.19609 1.40000 0.02075 
1.20575 1.40000 0.01996 
1.21514 1.40000 0.01917 
1.22424 1.40000 0.01838 
1.23305 1.40000 0.01760 
1.24155 1.40000 0.01684 
1.24975 1.40000 0.01609 
1.25762 1.40000 0.01536 
1.26517 1.40000 0.01464 
1.27240 1.40000 0.01394 
1.27930 1.40000 0.01325 
1.28590 1.40000 0.01259 
1.29217 1.40000 0.01195 
1.29814 1.40000 0.01132 
1.30381 1.40000 0.01072 
1.30919 1.40000 0.01013 
1.31428 1.40000 0.00957 
1.31910 1.40000 0.00903 
1.32366 1.40000 0.00851 
1.32796 1.40000 0.00801 
1.33202 1.40000 0.00754 
1.33584 1.40000 0.00708 
1.33945 1.40000 0.00665 
1.34284 1.40000 0.00624 
1.34603 1.40000 0.00586 
1.34903 1.40000 0.00549 
1.35185 1.40000 0.00514 
1.35450 1.40000 0.00482 
1.35699 1.40000 0.00451 
1.35933 1.40000 0.00422 
1.36152 1.40000 0.00395 
1.36358 1.40000 0.00369 
1.36550 1.40000 0.00346 
1.36731 1.40000 0.00323 
1.36901 1.40000 0.00302 
1.37060 1.40000 0.00283 
1.37210 1.40000 0.00265 
1.37350 1.40000 0.00247 
1.37481 1.40000 0.00231 
1.37604 1.40000 0.00216 
1.37719 1.40000 0.00202 
1.37828 1.40000 0.00189 
1.37929 1.40000 0.00176 
1.38024 1.40000 0.00165 
1.38114 1.40000 0.00154 
1.38197 1.40000 0.00143 
1.38276 1.40000 0.00133 
1.38350 1.40000 0.00124 
1.38419 1.40000 0.00116 
1.38484 1.40000 0.00107 
1.38545 1.40000 0.00100 
1.38602 1.40000 0.00093 
1.38656 1.40000 0.00086 
1.38706 1.40000 0.00080 
1.38753 1.40000 0.00074 
1.38798 1.40000 0.00068 
1.38839 1.40000 0.00063 
1.38878 1.40000 0.00058 
1.38915 1.40000 0.00053 
1.38949 1.40000 0.00049 
1.38981 1.40000 0.00045 
1.39011 1.40000 0.00041 
1.39040 1.40000 0.00037 
1.39066 1.40000 0.00034 
1.39091 1.40000 0.00031 
1.39114 1.40000 0.00028 
1.39136 1.40000 0.00025 
1.39156 1.40000 0.00022 
1.39174 1.40000 0.00020 
1.39192 1.40000 0.00018 
1.39208 1.40000 0.00016 
1.39223 1.40000 0.00014 
1.39237 1.40000 0.00012 
1.39250 1.40000 0.00010 
1.39261 1.40000 0.00009 
1.39272 1.40000 0.00008 
1.39282 1.40000 0.00006 
1.39290 1.40000 0.00005 
1.39298 1.40000 0.00004 
1.39305 1.40000 0.00003 
1.39311 1.40000 0.00002 
1.39316 1.40000 0.00002 
1.39321 1.40000 0.00001 
1.39324 1.40000 0.00001 
1.39327 1.40000 0.00000 
1.39329 1.40000 0.00000 
1.39330 1.40000 0.00000 
1.39331 1.40000 0.00000 

ZONE T="SLICE_Y_0p1_BINS07_KS_1mm_SINGLE_LAYER"
1.02809 0.10000 -0.00000 
1.02809 0.10000 -0.00000 
1.02807 0.10000 -0.00000 
1.02803 0.10000 -0.00001 
1.02799 0.10000 -0.00001 
1.02793 0.10000 -0.00002 
1.02786 0.10000 -0.00003 
1.02777 0.10000 -0.00004 
1.02767 0.10000 -0.00005 
1.02756 0.10000 -0.00007 
1.02743 0.10000 -0.00009 
1.02728 0.10000 -0.00010 
1.02712 0.10000 -0.00013 
1.02694 0.10000 -0.00015 
1.02675 0.10000 -0.00017 
1.02654 0.10000 -0.00020 
1.02631 0.10000 -0.00023 
1.02606 0.10000 -0.00026 
1.02579 0.10000 -0.00030 
1.02550 0.10000 -0.00033 
1.02519 0.10000 -0.00037 
1.02486 0.10000 -0.00042 
1.02450 0.10000 -0.00046 
1.02412 0.10000 -0.00051 
1.02371 0.10000 -0.00056 
1.02327 0.10000 -0.00062 
1.02280 0.10000 -0.00068 
1.02230 0.10000 -0.00074 
1.02177 0.10000 -0.00081 
1.02120 0.10000 -0.00088 
1.02059 0.10000 -0.00096 
1.01994 0.10000 -0.00104 
1.01925 0.10000 -0.00113 
1.01852 0.10000 -0.00122 
1.01773 0.10000 -0.00132 
1.01690 0.10000 -0.00143 
1.01601 0.10000 -0.00154 
1.01506 0.10000 -0.00166 
1.01405 0.10000 -0.00178 
1.01297 0.10000 -0.00192 
1.01183 0.10000 -0.00206 
1.01060 0.10000 -0.00221 
1.00930 0.10000 -0.00237 
1.00791 0.10000 -0.00255 
1.00643 0.10000 -0.00273 
1.00485 0.10000 -0.00292 
1.00317 0.10000 -0.00313 
1.00137 0.10000 -0.00335 
0.99946 0.10000 -0.00359 
0.99742 0.10000 -0.00384 
0.99524 0.10000 -0.00410 
0.99292 0.10000 -0.00439 
0.99044 0.10000 -0.00469 
0.98780 0.10000 -0.00502 
0.98499 0.10000 -0.00536 
0.98198 0.10000 -0.00573 
0.97878 0.10000 -0.00613 
0.97537 0.10000 -0.00655 
0.97174 0.10000 -0.00700 
0.96786 0.10000 -0.00748 
0.96374 0.10000 -0.00799 
0.95934 0.10000 -0.00853 
0.95466 0.10000 -0.00910 
0.94969 0.10000 -0.00971 
0.94439 0.10000 -0.01035 
0.93877 0.10000 -0.01103 
0.93279 0.10000 -0.01175 
0.92644 0.10000 -0.01250 
0.91971 0.10000 -0.01329 
0.91258 0.10000 -0.01411 
0.90502 0.10000 -0.01497 
0.89703 0.10000 -0.01587 
0.88858 0.10000 -0.01680 
0.87966 0.10000 -0.01777 
0.87026 0.10000 -0.01878 
0.86035 0.10000 -0.01981 
0.84994 0.10000 -0.02088 
0.83901 0.10000 -0.02198 
0.82755 0.10000 -0.02311 
0.81556 0.10000 -0.02428 
0.80304 0.10000 -0.02547 
0.78998 0.10000 -0.02669 
0.77640 0.10000 -0.02793 
0.76230 0.10000 -0.02920 
0.74768 0.10000 -0.03049 
0.73258 0.10000 -0.03179 
0.71701 0.10000 -0.03310 
0.70099 0.10000 -0.03442 
0.68456 0.10000 -0.03573 
0.66774 0.10000 -0.03702 
0.65058 0.10000 -0.03829 
0.63311 0.10000 -0.03952 
0.61539 0.10000 -0.04069 
0.59746 0.10000 -0.04180 
0.57937 0.10000 -0.04283 
0.56117 0.10000 -0.04376 
0.54291 0.10000 -0.04460 
0.52466 0.10000 -0.04532 
0.50646 0.10000 -0.04593 
0.48837 0.10000 -0.04642 
0.47043 0.10000 -0.04679 
0.45271 0.10000 -0.04704 
0.43525 0.10000 -0.04718 
0.41809 0.10000 -0.04722 
0.40127 0.10000 -0.04715 
0.38484 0.10000 -0.04700 
0.36882 0.10000 -0.04676 
0.35325 0.10000 -0.04646 
0.33814 0.10000 -0.04609 
0.32353 0.10000 -0.04566 
0.30943 0.10000 -0.04519 
0.29584 0.10000 -0.04467 
0.28278 0.10000 -0.04413 
0.27026 0.10000 -0.04355 
0.25827 0.10000 -0.04294 
0.24681 0.10000 -0.04232 
0.23588 0.10000 -0.04168 
0.22547 0.10000 -0.04102 
0.21557 0.10000 -0.04035 
0.20617 0.10000 -0.03967 
0.19725 0.10000 -0.03898 
0.18880 0.10000 -0.03829 
0.18081 0.10000 -0.03760 
0.17325 0.10000 -0.03691 
0.16611 0.10000 -0.03622 
0.15938 0.10000 -0.03553 
0.15304 0.10000 -0.03486 
0.14706 0.10000 -0.03419 
0.14143 0.10000 -0.03353 
0.13614 0.10000 -0.03289 
0.13116 0.10000 -0.03225 
0.12649 0.10000 -0.03164 
0.12209 0.10000 -0.03104 
0.11796 0.10000 -0.03045 
0.11409 0.10000 -0.02989 
0.11045 0.10000 -0.02934 
0.10663 0.10025 -0.03143 
0.10291 0.10058 -0.03410 
0.09923 0.10099 -0.03744 
0.09548 0.10156 -0.04181 
0.09217 0.10196 -0.04413 
0.08923 0.10224 -0.04485 
0.08651 0.10246 -0.04482 
0.08391 0.10271 -0.04464 
0.08140 0.10298 -0.04440 
0.07898 0.10326 -0.04406 
0.07665 0.10357 -0.04361 
0.07444 0.10387 -0.04305 
0.07234 0.10416 -0.04232 
0.07038 0.10443 -0.04143 
0.06856 0.10468 -0.04040 
0.06690 0.10488 -0.03922 
0.06539 0.10504 -0.03791 
0.06403 0.10515 -0.03652 
0.06282 0.10522 -0.03506 
0.06175 0.10525 -0.03357 
0.06082 0.10524 -0.03204 
0.06000 0.10519 -0.03052 
0.05928 0.10512 -0.02901 
0.05866 0.10502 -0.02753 
0.05813 0.10490 -0.02608 
0.05767 0.10476 -0.02467 
0.05730 0.10460 -0.02330 
0.05698 0.10443 -0.02198 
0.05671 0.10426 -0.02071 
0.05650 0.10407 -0.01949 
0.05632 0.10388 -0.01831 
0.05617 0.10370 -0.01719 
0.05605 0.10351 -0.01612 
0.05596 0.10333 -0.01509 
0.05589 0.10314 -0.01411 
0.05584 0.10297 -0.01318 
0.05580 0.10280 -0.01229 
0.05576 0.10264 -0.01145 
0.05572 0.10249 -0.01065 
0.05565 0.10238 -0.00990 
0.05551 0.10231 -0.00921 
0.05528 0.10232 -0.00860 
0.05501 0.10235 -0.00802 
0.05479 0.10237 -0.00744 
0.05458 0.10238 -0.00685 
0.05432 0.10244 -0.00627 
0.05405 0.10251 -0.00573 
0.05399 0.10247 -0.00517 
0.05401 0.10239 -0.00455 
0.05374 0.10249 -0.00393 
0.05345 0.10261 -0.00339 
0.05368 0.10243 -0.00291 
0.05381 0.10233 -0.00232 
0.05337 0.10255 -0.00154 
0.05374 0.10232 -0.00078 
0.05492 0.10163 -0.00027 
0.05578 0.10113 -0.00000 
0.05495 0.10161 0.00027 
0.05384 0.10226 0.00078 
0.05333 0.10258 0.00154 
0.05342 0.10255 0.00236 
0.05324 0.10269 0.00298 
0.05270 0.10304 0.00353 
0.05227 0.10334 0.00423 
0.05212 0.10348 0.00501 
0.05191 0.10367 0.00575 
0.05155 0.10396 0.00649 
0.05118 0.10425 0.00730 
0.05089 0.10451 0.00819 
0.05064 0.10476 0.00909 
0.05036 0.10503 0.01001 
0.05009 0.10531 0.01098 
0.04984 0.10559 0.01201 
0.04961 0.10587 0.01308 
0.04942 0.10613 0.01420 
0.04924 0.10641 0.01536 
0.04907 0.10668 0.01657 
0.04894 0.10696 0.01783 
0.04884 0.10722 0.01914 
0.04878 0.10748 0.02050 
0.04876 0.10773 0.02191 
0.04880 0.10796 0.02337 
0.04890 0.10818 0.02488 
0.04905 0.10839 0.02643 
0.04926 0.10857 0.02803 
0.04955 0.10874 0.02968 
0.04992 0.10888 0.03137 
0.05037 0.10900 0.03309 
0.05095 0.10907 0.03484 
0.05164 0.10910 0.03660 
0.05245 0.10909 0.03836 
0.05340 0.10903 0.04011 
0.05446 0.10894 0.04186 
0.05566 0.10880 0.04358 
0.05718 0.10852 0.04498 
0.05966 0.10771 0.04475 
0.06275 0.10658 0.04325 
0.06599 0.10541 0.04120 
0.06941 0.10418 0.03841 
0.07339 0.10266 0.03377 
0.07736 0.10120 0.02845 
0.08046 0.10030 0.02490 
0.08266 0.10000 0.02388 
0.08445 0.10000 0.02441 
0.08637 0.10000 0.02492 
0.08841 0.10000 0.02541 
0.09059 0.10000 0.02590 
0.09291 0.10000 0.02638 
0.09538 0.10000 0.02686 
0.09803 0.10000 0.02733 
0.10084 0.10000 0.02781 
0.10384 0.10000 0.02831 
0.10704 0.10000 0.02882 
0.11045 0.10000 0.02934 
0.11409 0.10000 0.02989 
0.11796 0.10000 0.03045 
0.12209 0.10000 0.03104 
0.12649 0.10000 0.03164 
0.13116 0.10000 0.03225 
0.13614 0.10000 0.03289 
0.14143 0.10000 0.03353 
0.14706 0.10000 0.03419 
0.15304 0.10000 0.03486 
0.15938 0.10000 0.03553 
0.16611 0.10000 0.03622 
0.17325 0.10000 0.03691 
0.18081 0.10000 0.03760 
0.18880 0.10000 0.03829 
0.19725 0.10000 0.03898 
0.20617 0.10000 0.03967 
0.21557 0.10000 0.04035 
0.22547 0.10000 0.04102 
0.23588 0.10000 0.04168 
0.24681 0.10000 0.04232 
0.25827 0.10000 0.04294 
0.27026 0.10000 0.04355 
0.28278 0.10000 0.04413 
0.29584 0.10000 0.04467 
0.30943 0.10000 0.04519 
0.32353 0.10000 0.04566 
0.33814 0.10000 0.04609 
0.35325 0.10000 0.04646 
0.36882 0.10000 0.04676 
0.38484 0.10000 0.04700 
0.40127 0.10000 0.04715 
0.41809 0.10000 0.04722 
0.43525 0.10000 0.04718 
0.45271 0.10000 0.04704 
0.47043 0.10000 0.04679 
0.48837 0.10000 0.04642 
0.50646 0.10000 0.04593 
0.52466 0.10000 0.04532 
0.54291 0.10000 0.04460 
0.56117 0.10000 0.04376 
0.57937 0.10000 0.04283 
0.59746 0.10000 0.04180 
0.61539 0.10000 0.04069 
0.63311 0.10000 0.03952 
0.65058 0.10000 0.03829 
0.66774 0.10000 0.03702 
0.68456 0.10000 0.03573 
0.70099 0.10000 0.03442 
0.71701 0.10000 0.03310 
0.73258 0.10000 0.03179 
0.74768 0.10000 0.03049 
0.76230 0.10000 0.02920 
0.77640 0.10000 0.02793 
0.78998 0.10000 0.02669 
0.80304 0.10000 0.02547 
0.81556 0.10000 0.02428 
0.82755 0.10000 0.02311 
0.83901 0.10000 0.02198 
0.84994 0.10000 0.02088 
0.86035 0.10000 0.01981 
0.87026 0.10000 0.01878 
0.87966 0.10000 0.01777 
0.88858 0.10000 0.01680 
0.89703 0.10000 0.01587 
0.90502 0.10000 0.01497 
0.91258 0.10000 0.01411 
0.91971 0.10000 0.01329 
0.92644 0.10000 0.01250 
0.93279 0.10000 0.01175 
0.93877 0.10000 0.01103 
0.94439 0.10000 0.01035 
0.94969 0.10000 0.00971 
0.95466 0.10000 0.00910 
0.95934 0.10000 0.00853 
0.96374 0.10000 0.00799 
0.96786 0.10000 0.00748 
0.97174 0.10000 0.00700 
0.97537 0.10000 0.00655 
0.97878 0.10000 0.00613 
0.98198 0.10000 0.00573 
0.98499 0.10000 0.00536 
0.98780 0.10000 0.00502 
0.99044 0.10000 0.00469 
0.99292 0.10000 0.00439 
0.99524 0.10000 0.00410 
0.99742 0.10000 0.00384 
0.99946 0.10000 0.00359 
1.00137 0.10000 0.00335 
1.00317 0.10000 0.00313 
1.00485 0.10000 0.00292 
1.00643 0.10000 0.00273 
1.00791 0.10000 0.00255 
1.00930 0.10000 0.00237 
1.01060 0.10000 0.00221 
1.01183 0.10000 0.00206 
1.01297 0.10000 0.00192 
1.01405 0.10000 0.00178 
1.01506 0.10000 0.00166 
1.01601 0.10000 0.00154 
1.01690 0.10000 0.00143 
1.01773 0.10000 0.00132 
1.01852 0.10000 0.00122 
1.01925 0.10000 0.00113 
1.01994 0.10000 0.00104 
1.02059 0.10000 0.00096 
1.02120 0.10000 0.00088 
1.02177 0.10000 0.00081 
1.02230 0.10000 0.00074 
1.02280 0.10000 0.00068 
1.02327 0.10000 0.00062 
1.02371 0.10000 0.00056 
1.02412 0.10000 0.00051 
1.02450 0.10000 0.00046 
1.02486 0.10000 0.00042 
1.02519 0.10000 0.00037 
1.02550 0.10000 0.00033 
1.02579 0.10000 0.00030 
1.02606 0.10000 0.00026 
1.02631 0.10000 0.00023 
1.02654 0.10000 0.00020 
1.02675 0.10000 0.00017 
1.02694 0.10000 0.00015 
1.02712 0.10000 0.00013 
1.02728 0.10000 0.00010 
1.02743 0.10000 0.00009 
1.02756 0.10000 0.00007 
1.02767 0.10000 0.00005 
1.02777 0.10000 0.00004 
1.02786 0.10000 0.00003 
1.02793 0.10000 0.00002 
1.02799 0.10000 0.00001 
1.02803 0.10000 0.00001 
1.02807 0.10000 0.00000 
1.02809 0.10000 0.00000 
1.02809 0.10000 -0.00000 

ZONE T="SLICE_Y_0p75_BINS07_KS_1mm_SINGLE_LAYER"
1.21070 0.75000 -0.00000 
1.21069 0.75000 -0.00000 
1.21068 0.75000 -0.00000 
1.21065 0.75000 -0.00001 
1.21062 0.75000 -0.00001 
1.21057 0.75000 -0.00002 
1.21051 0.75000 -0.00002 
1.21044 0.75000 -0.00003 
1.21036 0.75000 -0.00004 
1.21027 0.75000 -0.00006 
1.21016 0.75000 -0.00007 
1.21005 0.75000 -0.00008 
1.20992 0.75000 -0.00010 
1.20978 0.75000 -0.00012 
1.20962 0.75000 -0.00014 
1.20945 0.75000 -0.00016 
1.20927 0.75000 -0.00018 
1.20907 0.75000 -0.00021 
1.20886 0.75000 -0.00024 
1.20862 0.75000 -0.00027 
1.20838 0.75000 -0.00030 
1.20811 0.75000 -0.00033 
1.20782 0.75000 -0.00037 
1.20751 0.75000 -0.00041 
1.20719 0.75000 -0.00045 
1.20683 0.75000 -0.00050 
1.20646 0.75000 -0.00054 
1.20606 0.75000 -0.00059 
1.20563 0.75000 -0.00065 
1.20517 0.75000 -0.00071 
1.20469 0.75000 -0.00077 
1.20417 0.75000 -0.00083 
1.20361 0.75000 -0.00090 
1.20303 0.75000 -0.00098 
1.20240 0.75000 -0.00106 
1.20173 0.75000 -0.00114 
1.20101 0.75000 -0.00123 
1.20025 0.75000 -0.00133 
1.19944 0.75000 -0.00143 
1.19858 0.75000 -0.00154 
1.19766 0.75000 -0.00165 
1.19668 0.75000 -0.00177 
1.19564 0.75000 -0.00190 
1.19452 0.75000 -0.00204 
1.19334 0.75000 -0.00219 
1.19207 0.75000 -0.00234 
1.19072 0.75000 -0.00251 
1.18928 0.75000 -0.00269 
1.18775 0.75000 -0.00287 
1.18611 0.75000 -0.00308 
1.18437 0.75000 -0.00329 
1.18251 0.75000 -0.00352 
1.18052 0.75000 -0.00376 
1.17841 0.75000 -0.00402 
1.17615 0.75000 -0.00430 
1.17374 0.75000 -0.00459 
1.17118 0.75000 -0.00491 
1.16844 0.75000 -0.00525 
1.16553 0.75000 -0.00561 
1.16243 0.75000 -0.00599 
1.15912 0.75000 -0.00640 
1.15560 0.75000 -0.00684 
1.15185 0.75000 -0.00730 
1.14786 0.75000 -0.00778 
1.14362 0.75000 -0.00830 
1.13911 0.75000 -0.00884 
1.13432 0.75000 -0.00942 
1.12923 0.75000 -0.01002 
1.12384 0.75000 -0.01065 
1.11812 0.75000 -0.01131 
1.11206 0.75000 -0.01200 
1.10565 0.75000 -0.01272 
1.09888 0.75000 -0.01347 
1.09174 0.75000 -0.01424 
1.08420 0.75000 -0.01505 
1.07626 0.75000 -0.01588 
1.06792 0.75000 -0.01674 
1.05916 0.75000 -0.01762 
1.04998 0.75000 -0.01853 
1.04037 0.75000 -0.01946 
1.03033 0.75000 -0.02041 
1.01986 0.75000 -0.02139 
1.00898 0.75000 -0.02239 
0.99767 0.75000 -0.02340 
0.98596 0.75000 -0.02443 
0.97386 0.75000 -0.02548 
0.96138 0.75000 -0.02653 
0.94854 0.75000 -0.02759 
0.93537 0.75000 -0.02864 
0.92189 0.75000 -0.02967 
0.90814 0.75000 -0.03069 
0.89414 0.75000 -0.03167 
0.87994 0.75000 -0.03261 
0.86556 0.75000 -0.03350 
0.85106 0.75000 -0.03432 
0.83648 0.75000 -0.03507 
0.82185 0.75000 -0.03574 
0.80722 0.75000 -0.03632 
0.79263 0.75000 -0.03681 
0.77813 0.75000 -0.03720 
0.76376 0.75000 -0.03750 
0.74955 0.75000 -0.03770 
0.73556 0.75000 -0.03782 
0.72180 0.75000 -0.03784 
0.70833 0.75000 -0.03779 
0.69516 0.75000 -0.03767 
0.68232 0.75000 -0.03748 
0.66984 0.75000 -0.03723 
0.65773 0.75000 -0.03694 
0.64602 0.75000 -0.03660 
0.63472 0.75000 -0.03622 
0.62383 0.75000 -0.03580 
0.61337 0.75000 -0.03536 
0.60333 0.75000 -0.03490 
0.59372 0.75000 -0.03442 
0.58454 0.75000 -0.03392 
0.57578 0.75000 -0.03340 
0.56743 0.75000 -0.03287 
0.55950 0.75000 -0.03234 
0.55196 0.75000 -0.03179 
0.54481 0.75000 -0.03124 
0.53804 0.75000 -0.03069 
0.53163 0.75000 -0.03013 
0.52558 0.75000 -0.02958 
0.51986 0.75000 -0.02903 
0.51446 0.75000 -0.02848 
0.50938 0.75000 -0.02794 
0.50459 0.75000 -0.02740 
0.49942 0.75042 -0.03235 
0.49424 0.75101 -0.03920 
0.48967 0.75138 -0.04272 
0.48566 0.75153 -0.04349 
0.48203 0.75159 -0.04320 
0.47862 0.75165 -0.04283 
0.47542 0.75171 -0.04249 
0.47241 0.75176 -0.04217 
0.46958 0.75182 -0.04188 
0.46689 0.75189 -0.04165 
0.46433 0.75198 -0.04145 
0.46189 0.75208 -0.04127 
0.45953 0.75222 -0.04109 
0.45724 0.75240 -0.04093 
0.45502 0.75260 -0.04075 
0.45286 0.75284 -0.04054 
0.45076 0.75310 -0.04027 
0.44874 0.75338 -0.03991 
0.44679 0.75367 -0.03944 
0.44494 0.75396 -0.03885 
0.44320 0.75423 -0.03809 
0.44157 0.75447 -0.03718 
0.44009 0.75468 -0.03611 
0.43874 0.75485 -0.03492 
0.43752 0.75498 -0.03364 
0.43644 0.75507 -0.03229 
0.43548 0.75511 -0.03090 
0.43465 0.75512 -0.02948 
0.43393 0.75510 -0.02806 
0.43330 0.75504 -0.02666 
0.43276 0.75496 -0.02528 
0.43230 0.75486 -0.02393 
0.43191 0.75474 -0.02261 
0.43159 0.75461 -0.02134 
0.43133 0.75445 -0.02012 
0.43112 0.75429 -0.01894 
0.43094 0.75413 -0.01781 
0.43081 0.75396 -0.01673 
0.43070 0.75378 -0.01570 
0.43062 0.75361 -0.01472 
0.43055 0.75345 -0.01379 
0.43051 0.75328 -0.01290 
0.43047 0.75313 -0.01206 
0.43044 0.75297 -0.01126 
0.43042 0.75283 -0.01050 
0.43041 0.75270 -0.00978 
0.43038 0.75258 -0.00910 
0.43034 0.75248 -0.00846 
0.43025 0.75241 -0.00786 
0.43009 0.75240 -0.00732 
0.42988 0.75242 -0.00683 
0.42971 0.75243 -0.00633 
0.42955 0.75244 -0.00582 
0.42932 0.75250 -0.00533 
0.42908 0.75257 -0.00488 
0.42909 0.75250 -0.00439 
0.42918 0.75240 -0.00385 
0.42887 0.75253 -0.00334 
0.42869 0.75259 -0.00288 
0.42902 0.75237 -0.00245 
0.42909 0.75230 -0.00195 
0.42858 0.75258 -0.00129 
0.42871 0.75249 -0.00068 
0.42987 0.75181 -0.00026 
0.43078 0.75128 0.00000 
0.42992 0.75178 0.00025 
0.42863 0.75253 0.00068 
0.42748 0.75321 0.00136 
0.42694 0.75355 0.00221 
0.42673 0.75369 0.00285 
0.42632 0.75396 0.00329 
0.42582 0.75429 0.00394 
0.42545 0.75455 0.00475 
0.42507 0.75483 0.00552 
0.42463 0.75514 0.00623 
0.42424 0.75544 0.00701 
0.42390 0.75571 0.00787 
0.42355 0.75599 0.00878 
0.42318 0.75629 0.00970 
0.42282 0.75660 0.01066 
0.42250 0.75689 0.01168 
0.42222 0.75717 0.01274 
0.42195 0.75745 0.01385 
0.42168 0.75774 0.01501 
0.42145 0.75802 0.01621 
0.42124 0.75830 0.01745 
0.42107 0.75856 0.01875 
0.42094 0.75882 0.02009 
0.42086 0.75906 0.02149 
0.42082 0.75929 0.02294 
0.42083 0.75950 0.02443 
0.42090 0.75969 0.02597 
0.42104 0.75987 0.02755 
0.42124 0.76001 0.02917 
0.42152 0.76014 0.03083 
0.42189 0.76023 0.03253 
0.42237 0.76028 0.03425 
0.42296 0.76029 0.03598 
0.42366 0.76025 0.03773 
0.42450 0.76016 0.03944 
0.42545 0.76003 0.04115 
0.42653 0.75985 0.04283 
0.42779 0.75960 0.04441 
0.42924 0.75927 0.04584 
0.43087 0.75887 0.04708 
0.43275 0.75836 0.04797 
0.43508 0.75762 0.04789 
0.43779 0.75670 0.04683 
0.44064 0.75573 0.04516 
0.44362 0.75474 0.04282 
0.44675 0.75370 0.03960 
0.45010 0.75257 0.03503 
0.45395 0.75119 0.02779 
0.45730 0.75017 0.02159 
0.45933 0.75000 0.02076 
0.46119 0.75000 0.02114 
0.46317 0.75000 0.02152 
0.46529 0.75000 0.02191 
0.46754 0.75000 0.02229 
0.46995 0.75000 0.02269 
0.47252 0.75000 0.02310 
0.47525 0.75000 0.02352 
0.47816 0.75000 0.02395 
0.48127 0.75000 0.02441 
0.48458 0.75000 0.02488 
0.48810 0.75000 0.02536 
0.49185 0.75000 0.02585 
0.49584 0.75000 0.02636 
0.50008 0.75000 0.02687 
0.50459 0.75000 0.02740 
0.50938 0.75000 0.02794 
0.51446 0.75000 0.02848 
0.51986 0.75000 0.02903 
0.52558 0.75000 0.02958 
0.53163 0.75000 0.03013 
0.53804 0.75000 0.03069 
0.54481 0.75000 0.03124 
0.55196 0.75000 0.03179 
0.55950 0.75000 0.03234 
0.56743 0.75000 0.03287 
0.57578 0.75000 0.03340 
0.58454 0.75000 0.03392 
0.59372 0.75000 0.03442 
0.60333 0.75000 0.03490 
0.61337 0.75000 0.03536 
0.62383 0.75000 0.03580 
0.63472 0.75000 0.03622 
0.64602 0.75000 0.03660 
0.65773 0.75000 0.03694 
0.66984 0.75000 0.03723 
0.68232 0.75000 0.03748 
0.69516 0.75000 0.03767 
0.70833 0.75000 0.03779 
0.72180 0.75000 0.03784 
0.73556 0.75000 0.03782 
0.74955 0.75000 0.03770 
0.76376 0.75000 0.03750 
0.77813 0.75000 0.03720 
0.79263 0.75000 0.03681 
0.80722 0.75000 0.03632 
0.82185 0.75000 0.03574 
0.83648 0.75000 0.03507 
0.85106 0.75000 0.03432 
0.86556 0.75000 0.03350 
0.87994 0.75000 0.03261 
0.89414 0.75000 0.03167 
0.90814 0.75000 0.03069 
0.92189 0.75000 0.02967 
0.93537 0.75000 0.02864 
0.94854 0.75000 0.02759 
0.96138 0.75000 0.02653 
0.97386 0.75000 0.02548 
0.98596 0.75000 0.02443 
0.99767 0.75000 0.02340 
1.00898 0.75000 0.02239 
1.01986 0.75000 0.02139 
1.03033 0.75000 0.02041 
1.04037 0.75000 0.01946 
1.04998 0.75000 0.01853 
1.05916 0.75000 0.01762 
1.06792 0.75000 0.01674 
1.07626 0.75000 0.01588 
1.08420 0.75000 0.01505 
1.09174 0.75000 0.01424 
1.09888 0.75000 0.01347 
1.10565 0.75000 0.01272 
1.11206 0.75000 0.01200 
1.11812 0.75000 0.01131 
1.12384 0.75000 0.01065 
1.12923 0.75000 0.01002 
1.13432 0.75000 0.00942 
1.13911 0.75000 0.00884 
1.14362 0.75000 0.00830 
1.14786 0.75000 0.00778 
1.15185 0.75000 0.00730 
1.15560 0.75000 0.00684 
1.15912 0.75000 0.00640 
1.16243 0.75000 0.00599 
1.16553 0.75000 0.00561 
1.16844 0.75000 0.00525 
1.17118 0.75000 0.00491 
1.17374 0.75000 0.00459 
1.17615 0.75000 0.00430 
1.17841 0.75000 0.00402 
1.18052 0.75000 0.00376 
1.18251 0.75000 0.00352 
1.18437 0.75000 0.00329 
1.18611 0.75000 0.00308 
1.18775 0.75000 0.00287 
1.18928 0.75000 0.00269 
1.19072 0.75000 0.00251 
1.19207 0.75000 0.00234 
1.19334 0.75000 0.00219 
1.19452 0.75000 0.00204 
1.19564 0.75000 0.00190 
1.19668 0.75000 0.00177 
1.19766 0.75000 0.00165 
1.19858 0.75000 0.00154 
1.19944 0.75000 0.00143 
1.20025 0.75000 0.00133 
1.20101 0.75000 0.00123 
1.20173 0.75000 0.00114 
1.20240 0.75000 0.00106 
1.20303 0.75000 0.00098 
1.20361 0.75000 0.00090 
1.20417 0.75000 0.00083 
1.20469 0.75000 0.00077 
1.20517 0.75000 0.00071 
1.20563 0.75000 0.00065 
1.20606 0.75000 0.00059 
1.20646 0.75000 0.00054 
1.20683 0.75000 0.00050 
1.20719 0.75000 0.00045 
1.20751 0.75000 0.00041 
1.20782 0.75000 0.00037 
1.20811 0.75000 0.00033 
1.20838 0.75000 0.00030 
1.20862 0.75000 0.00027 
1.20886 0.75000 0.00024 
1.20907 0.75000 0.00021 
1.20927 0.75000 0.00018 
1.20945 0.75000 0.00016 
1.20962 0.75000 0.00014 
1.20978 0.75000 0.00012 
1.20992 0.75000 0.00010 
1.21005 0.75000 0.00008 
1.21016 0.75000 0.00007 
1.21027 0.75000 0.00006 
1.21036 0.75000 0.00004 
1.21044 0.75000 0.00003 
1.21051 0.75000 0.00002 
1.21057 0.75000 0.00002 
1.21062 0.75000 0.00001 
1.21065 0.75000 0.00001 
1.21068 0.75000 0.00000 
1.21069 0.75000 0.00000 
1.21070 0.75000 -0.00000 

ZONE T="SLICE_Y_1p4_BINS07_KS_1mm_SINGLE_LAYER"
1.39331 1.40000 0.00000 
1.39330 1.40000 -0.00000 
1.39329 1.40000 -0.00000 
1.39327 1.40000 -0.00000 
1.39324 1.40000 -0.00001 
1.39321 1.40000 -0.00001 
1.39316 1.40000 -0.00002 
1.39311 1.40000 -0.00002 
1.39305 1.40000 -0.00003 
1.39298 1.40000 -0.00004 
1.39290 1.40000 -0.00005 
1.39282 1.40000 -0.00006 
1.39272 1.40000 -0.00008 
1.39261 1.40000 -0.00009 
1.39250 1.40000 -0.00010 
1.39237 1.40000 -0.00012 
1.39223 1.40000 -0.00014 
1.39208 1.40000 -0.00016 
1.39192 1.40000 -0.00018 
1.39174 1.40000 -0.00020 
1.39156 1.40000 -0.00022 
1.39136 1.40000 -0.00025 
1.39114 1.40000 -0.00028 
1.39091 1.40000 -0.00031 
1.39066 1.40000 -0.00034 
1.39040 1.40000 -0.00037 
1.39011 1.40000 -0.00041 
1.38981 1.40000 -0.00045 
1.38949 1.40000 -0.00049 
1.38915 1.40000 -0.00053 
1.38878 1.40000 -0.00058 
1.38839 1.40000 -0.00063 
1.38798 1.40000 -0.00068 
1.38753 1.40000 -0.00074 
1.38706 1.40000 -0.00080 
1.38656 1.40000 -0.00086 
1.38602 1.40000 -0.00093 
1.38545 1.40000 -0.00100 
1.38484 1.40000 -0.00107 
1.38419 1.40000 -0.00116 
1.38350 1.40000 -0.00124 
1.38276 1.40000 -0.00133 
1.38197 1.40000 -0.00143 
1.38114 1.40000 -0.00154 
1.38024 1.40000 -0.00165 
1.37929 1.40000 -0.00176 
1.37828 1.40000 -0.00189 
1.37719 1.40000 -0.00202 
1.37604 1.40000 -0.00216 
1.37481 1.40000 -0.00231 
1.37350 1.40000 -0.00247 
1.37210 1.40000 -0.00265 
1.37060 1.40000 -0.00283 
1.36901 1.40000 -0.00302 
1.36731 1.40000 -0.00323 
1.36550 1.40000 -0.00346 
1.36358 1.40000 -0.00369 
1.36152 1.40000 -0.00395 
1.35933 1.40000 -0.00422 
1.35699 1.40000 -0.00451 
1.35450 1.40000 -0.00482 
1.35185 1.40000 -0.00514 
1.34903 1.40000 -0.00549 
1.34603 1.40000 -0.00586 
1.34284 1.40000 -0.00624 
1.33945 1.40000 -0.00665 
1.33584 1.40000 -0.00708 
1.33202 1.40000 -0.00754 
1.32796 1.40000 -0.00801 
1.32366 1.40000 -0.00851 
1.31910 1.40000 -0.00903 
1.31428 1.40000 -0.00957 
1.30919 1.40000 -0.01013 
1.30381 1.40000 -0.01072 
1.29814 1.40000 -0.01132 
1.29217 1.40000 -0.01195 
1.28590 1.40000 -0.01259 
1.27930 1.40000 -0.01325 
1.27240 1.40000 -0.01394 
1.26517 1.40000 -0.01464 
1.25762 1.40000 -0.01536 
1.24975 1.40000 -0.01609 
1.24155 1.40000 -0.01684 
1.23305 1.40000 -0.01760 
1.22424 1.40000 -0.01838 
1.21514 1.40000 -0.01917 
1.20575 1.40000 -0.01996 
1.19609 1.40000 -0.02075 
1.18618 1.40000 -0.02154 
1.17604 1.40000 -0.02232 
1.16569 1.40000 -0.02309 
1.15517 1.40000 -0.02383 
1.14448 1.40000 -0.02453 
1.13367 1.40000 -0.02520 
1.12276 1.40000 -0.02582 
1.11179 1.40000 -0.02639 
1.10078 1.40000 -0.02689 
1.08978 1.40000 -0.02732 
1.07880 1.40000 -0.02769 
1.06789 1.40000 -0.02799 
1.05708 1.40000 -0.02821 
1.04640 1.40000 -0.02836 
1.03587 1.40000 -0.02845 
1.02552 1.40000 -0.02847 
1.01538 1.40000 -0.02843 
1.00547 1.40000 -0.02834 
0.99582 1.40000 -0.02819 
0.98643 1.40000 -0.02801 
0.97732 1.40000 -0.02779 
0.96851 1.40000 -0.02753 
0.96001 1.40000 -0.02724 
0.95182 1.40000 -0.02693 
0.94395 1.40000 -0.02660 
0.93639 1.40000 -0.02626 
0.92917 1.40000 -0.02589 
0.92226 1.40000 -0.02551 
0.91567 1.40000 -0.02513 
0.90939 1.40000 -0.02473 
0.90342 1.40000 -0.02433 
0.89775 1.40000 -0.02392 
0.89237 1.40000 -0.02350 
0.88728 1.40000 -0.02309 
0.88246 1.40000 -0.02267 
0.87790 1.40000 -0.02225 
0.87360 1.40000 -0.02184 
0.86954 1.40000 -0.02142 
0.86572 1.40000 -0.02102 
0.86201 1.40007 -0.02153 
0.85786 1.40055 -0.02741 
0.85367 1.40118 -0.03483 
0.85007 1.40155 -0.03846 
0.84693 1.40175 -0.03977 
0.84413 1.40184 -0.03980 
0.84152 1.40190 -0.03960 
0.83907 1.40197 -0.03940 
0.83677 1.40203 -0.03922 
0.83460 1.40210 -0.03903 
0.83254 1.40217 -0.03886 
0.83057 1.40226 -0.03870 
0.82868 1.40237 -0.03850 
0.82684 1.40251 -0.03828 
0.82504 1.40268 -0.03807 
0.82328 1.40289 -0.03782 
0.82155 1.40313 -0.03754 
0.81985 1.40339 -0.03723 
0.81820 1.40367 -0.03684 
0.81660 1.40397 -0.03635 
0.81508 1.40425 -0.03573 
0.81366 1.40452 -0.03494 
0.81234 1.40476 -0.03401 
0.81114 1.40496 -0.03293 
0.81007 1.40512 -0.03174 
0.80910 1.40525 -0.03049 
0.80824 1.40534 -0.02920 
0.80749 1.40538 -0.02787 
0.80685 1.40540 -0.02653 
0.80631 1.40538 -0.02520 
0.80584 1.40533 -0.02390 
0.80545 1.40526 -0.02261 
0.80513 1.40517 -0.02136 
0.80487 1.40506 -0.02015 
0.80467 1.40493 -0.01898 
0.80452 1.40479 -0.01785 
0.80441 1.40464 -0.01677 
0.80433 1.40448 -0.01574 
0.80429 1.40432 -0.01475 
0.80427 1.40416 -0.01382 
0.80426 1.40400 -0.01293 
0.80427 1.40384 -0.01208 
0.80429 1.40368 -0.01128 
0.80433 1.40353 -0.01052 
0.80437 1.40338 -0.00980 
0.80441 1.40324 -0.00912 
0.80444 1.40311 -0.00848 
0.80447 1.40299 -0.00787 
0.80449 1.40289 -0.00730 
0.80449 1.40280 -0.00675 
0.80450 1.40271 -0.00623 
0.80453 1.40262 -0.00573 
0.80454 1.40255 -0.00526 
0.80449 1.40251 -0.00480 
0.80434 1.40254 -0.00439 
0.80420 1.40257 -0.00401 
0.80431 1.40247 -0.00359 
0.80438 1.40239 -0.00314 
0.80425 1.40243 -0.00269 
0.80390 1.40260 -0.00236 
0.80416 1.40242 -0.00203 
0.80453 1.40219 -0.00156 
0.80376 1.40262 -0.00105 
0.80413 1.40239 -0.00055 
0.80549 1.40160 -0.00021 
0.80630 1.40113 0.00000 
0.80549 1.40160 0.00021 
0.80422 1.40234 0.00055 
0.80301 1.40305 0.00110 
0.80234 1.40346 0.00183 
0.80198 1.40368 0.00241 
0.80146 1.40401 0.00279 
0.80103 1.40428 0.00332 
0.80077 1.40447 0.00401 
0.80044 1.40470 0.00467 
0.79998 1.40501 0.00528 
0.79956 1.40531 0.00596 
0.79922 1.40556 0.00672 
0.79890 1.40580 0.00750 
0.79855 1.40607 0.00829 
0.79820 1.40636 0.00913 
0.79786 1.40663 0.01002 
0.79756 1.40689 0.01095 
0.79728 1.40714 0.01192 
0.79701 1.40740 0.01293 
0.79676 1.40766 0.01398 
0.79653 1.40791 0.01508 
0.79632 1.40816 0.01622 
0.79615 1.40839 0.01740 
0.79602 1.40861 0.01864 
0.79592 1.40883 0.01992 
0.79587 1.40902 0.02124 
0.79586 1.40920 0.02261 
0.79591 1.40936 0.02402 
0.79602 1.40951 0.02547 
0.79618 1.40963 0.02696 
0.79642 1.40972 0.02848 
0.79676 1.40977 0.03003 
0.79719 1.40978 0.03160 
0.79773 1.40975 0.03318 
0.79836 1.40968 0.03477 
0.79910 1.40957 0.03634 
0.79995 1.40942 0.03788 
0.80094 1.40921 0.03938 
0.80209 1.40893 0.04077 
0.80341 1.40857 0.04198 
0.80498 1.40810 0.04281 
0.80698 1.40740 0.04272 
0.80927 1.40656 0.04181 
0.81165 1.40571 0.04051 
0.81409 1.40484 0.03873 
0.81661 1.40397 0.03634 
0.81924 1.40306 0.03312 
0.82206 1.40207 0.02860 
0.82542 1.40080 0.02101 
0.82807 1.40000 0.01562 
0.82947 1.40000 0.01591 
0.83096 1.40000 0.01619 
0.83255 1.40000 0.01648 
0.83425 1.40000 0.01677 
0.83606 1.40000 0.01707 
0.83799 1.40000 0.01737 
0.84004 1.40000 0.01769 
0.84224 1.40000 0.01802 
0.84457 1.40000 0.01836 
0.84706 1.40000 0.01871 
0.84971 1.40000 0.01908 
0.85253 1.40000 0.01945 
0.85553 1.40000 0.01983 
0.85872 1.40000 0.02022 
0.86212 1.40000 0.02061 
0.86572 1.40000 0.02102 
0.86954 1.40000 0.02142 
0.87360 1.40000 0.02184 
0.87790 1.40000 0.02225 
0.88246 1.40000 0.02267 
0.88728 1.40000 0.02309 
0.89237 1.40000 0.02350 
0.89775 1.40000 0.02392 
0.90342 1.40000 0.02433 
0.90939 1.40000 0.02473 
0.91567 1.40000 0.02513 
0.92226 1.40000 0.02551 
0.92917 1.40000 0.02589 
0.93639 1.40000 0.02626 
0.94395 1.40000 0.02660 
0.95182 1.40000 0.02693 
0.96001 1.40000 0.02724 
0.96851 1.40000 0.02753 
0.97732 1.40000 0.02779 
0.98643 1.40000 0.02801 
0.99582 1.40000 0.02819 
1.00547 1.40000 0.02834 
1.01538 1.40000 0.02843 
1.02552 1.40000 0.02847 
1.03587 1.40000 0.02845 
1.04640 1.40000 0.02836 
1.05708 1.40000 0.02821 
1.06789 1.40000 0.02799 
1.07880 1.40000 0.02769 
1.08978 1.40000 0.02732 
1.10078 1.40000 0.02689 
1.11179 1.40000 0.02639 
1.12276 1.40000 0.02582 
1.13367 1.40000 0.02520 
1.14448 1.40000 0.02453 
1.15517 1.40000 0.02383 
1.16569 1.40000 0.02309 
1.17604 1.40000 0.02232 
1.18618 1.40000 0.02154 
1.19609 1.40000 0.02075 
1.20575 1.40000 0.01996 
1.21514 1.40000 0.01917 
1.22424 1.40000 0.01838 
1.23305 1.40000 0.01760 
1.24155 1.40000 0.01684 
1.24975 1.40000 0.01609 
1.25762 1.40000 0.01536 
1.26517 1.40000 0.01464 
1.27240 1.40000 0.01394 
1.27930 1.40000 0.01325 
1.28590 1.40000 0.01259 
1.29217 1.40000 0.01195 
1.29814 1.40000 0.01132 
1.30381 1.40000 0.01072 
1.30919 1.40000 0.01013 
1.31428 1.40000 0.00957 
1.31910 1.40000 0.00903 
1.32366 1.40000 0.00851 
1.32796 1.40000 0.00801 
1.33202 1.40000 0.00754 
1.33584 1.40000 0.00708 
1.33945 1.40000 0.00665 
1.34284 1.40000 0.00624 
1.34603 1.40000 0.00586 
1.34903 1.40000 0.00549 
1.35185 1.40000 0.00514 
1.35450 1.40000 0.00482 
1.35699 1.40000 0.00451 
1.35933 1.40000 0.00422 
1.36152 1.40000 0.00395 
1.36358 1.40000 0.00369 
1.36550 1.40000 0.00346 
1.36731 1.40000 0.00323 
1.36901 1.40000 0.00302 
1.37060 1.40000 0.00283 
1.37210 1.40000 0.00265 
1.37350 1.40000 0.00247 
1.37481 1.40000 0.00231 
1.37604 1.40000 0.00216 
1.37719 1.40000 0.00202 
1.37828 1.40000 0.00189 
1.37929 1.40000 0.00176 
1.38024 1.40000 0.00165 
1.38114 1.40000 0.00154 
1.38197 1.40000 0.00143 
1.38276 1.40000 0.00133 
1.38350 1.40000 0.00124 
1.38419 1.40000 0.00116 
1.38484 1.40000 0.00107 
1.38545 1.40000 0.00100 
1.38602 1.40000 0.00093 
1.38656 1.40000 0.00086 
1.38706 1.40000 0.00080 
1.38753 1.40000 0.00074 
1.38798 1.40000 0.00068 
1.38839 1.40000 0.00063 
1.38878 1.40000 0.00058 
1.38915 1.40000 0.00053 
1.38949 1.40000 0.00049 
1.38981 1.40000 0.00045 
1.39011 1.40000 0.00041 
1.39040 1.40000 0.00037 
1.39066 1.40000 0.00034 
1.39091 1.40000 0.00031 
1.39114 1.40000 0.00028 
1.39136 1.40000 0.00025 
1.39156 1.40000 0.00022 
1.39174 1.40000 0.00020 
1.39192 1.40000 0.00018 
1.39208 1.40000 0.00016 
1.39223 1.40000 0.00014 
1.39237 1.40000 0.00012 
1.39250 1.40000 0.00010 
1.39261 1.40000 0.00009 
1.39272 1.40000 0.00008 
1.39282 1.40000 0.00006 
1.39290 1.40000 0.00005 
1.39298 1.40000 0.00004 
1.39305 1.40000 0.00003 
1.39311 1.40000 0.00002 
1.39316 1.40000 0.00002 
1.39321 1.40000 0.00001 
1.39324 1.40000 0.00001 
1.39327 1.40000 0.00000 
1.39329 1.40000 0.00000 
1.39330 1.40000 0.00000 
1.39331 1.40000 0.00000 

ZONE T="SLICE_Y_0p1_BINS15_KS_1mm_SINGLE_LAYER"
1.02809 0.10000 -0.00000 
1.02809 0.10000 -0.00000 
1.02807 0.10000 -0.00000 
1.02803 0.10000 -0.00001 
1.02799 0.10000 -0.00001 
1.02793 0.10000 -0.00002 
1.02786 0.10000 -0.00003 
1.02777 0.10000 -0.00004 
1.02767 0.10000 -0.00005 
1.02756 0.10000 -0.00007 
1.02743 0.10000 -0.00009 
1.02728 0.10000 -0.00010 
1.02712 0.10000 -0.00013 
1.02694 0.10000 -0.00015 
1.02675 0.10000 -0.00017 
1.02654 0.10000 -0.00020 
1.02631 0.10000 -0.00023 
1.02606 0.10000 -0.00026 
1.02579 0.10000 -0.00030 
1.02550 0.10000 -0.00033 
1.02519 0.10000 -0.00037 
1.02486 0.10000 -0.00042 
1.02450 0.10000 -0.00046 
1.02412 0.10000 -0.00051 
1.02371 0.10000 -0.00056 
1.02327 0.10000 -0.00062 
1.02280 0.10000 -0.00068 
1.02230 0.10000 -0.00074 
1.02177 0.10000 -0.00081 
1.02120 0.10000 -0.00088 
1.02059 0.10000 -0.00096 
1.01994 0.10000 -0.00104 
1.01925 0.10000 -0.00113 
1.01852 0.10000 -0.00122 
1.01773 0.10000 -0.00132 
1.01690 0.10000 -0.00143 
1.01601 0.10000 -0.00154 
1.01506 0.10000 -0.00166 
1.01405 0.10000 -0.00178 
1.01297 0.10000 -0.00192 
1.01183 0.10000 -0.00206 
1.01060 0.10000 -0.00221 
1.00930 0.10000 -0.00237 
1.00791 0.10000 -0.00255 
1.00643 0.10000 -0.00273 
1.00485 0.10000 -0.00292 
1.00317 0.10000 -0.00313 
1.00137 0.10000 -0.00335 
0.99946 0.10000 -0.00359 
0.99742 0.10000 -0.00384 
0.99524 0.10000 -0.00410 
0.99292 0.10000 -0.00439 
0.99044 0.10000 -0.00469 
0.98780 0.10000 -0.00502 
0.98499 0.10000 -0.00536 
0.98198 0.10000 -0.00573 
0.97878 0.10000 -0.00613 
0.97537 0.10000 -0.00655 
0.97174 0.10000 -0.00700 
0.96786 0.10000 -0.00748 
0.96374 0.10000 -0.00799 
0.95934 0.10000 -0.00853 
0.95466 0.10000 -0.00910 
0.94969 0.10000 -0.00971 
0.94439 0.10000 -0.01035 
0.93877 0.10000 -0.01103 
0.93279 0.10000 -0.01175 
0.92644 0.10000 -0.01250 
0.91971 0.10000 -0.01329 
0.91258 0.10000 -0.01411 
0.90502 0.10000 -0.01497 
0.89703 0.10000 -0.01587 
0.88858 0.10000 -0.01680 
0.87966 0.10000 -0.01777 
0.87026 0.10000 -0.01878 
0.86035 0.10000 -0.01981 
0.84994 0.10000 -0.02088 
0.83901 0.10000 -0.02198 
0.82755 0.10000 -0.02311 
0.81556 0.10000 -0.02428 
0.80304 0.10000 -0.02547 
0.78998 0.10000 -0.02669 
0.77640 0.10000 -0.02793 
0.76230 0.10000 -0.02920 
0.74768 0.10000 -0.03049 
0.73258 0.10000 -0.03179 
0.71701 0.10000 -0.03310 
0.70099 0.10000 -0.03442 
0.68456 0.10000 -0.03573 
0.66774 0.10000 -0.03702 
0.65058 0.10000 -0.03829 
0.63311 0.10000 -0.03952 
0.61539 0.10000 -0.04069 
0.59746 0.10000 -0.04180 
0.57937 0.10000 -0.04283 
0.56117 0.10000 -0.04376 
0.54291 0.10000 -0.04460 
0.52466 0.10000 -0.04532 
0.50646 0.10000 -0.04593 
0.48837 0.10000 -0.04642 
0.47043 0.10000 -0.04679 
0.45271 0.10000 -0.04704 
0.43525 0.10000 -0.04718 
0.41809 0.10000 -0.04722 
0.40127 0.10000 -0.04715 
0.38484 0.10000 -0.04700 
0.36882 0.10000 -0.04676 
0.35325 0.10000 -0.04646 
0.33814 0.10000 -0.04609 
0.32353 0.10000 -0.04566 
0.30943 0.10000 -0.04519 
0.29584 0.10000 -0.04467 
0.28278 0.10000 -0.04413 
0.27026 0.10000 -0.04355 
0.25827 0.10000 -0.04294 
0.24681 0.10000 -0.04232 
0.23588 0.10000 -0.04168 
0.22547 0.10000 -0.04102 
0.21557 0.10000 -0.04035 
0.20617 0.10000 -0.03967 
0.19725 0.10000 -0.03898 
0.18880 0.10000 -0.03829 
0.18081 0.10000 -0.03760 
0.17325 0.10000 -0.03691 
0.16611 0.10000 -0.03622 
0.15938 0.10000 -0.03553 
0.15304 0.10000 -0.03486 
0.14706 0.10000 -0.03419 
0.14143 0.10000 -0.03353 
0.13614 0.10000 -0.03289 
0.13116 0.10000 -0.03225 
0.12649 0.10000 -0.03164 
0.12209 0.10000 -0.03104 
0.11796 0.10000 -0.03045 
0.11409 0.10000 -0.02989 
0.11045 0.10000 -0.02934 
0.10665 0.10024 -0.03133 
0.10292 0.10057 -0.03399 
0.09923 0.10099 -0.03739 
0.09549 0.10155 -0.04177 
0.09217 0.10196 -0.04411 
0.08923 0.10224 -0.04484 
0.08651 0.10246 -0.04483 
0.08391 0.10271 -0.04464 
0.08140 0.10298 -0.04440 
0.07898 0.10326 -0.04406 
0.07665 0.10357 -0.04361 
0.07444 0.10387 -0.04304 
0.07235 0.10416 -0.04231 
0.07038 0.10443 -0.04143 
0.06857 0.10467 -0.04040 
0.06690 0.10487 -0.03921 
0.06539 0.10504 -0.03791 
0.06403 0.10515 -0.03652 
0.06282 0.10522 -0.03506 
0.06175 0.10525 -0.03356 
0.06082 0.10524 -0.03204 
0.06001 0.10519 -0.03051 
0.05929 0.10512 -0.02900 
0.05867 0.10502 -0.02752 
0.05813 0.10490 -0.02607 
0.05768 0.10476 -0.02466 
0.05730 0.10460 -0.02329 
0.05699 0.10443 -0.02197 
0.05672 0.10425 -0.02070 
0.05650 0.10407 -0.01948 
0.05632 0.10388 -0.01831 
0.05617 0.10369 -0.01719 
0.05606 0.10351 -0.01611 
0.05597 0.10332 -0.01509 
0.05590 0.10314 -0.01411 
0.05585 0.10296 -0.01317 
0.05581 0.10279 -0.01229 
0.05577 0.10263 -0.01144 
0.05573 0.10249 -0.01064 
0.05566 0.10237 -0.00989 
0.05552 0.10231 -0.00921 
0.05529 0.10231 -0.00859 
0.05502 0.10234 -0.00802 
0.05480 0.10236 -0.00744 
0.05459 0.10238 -0.00684 
0.05433 0.10244 -0.00627 
0.05406 0.10251 -0.00573 
0.05400 0.10247 -0.00517 
0.05402 0.10239 -0.00455 
0.05375 0.10248 -0.00393 
0.05346 0.10260 -0.00339 
0.05369 0.10243 -0.00290 
0.05381 0.10232 -0.00232 
0.05338 0.10255 -0.00154 
0.05375 0.10231 -0.00078 
0.05493 0.10162 -0.00027 
0.05578 0.10112 -0.00000 
0.05495 0.10161 0.00027 
0.05384 0.10226 0.00078 
0.05334 0.10257 0.00154 
0.05343 0.10255 0.00236 
0.05325 0.10268 0.00298 
0.05271 0.10304 0.00353 
0.05228 0.10334 0.00422 
0.05213 0.10348 0.00501 
0.05192 0.10367 0.00575 
0.05156 0.10395 0.00648 
0.05119 0.10425 0.00730 
0.05090 0.10451 0.00818 
0.05064 0.10476 0.00909 
0.05037 0.10503 0.01001 
0.05010 0.10531 0.01098 
0.04984 0.10559 0.01200 
0.04962 0.10586 0.01308 
0.04943 0.10613 0.01420 
0.04924 0.10640 0.01535 
0.04908 0.10668 0.01656 
0.04895 0.10695 0.01782 
0.04884 0.10722 0.01913 
0.04878 0.10748 0.02049 
0.04877 0.10772 0.02190 
0.04881 0.10796 0.02336 
0.04890 0.10818 0.02487 
0.04905 0.10838 0.02643 
0.04927 0.10857 0.02803 
0.04956 0.10874 0.02968 
0.04992 0.10888 0.03136 
0.05038 0.10900 0.03308 
0.05095 0.10907 0.03483 
0.05164 0.10910 0.03660 
0.05245 0.10909 0.03836 
0.05340 0.10903 0.04011 
0.05446 0.10894 0.04186 
0.05566 0.10880 0.04359 
0.05720 0.10850 0.04494 
0.05971 0.10768 0.04466 
0.06281 0.10655 0.04313 
0.06605 0.10537 0.04107 
0.06947 0.10414 0.03826 
0.07349 0.10260 0.03351 
0.07748 0.10113 0.02810 
0.08054 0.10026 0.02467 
0.08266 0.10000 0.02388 
0.08445 0.10000 0.02441 
0.08637 0.10000 0.02492 
0.08841 0.10000 0.02541 
0.09059 0.10000 0.02590 
0.09291 0.10000 0.02638 
0.09538 0.10000 0.02686 
0.09803 0.10000 0.02733 
0.10084 0.10000 0.02781 
0.10384 0.10000 0.02831 
0.10704 0.10000 0.02882 
0.11045 0.10000 0.02934 
0.11409 0.10000 0.02989 
0.11796 0.10000 0.03045 
0.12209 0.10000 0.03104 
0.12649 0.10000 0.03164 
0.13116 0.10000 0.03225 
0.13614 0.10000 0.03289 
0.14143 0.10000 0.03353 
0.14706 0.10000 0.03419 
0.15304 0.10000 0.03486 
0.15938 0.10000 0.03553 
0.16611 0.10000 0.03622 
0.17325 0.10000 0.03691 
0.18081 0.10000 0.03760 
0.18880 0.10000 0.03829 
0.19725 0.10000 0.03898 
0.20617 0.10000 0.03967 
0.21557 0.10000 0.04035 
0.22547 0.10000 0.04102 
0.23588 0.10000 0.04168 
0.24681 0.10000 0.04232 
0.25827 0.10000 0.04294 
0.27026 0.10000 0.04355 
0.28278 0.10000 0.04413 
0.29584 0.10000 0.04467 
0.30943 0.10000 0.04519 
0.32353 0.10000 0.04566 
0.33814 0.10000 0.04609 
0.35325 0.10000 0.04646 
0.36882 0.10000 0.04676 
0.38484 0.10000 0.04700 
0.40127 0.10000 0.04715 
0.41809 0.10000 0.04722 
0.43525 0.10000 0.04718 
0.45271 0.10000 0.04704 
0.47043 0.10000 0.04679 
0.48837 0.10000 0.04642 
0.50646 0.10000 0.04593 
0.52466 0.10000 0.04532 
0.54291 0.10000 0.04460 
0.56117 0.10000 0.04376 
0.57937 0.10000 0.04283 
0.59746 0.10000 0.04180 
0.61539 0.10000 0.04069 
0.63311 0.10000 0.03952 
0.65058 0.10000 0.03829 
0.66774 0.10000 0.03702 
0.68456 0.10000 0.03573 
0.70099 0.10000 0.03442 
0.71701 0.10000 0.03310 
0.73258 0.10000 0.03179 
0.74768 0.10000 0.03049 
0.76230 0.10000 0.02920 
0.77640 0.10000 0.02793 
0.78998 0.10000 0.02669 
0.80304 0.10000 0.02547 
0.81556 0.10000 0.02428 
0.82755 0.10000 0.02311 
0.83901 0.10000 0.02198 
0.84994 0.10000 0.02088 
0.86035 0.10000 0.01981 
0.87026 0.10000 0.01878 
0.87966 0.10000 0.01777 
0.88858 0.10000 0.01680 
0.89703 0.10000 0.01587 
0.90502 0.10000 0.01497 
0.91258 0.10000 0.01411 
0.91971 0.10000 0.01329 
0.92644 0.10000 0.01250 
0.93279 0.10000 0.01175 
0.93877 0.10000 0.01103 
0.94439 0.10000 0.01035 
0.94969 0.10000 0.00971 
0.95466 0.10000 0.00910 
0.95934 0.10000 0.00853 
0.96374 0.10000 0.00799 
0.96786 0.10000 0.00748 
0.97174 0.10000 0.00700 
0.97537 0.10000 0.00655 
0.97878 0.10000 0.00613 
0.98198 0.10000 0.00573 
0.98499 0.10000 0.00536 
0.98780 0.10000 0.00502 
0.99044 0.10000 0.00469 
0.99292 0.10000 0.00439 
0.99524 0.10000 0.00410 
0.99742 0.10000 0.00384 
0.99946 0.10000 0.00359 
1.00137 0.10000 0.00335 
1.00317 0.10000 0.00313 
1.00485 0.10000 0.00292 
1.00643 0.10000 0.00273 
1.00791 0.10000 0.00255 
1.00930 0.10000 0.00237 
1.01060 0.10000 0.00221 
1.01183 0.10000 0.00206 
1.01297 0.10000 0.00192 
1.01405 0.10000 0.00178 
1.01506 0.10000 0.00166 
1.01601 0.10000 0.00154 
1.01690 0.10000 0.00143 
1.01773 0.10000 0.00132 
1.01852 0.10000 0.00122 
1.01925 0.10000 0.00113 
1.01994 0.10000 0.00104 
1.02059 0.10000 0.00096 
1.02120 0.10000 0.00088 
1.02177 0.10000 0.00081 
1.02230 0.10000 0.00074 
1.02280 0.10000 0.00068 
1.02327 0.10000 0.00062 
1.02371 0.10000 0.00056 
1.02412 0.10000 0.00051 
1.02450 0.10000 0.00046 
1.02486 0.10000 0.00042 
1.02519 0.10000 0.00037 
1.02550 0.10000 0.00033 
1.02579 0.10000 0.00030 
1.02606 0.10000 0.00026 
1.02631 0.10000 0.00023 
1.02654 0.10000 0.00020 
1.02675 0.10000 0.00017 
1.02694 0.10000 0.00015 
1.02712 0.10000 0.00013 
1.02728 0.10000 0.00010 
1.02743 0.10000 0.00009 
1.02756 0.10000 0.00007 
1.02767 0.10000 0.00005 
1.02777 0.10000 0.00004 
1.02786 0.10000 0.00003 
1.02793 0.10000 0.00002 
1.02799 0.10000 0.00001 
1.02803 0.10000 0.00001 
1.02807 0.10000 0.00000 
1.02809 0.10000 0.00000 
1.02809 0.10000 -0.00000 

ZONE T="SLICE_Y_0p75_BINS15_KS_1mm_SINGLE_LAYER"
1.21070 0.75000 -0.00000 
1.21069 0.75000 -0.00000 
1.21068 0.75000 -0.00000 
1.21065 0.75000 -0.00001 
1.21062 0.75000 -0.00001 
1.21057 0.75000 -0.00002 
1.21051 0.75000 -0.00002 
1.21044 0.75000 -0.00003 
1.21036 0.75000 -0.00004 
1.21027 0.75000 -0.00006 
1.21016 0.75000 -0.00007 
1.21005 0.75000 -0.00008 
1.20992 0.75000 -0.00010 
1.20978 0.75000 -0.00012 
1.20962 0.75000 -0.00014 
1.20945 0.75000 -0.00016 
1.20927 0.75000 -0.00018 
1.20907 0.75000 -0.00021 
1.20886 0.75000 -0.00024 
1.20862 0.75000 -0.00027 
1.20838 0.75000 -0.00030 
1.20811 0.75000 -0.00033 
1.20782 0.75000 -0.00037 
1.20751 0.75000 -0.00041 
1.20719 0.75000 -0.00045 
1.20683 0.75000 -0.00050 
1.20646 0.75000 -0.00054 
1.20606 0.75000 -0.00059 
1.20563 0.75000 -0.00065 
1.20517 0.75000 -0.00071 
1.20469 0.75000 -0.00077 
1.20417 0.75000 -0.00083 
1.20361 0.75000 -0.00090 
1.20303 0.75000 -0.00098 
1.20240 0.75000 -0.00106 
1.20173 0.75000 -0.00114 
1.20101 0.75000 -0.00123 
1.20025 0.75000 -0.00133 
1.19944 0.75000 -0.00143 
1.19858 0.75000 -0.00154 
1.19766 0.75000 -0.00165 
1.19668 0.75000 -0.00177 
1.19564 0.75000 -0.00190 
1.19452 0.75000 -0.00204 
1.19334 0.75000 -0.00219 
1.19207 0.75000 -0.00234 
1.19072 0.75000 -0.00251 
1.18928 0.75000 -0.00269 
1.18775 0.75000 -0.00287 
1.18611 0.75000 -0.00308 
1.18437 0.75000 -0.00329 
1.18251 0.75000 -0.00352 
1.18052 0.75000 -0.00376 
1.17841 0.75000 -0.00402 
1.17615 0.75000 -0.00430 
1.17374 0.75000 -0.00459 
1.17118 0.75000 -0.00491 
1.16844 0.75000 -0.00525 
1.16553 0.75000 -0.00561 
1.16243 0.75000 -0.00599 
1.15912 0.75000 -0.00640 
1.15560 0.75000 -0.00684 
1.15185 0.75000 -0.00730 
1.14786 0.75000 -0.00778 
1.14362 0.75000 -0.00830 
1.13911 0.75000 -0.00884 
1.13432 0.75000 -0.00942 
1.12923 0.75000 -0.01002 
1.12384 0.75000 -0.01065 
1.11812 0.75000 -0.01131 
1.11206 0.75000 -0.01200 
1.10565 0.75000 -0.01272 
1.09888 0.75000 -0.01347 
1.09174 0.75000 -0.01424 
1.08420 0.75000 -0.01505 
1.07626 0.75000 -0.01588 
1.06792 0.75000 -0.01674 
1.05916 0.75000 -0.01762 
1.04998 0.75000 -0.01853 
1.04037 0.75000 -0.01946 
1.03033 0.75000 -0.02041 
1.01986 0.75000 -0.02139 
1.00898 0.75000 -0.02239 
0.99767 0.75000 -0.02340 
0.98596 0.75000 -0.02443 
0.97386 0.75000 -0.02548 
0.96138 0.75000 -0.02653 
0.94854 0.75000 -0.02759 
0.93537 0.75000 -0.02864 
0.92189 0.75000 -0.02967 
0.90814 0.75000 -0.03069 
0.89414 0.75000 -0.03167 
0.87994 0.75000 -0.03261 
0.86556 0.75000 -0.03350 
0.85106 0.75000 -0.03432 
0.83648 0.75000 -0.03507 
0.82185 0.75000 -0.03574 
0.80722 0.75000 -0.03632 
0.79263 0.75000 -0.03681 
0.77813 0.75000 -0.03720 
0.76376 0.75000 -0.03750 
0.74955 0.75000 -0.03770 
0.73556 0.75000 -0.03782 
0.72180 0.75000 -0.03784 
0.70833 0.75000 -0.03779 
0.69516 0.75000 -0.03767 
0.68232 0.75000 -0.03748 
0.66984 0.75000 -0.03723 
0.65773 0.75000 -0.03694 
0.64602 0.75000 -0.03660 
0.63472 0.75000 -0.03622 
0.62383 0.75000 -0.03580 
0.61337 0.75000 -0.03536 
0.60333 0.75000 -0.03490 
0.59372 0.75000 -0.03442 
0.58454 0.75000 -0.03392 
0.57578 0.75000 -0.03340 
0.56743 0.75000 -0.03287 
0.55950 0.75000 -0.03234 
0.55196 0.75000 -0.03179 
0.54481 0.75000 -0.03124 
0.53804 0.75000 -0.03069 
0.53163 0.75000 -0.03013 
0.52558 0.75000 -0.02958 
0.51986 0.75000 -0.02903 
0.51446 0.75000 -0.02848 
0.50938 0.75000 -0.02794 
0.50459 0.75000 -0.02740 
0.49944 0.75041 -0.03220 
0.49427 0.75100 -0.03898 
0.48968 0.75137 -0.04262 
0.48567 0.75153 -0.04348 
0.48203 0.75159 -0.04320 
0.47862 0.75165 -0.04283 
0.47542 0.75171 -0.04249 
0.47241 0.75176 -0.04218 
0.46957 0.75182 -0.04189 
0.46689 0.75189 -0.04165 
0.46433 0.75198 -0.04146 
0.46189 0.75208 -0.04127 
0.45953 0.75222 -0.04109 
0.45724 0.75240 -0.04093 
0.45502 0.75260 -0.04076 
0.45286 0.75284 -0.04054 
0.45076 0.75310 -0.04027 
0.44874 0.75338 -0.03991 
0.44679 0.75367 -0.03944 
0.44494 0.75395 -0.03884 
0.44320 0.75422 -0.03808 
0.44158 0.75447 -0.03717 
0.44009 0.75468 -0.03611 
0.43874 0.75485 -0.03491 
0.43753 0.75498 -0.03363 
0.43644 0.75506 -0.03228 
0.43549 0.75511 -0.03089 
0.43465 0.75512 -0.02948 
0.43393 0.75509 -0.02806 
0.43331 0.75504 -0.02665 
0.43277 0.75496 -0.02527 
0.43230 0.75486 -0.02392 
0.43191 0.75474 -0.02261 
0.43159 0.75460 -0.02134 
0.43133 0.75445 -0.02011 
0.43112 0.75429 -0.01893 
0.43095 0.75412 -0.01780 
0.43082 0.75395 -0.01673 
0.43071 0.75378 -0.01570 
0.43062 0.75361 -0.01472 
0.43056 0.75344 -0.01378 
0.43051 0.75328 -0.01289 
0.43048 0.75312 -0.01205 
0.43045 0.75297 -0.01125 
0.43043 0.75283 -0.01049 
0.43041 0.75269 -0.00977 
0.43039 0.75257 -0.00909 
0.43034 0.75247 -0.00845 
0.43026 0.75241 -0.00786 
0.43010 0.75239 -0.00732 
0.42989 0.75242 -0.00683 
0.42972 0.75243 -0.00633 
0.42956 0.75244 -0.00582 
0.42933 0.75249 -0.00533 
0.42909 0.75256 -0.00488 
0.42910 0.75250 -0.00439 
0.42919 0.75239 -0.00385 
0.42887 0.75253 -0.00334 
0.42870 0.75259 -0.00287 
0.42903 0.75236 -0.00245 
0.42910 0.75230 -0.00195 
0.42859 0.75257 -0.00129 
0.42871 0.75249 -0.00068 
0.42987 0.75181 -0.00026 
0.43078 0.75128 0.00000 
0.42993 0.75177 0.00025 
0.42863 0.75253 0.00068 
0.42749 0.75321 0.00136 
0.42694 0.75354 0.00221 
0.42673 0.75369 0.00284 
0.42633 0.75396 0.00329 
0.42583 0.75429 0.00394 
0.42546 0.75455 0.00475 
0.42508 0.75482 0.00551 
0.42463 0.75514 0.00623 
0.42424 0.75543 0.00700 
0.42390 0.75570 0.00787 
0.42356 0.75598 0.00878 
0.42318 0.75629 0.00970 
0.42282 0.75660 0.01066 
0.42251 0.75689 0.01167 
0.42222 0.75717 0.01274 
0.42195 0.75745 0.01385 
0.42169 0.75774 0.01500 
0.42145 0.75802 0.01620 
0.42125 0.75829 0.01745 
0.42108 0.75856 0.01874 
0.42095 0.75881 0.02009 
0.42086 0.75906 0.02149 
0.42082 0.75928 0.02293 
0.42084 0.75950 0.02443 
0.42091 0.75969 0.02596 
0.42104 0.75986 0.02754 
0.42125 0.76001 0.02917 
0.42153 0.76014 0.03083 
0.42189 0.76023 0.03252 
0.42237 0.76028 0.03424 
0.42296 0.76029 0.03598 
0.42367 0.76025 0.03772 
0.42451 0.76016 0.03944 
0.42546 0.76003 0.04115 
0.42654 0.75985 0.04283 
0.42779 0.75960 0.04441 
0.42924 0.75927 0.04584 
0.43087 0.75887 0.04708 
0.43276 0.75835 0.04795 
0.43511 0.75760 0.04782 
0.43783 0.75668 0.04672 
0.44070 0.75570 0.04501 
0.44368 0.75470 0.04263 
0.44683 0.75365 0.03932 
0.45022 0.75250 0.03461 
0.45416 0.75107 0.02698 
0.45751 0.75004 0.02068 
0.45933 0.75000 0.02076 
0.46119 0.75000 0.02114 
0.46317 0.75000 0.02152 
0.46529 0.75000 0.02191 
0.46754 0.75000 0.02229 
0.46995 0.75000 0.02269 
0.47252 0.75000 0.02310 
0.47525 0.75000 0.02352 
0.47816 0.75000 0.02395 
0.48127 0.75000 0.02441 
0.48458 0.75000 0.02488 
0.48810 0.75000 0.02536 
0.49185 0.75000 0.02585 
0.49584 0.75000 0.02636 
0.50008 0.75000 0.02687 
0.50459 0.75000 0.02740 
0.50938 0.75000 0.02794 
0.51446 0.75000 0.02848 
0.51986 0.75000 0.02903 
0.52558 0.75000 0.02958 
0.53163 0.75000 0.03013 
0.53804 0.75000 0.03069 
0.54481 0.75000 0.03124 
0.55196 0.75000 0.03179 
0.55950 0.75000 0.03234 
0.56743 0.75000 0.03287 
0.57578 0.75000 0.03340 
0.58454 0.75000 0.03392 
0.59372 0.75000 0.03442 
0.60333 0.75000 0.03490 
0.61337 0.75000 0.03536 
0.62383 0.75000 0.03580 
0.63472 0.75000 0.03622 
0.64602 0.75000 0.03660 
0.65773 0.75000 0.03694 
0.66984 0.75000 0.03723 
0.68232 0.75000 0.03748 
0.69516 0.75000 0.03767 
0.70833 0.75000 0.03779 
0.72180 0.75000 0.03784 
0.73556 0.75000 0.03782 
0.74955 0.75000 0.03770 
0.76376 0.75000 0.03750 
0.77813 0.75000 0.03720 
0.79263 0.75000 0.03681 
0.80722 0.75000 0.03632 
0.82185 0.75000 0.03574 
0.83648 0.75000 0.03507 
0.85106 0.75000 0.03432 
0.86556 0.75000 0.03350 
0.87994 0.75000 0.03261 
0.89414 0.75000 0.03167 
0.90814 0.75000 0.03069 
0.92189 0.75000 0.02967 
0.93537 0.75000 0.02864 
0.94854 0.75000 0.02759 
0.96138 0.75000 0.02653 
0.97386 0.75000 0.02548 
0.98596 0.75000 0.02443 
0.99767 0.75000 0.02340 
1.00898 0.75000 0.02239 
1.01986 0.75000 0.02139 
1.03033 0.75000 0.02041 
1.04037 0.75000 0.01946 
1.04998 0.75000 0.01853 
1.05916 0.75000 0.01762 
1.06792 0.75000 0.01674 
1.07626 0.75000 0.01588 
1.08420 0.75000 0.01505 
1.09174 0.75000 0.01424 
1.09888 0.75000 0.01347 
1.10565 0.75000 0.01272 
1.11206 0.75000 0.01200 
1.11812 0.75000 0.01131 
1.12384 0.75000 0.01065 
1.12923 0.75000 0.01002 
1.13432 0.75000 0.00942 
1.13911 0.75000 0.00884 
1.14362 0.75000 0.00830 
1.14786 0.75000 0.00778 
1.15185 0.75000 0.00730 
1.15560 0.75000 0.00684 
1.15912 0.75000 0.00640 
1.16243 0.75000 0.00599 
1.16553 0.75000 0.00561 
1.16844 0.75000 0.00525 
1.17118 0.75000 0.00491 
1.17374 0.75000 0.00459 
1.17615 0.75000 0.00430 
1.17841 0.75000 0.00402 
1.18052 0.75000 0.00376 
1.18251 0.75000 0.00352 
1.18437 0.75000 0.00329 
1.18611 0.75000 0.00308 
1.18775 0.75000 0.00287 
1.18928 0.75000 0.00269 
1.19072 0.75000 0.00251 
1.19207 0.75000 0.00234 
1.19334 0.75000 0.00219 
1.19452 0.75000 0.00204 
1.19564 0.75000 0.00190 
1.19668 0.75000 0.00177 
1.19766 0.75000 0.00165 
1.19858 0.75000 0.00154 
1.19944 0.75000 0.00143 
1.20025 0.75000 0.00133 
1.20101 0.75000 0.00123 
1.20173 0.75000 0.00114 
1.20240 0.75000 0.00106 
1.20303 0.75000 0.00098 
1.20361 0.75000 0.00090 
1.20417 0.75000 0.00083 
1.20469 0.75000 0.00077 
1.20517 0.75000 0.00071 
1.20563 0.75000 0.00065 
1.20606 0.75000 0.00059 
1.20646 0.75000 0.00054 
1.20683 0.75000 0.00050 
1.20719 0.75000 0.00045 
1.20751 0.75000 0.00041 
1.20782 0.75000 0.00037 
1.20811 0.75000 0.00033 
1.20838 0.75000 0.00030 
1.20862 0.75000 0.00027 
1.20886 0.75000 0.00024 
1.20907 0.75000 0.00021 
1.20927 0.75000 0.00018 
1.20945 0.75000 0.00016 
1.20962 0.75000 0.00014 
1.20978 0.75000 0.00012 
1.20992 0.75000 0.00010 
1.21005 0.75000 0.00008 
1.21016 0.75000 0.00007 
1.21027 0.75000 0.00006 
1.21036 0.75000 0.00004 
1.21044 0.75000 0.00003 
1.21051 0.75000 0.00002 
1.21057 0.75000 0.00002 
1.21062 0.75000 0.00001 
1.21065 0.75000 0.00001 
1.21068 0.75000 0.00000 
1.21069 0.75000 0.00000 
1.21070 0.75000 -0.00000 

ZONE T="SLICE_Y_1p4_BINS15_KS_1mm_SINGLE_LAYER"
1.39331 1.40000 0.00000 
1.39330 1.40000 -0.00000 
1.39329 1.40000 -0.00000 
1.39327 1.40000 -0.00000 
1.39324 1.40000 -0.00001 
1.39321 1.40000 -0.00001 
1.39316 1.40000 -0.00002 
1.39311 1.40000 -0.00002 
1.39305 1.40000 -0.00003 
1.39298 1.40000 -0.00004 
1.39290 1.40000 -0.00005 
1.39282 1.40000 -0.00006 
1.39272 1.40000 -0.00008 
1.39261 1.40000 -0.00009 
1.39250 1.40000 -0.00010 
1.39237 1.40000 -0.00012 
1.39223 1.40000 -0.00014 
1.39208 1.40000 -0.00016 
1.39192 1.40000 -0.00018 
1.39174 1.40000 -0.00020 
1.39156 1.40000 -0.00022 
1.39136 1.40000 -0.00025 
1.39114 1.40000 -0.00028 
1.39091 1.40000 -0.00031 
1.39066 1.40000 -0.00034 
1.39040 1.40000 -0.00037 
1.39011 1.40000 -0.00041 
1.38981 1.40000 -0.00045 
1.38949 1.40000 -0.00049 
1.38915 1.40000 -0.00053 
1.38878 1.40000 -0.00058 
1.38839 1.40000 -0.00063 
1.38798 1.40000 -0.00068 
1.38753 1.40000 -0.00074 
1.38706 1.40000 -0.00080 
1.38656 1.40000 -0.00086 
1.38602 1.40000 -0.00093 
1.38545 1.40000 -0.00100 
1.38484 1.40000 -0.00107 
1.38419 1.40000 -0.00116 
1.38350 1.40000 -0.00124 
1.38276 1.40000 -0.00133 
1.38197 1.40000 -0.00143 
1.38114 1.40000 -0.00154 
1.38024 1.40000 -0.00165 
1.37929 1.40000 -0.00176 
1.37828 1.40000 -0.00189 
1.37719 1.40000 -0.00202 
1.37604 1.40000 -0.00216 
1.37481 1.40000 -0.00231 
1.37350 1.40000 -0.00247 
1.37210 1.40000 -0.00265 
1.37060 1.40000 -0.00283 
1.36901 1.40000 -0.00302 
1.36731 1.40000 -0.00323 
1.36550 1.40000 -0.00346 
1.36358 1.40000 -0.00369 
1.36152 1.40000 -0.00395 
1.35933 1.40000 -0.00422 
1.35699 1.40000 -0.00451 
1.35450 1.40000 -0.00482 
1.35185 1.40000 -0.00514 
1.34903 1.40000 -0.00549 
1.34603 1.40000 -0.00586 
1.34284 1.40000 -0.00624 
1.33945 1.40000 -0.00665 
1.33584 1.40000 -0.00708 
1.33202 1.40000 -0.00754 
1.32796 1.40000 -0.00801 
1.32366 1.40000 -0.00851 
1.31910 1.40000 -0.00903 
1.31428 1.40000 -0.00957 
1.30919 1.40000 -0.01013 
1.30381 1.40000 -0.01072 
1.29814 1.40000 -0.01132 
1.29217 1.40000 -0.01195 
1.28590 1.40000 -0.01259 
1.27930 1.40000 -0.01325 
1.27240 1.40000 -0.01394 
1.26517 1.40000 -0.01464 
1.25762 1.40000 -0.01536 
1.24975 1.40000 -0.01609 
1.24155 1.40000 -0.01684 
1.23305 1.40000 -0.01760 
1.22424 1.40000 -0.01838 
1.21514 1.40000 -0.01917 
1.20575 1.40000 -0.01996 
1.19609 1.40000 -0.02075 
1.18618 1.40000 -0.02154 
1.17604 1.40000 -0.02232 
1.16569 1.40000 -0.02309 
1.15517 1.40000 -0.02383 
1.14448 1.40000 -0.02453 
1.13367 1.40000 -0.02520 
1.12276 1.40000 -0.02582 
1.11179 1.40000 -0.02639 
1.10078 1.40000 -0.02689 
1.08978 1.40000 -0.02732 
1.07880 1.40000 -0.02769 
1.06789 1.40000 -0.02799 
1.05708 1.40000 -0.02821 
1.04640 1.40000 -0.02836 
1.03587 1.40000 -0.02845 
1.02552 1.40000 -0.02847 
1.01538 1.40000 -0.02843 
1.00547 1.40000 -0.02834 
0.99582 1.40000 -0.02819 
0.98643 1.40000 -0.02801 
0.97732 1.40000 -0.02779 
0.96851 1.40000 -0.02753 
0.96001 1.40000 -0.02724 
0.95182 1.40000 -0.02693 
0.94395 1.40000 -0.02660 
0.93639 1.40000 -0.02626 
0.92917 1.40000 -0.02589 
0.92226 1.40000 -0.02551 
0.91567 1.40000 -0.02513 
0.90939 1.40000 -0.02473 
0.90342 1.40000 -0.02433 
0.89775 1.40000 -0.02392 
0.89237 1.40000 -0.02350 
0.88728 1.40000 -0.02309 
0.88246 1.40000 -0.02267 
0.87790 1.40000 -0.02225 
0.87360 1.40000 -0.02184 
0.86954 1.40000 -0.02142 
0.86572 1.40000 -0.02102 
0.86204 1.40005 -0.02126 
0.85790 1.40052 -0.02710 
0.85368 1.40117 -0.03470 
0.85008 1.40155 -0.03840 
0.84693 1.40174 -0.03975 
0.84413 1.40184 -0.03980 
0.84152 1.40190 -0.03960 
0.83907 1.40197 -0.03941 
0.83677 1.40203 -0.03922 
0.83460 1.40210 -0.03903 
0.83253 1.40217 -0.03887 
0.83057 1.40226 -0.03871 
0.82868 1.40237 -0.03850 
0.82684 1.40251 -0.03828 
0.82504 1.40268 -0.03806 
0.82328 1.40289 -0.03782 
0.82155 1.40313 -0.03754 
0.81985 1.40339 -0.03723 
0.81820 1.40367 -0.03683 
0.81661 1.40397 -0.03634 
0.81508 1.40425 -0.03573 
0.81366 1.40452 -0.03494 
0.81234 1.40476 -0.03400 
0.81115 1.40496 -0.03292 
0.81007 1.40512 -0.03173 
0.80910 1.40525 -0.03049 
0.80824 1.40533 -0.02919 
0.80750 1.40538 -0.02786 
0.80686 1.40540 -0.02653 
0.80631 1.40537 -0.02520 
0.80585 1.40533 -0.02389 
0.80546 1.40526 -0.02261 
0.80513 1.40517 -0.02136 
0.80487 1.40506 -0.02014 
0.80467 1.40493 -0.01897 
0.80452 1.40479 -0.01784 
0.80442 1.40464 -0.01676 
0.80434 1.40448 -0.01573 
0.80429 1.40432 -0.01475 
0.80427 1.40416 -0.01381 
0.80427 1.40399 -0.01292 
0.80428 1.40383 -0.01207 
0.80430 1.40368 -0.01127 
0.80433 1.40352 -0.01051 
0.80437 1.40337 -0.00979 
0.80441 1.40323 -0.00911 
0.80445 1.40310 -0.00847 
0.80448 1.40298 -0.00787 
0.80450 1.40288 -0.00729 
0.80450 1.40279 -0.00675 
0.80451 1.40271 -0.00623 
0.80454 1.40262 -0.00573 
0.80455 1.40254 -0.00525 
0.80450 1.40251 -0.00480 
0.80435 1.40254 -0.00439 
0.80421 1.40257 -0.00401 
0.80431 1.40246 -0.00359 
0.80439 1.40238 -0.00314 
0.80425 1.40242 -0.00269 
0.80391 1.40259 -0.00236 
0.80417 1.40242 -0.00203 
0.80453 1.40219 -0.00156 
0.80376 1.40262 -0.00105 
0.80414 1.40239 -0.00055 
0.80549 1.40160 -0.00021 
0.80630 1.40113 0.00000 
0.80549 1.40160 0.00021 
0.80422 1.40234 0.00055 
0.80301 1.40305 0.00110 
0.80234 1.40345 0.00183 
0.80198 1.40368 0.00241 
0.80147 1.40400 0.00279 
0.80104 1.40428 0.00332 
0.80078 1.40447 0.00401 
0.80045 1.40470 0.00467 
0.79999 1.40501 0.00528 
0.79956 1.40531 0.00596 
0.79922 1.40556 0.00672 
0.79891 1.40580 0.00750 
0.79856 1.40607 0.00829 
0.79820 1.40635 0.00912 
0.79787 1.40663 0.01001 
0.79757 1.40689 0.01095 
0.79729 1.40714 0.01192 
0.79702 1.40740 0.01293 
0.79676 1.40766 0.01398 
0.79653 1.40791 0.01507 
0.79632 1.40816 0.01621 
0.79616 1.40839 0.01740 
0.79602 1.40861 0.01863 
0.79592 1.40882 0.01991 
0.79588 1.40902 0.02124 
0.79587 1.40920 0.02261 
0.79591 1.40936 0.02402 
0.79602 1.40950 0.02547 
0.79619 1.40962 0.02695 
0.79643 1.40971 0.02848 
0.79676 1.40977 0.03003 
0.79720 1.40978 0.03160 
0.79773 1.40975 0.03318 
0.79837 1.40968 0.03476 
0.79910 1.40957 0.03633 
0.79996 1.40942 0.03788 
0.80094 1.40921 0.03937 
0.80209 1.40893 0.04077 
0.80341 1.40857 0.04198 
0.80499 1.40809 0.04278 
0.80701 1.40739 0.04265 
0.80931 1.40654 0.04173 
0.81168 1.40569 0.04041 
0.81412 1.40482 0.03863 
0.81664 1.40394 0.03622 
0.81928 1.40303 0.03298 
0.82210 1.40205 0.02842 
0.82545 1.40079 0.02091 
0.82807 1.40000 0.01562 
0.82947 1.40000 0.01591 
0.83096 1.40000 0.01619 
0.83255 1.40000 0.01648 
0.83425 1.40000 0.01677 
0.83606 1.40000 0.01707 
0.83799 1.40000 0.01737 
0.84004 1.40000 0.01769 
0.84224 1.40000 0.01802 
0.84457 1.40000 0.01836 
0.84706 1.40000 0.01871 
0.84971 1.40000 0.01908 
0.85253 1.40000 0.01945 
0.85553 1.40000 0.01983 
0.85872 1.40000 0.02022 
0.86212 1.40000 0.02061 
0.86572 1.40000 0.02102 
0.86954 1.40000 0.02142 
0.87360 1.40000 0.02184 
0.87790 1.40000 0.02225 
0.88246 1.40000 0.02267 
0.88728 1.40000 0.02309 
0.89237 1.40000 0.02350 
0.89775 1.40000 0.02392 
0.90342 1.40000 0.02433 
0.90939 1.40000 0.02473 
0.91567 1.40000 0.02513 
0.92226 1.40000 0.02551 
0.92917 1.40000 0.02589 
0.93639 1.40000 0.02626 
0.94395 1.40000 0.02660 
0.95182 1.40000 0.02693 
0.96001 1.40000 0.02724 
0.96851 1.40000 0.02753 
0.97732 1.40000 0.02779 
0.98643 1.40000 0.02801 
0.99582 1.40000 0.02819 
1.00547 1.40000 0.02834 
1.01538 1.40000 0.02843 
1.02552 1.40000 0.02847 
1.03587 1.40000 0.02845 
1.04640 1.40000 0.02836 
1.05708 1.40000 0.02821 
1.06789 1.40000 0.02799 
1.07880 1.40000 0.02769 
1.08978 1.40000 0.02732 
1.10078 1.40000 0.02689 
1.11179 1.40000 0.02639 
1.12276 1.40000 0.02582 
1.13367 1.40000 0.02520 
1.14448 1.40000 0.02453 
1.15517 1.40000 0.02383 
1.16569 1.40000 0.02309 
1.17604 1.40000 0.02232 
1.18618 1.40000 0.02154 
1.19609 1.40000 0.02075 
1.20575 1.40000 0.01996 
1.21514 1.40000 0.01917 
1.22424 1.40000 0.01838 
1.23305 1.40000 0.01760 
1.24155 1.40000 0.01684 
1.24975 1.40000 0.01609 
1.25762 1.40000 0.01536 
1.26517 1.40000 0.01464 
1.27240 1.40000 0.01394 
1.27930 1.40000 0.01325 
1.28590 1.40000 0.01259 
1.29217 1.40000 0.01195 
1.29814 1.40000 0.01132 
1.30381 1.40000 0.01072 
1.30919 1.40000 0.01013 
1.31428 1.40000 0.00957 
1.31910 1.40000 0.00903 
1.32366 1.40000 0.00851 
1.32796 1.40000 0.00801 
1.33202 1.40000 0.00754 
1.33584 1.40000 0.00708 
1.33945 1.40000 0.00665 
1.34284 1.40000 0.00624 
1.34603 1.40000 0.00586 
1.34903 1.40000 0.00549 
1.35185 1.40000 0.00514 
1.35450 1.40000 0.00482 
1.35699 1.40000 0.00451 
1.35933 1.40000 0.00422 
1.36152 1.40000 0.00395 
1.36358 1.40000 0.00369 
1.36550 1.40000 0.00346 
1.36731 1.40000 0.00323 
1.36901 1.40000 0.00302 
1.37060 1.40000 0.00283 
1.37210 1.40000 0.00265 
1.37350 1.40000 0.00247 
1.37481 1.40000 0.00231 
1.37604 1.40000 0.00216 
1.37719 1.40000 0.00202 
1.37828 1.40000 0.00189 
1.37929 1.40000 0.00176 
1.38024 1.40000 0.00165 
1.38114 1.40000 0.00154 
1.38197 1.40000 0.00143 
1.38276 1.40000 0.00133 
1.38350 1.40000 0.00124 
1.38419 1.40000 0.00116 
1.38484 1.40000 0.00107 
1.38545 1.40000 0.00100 
1.38602 1.40000 0.00093 
1.38656 1.40000 0.00086 
1.38706 1.40000 0.00080 
1.38753 1.40000 0.00074 
1.38798 1.40000 0.00068 
1.38839 1.40000 0.00063 
1.38878 1.40000 0.00058 
1.38915 1.40000 0.00053 
1.38949 1.40000 0.00049 
1.38981 1.40000 0.00045 
1.39011 1.40000 0.00041 
1.39040 1.40000 0.00037 
1.39066 1.40000 0.00034 
1.39091 1.40000 0.00031 
1.39114 1.40000 0.00028 
1.39136 1.40000 0.00025 
1.39156 1.40000 0.00022 
1.39174 1.40000 0.00020 
1.39192 1.40000 0.00018 
1.39208 1.40000 0.00016 
1.39223 1.40000 0.00014 
1.39237 1.40000 0.00012 
1.39250 1.40000 0.00010 
1.39261 1.40000 0.00009 
1.39272 1.40000 0.00008 
1.39282 1.40000 0.00006 
1.39290 1.40000 0.00005 
1.39298 1.40000 0.00004 
1.39305 1.40000 0.00003 
1.39311 1.40000 0.00002 
1.39316 1.40000 0.00002 
1.39321 1.40000 0.00001 
1.39324 1.40000 0.00001 
1.39327 1.40000 0.00000 
1.39329 1.40000 0.00000 
1.39330 1.40000 0.00000 
1.39331 1.40000 0.00000 

