#++++++++++++++++++++++++++++++++++++++++++++++++++++++++++++++++++++++++++++++++++++++++++++++++++++++++++++++++++++
#
#   IPW-3 Ice Shape DATA SUBMITTAL FORM for Test Case ONERAM6, May 18th 2026
#
#       NOMENCLATURE:
#             X_ICED [m]:  X-coordinate of the iced surface
#             Y_ICED [m]:  Y-coordinate of the iced surface
#             Z_ICED [m]:  Z-coordinate of the iced surface
#
#                XXmm:  Roughness height used for the case, in mm.
#                       In the zone name, use the format KS_XXmm.
#                       For example, if k_s = 1.5 mm, use KS_1p5mm. 
#                       For Variable roughness, use KS_VAR
#
#    FLOW CONDITIONS:
#                                   AOA: 2.0 deg
#                           Mach Number: 0.4 [-]
#       Mean aerodynamic chord (M.A.C.): 0.801673 [m]
#                       Reynolds Number: 4.2558 million (based on MAC)
#                       Freestream Temp: 267.15 [K]
#                        Reference area: 1.1532 [m2]
#               Moment Reference Center: 0.25, 0, 0 [m] (X, Y, Z)
#
#              NOTES: 1. Please use at least 5 decimal places in the numerical values
#                     2. If data are NOT provided, please fill data fields with a numerical value of "-999" 
#
#++++++++++++++++++++++++++++++++++++++++++++++++++++++++++++++++++++++++++++++++++++++++++++++++++++++++++++++++++++

AUXDATA NUM_LAYERS  = 6
VARIABLES = "X_ICED" "Y_ICED" "Z_ICED"

ZONE T="SLICE_Y_0p1_BINS01_KS_1mm_FINAL_LAYER"
0.32110 0.10000 -0.04535 
0.33492 0.10000 -0.04573 
0.34061 0.10000 -0.04590 
0.34986 0.10000 -0.04612 
0.36165 0.10000 -0.04638 
0.37137 0.10000 -0.04652 
0.38150 0.10000 -0.04668 
0.40232 0.10000 -0.04686 
0.40483 0.10000 -0.04688 
0.43231 0.10000 -0.04689 
0.43362 0.10000 -0.04689 
0.46140 0.10000 -0.04660 
0.46980 0.10000 -0.04646 
0.48871 0.10000 -0.04607 
0.50318 0.10000 -0.04563 
0.51813 0.10000 -0.04522 
0.53523 0.10000 -0.04458 
0.54908 0.10000 -0.04404 
0.56519 0.10000 -0.04325 
0.58765 0.10000 -0.04210 
0.59967 0.10000 -0.04139 
0.62773 0.10000 -0.03965 
0.63686 0.10000 -0.03904 
0.64949 0.10000 -0.03812 
0.67148 0.10000 -0.03659 
0.68920 0.10000 -0.03521 
0.70242 0.10000 -0.03417 
0.72951 0.10000 -0.03195 
0.72974 0.10000 -0.03193 
0.72984 0.10000 -0.03192 
0.75515 0.10000 -0.02977 
0.76639 0.10000 -0.02876 
0.77807 0.10000 -0.02772 
0.79716 0.10000 -0.02595 
0.79879 0.10000 -0.02580 
0.79985 0.10000 -0.02571 
0.81817 0.10000 -0.02398 
0.83237 0.10000 -0.02258 
0.83571 0.10000 -0.02225 
0.83961 0.10000 -0.02186 
0.85223 0.10000 -0.02059 
0.86431 0.10000 -0.01935 
0.86737 0.10000 -0.01903 
0.87008 0.10000 -0.01875 
0.88164 0.10000 -0.01753 
0.89417 0.10000 -0.01616 
0.89455 0.10000 -0.01611 
0.89508 0.10000 -0.01606 
0.90667 0.10000 -0.01475 
0.91505 0.10000 -0.01380 
0.91800 0.10000 -0.01346 
0.92028 0.10000 -0.01319 
0.92916 0.10000 -0.01216 
0.93269 0.10000 -0.01174 
0.93877 0.10000 -0.01102 
0.94337 0.10000 -0.01046 
0.94713 0.10000 -0.01001 
0.95322 0.10000 -0.00927 
0.95433 0.10000 -0.00914 
0.95671 0.10000 -0.00885 
0.96074 0.10000 -0.00835 
0.96275 0.10000 -0.00811 
0.96635 0.10000 -0.00766 
0.97011 0.10000 -0.00720 
0.97059 0.10000 -0.00714 
0.97446 0.10000 -0.00666 
0.97624 0.10000 -0.00644 
0.97927 0.10000 -0.00607 
0.98326 0.10000 -0.00558 
0.98347 0.10000 -0.00555 
0.98393 0.10000 -0.00549 
0.98752 0.10000 -0.00505 
0.98894 0.10000 -0.00488 
0.99137 0.10000 -0.00458 
0.99395 0.10000 -0.00426 
0.99513 0.10000 -0.00412 
0.99881 0.10000 -0.00367 
0.99886 0.10000 -0.00366 
0.99904 0.10000 -0.00364 
1.00257 0.10000 -0.00320 
1.00365 0.10000 -0.00307 
1.00626 0.10000 -0.00275 
1.00852 0.10000 -0.00247 
1.00993 0.10000 -0.00229 
1.01346 0.10000 -0.00186 
1.01358 0.10000 -0.00184 
1.01388 0.10000 -0.00180 
1.01720 0.10000 -0.00139 
1.01844 0.10000 -0.00123 
1.02081 0.10000 -0.00093 
1.02343 0.10000 -0.00060 
1.02442 0.10000 -0.00047 
1.02711 0.10000 -0.00013 
1.02809 0.10000 0.00000 
1.02698 0.10000 0.00014 
1.02432 0.10000 0.00048 
1.02348 0.10000 0.00059 
1.02064 0.10000 0.00095 
1.01850 0.10000 0.00122 
1.01698 0.10000 0.00141 
1.01344 0.10000 0.00186 
1.01332 0.10000 0.00187 
1.01302 0.10000 0.00191 
1.00965 0.10000 0.00233 
1.00827 0.10000 0.00250 
1.00600 0.10000 0.00278 
1.00308 0.10000 0.00314 
1.00236 0.10000 0.00323 
1.00072 0.10000 0.00343 
0.99875 0.10000 0.00367 
0.99787 0.10000 0.00378 
0.99516 0.10000 0.00411 
0.99264 0.10000 0.00442 
0.99160 0.10000 0.00455 
0.98954 0.10000 0.00480 
0.98805 0.10000 0.00499 
0.98719 0.10000 0.00509 
0.98445 0.10000 0.00543 
0.98048 0.10000 0.00592 
0.98026 0.10000 0.00595 
0.98016 0.10000 0.00596 
0.97976 0.10000 0.00601 
0.97560 0.10000 0.00652 
0.97342 0.10000 0.00679 
0.97072 0.10000 0.00712 
0.96795 0.10000 0.00747 
0.96524 0.10000 0.00780 
0.95927 0.10000 0.00853 
0.95876 0.10000 0.00860 
0.95264 0.10000 0.00934 
0.95114 0.10000 0.00952 
0.95104 0.10000 0.00954 
0.94277 0.10000 0.01054 
0.94225 0.10000 0.01060 
0.93350 0.10000 0.01165 
0.93297 0.10000 0.01171 
0.92765 0.10000 0.01233 
0.92344 0.10000 0.01283 
0.92296 0.10000 0.01288 
0.91420 0.10000 0.01390 
0.91071 0.10000 0.01429 
0.90526 0.10000 0.01491 
0.89764 0.10000 0.01576 
0.89355 0.10000 0.01622 
0.89040 0.10000 0.01656 
0.88066 0.10000 0.01762 
0.86681 0.10000 0.01909 
0.86673 0.10000 0.01910 
0.86666 0.10000 0.01911 
0.85203 0.10000 0.02061 
0.83581 0.10000 0.02224 
0.83573 0.10000 0.02225 
0.83565 0.10000 0.02226 
0.81855 0.10000 0.02393 
0.80252 0.10000 0.02546 
0.79932 0.10000 0.02576 
0.79529 0.10000 0.02613 
0.77866 0.10000 0.02766 
0.76584 0.10000 0.02881 
0.75563 0.10000 0.02971 
0.73333 0.10000 0.03161 
0.72968 0.10000 0.03193 
0.72832 0.10000 0.03204 
0.70117 0.10000 0.03427 
0.69299 0.10000 0.03493 
0.67042 0.10000 0.03666 
0.65646 0.10000 0.03770 
0.63836 0.10000 0.03899 
0.61936 0.10000 0.04023 
0.61452 0.10000 0.04052 
0.59437 0.10000 0.04176 
0.58546 0.10000 0.04222 
0.57090 0.10000 0.04301 
0.55130 0.10000 0.04395 
0.54819 0.10000 0.04410 
0.54581 0.10000 0.04420 
0.52573 0.10000 0.04497 
0.51320 0.10000 0.04539 
0.50046 0.10000 0.04573 
0.48180 0.10000 0.04620 
0.47400 0.10000 0.04634 
0.45549 0.10000 0.04664 
0.44877 0.10000 0.04671 
0.42742 0.10000 0.04688 
0.42361 0.10000 0.04688 
0.39929 0.10000 0.04684 
0.39792 0.10000 0.04684 
0.39771 0.10000 0.04684 
0.39590 0.10000 0.04682 
0.37402 0.10000 0.04657 
0.36901 0.10000 0.04647 
0.35332 0.10000 0.04619 
0.34460 0.10000 0.04601 
0.32401 0.10000 0.04543 
0.32125 0.10000 0.04535 
0.29983 0.10000 0.04462 
0.29892 0.10000 0.04459 
0.28664 0.10000 0.04406 
0.27692 0.10000 0.04365 
0.27629 0.10000 0.04362 
0.27486 0.10000 0.04354 
0.25767 0.10000 0.04271 
0.24713 0.10000 0.04214 
0.24279 0.10000 0.04189 
0.23827 0.10000 0.04161 
0.22931 0.10000 0.04106 
0.21928 0.10000 0.04041 
0.21743 0.10000 0.04028 
0.21631 0.10000 0.04020 
0.20624 0.10000 0.03946 
0.20166 0.10000 0.03912 
0.19588 0.10000 0.03869 
0.19094 0.10000 0.03827 
0.18563 0.10000 0.03783 
0.18132 0.10000 0.03746 
0.17603 0.10000 0.03700 
0.17236 0.10000 0.03666 
0.16674 0.10000 0.03610 
0.16418 0.10000 0.03585 
0.15791 0.10000 0.03524 
0.15677 0.10000 0.03512 
0.15173 0.10000 0.03457 
0.15004 0.10000 0.03439 
0.14961 0.10000 0.03434 
0.14385 0.10000 0.03371 
0.14146 0.10000 0.03344 
0.13820 0.10000 0.03307 
0.13355 0.10000 0.03252 
0.13312 0.10000 0.03247 
0.13249 0.10000 0.03240 
0.12841 0.10000 0.03193 
0.12520 0.10000 0.03159 
0.12409 0.10000 0.03148 
0.12300 0.10000 0.03138 
0.12003 0.10000 0.03111 
0.11671 0.10000 0.03086 
0.11631 0.10000 0.03083 
0.11601 0.10000 0.03081 
0.11272 0.10000 0.03060 
0.11032 0.10000 0.03055 
0.10929 0.10000 0.03051 
0.10673 0.10000 0.03078 
0.10585 0.10000 0.03088 
0.10555 0.10000 0.03098 
0.10241 0.10000 0.03182 
0.10134 0.10000 0.03224 
0.09901 0.10000 0.03313 
0.09711 0.10000 0.03375 
0.09544 0.10000 0.03433 
0.09326 0.10000 0.03483 
0.09262 0.10000 0.03493 
0.08974 0.10000 0.03525 
0.08933 0.10000 0.03524 
0.08609 0.10000 0.03508 
0.08564 0.10000 0.03503 
0.08235 0.10000 0.03472 
0.08183 0.10000 0.03468 
0.07854 0.10000 0.03440 
0.07796 0.10000 0.03440 
0.07464 0.10000 0.03440 
0.07404 0.10000 0.03456 
0.07094 0.10000 0.03553 
0.07017 0.10000 0.03575 
0.06717 0.10000 0.03651 
0.06625 0.10000 0.03693 
0.06345 0.10000 0.03821 
0.06223 0.10000 0.03843 
0.05909 0.10000 0.03906 
0.05780 0.10000 0.03916 
0.05355 0.10000 0.03954 
0.05310 0.10000 0.03923 
0.04878 0.10000 0.03662 
0.04864 0.10000 0.03637 
0.04630 0.10000 0.03247 
0.04562 0.10000 0.03070 
0.04484 0.10000 0.02865 
0.04394 0.10000 0.02595 
0.04364 0.10000 0.02504 
0.04343 0.10000 0.02434 
0.04258 0.10000 0.02146 
0.04177 0.10000 0.01809 
0.04170 0.10000 0.01778 
0.04166 0.10000 0.01751 
0.04112 0.10000 0.01405 
0.04081 0.10000 0.01048 
0.04080 0.10000 0.01029 
0.04080 0.10000 0.01010 
0.04077 0.10000 0.00653 
0.04097 0.10000 0.00286 
0.04097 0.10000 0.00277 
0.04098 0.10000 0.00268 
0.04144 0.10000 -0.00102 
0.04199 0.10000 -0.00419 
0.04213 0.10000 -0.00501 
0.04237 0.10000 -0.00620 
0.04291 0.10000 -0.00893 
0.04335 0.10000 -0.01077 
0.04380 0.10000 -0.01267 
0.04452 0.10000 -0.01506 
0.04490 0.10000 -0.01626 
0.04525 0.10000 -0.01716 
0.04627 0.10000 -0.01978 
0.04755 0.10000 -0.02245 
0.04792 0.10000 -0.02322 
0.04922 0.10000 -0.02540 
0.04992 0.10000 -0.02659 
0.05017 0.10000 -0.02694 
0.05236 0.10000 -0.02985 
0.05324 0.10000 -0.03074 
0.05536 0.10000 -0.03289 
0.05671 0.10000 -0.03387 
0.05896 0.10000 -0.03563 
0.06050 0.10000 -0.03633 
0.06324 0.10000 -0.03772 
0.06459 0.10000 -0.03796 
0.06800 0.10000 -0.03855 
0.06889 0.10000 -0.03857 
0.07255 0.10000 -0.03861 
0.07315 0.10000 -0.03858 
0.07683 0.10000 -0.03840 
0.07732 0.10000 -0.03839 
0.08098 0.10000 -0.03830 
0.08146 0.10000 -0.03832 
0.08513 0.10000 -0.03843 
0.08561 0.10000 -0.03846 
0.08933 0.10000 -0.03870 
0.08981 0.10000 -0.03875 
0.09347 0.10000 -0.03916 
0.09399 0.10000 -0.03925 
0.09753 0.10000 -0.03991 
0.09806 0.10000 -0.04006 
0.10175 0.10000 -0.04113 
0.10206 0.10000 -0.04119 
0.10526 0.10000 -0.04166 
0.10621 0.10000 -0.04180 
0.10630 0.10000 -0.04181 
0.11039 0.10000 -0.04104 
0.11131 0.10000 -0.04086 
0.11417 0.10000 -0.03935 
0.11424 0.10000 -0.03932 
0.11684 0.10000 -0.03813 
0.11832 0.10000 -0.03739 
0.11998 0.10000 -0.03629 
0.12241 0.10000 -0.03502 
0.12304 0.10000 -0.03461 
0.12377 0.10000 -0.03432 
0.12592 0.10000 -0.03360 
0.12862 0.10000 -0.03346 
0.12905 0.10000 -0.03344 
0.12930 0.10000 -0.03342 
0.13239 0.10000 -0.03345 
0.13542 0.10000 -0.03355 
0.13621 0.10000 -0.03358 
0.13671 0.10000 -0.03361 
0.14040 0.10000 -0.03381 
0.14118 0.10000 -0.03387 
0.14459 0.10000 -0.03412 
0.14574 0.10000 -0.03421 
0.14924 0.10000 -0.03452 
0.15096 0.10000 -0.03469 
0.15448 0.10000 -0.03501 
0.15703 0.10000 -0.03526 
0.16031 0.10000 -0.03557 
0.16436 0.10000 -0.03595 
0.16664 0.10000 -0.03617 
0.17274 0.10000 -0.03673 
0.17340 0.10000 -0.03679 
0.17369 0.10000 -0.03682 
0.18034 0.10000 -0.03742 
0.18572 0.10000 -0.03786 
0.18762 0.10000 -0.03802 
0.19042 0.10000 -0.03825 
0.19549 0.10000 -0.03867 
0.19883 0.10000 -0.03892 
0.20416 0.10000 -0.03934 
0.21255 0.10000 -0.03995 
0.21358 0.10000 -0.04002 
0.21445 0.10000 -0.04008 
0.22345 0.10000 -0.04072 
0.23175 0.10000 -0.04122 
0.23573 0.10000 -0.04147 
0.23982 0.10000 -0.04172 
0.25037 0.10000 -0.04234 
0.25912 0.10000 -0.04280 
0.26664 0.10000 -0.04317 
0.27431 0.10000 -0.04356 
0.28429 0.10000 -0.04399 
0.28827 0.10000 -0.04415 
0.29446 0.10000 -0.04441 
0.30426 0.10000 -0.04479 
0.31017 0.10000 -0.04499 
0.32110 0.10000 -0.04535 

ZONE T="SLICE_Y_0p75_BINS01_KS_1mm_FINAL_LAYER"
0.80732 0.75000 -0.03610 
0.78758 0.75000 -0.03672 
0.78047 0.75000 -0.03696 
0.75745 0.75000 -0.03726 
0.75369 0.75000 -0.03732 
0.75252 0.75000 -0.03732 
0.72685 0.75000 -0.03756 
0.71999 0.75000 -0.03755 
0.70052 0.75000 -0.03750 
0.69986 0.75000 -0.03749 
0.68273 0.75000 -0.03726 
0.67474 0.75000 -0.03711 
0.66384 0.75000 -0.03689 
0.65773 0.75000 -0.03674 
0.64114 0.75000 -0.03626 
0.64001 0.75000 -0.03623 
0.63965 0.75000 -0.03622 
0.63755 0.75000 -0.03614 
0.62437 0.75000 -0.03565 
0.62011 0.75000 -0.03547 
0.61233 0.75000 -0.03516 
0.60556 0.75000 -0.03484 
0.59897 0.75000 -0.03452 
0.59486 0.75000 -0.03431 
0.58661 0.75000 -0.03389 
0.58295 0.75000 -0.03367 
0.57266 0.75000 -0.03304 
0.57242 0.75000 -0.03302 
0.57199 0.75000 -0.03300 
0.56295 0.75000 -0.03243 
0.55612 0.75000 -0.03195 
0.55470 0.75000 -0.03184 
0.55371 0.75000 -0.03177 
0.54690 0.75000 -0.03128 
0.54418 0.75000 -0.03106 
0.53817 0.75000 -0.03057 
0.53757 0.75000 -0.03052 
0.53663 0.75000 -0.03044 
0.53166 0.75000 -0.03003 
0.52704 0.75000 -0.02961 
0.52626 0.75000 -0.02954 
0.52552 0.75000 -0.02947 
0.52099 0.75000 -0.02904 
0.51609 0.75000 -0.02858 
0.51548 0.75000 -0.02852 
0.51504 0.75000 -0.02848 
0.51017 0.75000 -0.02801 
0.50884 0.75000 -0.02788 
0.50533 0.75000 -0.02758 
0.50447 0.75000 -0.02751 
0.50145 0.75000 -0.02728 
0.49809 0.75000 -0.02711 
0.49744 0.75000 -0.02710 
0.49708 0.75000 -0.02712 
0.49478 0.75000 -0.02728 
0.49321 0.75000 -0.02739 
0.49279 0.75000 -0.02749 
0.49009 0.75000 -0.02841 
0.48794 0.75000 -0.02949 
0.48780 0.75000 -0.02957 
0.48535 0.75000 -0.03101 
0.48505 0.75000 -0.03124 
0.48252 0.75000 -0.03308 
0.48182 0.75000 -0.03338 
0.47908 0.75000 -0.03467 
0.47813 0.75000 -0.03509 
0.47538 0.75000 -0.03634 
0.47418 0.75000 -0.03603 
0.47122 0.75000 -0.03612 
0.46998 0.75000 -0.03605 
0.46735 0.75000 -0.03510 
0.46576 0.75000 -0.03489 
0.46350 0.75000 -0.03454 
0.46162 0.75000 -0.03417 
0.45962 0.75000 -0.03376 
0.45753 0.75000 -0.03341 
0.45565 0.75000 -0.03308 
0.45345 0.75000 -0.03354 
0.45164 0.75000 -0.03403 
0.44942 0.75000 -0.03430 
0.44766 0.75000 -0.03446 
0.44535 0.75000 -0.03490 
0.44355 0.75000 -0.03525 
0.44111 0.75000 -0.03562 
0.43894 0.75000 -0.03595 
0.43660 0.75000 -0.03570 
0.43377 0.75000 -0.03536 
0.43207 0.75000 -0.03435 
0.42940 0.75000 -0.03273 
0.42804 0.75000 -0.03124 
0.42634 0.75000 -0.02937 
0.42480 0.75000 -0.02705 
0.42407 0.75000 -0.02596 
0.42242 0.75000 -0.02298 
0.42220 0.75000 -0.02258 
0.42212 0.75000 -0.02242 
0.42061 0.75000 -0.01917 
0.41990 0.75000 -0.01736 
0.41926 0.75000 -0.01572 
0.41835 0.75000 -0.01278 
0.41817 0.75000 -0.01222 
0.41808 0.75000 -0.01187 
0.41728 0.75000 -0.00868 
0.41667 0.75000 -0.00600 
0.41647 0.75000 -0.00508 
0.41621 0.75000 -0.00373 
0.41577 0.75000 -0.00144 
0.41558 0.75000 0.00033 
0.41535 0.75000 0.00230 
0.41523 0.75000 0.00454 
0.41514 0.75000 0.00610 
0.41514 0.75000 0.00764 
0.41513 0.75000 0.00996 
0.41525 0.75000 0.01218 
0.41534 0.75000 0.01386 
0.41553 0.75000 0.01578 
0.41573 0.75000 0.01775 
0.41596 0.75000 0.01940 
0.41627 0.75000 0.02170 
0.41682 0.75000 0.02454 
0.41707 0.75000 0.02586 
0.41759 0.75000 0.02702 
0.41889 0.75000 0.03024 
0.42151 0.75000 0.03224 
0.42291 0.75000 0.03350 
0.42606 0.75000 0.03376 
0.42796 0.75000 0.03387 
0.43030 0.75000 0.03352 
0.43248 0.75000 0.03319 
0.43457 0.75000 0.03224 
0.43623 0.75000 0.03159 
0.43871 0.75000 0.03095 
0.43998 0.75000 0.03063 
0.44276 0.75000 0.02980 
0.44373 0.75000 0.02951 
0.44679 0.75000 0.02856 
0.44748 0.75000 0.02835 
0.45091 0.75000 0.02741 
0.45126 0.75000 0.02732 
0.45489 0.75000 0.02657 
0.45500 0.75000 0.02655 
0.45538 0.75000 0.02648 
0.45856 0.75000 0.02590 
0.45960 0.75000 0.02575 
0.46289 0.75000 0.02519 
0.46391 0.75000 0.02502 
0.46699 0.75000 0.02450 
0.46803 0.75000 0.02437 
0.47080 0.75000 0.02397 
0.47215 0.75000 0.02389 
0.47455 0.75000 0.02377 
0.47623 0.75000 0.02389 
0.47808 0.75000 0.02402 
0.48072 0.75000 0.02433 
0.48129 0.75000 0.02440 
0.48201 0.75000 0.02450 
0.48466 0.75000 0.02484 
0.48714 0.75000 0.02517 
0.48863 0.75000 0.02537 
0.48956 0.75000 0.02549 
0.49362 0.75000 0.02601 
0.49495 0.75000 0.02617 
0.49878 0.75000 0.02663 
0.50106 0.75000 0.02689 
0.50429 0.75000 0.02726 
0.50875 0.75000 0.02775 
0.51063 0.75000 0.02796 
0.51255 0.75000 0.02816 
0.51705 0.75000 0.02861 
0.52010 0.75000 0.02891 
0.52568 0.75000 0.02945 
0.52576 0.75000 0.02946 
0.52612 0.75000 0.02949 
0.53230 0.75000 0.03005 
0.53308 0.75000 0.03012 
0.54095 0.75000 0.03079 
0.54156 0.75000 0.03084 
0.54365 0.75000 0.03100 
0.55070 0.75000 0.03155 
0.55279 0.75000 0.03170 
0.56207 0.75000 0.03235 
0.56422 0.75000 0.03249 
0.57269 0.75000 0.03307 
0.57689 0.75000 0.03332 
0.58444 0.75000 0.03376 
0.59101 0.75000 0.03411 
0.59703 0.75000 0.03445 
0.60658 0.75000 0.03488 
0.60979 0.75000 0.03503 
0.61786 0.75000 0.03536 
0.62518 0.75000 0.03567 
0.62999 0.75000 0.03583 
0.64292 0.75000 0.03631 
0.65523 0.75000 0.03667 
0.66266 0.75000 0.03685 
0.67863 0.75000 0.03719 
0.68298 0.75000 0.03728 
0.68466 0.75000 0.03731 
0.70437 0.75000 0.03750 
0.71456 0.75000 0.03756 
0.72789 0.75000 0.03756 
0.74772 0.75000 0.03743 
0.75308 0.75000 0.03736 
0.78037 0.75000 0.03689 
0.78225 0.75000 0.03683 
0.81057 0.75000 0.03605 
0.81783 0.75000 0.03572 
0.84356 0.75000 0.03452 
0.86058 0.75000 0.03361 
0.87274 0.75000 0.03291 
0.88819 0.75000 0.03191 
0.90968 0.75000 0.03042 
0.91399 0.75000 0.03010 
0.92045 0.75000 0.02961 
0.93781 0.75000 0.02832 
0.95134 0.75000 0.02725 
0.95882 0.75000 0.02666 
0.96819 0.75000 0.02589 
0.97804 0.75000 0.02508 
0.98434 0.75000 0.02454 
0.99640 0.75000 0.02347 
1.00889 0.75000 0.02234 
1.01444 0.75000 0.02185 
1.02480 0.75000 0.02089 
1.03170 0.75000 0.02025 
1.03554 0.75000 0.01988 
1.04811 0.75000 0.01867 
1.05982 0.75000 0.01752 
1.06413 0.75000 0.01710 
1.07808 0.75000 0.01566 
1.07871 0.75000 0.01560 
1.08639 0.75000 0.01478 
1.09214 0.75000 0.01416 
1.09252 0.75000 0.01412 
1.09573 0.75000 0.01377 
1.10403 0.75000 0.01287 
1.10511 0.75000 0.01275 
1.11316 0.75000 0.01185 
1.11587 0.75000 0.01154 
1.12078 0.75000 0.01098 
1.12744 0.75000 0.01021 
1.12952 0.75000 0.00997 
1.13094 0.75000 0.00980 
1.13738 0.75000 0.00904 
1.14343 0.75000 0.00831 
1.14347 0.75000 0.00831 
1.14365 0.75000 0.00829 
1.14978 0.75000 0.00754 
1.15094 0.75000 0.00740 
1.15570 0.75000 0.00682 
1.15776 0.75000 0.00657 
1.16119 0.75000 0.00614 
1.16465 0.75000 0.00572 
1.16568 0.75000 0.00559 
1.16837 0.75000 0.00526 
1.16989 0.75000 0.00507 
1.17039 0.75000 0.00501 
1.17386 0.75000 0.00458 
1.17555 0.75000 0.00437 
1.17767 0.75000 0.00411 
1.18058 0.75000 0.00375 
1.18140 0.75000 0.00365 
1.18376 0.75000 0.00336 
1.18511 0.75000 0.00320 
1.18558 0.75000 0.00314 
1.18881 0.75000 0.00274 
1.19060 0.75000 0.00252 
1.19249 0.75000 0.00229 
1.19561 0.75000 0.00190 
1.19615 0.75000 0.00184 
1.19759 0.75000 0.00166 
1.19978 0.75000 0.00138 
1.20060 0.75000 0.00128 
1.20340 0.75000 0.00093 
1.20558 0.75000 0.00065 
1.20703 0.75000 0.00047 
1.21058 0.75000 0.00002 
1.21070 0.75000 0.00000 
1.21058 0.75000 -0.00002 
1.20704 0.75000 -0.00047 
1.20559 0.75000 -0.00065 
1.20342 0.75000 -0.00093 
1.20060 0.75000 -0.00128 
1.19980 0.75000 -0.00138 
1.19766 0.75000 -0.00165 
1.19617 0.75000 -0.00183 
1.19561 0.75000 -0.00190 
1.19253 0.75000 -0.00228 
1.19061 0.75000 -0.00252 
1.18886 0.75000 -0.00274 
1.18557 0.75000 -0.00314 
1.18517 0.75000 -0.00319 
1.18402 0.75000 -0.00333 
1.18145 0.75000 -0.00365 
1.18054 0.75000 -0.00376 
1.17769 0.75000 -0.00411 
1.17547 0.75000 -0.00438 
1.17388 0.75000 -0.00458 
1.17030 0.75000 -0.00502 
1.16992 0.75000 -0.00507 
1.16870 0.75000 -0.00522 
1.16573 0.75000 -0.00558 
1.16480 0.75000 -0.00570 
1.16127 0.75000 -0.00613 
1.15882 0.75000 -0.00644 
1.15662 0.75000 -0.00671 
1.15228 0.75000 -0.00724 
1.15134 0.75000 -0.00735 
1.15086 0.75000 -0.00741 
1.14553 0.75000 -0.00806 
1.14389 0.75000 -0.00826 
1.14041 0.75000 -0.00868 
1.13694 0.75000 -0.00909 
1.13412 0.75000 -0.00942 
1.13038 0.75000 -0.00986 
1.12686 0.75000 -0.01028 
1.12440 0.75000 -0.01056 
1.11843 0.75000 -0.01125 
1.11010 0.75000 -0.01219 
1.10844 0.75000 -0.01238 
1.10657 0.75000 -0.01259 
1.09794 0.75000 -0.01354 
1.08998 0.75000 -0.01439 
1.08658 0.75000 -0.01476 
1.08293 0.75000 -0.01514 
1.07442 0.75000 -0.01602 
1.06579 0.75000 -0.01690 
1.06125 0.75000 -0.01736 
1.05678 0.75000 -0.01780 
1.04716 0.75000 -0.01875 
1.03756 0.75000 -0.01967 
1.03182 0.75000 -0.02022 
1.02494 0.75000 -0.02086 
1.01533 0.75000 -0.02175 
1.00780 0.75000 -0.02243 
0.99770 0.75000 -0.02334 
0.98281 0.75000 -0.02464 
0.97904 0.75000 -0.02496 
0.97657 0.75000 -0.02517 
0.95956 0.75000 -0.02660 
0.94595 0.75000 -0.02769 
0.93840 0.75000 -0.02830 
0.91879 0.75000 -0.02978 
0.91439 0.75000 -0.03011 
0.88901 0.75000 -0.03196 
0.88900 0.75000 -0.03196 
0.88899 0.75000 -0.03196 
0.86260 0.75000 -0.03355 
0.85191 0.75000 -0.03406 
0.83258 0.75000 -0.03499 
0.82194 0.75000 -0.03546 
0.80732 0.75000 -0.03610 

ZONE T="SLICE_Y_1p4_BINS01_KS_1mm_FINAL_LAYER"
1.38963 1.40000 -0.00047 
1.38899 1.40000 -0.00055 
1.38602 1.40000 -0.00092 
1.38489 1.40000 -0.00106 
1.38241 1.40000 -0.00137 
1.37991 1.40000 -0.00168 
1.37879 1.40000 -0.00182 
1.37581 1.40000 -0.00219 
1.37516 1.40000 -0.00227 
1.37492 1.40000 -0.00230 
1.37153 1.40000 -0.00272 
1.36993 1.40000 -0.00291 
1.36789 1.40000 -0.00316 
1.36494 1.40000 -0.00353 
1.36424 1.40000 -0.00361 
1.36234 1.40000 -0.00385 
1.36059 1.40000 -0.00406 
1.35991 1.40000 -0.00415 
1.35690 1.40000 -0.00452 
1.35461 1.40000 -0.00480 
1.35311 1.40000 -0.00499 
1.34990 1.40000 -0.00538 
1.34918 1.40000 -0.00547 
1.34872 1.40000 -0.00552 
1.34521 1.40000 -0.00595 
1.34302 1.40000 -0.00621 
1.34053 1.40000 -0.00651 
1.33823 1.40000 -0.00679 
1.33464 1.40000 -0.00721 
1.33257 1.40000 -0.00746 
1.33012 1.40000 -0.00774 
1.32659 1.40000 -0.00815 
1.32440 1.40000 -0.00840 
1.31972 1.40000 -0.00894 
1.31516 1.40000 -0.00945 
1.31007 1.40000 -0.01001 
1.30613 1.40000 -0.01044 
1.29905 1.40000 -0.01119 
1.29652 1.40000 -0.01146 
1.28792 1.40000 -0.01235 
1.28589 1.40000 -0.01256 
1.27647 1.40000 -0.01350 
1.27476 1.40000 -0.01367 
1.26496 1.40000 -0.01462 
1.26281 1.40000 -0.01483 
1.25412 1.40000 -0.01565 
1.24913 1.40000 -0.01611 
1.24356 1.40000 -0.01662 
1.23424 1.40000 -0.01746 
1.23308 1.40000 -0.01757 
1.23198 1.40000 -0.01766 
1.22252 1.40000 -0.01849 
1.21493 1.40000 -0.01914 
1.21116 1.40000 -0.01946 
1.20625 1.40000 -0.01987 
1.20037 1.40000 -0.02035 
1.19640 1.40000 -0.02067 
1.19045 1.40000 -0.02115 
1.18299 1.40000 -0.02173 
1.18097 1.40000 -0.02188 
1.17717 1.40000 -0.02216 
1.17171 1.40000 -0.02256 
1.16324 1.40000 -0.02316 
1.16087 1.40000 -0.02333 
1.15999 1.40000 -0.02339 
1.14664 1.40000 -0.02428 
1.14632 1.40000 -0.02430 
1.13238 1.40000 -0.02513 
1.13171 1.40000 -0.02517 
1.12946 1.40000 -0.02530 
1.12031 1.40000 -0.02580 
1.11685 1.40000 -0.02597 
1.11073 1.40000 -0.02629 
1.10036 1.40000 -0.02674 
1.10015 1.40000 -0.02674 
1.10006 1.40000 -0.02675 
1.08916 1.40000 -0.02718 
1.08617 1.40000 -0.02727 
1.07777 1.40000 -0.02755 
1.07386 1.40000 -0.02765 
1.06504 1.40000 -0.02788 
1.06280 1.40000 -0.02794 
1.05731 1.40000 -0.02802 
1.05215 1.40000 -0.02811 
1.04977 1.40000 -0.02815 
1.04175 1.40000 -0.02822 
1.03634 1.40000 -0.02826 
1.02882 1.40000 -0.02829 
1.02387 1.40000 -0.02830 
1.01598 1.40000 -0.02826 
1.01067 1.40000 -0.02823 
1.00356 1.40000 -0.02813 
0.99690 1.40000 -0.02805 
0.99046 1.40000 -0.02794 
0.98500 1.40000 -0.02784 
0.97869 1.40000 -0.02767 
0.97371 1.40000 -0.02754 
0.96877 1.40000 -0.02740 
0.96172 1.40000 -0.02717 
0.96008 1.40000 -0.02712 
0.95762 1.40000 -0.02702 
0.95114 1.40000 -0.02677 
0.94507 1.40000 -0.02653 
0.94172 1.40000 -0.02640 
0.94001 1.40000 -0.02631 
0.93305 1.40000 -0.02596 
0.93120 1.40000 -0.02587 
0.93047 1.40000 -0.02583 
0.92398 1.40000 -0.02549 
0.91791 1.40000 -0.02514 
0.91758 1.40000 -0.02512 
0.91706 1.40000 -0.02509 
0.91116 1.40000 -0.02473 
0.90792 1.40000 -0.02453 
0.90480 1.40000 -0.02433 
0.90019 1.40000 -0.02400 
0.89861 1.40000 -0.02389 
0.89320 1.40000 -0.02348 
0.89281 1.40000 -0.02345 
0.89002 1.40000 -0.02324 
0.88740 1.40000 -0.02304 
0.88705 1.40000 -0.02302 
0.88243 1.40000 -0.02266 
0.88171 1.40000 -0.02261 
0.87796 1.40000 -0.02236 
0.87663 1.40000 -0.02229 
0.87380 1.40000 -0.02213 
0.87189 1.40000 -0.02209 
0.86963 1.40000 -0.02203 
0.86748 1.40000 -0.02205 
0.86564 1.40000 -0.02206 
0.86315 1.40000 -0.02227 
0.86185 1.40000 -0.02238 
0.85875 1.40000 -0.02328 
0.85830 1.40000 -0.02337 
0.85695 1.40000 -0.02393 
0.85495 1.40000 -0.02475 
0.85427 1.40000 -0.02509 
0.85177 1.40000 -0.02643 
0.84969 1.40000 -0.02747 
0.84855 1.40000 -0.02805 
0.84601 1.40000 -0.02923 
0.84527 1.40000 -0.02958 
0.84489 1.40000 -0.02967 
0.84181 1.40000 -0.03059 
0.83913 1.40000 -0.03069 
0.83849 1.40000 -0.03075 
0.83777 1.40000 -0.03062 
0.83544 1.40000 -0.02996 
0.83337 1.40000 -0.02921 
0.83206 1.40000 -0.02860 
0.82975 1.40000 -0.02755 
0.82830 1.40000 -0.02733 
0.82557 1.40000 -0.02826 
0.82502 1.40000 -0.02831 
0.82463 1.40000 -0.02843 
0.82180 1.40000 -0.02869 
0.81999 1.40000 -0.02878 
0.81887 1.40000 -0.02888 
0.81667 1.40000 -0.02918 
0.81536 1.40000 -0.02951 
0.81278 1.40000 -0.03003 
0.81162 1.40000 -0.03023 
0.80833 1.40000 -0.03085 
0.80765 1.40000 -0.03078 
0.80338 1.40000 -0.03063 
0.80323 1.40000 -0.03053 
0.79906 1.40000 -0.02809 
0.79849 1.40000 -0.02736 
0.79600 1.40000 -0.02405 
0.79532 1.40000 -0.02264 
0.79433 1.40000 -0.02043 
0.79310 1.40000 -0.01697 
0.79305 1.40000 -0.01682 
0.79302 1.40000 -0.01671 
0.79211 1.40000 -0.01322 
0.79141 1.40000 -0.01011 
0.79128 1.40000 -0.00952 
0.79112 1.40000 -0.00871 
0.79052 1.40000 -0.00568 
0.79014 1.40000 -0.00330 
0.78988 1.40000 -0.00169 
0.78968 1.40000 0.00035 
0.78950 1.40000 0.00234 
0.78938 1.40000 0.00400 
0.78921 1.40000 0.00627 
0.78912 1.40000 0.00865 
0.78907 1.40000 0.01011 
0.78910 1.40000 0.01174 
0.78913 1.40000 0.01398 
0.78926 1.40000 0.01568 
0.78945 1.40000 0.01801 
0.79033 1.40000 0.02183 
0.79046 1.40000 0.02239 
0.79348 1.40000 0.02665 
0.79349 1.40000 0.02666 
0.79803 1.40000 0.02820 
0.79879 1.40000 0.02846 
0.80250 1.40000 0.02813 
0.80363 1.40000 0.02804 
0.80665 1.40000 0.02662 
0.80752 1.40000 0.02629 
0.81074 1.40000 0.02517 
0.81116 1.40000 0.02499 
0.81399 1.40000 0.02412 
0.81486 1.40000 0.02385 
0.81501 1.40000 0.02380 
0.81858 1.40000 0.02264 
0.81947 1.40000 0.02241 
0.82242 1.40000 0.02163 
0.82409 1.40000 0.02126 
0.82626 1.40000 0.02077 
0.82886 1.40000 0.02029 
0.83010 1.40000 0.02005 
0.83345 1.40000 0.01943 
0.83394 1.40000 0.01934 
0.83730 1.40000 0.01876 
0.83773 1.40000 0.01868 
0.83780 1.40000 0.01868 
0.84157 1.40000 0.01838 
0.84202 1.40000 0.01840 
0.84548 1.40000 0.01857 
0.84608 1.40000 0.01863 
0.84958 1.40000 0.01904 
0.85015 1.40000 0.01911 
0.85407 1.40000 0.01959 
0.85461 1.40000 0.01966 
0.85891 1.40000 0.02017 
0.85985 1.40000 0.02028 
0.86375 1.40000 0.02072 
0.86788 1.40000 0.02117 
0.86807 1.40000 0.02119 
0.87289 1.40000 0.02166 
0.87422 1.40000 0.02179 
0.87939 1.40000 0.02228 
0.88132 1.40000 0.02245 
0.88568 1.40000 0.02283 
0.88859 1.40000 0.02308 
0.89026 1.40000 0.02322 
0.89613 1.40000 0.02366 
0.90011 1.40000 0.02396 
0.90538 1.40000 0.02433 
0.90838 1.40000 0.02453 
0.91117 1.40000 0.02472 
0.91775 1.40000 0.02512 
0.92152 1.40000 0.02535 
0.92852 1.40000 0.02573 
0.93013 1.40000 0.02582 
0.94003 1.40000 0.02631 
0.94071 1.40000 0.02634 
0.94302 1.40000 0.02644 
0.95016 1.40000 0.02675 
0.95220 1.40000 0.02683 
0.95862 1.40000 0.02707 
0.96696 1.40000 0.02735 
0.96951 1.40000 0.02742 
0.97443 1.40000 0.02756 
0.98101 1.40000 0.02774 
0.98445 1.40000 0.02782 
0.99269 1.40000 0.02798 
0.99976 1.40000 0.02810 
1.00515 1.40000 0.02817 
1.01274 1.40000 0.02826 
1.01880 1.40000 0.02828 
1.02500 1.40000 0.02830 
1.03390 1.40000 0.02827 
1.03721 1.40000 0.02825 
1.04839 1.40000 0.02814 
1.04839 1.40000 0.02814 
1.04841 1.40000 0.02814 
1.05886 1.40000 0.02800 
1.06285 1.40000 0.02791 
1.06806 1.40000 0.02780 
1.07397 1.40000 0.02764 
1.07859 1.40000 0.02752 
1.08646 1.40000 0.02727 
1.09019 1.40000 0.02715 
1.10229 1.40000 0.02665 
1.10316 1.40000 0.02662 
1.10393 1.40000 0.02659 
1.11641 1.40000 0.02599 
1.11873 1.40000 0.02588 
1.12894 1.40000 0.02534 
1.13038 1.40000 0.02526 
1.13781 1.40000 0.02483 
1.14131 1.40000 0.02463 
1.14215 1.40000 0.02458 
1.15194 1.40000 0.02394 
1.15451 1.40000 0.02376 
1.16305 1.40000 0.02318 
1.16923 1.40000 0.02273 
1.17390 1.40000 0.02240 
1.18073 1.40000 0.02189 
1.18342 1.40000 0.02169 
1.19492 1.40000 0.02079 
1.19511 1.40000 0.02077 
1.19540 1.40000 0.02075 
1.20706 1.40000 0.01980 
1.21485 1.40000 0.01914 
1.21784 1.40000 0.01889 
1.22500 1.40000 0.01827 
1.22872 1.40000 0.01795 
1.23013 1.40000 0.01783 
1.23983 1.40000 0.01696 
1.24454 1.40000 0.01653 
1.25289 1.40000 0.01576 
1.25559 1.40000 0.01552 
1.26112 1.40000 0.01499 
1.26610 1.40000 0.01451 
1.26838 1.40000 0.01429 
1.27676 1.40000 0.01347 
1.27937 1.40000 0.01321 
1.28716 1.40000 0.01243 
1.28984 1.40000 0.01216 
1.29708 1.40000 0.01141 
1.30037 1.40000 0.01106 
1.30646 1.40000 0.01041 
1.31041 1.40000 0.00998 
1.31531 1.40000 0.00944 
1.31912 1.40000 0.00901 
1.32304 1.40000 0.00857 
1.32751 1.40000 0.00805 
1.32860 1.40000 0.00793 
1.33204 1.40000 0.00752 
1.33470 1.40000 0.00721 
1.33525 1.40000 0.00714 
1.33661 1.40000 0.00698 
1.34026 1.40000 0.00655 
1.34420 1.40000 0.00607 
1.34457 1.40000 0.00603 
1.34473 1.40000 0.00601 
1.34892 1.40000 0.00550 
1.34999 1.40000 0.00537 
1.35309 1.40000 0.00499 
1.35501 1.40000 0.00475 
1.35689 1.40000 0.00452 
1.36011 1.40000 0.00412 
1.36060 1.40000 0.00406 
1.36188 1.40000 0.00390 
1.36425 1.40000 0.00361 
1.36514 1.40000 0.00350 
1.36790 1.40000 0.00316 
1.37011 1.40000 0.00289 
1.37155 1.40000 0.00271 
1.37507 1.40000 0.00228 
1.37519 1.40000 0.00227 
1.37553 1.40000 0.00222 
1.37882 1.40000 0.00182 
1.38002 1.40000 0.00167 
1.38244 1.40000 0.00137 
1.38495 1.40000 0.00106 
1.38604 1.40000 0.00092 
1.38894 1.40000 0.00055 
1.38964 1.40000 0.00047 
1.38990 1.40000 0.00043 
1.39331 1.40000 0.00000 
1.38988 1.40000 -0.00044 
1.38963 1.40000 -0.00047 

ZONE T="SLICE_Y_0p1_BINS03_KS_1mm_FINAL_LAYER"
1.02809 0.10000 0.00000 
1.02695 0.10000 -0.00015 
1.02435 0.10000 -0.00048 
1.02203 0.10000 -0.00077 
1.02068 0.10000 -0.00095 
1.01705 0.10000 -0.00140 
1.01701 0.10000 -0.00141 
1.01689 0.10000 -0.00142 
1.01332 0.10000 -0.00187 
1.01197 0.10000 -0.00204 
1.00961 0.10000 -0.00233 
1.00677 0.10000 -0.00269 
1.00591 0.10000 -0.00279 
1.00401 0.10000 -0.00303 
1.00222 0.10000 -0.00325 
1.00134 0.10000 -0.00335 
0.99853 0.10000 -0.00370 
0.99590 0.10000 -0.00402 
0.99478 0.10000 -0.00416 
0.99201 0.10000 -0.00450 
0.99098 0.10000 -0.00463 
0.99056 0.10000 -0.00468 
0.98705 0.10000 -0.00511 
0.98473 0.10000 -0.00540 
0.98287 0.10000 -0.00562 
0.97962 0.10000 -0.00603 
0.97843 0.10000 -0.00617 
0.97768 0.10000 -0.00626 
0.97381 0.10000 -0.00674 
0.96929 0.10000 -0.00730 
0.96891 0.10000 -0.00735 
0.96829 0.10000 -0.00742 
0.96375 0.10000 -0.00798 
0.96169 0.10000 -0.00824 
0.95784 0.10000 -0.00871 
0.95371 0.10000 -0.00921 
0.95049 0.10000 -0.00960 
0.94499 0.10000 -0.01027 
0.94179 0.10000 -0.01066 
0.93522 0.10000 -0.01144 
0.93212 0.10000 -0.01181 
0.92409 0.10000 -0.01275 
0.92151 0.10000 -0.01305 
0.91135 0.10000 -0.01422 
0.91071 0.10000 -0.01429 
0.90899 0.10000 -0.01449 
0.90035 0.10000 -0.01547 
0.89468 0.10000 -0.01609 
0.88978 0.10000 -0.01663 
0.88532 0.10000 -0.01712 
0.87680 0.10000 -0.01804 
0.86754 0.10000 -0.01902 
0.86231 0.10000 -0.01956 
0.85684 0.10000 -0.02012 
0.84701 0.10000 -0.02112 
0.83677 0.10000 -0.02214 
0.83038 0.10000 -0.02278 
0.82438 0.10000 -0.02336 
0.81248 0.10000 -0.02452 
0.79734 0.10000 -0.02593 
0.79281 0.10000 -0.02636 
0.78967 0.10000 -0.02665 
0.77168 0.10000 -0.02829 
0.75497 0.10000 -0.02977 
0.74839 0.10000 -0.03034 
0.73222 0.10000 -0.03171 
0.72330 0.10000 -0.03246 
0.72005 0.10000 -0.03274 
0.69646 0.10000 -0.03464 
0.68550 0.10000 -0.03551 
0.66911 0.10000 -0.03675 
0.64534 0.10000 -0.03847 
0.64027 0.10000 -0.03882 
0.63595 0.10000 -0.03910 
0.60871 0.10000 -0.04088 
0.59214 0.10000 -0.04182 
0.57549 0.10000 -0.04276 
0.54340 0.10000 -0.04425 
0.54180 0.10000 -0.04433 
0.54081 0.10000 -0.04437 
0.51168 0.10000 -0.04541 
0.50417 0.10000 -0.04567 
0.50387 0.10000 -0.04568 
0.47306 0.10000 -0.04642 
0.46810 0.10000 -0.04648 
0.44427 0.10000 -0.04681 
0.43231 0.10000 -0.04685 
0.41544 0.10000 -0.04691 
0.40238 0.10000 -0.04683 
0.38989 0.10000 -0.04675 
0.37473 0.10000 -0.04657 
0.36503 0.10000 -0.04644 
0.34963 0.10000 -0.04611 
0.34053 0.10000 -0.04591 
0.32716 0.10000 -0.04554 
0.31097 0.10000 -0.04502 
0.30850 0.10000 -0.04494 
0.30633 0.10000 -0.04485 
0.28939 0.10000 -0.04422 
0.27387 0.10000 -0.04354 
0.27270 0.10000 -0.04349 
0.27119 0.10000 -0.04341 
0.25735 0.10000 -0.04271 
0.24604 0.10000 -0.04207 
0.24425 0.10000 -0.04197 
0.24273 0.10000 -0.04188 
0.23208 0.10000 -0.04126 
0.22381 0.10000 -0.04072 
0.22125 0.10000 -0.04055 
0.21443 0.10000 -0.04010 
0.21110 0.10000 -0.03987 
0.21009 0.10000 -0.03980 
0.20109 0.10000 -0.03912 
0.19903 0.10000 -0.03896 
0.19148 0.10000 -0.03838 
0.18875 0.10000 -0.03815 
0.18300 0.10000 -0.03767 
0.17957 0.10000 -0.03736 
0.17540 0.10000 -0.03700 
0.17159 0.10000 -0.03664 
0.16844 0.10000 -0.03635 
0.16451 0.10000 -0.03597 
0.16186 0.10000 -0.03571 
0.15869 0.10000 -0.03539 
0.15432 0.10000 -0.03496 
0.15392 0.10000 -0.03492 
0.15284 0.10000 -0.03482 
0.14910 0.10000 -0.03448 
0.14818 0.10000 -0.03441 
0.14444 0.10000 -0.03417 
0.14305 0.10000 -0.03415 
0.14014 0.10000 -0.03411 
0.13880 0.10000 -0.03417 
0.13559 0.10000 -0.03432 
0.13421 0.10000 -0.03450 
0.13128 0.10000 -0.03486 
0.12952 0.10000 -0.03535 
0.12727 0.10000 -0.03612 
0.12534 0.10000 -0.03757 
0.12413 0.10000 -0.03853 
0.12172 0.10000 -0.04090 
0.12133 0.10000 -0.04126 
0.11935 0.10000 -0.04274 
0.11814 0.10000 -0.04362 
0.11787 0.10000 -0.04374 
0.11446 0.10000 -0.04525 
0.11356 0.10000 -0.04536 
0.11038 0.10000 -0.04578 
0.10911 0.10000 -0.04583 
0.10609 0.10000 -0.04517 
0.10527 0.10000 -0.04434 
0.10341 0.10000 -0.04155 
0.10286 0.10000 -0.04083 
0.10255 0.10000 -0.04050 
0.10005 0.10000 -0.03845 
0.09755 0.10000 -0.03717 
0.09687 0.10000 -0.03692 
0.09600 0.10000 -0.03676 
0.09338 0.10000 -0.03622 
0.09106 0.10000 -0.03645 
0.08981 0.10000 -0.03656 
0.08838 0.10000 -0.03639 
0.08633 0.10000 -0.03611 
0.08469 0.10000 -0.03599 
0.08287 0.10000 -0.03596 
0.08026 0.10000 -0.03601 
0.07945 0.10000 -0.03602 
0.07899 0.10000 -0.03604 
0.07621 0.10000 -0.03628 
0.07363 0.10000 -0.03652 
0.07253 0.10000 -0.03663 
0.06943 0.10000 -0.03686 
0.06820 0.10000 -0.03695 
0.06515 0.10000 -0.03661 
0.06369 0.10000 -0.03642 
0.06089 0.10000 -0.03534 
0.05939 0.10000 -0.03478 
0.05683 0.10000 -0.03304 
0.05568 0.10000 -0.03227 
0.05310 0.10000 -0.02976 
0.05262 0.10000 -0.02931 
0.05123 0.10000 -0.02756 
0.05009 0.10000 -0.02612 
0.04979 0.10000 -0.02565 
0.04802 0.10000 -0.02277 
0.04707 0.10000 -0.02081 
0.04634 0.10000 -0.01929 
0.04515 0.10000 -0.01620 
0.04498 0.10000 -0.01575 
0.04490 0.10000 -0.01550 
0.04386 0.10000 -0.01215 
0.04328 0.10000 -0.00972 
0.04297 0.10000 -0.00849 
0.04259 0.10000 -0.00657 
0.04224 0.10000 -0.00478 
0.04203 0.10000 -0.00357 
0.04160 0.10000 -0.00104 
0.04122 0.10000 0.00214 
0.04116 0.10000 0.00263 
0.04113 0.10000 0.00306 
0.04091 0.10000 0.00628 
0.04087 0.10000 0.00963 
0.04087 0.10000 0.00992 
0.04089 0.10000 0.01023 
0.04110 0.10000 0.01357 
0.04151 0.10000 0.01641 
0.04162 0.10000 0.01722 
0.04187 0.10000 0.01832 
0.04245 0.10000 0.02086 
0.04299 0.10000 0.02251 
0.04360 0.10000 0.02447 
0.04508 0.10000 0.02801 
0.04509 0.10000 0.02802 
0.04509 0.10000 0.02803 
0.04689 0.10000 0.03152 
0.04780 0.10000 0.03295 
0.04907 0.10000 0.03504 
0.05109 0.10000 0.03754 
0.05200 0.10000 0.03870 
0.05533 0.10000 0.04091 
0.05659 0.10000 0.04167 
0.06014 0.10000 0.04182 
0.06219 0.10000 0.04181 
0.06472 0.10000 0.04109 
0.06683 0.10000 0.04043 
0.06875 0.10000 0.03938 
0.07063 0.10000 0.03842 
0.07254 0.10000 0.03797 
0.07459 0.10000 0.03749 
0.07624 0.10000 0.03699 
0.07850 0.10000 0.03634 
0.07976 0.10000 0.03594 
0.08245 0.10000 0.03530 
0.08326 0.10000 0.03519 
0.08652 0.10000 0.03463 
0.08682 0.10000 0.03457 
0.08910 0.10000 0.03403 
0.09055 0.10000 0.03370 
0.09071 0.10000 0.03366 
0.09112 0.10000 0.03355 
0.09404 0.10000 0.03275 
0.09739 0.10000 0.03181 
0.09751 0.10000 0.03178 
0.09759 0.10000 0.03176 
0.10168 0.10000 0.03064 
0.10180 0.10000 0.03062 
0.10578 0.10000 0.03020 
0.10588 0.10000 0.03020 
0.10985 0.10000 0.03027 
0.10987 0.10000 0.03027 
0.11222 0.10000 0.03044 
0.11396 0.10000 0.03056 
0.11397 0.10000 0.03056 
0.11453 0.10000 0.03060 
0.11825 0.10000 0.03091 
0.11835 0.10000 0.03092 
0.12273 0.10000 0.03133 
0.12331 0.10000 0.03139 
0.12743 0.10000 0.03183 
0.12926 0.10000 0.03204 
0.13248 0.10000 0.03241 
0.13578 0.10000 0.03279 
0.13835 0.10000 0.03308 
0.14124 0.10000 0.03341 
0.14598 0.10000 0.03395 
0.14874 0.10000 0.03426 
0.15361 0.10000 0.03478 
0.15791 0.10000 0.03523 
0.16157 0.10000 0.03562 
0.16903 0.10000 0.03634 
0.17018 0.10000 0.03645 
0.17425 0.10000 0.03683 
0.17973 0.10000 0.03733 
0.18120 0.10000 0.03746 
0.19027 0.10000 0.03825 
0.19432 0.10000 0.03857 
0.20119 0.10000 0.03910 
0.20945 0.10000 0.03970 
0.21252 0.10000 0.03993 
0.21979 0.10000 0.04044 
0.22401 0.10000 0.04073 
0.22569 0.10000 0.04083 
0.23514 0.10000 0.04142 
0.24213 0.10000 0.04184 
0.24623 0.10000 0.04209 
0.25072 0.10000 0.04234 
0.25922 0.10000 0.04278 
0.27070 0.10000 0.04335 
0.27529 0.10000 0.04359 
0.27733 0.10000 0.04369 
0.29212 0.10000 0.04433 
0.29662 0.10000 0.04452 
0.29741 0.10000 0.04455 
0.31765 0.10000 0.04524 
0.31871 0.10000 0.04527 
0.33994 0.10000 0.04589 
0.34219 0.10000 0.04594 
0.36211 0.10000 0.04636 
0.37218 0.10000 0.04650 
0.38485 0.10000 0.04669 
0.40655 0.10000 0.04685 
0.40861 0.10000 0.04687 
0.43031 0.10000 0.04688 
0.43670 0.10000 0.04685 
0.45329 0.10000 0.04669 
0.46628 0.10000 0.04653 
0.47812 0.10000 0.04629 
0.48895 0.10000 0.04607 
0.50058 0.10000 0.04577 
0.52126 0.10000 0.04511 
0.54650 0.10000 0.04414 
0.55038 0.10000 0.04396 
0.57850 0.10000 0.04258 
0.58904 0.10000 0.04200 
0.62437 0.10000 0.03991 
0.62459 0.10000 0.03989 
0.62467 0.10000 0.03989 
0.62522 0.10000 0.03985 
0.65941 0.10000 0.03749 
0.66426 0.10000 0.03713 
0.69240 0.10000 0.03501 
0.69595 0.10000 0.03473 
0.71200 0.10000 0.03341 
0.72372 0.10000 0.03245 
0.72691 0.10000 0.03218 
0.74883 0.10000 0.03030 
0.76222 0.10000 0.02913 
0.77196 0.10000 0.02826 
0.79127 0.10000 0.02650 
0.79309 0.10000 0.02633 
0.79407 0.10000 0.02624 
0.81290 0.10000 0.02447 
0.82590 0.10000 0.02321 
0.83109 0.10000 0.02271 
0.83797 0.10000 0.02202 
0.84827 0.10000 0.02099 
0.85678 0.10000 0.02013 
0.86448 0.10000 0.01933 
0.87349 0.10000 0.01839 
0.88055 0.10000 0.01765 
0.88427 0.10000 0.01726 
0.89641 0.10000 0.01592 
0.89892 0.10000 0.01564 
0.91044 0.10000 0.01433 
0.91143 0.10000 0.01421 
0.92245 0.10000 0.01295 
0.92268 0.10000 0.01292 
0.92479 0.10000 0.01267 
0.93283 0.10000 0.01172 
0.93366 0.10000 0.01162 
0.94288 0.10000 0.01052 
0.94331 0.10000 0.01047 
0.94561 0.10000 0.01019 
0.95181 0.10000 0.00944 
0.95313 0.10000 0.00928 
0.95955 0.10000 0.00850 
0.96217 0.10000 0.00818 
0.96686 0.10000 0.00760 
0.96802 0.10000 0.00746 
0.97203 0.10000 0.00696 
0.97369 0.10000 0.00676 
0.97418 0.10000 0.00670 
0.97896 0.10000 0.00611 
0.98087 0.10000 0.00587 
0.98360 0.10000 0.00553 
0.98679 0.10000 0.00514 
0.98778 0.10000 0.00502 
0.99037 0.10000 0.00470 
0.99167 0.10000 0.00454 
0.99213 0.10000 0.00449 
0.99540 0.10000 0.00408 
0.99724 0.10000 0.00386 
0.99906 0.10000 0.00363 
1.00228 0.10000 0.00324 
1.00270 0.10000 0.00319 
1.00382 0.10000 0.00305 
1.00634 0.10000 0.00274 
1.00729 0.10000 0.00262 
1.00997 0.10000 0.00229 
1.01228 0.10000 0.00200 
1.01359 0.10000 0.00184 
1.01715 0.10000 0.00139 
1.01721 0.10000 0.00139 
1.01723 0.10000 0.00138 
1.02080 0.10000 0.00093 
1.02212 0.10000 0.00076 
1.02441 0.10000 0.00047 
1.02696 0.10000 0.00014 
1.02809 0.10000 0.00000 

ZONE T="SLICE_Y_0p75_BINS03_KS_1mm_FINAL_LAYER"
1.19952 0.75000 -0.00142 
1.19809 0.75000 -0.00160 
1.19577 0.75000 -0.00188 
1.19501 0.75000 -0.00198 
1.19200 0.75000 -0.00235 
1.19023 0.75000 -0.00257 
1.18823 0.75000 -0.00281 
1.18580 0.75000 -0.00311 
1.18449 0.75000 -0.00327 
1.18116 0.75000 -0.00368 
1.18086 0.75000 -0.00372 
1.18009 0.75000 -0.00381 
1.17728 0.75000 -0.00416 
1.17604 0.75000 -0.00431 
1.17366 0.75000 -0.00461 
1.16999 0.75000 -0.00506 
1.16984 0.75000 -0.00508 
1.16969 0.75000 -0.00509 
1.16587 0.75000 -0.00557 
1.16222 0.75000 -0.00602 
1.16140 0.75000 -0.00612 
1.15997 0.75000 -0.00629 
1.15704 0.75000 -0.00665 
1.15239 0.75000 -0.00722 
1.15175 0.75000 -0.00730 
1.15156 0.75000 -0.00733 
1.15026 0.75000 -0.00748 
1.14506 0.75000 -0.00812 
1.14421 0.75000 -0.00822 
1.13872 0.75000 -0.00888 
1.13440 0.75000 -0.00939 
1.13146 0.75000 -0.00974 
1.13024 0.75000 -0.00988 
1.12231 0.75000 -0.01080 
1.12036 0.75000 -0.01103 
1.11997 0.75000 -0.01107 
1.11037 0.75000 -0.01216 
1.10712 0.75000 -0.01252 
1.09991 0.75000 -0.01332 
1.09274 0.75000 -0.01410 
1.08860 0.75000 -0.01454 
1.07663 0.75000 -0.01582 
1.07651 0.75000 -0.01583 
1.07646 0.75000 -0.01583 
1.06404 0.75000 -0.01711 
1.05583 0.75000 -0.01791 
1.05066 0.75000 -0.01842 
1.04523 0.75000 -0.01894 
1.03612 0.75000 -0.01981 
1.02545 0.75000 -0.02081 
1.02012 0.75000 -0.02132 
1.01607 0.75000 -0.02169 
1.00280 0.75000 -0.02290 
0.98515 0.75000 -0.02445 
0.98388 0.75000 -0.02456 
0.98245 0.75000 -0.02468 
0.96399 0.75000 -0.02623 
0.94705 0.75000 -0.02759 
0.94199 0.75000 -0.02799 
0.93703 0.75000 -0.02837 
0.91840 0.75000 -0.02979 
0.89446 0.75000 -0.03148 
0.89335 0.75000 -0.03156 
0.89250 0.75000 -0.03161 
0.86776 0.75000 -0.03314 
0.84584 0.75000 -0.03435 
0.84216 0.75000 -0.03455 
0.83788 0.75000 -0.03475 
0.81693 0.75000 -0.03564 
0.79691 0.75000 -0.03630 
0.79024 0.75000 -0.03654 
0.78453 0.75000 -0.03668 
0.76500 0.75000 -0.03713 
0.74747 0.75000 -0.03736 
0.74154 0.75000 -0.03745 
0.73306 0.75000 -0.03750 
0.71948 0.75000 -0.03755 
0.71150 0.75000 -0.03751 
0.69901 0.75000 -0.03747 
0.68347 0.75000 -0.03726 
0.67991 0.75000 -0.03721 
0.67029 0.75000 -0.03702 
0.66251 0.75000 -0.03687 
0.65945 0.75000 -0.03678 
0.64695 0.75000 -0.03645 
0.63603 0.75000 -0.03608 
0.63320 0.75000 -0.03599 
0.62947 0.75000 -0.03585 
0.62034 0.75000 -0.03550 
0.61443 0.75000 -0.03524 
0.60858 0.75000 -0.03499 
0.59835 0.75000 -0.03449 
0.59822 0.75000 -0.03449 
0.59817 0.75000 -0.03448 
0.58772 0.75000 -0.03395 
0.58650 0.75000 -0.03388 
0.57676 0.75000 -0.03332 
0.57583 0.75000 -0.03326 
0.57570 0.75000 -0.03325 
0.57534 0.75000 -0.03323 
0.56687 0.75000 -0.03267 
0.56103 0.75000 -0.03228 
0.55978 0.75000 -0.03220 
0.55896 0.75000 -0.03214 
0.55274 0.75000 -0.03172 
0.54616 0.75000 -0.03122 
0.54613 0.75000 -0.03122 
0.54611 0.75000 -0.03121 
0.53983 0.75000 -0.03073 
0.53609 0.75000 -0.03041 
0.53424 0.75000 -0.03026 
0.53012 0.75000 -0.02990 
0.52962 0.75000 -0.02986 
0.52924 0.75000 -0.02982 
0.52520 0.75000 -0.02946 
0.52319 0.75000 -0.02927 
0.51982 0.75000 -0.02895 
0.51752 0.75000 -0.02873 
0.51538 0.75000 -0.02851 
0.51287 0.75000 -0.02826 
0.51146 0.75000 -0.02812 
0.50958 0.75000 -0.02794 
0.50604 0.75000 -0.02770 
0.50584 0.75000 -0.02768 
0.50554 0.75000 -0.02767 
0.50207 0.75000 -0.02758 
0.49968 0.75000 -0.02782 
0.49842 0.75000 -0.02792 
0.49628 0.75000 -0.02843 
0.49489 0.75000 -0.02877 
0.49425 0.75000 -0.02903 
0.49157 0.75000 -0.03005 
0.48993 0.75000 -0.03093 
0.48855 0.75000 -0.03159 
0.48622 0.75000 -0.03305 
0.48557 0.75000 -0.03346 
0.48527 0.75000 -0.03363 
0.48244 0.75000 -0.03522 
0.48190 0.75000 -0.03552 
0.48183 0.75000 -0.03555 
0.47857 0.75000 -0.03652 
0.47713 0.75000 -0.03683 
0.47506 0.75000 -0.03683 
0.47225 0.75000 -0.03667 
0.47150 0.75000 -0.03636 
0.46831 0.75000 -0.03473 
0.46814 0.75000 -0.03458 
0.46522 0.75000 -0.03202 
0.46513 0.75000 -0.03198 
0.46466 0.75000 -0.03180 
0.46163 0.75000 -0.03057 
0.46100 0.75000 -0.03038 
0.45812 0.75000 -0.03037 
0.45666 0.75000 -0.03029 
0.45462 0.75000 -0.03033 
0.45266 0.75000 -0.03057 
0.45102 0.75000 -0.03114 
0.44893 0.75000 -0.03192 
0.44734 0.75000 -0.03222 
0.44500 0.75000 -0.03270 
0.44350 0.75000 -0.03304 
0.44081 0.75000 -0.03359 
0.43942 0.75000 -0.03367 
0.43597 0.75000 -0.03387 
0.43512 0.75000 -0.03361 
0.43104 0.75000 -0.03241 
0.43079 0.75000 -0.03222 
0.42721 0.75000 -0.02945 
0.42694 0.75000 -0.02912 
0.42449 0.75000 -0.02605 
0.42384 0.75000 -0.02495 
0.42244 0.75000 -0.02260 
0.42132 0.75000 -0.02025 
0.42080 0.75000 -0.01914 
0.41986 0.75000 -0.01676 
0.41944 0.75000 -0.01567 
0.41925 0.75000 -0.01512 
0.41829 0.75000 -0.01217 
0.41757 0.75000 -0.00958 
0.41731 0.75000 -0.00863 
0.41694 0.75000 -0.00709 
0.41646 0.75000 -0.00506 
0.41621 0.75000 -0.00375 
0.41577 0.75000 -0.00147 
0.41539 0.75000 0.00145 
0.41531 0.75000 0.00209 
0.41527 0.75000 0.00270 
0.41506 0.75000 0.00571 
0.41507 0.75000 0.00851 
0.41507 0.75000 0.00939 
0.41514 0.75000 0.01051 
0.41530 0.75000 0.01307 
0.41550 0.75000 0.01494 
0.41570 0.75000 0.01675 
0.41607 0.75000 0.01916 
0.41627 0.75000 0.02040 
0.41646 0.75000 0.02129 
0.41706 0.75000 0.02405 
0.41804 0.75000 0.02736 
0.41818 0.75000 0.02782 
0.41866 0.75000 0.02882 
0.42013 0.75000 0.03175 
0.42106 0.75000 0.03255 
0.42369 0.75000 0.03499 
0.42571 0.75000 0.03529 
0.42841 0.75000 0.03583 
0.43033 0.75000 0.03568 
0.43264 0.75000 0.03542 
0.43414 0.75000 0.03511 
0.43610 0.75000 0.03489 
0.43795 0.75000 0.03464 
0.43990 0.75000 0.03352 
0.44107 0.75000 0.03277 
0.44217 0.75000 0.03235 
0.44425 0.75000 0.03159 
0.44651 0.75000 0.03076 
0.44741 0.75000 0.03043 
0.44829 0.75000 0.03008 
0.45056 0.75000 0.02923 
0.45277 0.75000 0.02826 
0.45367 0.75000 0.02789 
0.45463 0.75000 0.02750 
0.45686 0.75000 0.02660 
0.45882 0.75000 0.02578 
0.46010 0.75000 0.02530 
0.46214 0.75000 0.02469 
0.46349 0.75000 0.02428 
0.46421 0.75000 0.02412 
0.46702 0.75000 0.02372 
0.46950 0.75000 0.02351 
0.47051 0.75000 0.02350 
0.47213 0.75000 0.02354 
0.47398 0.75000 0.02357 
0.47496 0.75000 0.02364 
0.47745 0.75000 0.02391 
0.47964 0.75000 0.02417 
0.48115 0.75000 0.02437 
0.48396 0.75000 0.02475 
0.48523 0.75000 0.02491 
0.48851 0.75000 0.02534 
0.48979 0.75000 0.02551 
0.49343 0.75000 0.02598 
0.49500 0.75000 0.02616 
0.49874 0.75000 0.02662 
0.50088 0.75000 0.02687 
0.50444 0.75000 0.02728 
0.50760 0.75000 0.02762 
0.51052 0.75000 0.02795 
0.51553 0.75000 0.02846 
0.51708 0.75000 0.02862 
0.52188 0.75000 0.02909 
0.52417 0.75000 0.02932 
0.52501 0.75000 0.02939 
0.53174 0.75000 0.02999 
0.53631 0.75000 0.03038 
0.54006 0.75000 0.03069 
0.54795 0.75000 0.03129 
0.54925 0.75000 0.03139 
0.54990 0.75000 0.03144 
0.55904 0.75000 0.03215 
0.56627 0.75000 0.03262 
0.57045 0.75000 0.03290 
0.57360 0.75000 0.03310 
0.58357 0.75000 0.03370 
0.58857 0.75000 0.03398 
0.59734 0.75000 0.03444 
0.60290 0.75000 0.03473 
0.61217 0.75000 0.03514 
0.61706 0.75000 0.03536 
0.62934 0.75000 0.03582 
0.63173 0.75000 0.03592 
0.64040 0.75000 0.03622 
0.64711 0.75000 0.03645 
0.64972 0.75000 0.03652 
0.66255 0.75000 0.03686 
0.67243 0.75000 0.03709 
0.68126 0.75000 0.03725 
0.69352 0.75000 0.03745 
0.70372 0.75000 0.03758 
0.71580 0.75000 0.03766 
0.72770 0.75000 0.03756 
0.74116 0.75000 0.03750 
0.75414 0.75000 0.03729 
0.76996 0.75000 0.03707 
0.78468 0.75000 0.03677 
0.80376 0.75000 0.03629 
0.80932 0.75000 0.03608 
0.82976 0.75000 0.03517 
0.83693 0.75000 0.03476 
0.86014 0.75000 0.03361 
0.87059 0.75000 0.03297 
0.88586 0.75000 0.03209 
0.89835 0.75000 0.03125 
0.91359 0.75000 0.03017 
0.92673 0.75000 0.02917 
0.93700 0.75000 0.02839 
0.94968 0.75000 0.02739 
0.96351 0.75000 0.02628 
0.97577 0.75000 0.02525 
0.98679 0.75000 0.02431 
1.00013 0.75000 0.02312 
1.00977 0.75000 0.02227 
1.02460 0.75000 0.02090 
1.02862 0.75000 0.02052 
1.04301 0.75000 0.01916 
1.04527 0.75000 0.01894 
1.04590 0.75000 0.01888 
1.06060 0.75000 0.01745 
1.06479 0.75000 0.01703 
1.07452 0.75000 0.01603 
1.08133 0.75000 0.01531 
1.08720 0.75000 0.01469 
1.09486 0.75000 0.01387 
1.09892 0.75000 0.01343 
1.10646 0.75000 0.01260 
1.10941 0.75000 0.01227 
1.11858 0.75000 0.01123 
1.11930 0.75000 0.01115 
1.12000 0.75000 0.01107 
1.12879 0.75000 0.01005 
1.13121 0.75000 0.00977 
1.13657 0.75000 0.00913 
1.13930 0.75000 0.00881 
1.14550 0.75000 0.00807 
1.14584 0.75000 0.00803 
1.14752 0.75000 0.00782 
1.15196 0.75000 0.00728 
1.15274 0.75000 0.00718 
1.15754 0.75000 0.00659 
1.15903 0.75000 0.00641 
1.16267 0.75000 0.00596 
1.16451 0.75000 0.00574 
1.16748 0.75000 0.00537 
1.16932 0.75000 0.00514 
1.17203 0.75000 0.00481 
1.17366 0.75000 0.00460 
1.17647 0.75000 0.00426 
1.17774 0.75000 0.00410 
1.18076 0.75000 0.00373 
1.18218 0.75000 0.00356 
1.18462 0.75000 0.00326 
1.18685 0.75000 0.00298 
1.18833 0.75000 0.00280 
1.19142 0.75000 0.00242 
1.19204 0.75000 0.00235 
1.19536 0.75000 0.00193 
1.19578 0.75000 0.00188 
1.19585 0.75000 0.00187 
1.19949 0.75000 0.00142 
1.20039 0.75000 0.00131 
1.20319 0.75000 0.00095 
1.20526 0.75000 0.00069 
1.20688 0.75000 0.00049 
1.21053 0.75000 0.00002 
1.21070 0.75000 0.00000 
1.21053 0.75000 -0.00002 
1.20691 0.75000 -0.00049 
1.20511 0.75000 -0.00071 
1.20323 0.75000 -0.00095 
1.20001 0.75000 -0.00136 
1.19952 0.75000 -0.00142 

ZONE T="SLICE_Y_1p4_BINS03_KS_1mm_FINAL_LAYER"
1.13573 1.40000 -0.02496 
1.13393 1.40000 -0.02506 
1.12531 1.40000 -0.02553 
1.11942 1.40000 -0.02583 
1.11471 1.40000 -0.02608 
1.10698 1.40000 -0.02645 
1.10402 1.40000 -0.02659 
1.10237 1.40000 -0.02666 
1.09338 1.40000 -0.02703 
1.08697 1.40000 -0.02725 
1.08264 1.40000 -0.02739 
1.07341 1.40000 -0.02766 
1.07165 1.40000 -0.02771 
1.06095 1.40000 -0.02797 
1.06014 1.40000 -0.02799 
1.04957 1.40000 -0.02814 
1.04722 1.40000 -0.02817 
1.03878 1.40000 -0.02824 
1.03030 1.40000 -0.02829 
1.02710 1.40000 -0.02830 
1.02474 1.40000 -0.02829 
1.01469 1.40000 -0.02827 
1.01094 1.40000 -0.02823 
1.00301 1.40000 -0.02815 
0.99911 1.40000 -0.02809 
0.99084 1.40000 -0.02795 
0.98855 1.40000 -0.02791 
0.98274 1.40000 -0.02778 
0.97805 1.40000 -0.02767 
0.97624 1.40000 -0.02763 
0.96804 1.40000 -0.02739 
0.96511 1.40000 -0.02730 
0.95988 1.40000 -0.02712 
0.95435 1.40000 -0.02690 
0.95020 1.40000 -0.02675 
0.94660 1.40000 -0.02661 
0.94068 1.40000 -0.02634 
0.93422 1.40000 -0.02603 
0.93334 1.40000 -0.02599 
0.92597 1.40000 -0.02562 
0.92428 1.40000 -0.02552 
0.92092 1.40000 -0.02533 
0.91665 1.40000 -0.02509 
0.91441 1.40000 -0.02496 
0.91179 1.40000 -0.02479 
0.90877 1.40000 -0.02459 
0.90551 1.40000 -0.02437 
0.90141 1.40000 -0.02409 
0.89935 1.40000 -0.02394 
0.89488 1.40000 -0.02361 
0.89458 1.40000 -0.02359 
0.89014 1.40000 -0.02325 
0.88874 1.40000 -0.02314 
0.88524 1.40000 -0.02287 
0.88419 1.40000 -0.02278 
0.88329 1.40000 -0.02271 
0.88027 1.40000 -0.02249 
0.87873 1.40000 -0.02238 
0.87639 1.40000 -0.02222 
0.87422 1.40000 -0.02211 
0.87232 1.40000 -0.02201 
0.86984 1.40000 -0.02194 
0.86853 1.40000 -0.02191 
0.86552 1.40000 -0.02196 
0.86493 1.40000 -0.02196 
0.86202 1.40000 -0.02215 
0.86102 1.40000 -0.02227 
0.85905 1.40000 -0.02267 
0.85656 1.40000 -0.02351 
0.85563 1.40000 -0.02381 
0.85497 1.40000 -0.02410 
0.85237 1.40000 -0.02547 
0.84988 1.40000 -0.02687 
0.84925 1.40000 -0.02723 
0.84826 1.40000 -0.02775 
0.84612 1.40000 -0.02890 
0.84451 1.40000 -0.02960 
0.84286 1.40000 -0.03020 
0.84092 1.40000 -0.03044 
0.83940 1.40000 -0.03076 
0.83783 1.40000 -0.03067 
0.83598 1.40000 -0.03036 
0.83422 1.40000 -0.02956 
0.83288 1.40000 -0.02904 
0.83184 1.40000 -0.02847 
0.82988 1.40000 -0.02774 
0.82735 1.40000 -0.02733 
0.82669 1.40000 -0.02717 
0.82622 1.40000 -0.02715 
0.82342 1.40000 -0.02785 
0.82138 1.40000 -0.02853 
0.82003 1.40000 -0.02861 
0.81703 1.40000 -0.02901 
0.81671 1.40000 -0.02905 
0.81654 1.40000 -0.02909 
0.81350 1.40000 -0.02978 
0.80980 1.40000 -0.03092 
0.80967 1.40000 -0.03096 
0.80957 1.40000 -0.03098 
0.80473 1.40000 -0.03063 
0.80356 1.40000 -0.03054 
0.80023 1.40000 -0.02842 
0.79896 1.40000 -0.02764 
0.79646 1.40000 -0.02433 
0.79610 1.40000 -0.02385 
0.79551 1.40000 -0.02257 
0.79434 1.40000 -0.02002 
0.79394 1.40000 -0.01884 
0.79311 1.40000 -0.01632 
0.79220 1.40000 -0.01294 
0.79214 1.40000 -0.01271 
0.79206 1.40000 -0.01238 
0.79130 1.40000 -0.00914 
0.79081 1.40000 -0.00683 
0.79052 1.40000 -0.00548 
0.79021 1.40000 -0.00364 
0.78990 1.40000 -0.00170 
0.78974 1.40000 -0.00016 
0.78950 1.40000 0.00215 
0.78926 1.40000 0.00496 
0.78918 1.40000 0.00591 
0.78915 1.40000 0.00670 
0.78907 1.40000 0.00964 
0.78914 1.40000 0.01296 
0.78915 1.40000 0.01337 
0.78918 1.40000 0.01376 
0.78951 1.40000 0.01717 
0.79016 1.40000 0.02087 
0.79021 1.40000 0.02111 
0.79034 1.40000 0.02145 
0.79188 1.40000 0.02529 
0.79324 1.40000 0.02665 
0.79543 1.40000 0.02885 
0.79758 1.40000 0.02927 
0.80047 1.40000 0.02991 
0.80212 1.40000 0.02964 
0.80538 1.40000 0.02924 
0.80638 1.40000 0.02886 
0.80951 1.40000 0.02768 
0.81033 1.40000 0.02742 
0.81352 1.40000 0.02641 
0.81429 1.40000 0.02614 
0.81736 1.40000 0.02487 
0.81817 1.40000 0.02454 
0.82121 1.40000 0.02340 
0.82207 1.40000 0.02305 
0.82503 1.40000 0.02191 
0.82590 1.40000 0.02156 
0.82886 1.40000 0.02040 
0.82964 1.40000 0.02014 
0.83290 1.40000 0.01908 
0.83332 1.40000 0.01899 
0.83557 1.40000 0.01857 
0.83702 1.40000 0.01829 
0.83731 1.40000 0.01825 
0.84077 1.40000 0.01813 
0.84185 1.40000 0.01815 
0.84459 1.40000 0.01845 
0.84613 1.40000 0.01859 
0.84830 1.40000 0.01886 
0.85074 1.40000 0.01917 
0.85102 1.40000 0.01920 
0.85408 1.40000 0.01959 
0.85464 1.40000 0.01966 
0.85825 1.40000 0.02009 
0.85904 1.40000 0.02018 
0.86268 1.40000 0.02060 
0.86427 1.40000 0.02077 
0.86783 1.40000 0.02115 
0.87043 1.40000 0.02142 
0.87371 1.40000 0.02174 
0.87769 1.40000 0.02212 
0.87886 1.40000 0.02223 
0.88324 1.40000 0.02263 
0.88631 1.40000 0.02289 
0.88981 1.40000 0.02318 
0.89619 1.40000 0.02368 
0.89741 1.40000 0.02378 
0.90025 1.40000 0.02398 
0.90613 1.40000 0.02441 
0.90832 1.40000 0.02455 
0.91688 1.40000 0.02509 
0.91896 1.40000 0.02521 
0.92649 1.40000 0.02563 
0.93101 1.40000 0.02586 
0.93574 1.40000 0.02611 
0.93846 1.40000 0.02624 
0.94875 1.40000 0.02669 
0.95150 1.40000 0.02681 
0.96146 1.40000 0.02717 
0.96395 1.40000 0.02726 
0.97377 1.40000 0.02754 
0.97540 1.40000 0.02759 
0.98381 1.40000 0.02779 
0.98617 1.40000 0.02785 
0.98670 1.40000 0.02786 
0.99659 1.40000 0.02806 
1.00121 1.40000 0.02811 
1.00709 1.40000 0.02819 
1.01764 1.40000 0.02826 
1.01861 1.40000 0.02826 
1.01911 1.40000 0.02826 
1.02994 1.40000 0.02830 
1.03150 1.40000 0.02829 
1.03913 1.40000 0.02824 
1.04311 1.40000 0.02821 
1.05102 1.40000 0.02812 
1.05432 1.40000 0.02808 
1.06299 1.40000 0.02791 
1.06437 1.40000 0.02788 
1.06789 1.40000 0.02780 
1.07296 1.40000 0.02768 
1.07473 1.40000 0.02762 
1.08322 1.40000 0.02737 
1.08885 1.40000 0.02716 
1.09286 1.40000 0.02703 
1.09949 1.40000 0.02677 
1.10241 1.40000 0.02665 
1.10466 1.40000 0.02654 
1.11191 1.40000 0.02622 
1.11897 1.40000 0.02587 
1.12140 1.40000 0.02575 
1.12491 1.40000 0.02555 
1.13099 1.40000 0.02522 
1.13427 1.40000 0.02503 
1.14079 1.40000 0.02464 
1.14762 1.40000 0.02422 
1.15098 1.40000 0.02400 
1.15963 1.40000 0.02342 
1.16190 1.40000 0.02326 
1.17003 1.40000 0.02268 
1.17462 1.40000 0.02234 
1.17844 1.40000 0.02206 
1.18724 1.40000 0.02139 
1.18818 1.40000 0.02132 
1.18893 1.40000 0.02126 
1.19882 1.40000 0.02047 
1.20056 1.40000 0.02033 
1.20764 1.40000 0.01975 
1.20964 1.40000 0.01958 
1.21483 1.40000 0.01915 
1.22186 1.40000 0.01855 
1.22354 1.40000 0.01840 
1.22529 1.40000 0.01825 
1.23330 1.40000 0.01755 
1.23903 1.40000 0.01703 
1.24301 1.40000 0.01667 
1.25004 1.40000 0.01603 
1.25395 1.40000 0.01567 
1.26236 1.40000 0.01487 
1.26606 1.40000 0.01452 
1.27449 1.40000 0.01370 
1.27740 1.40000 0.01341 
1.28693 1.40000 0.01245 
1.28795 1.40000 0.01235 
1.29327 1.40000 0.01180 
1.29816 1.40000 0.01129 
1.29909 1.40000 0.01119 
1.30834 1.40000 0.01020 
1.31059 1.40000 0.00995 
1.31677 1.40000 0.00927 
1.31895 1.40000 0.00903 
1.32016 1.40000 0.00889 
1.32602 1.40000 0.00822 
1.33100 1.40000 0.00764 
1.33209 1.40000 0.00751 
1.33578 1.40000 0.00708 
1.33778 1.40000 0.00684 
1.33819 1.40000 0.00679 
1.34324 1.40000 0.00619 
1.34386 1.40000 0.00611 
1.34808 1.40000 0.00560 
1.34913 1.40000 0.00547 
1.35242 1.40000 0.00507 
1.35420 1.40000 0.00485 
1.35644 1.40000 0.00457 
1.35914 1.40000 0.00424 
1.36030 1.40000 0.00410 
1.36403 1.40000 0.00364 
1.36406 1.40000 0.00364 
1.36412 1.40000 0.00363 
1.36777 1.40000 0.00318 
1.36898 1.40000 0.00303 
1.37146 1.40000 0.00272 
1.37397 1.40000 0.00242 
1.37512 1.40000 0.00227 
1.37816 1.40000 0.00190 
1.37876 1.40000 0.00183 
1.37900 1.40000 0.00180 
1.38239 1.40000 0.00138 
1.38406 1.40000 0.00117 
1.38600 1.40000 0.00093 
1.38916 1.40000 0.00053 
1.38962 1.40000 0.00047 
1.39079 1.40000 0.00032 
1.39331 1.40000 0.00000 
1.39079 1.40000 -0.00032 
1.38963 1.40000 -0.00047 
1.38918 1.40000 -0.00053 
1.38601 1.40000 -0.00093 
1.38410 1.40000 -0.00116 
1.38241 1.40000 -0.00137 
1.37906 1.40000 -0.00179 
1.37880 1.40000 -0.00182 
1.37812 1.40000 -0.00191 
1.37518 1.40000 -0.00227 
1.37405 1.40000 -0.00241 
1.37155 1.40000 -0.00271 
1.36904 1.40000 -0.00302 
1.36790 1.40000 -0.00316 
1.36481 1.40000 -0.00354 
1.36423 1.40000 -0.00361 
1.36402 1.40000 -0.00364 
1.36056 1.40000 -0.00407 
1.35895 1.40000 -0.00427 
1.35684 1.40000 -0.00453 
1.35383 1.40000 -0.00490 
1.35304 1.40000 -0.00499 
1.34875 1.40000 -0.00552 
1.34872 1.40000 -0.00552 
1.34859 1.40000 -0.00554 
1.34390 1.40000 -0.00611 
1.34308 1.40000 -0.00621 
1.33756 1.40000 -0.00687 
1.33697 1.40000 -0.00694 
1.33550 1.40000 -0.00711 
1.33095 1.40000 -0.00765 
1.32831 1.40000 -0.00795 
1.32418 1.40000 -0.00843 
1.32050 1.40000 -0.00885 
1.31681 1.40000 -0.00927 
1.31035 1.40000 -0.00999 
1.30899 1.40000 -0.01014 
1.30347 1.40000 -0.01073 
1.30058 1.40000 -0.01103 
1.29988 1.40000 -0.01111 
1.29167 1.40000 -0.01197 
1.28872 1.40000 -0.01227 
1.28217 1.40000 -0.01294 
1.27676 1.40000 -0.01348 
1.27192 1.40000 -0.01395 
1.26299 1.40000 -0.01481 
1.26234 1.40000 -0.01487 
1.25732 1.40000 -0.01535 
1.25201 1.40000 -0.01584 
1.25147 1.40000 -0.01589 
1.24439 1.40000 -0.01654 
1.24010 1.40000 -0.01693 
1.23974 1.40000 -0.01697 
1.23721 1.40000 -0.01719 
1.22843 1.40000 -0.01797 
1.22722 1.40000 -0.01808 
1.21733 1.40000 -0.01893 
1.21618 1.40000 -0.01903 
1.20633 1.40000 -0.01986 
1.20579 1.40000 -0.01990 
1.20572 1.40000 -0.01991 
1.19579 1.40000 -0.02072 
1.19307 1.40000 -0.02093 
1.18599 1.40000 -0.02149 
1.17879 1.40000 -0.02204 
1.17627 1.40000 -0.02223 
1.17261 1.40000 -0.02250 
1.16655 1.40000 -0.02294 
1.16080 1.40000 -0.02334 
1.15664 1.40000 -0.02363 
1.15329 1.40000 -0.02385 
1.14643 1.40000 -0.02430 
1.13692 1.40000 -0.02489 
1.13573 1.40000 -0.02496 

ZONE T="SLICE_Y_0p1_BINS07_KS_1mm_FINAL_LAYER"
1.02809 0.10000 0.00000 
1.02584 0.10000 -0.00029 
1.02442 0.10000 -0.00047 
1.02086 0.10000 -0.00092 
1.02080 0.10000 -0.00093 
1.02064 0.10000 -0.00095 
1.01719 0.10000 -0.00139 
1.01587 0.10000 -0.00155 
1.01357 0.10000 -0.00184 
1.01086 0.10000 -0.00218 
1.00995 0.10000 -0.00229 
1.00758 0.10000 -0.00258 
1.00632 0.10000 -0.00274 
1.00583 0.10000 -0.00280 
1.00267 0.10000 -0.00319 
1.00079 0.10000 -0.00342 
0.99902 0.10000 -0.00364 
0.99578 0.10000 -0.00404 
0.99533 0.10000 -0.00409 
0.99394 0.10000 -0.00426 
0.99156 0.10000 -0.00456 
0.99079 0.10000 -0.00465 
0.98760 0.10000 -0.00504 
0.98569 0.10000 -0.00528 
0.98333 0.10000 -0.00557 
0.98010 0.10000 -0.00597 
0.97876 0.10000 -0.00613 
0.97403 0.10000 -0.00671 
0.97387 0.10000 -0.00673 
0.97383 0.10000 -0.00674 
0.96859 0.10000 -0.00739 
0.96691 0.10000 -0.00759 
0.96275 0.10000 -0.00811 
0.95901 0.10000 -0.00856 
0.95508 0.10000 -0.00905 
0.95104 0.10000 -0.00954 
0.94649 0.10000 -0.01009 
0.94251 0.10000 -0.01057 
0.93745 0.10000 -0.01118 
0.93304 0.10000 -0.01170 
0.92822 0.10000 -0.01227 
0.92155 0.10000 -0.01304 
0.91824 0.10000 -0.01343 
0.90743 0.10000 -0.01467 
0.90699 0.10000 -0.01472 
0.90591 0.10000 -0.01484 
0.89490 0.10000 -0.01607 
0.88953 0.10000 -0.01666 
0.88163 0.10000 -0.01753 
0.86758 0.10000 -0.01901 
0.86701 0.10000 -0.01907 
0.86662 0.10000 -0.01911 
0.85167 0.10000 -0.02066 
0.83571 0.10000 -0.02225 
0.83490 0.10000 -0.02233 
0.83424 0.10000 -0.02240 
0.81722 0.10000 -0.02406 
0.80419 0.10000 -0.02529 
0.79823 0.10000 -0.02586 
0.79161 0.10000 -0.02646 
0.77762 0.10000 -0.02775 
0.76733 0.10000 -0.02868 
0.75329 0.10000 -0.02991 
0.73814 0.10000 -0.03122 
0.72891 0.10000 -0.03199 
0.71454 0.10000 -0.03320 
0.69858 0.10000 -0.03449 
0.69804 0.10000 -0.03453 
0.68113 0.10000 -0.03585 
0.66813 0.10000 -0.03682 
0.64842 0.10000 -0.03826 
0.63408 0.10000 -0.03921 
0.61421 0.10000 -0.04052 
0.59978 0.10000 -0.04137 
0.57481 0.10000 -0.04276 
0.56724 0.10000 -0.04314 
0.54036 0.10000 -0.04433 
0.53021 0.10000 -0.04478 
0.52714 0.10000 -0.04490 
0.49384 0.10000 -0.04592 
0.47620 0.10000 -0.04632 
0.46335 0.10000 -0.04654 
0.45112 0.10000 -0.04668 
0.43848 0.10000 -0.04684 
0.41799 0.10000 -0.04688 
0.41384 0.10000 -0.04690 
0.39549 0.10000 -0.04680 
0.38899 0.10000 -0.04676 
0.38762 0.10000 -0.04675 
0.36759 0.10000 -0.04649 
0.36359 0.10000 -0.04640 
0.35004 0.10000 -0.04612 
0.33315 0.10000 -0.04571 
0.33136 0.10000 -0.04567 
0.32992 0.10000 -0.04562 
0.31365 0.10000 -0.04511 
0.30160 0.10000 -0.04469 
0.29779 0.10000 -0.04456 
0.29022 0.10000 -0.04424 
0.28309 0.10000 -0.04394 
0.28022 0.10000 -0.04381 
0.26908 0.10000 -0.04331 
0.26350 0.10000 -0.04301 
0.25582 0.10000 -0.04262 
0.24952 0.10000 -0.04229 
0.24358 0.10000 -0.04197 
0.23798 0.10000 -0.04163 
0.23106 0.10000 -0.04120 
0.22595 0.10000 -0.04087 
0.21917 0.10000 -0.04043 
0.21536 0.10000 -0.04016 
0.20798 0.10000 -0.03962 
0.20584 0.10000 -0.03947 
0.19744 0.10000 -0.03884 
0.19716 0.10000 -0.03882 
0.19617 0.10000 -0.03874 
0.18917 0.10000 -0.03818 
0.18708 0.10000 -0.03801 
0.18184 0.10000 -0.03756 
0.17664 0.10000 -0.03711 
0.17479 0.10000 -0.03694 
0.17305 0.10000 -0.03678 
0.16877 0.10000 -0.03639 
0.16479 0.10000 -0.03600 
0.16388 0.10000 -0.03591 
0.16293 0.10000 -0.03582 
0.15907 0.10000 -0.03543 
0.15603 0.10000 -0.03512 
0.15444 0.10000 -0.03496 
0.15179 0.10000 -0.03471 
0.14998 0.10000 -0.03454 
0.14898 0.10000 -0.03447 
0.14572 0.10000 -0.03423 
0.14314 0.10000 -0.03416 
0.14095 0.10000 -0.03411 
0.13911 0.10000 -0.03417 
0.13636 0.10000 -0.03429 
0.13520 0.10000 -0.03438 
0.13203 0.10000 -0.03472 
0.13136 0.10000 -0.03486 
0.12788 0.10000 -0.03582 
0.12763 0.10000 -0.03594 
0.12441 0.10000 -0.03814 
0.12432 0.10000 -0.03823 
0.12120 0.10000 -0.04072 
0.12109 0.10000 -0.04080 
0.11766 0.10000 -0.04289 
0.11742 0.10000 -0.04296 
0.11354 0.10000 -0.04413 
0.11351 0.10000 -0.04413 
0.11328 0.10000 -0.04415 
0.10950 0.10000 -0.04455 
0.10896 0.10000 -0.04473 
0.10630 0.10000 -0.04378 
0.10493 0.10000 -0.04293 
0.10309 0.10000 -0.04092 
0.10229 0.10000 -0.03980 
0.09966 0.10000 -0.03815 
0.09917 0.10000 -0.03781 
0.09736 0.10000 -0.03726 
0.09565 0.10000 -0.03680 
0.09501 0.10000 -0.03691 
0.09213 0.10000 -0.03644 
0.08824 0.10000 -0.03650 
0.08814 0.10000 -0.03651 
0.08810 0.10000 -0.03651 
0.08796 0.10000 -0.03650 
0.08361 0.10000 -0.03611 
0.08233 0.10000 -0.03613 
0.07880 0.10000 -0.03618 
0.07789 0.10000 -0.03623 
0.07390 0.10000 -0.03655 
0.07369 0.10000 -0.03657 
0.07278 0.10000 -0.03663 
0.06925 0.10000 -0.03688 
0.06851 0.10000 -0.03692 
0.06413 0.10000 -0.03639 
0.06404 0.10000 -0.03638 
0.05983 0.10000 -0.03484 
0.05971 0.10000 -0.03480 
0.05595 0.10000 -0.03237 
0.05591 0.10000 -0.03235 
0.05591 0.10000 -0.03235 
0.05277 0.10000 -0.02939 
0.05245 0.10000 -0.02899 
0.05021 0.10000 -0.02617 
0.04945 0.10000 -0.02495 
0.04811 0.10000 -0.02280 
0.04689 0.10000 -0.02035 
0.04639 0.10000 -0.01933 
0.04548 0.10000 -0.01700 
0.04500 0.10000 -0.01580 
0.04482 0.10000 -0.01521 
0.04389 0.10000 -0.01223 
0.04320 0.10000 -0.00952 
0.04297 0.10000 -0.00858 
0.04266 0.10000 -0.00705 
0.04220 0.10000 -0.00480 
0.04195 0.10000 -0.00329 
0.04156 0.10000 -0.00100 
0.04121 0.10000 0.00204 
0.04113 0.10000 0.00283 
0.04109 0.10000 0.00351 
0.04093 0.10000 0.00663 
0.04097 0.10000 0.00981 
0.04099 0.10000 0.01041 
0.04104 0.10000 0.01106 
0.04132 0.10000 0.01420 
0.04175 0.10000 0.01682 
0.04195 0.10000 0.01797 
0.04231 0.10000 0.01941 
0.04290 0.10000 0.02167 
0.04350 0.10000 0.02335 
0.04416 0.10000 0.02528 
0.04551 0.10000 0.02833 
0.04572 0.10000 0.02879 
0.04585 0.10000 0.02902 
0.04760 0.10000 0.03222 
0.04865 0.10000 0.03375 
0.04989 0.10000 0.03557 
0.05193 0.10000 0.03788 
0.05283 0.10000 0.03887 
0.05582 0.10000 0.04077 
0.05692 0.10000 0.04145 
0.05984 0.10000 0.04182 
0.06084 0.10000 0.04207 
0.06301 0.10000 0.04168 
0.06385 0.10000 0.04148 
0.06494 0.10000 0.04123 
0.06712 0.10000 0.04077 
0.06820 0.10000 0.04054 
0.07047 0.10000 0.03935 
0.07205 0.10000 0.03834 
0.07326 0.10000 0.03784 
0.07519 0.10000 0.03703 
0.07711 0.10000 0.03646 
0.07864 0.10000 0.03595 
0.08177 0.10000 0.03521 
0.08206 0.10000 0.03514 
0.08258 0.10000 0.03502 
0.08540 0.10000 0.03435 
0.08689 0.10000 0.03397 
0.08861 0.10000 0.03360 
0.09143 0.10000 0.03305 
0.09186 0.10000 0.03295 
0.09518 0.10000 0.03218 
0.09545 0.10000 0.03211 
0.09877 0.10000 0.03122 
0.09930 0.10000 0.03107 
0.10232 0.10000 0.03049 
0.10311 0.10000 0.03034 
0.10556 0.10000 0.03013 
0.10673 0.10000 0.03012 
0.10834 0.10000 0.03014 
0.11064 0.10000 0.03028 
0.11161 0.10000 0.03033 
0.11235 0.10000 0.03039 
0.11507 0.10000 0.03060 
0.11816 0.10000 0.03087 
0.11887 0.10000 0.03093 
0.12038 0.10000 0.03109 
0.12297 0.10000 0.03135 
0.12408 0.10000 0.03146 
0.12750 0.10000 0.03182 
0.13038 0.10000 0.03215 
0.13257 0.10000 0.03241 
0.13715 0.10000 0.03293 
0.13796 0.10000 0.03302 
0.14024 0.10000 0.03329 
0.14316 0.10000 0.03362 
0.14462 0.10000 0.03378 
0.14829 0.10000 0.03419 
0.15479 0.10000 0.03488 
0.15545 0.10000 0.03495 
0.15574 0.10000 0.03498 
0.16392 0.10000 0.03582 
0.16601 0.10000 0.03603 
0.17435 0.10000 0.03682 
0.17742 0.10000 0.03711 
0.18436 0.10000 0.03773 
0.18854 0.10000 0.03809 
0.19159 0.10000 0.03833 
0.19974 0.10000 0.03898 
0.20948 0.10000 0.03971 
0.21288 0.10000 0.03996 
0.21540 0.10000 0.04013 
0.22743 0.10000 0.04097 
0.23762 0.10000 0.04158 
0.24209 0.10000 0.04185 
0.24868 0.10000 0.04222 
0.25770 0.10000 0.04272 
0.26524 0.10000 0.04308 
0.27480 0.10000 0.04355 
0.28591 0.10000 0.04405 
0.29496 0.10000 0.04443 
0.30173 0.10000 0.04467 
0.31802 0.10000 0.04526 
0.33448 0.10000 0.04571 
0.34193 0.10000 0.04592 
0.36607 0.10000 0.04643 
0.36650 0.10000 0.04644 
0.36663 0.10000 0.04644 
0.39169 0.10000 0.04679 
0.40263 0.10000 0.04683 
0.41803 0.10000 0.04692 
0.44126 0.10000 0.04682 
0.44270 0.10000 0.04681 
0.47277 0.10000 0.04637 
0.47665 0.10000 0.04632 
0.48439 0.10000 0.04613 
0.51311 0.10000 0.04537 
0.53513 0.10000 0.04460 
0.54104 0.10000 0.04439 
0.56109 0.10000 0.04343 
0.57859 0.10000 0.04259 
0.58201 0.10000 0.04241 
0.59071 0.10000 0.04188 
0.61966 0.10000 0.04017 
0.63084 0.10000 0.03946 
0.65331 0.10000 0.03790 
0.67205 0.10000 0.03653 
0.68509 0.10000 0.03552 
0.71044 0.10000 0.03353 
0.71517 0.10000 0.03315 
0.72831 0.10000 0.03204 
0.74277 0.10000 0.03083 
0.74887 0.10000 0.03030 
0.76768 0.10000 0.02864 
0.78716 0.10000 0.02688 
0.78967 0.10000 0.02665 
0.79321 0.10000 0.02632 
0.81017 0.10000 0.02473 
0.82251 0.10000 0.02355 
0.82870 0.10000 0.02294 
0.83578 0.10000 0.02224 
0.84597 0.10000 0.02123 
0.85539 0.10000 0.02027 
0.86207 0.10000 0.01958 
0.86838 0.10000 0.01892 
0.87735 0.10000 0.01797 
0.88842 0.10000 0.01678 
0.89259 0.10000 0.01632 
0.89483 0.10000 0.01607 
0.90767 0.10000 0.01464 
0.91054 0.10000 0.01431 
0.92000 0.10000 0.01323 
0.92344 0.10000 0.01283 
0.93178 0.10000 0.01185 
0.93533 0.10000 0.01143 
0.94385 0.10000 0.01041 
0.94407 0.10000 0.01038 
0.94481 0.10000 0.01029 
0.95201 0.10000 0.00942 
0.95391 0.10000 0.00919 
0.95965 0.10000 0.00849 
0.96266 0.10000 0.00812 
0.96721 0.10000 0.00756 
0.96937 0.10000 0.00729 
0.97236 0.10000 0.00692 
0.97460 0.10000 0.00664 
0.97773 0.10000 0.00626 
0.97934 0.10000 0.00606 
0.98164 0.10000 0.00578 
0.98360 0.10000 0.00553 
0.98532 0.10000 0.00532 
0.98761 0.10000 0.00504 
0.99083 0.10000 0.00465 
0.99141 0.10000 0.00457 
0.99295 0.10000 0.00438 
0.99512 0.10000 0.00412 
0.99590 0.10000 0.00402 
0.99881 0.10000 0.00366 
1.00091 0.10000 0.00341 
1.00250 0.10000 0.00321 
1.00591 0.10000 0.00279 
1.00619 0.10000 0.00276 
1.00696 0.10000 0.00266 
1.00987 0.10000 0.00230 
1.01091 0.10000 0.00217 
1.01353 0.10000 0.00185 
1.01589 0.10000 0.00155 
1.01716 0.10000 0.00139 
1.02058 0.10000 0.00096 
1.02078 0.10000 0.00093 
1.02086 0.10000 0.00092 
1.02441 0.10000 0.00047 
1.02584 0.10000 0.00029 
1.02809 0.10000 0.00000 

ZONE T="SLICE_Y_0p75_BINS07_KS_1mm_FINAL_LAYER"
0.79173 0.75000 -0.03655 
0.79096 0.75000 -0.03657 
0.79096 0.75000 -0.03657 
0.79173 0.75000 -0.03655 
0.79298 0.75000 -0.03652 
0.81562 0.75000 -0.03580 
0.83771 0.75000 -0.03488 
0.84526 0.75000 -0.03448 
0.86050 0.75000 -0.03363 
0.87506 0.75000 -0.03283 
0.88354 0.75000 -0.03228 
0.90148 0.75000 -0.03102 
0.92446 0.75000 -0.02934 
0.92587 0.75000 -0.02924 
0.92819 0.75000 -0.02906 
0.94900 0.75000 -0.02744 
0.96465 0.75000 -0.02618 
0.97053 0.75000 -0.02569 
0.97520 0.75000 -0.02529 
0.99111 0.75000 -0.02395 
1.00501 0.75000 -0.02270 
1.00971 0.75000 -0.02227 
1.01936 0.75000 -0.02138 
1.02691 0.75000 -0.02068 
1.03035 0.75000 -0.02035 
1.04292 0.75000 -0.01917 
1.05234 0.75000 -0.01824 
1.05763 0.75000 -0.01772 
1.07056 0.75000 -0.01642 
1.07091 0.75000 -0.01639 
1.07219 0.75000 -0.01625 
1.08347 0.75000 -0.01508 
1.08624 0.75000 -0.01479 
1.09560 0.75000 -0.01379 
1.09866 0.75000 -0.01345 
1.10362 0.75000 -0.01291 
1.10940 0.75000 -0.01227 
1.11588 0.75000 -0.01154 
1.11866 0.75000 -0.01122 
1.12094 0.75000 -0.01096 
1.12731 0.75000 -0.01022 
1.13131 0.75000 -0.00976 
1.13414 0.75000 -0.00942 
1.13813 0.75000 -0.00895 
1.14208 0.75000 -0.00847 
1.14463 0.75000 -0.00817 
1.14978 0.75000 -0.00754 
1.15072 0.75000 -0.00743 
1.15508 0.75000 -0.00689 
1.15647 0.75000 -0.00672 
1.15677 0.75000 -0.00669 
1.16208 0.75000 -0.00604 
1.16310 0.75000 -0.00591 
1.16561 0.75000 -0.00560 
1.16705 0.75000 -0.00542 
1.16886 0.75000 -0.00520 
1.17062 0.75000 -0.00498 
1.17124 0.75000 -0.00490 
1.17434 0.75000 -0.00452 
1.17624 0.75000 -0.00429 
1.17802 0.75000 -0.00407 
1.18126 0.75000 -0.00367 
1.18167 0.75000 -0.00362 
1.18275 0.75000 -0.00349 
1.18531 0.75000 -0.00317 
1.18628 0.75000 -0.00305 
1.18895 0.75000 -0.00273 
1.19130 0.75000 -0.00244 
1.19258 0.75000 -0.00228 
1.19593 0.75000 -0.00186 
1.19620 0.75000 -0.00183 
1.19630 0.75000 -0.00182 
1.19981 0.75000 -0.00138 
1.20128 0.75000 -0.00120 
1.20342 0.75000 -0.00093 
1.20624 0.75000 -0.00057 
1.20703 0.75000 -0.00047 
1.20913 0.75000 -0.00020 
1.21070 0.75000 0.00000 
1.20913 0.75000 0.00020 
1.20702 0.75000 0.00047 
1.20624 0.75000 0.00057 
1.20340 0.75000 0.00093 
1.20126 0.75000 0.00120 
1.19978 0.75000 0.00138 
1.19629 0.75000 0.00182 
1.19615 0.75000 0.00184 
1.19577 0.75000 0.00188 
1.19248 0.75000 0.00229 
1.19127 0.75000 0.00244 
1.18879 0.75000 0.00275 
1.18621 0.75000 0.00306 
1.18506 0.75000 0.00320 
1.18187 0.75000 0.00360 
1.18130 0.75000 0.00367 
1.18109 0.75000 0.00369 
1.17750 0.75000 0.00413 
1.17587 0.75000 0.00433 
1.17360 0.75000 0.00461 
1.17037 0.75000 0.00501 
1.16955 0.75000 0.00511 
1.16775 0.75000 0.00533 
1.16529 0.75000 0.00564 
1.16394 0.75000 0.00581 
1.16076 0.75000 0.00620 
1.15608 0.75000 0.00677 
1.15555 0.75000 0.00684 
1.15440 0.75000 0.00698 
1.14994 0.75000 0.00752 
1.14756 0.75000 0.00781 
1.14398 0.75000 0.00825 
1.13768 0.75000 0.00900 
1.13715 0.75000 0.00907 
1.13539 0.75000 0.00927 
1.12992 0.75000 0.00992 
1.12829 0.75000 0.01011 
1.12279 0.75000 0.01075 
1.11555 0.75000 0.01158 
1.11508 0.75000 0.01163 
1.11472 0.75000 0.01167 
1.10626 0.75000 0.01262 
1.09871 0.75000 0.01345 
1.09559 0.75000 0.01379 
1.09080 0.75000 0.01430 
1.08362 0.75000 0.01508 
1.07952 0.75000 0.01551 
1.07006 0.75000 0.01649 
1.06047 0.75000 0.01746 
1.05493 0.75000 0.01800 
1.04111 0.75000 0.01934 
1.03909 0.75000 0.01953 
1.03312 0.75000 0.02009 
1.02478 0.75000 0.02088 
1.01687 0.75000 0.02161 
1.00972 0.75000 0.02228 
1.00712 0.75000 0.02251 
0.99117 0.75000 0.02396 
0.98334 0.75000 0.02463 
0.97121 0.75000 0.02565 
0.96000 0.75000 0.02656 
0.94549 0.75000 0.02773 
0.93380 0.75000 0.02863 
0.92341 0.75000 0.02943 
0.90722 0.75000 0.03062 
0.89835 0.75000 0.03126 
0.89214 0.75000 0.03165 
0.87219 0.75000 0.03292 
0.84400 0.75000 0.03453 
0.84389 0.75000 0.03454 
0.84369 0.75000 0.03455 
0.81412 0.75000 0.03592 
0.80063 0.75000 0.03638 
0.78446 0.75000 0.03687 
0.77278 0.75000 0.03715 
0.75182 0.75000 0.03741 
0.74452 0.75000 0.03742 
0.72346 0.75000 0.03754 
0.71884 0.75000 0.03753 
0.69784 0.75000 0.03741 
0.69655 0.75000 0.03739 
0.69087 0.75000 0.03731 
0.67680 0.75000 0.03712 
0.67297 0.75000 0.03706 
0.65912 0.75000 0.03676 
0.64778 0.75000 0.03646 
0.64304 0.75000 0.03631 
0.63587 0.75000 0.03606 
0.62794 0.75000 0.03579 
0.62219 0.75000 0.03556 
0.61373 0.75000 0.03521 
0.60382 0.75000 0.03475 
0.60036 0.75000 0.03459 
0.59734 0.75000 0.03444 
0.58769 0.75000 0.03392 
0.57754 0.75000 0.03335 
0.57590 0.75000 0.03326 
0.57432 0.75000 0.03316 
0.56467 0.75000 0.03254 
0.55629 0.75000 0.03195 
0.55436 0.75000 0.03182 
0.55048 0.75000 0.03153 
0.54460 0.75000 0.03108 
0.54232 0.75000 0.03089 
0.53508 0.75000 0.03029 
0.53072 0.75000 0.02991 
0.52606 0.75000 0.02950 
0.52171 0.75000 0.02907 
0.51851 0.75000 0.02876 
0.51377 0.75000 0.02829 
0.51272 0.75000 0.02818 
0.51125 0.75000 0.02803 
0.50726 0.75000 0.02760 
0.50552 0.75000 0.02741 
0.50165 0.75000 0.02697 
0.49780 0.75000 0.02652 
0.49640 0.75000 0.02634 
0.49257 0.75000 0.02587 
0.49182 0.75000 0.02578 
0.49153 0.75000 0.02574 
0.48789 0.75000 0.02527 
0.48466 0.75000 0.02484 
0.48442 0.75000 0.02481 
0.48432 0.75000 0.02480 
0.48078 0.75000 0.02432 
0.47991 0.75000 0.02421 
0.47709 0.75000 0.02385 
0.47550 0.75000 0.02372 
0.47351 0.75000 0.02353 
0.47097 0.75000 0.02353 
0.46978 0.75000 0.02351 
0.46626 0.75000 0.02405 
0.46603 0.75000 0.02408 
0.46503 0.75000 0.02437 
0.46236 0.75000 0.02519 
0.46183 0.75000 0.02539 
0.45873 0.75000 0.02656 
0.45760 0.75000 0.02692 
0.45533 0.75000 0.02765 
0.45247 0.75000 0.02868 
0.45181 0.75000 0.02891 
0.45145 0.75000 0.02905 
0.44753 0.75000 0.03063 
0.44727 0.75000 0.03073 
0.44355 0.75000 0.03228 
0.44338 0.75000 0.03235 
0.43969 0.75000 0.03374 
0.43946 0.75000 0.03383 
0.43594 0.75000 0.03533 
0.43534 0.75000 0.03559 
0.43191 0.75000 0.03629 
0.43025 0.75000 0.03665 
0.42755 0.75000 0.03623 
0.42447 0.75000 0.03553 
0.42322 0.75000 0.03435 
0.42061 0.75000 0.03176 
0.41979 0.75000 0.03011 
0.41865 0.75000 0.02771 
0.41762 0.75000 0.02459 
0.41742 0.75000 0.02395 
0.41714 0.75000 0.02286 
0.41651 0.75000 0.02031 
0.41619 0.75000 0.01867 
0.41580 0.75000 0.01669 
0.41545 0.75000 0.01402 
0.41532 0.75000 0.01305 
0.41526 0.75000 0.01224 
0.41509 0.75000 0.00939 
0.41510 0.75000 0.00640 
0.41510 0.75000 0.00574 
0.41515 0.75000 0.00505 
0.41533 0.75000 0.00212 
0.41561 0.75000 -0.00041 
0.41573 0.75000 -0.00148 
0.41600 0.75000 -0.00287 
0.41643 0.75000 -0.00502 
0.41680 0.75000 -0.00648 
0.41732 0.75000 -0.00852 
0.41824 0.75000 -0.01181 
0.41830 0.75000 -0.01201 
0.41834 0.75000 -0.01214 
0.41942 0.75000 -0.01550 
0.42019 0.75000 -0.01746 
0.42077 0.75000 -0.01896 
0.42240 0.75000 -0.02238 
0.42241 0.75000 -0.02239 
0.42243 0.75000 -0.02243 
0.42444 0.75000 -0.02580 
0.42516 0.75000 -0.02673 
0.42708 0.75000 -0.02916 
0.42850 0.75000 -0.03037 
0.43072 0.75000 -0.03222 
0.43244 0.75000 -0.03290 
0.43558 0.75000 -0.03409 
0.43671 0.75000 -0.03409 
0.44064 0.75000 -0.03394 
0.44096 0.75000 -0.03387 
0.44378 0.75000 -0.03316 
0.44489 0.75000 -0.03289 
0.44502 0.75000 -0.03286 
0.44867 0.75000 -0.03214 
0.44910 0.75000 -0.03205 
0.45240 0.75000 -0.03181 
0.45326 0.75000 -0.03176 
0.45602 0.75000 -0.03077 
0.45739 0.75000 -0.03027 
0.45975 0.75000 -0.03044 
0.46175 0.75000 -0.03071 
0.46338 0.75000 -0.03157 
0.46546 0.75000 -0.03286 
0.46648 0.75000 -0.03375 
0.46855 0.75000 -0.03562 
0.46955 0.75000 -0.03608 
0.47272 0.75000 -0.03721 
0.47329 0.75000 -0.03721 
0.47631 0.75000 -0.03698 
0.47702 0.75000 -0.03693 
0.47714 0.75000 -0.03691 
0.48058 0.75000 -0.03602 
0.48111 0.75000 -0.03585 
0.48408 0.75000 -0.03435 
0.48435 0.75000 -0.03422 
0.48501 0.75000 -0.03382 
0.48732 0.75000 -0.03241 
0.48843 0.75000 -0.03180 
0.49043 0.75000 -0.03065 
0.49273 0.75000 -0.02963 
0.49375 0.75000 -0.02917 
0.49676 0.75000 -0.02834 
0.49722 0.75000 -0.02820 
0.50060 0.75000 -0.02775 
0.50075 0.75000 -0.02773 
0.50415 0.75000 -0.02767 
0.50464 0.75000 -0.02766 
0.50760 0.75000 -0.02782 
0.50902 0.75000 -0.02791 
0.51122 0.75000 -0.02811 
0.51383 0.75000 -0.02836 
0.51485 0.75000 -0.02846 
0.51843 0.75000 -0.02882 
0.51883 0.75000 -0.02886 
0.52284 0.75000 -0.02924 
0.52368 0.75000 -0.02932 
0.52780 0.75000 -0.02970 
0.52971 0.75000 -0.02987 
0.53357 0.75000 -0.03021 
0.53697 0.75000 -0.03049 
0.54105 0.75000 -0.03083 
0.54425 0.75000 -0.03108 
0.54907 0.75000 -0.03145 
0.55192 0.75000 -0.03166 
0.55747 0.75000 -0.03206 
0.56026 0.75000 -0.03225 
0.56636 0.75000 -0.03267 
0.56942 0.75000 -0.03286 
0.57589 0.75000 -0.03327 
0.57938 0.75000 -0.03347 
0.58620 0.75000 -0.03386 
0.59051 0.75000 -0.03410 
0.59715 0.75000 -0.03445 
0.60343 0.75000 -0.03475 
0.60878 0.75000 -0.03500 
0.61816 0.75000 -0.03541 
0.62130 0.75000 -0.03554 
0.63477 0.75000 -0.03604 
0.63491 0.75000 -0.03605 
0.63518 0.75000 -0.03606 
0.64902 0.75000 -0.03652 
0.65613 0.75000 -0.03669 
0.66510 0.75000 -0.03694 
0.68085 0.75000 -0.03723 
0.68129 0.75000 -0.03724 
0.68185 0.75000 -0.03724 
0.69915 0.75000 -0.03746 
0.71408 0.75000 -0.03753 
0.71977 0.75000 -0.03756 
0.72851 0.75000 -0.03754 
0.74230 0.75000 -0.03747 
0.75047 0.75000 -0.03735 

ZONE T="SLICE_Y_1p4_BINS07_KS_1mm_FINAL_LAYER"
1.37523 1.40000 -0.00226 
1.37758 1.40000 -0.00197 
1.37884 1.40000 -0.00182 
1.38220 1.40000 -0.00140 
1.38244 1.40000 -0.00137 
1.38253 1.40000 -0.00136 
1.38604 1.40000 -0.00092 
1.38747 1.40000 -0.00074 
1.38965 1.40000 -0.00047 
1.39238 1.40000 -0.00012 
1.39331 1.40000 0.00000 
1.39238 1.40000 0.00012 
1.38964 1.40000 0.00047 
1.38745 1.40000 0.00074 
1.38601 1.40000 0.00092 
1.38248 1.40000 0.00137 
1.38239 1.40000 0.00138 
1.38215 1.40000 0.00141 
1.37874 1.40000 0.00183 
1.37745 1.40000 0.00199 
1.37507 1.40000 0.00228 
1.37238 1.40000 0.00261 
1.37136 1.40000 0.00274 
1.36857 1.40000 0.00308 
1.36762 1.40000 0.00320 
1.36726 1.40000 0.00324 
1.36385 1.40000 0.00366 
1.36207 1.40000 0.00388 
1.36003 1.40000 0.00413 
1.35673 1.40000 0.00454 
1.35612 1.40000 0.00461 
1.35445 1.40000 0.00482 
1.35205 1.40000 0.00512 
1.35111 1.40000 0.00523 
1.34777 1.40000 0.00564 
1.34507 1.40000 0.00597 
1.34316 1.40000 0.00620 
1.33854 1.40000 0.00675 
1.33805 1.40000 0.00681 
1.33175 1.40000 0.00756 
1.33154 1.40000 0.00759 
1.33116 1.40000 0.00763 
1.32499 1.40000 0.00835 
1.32188 1.40000 0.00870 
1.31739 1.40000 0.00920 
1.31295 1.40000 0.00969 
1.30912 1.40000 0.01011 
1.30273 1.40000 0.01080 
1.30025 1.40000 0.01107 
1.29198 1.40000 0.01193 
1.29077 1.40000 0.01206 
1.28285 1.40000 0.01287 
1.28184 1.40000 0.01297 
1.27520 1.40000 0.01363 
1.26817 1.40000 0.01431 
1.26600 1.40000 0.01452 
1.26261 1.40000 0.01484 
1.25653 1.40000 0.01542 
1.25333 1.40000 0.01572 
1.24676 1.40000 0.01633 
1.23994 1.40000 0.01695 
1.23683 1.40000 0.01723 
1.22822 1.40000 0.01799 
1.22680 1.40000 0.01812 
1.21880 1.40000 0.01881 
1.21559 1.40000 0.01909 
1.21028 1.40000 0.01953 
1.20773 1.40000 0.01975 
1.19773 1.40000 0.02057 
1.19715 1.40000 0.02062 
1.19557 1.40000 0.02074 
1.18753 1.40000 0.02138 
1.18388 1.40000 0.02166 
1.17915 1.40000 0.02202 
1.17185 1.40000 0.02255 
1.17004 1.40000 0.02268 
1.16620 1.40000 0.02296 
1.16160 1.40000 0.02328 
1.15245 1.40000 0.02391 
1.15227 1.40000 0.02392 
1.15224 1.40000 0.02393 
1.15185 1.40000 0.02395 
1.14018 1.40000 0.02468 
1.13897 1.40000 0.02476 
1.12685 1.40000 0.02545 
1.12610 1.40000 0.02549 
1.11485 1.40000 0.02607 
1.11285 1.40000 0.02617 
1.10381 1.40000 0.02658 
1.09827 1.40000 0.02682 
1.09303 1.40000 0.02702 
1.08343 1.40000 0.02737 
1.08246 1.40000 0.02740 
1.08047 1.40000 0.02745 
1.07214 1.40000 0.02769 
1.06729 1.40000 0.02781 
1.06209 1.40000 0.02792 
1.05552 1.40000 0.02805 
1.05220 1.40000 0.02811 
1.04889 1.40000 0.02815 
1.04234 1.40000 0.02822 
1.03689 1.40000 0.02826 
1.03246 1.40000 0.02828 
1.02542 1.40000 0.02829 
1.02258 1.40000 0.02830 
1.02096 1.40000 0.02828 
1.01185 1.40000 0.02824 
1.00756 1.40000 0.02819 
1.00147 1.40000 0.02813 
0.99379 1.40000 0.02801 
0.99200 1.40000 0.02798 
0.98934 1.40000 0.02793 
0.98205 1.40000 0.02776 
0.97741 1.40000 0.02764 
0.97175 1.40000 0.02749 
0.96148 1.40000 0.02717 
0.96105 1.40000 0.02716 
0.95979 1.40000 0.02711 
0.94966 1.40000 0.02673 
0.94708 1.40000 0.02662 
0.93639 1.40000 0.02614 
0.93624 1.40000 0.02614 
0.93564 1.40000 0.02611 
0.92657 1.40000 0.02564 
0.92427 1.40000 0.02551 
0.91802 1.40000 0.02515 
0.91396 1.40000 0.02491 
0.90899 1.40000 0.02457 
0.90207 1.40000 0.02412 
0.90091 1.40000 0.02404 
0.89933 1.40000 0.02391 
0.89351 1.40000 0.02347 
0.88806 1.40000 0.02304 
0.88683 1.40000 0.02294 
0.88592 1.40000 0.02286 
0.88035 1.40000 0.02237 
0.87555 1.40000 0.02193 
0.87472 1.40000 0.02185 
0.87303 1.40000 0.02168 
0.86949 1.40000 0.02133 
0.86819 1.40000 0.02119 
0.86440 1.40000 0.02080 
0.86224 1.40000 0.02055 
0.85974 1.40000 0.02027 
0.85719 1.40000 0.01998 
0.85530 1.40000 0.01976 
0.85284 1.40000 0.01948 
0.85125 1.40000 0.01930 
0.84919 1.40000 0.01911 
0.84631 1.40000 0.01894 
0.84572 1.40000 0.01889 
0.84524 1.40000 0.01888 
0.84186 1.40000 0.01911 
0.84089 1.40000 0.01918 
0.83806 1.40000 0.01986 
0.83698 1.40000 0.02012 
0.83435 1.40000 0.02120 
0.83320 1.40000 0.02169 
0.83092 1.40000 0.02286 
0.82951 1.40000 0.02356 
0.82798 1.40000 0.02426 
0.82636 1.40000 0.02498 
0.82453 1.40000 0.02582 
0.82302 1.40000 0.02649 
0.82076 1.40000 0.02729 
0.81942 1.40000 0.02776 
0.81688 1.40000 0.02862 
0.81573 1.40000 0.02900 
0.81289 1.40000 0.02975 
0.81187 1.40000 0.03002 
0.80875 1.40000 0.03113 
0.80784 1.40000 0.03145 
0.80423 1.40000 0.03169 
0.80303 1.40000 0.03179 
0.79938 1.40000 0.03099 
0.79682 1.40000 0.03037 
0.79484 1.40000 0.02868 
0.79247 1.40000 0.02608 
0.79140 1.40000 0.02357 
0.79069 1.40000 0.02182 
0.78991 1.40000 0.01820 
0.78982 1.40000 0.01778 
0.78979 1.40000 0.01760 
0.78935 1.40000 0.01387 
0.78925 1.40000 0.01141 
0.78919 1.40000 0.00993 
0.78924 1.40000 0.00834 
0.78930 1.40000 0.00605 
0.78947 1.40000 0.00360 
0.78957 1.40000 0.00221 
0.78970 1.40000 0.00099 
0.78996 1.40000 -0.00166 
0.79049 1.40000 -0.00493 
0.79057 1.40000 -0.00543 
0.79064 1.40000 -0.00577 
0.79130 1.40000 -0.00914 
0.79193 1.40000 -0.01196 
0.79210 1.40000 -0.01276 
0.79242 1.40000 -0.01396 
0.79308 1.40000 -0.01636 
0.79359 1.40000 -0.01786 
0.79435 1.40000 -0.01999 
0.79592 1.40000 -0.02341 
0.79608 1.40000 -0.02374 
0.79693 1.40000 -0.02499 
0.79877 1.40000 -0.02764 
0.79933 1.40000 -0.02806 
0.80350 1.40000 -0.03078 
0.80384 1.40000 -0.03080 
0.80510 1.40000 -0.03078 
0.80885 1.40000 -0.03077 
0.80978 1.40000 -0.03078 
0.81382 1.40000 -0.02961 
0.81401 1.40000 -0.02956 
0.81405 1.40000 -0.02955 
0.81793 1.40000 -0.02882 
0.81825 1.40000 -0.02881 
0.82179 1.40000 -0.02877 
0.82229 1.40000 -0.02858 
0.82535 1.40000 -0.02734 
0.82611 1.40000 -0.02732 
0.82899 1.40000 -0.02747 
0.82967 1.40000 -0.02787 
0.83242 1.40000 -0.02944 
0.83323 1.40000 -0.02978 
0.83601 1.40000 -0.03109 
0.83748 1.40000 -0.03119 
0.83959 1.40000 -0.03131 
0.84153 1.40000 -0.03085 
0.84339 1.40000 -0.03039 
0.84612 1.40000 -0.02900 
0.84664 1.40000 -0.02876 
0.84750 1.40000 -0.02826 
0.84965 1.40000 -0.02708 
0.85098 1.40000 -0.02629 
0.85229 1.40000 -0.02555 
0.85503 1.40000 -0.02414 
0.85516 1.40000 -0.02407 
0.85548 1.40000 -0.02395 
0.85835 1.40000 -0.02297 
0.85974 1.40000 -0.02271 
0.86170 1.40000 -0.02227 
0.86442 1.40000 -0.02202 
0.86509 1.40000 -0.02194 
0.86668 1.40000 -0.02191 
0.86833 1.40000 -0.02188 
0.86917 1.40000 -0.02191 
0.87137 1.40000 -0.02196 
0.87324 1.40000 -0.02205 
0.87459 1.40000 -0.02212 
0.87794 1.40000 -0.02234 
0.87832 1.40000 -0.02236 
0.87979 1.40000 -0.02247 
0.88241 1.40000 -0.02266 
0.88309 1.40000 -0.02271 
0.88694 1.40000 -0.02301 
0.88897 1.40000 -0.02317 
0.89198 1.40000 -0.02340 
0.89599 1.40000 -0.02370 
0.89828 1.40000 -0.02387 
0.90339 1.40000 -0.02423 
0.90574 1.40000 -0.02439 
0.91111 1.40000 -0.02473 
0.91514 1.40000 -0.02497 
0.91819 1.40000 -0.02516 
0.92385 1.40000 -0.02548 
0.92621 1.40000 -0.02561 
0.93233 1.40000 -0.02593 
0.93510 1.40000 -0.02607 
0.93613 1.40000 -0.02612 
0.93831 1.40000 -0.02622 
0.94612 1.40000 -0.02657 
0.95402 1.40000 -0.02689 
0.95579 1.40000 -0.02697 
0.95890 1.40000 -0.02708 
0.96652 1.40000 -0.02733 
0.97032 1.40000 -0.02744 
0.97774 1.40000 -0.02766 
0.98397 1.40000 -0.02781 
0.98715 1.40000 -0.02789 
0.99220 1.40000 -0.02798 
0.99622 1.40000 -0.02805 
1.00181 1.40000 -0.02812 
1.00656 1.40000 -0.02818 
1.00807 1.40000 -0.02820 
1.01213 1.40000 -0.02823 
1.01943 1.40000 -0.02829 
1.02479 1.40000 -0.02829 
1.02984 1.40000 -0.02829 
1.03366 1.40000 -0.02827 
1.04028 1.40000 -0.02823 
1.05053 1.40000 -0.02813 
1.05070 1.40000 -0.02813 
1.05109 1.40000 -0.02812 
1.06130 1.40000 -0.02793 
1.06516 1.40000 -0.02785 
1.07204 1.40000 -0.02769 
1.07899 1.40000 -0.02750 
1.08292 1.40000 -0.02737 
1.09167 1.40000 -0.02708 
1.09410 1.40000 -0.02699 
1.10328 1.40000 -0.02661 
1.10579 1.40000 -0.02650 
1.11402 1.40000 -0.02612 
1.11848 1.40000 -0.02589 
1.12400 1.40000 -0.02561 
1.13331 1.40000 -0.02509 
1.13360 1.40000 -0.02508 
1.13416 1.40000 -0.02505 
1.14452 1.40000 -0.02442 
1.15035 1.40000 -0.02403 
1.15500 1.40000 -0.02373 
1.16022 1.40000 -0.02338 
1.16520 1.40000 -0.02303 
1.17058 1.40000 -0.02264 
1.17520 1.40000 -0.02231 
1.17846 1.40000 -0.02207 
1.18518 1.40000 -0.02155 
1.19298 1.40000 -0.02094 
1.19515 1.40000 -0.02077 
1.20408 1.40000 -0.02004 
1.20528 1.40000 -0.01995 
1.20555 1.40000 -0.01993 
1.21572 1.40000 -0.01907 
1.21716 1.40000 -0.01895 
1.22582 1.40000 -0.01820 
1.23002 1.40000 -0.01784 
1.23557 1.40000 -0.01734 
1.24154 1.40000 -0.01681 
1.24655 1.40000 -0.01635 
1.25199 1.40000 -0.01585 
1.25891 1.40000 -0.01520 
1.26249 1.40000 -0.01486 
1.27265 1.40000 -0.01388 
1.27295 1.40000 -0.01385 
1.27319 1.40000 -0.01382 
1.28340 1.40000 -0.01281 
1.28530 1.40000 -0.01262 
1.29250 1.40000 -0.01188 
1.29584 1.40000 -0.01153 
1.30164 1.40000 -0.01092 
1.30496 1.40000 -0.01056 
1.31096 1.40000 -0.00991 
1.31304 1.40000 -0.00968 
1.31980 1.40000 -0.00893 
1.32033 1.40000 -0.00887 
1.32313 1.40000 -0.00856 
1.32710 1.40000 -0.00811 
1.32786 1.40000 -0.00802 
1.33336 1.40000 -0.00737 
1.33501 1.40000 -0.00717 
1.33867 1.40000 -0.00674 
1.34276 1.40000 -0.00624 
1.34350 1.40000 -0.00616 
1.34385 1.40000 -0.00611 
1.34874 1.40000 -0.00552 
1.34886 1.40000 -0.00551 
1.35167 1.40000 -0.00516 
1.35320 1.40000 -0.00497 
1.35328 1.40000 -0.00496 
1.35698 1.40000 -0.00451 
1.35802 1.40000 -0.00438 
1.36068 1.40000 -0.00405 
1.36283 1.40000 -0.00379 
1.36433 1.40000 -0.00360 
1.36770 1.40000 -0.00319 
1.36798 1.40000 -0.00315 
1.36877 1.40000 -0.00306 
1.37161 1.40000 -0.00271 
1.37263 1.40000 -0.00258 
1.37523 1.40000 -0.00226 

ZONE T="SLICE_Y_0p1_BINS15_KS_1mm_FINAL_LAYER"
1.02809 0.10000 -0.00000 
1.02524 0.10000 -0.00037 
1.02440 0.10000 -0.00047 
1.02223 0.10000 -0.00075 
1.02078 0.10000 -0.00093 
1.02023 0.10000 -0.00100 
1.01715 0.10000 -0.00139 
1.01521 0.10000 -0.00164 
1.01351 0.10000 -0.00185 
1.01016 0.10000 -0.00226 
1.00985 0.10000 -0.00230 
1.00903 0.10000 -0.00241 
1.00618 0.10000 -0.00276 
1.00510 0.10000 -0.00289 
1.00251 0.10000 -0.00321 
1.00006 0.10000 -0.00351 
0.99883 0.10000 -0.00366 
0.99530 0.10000 -0.00410 
0.99512 0.10000 -0.00412 
0.99505 0.10000 -0.00413 
0.99136 0.10000 -0.00458 
0.99003 0.10000 -0.00474 
0.98748 0.10000 -0.00506 
0.98482 0.10000 -0.00538 
0.98341 0.10000 -0.00556 
0.97923 0.10000 -0.00607 
0.97912 0.10000 -0.00609 
0.97881 0.10000 -0.00612 
0.97469 0.10000 -0.00663 
0.97270 0.10000 -0.00688 
0.97001 0.10000 -0.00721 
0.96802 0.10000 -0.00746 
0.96451 0.10000 -0.00789 
0.96095 0.10000 -0.00833 
0.95834 0.10000 -0.00865 
0.95325 0.10000 -0.00927 
0.95133 0.10000 -0.00950 
0.94489 0.10000 -0.01028 
0.94337 0.10000 -0.01047 
0.93585 0.10000 -0.01137 
0.93437 0.10000 -0.01154 
0.92610 0.10000 -0.01252 
0.92419 0.10000 -0.01274 
0.91555 0.10000 -0.01374 
0.91250 0.10000 -0.01409 
0.90404 0.10000 -0.01506 
0.89849 0.10000 -0.01568 
0.89180 0.10000 -0.01643 
0.88341 0.10000 -0.01733 
0.87907 0.10000 -0.01780 
0.87301 0.10000 -0.01843 
0.86523 0.10000 -0.01925 
0.85940 0.10000 -0.01985 
0.85033 0.10000 -0.02079 
0.83727 0.10000 -0.02209 
0.83415 0.10000 -0.02240 
0.83196 0.10000 -0.02262 
0.81697 0.10000 -0.02408 
0.80222 0.10000 -0.02548 
0.79846 0.10000 -0.02584 
0.79256 0.10000 -0.02638 
0.77881 0.10000 -0.02764 
0.76816 0.10000 -0.02860 
0.75707 0.10000 -0.02959 
0.74340 0.10000 -0.03076 
0.73129 0.10000 -0.03181 
0.72364 0.10000 -0.03245 
0.70206 0.10000 -0.03421 
0.68787 0.10000 -0.03532 
0.67427 0.10000 -0.03638 
0.66360 0.10000 -0.03716 
0.63975 0.10000 -0.03889 
0.62313 0.10000 -0.03994 
0.60653 0.10000 -0.04102 
0.58437 0.10000 -0.04226 
0.57444 0.10000 -0.04280 
0.54718 0.10000 -0.04406 
0.54501 0.10000 -0.04417 
0.53881 0.10000 -0.04440 
0.51699 0.10000 -0.04523 
0.50866 0.10000 -0.04544 
0.49020 0.10000 -0.04598 
0.47160 0.10000 -0.04635 
0.46488 0.10000 -0.04650 
0.45740 0.10000 -0.04660 
0.44006 0.10000 -0.04678 
0.42164 0.10000 -0.04687 
0.41109 0.10000 -0.04684 
0.39407 0.10000 -0.04678 
0.38108 0.10000 -0.04663 
0.36903 0.10000 -0.04648 
0.35326 0.10000 -0.04619 
0.34591 0.10000 -0.04604 
0.32857 0.10000 -0.04557 
0.32460 0.10000 -0.04546 
0.30427 0.10000 -0.04479 
0.30371 0.10000 -0.04478 
0.30293 0.10000 -0.04474 
0.28535 0.10000 -0.04402 
0.27318 0.10000 -0.04350 
0.27158 0.10000 -0.04342 
0.27008 0.10000 -0.04334 
0.25928 0.10000 -0.04279 
0.25097 0.10000 -0.04236 
0.24770 0.10000 -0.04218 
0.24154 0.10000 -0.04181 
0.23610 0.10000 -0.04149 
0.23345 0.10000 -0.04134 
0.22500 0.10000 -0.04082 
0.21814 0.10000 -0.04036 
0.21485 0.10000 -0.04013 
0.20913 0.10000 -0.03973 
0.20567 0.10000 -0.03949 
0.20355 0.10000 -0.03933 
0.19721 0.10000 -0.03883 
0.19001 0.10000 -0.03826 
0.18965 0.10000 -0.03823 
0.18928 0.10000 -0.03820 
0.18268 0.10000 -0.03764 
0.17952 0.10000 -0.03737 
0.17498 0.10000 -0.03697 
0.17279 0.10000 -0.03676 
0.16707 0.10000 -0.03622 
0.16684 0.10000 -0.03620 
0.16664 0.10000 -0.03618 
0.16437 0.10000 -0.03596 
0.16122 0.10000 -0.03565 
0.16078 0.10000 -0.03560 
0.15705 0.10000 -0.03523 
0.15461 0.10000 -0.03498 
0.15364 0.10000 -0.03488 
0.15014 0.10000 -0.03454 
0.14967 0.10000 -0.03450 
0.14882 0.10000 -0.03443 
0.14574 0.10000 -0.03419 
0.14388 0.10000 -0.03408 
0.14270 0.10000 -0.03405 
0.13990 0.10000 -0.03407 
0.13941 0.10000 -0.03409 
0.13777 0.10000 -0.03421 
0.13591 0.10000 -0.03433 
0.13538 0.10000 -0.03437 
0.13220 0.10000 -0.03483 
0.13129 0.10000 -0.03495 
0.12938 0.10000 -0.03548 
0.12775 0.10000 -0.03602 
0.12666 0.10000 -0.03664 
0.12462 0.10000 -0.03763 
0.12266 0.10000 -0.03909 
0.12184 0.10000 -0.03975 
0.12081 0.10000 -0.04027 
0.11885 0.10000 -0.04154 
0.11690 0.10000 -0.04221 
0.11558 0.10000 -0.04257 
0.11411 0.10000 -0.04261 
0.11225 0.10000 -0.04296 
0.11050 0.10000 -0.04297 
0.10887 0.10000 -0.04288 
0.10678 0.10000 -0.04192 
0.10576 0.10000 -0.04160 
0.10517 0.10000 -0.04125 
0.10288 0.10000 -0.03958 
0.10081 0.10000 -0.03853 
0.09980 0.10000 -0.03832 
0.09841 0.10000 -0.03781 
0.09667 0.10000 -0.03711 
0.09554 0.10000 -0.03668 
0.09345 0.10000 -0.03615 
0.09056 0.10000 -0.03678 
0.09000 0.10000 -0.03679 
0.08955 0.10000 -0.03681 
0.08667 0.10000 -0.03630 
0.08364 0.10000 -0.03600 
0.08330 0.10000 -0.03599 
0.08290 0.10000 -0.03600 
0.07992 0.10000 -0.03608 
0.07712 0.10000 -0.03631 
0.07650 0.10000 -0.03638 
0.07595 0.10000 -0.03644 
0.07301 0.10000 -0.03672 
0.06918 0.10000 -0.03677 
0.06902 0.10000 -0.03677 
0.06890 0.10000 -0.03677 
0.06482 0.10000 -0.03618 
0.06405 0.10000 -0.03608 
0.06084 0.10000 -0.03491 
0.05988 0.10000 -0.03458 
0.05693 0.10000 -0.03275 
0.05618 0.10000 -0.03230 
0.05332 0.10000 -0.02968 
0.05310 0.10000 -0.02948 
0.05227 0.10000 -0.02847 
0.05056 0.10000 -0.02638 
0.05020 0.10000 -0.02581 
0.04843 0.10000 -0.02311 
0.04747 0.10000 -0.02131 
0.04665 0.10000 -0.01973 
0.04537 0.10000 -0.01668 
0.04519 0.10000 -0.01622 
0.04509 0.10000 -0.01594 
0.04401 0.10000 -0.01264 
0.04322 0.10000 -0.00955 
0.04304 0.10000 -0.00887 
0.04282 0.10000 -0.00786 
0.04219 0.10000 -0.00498 
0.04183 0.10000 -0.00292 
0.04152 0.10000 -0.00104 
0.04127 0.10000 0.00120 
0.04111 0.10000 0.00267 
0.04102 0.10000 0.00396 
0.04087 0.10000 0.00632 
0.04089 0.10000 0.00878 
0.04089 0.10000 0.00997 
0.04099 0.10000 0.01126 
0.04117 0.10000 0.01362 
0.04147 0.10000 0.01555 
0.04174 0.10000 0.01727 
0.04230 0.10000 0.01970 
0.04258 0.10000 0.02092 
0.04283 0.10000 0.02168 
0.04377 0.10000 0.02452 
0.04487 0.10000 0.02712 
0.04530 0.10000 0.02809 
0.04662 0.10000 0.03050 
0.04722 0.10000 0.03158 
0.04747 0.10000 0.03195 
0.04960 0.10000 0.03503 
0.05065 0.10000 0.03622 
0.05267 0.10000 0.03852 
0.05451 0.10000 0.03980 
0.05714 0.10000 0.04149 
0.05908 0.10000 0.04173 
0.06281 0.10000 0.04209 
0.06394 0.10000 0.04178 
0.06751 0.10000 0.04082 
0.06864 0.10000 0.04020 
0.07105 0.10000 0.03897 
0.07279 0.10000 0.03855 
0.07469 0.10000 0.03808 
0.07660 0.10000 0.03741 
0.07819 0.10000 0.03683 
0.08022 0.10000 0.03595 
0.08151 0.10000 0.03540 
0.08378 0.10000 0.03464 
0.08483 0.10000 0.03429 
0.08765 0.10000 0.03353 
0.08806 0.10000 0.03342 
0.08955 0.10000 0.03305 
0.09133 0.10000 0.03261 
0.09180 0.10000 0.03249 
0.09487 0.10000 0.03166 
0.09564 0.10000 0.03145 
0.09718 0.10000 0.03106 
0.09932 0.10000 0.03055 
0.10104 0.10000 0.03026 
0.10295 0.10000 0.03006 
0.10558 0.10000 0.03004 
0.10668 0.10000 0.03001 
0.10737 0.10000 0.03004 
0.11049 0.10000 0.03024 
0.11335 0.10000 0.03045 
0.11454 0.10000 0.03055 
0.11722 0.10000 0.03078 
0.11884 0.10000 0.03092 
0.11954 0.10000 0.03098 
0.12352 0.10000 0.03139 
0.12611 0.10000 0.03166 
0.12865 0.10000 0.03194 
0.13317 0.10000 0.03246 
0.13426 0.10000 0.03259 
0.13893 0.10000 0.03313 
0.14044 0.10000 0.03330 
0.14078 0.10000 0.03334 
0.14713 0.10000 0.03407 
0.14893 0.10000 0.03427 
0.15447 0.10000 0.03485 
0.15781 0.10000 0.03520 
0.16255 0.10000 0.03569 
0.16758 0.10000 0.03619 
0.17142 0.10000 0.03654 
0.17832 0.10000 0.03718 
0.18109 0.10000 0.03743 
0.19065 0.10000 0.03825 
0.19165 0.10000 0.03833 
0.19510 0.10000 0.03860 
0.20353 0.10000 0.03927 
0.20573 0.10000 0.03944 
0.21884 0.10000 0.04037 
0.21939 0.10000 0.04041 
0.22305 0.10000 0.04065 
0.23292 0.10000 0.04130 
0.23436 0.10000 0.04139 
0.24762 0.10000 0.04218 
0.24909 0.10000 0.04226 
0.26398 0.10000 0.04305 
0.26543 0.10000 0.04312 
0.28105 0.10000 0.04384 
0.28457 0.10000 0.04398 
0.29849 0.10000 0.04455 
0.30538 0.10000 0.04479 
0.31557 0.10000 0.04516 
0.32755 0.10000 0.04552 
0.33247 0.10000 0.04567 
0.33901 0.10000 0.04585 
0.35101 0.10000 0.04613 
0.36044 0.10000 0.04632 
0.36890 0.10000 0.04649 
0.38609 0.10000 0.04669 
0.38897 0.10000 0.04673 
0.40039 0.10000 0.04682 
0.40945 0.10000 0.04689 
0.41387 0.10000 0.04688 
0.43064 0.10000 0.04686 
0.44011 0.10000 0.04684 
0.46237 0.10000 0.04659 
0.47460 0.10000 0.04641 
0.49389 0.10000 0.04592 
0.51888 0.10000 0.04521 
0.52319 0.10000 0.04506 
0.55059 0.10000 0.04394 
0.55788 0.10000 0.04364 
0.55879 0.10000 0.04360 
0.59276 0.10000 0.04180 
0.60434 0.10000 0.04119 
0.63197 0.10000 0.03941 
0.64497 0.10000 0.03851 
0.66655 0.10000 0.03695 
0.68372 0.10000 0.03565 
0.69790 0.10000 0.03453 
0.72133 0.10000 0.03264 
0.72609 0.10000 0.03224 
0.73681 0.10000 0.03132 
0.75184 0.10000 0.03004 
0.75925 0.10000 0.02939 
0.77546 0.10000 0.02795 
0.79533 0.10000 0.02613 
0.79645 0.10000 0.02602 
0.79800 0.10000 0.02588 
0.81622 0.10000 0.02415 
0.83038 0.10000 0.02278 
0.83411 0.10000 0.02241 
0.83817 0.10000 0.02200 
0.85078 0.10000 0.02074 
0.86294 0.10000 0.01949 
0.86602 0.10000 0.01917 
0.86876 0.10000 0.01889 
0.88052 0.10000 0.01765 
0.89336 0.10000 0.01626 
0.89423 0.10000 0.01617 
0.89533 0.10000 0.01604 
0.90713 0.10000 0.01471 
0.91754 0.10000 0.01351 
0.91791 0.10000 0.01347 
0.91866 0.10000 0.01338 
0.92744 0.10000 0.01236 
0.93665 0.10000 0.01127 
0.93685 0.10000 0.01125 
0.93702 0.10000 0.01123 
0.94599 0.10000 0.01015 
0.94911 0.10000 0.00977 
0.95316 0.10000 0.00928 
0.95896 0.10000 0.00857 
0.95927 0.10000 0.00853 
0.95962 0.10000 0.00849 
0.96508 0.10000 0.00782 
0.96948 0.10000 0.00728 
0.97029 0.10000 0.00718 
0.97281 0.10000 0.00687 
0.97511 0.10000 0.00658 
0.97576 0.10000 0.00650 
0.97944 0.10000 0.00605 
0.98309 0.10000 0.00560 
0.98365 0.10000 0.00553 
0.98425 0.10000 0.00545 
0.98799 0.10000 0.00499 
0.98999 0.10000 0.00475 
0.99173 0.10000 0.00453 
0.99524 0.10000 0.00410 
0.99538 0.10000 0.00409 
0.99570 0.10000 0.00405 
0.99901 0.10000 0.00364 
1.00033 0.10000 0.00348 
1.00265 0.10000 0.00319 
1.00538 0.10000 0.00286 
1.00629 0.10000 0.00274 
1.00871 0.10000 0.00244 
1.00993 0.10000 0.00229 
1.01039 0.10000 0.00224 
1.01356 0.10000 0.00184 
1.01536 0.10000 0.00162 
1.01719 0.10000 0.00139 
1.02030 0.10000 0.00099 
1.02080 0.10000 0.00093 
1.02215 0.10000 0.00076 
1.02442 0.10000 0.00047 
1.02527 0.10000 0.00036 
1.02809 0.10000 -0.00000 

ZONE T="SLICE_Y_0p75_BINS15_KS_1mm_FINAL_LAYER"
1.21070 0.75000 0.00000 
1.20797 0.75000 -0.00035 
1.20705 0.75000 -0.00047 
1.20440 0.75000 -0.00080 
1.20344 0.75000 -0.00092 
1.20310 0.75000 -0.00097 
1.19983 0.75000 -0.00138 
1.19819 0.75000 -0.00158 
1.19619 0.75000 -0.00183 
1.19324 0.75000 -0.00220 
1.19253 0.75000 -0.00229 
1.19044 0.75000 -0.00254 
1.18885 0.75000 -0.00274 
1.18830 0.75000 -0.00281 
1.18515 0.75000 -0.00319 
1.18336 0.75000 -0.00341 
1.18143 0.75000 -0.00365 
1.17842 0.75000 -0.00402 
1.17767 0.75000 -0.00411 
1.17510 0.75000 -0.00443 
1.17381 0.75000 -0.00459 
1.17344 0.75000 -0.00463 
1.16974 0.75000 -0.00509 
1.16843 0.75000 -0.00525 
1.16532 0.75000 -0.00563 
1.16311 0.75000 -0.00591 
1.16054 0.75000 -0.00622 
1.15658 0.75000 -0.00671 
1.15535 0.75000 -0.00686 
1.15213 0.75000 -0.00726 
1.14967 0.75000 -0.00756 
1.14874 0.75000 -0.00767 
1.14344 0.75000 -0.00831 
1.14018 0.75000 -0.00870 
1.13634 0.75000 -0.00916 
1.12968 0.75000 -0.00995 
1.12834 0.75000 -0.01011 
1.12568 0.75000 -0.01041 
1.11975 0.75000 -0.01110 
1.11721 0.75000 -0.01139 
1.10948 0.75000 -0.01226 
1.10701 0.75000 -0.01254 
1.09708 0.75000 -0.01363 
1.09583 0.75000 -0.01376 
1.08393 0.75000 -0.01504 
1.08252 0.75000 -0.01519 
1.07015 0.75000 -0.01649 
1.06643 0.75000 -0.01686 
1.05572 0.75000 -0.01792 
1.04752 0.75000 -0.01871 
1.04054 0.75000 -0.01939 
1.02554 0.75000 -0.02081 
1.02364 0.75000 -0.02099 
1.00955 0.75000 -0.02229 
1.00468 0.75000 -0.02274 
1.00411 0.75000 -0.02279 
0.98508 0.75000 -0.02450 
0.97978 0.75000 -0.02494 
0.96442 0.75000 -0.02620 
0.95067 0.75000 -0.02730 
0.94227 0.75000 -0.02797 
0.92142 0.75000 -0.02957 
0.91948 0.75000 -0.02972 
0.91089 0.75000 -0.03035 
0.89481 0.75000 -0.03155 
0.89173 0.75000 -0.03175 
0.86535 0.75000 -0.03340 
0.86138 0.75000 -0.03360 
0.85230 0.75000 -0.03410 
0.83378 0.75000 -0.03510 
0.82307 0.75000 -0.03555 
0.80666 0.75000 -0.03609 
0.79190 0.75000 -0.03650 
0.78187 0.75000 -0.03680 
0.76902 0.75000 -0.03706 
0.75962 0.75000 -0.03723 
0.75076 0.75000 -0.03732 
0.73841 0.75000 -0.03746 
0.72580 0.75000 -0.03750 
0.71788 0.75000 -0.03751 
0.71152 0.75000 -0.03747 
0.69823 0.75000 -0.03743 
0.68096 0.75000 -0.03723 
0.68006 0.75000 -0.03722 
0.67834 0.75000 -0.03719 
0.66284 0.75000 -0.03685 
0.65551 0.75000 -0.03664 
0.64705 0.75000 -0.03642 
0.63545 0.75000 -0.03606 
0.63190 0.75000 -0.03595 
0.61951 0.75000 -0.03546 
0.61700 0.75000 -0.03536 
0.60624 0.75000 -0.03488 
0.60178 0.75000 -0.03467 
0.59343 0.75000 -0.03426 
0.59106 0.75000 -0.03414 
0.58303 0.75000 -0.03368 
0.58105 0.75000 -0.03357 
0.58046 0.75000 -0.03353 
0.57132 0.75000 -0.03299 
0.56903 0.75000 -0.03284 
0.56191 0.75000 -0.03239 
0.55893 0.75000 -0.03218 
0.55251 0.75000 -0.03172 
0.54978 0.75000 -0.03152 
0.54480 0.75000 -0.03113 
0.54292 0.75000 -0.03099 
0.54140 0.75000 -0.03086 
0.53721 0.75000 -0.03052 
0.53313 0.75000 -0.03018 
0.53139 0.75000 -0.03002 
0.52885 0.75000 -0.02979 
0.52605 0.75000 -0.02954 
0.52380 0.75000 -0.02933 
0.52105 0.75000 -0.02907 
0.51874 0.75000 -0.02884 
0.51643 0.75000 -0.02861 
0.51295 0.75000 -0.02827 
0.51251 0.75000 -0.02823 
0.51161 0.75000 -0.02814 
0.50887 0.75000 -0.02789 
0.50749 0.75000 -0.02779 
0.50533 0.75000 -0.02760 
0.50246 0.75000 -0.02749 
0.50177 0.75000 -0.02747 
0.49999 0.75000 -0.02759 
0.49820 0.75000 -0.02773 
0.49759 0.75000 -0.02787 
0.49461 0.75000 -0.02851 
0.49346 0.75000 -0.02896 
0.49104 0.75000 -0.02997 
0.48986 0.75000 -0.03063 
0.48776 0.75000 -0.03182 
0.48634 0.75000 -0.03279 
0.48471 0.75000 -0.03386 
0.48282 0.75000 -0.03496 
0.48138 0.75000 -0.03579 
0.47910 0.75000 -0.03664 
0.47768 0.75000 -0.03715 
0.47513 0.75000 -0.03746 
0.47366 0.75000 -0.03762 
0.47095 0.75000 -0.03698 
0.46961 0.75000 -0.03663 
0.46742 0.75000 -0.03444 
0.46699 0.75000 -0.03407 
0.46525 0.75000 -0.03254 
0.46419 0.75000 -0.03162 
0.46389 0.75000 -0.03152 
0.46058 0.75000 -0.03027 
0.45984 0.75000 -0.03021 
0.45667 0.75000 -0.03005 
0.45564 0.75000 -0.03018 
0.45282 0.75000 -0.03048 
0.45150 0.75000 -0.03097 
0.44914 0.75000 -0.03189 
0.44744 0.75000 -0.03218 
0.44525 0.75000 -0.03257 
0.44331 0.75000 -0.03297 
0.44118 0.75000 -0.03343 
0.43901 0.75000 -0.03367 
0.43655 0.75000 -0.03395 
0.43451 0.75000 -0.03345 
0.43169 0.75000 -0.03284 
0.43006 0.75000 -0.03168 
0.42777 0.75000 -0.03009 
0.42608 0.75000 -0.02810 
0.42496 0.75000 -0.02676 
0.42289 0.75000 -0.02347 
0.42279 0.75000 -0.02330 
0.42275 0.75000 -0.02322 
0.42107 0.75000 -0.01980 
0.42026 0.75000 -0.01774 
0.41965 0.75000 -0.01622 
0.41881 0.75000 -0.01358 
0.41850 0.75000 -0.01260 
0.41834 0.75000 -0.01198 
0.41751 0.75000 -0.00893 
0.41678 0.75000 -0.00589 
0.41663 0.75000 -0.00523 
0.41644 0.75000 -0.00429 
0.41587 0.75000 -0.00152 
0.41560 0.75000 0.00051 
0.41539 0.75000 0.00210 
0.41524 0.75000 0.00405 
0.41511 0.75000 0.00570 
0.41509 0.75000 0.00722 
0.41506 0.75000 0.00931 
0.41518 0.75000 0.01137 
0.41528 0.75000 0.01294 
0.41555 0.75000 0.01481 
0.41580 0.75000 0.01654 
0.41608 0.75000 0.01781 
0.41656 0.75000 0.02012 
0.41755 0.75000 0.02367 
0.41756 0.75000 0.02367 
0.41756 0.75000 0.02369 
0.41873 0.75000 0.02735 
0.41960 0.75000 0.02934 
0.42044 0.75000 0.03135 
0.42286 0.75000 0.03406 
0.42385 0.75000 0.03517 
0.42735 0.75000 0.03598 
0.42934 0.75000 0.03636 
0.43191 0.75000 0.03592 
0.43414 0.75000 0.03560 
0.43610 0.75000 0.03479 
0.43802 0.75000 0.03401 
0.44008 0.75000 0.03342 
0.44182 0.75000 0.03295 
0.44398 0.75000 0.03202 
0.44539 0.75000 0.03138 
0.44785 0.75000 0.03045 
0.44906 0.75000 0.02998 
0.45172 0.75000 0.02879 
0.45265 0.75000 0.02838 
0.45559 0.75000 0.02718 
0.45629 0.75000 0.02687 
0.45947 0.75000 0.02550 
0.45991 0.75000 0.02531 
0.46346 0.75000 0.02425 
0.46371 0.75000 0.02418 
0.46757 0.75000 0.02358 
0.46763 0.75000 0.02357 
0.46904 0.75000 0.02351 
0.47160 0.75000 0.02339 
0.47174 0.75000 0.02340 
0.47547 0.75000 0.02368 
0.47602 0.75000 0.02375 
0.47886 0.75000 0.02406 
0.48157 0.75000 0.02442 
0.48273 0.75000 0.02457 
0.48546 0.75000 0.02494 
0.48632 0.75000 0.02506 
0.48703 0.75000 0.02515 
0.48998 0.75000 0.02553 
0.49190 0.75000 0.02577 
0.49479 0.75000 0.02614 
0.49777 0.75000 0.02650 
0.50029 0.75000 0.02680 
0.50470 0.75000 0.02729 
0.50629 0.75000 0.02748 
0.50698 0.75000 0.02755 
0.51108 0.75000 0.02799 
0.51296 0.75000 0.02819 
0.51366 0.75000 0.02826 
0.51839 0.75000 0.02875 
0.52277 0.75000 0.02919 
0.52576 0.75000 0.02947 
0.52774 0.75000 0.02965 
0.53496 0.75000 0.03028 
0.53891 0.75000 0.03061 
0.54437 0.75000 0.03106 
0.55107 0.75000 0.03159 
0.55189 0.75000 0.03165 
0.56024 0.75000 0.03223 
0.56161 0.75000 0.03232 
0.57092 0.75000 0.03295 
0.57376 0.75000 0.03312 
0.58294 0.75000 0.03367 
0.58778 0.75000 0.03394 
0.59675 0.75000 0.03443 
0.60269 0.75000 0.03471 
0.61271 0.75000 0.03518 
0.61853 0.75000 0.03541 
0.62978 0.75000 0.03587 
0.63570 0.75000 0.03607 
0.64739 0.75000 0.03646 
0.65500 0.75000 0.03667 
0.66569 0.75000 0.03694 
0.67750 0.75000 0.03713 
0.68513 0.75000 0.03727 
0.70397 0.75000 0.03747 
0.70595 0.75000 0.03749 
0.71055 0.75000 0.03751 
0.72735 0.75000 0.03758 
0.73619 0.75000 0.03756 
0.74967 0.75000 0.03756 
0.76696 0.75000 0.03730 
0.77288 0.75000 0.03717 
0.79694 0.75000 0.03650 
0.80094 0.75000 0.03635 
0.80653 0.75000 0.03612 
0.83002 0.75000 0.03528 
0.85403 0.75000 0.03400 
0.86119 0.75000 0.03362 
0.86837 0.75000 0.03317 
0.88994 0.75000 0.03189 
0.90699 0.75000 0.03065 
0.91548 0.75000 0.03003 
0.93648 0.75000 0.02843 
0.93914 0.75000 0.02823 
0.94015 0.75000 0.02815 
0.96138 0.75000 0.02644 
0.96954 0.75000 0.02576 
0.98171 0.75000 0.02476 
0.99515 0.75000 0.02359 
1.00055 0.75000 0.02311 
1.01784 0.75000 0.02154 
1.01799 0.75000 0.02153 
1.01856 0.75000 0.02148 
1.03435 0.75000 0.02001 
1.03819 0.75000 0.01964 
1.04861 0.75000 0.01862 
1.05613 0.75000 0.01787 
1.06190 0.75000 0.01730 
1.06735 0.75000 0.01675 
1.07609 0.75000 0.01585 
1.08646 0.75000 0.01477 
1.08873 0.75000 0.01453 
1.09241 0.75000 0.01413 
1.10007 0.75000 0.01330 
1.10636 0.75000 0.01261 
1.10977 0.75000 0.01223 
1.11212 0.75000 0.01196 
1.11841 0.75000 0.01125 
1.12298 0.75000 0.01073 
1.12776 0.75000 0.01017 
1.13133 0.75000 0.00975 
1.13624 0.75000 0.00917 
1.13785 0.75000 0.00898 
1.14227 0.75000 0.00845 
1.14714 0.75000 0.00786 
1.14821 0.75000 0.00773 
1.14943 0.75000 0.00758 
1.15380 0.75000 0.00705 
1.15724 0.75000 0.00663 
1.15855 0.75000 0.00647 
1.16082 0.75000 0.00619 
1.16268 0.75000 0.00596 
1.16348 0.75000 0.00586 
1.16674 0.75000 0.00546 
1.16840 0.75000 0.00525 
1.17054 0.75000 0.00499 
1.17336 0.75000 0.00464 
1.17427 0.75000 0.00453 
1.17692 0.75000 0.00420 
1.17795 0.75000 0.00408 
1.17830 0.75000 0.00403 
1.18160 0.75000 0.00363 
1.18324 0.75000 0.00343 
1.18526 0.75000 0.00318 
1.18820 0.75000 0.00282 
1.18891 0.75000 0.00273 
1.19084 0.75000 0.00249 
1.19255 0.75000 0.00228 
1.19317 0.75000 0.00221 
1.19617 0.75000 0.00183 
1.19812 0.75000 0.00159 
1.19979 0.75000 0.00138 
1.20306 0.75000 0.00097 
1.20341 0.75000 0.00093 
1.20440 0.75000 0.00080 
1.20703 0.75000 0.00047 
1.20796 0.75000 0.00035 
1.21070 0.75000 0.00000 

ZONE T="SLICE_Y_1p4_BINS15_KS_1mm_FINAL_LAYER"
1.39331 1.40000 0.00000 
1.39053 1.40000 -0.00035 
1.38965 1.40000 -0.00047 
1.38736 1.40000 -0.00076 
1.38604 1.40000 -0.00092 
1.38555 1.40000 -0.00098 
1.38243 1.40000 -0.00137 
1.38060 1.40000 -0.00160 
1.37881 1.40000 -0.00182 
1.37565 1.40000 -0.00221 
1.37517 1.40000 -0.00227 
1.37385 1.40000 -0.00243 
1.37153 1.40000 -0.00272 
1.37070 1.40000 -0.00282 
1.36788 1.40000 -0.00316 
1.36575 1.40000 -0.00343 
1.36424 1.40000 -0.00361 
1.36080 1.40000 -0.00404 
1.36060 1.40000 -0.00406 
1.36002 1.40000 -0.00413 
1.35692 1.40000 -0.00452 
1.35582 1.40000 -0.00465 
1.35316 1.40000 -0.00498 
1.35080 1.40000 -0.00527 
1.34927 1.40000 -0.00545 
1.34594 1.40000 -0.00586 
1.34492 1.40000 -0.00598 
1.34105 1.40000 -0.00645 
1.34008 1.40000 -0.00657 
1.33611 1.40000 -0.00704 
1.33301 1.40000 -0.00741 
1.33076 1.40000 -0.00768 
1.32922 1.40000 -0.00785 
1.32334 1.40000 -0.00853 
1.31971 1.40000 -0.00894 
1.31556 1.40000 -0.00940 
1.30895 1.40000 -0.01013 
1.30646 1.40000 -0.01040 
1.30346 1.40000 -0.01072 
1.29668 1.40000 -0.01144 
1.28791 1.40000 -0.01235 
1.28678 1.40000 -0.01247 
1.28443 1.40000 -0.01270 
1.27682 1.40000 -0.01347 
1.27296 1.40000 -0.01385 
1.26714 1.40000 -0.01441 
1.25806 1.40000 -0.01528 
1.25748 1.40000 -0.01533 
1.25704 1.40000 -0.01538 
1.24780 1.40000 -0.01623 
1.23902 1.40000 -0.01703 
1.23801 1.40000 -0.01712 
1.23621 1.40000 -0.01728 
1.22800 1.40000 -0.01801 
1.22430 1.40000 -0.01833 
1.21763 1.40000 -0.01891 
1.21043 1.40000 -0.01951 
1.20727 1.40000 -0.01978 
1.19767 1.40000 -0.02056 
1.19683 1.40000 -0.02063 
1.19654 1.40000 -0.02065 
1.18580 1.40000 -0.02151 
1.18420 1.40000 -0.02163 
1.17402 1.40000 -0.02239 
1.17259 1.40000 -0.02250 
1.16373 1.40000 -0.02313 
1.16113 1.40000 -0.02331 
1.15242 1.40000 -0.02390 
1.15022 1.40000 -0.02405 
1.14022 1.40000 -0.02467 
1.13979 1.40000 -0.02470 
1.13967 1.40000 -0.02471 
1.12974 1.40000 -0.02528 
1.12365 1.40000 -0.02561 
1.11974 1.40000 -0.02582 
1.11557 1.40000 -0.02602 
1.10972 1.40000 -0.02632 
1.10185 1.40000 -0.02668 
1.09956 1.40000 -0.02678 
1.09818 1.40000 -0.02683 
1.08917 1.40000 -0.02717 
1.08314 1.40000 -0.02737 
1.07839 1.40000 -0.02752 
1.06885 1.40000 -0.02777 
1.06708 1.40000 -0.02782 
1.05981 1.40000 -0.02797 
1.05561 1.40000 -0.02806 
1.05474 1.40000 -0.02807 
1.04333 1.40000 -0.02821 
1.04263 1.40000 -0.02822 
1.04090 1.40000 -0.02822 
1.03157 1.40000 -0.02827 
1.02797 1.40000 -0.02829 
1.01684 1.40000 -0.02826 
1.01451 1.40000 -0.02825 
1.00603 1.40000 -0.02816 
1.00221 1.40000 -0.02812 
1.00121 1.40000 -0.02811 
0.98912 1.40000 -0.02792 
0.98732 1.40000 -0.02788 
0.98444 1.40000 -0.02781 
0.97651 1.40000 -0.02763 
0.97113 1.40000 -0.02748 
0.96179 1.40000 -0.02718 
0.95951 1.40000 -0.02711 
0.95805 1.40000 -0.02706 
0.94799 1.40000 -0.02666 
0.94532 1.40000 -0.02655 
0.93845 1.40000 -0.02624 
0.93559 1.40000 -0.02611 
0.93002 1.40000 -0.02583 
0.92769 1.40000 -0.02570 
0.92092 1.40000 -0.02534 
0.91999 1.40000 -0.02529 
0.91505 1.40000 -0.02499 
0.91264 1.40000 -0.02484 
0.91220 1.40000 -0.02481 
0.90572 1.40000 -0.02439 
0.90449 1.40000 -0.02430 
0.89936 1.40000 -0.02395 
0.89786 1.40000 -0.02384 
0.89350 1.40000 -0.02351 
0.89223 1.40000 -0.02341 
0.88792 1.40000 -0.02308 
0.88749 1.40000 -0.02305 
0.88613 1.40000 -0.02295 
0.88333 1.40000 -0.02273 
0.88242 1.40000 -0.02266 
0.87951 1.40000 -0.02244 
0.87760 1.40000 -0.02229 
0.87593 1.40000 -0.02219 
0.87353 1.40000 -0.02204 
0.87268 1.40000 -0.02200 
0.87051 1.40000 -0.02191 
0.86937 1.40000 -0.02189 
0.86832 1.40000 -0.02187 
0.86604 1.40000 -0.02187 
0.86553 1.40000 -0.02187 
0.86533 1.40000 -0.02189 
0.86236 1.40000 -0.02211 
0.86054 1.40000 -0.02250 
0.85914 1.40000 -0.02277 
0.85697 1.40000 -0.02351 
0.85602 1.40000 -0.02385 
0.85542 1.40000 -0.02415 
0.85299 1.40000 -0.02518 
0.85034 1.40000 -0.02659 
0.85008 1.40000 -0.02672 
0.84972 1.40000 -0.02692 
0.84722 1.40000 -0.02829 
0.84599 1.40000 -0.02890 
0.84443 1.40000 -0.02969 
0.84297 1.40000 -0.03019 
0.84044 1.40000 -0.03076 
0.83988 1.40000 -0.03091 
0.83936 1.40000 -0.03092 
0.83694 1.40000 -0.03069 
0.83509 1.40000 -0.03035 
0.83386 1.40000 -0.02974 
0.83158 1.40000 -0.02862 
0.83018 1.40000 -0.02797 
0.82805 1.40000 -0.02700 
0.82614 1.40000 -0.02686 
0.82411 1.40000 -0.02668 
0.82202 1.40000 -0.02769 
0.82048 1.40000 -0.02841 
0.81800 1.40000 -0.02881 
0.81646 1.40000 -0.02903 
0.81393 1.40000 -0.02964 
0.81227 1.40000 -0.03004 
0.80968 1.40000 -0.03052 
0.80752 1.40000 -0.03092 
0.80521 1.40000 -0.03049 
0.80221 1.40000 -0.03002 
0.80075 1.40000 -0.02892 
0.79806 1.40000 -0.02685 
0.79694 1.40000 -0.02519 
0.79560 1.40000 -0.02306 
0.79431 1.40000 -0.02010 
0.79400 1.40000 -0.01936 
0.79355 1.40000 -0.01799 
0.79284 1.40000 -0.01579 
0.79251 1.40000 -0.01451 
0.79194 1.40000 -0.01227 
0.79126 1.40000 -0.00905 
0.79120 1.40000 -0.00877 
0.79116 1.40000 -0.00856 
0.79052 1.40000 -0.00525 
0.79004 1.40000 -0.00213 
0.78997 1.40000 -0.00169 
0.78990 1.40000 -0.00110 
0.78953 1.40000 0.00195 
0.78932 1.40000 0.00418 
0.78920 1.40000 0.00560 
0.78918 1.40000 0.00727 
0.78915 1.40000 0.00926 
0.78923 1.40000 0.01124 
0.78931 1.40000 0.01294 
0.78948 1.40000 0.01448 
0.78976 1.40000 0.01669 
0.79043 1.40000 0.01982 
0.79059 1.40000 0.02053 
0.79074 1.40000 0.02097 
0.79206 1.40000 0.02452 
0.79331 1.40000 0.02644 
0.79467 1.40000 0.02852 
0.79712 1.40000 0.03016 
0.79909 1.40000 0.03157 
0.80170 1.40000 0.03192 
0.80445 1.40000 0.03236 
0.80685 1.40000 0.03216 
0.80873 1.40000 0.03195 
0.81123 1.40000 0.03088 
0.81239 1.40000 0.03041 
0.81515 1.40000 0.02956 
0.81593 1.40000 0.02933 
0.81880 1.40000 0.02812 
0.81919 1.40000 0.02796 
0.82210 1.40000 0.02689 
0.82215 1.40000 0.02687 
0.82471 1.40000 0.02581 
0.82623 1.40000 0.02513 
0.82844 1.40000 0.02400 
0.82992 1.40000 0.02326 
0.83218 1.40000 0.02209 
0.83344 1.40000 0.02146 
0.83592 1.40000 0.02043 
0.83709 1.40000 0.01996 
0.83970 1.40000 0.01934 
0.84096 1.40000 0.01907 
0.84334 1.40000 0.01893 
0.84501 1.40000 0.01889 
0.84671 1.40000 0.01896 
0.84805 1.40000 0.01904 
0.85014 1.40000 0.01920 
0.85142 1.40000 0.01933 
0.85278 1.40000 0.01948 
0.85600 1.40000 0.01984 
0.85862 1.40000 0.02015 
0.86079 1.40000 0.02040 
0.86360 1.40000 0.02071 
0.86498 1.40000 0.02085 
0.86868 1.40000 0.02125 
0.87037 1.40000 0.02141 
0.87399 1.40000 0.02178 
0.87606 1.40000 0.02197 
0.88073 1.40000 0.02241 
0.88307 1.40000 0.02261 
0.88937 1.40000 0.02314 
0.88945 1.40000 0.02315 
0.88957 1.40000 0.02316 
0.89596 1.40000 0.02366 
0.90111 1.40000 0.02404 
0.90301 1.40000 0.02418 
0.90575 1.40000 0.02436 
0.91031 1.40000 0.02467 
0.91307 1.40000 0.02485 
0.91767 1.40000 0.02513 
0.92394 1.40000 0.02548 
0.92525 1.40000 0.02556 
0.92697 1.40000 0.02565 
0.93325 1.40000 0.02598 
0.93635 1.40000 0.02612 
0.94090 1.40000 0.02634 
0.94527 1.40000 0.02654 
0.94939 1.40000 0.02672 
0.95354 1.40000 0.02688 
0.96079 1.40000 0.02714 
0.96470 1.40000 0.02727 
0.97156 1.40000 0.02749 
0.97810 1.40000 0.02766 
0.98172 1.40000 0.02776 
0.98874 1.40000 0.02791 
0.99191 1.40000 0.02797 
0.99365 1.40000 0.02800 
1.00183 1.40000 0.02813 
1.01026 1.40000 0.02823 
1.01134 1.40000 0.02825 
1.01231 1.40000 0.02826 
1.02087 1.40000 0.02829 
1.02779 1.40000 0.02829 
1.03063 1.40000 0.02829 
1.03801 1.40000 0.02824 
1.04065 1.40000 0.02823 
1.04149 1.40000 0.02822 
1.05095 1.40000 0.02812 
1.05417 1.40000 0.02808 
1.06136 1.40000 0.02794 
1.06542 1.40000 0.02786 
1.07293 1.40000 0.02768 
1.07551 1.40000 0.02761 
1.08102 1.40000 0.02745 
1.08525 1.40000 0.02732 
1.08841 1.40000 0.02721 
1.09497 1.40000 0.02696 
1.10001 1.40000 0.02677 
1.10488 1.40000 0.02655 
1.11404 1.40000 0.02612 
1.11497 1.40000 0.02607 
1.11989 1.40000 0.02582 
1.12540 1.40000 0.02554 
1.12630 1.40000 0.02549 
1.13629 1.40000 0.02493 
1.13749 1.40000 0.02486 
1.14676 1.40000 0.02428 
1.14853 1.40000 0.02417 
1.15707 1.40000 0.02359 
1.16043 1.40000 0.02336 
1.16755 1.40000 0.02286 
1.17314 1.40000 0.02246 
1.17902 1.40000 0.02202 
1.18610 1.40000 0.02148 
1.18870 1.40000 0.02128 
1.19594 1.40000 0.02071 
1.20148 1.40000 0.02025 
1.20739 1.40000 0.01977 
1.21505 1.40000 0.01912 
1.21817 1.40000 0.01886 
1.22458 1.40000 0.01831 
1.22839 1.40000 0.01798 
1.23142 1.40000 0.01771 
1.23854 1.40000 0.01708 
1.24387 1.40000 0.01659 
1.24950 1.40000 0.01608 
1.25700 1.40000 0.01538 
1.26033 1.40000 0.01507 
1.26301 1.40000 0.01481 
1.27087 1.40000 0.01405 
1.27712 1.40000 0.01343 
1.27927 1.40000 0.01322 
1.28721 1.40000 0.01242 
1.28849 1.40000 0.01229 
1.29437 1.40000 0.01168 
1.29763 1.40000 0.01134 
1.29844 1.40000 0.01126 
1.30621 1.40000 0.01043 
1.30942 1.40000 0.01008 
1.31400 1.40000 0.00958 
1.31880 1.40000 0.00904 
1.32099 1.40000 0.00879 
1.32596 1.40000 0.00823 
1.32729 1.40000 0.00807 
1.32798 1.40000 0.00799 
1.33317 1.40000 0.00739 
1.33726 1.40000 0.00690 
1.33863 1.40000 0.00674 
1.33942 1.40000 0.00665 
1.34418 1.40000 0.00607 
1.34435 1.40000 0.00605 
1.34499 1.40000 0.00597 
1.34868 1.40000 0.00553 
1.34989 1.40000 0.00538 
1.35276 1.40000 0.00503 
1.35527 1.40000 0.00472 
1.35662 1.40000 0.00455 
1.36016 1.40000 0.00412 
1.36036 1.40000 0.00409 
1.36044 1.40000 0.00408 
1.36408 1.40000 0.00363 
1.36553 1.40000 0.00345 
1.36778 1.40000 0.00318 
1.37056 1.40000 0.00283 
1.37145 1.40000 0.00273 
1.37388 1.40000 0.00243 
1.37511 1.40000 0.00228 
1.37557 1.40000 0.00222 
1.37876 1.40000 0.00183 
1.38054 1.40000 0.00161 
1.38239 1.40000 0.00138 
1.38552 1.40000 0.00099 
1.38601 1.40000 0.00093 
1.38734 1.40000 0.00076 
1.38964 1.40000 0.00047 
1.39052 1.40000 0.00036 
1.39331 1.40000 0.00000 