VARIABLES = "X" "Y" "Z" "Cp" "Beta"
ZONE T="SLICE_Y_0p1_BINS01_KS_1mm_CUTDATA"
0.99946 0.10000 0.00359 0.08394 0.00000
0.99742 0.10000 0.00384 0.08118 0.00000
0.99524 0.10000 0.00410 0.07826 0.00000
0.99292 0.10000 0.00439 0.07516 0.00000
0.99044 0.10000 0.00469 0.07187 0.00000
0.98780 0.10000 0.00502 0.06837 0.00000
0.98499 0.10000 0.00536 0.06464 0.00000
0.98198 0.10000 0.00573 0.06065 0.00000
0.97878 0.10000 0.00613 0.05639 0.00000
0.97537 0.10000 0.00655 0.05185 0.00000
0.97174 0.10000 0.00700 0.04703 0.00000
0.96786 0.10000 0.00748 0.04194 0.00000
0.96374 0.10000 0.00799 0.03657 0.00000
0.95934 0.10000 0.00853 0.03090 0.00000
0.95466 0.10000 0.00910 0.02494 0.00000
0.94969 0.10000 0.00971 0.01869 0.00000
0.94439 0.10000 0.01035 0.01215 0.00000
0.93877 0.10000 0.01103 0.00535 0.00000
0.93279 0.10000 0.01175 -0.00171 0.00000
0.92644 0.10000 0.01250 -0.00899 0.00000
0.91971 0.10000 0.01329 -0.01649 0.00000
0.91258 0.10000 0.01411 -0.02415 0.00000
0.90502 0.10000 0.01497 -0.03196 0.00000
0.89703 0.10000 0.01587 -0.03988 0.00000
0.88858 0.10000 0.01680 -0.04788 0.00000
0.87966 0.10000 0.01777 -0.05592 0.00000
0.87026 0.10000 0.01878 -0.06398 0.00000
0.86035 0.10000 0.01981 -0.07205 0.00000
0.84994 0.10000 0.02088 -0.08012 0.00000
0.83901 0.10000 0.02198 -0.08819 0.00000
0.82755 0.10000 0.02311 -0.09627 0.00000
0.81556 0.10000 0.02428 -0.10440 0.00000
0.80304 0.10000 0.02547 -0.11262 0.00000
0.78998 0.10000 0.02669 -0.12098 0.00000
0.77640 0.10000 0.02793 -0.12952 0.00000
0.76230 0.10000 0.02920 -0.13828 0.00000
0.74768 0.10000 0.03049 -0.14732 0.00000
0.73258 0.10000 0.03179 -0.15668 0.00000
0.71701 0.10000 0.03310 -0.16635 0.00000
0.70099 0.10000 0.03442 -0.17631 0.00000
0.68455 0.10000 0.03573 -0.18654 0.00000
0.66774 0.10000 0.03702 -0.19694 0.00000
0.65058 0.10000 0.03829 -0.20740 0.00000
0.63311 0.10000 0.03952 -0.21780 0.00000
0.61539 0.10000 0.04069 -0.22796 0.00000
0.59746 0.10000 0.04180 -0.23771 0.00000
0.57937 0.10000 0.04283 -0.24687 0.00000
0.56117 0.10000 0.04376 -0.25525 0.00000
0.54291 0.10000 0.04460 -0.26272 0.00000
0.52466 0.10000 0.04532 -0.26915 0.00000
0.50646 0.10000 0.04593 -0.27446 0.00000
0.48837 0.10000 0.04642 -0.27862 0.00000
0.47043 0.10000 0.04679 -0.28168 0.00000
0.45271 0.10000 0.04704 -0.28366 0.00000
0.43525 0.10000 0.04718 -0.28470 0.00000
0.41809 0.10000 0.04722 -0.28496 0.00000
0.40127 0.10000 0.04715 -0.28457 0.00000
0.38484 0.10000 0.04700 -0.28375 0.00000
0.36882 0.10000 0.04676 -0.28271 0.00000
0.35325 0.10000 0.04646 -0.28156 0.00000
0.33814 0.10000 0.04609 -0.28045 0.00000
0.32353 0.10000 0.04566 -0.27949 0.00000
0.30943 0.10000 0.04519 -0.27876 0.00000
0.29584 0.10000 0.04467 -0.27832 0.00000
0.28278 0.10000 0.04413 -0.27821 0.00000
0.27026 0.10000 0.04355 -0.27843 0.00000
0.25827 0.10000 0.04294 -0.27897 0.00000
0.24681 0.10000 0.04232 -0.27983 0.00000
0.23588 0.10000 0.04168 -0.28096 0.00000
0.22547 0.10000 0.04102 -0.28233 0.00000
0.21557 0.10000 0.04035 -0.28392 0.00000
0.20617 0.10000 0.03967 -0.28570 0.00008
0.19725 0.10000 0.03898 -0.28765 0.00084
0.18880 0.10000 0.03829 -0.28975 0.00180
0.18081 0.10000 0.03760 -0.29201 0.00295
0.17325 0.10000 0.03691 -0.29445 0.00427
0.16611 0.10000 0.03622 -0.29710 0.00573
0.15938 0.10000 0.03553 -0.29999 0.00732
0.15304 0.10000 0.03486 -0.30320 0.00905
0.14706 0.10000 0.03419 -0.30680 0.01093
0.14143 0.10000 0.03353 -0.31090 0.01298
0.13614 0.10000 0.03289 -0.31563 0.01527
0.13116 0.10000 0.03225 -0.32116 0.01789
0.12649 0.10000 0.03164 -0.32761 0.02101
0.12209 0.10000 0.03104 -0.33512 0.02480
0.11796 0.10000 0.03045 -0.34395 0.02930
0.11409 0.10000 0.02989 -0.35455 0.03421
0.11045 0.10000 0.02934 -0.36742 0.03873
0.10704 0.10000 0.02882 -0.38290 0.04200
0.10384 0.10000 0.02831 -0.40109 0.04352
0.10084 0.10000 0.02781 -0.42205 0.04337
0.09803 0.10000 0.02733 -0.44550 0.04285
0.09538 0.10000 0.02686 -0.47065 0.04334
0.09291 0.10000 0.02638 -0.49657 0.04531
0.09059 0.10000 0.02590 -0.52229 0.04940
0.08841 0.10000 0.02541 -0.54664 0.05604
0.08637 0.10000 0.02492 -0.56872 0.06505
0.08445 0.10000 0.02441 -0.58767 0.07635
0.08266 0.10000 0.02388 -0.60233 0.08974
0.08098 0.10000 0.02335 -0.61201 0.10475
0.07940 0.10000 0.02280 -0.61620 0.12118
0.07792 0.10000 0.02224 -0.61445 0.13880
0.07653 0.10000 0.02168 -0.60674 0.15713
0.07522 0.10000 0.02110 -0.59319 0.17598
0.07400 0.10000 0.02052 -0.57400 0.19517
0.07285 0.10000 0.01993 -0.54960 0.21429
0.07178 0.10000 0.01933 -0.52071 0.23316
0.07076 0.10000 0.01874 -0.48807 0.25162
0.06982 0.10000 0.01814 -0.45253 0.26950
0.06893 0.10000 0.01755 -0.41459 0.28700
0.06809 0.10000 0.01696 -0.37443 0.30425
0.06731 0.10000 0.01637 -0.33237 0.32102
0.06657 0.10000 0.01578 -0.28898 0.33718
0.06588 0.10000 0.01520 -0.24485 0.35268
0.06523 0.10000 0.01462 -0.20061 0.36740
0.06463 0.10000 0.01405 -0.15661 0.38157
0.06406 0.10000 0.01349 -0.11287 0.39535
0.06352 0.10000 0.01293 -0.06951 0.40859
0.06302 0.10000 0.01238 -0.02659 0.42139
0.06256 0.10000 0.01184 0.01589 0.43382
0.06212 0.10000 0.01130 0.05780 0.44574
0.06171 0.10000 0.01077 0.09906 0.45730
0.06132 0.10000 0.01024 0.13954 0.46852
0.06097 0.10000 0.00973 0.17910 0.47926
0.06063 0.10000 0.00922 0.21765 0.48959
0.06032 0.10000 0.00871 0.25515 0.49940
0.06003 0.10000 0.00822 0.29166 0.50876
0.05976 0.10000 0.00773 0.32749 0.51803
0.05952 0.10000 0.00724 0.36265 0.52707
0.05929 0.10000 0.00676 0.39669 0.53563
0.05908 0.10000 0.00628 0.42898 0.54351
0.05888 0.10000 0.00581 0.45982 0.55113
0.05871 0.10000 0.00535 0.49021 0.55888
0.05854 0.10000 0.00488 0.52006 0.56561
0.05840 0.10000 0.00442 0.54753 0.56991
0.05827 0.10000 0.00397 0.57195 0.57300
0.05816 0.10000 0.00355 0.59673 0.57878
0.05806 0.10000 0.00308 0.62281 0.58588
0.05797 0.10000 0.00259 0.64502 0.58817
0.05790 0.10000 0.00219 0.66214 0.58789
0.05784 0.10000 0.00183 0.68375 0.59232
0.05779 0.10000 0.00125 0.70585 0.59505
0.05776 0.10000 0.00060 0.72397 0.59239
0.05774 0.10000 0.00015 0.73575 0.59177
0.05773 0.10000 0.00000 0.74341 0.59648
0.05774 0.10000 -0.00015 0.75184 0.60267
0.05776 0.10000 -0.00060 0.76079 0.60742
0.05779 0.10000 -0.00125 0.76952 0.61076
0.05784 0.10000 -0.00183 0.77626 0.60939
0.05790 0.10000 -0.00219 0.78082 0.60363
0.05797 0.10000 -0.00259 0.78286 0.59719
0.05806 0.10000 -0.00308 0.78356 0.59240
0.05816 0.10000 -0.00355 0.78216 0.58903
0.05827 0.10000 -0.00397 0.77926 0.58689
0.05840 0.10000 -0.00442 0.77473 0.58522
0.05854 0.10000 -0.00488 0.76830 0.58232
0.05871 0.10000 -0.00535 0.76008 0.57792
0.05888 0.10000 -0.00581 0.75013 0.57302
0.05908 0.10000 -0.00628 0.73871 0.56828
0.05929 0.10000 -0.00676 0.72554 0.56330
0.05952 0.10000 -0.00724 0.71063 0.55761
0.05976 0.10000 -0.00773 0.69406 0.55121
0.06003 0.10000 -0.00822 0.67602 0.54435
0.06032 0.10000 -0.00871 0.65651 0.53723
0.06063 0.10000 -0.00922 0.63547 0.52970
0.06097 0.10000 -0.00973 0.61290 0.52172
0.06132 0.10000 -0.01024 0.58882 0.51331
0.06171 0.10000 -0.01077 0.56327 0.50435
0.06212 0.10000 -0.01130 0.53633 0.49493
0.06256 0.10000 -0.01184 0.50805 0.48502
0.06302 0.10000 -0.01238 0.47850 0.47457
0.06352 0.10000 -0.01293 0.44776 0.46370
0.06406 0.10000 -0.01349 0.41586 0.45238
0.06463 0.10000 -0.01405 0.38286 0.44050
0.06523 0.10000 -0.01462 0.34884 0.42819
0.06588 0.10000 -0.01520 0.31385 0.41529
0.06657 0.10000 -0.01578 0.27806 0.40160
0.06731 0.10000 -0.01637 0.24185 0.38720
0.06809 0.10000 -0.01696 0.20559 0.37212
0.06893 0.10000 -0.01755 0.16961 0.35647
0.06982 0.10000 -0.01814 0.13416 0.34045
0.07076 0.10000 -0.01874 0.09943 0.32393
0.07178 0.10000 -0.01933 0.06583 0.30673
0.07285 0.10000 -0.01993 0.03401 0.28901
0.07400 0.10000 -0.02052 0.00455 0.27088
0.07522 0.10000 -0.02110 -0.02195 0.25249
0.07653 0.10000 -0.02168 -0.04504 0.23419
0.07792 0.10000 -0.02224 -0.06440 0.21612
0.07940 0.10000 -0.02280 -0.07977 0.19845
0.08098 0.10000 -0.02335 -0.09097 0.18159
0.08266 0.10000 -0.02388 -0.09808 0.16576
0.08445 0.10000 -0.02441 -0.10122 0.15115
0.08637 0.10000 -0.02492 -0.10062 0.13820
0.08841 0.10000 -0.02541 -0.09680 0.12712
0.09059 0.10000 -0.02590 -0.09034 0.11803
0.09291 0.10000 -0.02638 -0.08211 0.11120
0.09538 0.10000 -0.02686 -0.07305 0.10635
0.09803 0.10000 -0.02733 -0.06388 0.10286
0.10084 0.10000 -0.02781 -0.05540 0.10006
0.10384 0.10000 -0.02831 -0.04834 0.09639
0.10704 0.10000 -0.02882 -0.04299 0.09102
0.11045 0.10000 -0.02934 -0.03950 0.08488
0.11409 0.10000 -0.02989 -0.03792 0.07904
0.11796 0.10000 -0.03045 -0.03794 0.07400
0.12209 0.10000 -0.03104 -0.03909 0.06974
0.12649 0.10000 -0.03164 -0.04098 0.06599
0.13116 0.10000 -0.03225 -0.04341 0.06253
0.13614 0.10000 -0.03289 -0.04630 0.05919
0.14143 0.10000 -0.03353 -0.04956 0.05589
0.14706 0.10000 -0.03419 -0.05308 0.05260
0.15304 0.10000 -0.03486 -0.05676 0.04932
0.15938 0.10000 -0.03553 -0.06056 0.04604
0.16611 0.10000 -0.03622 -0.06441 0.04279
0.17325 0.10000 -0.03691 -0.06829 0.03956
0.18081 0.10000 -0.03760 -0.07217 0.03638
0.18880 0.10000 -0.03829 -0.07606 0.03328
0.19725 0.10000 -0.03898 -0.07994 0.03030
0.20617 0.10000 -0.03967 -0.08381 0.02744
0.21557 0.10000 -0.04035 -0.08771 0.02473
0.22547 0.10000 -0.04102 -0.09165 0.02217
0.23588 0.10000 -0.04168 -0.09567 0.01976
0.24681 0.10000 -0.04232 -0.09981 0.01749
0.25827 0.10000 -0.04294 -0.10410 0.01538
0.27026 0.10000 -0.04355 -0.10857 0.01340
0.28278 0.10000 -0.04413 -0.11325 0.01157
0.29584 0.10000 -0.04467 -0.11817 0.00986
0.30943 0.10000 -0.04519 -0.12331 0.00827
0.32353 0.10000 -0.04566 -0.12867 0.00679
0.33814 0.10000 -0.04609 -0.13418 0.00541
0.35325 0.10000 -0.04646 -0.13978 0.00412
0.36882 0.10000 -0.04676 -0.14538 0.00292
0.38484 0.10000 -0.04700 -0.15083 0.00184
0.40127 0.10000 -0.04715 -0.15601 0.00089
0.41809 0.10000 -0.04722 -0.16074 0.00008
0.43525 0.10000 -0.04718 -0.16487 0.00000
0.45271 0.10000 -0.04704 -0.16820 0.00000
0.47043 0.10000 -0.04679 -0.17060 0.00000
0.48837 0.10000 -0.04642 -0.17198 0.00000
0.50646 0.10000 -0.04593 -0.17226 0.00000
0.52466 0.10000 -0.04532 -0.17134 0.00000
0.54291 0.10000 -0.04460 -0.16924 0.00000
0.56117 0.10000 -0.04376 -0.16603 0.00000
0.57937 0.10000 -0.04283 -0.16183 0.00000
0.59746 0.10000 -0.04180 -0.15677 0.00000
0.61539 0.10000 -0.04069 -0.15100 0.00000
0.63311 0.10000 -0.03952 -0.14470 0.00000
0.65058 0.10000 -0.03829 -0.13806 0.00000
0.66774 0.10000 -0.03702 -0.13122 0.00000
0.68455 0.10000 -0.03573 -0.12432 0.00000
0.70099 0.10000 -0.03442 -0.11748 0.00000
0.71701 0.10000 -0.03310 -0.11078 0.00000
0.73258 0.10000 -0.03179 -0.10427 0.00000
0.74768 0.10000 -0.03049 -0.09796 0.00000
0.76230 0.10000 -0.02920 -0.09186 0.00000
0.77640 0.10000 -0.02793 -0.08593 0.00000
0.78998 0.10000 -0.02669 -0.08013 0.00000
0.80304 0.10000 -0.02547 -0.07443 0.00000
0.81556 0.10000 -0.02428 -0.06876 0.00000
0.82755 0.10000 -0.02311 -0.06308 0.00000
0.83901 0.10000 -0.02198 -0.05735 0.00000
0.84994 0.10000 -0.02088 -0.05154 0.00000
0.86035 0.10000 -0.01981 -0.04563 0.00000
0.87026 0.10000 -0.01878 -0.03962 0.00000
0.87966 0.10000 -0.01777 -0.03350 0.00000
0.88858 0.10000 -0.01680 -0.02730 0.00000
0.89703 0.10000 -0.01587 -0.02103 0.00000
0.90502 0.10000 -0.01497 -0.01473 0.00000
0.91258 0.10000 -0.01411 -0.00843 0.00000
0.91971 0.10000 -0.01329 -0.00216 0.00000
0.92644 0.10000 -0.01250 0.00405 0.00000
0.93279 0.10000 -0.01175 0.01015 0.00000
0.93877 0.10000 -0.01103 0.01612 0.00000
0.94439 0.10000 -0.01035 0.02193 0.00000
0.94969 0.10000 -0.00971 0.02756 0.00000
0.95466 0.10000 -0.00910 0.03299 0.00000
0.95934 0.10000 -0.00853 0.03820 0.00000
0.96374 0.10000 -0.00799 0.04319 0.00000
0.96786 0.10000 -0.00748 0.04793 0.00000
0.97174 0.10000 -0.00700 0.05246 0.00000
0.97537 0.10000 -0.00655 0.05676 0.00000
0.97878 0.10000 -0.00613 0.06083 0.00000
0.98198 0.10000 -0.00573 0.06467 0.00000
0.98499 0.10000 -0.00536 0.06825 0.00000
0.98780 0.10000 -0.00502 0.07160 0.00000
0.99044 0.10000 -0.00469 0.07474 0.00000
0.99292 0.10000 -0.00439 0.07770 0.00000
0.99524 0.10000 -0.00410 0.08051 0.00000
0.99742 0.10000 -0.00384 0.08316 0.00000
0.99946 0.10000 -0.00359 0.08568 0.00000
1.00137 0.10000 -0.00335 0.08807 0.00000
1.00317 0.10000 -0.00313 0.09035 0.00000
1.00485 0.10000 -0.00292 0.09252 0.00000
1.00643 0.10000 -0.00273 0.09458 0.00000
1.00791 0.10000 -0.00255 0.09655 0.00000
1.00930 0.10000 -0.00237 0.09842 0.00000
1.01060 0.10000 -0.00221 0.10021 0.00000
1.01183 0.10000 -0.00206 0.10192 0.00000
1.01297 0.10000 -0.00192 0.10354 0.00000
1.01405 0.10000 -0.00178 0.10510 0.00000
1.01506 0.10000 -0.00166 0.10658 0.00000
1.01601 0.10000 -0.00154 0.10800 0.00000
1.01690 0.10000 -0.00143 0.10935 0.00000
1.01773 0.10000 -0.00132 0.11064 0.00000
1.01852 0.10000 -0.00122 0.11187 0.00000
1.01925 0.10000 -0.00113 0.11305 0.00000
1.01994 0.10000 -0.00104 0.11418 0.00000
1.02059 0.10000 -0.00096 0.11525 0.00000
1.02120 0.10000 -0.00088 0.11628 0.00000
1.02177 0.10000 -0.00081 0.11727 0.00000
1.02230 0.10000 -0.00074 0.11821 0.00000
1.02280 0.10000 -0.00068 0.11911 0.00000
1.02327 0.10000 -0.00062 0.11997 0.00000
1.02371 0.10000 -0.00056 0.12079 0.00000
1.02412 0.10000 -0.00051 0.12158 0.00000
1.02450 0.10000 -0.00046 0.12233 0.00000
1.02486 0.10000 -0.00042 0.12305 0.00000
1.02519 0.10000 -0.00037 0.12374 0.00000
1.02550 0.10000 -0.00033 0.12439 0.00000
1.02579 0.10000 -0.00030 0.12502 0.00000
1.02606 0.10000 -0.00026 0.12561 0.00000
1.02631 0.10000 -0.00023 0.12619 0.00000
1.02654 0.10000 -0.00020 0.12672 0.00000
1.02675 0.10000 -0.00017 0.12725 0.00000
1.02694 0.10000 -0.00015 0.12773 0.00000
1.02712 0.10000 -0.00013 0.12821 0.00000
1.02728 0.10000 -0.00010 0.12864 0.00000
1.02743 0.10000 -0.00009 0.12906 0.00000
1.02756 0.10000 -0.00007 0.12944 0.00000
1.02767 0.10000 -0.00005 0.12984 0.00000
1.02777 0.10000 -0.00004 0.13008 0.00000
1.02786 0.10000 -0.00003 0.13044 0.00000
1.02793 0.10000 -0.00002 0.13050 0.00000
1.02799 0.10000 -0.00001 0.13064 0.00000
1.02803 0.10000 -0.00001 0.13038 0.00000
1.02807 0.10000 -0.00000 0.12926 0.00000
1.02809 0.10000 -0.00000 0.12893 0.00000
1.02809 0.10000 0.00000 0.12823 0.00000
1.02809 0.10000 0.00000 0.13030 0.00000
1.02807 0.10000 0.00000 0.12929 0.00000
1.02803 0.10000 0.00001 0.12936 0.00000
1.02799 0.10000 0.00001 0.12937 0.00000
1.02793 0.10000 0.00002 0.12926 0.00000
1.02786 0.10000 0.00003 0.12911 0.00000
1.02777 0.10000 0.00004 0.12887 0.00000
1.02767 0.10000 0.00005 0.12861 0.00000
1.02756 0.10000 0.00007 0.12831 0.00000
1.02743 0.10000 0.00009 0.12798 0.00000
1.02728 0.10000 0.00010 0.12762 0.00000
1.02712 0.10000 0.00013 0.12724 0.00000
1.02694 0.10000 0.00015 0.12682 0.00000
1.02675 0.10000 0.00017 0.12639 0.00000
1.02654 0.10000 0.00020 0.12592 0.00000
1.02631 0.10000 0.00023 0.12542 0.00000
1.02606 0.10000 0.00026 0.12490 0.00000
1.02579 0.10000 0.00030 0.12435 0.00000
1.02550 0.10000 0.00033 0.12376 0.00000
1.02519 0.10000 0.00037 0.12315 0.00000
1.02486 0.10000 0.00042 0.12250 0.00000
1.02450 0.10000 0.00046 0.12182 0.00000
1.02412 0.10000 0.00051 0.12110 0.00000
1.02371 0.10000 0.00056 0.12034 0.00000
1.02327 0.10000 0.00062 0.11955 0.00000
1.02280 0.10000 0.00068 0.11872 0.00000
1.02230 0.10000 0.00074 0.11784 0.00000
1.02177 0.10000 0.00081 0.11692 0.00000
1.02120 0.10000 0.00088 0.11595 0.00000
1.02059 0.10000 0.00096 0.11493 0.00000
1.01994 0.10000 0.00104 0.11386 0.00000
1.01925 0.10000 0.00113 0.11274 0.00000
1.01852 0.10000 0.00122 0.11155 0.00000
1.01773 0.10000 0.00132 0.11031 0.00000
1.01690 0.10000 0.00143 0.10900 0.00000
1.01601 0.10000 0.00154 0.10762 0.00000
1.01506 0.10000 0.00166 0.10617 0.00000
1.01405 0.10000 0.00178 0.10464 0.00000
1.01297 0.10000 0.00192 0.10303 0.00000
1.01183 0.10000 0.00206 0.10133 0.00000
1.01060 0.10000 0.00221 0.09955 0.00000
1.00930 0.10000 0.00237 0.09766 0.00000
1.00791 0.10000 0.00255 0.09567 0.00000
1.00643 0.10000 0.00273 0.09357 0.00000
1.00485 0.10000 0.00292 0.09136 0.00000
1.00317 0.10000 0.00313 0.08902 0.00000

ZONE T="SLICE_Y_0p75_BINS01_KS_1mm_CUTDATA"
1.18928 0.75000 0.00269 0.09659 0.00000
1.18775 0.75000 0.00287 0.09453 0.00000
1.18611 0.75000 0.00308 0.09235 0.00000
1.18437 0.75000 0.00329 0.09003 0.00000
1.18251 0.75000 0.00352 0.08757 0.00000
1.18052 0.75000 0.00376 0.08494 0.00000
1.17841 0.75000 0.00402 0.08215 0.00000
1.17615 0.75000 0.00430 0.07916 0.00000
1.17374 0.75000 0.00459 0.07595 0.00000
1.17118 0.75000 0.00491 0.07251 0.00000
1.16844 0.75000 0.00525 0.06883 0.00000
1.16553 0.75000 0.00561 0.06492 0.00000
1.16243 0.75000 0.00599 0.06076 0.00000
1.15912 0.75000 0.00640 0.05636 0.00000
1.15560 0.75000 0.00684 0.05168 0.00000
1.15185 0.75000 0.00730 0.04674 0.00000
1.14786 0.75000 0.00778 0.04152 0.00000
1.14362 0.75000 0.00830 0.03602 0.00000
1.13911 0.75000 0.00884 0.03026 0.00000
1.13432 0.75000 0.00942 0.02424 0.00000
1.12923 0.75000 0.01002 0.01796 0.00000
1.12384 0.75000 0.01065 0.01144 0.00000
1.11812 0.75000 0.01131 0.00469 0.00000
1.11206 0.75000 0.01200 -0.00225 0.00000
1.10565 0.75000 0.01272 -0.00938 0.00000
1.09888 0.75000 0.01347 -0.01667 0.00000
1.09174 0.75000 0.01424 -0.02411 0.00000
1.08420 0.75000 0.01505 -0.03167 0.00000
1.07626 0.75000 0.01588 -0.03935 0.00000
1.06792 0.75000 0.01674 -0.04714 0.00000
1.05916 0.75000 0.01762 -0.05505 0.00000
1.04998 0.75000 0.01853 -0.06309 0.00000
1.04037 0.75000 0.01946 -0.07129 0.00000
1.03033 0.75000 0.02041 -0.07969 0.00000
1.01987 0.75000 0.02139 -0.08832 0.00000
1.00898 0.75000 0.02239 -0.09724 0.00000
0.99767 0.75000 0.02340 -0.10650 0.00000
0.98596 0.75000 0.02443 -0.11613 0.00000
0.97386 0.75000 0.02548 -0.12619 0.00000
0.96138 0.75000 0.02653 -0.13668 0.00000
0.94854 0.75000 0.02759 -0.14760 0.00000
0.93537 0.75000 0.02864 -0.15894 0.00000
0.92189 0.75000 0.02967 -0.17063 0.00000
0.90814 0.75000 0.03069 -0.18259 0.00000
0.89414 0.75000 0.03167 -0.19469 0.00000
0.87994 0.75000 0.03261 -0.20679 0.00000
0.86556 0.75000 0.03350 -0.21872 0.00000
0.85106 0.75000 0.03432 -0.23030 0.00000
0.83648 0.75000 0.03507 -0.24135 0.00000
0.82185 0.75000 0.03574 -0.25171 0.00000
0.80722 0.75000 0.03632 -0.26124 0.00000
0.79263 0.75000 0.03681 -0.26983 0.00000
0.77813 0.75000 0.03720 -0.27743 0.00000
0.76376 0.75000 0.03750 -0.28404 0.00000
0.74955 0.75000 0.03770 -0.28971 0.00000
0.73556 0.75000 0.03782 -0.29452 0.00000
0.72180 0.75000 0.03784 -0.29859 0.00000
0.70833 0.75000 0.03779 -0.30208 0.00000
0.69516 0.75000 0.03767 -0.30514 0.00000
0.68232 0.75000 0.03748 -0.30793 0.00000
0.66984 0.75000 0.03723 -0.31061 0.00000
0.65773 0.75000 0.03694 -0.31332 0.00000
0.64602 0.75000 0.03660 -0.31616 0.00000
0.63472 0.75000 0.03622 -0.31924 0.00000
0.62383 0.75000 0.03580 -0.32260 0.00000
0.61337 0.75000 0.03536 -0.32630 0.00000
0.60333 0.75000 0.03490 -0.33035 0.00000
0.59372 0.75000 0.03442 -0.33475 0.00000
0.58454 0.75000 0.03392 -0.33948 0.00000
0.57578 0.75000 0.03340 -0.34452 0.00000
0.56743 0.75000 0.03287 -0.34984 0.00000
0.55950 0.75000 0.03234 -0.35541 0.00000
0.55196 0.75000 0.03179 -0.36121 0.00000
0.54481 0.75000 0.03124 -0.36720 0.00000
0.53804 0.75000 0.03069 -0.37339 0.00040
0.53163 0.75000 0.03013 -0.37976 0.00141
0.52558 0.75000 0.02958 -0.38635 0.00268
0.51986 0.75000 0.02903 -0.39319 0.00422
0.51446 0.75000 0.02848 -0.40033 0.00601
0.50938 0.75000 0.02794 -0.40782 0.00806
0.50459 0.75000 0.02740 -0.41578 0.01040
0.50008 0.75000 0.02687 -0.42431 0.01304
0.49584 0.75000 0.02636 -0.43357 0.01596
0.49185 0.75000 0.02585 -0.44373 0.01905
0.48810 0.75000 0.02536 -0.45492 0.02205
0.48458 0.75000 0.02488 -0.46733 0.02452
0.48127 0.75000 0.02441 -0.48126 0.02592
0.47816 0.75000 0.02395 -0.49716 0.02577
0.47525 0.75000 0.02352 -0.51557 0.02382
0.47252 0.75000 0.02310 -0.53679 0.02051
0.46995 0.75000 0.02269 -0.56092 0.01681
0.46754 0.75000 0.02229 -0.58800 0.01383
0.46529 0.75000 0.02191 -0.61776 0.01297
0.46317 0.75000 0.02152 -0.64942 0.01492
0.46119 0.75000 0.02114 -0.68210 0.01910
0.45933 0.75000 0.02076 -0.71478 0.02544
0.45758 0.75000 0.02037 -0.74619 0.03417
0.45595 0.75000 0.01997 -0.77512 0.04516
0.45441 0.75000 0.01956 -0.80051 0.05854
0.45297 0.75000 0.01914 -0.82121 0.07413
0.45162 0.75000 0.01871 -0.83643 0.09142
0.45036 0.75000 0.01827 -0.84572 0.11015
0.44917 0.75000 0.01783 -0.84819 0.13006
0.44806 0.75000 0.01737 -0.84362 0.15064
0.44701 0.75000 0.01691 -0.83255 0.17168
0.44603 0.75000 0.01644 -0.81491 0.19297
0.44511 0.75000 0.01597 -0.79107 0.21410
0.44425 0.75000 0.01550 -0.76192 0.23485
0.44344 0.75000 0.01502 -0.72827 0.25512
0.44268 0.75000 0.01454 -0.69111 0.27469
0.44197 0.75000 0.01407 -0.65104 0.29380
0.44130 0.75000 0.01359 -0.60829 0.31261
0.44067 0.75000 0.01312 -0.56324 0.33086
0.44008 0.75000 0.01265 -0.51645 0.34845
0.43953 0.75000 0.01218 -0.46860 0.36528
0.43901 0.75000 0.01172 -0.42040 0.38123
0.43852 0.75000 0.01126 -0.37222 0.39653
0.43806 0.75000 0.01081 -0.32412 0.41138
0.43764 0.75000 0.01036 -0.27626 0.42565
0.43724 0.75000 0.00992 -0.22869 0.43951
0.43686 0.75000 0.00949 -0.18142 0.45308
0.43651 0.75000 0.00906 -0.13464 0.46617
0.43618 0.75000 0.00863 -0.08845 0.47884
0.43587 0.75000 0.00821 -0.04298 0.49099
0.43559 0.75000 0.00780 0.00158 0.50245
0.43532 0.75000 0.00739 0.04518 0.51340
0.43507 0.75000 0.00698 0.08774 0.52394
0.43484 0.75000 0.00659 0.12937 0.53433
0.43462 0.75000 0.00619 0.17042 0.54497
0.43442 0.75000 0.00580 0.21089 0.55543
0.43424 0.75000 0.00542 0.25026 0.56500
0.43407 0.75000 0.00503 0.28781 0.57309
0.43392 0.75000 0.00466 0.32386 0.58019
0.43377 0.75000 0.00429 0.35965 0.58724
0.43365 0.75000 0.00391 0.39506 0.59365
0.43353 0.75000 0.00354 0.42788 0.59823
0.43343 0.75000 0.00319 0.45722 0.60206
0.43333 0.75000 0.00284 0.48726 0.60891
0.43325 0.75000 0.00247 0.51944 0.61707
0.43318 0.75000 0.00208 0.54716 0.61980
0.43313 0.75000 0.00175 0.56852 0.61976
0.43308 0.75000 0.00146 0.59614 0.62551
0.43304 0.75000 0.00100 0.62563 0.63055
0.43302 0.75000 0.00048 0.65020 0.63016
0.43300 0.75000 0.00012 0.66622 0.63071
0.43300 0.75000 0.00000 0.67708 0.63591
0.43300 0.75000 -0.00012 0.68977 0.64173
0.43302 0.75000 -0.00048 0.70330 0.64442
0.43304 0.75000 -0.00100 0.71761 0.64485
0.43308 0.75000 -0.00146 0.73010 0.64080
0.43313 0.75000 -0.00175 0.74000 0.63317
0.43318 0.75000 -0.00208 0.74642 0.62603
0.43325 0.75000 -0.00247 0.75099 0.62204
0.43333 0.75000 -0.00284 0.75382 0.61993
0.43343 0.75000 -0.00319 0.75518 0.61859
0.43353 0.75000 -0.00354 0.75419 0.61732
0.43365 0.75000 -0.00391 0.75179 0.61474
0.43377 0.75000 -0.00429 0.74736 0.61064
0.43392 0.75000 -0.00466 0.74092 0.60594
0.43407 0.75000 -0.00503 0.73280 0.60133
0.43424 0.75000 -0.00542 0.72268 0.59645
0.43442 0.75000 -0.00580 0.71078 0.59086
0.43462 0.75000 -0.00619 0.69700 0.58456
0.43484 0.75000 -0.00659 0.68158 0.57774
0.43507 0.75000 -0.00698 0.66445 0.57060
0.43532 0.75000 -0.00739 0.64564 0.56300
0.43559 0.75000 -0.00780 0.62509 0.55492
0.43587 0.75000 -0.00821 0.60286 0.54639
0.43618 0.75000 -0.00863 0.57896 0.53729
0.43651 0.75000 -0.00906 0.55346 0.52770
0.43686 0.75000 -0.00949 0.52642 0.51760
0.43724 0.75000 -0.00992 0.49789 0.50692
0.43764 0.75000 -0.01036 0.46795 0.49578
0.43806 0.75000 -0.01081 0.43665 0.48413
0.43852 0.75000 -0.01126 0.40402 0.47188
0.43901 0.75000 -0.01172 0.37017 0.45914
0.43953 0.75000 -0.01218 0.33512 0.44578
0.44008 0.75000 -0.01265 0.29907 0.43157
0.44067 0.75000 -0.01312 0.26236 0.41660
0.44130 0.75000 -0.01359 0.22537 0.40088
0.44197 0.75000 -0.01407 0.18840 0.38451
0.44268 0.75000 -0.01454 0.15172 0.36768
0.44344 0.75000 -0.01502 0.11552 0.35026
0.44425 0.75000 -0.01550 0.08023 0.33206
0.44511 0.75000 -0.01597 0.04648 0.31323
0.44603 0.75000 -0.01644 0.01488 0.29387
0.44701 0.75000 -0.01691 -0.01399 0.27414
0.44806 0.75000 -0.01737 -0.03962 0.25436
0.44917 0.75000 -0.01783 -0.06169 0.23468
0.45036 0.75000 -0.01827 -0.07982 0.21526
0.45162 0.75000 -0.01871 -0.09386 0.19653
0.45297 0.75000 -0.01914 -0.10372 0.17871
0.45441 0.75000 -0.01956 -0.10962 0.16202
0.45595 0.75000 -0.01997 -0.11186 0.14696
0.45758 0.75000 -0.02037 -0.11059 0.13379
0.45933 0.75000 -0.02076 -0.10657 0.12275
0.46119 0.75000 -0.02114 -0.10061 0.11430
0.46317 0.75000 -0.02152 -0.09351 0.10838
0.46529 0.75000 -0.02191 -0.08608 0.10482
0.46754 0.75000 -0.02229 -0.07915 0.10352
0.46995 0.75000 -0.02269 -0.07353 0.10328
0.47252 0.75000 -0.02310 -0.06959 0.10233
0.47525 0.75000 -0.02352 -0.06732 0.09943
0.47816 0.75000 -0.02395 -0.06676 0.09406
0.48127 0.75000 -0.02441 -0.06780 0.08723
0.48458 0.75000 -0.02488 -0.06980 0.08065
0.48810 0.75000 -0.02536 -0.07244 0.07516
0.49185 0.75000 -0.02585 -0.07556 0.07065
0.49584 0.75000 -0.02636 -0.07903 0.06667
0.50008 0.75000 -0.02687 -0.08279 0.06290
0.50459 0.75000 -0.02740 -0.08674 0.05921
0.50938 0.75000 -0.02794 -0.09077 0.05557
0.51446 0.75000 -0.02848 -0.09482 0.05197
0.51986 0.75000 -0.02903 -0.09883 0.04841
0.52558 0.75000 -0.02958 -0.10277 0.04489
0.53163 0.75000 -0.03013 -0.10663 0.04141
0.53804 0.75000 -0.03069 -0.11037 0.03801
0.54481 0.75000 -0.03124 -0.11401 0.03472
0.55196 0.75000 -0.03179 -0.11755 0.03156
0.55950 0.75000 -0.03234 -0.12100 0.02855
0.56743 0.75000 -0.03287 -0.12441 0.02571
0.57578 0.75000 -0.03340 -0.12780 0.02302
0.58454 0.75000 -0.03392 -0.13121 0.02049
0.59372 0.75000 -0.03442 -0.13467 0.01811
0.60333 0.75000 -0.03490 -0.13821 0.01587
0.61337 0.75000 -0.03536 -0.14186 0.01377
0.62383 0.75000 -0.03580 -0.14564 0.01178
0.63472 0.75000 -0.03622 -0.14953 0.00991
0.64602 0.75000 -0.03660 -0.15351 0.00815
0.65773 0.75000 -0.03694 -0.15753 0.00649
0.66984 0.75000 -0.03723 -0.16153 0.00493
0.68232 0.75000 -0.03748 -0.16539 0.00347
0.69516 0.75000 -0.03767 -0.16900 0.00213
0.70833 0.75000 -0.03779 -0.17222 0.00096
0.72180 0.75000 -0.03784 -0.17490 0.00000
0.73556 0.75000 -0.03782 -0.17688 0.00000
0.74955 0.75000 -0.03770 -0.17804 0.00000
0.76376 0.75000 -0.03750 -0.17829 0.00000
0.77813 0.75000 -0.03720 -0.17736 0.00000
0.79263 0.75000 -0.03681 -0.17535 0.00000
0.80722 0.75000 -0.03632 -0.17224 0.00000
0.82185 0.75000 -0.03574 -0.16800 0.00000
0.83648 0.75000 -0.03507 -0.16278 0.00000
0.85106 0.75000 -0.03432 -0.15668 0.00000
0.86556 0.75000 -0.03350 -0.14985 0.00000
0.87994 0.75000 -0.03261 -0.14245 0.00000
0.89414 0.75000 -0.03167 -0.13469 0.00000
0.90814 0.75000 -0.03069 -0.12672 0.00000
0.92189 0.75000 -0.02967 -0.11869 0.00000
0.93537 0.75000 -0.02864 -0.11074 0.00000
0.94854 0.75000 -0.02759 -0.10297 0.00000
0.96138 0.75000 -0.02653 -0.09545 0.00000
0.97386 0.75000 -0.02548 -0.08821 0.00000
0.98596 0.75000 -0.02443 -0.08127 0.00000
0.99767 0.75000 -0.02340 -0.07461 0.00000
1.00898 0.75000 -0.02239 -0.06820 0.00000
1.01987 0.75000 -0.02139 -0.06201 0.00000
1.03033 0.75000 -0.02041 -0.05598 0.00000
1.04037 0.75000 -0.01946 -0.05006 0.00000
1.04998 0.75000 -0.01853 -0.04421 0.00000
1.05916 0.75000 -0.01762 -0.03839 0.00000
1.06792 0.75000 -0.01674 -0.03257 0.00000
1.07626 0.75000 -0.01588 -0.02672 0.00000
1.08420 0.75000 -0.01505 -0.02084 0.00000
1.09174 0.75000 -0.01424 -0.01493 0.00000
1.09888 0.75000 -0.01347 -0.00901 0.00000
1.10565 0.75000 -0.01272 -0.00309 0.00000
1.11206 0.75000 -0.01200 0.00281 0.00000
1.11812 0.75000 -0.01131 0.00865 0.00000
1.12384 0.75000 -0.01065 0.01443 0.00000
1.12923 0.75000 -0.01002 0.02010 0.00000
1.13432 0.75000 -0.00942 0.02564 0.00000
1.13911 0.75000 -0.00884 0.03103 0.00000
1.14362 0.75000 -0.00830 0.03624 0.00000
1.14786 0.75000 -0.00778 0.04127 0.00000
1.15185 0.75000 -0.00730 0.04610 0.00000
1.15560 0.75000 -0.00684 0.05072 0.00000
1.15912 0.75000 -0.00640 0.05513 0.00000
1.16243 0.75000 -0.00599 0.05931 0.00000
1.16553 0.75000 -0.00561 0.06329 0.00000
1.16844 0.75000 -0.00525 0.06706 0.00000
1.17118 0.75000 -0.00491 0.07062 0.00000
1.17374 0.75000 -0.00459 0.07397 0.00000
1.17615 0.75000 -0.00430 0.07709 0.00000
1.17841 0.75000 -0.00402 0.08001 0.00000
1.18052 0.75000 -0.00376 0.08274 0.00000
1.18251 0.75000 -0.00352 0.08531 0.00000
1.18437 0.75000 -0.00329 0.08774 0.00000
1.18611 0.75000 -0.00308 0.09004 0.00000
1.18775 0.75000 -0.00287 0.09222 0.00000
1.18928 0.75000 -0.00269 0.09429 0.00000
1.19072 0.75000 -0.00251 0.09626 0.00000
1.19207 0.75000 -0.00234 0.09813 0.00000
1.19334 0.75000 -0.00219 0.09992 0.00000
1.19452 0.75000 -0.00204 0.10162 0.00000
1.19564 0.75000 -0.00190 0.10324 0.00000
1.19668 0.75000 -0.00177 0.10478 0.00000
1.19766 0.75000 -0.00165 0.10626 0.00000
1.19858 0.75000 -0.00154 0.10767 0.00000
1.19944 0.75000 -0.00143 0.10901 0.00000
1.20025 0.75000 -0.00133 0.11030 0.00000
1.20101 0.75000 -0.00123 0.11152 0.00000
1.20173 0.75000 -0.00114 0.11269 0.00000
1.20240 0.75000 -0.00106 0.11381 0.00000
1.20303 0.75000 -0.00098 0.11488 0.00000
1.20361 0.75000 -0.00090 0.11590 0.00000
1.20417 0.75000 -0.00083 0.11688 0.00000
1.20469 0.75000 -0.00077 0.11781 0.00000
1.20517 0.75000 -0.00071 0.11871 0.00000
1.20563 0.75000 -0.00065 0.11956 0.00000
1.20606 0.75000 -0.00059 0.12038 0.00000
1.20646 0.75000 -0.00054 0.12116 0.00000
1.20683 0.75000 -0.00050 0.12191 0.00000
1.20719 0.75000 -0.00045 0.12262 0.00000
1.20751 0.75000 -0.00041 0.12330 0.00000
1.20782 0.75000 -0.00037 0.12396 0.00000
1.20811 0.75000 -0.00033 0.12458 0.00000
1.20838 0.75000 -0.00030 0.12518 0.00000
1.20862 0.75000 -0.00027 0.12574 0.00000
1.20886 0.75000 -0.00024 0.12629 0.00000
1.20907 0.75000 -0.00021 0.12680 0.00000
1.20927 0.75000 -0.00018 0.12730 0.00000
1.20945 0.75000 -0.00016 0.12776 0.00000
1.20962 0.75000 -0.00014 0.12821 0.00000
1.20978 0.75000 -0.00012 0.12862 0.00000
1.20992 0.75000 -0.00010 0.12903 0.00000
1.21005 0.75000 -0.00008 0.12939 0.00000
1.21016 0.75000 -0.00007 0.12974 0.00000
1.21027 0.75000 -0.00006 0.13004 0.00000
1.21036 0.75000 -0.00004 0.13038 0.00000
1.21044 0.75000 -0.00003 0.13055 0.00000
1.21051 0.75000 -0.00002 0.13083 0.00000
1.21057 0.75000 -0.00002 0.13084 0.00000
1.21062 0.75000 -0.00001 0.13094 0.00000
1.21065 0.75000 -0.00001 0.13052 0.00000
1.21068 0.75000 -0.00000 0.12932 0.00000
1.21069 0.75000 -0.00000 0.12896 0.00000
1.21070 0.75000 0.00000 0.12801 0.00000
1.21069 0.75000 0.00000 0.13024 0.00000
1.21068 0.75000 0.00000 0.12964 0.00000
1.21065 0.75000 0.00001 0.12986 0.00000
1.21062 0.75000 0.00001 0.13001 0.00000
1.21057 0.75000 0.00002 0.13000 0.00000
1.21051 0.75000 0.00002 0.12995 0.00000
1.21044 0.75000 0.00003 0.12980 0.00000
1.21036 0.75000 0.00004 0.12963 0.00000
1.21027 0.75000 0.00006 0.12941 0.00000
1.21016 0.75000 0.00007 0.12916 0.00000
1.21005 0.75000 0.00008 0.12888 0.00000
1.20992 0.75000 0.00010 0.12858 0.00000
1.20978 0.75000 0.00012 0.12826 0.00000
1.20962 0.75000 0.00014 0.12791 0.00000
1.20945 0.75000 0.00016 0.12754 0.00000
1.20927 0.75000 0.00018 0.12715 0.00000
1.20907 0.75000 0.00021 0.12674 0.00000
1.20886 0.75000 0.00024 0.12630 0.00000
1.20862 0.75000 0.00027 0.12584 0.00000
1.20838 0.75000 0.00030 0.12536 0.00000
1.20811 0.75000 0.00033 0.12484 0.00000
1.20782 0.75000 0.00037 0.12430 0.00000
1.20751 0.75000 0.00041 0.12374 0.00000
1.20719 0.75000 0.00045 0.12314 0.00000
1.20683 0.75000 0.00050 0.12252 0.00000
1.20646 0.75000 0.00054 0.12186 0.00000
1.20606 0.75000 0.00059 0.12117 0.00000
1.20563 0.75000 0.00065 0.12045 0.00000
1.20517 0.75000 0.00071 0.11969 0.00000
1.20469 0.75000 0.00077 0.11889 0.00000
1.20417 0.75000 0.00083 0.11805 0.00000
1.20361 0.75000 0.00090 0.11716 0.00000
1.20303 0.75000 0.00098 0.11624 0.00000
1.20240 0.75000 0.00106 0.11526 0.00000
1.20173 0.75000 0.00114 0.11423 0.00000
1.20101 0.75000 0.00123 0.11315 0.00000
1.20025 0.75000 0.00133 0.11201 0.00000
1.19944 0.75000 0.00143 0.11081 0.00000
1.19858 0.75000 0.00154 0.10955 0.00000
1.19766 0.75000 0.00165 0.10822 0.00000
1.19668 0.75000 0.00177 0.10682 0.00000
1.19564 0.75000 0.00190 0.10533 0.00000
1.19452 0.75000 0.00204 0.10377 0.00000
1.19334 0.75000 0.00219 0.10212 0.00000
1.19207 0.75000 0.00234 0.10038 0.00000

ZONE T="SLICE_Y_1p4_BINS01_KS_1mm_CUTDATA"
0.87790 1.40000 0.02225 -0.35164 0.00625
0.87360 1.40000 0.02184 -0.36072 0.00872
0.86954 1.40000 0.02142 -0.37000 0.01134
0.86572 1.40000 0.02102 -0.37953 0.01401
0.86212 1.40000 0.02061 -0.38940 0.01656
0.85872 1.40000 0.02022 -0.39972 0.01870
0.85553 1.40000 0.01983 -0.41063 0.02014
0.85253 1.40000 0.01945 -0.42229 0.02057
0.84971 1.40000 0.01908 -0.43483 0.01975
0.84706 1.40000 0.01871 -0.44844 0.01743
0.84457 1.40000 0.01836 -0.46338 0.01345
0.84224 1.40000 0.01802 -0.48008 0.00802
0.84004 1.40000 0.01769 -0.49901 0.00209
0.83799 1.40000 0.01737 -0.52043 0.00000
0.83606 1.40000 0.01707 -0.54442 0.00000
0.83425 1.40000 0.01677 -0.57103 0.00000
0.83255 1.40000 0.01648 -0.59997 0.00115
0.83096 1.40000 0.01619 -0.63055 0.00725
0.82947 1.40000 0.01591 -0.66195 0.01474
0.82807 1.40000 0.01562 -0.69323 0.02421
0.82675 1.40000 0.01532 -0.72322 0.03628
0.82552 1.40000 0.01502 -0.75080 0.05080
0.82437 1.40000 0.01471 -0.77490 0.06768
0.82329 1.40000 0.01440 -0.79448 0.08660
0.82227 1.40000 0.01408 -0.80876 0.10698
0.82132 1.40000 0.01375 -0.81730 0.12857
0.82043 1.40000 0.01341 -0.81932 0.15111
0.81959 1.40000 0.01307 -0.81442 0.17409
0.81880 1.40000 0.01272 -0.80325 0.19730
0.81807 1.40000 0.01237 -0.78579 0.22058
0.81737 1.40000 0.01201 -0.76234 0.24352
0.81672 1.40000 0.01166 -0.73379 0.26596
0.81612 1.40000 0.01130 -0.70087 0.28777
0.81554 1.40000 0.01094 -0.66456 0.30877
0.81501 1.40000 0.01058 -0.62540 0.32920
0.81450 1.40000 0.01022 -0.58362 0.34922
0.81403 1.40000 0.00987 -0.53961 0.36858
0.81359 1.40000 0.00952 -0.49393 0.38715
0.81317 1.40000 0.00916 -0.44723 0.40489
0.81278 1.40000 0.00882 -0.40018 0.42166
0.81241 1.40000 0.00847 -0.35313 0.43775
0.81207 1.40000 0.00813 -0.30614 0.45340
0.81175 1.40000 0.00780 -0.25938 0.46849
0.81145 1.40000 0.00746 -0.21292 0.48313
0.81117 1.40000 0.00714 -0.16677 0.49738
0.81090 1.40000 0.00681 -0.12111 0.51100
0.81065 1.40000 0.00649 -0.07606 0.52406
0.81042 1.40000 0.00618 -0.03173 0.53659
0.81021 1.40000 0.00587 0.01169 0.54857
0.81001 1.40000 0.00556 0.05416 0.56030
0.80982 1.40000 0.00525 0.09560 0.57180
0.80964 1.40000 0.00495 0.13611 0.58310
0.80948 1.40000 0.00466 0.17600 0.59425
0.80933 1.40000 0.00436 0.21525 0.60465
0.80919 1.40000 0.00407 0.25337 0.61365
0.80907 1.40000 0.00379 0.28973 0.62112
0.80895 1.40000 0.00351 0.32464 0.62800
0.80884 1.40000 0.00323 0.35920 0.63546
0.80875 1.40000 0.00294 0.39322 0.64274
0.80866 1.40000 0.00267 0.42476 0.64824
0.80858 1.40000 0.00240 0.45304 0.65272
0.80851 1.40000 0.00214 0.48196 0.65985
0.80845 1.40000 0.00186 0.51249 0.66812
0.80840 1.40000 0.00156 0.53870 0.67100
0.80836 1.40000 0.00132 0.55930 0.67110
0.80832 1.40000 0.00110 0.58544 0.67683
0.80829 1.40000 0.00075 0.61286 0.68213
0.80827 1.40000 0.00036 0.63575 0.68214
0.80826 1.40000 0.00009 0.65076 0.68248
0.80826 1.40000 0.00000 0.66089 0.68680
0.80826 1.40000 -0.00009 0.67243 0.69181
0.80827 1.40000 -0.00036 0.68454 0.69422
0.80829 1.40000 -0.00075 0.69745 0.69469
0.80832 1.40000 -0.00110 0.70846 0.69087
0.80836 1.40000 -0.00132 0.71680 0.68414
0.80840 1.40000 -0.00156 0.72185 0.67822
0.80845 1.40000 -0.00186 0.72527 0.67437
0.80851 1.40000 -0.00214 0.72700 0.67145
0.80858 1.40000 -0.00240 0.72675 0.66937
0.80866 1.40000 -0.00267 0.72470 0.66775
0.80875 1.40000 -0.00294 0.72085 0.66492
0.80884 1.40000 -0.00323 0.71508 0.66049
0.80895 1.40000 -0.00351 0.70747 0.65538
0.80907 1.40000 -0.00379 0.69812 0.65029
0.80919 1.40000 -0.00407 0.68692 0.64486
0.80933 1.40000 -0.00436 0.67384 0.63870
0.80948 1.40000 -0.00466 0.65895 0.63182
0.80964 1.40000 -0.00495 0.64239 0.62444
0.80982 1.40000 -0.00525 0.62419 0.61675
0.81001 1.40000 -0.00556 0.60430 0.60859
0.81021 1.40000 -0.00587 0.58270 0.59989
0.81042 1.40000 -0.00618 0.55943 0.59073
0.81065 1.40000 -0.00649 0.53452 0.58097
0.81090 1.40000 -0.00681 0.50802 0.57069
0.81117 1.40000 -0.00714 0.48001 0.55990
0.81145 1.40000 -0.00746 0.45052 0.54850
0.81175 1.40000 -0.00780 0.41966 0.53661
0.81207 1.40000 -0.00813 0.38746 0.52418
0.81241 1.40000 -0.00847 0.35396 0.51112
0.81278 1.40000 -0.00882 0.31927 0.49754
0.81317 1.40000 -0.00916 0.28342 0.48328
0.81359 1.40000 -0.00952 0.24660 0.46813
0.81403 1.40000 -0.00987 0.20917 0.45216
0.81450 1.40000 -0.01022 0.17148 0.43539
0.81501 1.40000 -0.01058 0.13388 0.41791
0.81554 1.40000 -0.01094 0.09662 0.39991
0.81612 1.40000 -0.01130 0.05993 0.38125
0.81672 1.40000 -0.01166 0.02422 0.36173
0.81737 1.40000 -0.01201 -0.00989 0.34150
0.81807 1.40000 -0.01237 -0.04178 0.32065
0.81880 1.40000 -0.01272 -0.07088 0.29932
0.81959 1.40000 -0.01307 -0.09667 0.27784
0.82043 1.40000 -0.01341 -0.11883 0.25636
0.82132 1.40000 -0.01375 -0.13702 0.23504
0.82227 1.40000 -0.01408 -0.15105 0.21429
0.82329 1.40000 -0.01440 -0.16093 0.19434
0.82437 1.40000 -0.01471 -0.16677 0.17541
0.82552 1.40000 -0.01502 -0.16880 0.15798
0.82675 1.40000 -0.01532 -0.16750 0.14236
0.82807 1.40000 -0.01562 -0.16343 0.12882
0.82947 1.40000 -0.01591 -0.15736 0.11786
0.83096 1.40000 -0.01619 -0.15016 0.10954
0.83255 1.40000 -0.01648 -0.14259 0.10384
0.83425 1.40000 -0.01677 -0.13547 0.10095
0.83606 1.40000 -0.01707 -0.12959 0.10017
0.83799 1.40000 -0.01737 -0.12529 0.10060
0.84004 1.40000 -0.01769 -0.12263 0.10183
0.84224 1.40000 -0.01802 -0.12164 0.10296
0.84457 1.40000 -0.01836 -0.12208 0.10267
0.84706 1.40000 -0.01871 -0.12351 0.09990
0.84971 1.40000 -0.01908 -0.12557 0.09452
0.85253 1.40000 -0.01945 -0.12802 0.08764
0.85553 1.40000 -0.01983 -0.13076 0.08080
0.85872 1.40000 -0.02022 -0.13370 0.07485
0.86212 1.40000 -0.02061 -0.13671 0.06985
0.86572 1.40000 -0.02102 -0.13969 0.06550
0.86954 1.40000 -0.02142 -0.14256 0.06150
0.87360 1.40000 -0.02184 -0.14524 0.05771
0.87790 1.40000 -0.02225 -0.14771 0.05403
0.88246 1.40000 -0.02267 -0.14992 0.05043
0.88728 1.40000 -0.02309 -0.15187 0.04689
0.89237 1.40000 -0.02350 -0.15355 0.04341
0.89775 1.40000 -0.02392 -0.15497 0.04000
0.90342 1.40000 -0.02433 -0.15616 0.03670
0.90939 1.40000 -0.02473 -0.15717 0.03354
0.91567 1.40000 -0.02513 -0.15804 0.03054
0.92226 1.40000 -0.02551 -0.15882 0.02769
0.92917 1.40000 -0.02589 -0.15956 0.02498
0.93639 1.40000 -0.02626 -0.16031 0.02242
0.94395 1.40000 -0.02660 -0.16112 0.01998
0.95182 1.40000 -0.02693 -0.16201 0.01764
0.96001 1.40000 -0.02724 -0.16301 0.01539
0.96851 1.40000 -0.02753 -0.16410 0.01321
0.97732 1.40000 -0.02779 -0.16525 0.01108
0.98643 1.40000 -0.02801 -0.16642 0.00900
0.99582 1.40000 -0.02819 -0.16752 0.00696
1.00547 1.40000 -0.02834 -0.16847 0.00496
1.01538 1.40000 -0.02843 -0.16914 0.00306
1.02552 1.40000 -0.02847 -0.16941 0.00134
1.03587 1.40000 -0.02845 -0.16916 0.00000
1.04640 1.40000 -0.02836 -0.16822 0.00000
1.05708 1.40000 -0.02821 -0.16653 0.00000
1.06789 1.40000 -0.02799 -0.16400 0.00000
1.07880 1.40000 -0.02769 -0.16060 0.00000
1.08978 1.40000 -0.02732 -0.15630 0.00000
1.10078 1.40000 -0.02689 -0.15115 0.00000
1.11179 1.40000 -0.02639 -0.14523 0.00000
1.12276 1.40000 -0.02582 -0.13866 0.00000
1.13367 1.40000 -0.02520 -0.13157 0.00000
1.14448 1.40000 -0.02453 -0.12411 0.00000
1.15517 1.40000 -0.02383 -0.11644 0.00000
1.16569 1.40000 -0.02309 -0.10872 0.00000
1.17604 1.40000 -0.02232 -0.10107 0.00000
1.18618 1.40000 -0.02154 -0.09360 0.00000
1.19609 1.40000 -0.02075 -0.08640 0.00000
1.20575 1.40000 -0.01996 -0.07951 0.00000
1.21514 1.40000 -0.01917 -0.07297 0.00000
1.22424 1.40000 -0.01838 -0.06676 0.00000
1.23305 1.40000 -0.01760 -0.06088 0.00000
1.24155 1.40000 -0.01684 -0.05528 0.00000
1.24975 1.40000 -0.01609 -0.04991 0.00000
1.25762 1.40000 -0.01536 -0.04473 0.00000
1.26517 1.40000 -0.01464 -0.03966 0.00000
1.27240 1.40000 -0.01394 -0.03467 0.00000
1.27930 1.40000 -0.01325 -0.02971 0.00000
1.28590 1.40000 -0.01259 -0.02474 0.00000
1.29217 1.40000 -0.01195 -0.01974 0.00000
1.29814 1.40000 -0.01132 -0.01469 0.00000
1.30381 1.40000 -0.01072 -0.00960 0.00000
1.30919 1.40000 -0.01013 -0.00447 0.00000
1.31428 1.40000 -0.00957 0.00068 0.00000
1.31910 1.40000 -0.00903 0.00584 0.00000
1.32366 1.40000 -0.00851 0.01098 0.00000
1.32796 1.40000 -0.00801 0.01608 0.00000
1.33202 1.40000 -0.00754 0.02111 0.00000
1.33584 1.40000 -0.00708 0.02604 0.00000
1.33945 1.40000 -0.00665 0.03086 0.00000
1.34284 1.40000 -0.00624 0.03555 0.00000
1.34603 1.40000 -0.00586 0.04008 0.00000
1.34903 1.40000 -0.00549 0.04444 0.00000
1.35185 1.40000 -0.00514 0.04863 0.00000
1.35450 1.40000 -0.00482 0.05264 0.00000
1.35699 1.40000 -0.00451 0.05645 0.00000
1.35933 1.40000 -0.00422 0.06008 0.00000
1.36152 1.40000 -0.00395 0.06354 0.00000
1.36358 1.40000 -0.00369 0.06682 0.00000
1.36550 1.40000 -0.00346 0.06990 0.00000
1.36731 1.40000 -0.00323 0.07278 0.00000
1.36901 1.40000 -0.00302 0.07547 0.00000
1.37060 1.40000 -0.00283 0.07800 0.00000
1.37210 1.40000 -0.00265 0.08039 0.00000
1.37350 1.40000 -0.00247 0.08264 0.00000
1.37481 1.40000 -0.00231 0.08478 0.00000
1.37604 1.40000 -0.00216 0.08681 0.00000
1.37719 1.40000 -0.00202 0.08874 0.00000
1.37828 1.40000 -0.00189 0.09058 0.00000
1.37929 1.40000 -0.00176 0.09232 0.00000
1.38024 1.40000 -0.00165 0.09399 0.00000
1.38114 1.40000 -0.00154 0.09557 0.00000
1.38197 1.40000 -0.00143 0.09709 0.00000
1.38276 1.40000 -0.00133 0.09853 0.00000
1.38350 1.40000 -0.00124 0.09991 0.00000
1.38419 1.40000 -0.00116 0.10122 0.00000
1.38484 1.40000 -0.00107 0.10248 0.00000
1.38545 1.40000 -0.00100 0.10367 0.00000
1.38602 1.40000 -0.00093 0.10482 0.00000
1.38656 1.40000 -0.00086 0.10591 0.00000
1.38706 1.40000 -0.00080 0.10695 0.00000
1.38753 1.40000 -0.00074 0.10794 0.00000
1.38798 1.40000 -0.00068 0.10889 0.00000
1.38839 1.40000 -0.00063 0.10980 0.00000
1.38878 1.40000 -0.00058 0.11066 0.00000
1.38915 1.40000 -0.00053 0.11149 0.00000
1.38949 1.40000 -0.00049 0.11228 0.00000
1.38981 1.40000 -0.00045 0.11303 0.00000
1.39011 1.40000 -0.00041 0.11375 0.00000
1.39040 1.40000 -0.00037 0.11444 0.00000
1.39066 1.40000 -0.00034 0.11510 0.00000
1.39091 1.40000 -0.00031 0.11572 0.00000
1.39114 1.40000 -0.00028 0.11632 0.00000
1.39136 1.40000 -0.00025 0.11689 0.00000
1.39156 1.40000 -0.00022 0.11744 0.00000
1.39174 1.40000 -0.00020 0.11796 0.00000
1.39192 1.40000 -0.00018 0.11846 0.00000
1.39208 1.40000 -0.00016 0.11894 0.00000
1.39223 1.40000 -0.00014 0.11940 0.00000
1.39237 1.40000 -0.00012 0.11984 0.00000
1.39250 1.40000 -0.00010 0.12026 0.00000
1.39261 1.40000 -0.00009 0.12065 0.00000
1.39272 1.40000 -0.00008 0.12104 0.00000
1.39282 1.40000 -0.00006 0.12139 0.00000
1.39290 1.40000 -0.00005 0.12173 0.00000
1.39298 1.40000 -0.00004 0.12201 0.00000
1.39305 1.40000 -0.00003 0.12229 0.00000
1.39311 1.40000 -0.00002 0.12246 0.00000
1.39316 1.40000 -0.00002 0.12264 0.00000
1.39321 1.40000 -0.00001 0.12262 0.00000
1.39324 1.40000 -0.00001 0.12256 0.00000
1.39327 1.40000 -0.00000 0.12220 0.00000
1.39329 1.40000 -0.00000 0.12141 0.00000
1.39330 1.40000 -0.00000 0.12064 0.00000
1.39331 1.40000 0.00000 0.11737 0.00000
1.39330 1.40000 0.00000 0.11899 0.00000
1.39329 1.40000 0.00000 0.11978 0.00000
1.39327 1.40000 0.00000 0.12064 0.00000
1.39324 1.40000 0.00001 0.12107 0.00000
1.39321 1.40000 0.00001 0.12128 0.00000
1.39316 1.40000 0.00002 0.12143 0.00000
1.39311 1.40000 0.00002 0.12144 0.00000
1.39305 1.40000 0.00003 0.12144 0.00000
1.39298 1.40000 0.00004 0.12136 0.00000
1.39290 1.40000 0.00005 0.12126 0.00000
1.39282 1.40000 0.00006 0.12112 0.00000
1.39272 1.40000 0.00008 0.12094 0.00000
1.39261 1.40000 0.00009 0.12073 0.00000
1.39250 1.40000 0.00010 0.12049 0.00000
1.39237 1.40000 0.00012 0.12023 0.00000
1.39223 1.40000 0.00014 0.11994 0.00000
1.39208 1.40000 0.00016 0.11962 0.00000
1.39192 1.40000 0.00018 0.11929 0.00000
1.39174 1.40000 0.00020 0.11892 0.00000
1.39156 1.40000 0.00022 0.11853 0.00000
1.39136 1.40000 0.00025 0.11812 0.00000
1.39114 1.40000 0.00028 0.11768 0.00000
1.39091 1.40000 0.00031 0.11722 0.00000
1.39066 1.40000 0.00034 0.11673 0.00000
1.39040 1.40000 0.00037 0.11621 0.00000
1.39011 1.40000 0.00041 0.11566 0.00000
1.38981 1.40000 0.00045 0.11509 0.00000
1.38949 1.40000 0.00049 0.11449 0.00000
1.38915 1.40000 0.00053 0.11385 0.00000
1.38878 1.40000 0.00058 0.11319 0.00000
1.38839 1.40000 0.00063 0.11249 0.00000
1.38798 1.40000 0.00068 0.11175 0.00000
1.38753 1.40000 0.00074 0.11098 0.00000
1.38706 1.40000 0.00080 0.11017 0.00000
1.38656 1.40000 0.00086 0.10932 0.00000
1.38602 1.40000 0.00093 0.10843 0.00000
1.38545 1.40000 0.00100 0.10749 0.00000
1.38484 1.40000 0.00107 0.10650 0.00000
1.38419 1.40000 0.00116 0.10547 0.00000
1.38350 1.40000 0.00124 0.10438 0.00000
1.38276 1.40000 0.00133 0.10323 0.00000
1.38197 1.40000 0.00143 0.10203 0.00000
1.38114 1.40000 0.00154 0.10076 0.00000
1.38024 1.40000 0.00165 0.09943 0.00000
1.37929 1.40000 0.00176 0.09802 0.00000
1.37828 1.40000 0.00189 0.09654 0.00000
1.37719 1.40000 0.00202 0.09498 0.00000
1.37604 1.40000 0.00216 0.09333 0.00000
1.37481 1.40000 0.00231 0.09159 0.00000
1.37350 1.40000 0.00247 0.08975 0.00000
1.37210 1.40000 0.00265 0.08780 0.00000
1.37060 1.40000 0.00283 0.08574 0.00000
1.36901 1.40000 0.00302 0.08353 0.00000
1.36731 1.40000 0.00323 0.08118 0.00000
1.36550 1.40000 0.00346 0.07867 0.00000
1.36358 1.40000 0.00369 0.07597 0.00000
1.36152 1.40000 0.00395 0.07310 0.00000
1.35933 1.40000 0.00422 0.07004 0.00000
1.35699 1.40000 0.00451 0.06682 0.00000
1.35450 1.40000 0.00482 0.06341 0.00000
1.35185 1.40000 0.00514 0.05981 0.00000
1.34903 1.40000 0.00549 0.05601 0.00000
1.34603 1.40000 0.00586 0.05202 0.00000
1.34284 1.40000 0.00624 0.04784 0.00000
1.33945 1.40000 0.00665 0.04348 0.00000
1.33584 1.40000 0.00708 0.03894 0.00000
1.33202 1.40000 0.00754 0.03424 0.00000
1.32796 1.40000 0.00801 0.02938 0.00000
1.32366 1.40000 0.00851 0.02438 0.00000
1.31910 1.40000 0.00903 0.01926 0.00000
1.31428 1.40000 0.00957 0.01403 0.00000
1.30919 1.40000 0.01013 0.00872 0.00000
1.30381 1.40000 0.01072 0.00332 0.00000
1.29814 1.40000 0.01132 -0.00214 0.00000
1.29217 1.40000 0.01195 -0.00767 0.00000
1.28590 1.40000 0.01259 -0.01327 0.00000
1.27930 1.40000 0.01325 -0.01895 0.00000
1.27240 1.40000 0.01394 -0.02473 0.00000
1.26517 1.40000 0.01464 -0.03065 0.00000
1.25762 1.40000 0.01536 -0.03674 0.00000
1.24975 1.40000 0.01609 -0.04307 0.00000
1.24155 1.40000 0.01684 -0.04968 0.00000
1.23305 1.40000 0.01760 -0.05662 0.00000
1.22424 1.40000 0.01838 -0.06396 0.00000
1.21514 1.40000 0.01917 -0.07174 0.00000
1.20575 1.40000 0.01996 -0.07999 0.00000
1.19609 1.40000 0.02075 -0.08873 0.00000
1.18618 1.40000 0.02154 -0.09794 0.00000
1.17604 1.40000 0.02232 -0.10759 0.00000
1.16569 1.40000 0.02309 -0.11761 0.00000
1.15517 1.40000 0.02383 -0.12790 0.00000
1.14448 1.40000 0.02453 -0.13834 0.00000
1.13367 1.40000 0.02520 -0.14878 0.00000
1.12276 1.40000 0.02582 -0.15905 0.00000
1.11179 1.40000 0.02639 -0.16900 0.00000
1.10078 1.40000 0.02689 -0.17847 0.00000
1.08978 1.40000 0.02732 -0.18734 0.00000
1.07880 1.40000 0.02769 -0.19551 0.00000
1.06789 1.40000 0.02799 -0.20291 0.00000
1.05708 1.40000 0.02821 -0.20954 0.00000
1.04640 1.40000 0.02836 -0.21546 0.00000
1.03587 1.40000 0.02845 -0.22072 0.00000
1.02552 1.40000 0.02847 -0.22544 0.00000
1.01538 1.40000 0.02843 -0.22975 0.00000
1.00547 1.40000 0.02834 -0.23382 0.00000
0.99582 1.40000 0.02819 -0.23777 0.00000
0.98643 1.40000 0.02801 -0.24177 0.00000
0.97732 1.40000 0.02779 -0.24593 0.00000
0.96851 1.40000 0.02753 -0.25037 0.00000
0.96001 1.40000 0.02724 -0.25516 0.00000
0.95182 1.40000 0.02693 -0.26036 0.00000
0.94395 1.40000 0.02660 -0.26601 0.00000
0.93639 1.40000 0.02626 -0.27212 0.00000
0.92917 1.40000 0.02589 -0.27867 0.00000
0.92226 1.40000 0.02551 -0.28565 0.00000
0.91567 1.40000 0.02513 -0.29301 0.00000
0.90939 1.40000 0.02473 -0.30070 0.00000
0.90342 1.40000 0.02433 -0.30869 0.00000
0.89775 1.40000 0.02392 -0.31693 0.00000
0.89237 1.40000 0.02350 -0.32537 0.00040
0.88728 1.40000 0.02309 -0.33397 0.00200

ZONE T="SLICE_Y_0p1_BINS03_KS_1mm_CUTDATA"
0.99946 0.10000 0.00359 0.08394 0.00000
0.99742 0.10000 0.00384 0.08118 0.00000
0.99524 0.10000 0.00410 0.07826 0.00000
0.99292 0.10000 0.00439 0.07516 0.00000
0.99044 0.10000 0.00469 0.07187 0.00000
0.98780 0.10000 0.00502 0.06837 0.00000
0.98499 0.10000 0.00536 0.06464 0.00000
0.98198 0.10000 0.00573 0.06065 0.00000
0.97878 0.10000 0.00613 0.05639 0.00000
0.97537 0.10000 0.00655 0.05185 0.00000
0.97174 0.10000 0.00700 0.04703 0.00000
0.96786 0.10000 0.00748 0.04194 0.00000
0.96374 0.10000 0.00799 0.03657 0.00000
0.95934 0.10000 0.00853 0.03090 0.00000
0.95466 0.10000 0.00910 0.02494 0.00000
0.94969 0.10000 0.00971 0.01869 0.00000
0.94439 0.10000 0.01035 0.01215 0.00000
0.93877 0.10000 0.01103 0.00535 0.00000
0.93279 0.10000 0.01175 -0.00171 0.00000
0.92644 0.10000 0.01250 -0.00899 0.00000
0.91971 0.10000 0.01329 -0.01649 0.00000
0.91258 0.10000 0.01411 -0.02415 0.00000
0.90502 0.10000 0.01497 -0.03196 0.00000
0.89703 0.10000 0.01587 -0.03988 0.00000
0.88858 0.10000 0.01680 -0.04788 0.00000
0.87966 0.10000 0.01777 -0.05592 0.00000
0.87026 0.10000 0.01878 -0.06398 0.00000
0.86035 0.10000 0.01981 -0.07205 0.00000
0.84994 0.10000 0.02088 -0.08012 0.00000
0.83901 0.10000 0.02198 -0.08819 0.00000
0.82755 0.10000 0.02311 -0.09627 0.00000
0.81556 0.10000 0.02428 -0.10440 0.00000
0.80304 0.10000 0.02547 -0.11262 0.00000
0.78998 0.10000 0.02669 -0.12098 0.00000
0.77640 0.10000 0.02793 -0.12952 0.00000
0.76230 0.10000 0.02920 -0.13828 0.00000
0.74768 0.10000 0.03049 -0.14732 0.00000
0.73258 0.10000 0.03179 -0.15668 0.00000
0.71701 0.10000 0.03310 -0.16635 0.00000
0.70099 0.10000 0.03442 -0.17631 0.00000
0.68455 0.10000 0.03573 -0.18654 0.00000
0.66774 0.10000 0.03702 -0.19694 0.00000
0.65058 0.10000 0.03829 -0.20740 0.00000
0.63311 0.10000 0.03952 -0.21780 0.00000
0.61539 0.10000 0.04069 -0.22796 0.00000
0.59746 0.10000 0.04180 -0.23771 0.00000
0.57937 0.10000 0.04283 -0.24687 0.00000
0.56117 0.10000 0.04376 -0.25525 0.00000
0.54291 0.10000 0.04460 -0.26272 0.00000
0.52466 0.10000 0.04532 -0.26915 0.00000
0.50646 0.10000 0.04593 -0.27446 0.00000
0.48837 0.10000 0.04642 -0.27862 0.00000
0.47043 0.10000 0.04679 -0.28168 0.00000
0.45271 0.10000 0.04704 -0.28366 0.00000
0.43525 0.10000 0.04718 -0.28470 0.00000
0.41809 0.10000 0.04722 -0.28496 0.00000
0.40127 0.10000 0.04715 -0.28457 0.00000
0.38484 0.10000 0.04700 -0.28375 0.00000
0.36882 0.10000 0.04676 -0.28271 0.00000
0.35325 0.10000 0.04646 -0.28156 0.00000
0.33814 0.10000 0.04609 -0.28045 0.00000
0.32353 0.10000 0.04566 -0.27949 0.00000
0.30943 0.10000 0.04519 -0.27876 0.00000
0.29584 0.10000 0.04467 -0.27832 0.00000
0.28278 0.10000 0.04413 -0.27821 0.00000
0.27026 0.10000 0.04355 -0.27843 0.00000
0.25827 0.10000 0.04294 -0.27897 0.00000
0.24681 0.10000 0.04232 -0.27983 0.00000
0.23588 0.10000 0.04168 -0.28096 0.00010
0.22547 0.10000 0.04102 -0.28233 0.00033
0.21557 0.10000 0.04035 -0.28392 0.00061
0.20617 0.10000 0.03967 -0.28570 0.00097
0.19725 0.10000 0.03898 -0.28765 0.00183
0.18880 0.10000 0.03829 -0.28975 0.00283
0.18081 0.10000 0.03760 -0.29201 0.00399
0.17325 0.10000 0.03691 -0.29445 0.00527
0.16611 0.10000 0.03622 -0.29710 0.00666
0.15938 0.10000 0.03553 -0.29999 0.00815
0.15304 0.10000 0.03486 -0.30320 0.00975
0.14706 0.10000 0.03419 -0.30680 0.01146
0.14143 0.10000 0.03353 -0.31090 0.01330
0.13614 0.10000 0.03289 -0.31563 0.01532
0.13116 0.10000 0.03225 -0.32116 0.01760
0.12649 0.10000 0.03164 -0.32761 0.02026
0.12209 0.10000 0.03104 -0.33512 0.02347
0.11796 0.10000 0.03045 -0.34395 0.02727
0.11409 0.10000 0.02989 -0.35455 0.03147
0.11045 0.10000 0.02934 -0.36742 0.03546
0.10704 0.10000 0.02882 -0.38290 0.03853
0.10384 0.10000 0.02831 -0.40109 0.04018
0.10084 0.10000 0.02781 -0.42205 0.04039
0.09803 0.10000 0.02733 -0.44550 0.04027
0.09538 0.10000 0.02686 -0.47065 0.04104
0.09291 0.10000 0.02638 -0.49657 0.04311
0.09059 0.10000 0.02590 -0.52229 0.04699
0.08841 0.10000 0.02541 -0.54664 0.05302
0.08637 0.10000 0.02492 -0.56872 0.06101
0.08445 0.10000 0.02441 -0.58767 0.07088
0.08266 0.10000 0.02388 -0.60233 0.08248
0.08098 0.10000 0.02335 -0.61201 0.09616
0.07940 0.10000 0.02280 -0.61620 0.11250
0.07792 0.10000 0.02224 -0.61445 0.12993
0.07653 0.10000 0.02168 -0.60674 0.14804
0.07522 0.10000 0.02110 -0.59319 0.16665
0.07400 0.10000 0.02052 -0.57400 0.18555
0.07285 0.10000 0.01993 -0.54960 0.20435
0.07178 0.10000 0.01933 -0.52071 0.22289
0.07076 0.10000 0.01874 -0.48807 0.24105
0.06982 0.10000 0.01814 -0.45253 0.25863
0.06893 0.10000 0.01755 -0.41459 0.27591
0.06809 0.10000 0.01696 -0.37443 0.29302
0.06731 0.10000 0.01637 -0.33237 0.30958
0.06657 0.10000 0.01578 -0.28898 0.32557
0.06588 0.10000 0.01520 -0.24485 0.34097
0.06523 0.10000 0.01462 -0.20061 0.35556
0.06463 0.10000 0.01405 -0.15661 0.36975
0.06406 0.10000 0.01349 -0.11287 0.38363
0.06352 0.10000 0.01293 -0.06951 0.39683
0.06302 0.10000 0.01238 -0.02659 0.40966
0.06256 0.10000 0.01184 0.01589 0.42218
0.06212 0.10000 0.01130 0.05780 0.43418
0.06171 0.10000 0.01077 0.09906 0.44567
0.06132 0.10000 0.01024 0.13954 0.45673
0.06097 0.10000 0.00973 0.17910 0.46747
0.06063 0.10000 0.00922 0.21765 0.47798
0.06032 0.10000 0.00871 0.25515 0.48796
0.06003 0.10000 0.00822 0.29166 0.49748
0.05976 0.10000 0.00773 0.32749 0.50694
0.05952 0.10000 0.00724 0.36265 0.51616
0.05929 0.10000 0.00676 0.39669 0.52481
0.05908 0.10000 0.00628 0.42898 0.53264
0.05888 0.10000 0.00581 0.45982 0.54020
0.05871 0.10000 0.00535 0.49021 0.54800
0.05854 0.10000 0.00488 0.52006 0.55472
0.05840 0.10000 0.00442 0.54753 0.55902
0.05827 0.10000 0.00397 0.57195 0.56220
0.05816 0.10000 0.00355 0.59673 0.56802
0.05806 0.10000 0.00308 0.62281 0.57513
0.05797 0.10000 0.00259 0.64502 0.57746
0.05790 0.10000 0.00219 0.66214 0.57727
0.05784 0.10000 0.00183 0.68375 0.58190
0.05779 0.10000 0.00125 0.70585 0.58498
0.05776 0.10000 0.00060 0.72397 0.58272
0.05774 0.10000 0.00015 0.73575 0.58240
0.05773 0.10000 0.00000 0.74341 0.58730
0.05774 0.10000 -0.00015 0.75184 0.59358
0.05776 0.10000 -0.00060 0.76079 0.59820
0.05779 0.10000 -0.00125 0.76952 0.60111
0.05784 0.10000 -0.00183 0.77626 0.59919
0.05790 0.10000 -0.00219 0.78082 0.59308
0.05797 0.10000 -0.00259 0.78286 0.58667
0.05806 0.10000 -0.00308 0.78356 0.58218
0.05816 0.10000 -0.00355 0.78216 0.57904
0.05827 0.10000 -0.00397 0.77926 0.57697
0.05840 0.10000 -0.00442 0.77473 0.57530
0.05854 0.10000 -0.00488 0.76830 0.57241
0.05871 0.10000 -0.00535 0.76008 0.56804
0.05888 0.10000 -0.00581 0.75013 0.56317
0.05908 0.10000 -0.00628 0.73871 0.55845
0.05929 0.10000 -0.00676 0.72554 0.55345
0.05952 0.10000 -0.00724 0.71063 0.54772
0.05976 0.10000 -0.00773 0.69406 0.54132
0.06003 0.10000 -0.00822 0.67602 0.53450
0.06032 0.10000 -0.00871 0.65651 0.52736
0.06063 0.10000 -0.00922 0.63547 0.51968
0.06097 0.10000 -0.00973 0.61290 0.51155
0.06132 0.10000 -0.01024 0.58882 0.50312
0.06171 0.10000 -0.01077 0.56327 0.49423
0.06212 0.10000 -0.01130 0.53633 0.48487
0.06256 0.10000 -0.01184 0.50805 0.47499
0.06302 0.10000 -0.01238 0.47850 0.46455
0.06352 0.10000 -0.01293 0.44776 0.45371
0.06406 0.10000 -0.01349 0.41586 0.44242
0.06463 0.10000 -0.01405 0.38286 0.43057
0.06523 0.10000 -0.01462 0.34884 0.41828
0.06588 0.10000 -0.01520 0.31385 0.40544
0.06657 0.10000 -0.01578 0.27806 0.39178
0.06731 0.10000 -0.01637 0.24185 0.37744
0.06809 0.10000 -0.01696 0.20559 0.36245
0.06893 0.10000 -0.01755 0.16961 0.34690
0.06982 0.10000 -0.01814 0.13416 0.33098
0.07076 0.10000 -0.01874 0.09943 0.31453
0.07178 0.10000 -0.01933 0.06583 0.29750
0.07285 0.10000 -0.01993 0.03401 0.27992
0.07400 0.10000 -0.02052 0.00455 0.26183
0.07522 0.10000 -0.02110 -0.02195 0.24368
0.07653 0.10000 -0.02168 -0.04504 0.22580
0.07792 0.10000 -0.02224 -0.06440 0.20807
0.07940 0.10000 -0.02280 -0.07977 0.19059
0.08098 0.10000 -0.02335 -0.09097 0.17395
0.08266 0.10000 -0.02388 -0.09808 0.15843
0.08445 0.10000 -0.02441 -0.10122 0.14422
0.08637 0.10000 -0.02492 -0.10062 0.13169
0.08841 0.10000 -0.02541 -0.09680 0.12101
0.09059 0.10000 -0.02590 -0.09034 0.11228
0.09291 0.10000 -0.02638 -0.08211 0.10577
0.09538 0.10000 -0.02686 -0.07305 0.10117
0.09803 0.10000 -0.02733 -0.06388 0.09795
0.10084 0.10000 -0.02781 -0.05540 0.09548
0.10384 0.10000 -0.02831 -0.04834 0.09229
0.10704 0.10000 -0.02882 -0.04299 0.08747
0.11045 0.10000 -0.02934 -0.03950 0.08176
0.11409 0.10000 -0.02989 -0.03792 0.07616
0.11796 0.10000 -0.03045 -0.03794 0.07117
0.12209 0.10000 -0.03104 -0.03909 0.06691
0.12649 0.10000 -0.03164 -0.04098 0.06321
0.13116 0.10000 -0.03225 -0.04341 0.05984
0.13614 0.10000 -0.03289 -0.04630 0.05662
0.14143 0.10000 -0.03353 -0.04956 0.05345
0.14706 0.10000 -0.03419 -0.05308 0.05030
0.15304 0.10000 -0.03486 -0.05676 0.04717
0.15938 0.10000 -0.03553 -0.06056 0.04409
0.16611 0.10000 -0.03622 -0.06441 0.04104
0.17325 0.10000 -0.03691 -0.06829 0.03803
0.18081 0.10000 -0.03760 -0.07217 0.03509
0.18880 0.10000 -0.03829 -0.07606 0.03222
0.19725 0.10000 -0.03898 -0.07994 0.02947
0.20617 0.10000 -0.03967 -0.08381 0.02684
0.21557 0.10000 -0.04035 -0.08771 0.02433
0.22547 0.10000 -0.04102 -0.09165 0.02191
0.23588 0.10000 -0.04168 -0.09567 0.01962
0.24681 0.10000 -0.04232 -0.09981 0.01751
0.25827 0.10000 -0.04294 -0.10410 0.01555
0.27026 0.10000 -0.04355 -0.10857 0.01372
0.28278 0.10000 -0.04413 -0.11325 0.01200
0.29584 0.10000 -0.04467 -0.11817 0.01040
0.30943 0.10000 -0.04519 -0.12331 0.00892
0.32353 0.10000 -0.04566 -0.12867 0.00752
0.33814 0.10000 -0.04609 -0.13418 0.00620
0.35325 0.10000 -0.04646 -0.13978 0.00494
0.36882 0.10000 -0.04676 -0.14538 0.00376
0.38484 0.10000 -0.04700 -0.15083 0.00265
0.40127 0.10000 -0.04715 -0.15601 0.00163
0.41809 0.10000 -0.04722 -0.16074 0.00073
0.43525 0.10000 -0.04718 -0.16487 0.00035
0.45271 0.10000 -0.04704 -0.16820 0.00007
0.47043 0.10000 -0.04679 -0.17060 0.00000
0.48837 0.10000 -0.04642 -0.17198 0.00000
0.50646 0.10000 -0.04593 -0.17226 0.00000
0.52466 0.10000 -0.04532 -0.17134 0.00000
0.54291 0.10000 -0.04460 -0.16924 0.00000
0.56117 0.10000 -0.04376 -0.16603 0.00000
0.57937 0.10000 -0.04283 -0.16183 0.00000
0.59746 0.10000 -0.04180 -0.15677 0.00000
0.61539 0.10000 -0.04069 -0.15100 0.00000
0.63311 0.10000 -0.03952 -0.14470 0.00000
0.65058 0.10000 -0.03829 -0.13806 0.00000
0.66774 0.10000 -0.03702 -0.13122 0.00000
0.68455 0.10000 -0.03573 -0.12432 0.00000
0.70099 0.10000 -0.03442 -0.11748 0.00000
0.71701 0.10000 -0.03310 -0.11078 0.00000
0.73258 0.10000 -0.03179 -0.10427 0.00000
0.74768 0.10000 -0.03049 -0.09796 0.00000
0.76230 0.10000 -0.02920 -0.09186 0.00000
0.77640 0.10000 -0.02793 -0.08593 0.00000
0.78998 0.10000 -0.02669 -0.08013 0.00000
0.80304 0.10000 -0.02547 -0.07443 0.00000
0.81556 0.10000 -0.02428 -0.06876 0.00000
0.82755 0.10000 -0.02311 -0.06308 0.00000
0.83901 0.10000 -0.02198 -0.05735 0.00000
0.84994 0.10000 -0.02088 -0.05154 0.00000
0.86035 0.10000 -0.01981 -0.04563 0.00000
0.87026 0.10000 -0.01878 -0.03962 0.00000
0.87966 0.10000 -0.01777 -0.03350 0.00000
0.88858 0.10000 -0.01680 -0.02730 0.00000
0.89703 0.10000 -0.01587 -0.02103 0.00000
0.90502 0.10000 -0.01497 -0.01473 0.00000
0.91258 0.10000 -0.01411 -0.00843 0.00000
0.91971 0.10000 -0.01329 -0.00216 0.00000
0.92644 0.10000 -0.01250 0.00405 0.00000
0.93279 0.10000 -0.01175 0.01015 0.00000
0.93877 0.10000 -0.01103 0.01612 0.00000
0.94439 0.10000 -0.01035 0.02193 0.00000
0.94969 0.10000 -0.00971 0.02756 0.00000
0.95466 0.10000 -0.00910 0.03299 0.00000
0.95934 0.10000 -0.00853 0.03820 0.00000
0.96374 0.10000 -0.00799 0.04319 0.00000
0.96786 0.10000 -0.00748 0.04793 0.00000
0.97174 0.10000 -0.00700 0.05246 0.00000
0.97537 0.10000 -0.00655 0.05676 0.00000
0.97878 0.10000 -0.00613 0.06083 0.00000
0.98198 0.10000 -0.00573 0.06467 0.00000
0.98499 0.10000 -0.00536 0.06825 0.00000
0.98780 0.10000 -0.00502 0.07160 0.00000
0.99044 0.10000 -0.00469 0.07474 0.00000
0.99292 0.10000 -0.00439 0.07770 0.00000
0.99524 0.10000 -0.00410 0.08051 0.00000
0.99742 0.10000 -0.00384 0.08316 0.00000
0.99946 0.10000 -0.00359 0.08568 0.00000
1.00137 0.10000 -0.00335 0.08807 0.00000
1.00317 0.10000 -0.00313 0.09035 0.00000
1.00485 0.10000 -0.00292 0.09252 0.00000
1.00643 0.10000 -0.00273 0.09458 0.00000
1.00791 0.10000 -0.00255 0.09655 0.00000
1.00930 0.10000 -0.00237 0.09842 0.00000
1.01060 0.10000 -0.00221 0.10021 0.00000
1.01183 0.10000 -0.00206 0.10192 0.00000
1.01297 0.10000 -0.00192 0.10354 0.00000
1.01405 0.10000 -0.00178 0.10510 0.00000
1.01506 0.10000 -0.00166 0.10658 0.00000
1.01601 0.10000 -0.00154 0.10800 0.00000
1.01690 0.10000 -0.00143 0.10935 0.00000
1.01773 0.10000 -0.00132 0.11064 0.00000
1.01852 0.10000 -0.00122 0.11187 0.00000
1.01925 0.10000 -0.00113 0.11305 0.00000
1.01994 0.10000 -0.00104 0.11418 0.00000
1.02059 0.10000 -0.00096 0.11525 0.00000
1.02120 0.10000 -0.00088 0.11628 0.00000
1.02177 0.10000 -0.00081 0.11727 0.00000
1.02230 0.10000 -0.00074 0.11821 0.00000
1.02280 0.10000 -0.00068 0.11911 0.00000
1.02327 0.10000 -0.00062 0.11997 0.00000
1.02371 0.10000 -0.00056 0.12079 0.00000
1.02412 0.10000 -0.00051 0.12158 0.00000
1.02450 0.10000 -0.00046 0.12233 0.00000
1.02486 0.10000 -0.00042 0.12305 0.00000
1.02519 0.10000 -0.00037 0.12374 0.00000
1.02550 0.10000 -0.00033 0.12439 0.00000
1.02579 0.10000 -0.00030 0.12502 0.00000
1.02606 0.10000 -0.00026 0.12561 0.00000
1.02631 0.10000 -0.00023 0.12619 0.00000
1.02654 0.10000 -0.00020 0.12672 0.00000
1.02675 0.10000 -0.00017 0.12725 0.00000
1.02694 0.10000 -0.00015 0.12773 0.00000
1.02712 0.10000 -0.00013 0.12821 0.00000
1.02728 0.10000 -0.00010 0.12864 0.00000
1.02743 0.10000 -0.00009 0.12906 0.00000
1.02756 0.10000 -0.00007 0.12944 0.00000
1.02767 0.10000 -0.00005 0.12984 0.00000
1.02777 0.10000 -0.00004 0.13008 0.00000
1.02786 0.10000 -0.00003 0.13044 0.00000
1.02793 0.10000 -0.00002 0.13050 0.00000
1.02799 0.10000 -0.00001 0.13064 0.00000
1.02803 0.10000 -0.00001 0.13038 0.00000
1.02807 0.10000 -0.00000 0.12926 0.00000
1.02809 0.10000 -0.00000 0.12893 0.00000
1.02809 0.10000 0.00000 0.12823 0.00000
1.02809 0.10000 0.00000 0.13030 0.00000
1.02807 0.10000 0.00000 0.12929 0.00000
1.02803 0.10000 0.00001 0.12936 0.00000
1.02799 0.10000 0.00001 0.12937 0.00000
1.02793 0.10000 0.00002 0.12926 0.00000
1.02786 0.10000 0.00003 0.12911 0.00000
1.02777 0.10000 0.00004 0.12887 0.00000
1.02767 0.10000 0.00005 0.12861 0.00000
1.02756 0.10000 0.00007 0.12831 0.00000
1.02743 0.10000 0.00009 0.12798 0.00000
1.02728 0.10000 0.00010 0.12762 0.00000
1.02712 0.10000 0.00013 0.12724 0.00000
1.02694 0.10000 0.00015 0.12682 0.00000
1.02675 0.10000 0.00017 0.12639 0.00000
1.02654 0.10000 0.00020 0.12592 0.00000
1.02631 0.10000 0.00023 0.12542 0.00000
1.02606 0.10000 0.00026 0.12490 0.00000
1.02579 0.10000 0.00030 0.12435 0.00000
1.02550 0.10000 0.00033 0.12376 0.00000
1.02519 0.10000 0.00037 0.12315 0.00000
1.02486 0.10000 0.00042 0.12250 0.00000
1.02450 0.10000 0.00046 0.12182 0.00000
1.02412 0.10000 0.00051 0.12110 0.00000
1.02371 0.10000 0.00056 0.12034 0.00000
1.02327 0.10000 0.00062 0.11955 0.00000
1.02280 0.10000 0.00068 0.11872 0.00000
1.02230 0.10000 0.00074 0.11784 0.00000
1.02177 0.10000 0.00081 0.11692 0.00000
1.02120 0.10000 0.00088 0.11595 0.00000
1.02059 0.10000 0.00096 0.11493 0.00000
1.01994 0.10000 0.00104 0.11386 0.00000
1.01925 0.10000 0.00113 0.11274 0.00000
1.01852 0.10000 0.00122 0.11155 0.00000
1.01773 0.10000 0.00132 0.11031 0.00000
1.01690 0.10000 0.00143 0.10900 0.00000
1.01601 0.10000 0.00154 0.10762 0.00000
1.01506 0.10000 0.00166 0.10617 0.00000
1.01405 0.10000 0.00178 0.10464 0.00000
1.01297 0.10000 0.00192 0.10303 0.00000
1.01183 0.10000 0.00206 0.10133 0.00000
1.01060 0.10000 0.00221 0.09955 0.00000
1.00930 0.10000 0.00237 0.09766 0.00000
1.00791 0.10000 0.00255 0.09567 0.00000
1.00643 0.10000 0.00273 0.09357 0.00000
1.00485 0.10000 0.00292 0.09136 0.00000
1.00317 0.10000 0.00313 0.08902 0.00000

ZONE T="SLICE_Y_0p75_BINS03_KS_1mm_CUTDATA"
1.18928 0.75000 0.00269 0.09659 0.00000
1.18775 0.75000 0.00287 0.09453 0.00000
1.18611 0.75000 0.00308 0.09235 0.00000
1.18437 0.75000 0.00329 0.09003 0.00000
1.18251 0.75000 0.00352 0.08757 0.00000
1.18052 0.75000 0.00376 0.08494 0.00000
1.17841 0.75000 0.00402 0.08215 0.00000
1.17615 0.75000 0.00430 0.07916 0.00000
1.17374 0.75000 0.00459 0.07595 0.00000
1.17118 0.75000 0.00491 0.07251 0.00000
1.16844 0.75000 0.00525 0.06883 0.00000
1.16553 0.75000 0.00561 0.06492 0.00000
1.16243 0.75000 0.00599 0.06076 0.00000
1.15912 0.75000 0.00640 0.05636 0.00000
1.15560 0.75000 0.00684 0.05168 0.00000
1.15185 0.75000 0.00730 0.04674 0.00000
1.14786 0.75000 0.00778 0.04152 0.00000
1.14362 0.75000 0.00830 0.03602 0.00000
1.13911 0.75000 0.00884 0.03026 0.00000
1.13432 0.75000 0.00942 0.02424 0.00000
1.12923 0.75000 0.01002 0.01796 0.00000
1.12384 0.75000 0.01065 0.01144 0.00000
1.11812 0.75000 0.01131 0.00469 0.00000
1.11206 0.75000 0.01200 -0.00225 0.00000
1.10565 0.75000 0.01272 -0.00938 0.00000
1.09888 0.75000 0.01347 -0.01667 0.00000
1.09174 0.75000 0.01424 -0.02411 0.00000
1.08420 0.75000 0.01505 -0.03167 0.00000
1.07626 0.75000 0.01588 -0.03935 0.00000
1.06792 0.75000 0.01674 -0.04714 0.00000
1.05916 0.75000 0.01762 -0.05505 0.00000
1.04998 0.75000 0.01853 -0.06309 0.00000
1.04037 0.75000 0.01946 -0.07129 0.00000
1.03033 0.75000 0.02041 -0.07969 0.00000
1.01987 0.75000 0.02139 -0.08832 0.00000
1.00898 0.75000 0.02239 -0.09724 0.00000
0.99767 0.75000 0.02340 -0.10650 0.00000
0.98596 0.75000 0.02443 -0.11613 0.00000
0.97386 0.75000 0.02548 -0.12619 0.00000
0.96138 0.75000 0.02653 -0.13668 0.00000
0.94854 0.75000 0.02759 -0.14760 0.00000
0.93537 0.75000 0.02864 -0.15894 0.00000
0.92189 0.75000 0.02967 -0.17063 0.00000
0.90814 0.75000 0.03069 -0.18259 0.00000
0.89414 0.75000 0.03167 -0.19469 0.00000
0.87994 0.75000 0.03261 -0.20679 0.00000
0.86556 0.75000 0.03350 -0.21872 0.00000
0.85106 0.75000 0.03432 -0.23030 0.00000
0.83648 0.75000 0.03507 -0.24135 0.00000
0.82185 0.75000 0.03574 -0.25171 0.00000
0.80722 0.75000 0.03632 -0.26124 0.00000
0.79263 0.75000 0.03681 -0.26983 0.00000
0.77813 0.75000 0.03720 -0.27743 0.00000
0.76376 0.75000 0.03750 -0.28404 0.00000
0.74955 0.75000 0.03770 -0.28971 0.00000
0.73556 0.75000 0.03782 -0.29452 0.00000
0.72180 0.75000 0.03784 -0.29859 0.00000
0.70833 0.75000 0.03779 -0.30208 0.00000
0.69516 0.75000 0.03767 -0.30514 0.00000
0.68232 0.75000 0.03748 -0.30793 0.00000
0.66984 0.75000 0.03723 -0.31061 0.00000
0.65773 0.75000 0.03694 -0.31332 0.00000
0.64602 0.75000 0.03660 -0.31616 0.00000
0.63472 0.75000 0.03622 -0.31924 0.00000
0.62383 0.75000 0.03580 -0.32260 0.00000
0.61337 0.75000 0.03536 -0.32630 0.00000
0.60333 0.75000 0.03490 -0.33035 0.00000
0.59372 0.75000 0.03442 -0.33475 0.00000
0.58454 0.75000 0.03392 -0.33948 0.00000
0.57578 0.75000 0.03340 -0.34452 0.00000
0.56743 0.75000 0.03287 -0.34984 0.00016
0.55950 0.75000 0.03234 -0.35541 0.00041
0.55196 0.75000 0.03179 -0.36121 0.00070
0.54481 0.75000 0.03124 -0.36720 0.00102
0.53804 0.75000 0.03069 -0.37339 0.00164
0.53163 0.75000 0.03013 -0.37976 0.00268
0.52558 0.75000 0.02958 -0.38635 0.00392
0.51986 0.75000 0.02903 -0.39319 0.00535
0.51446 0.75000 0.02848 -0.40033 0.00698
0.50938 0.75000 0.02794 -0.40782 0.00881
0.50459 0.75000 0.02740 -0.41578 0.01088
0.50008 0.75000 0.02687 -0.42431 0.01322
0.49584 0.75000 0.02636 -0.43357 0.01582
0.49185 0.75000 0.02585 -0.44373 0.01865
0.48810 0.75000 0.02536 -0.45492 0.02152
0.48458 0.75000 0.02488 -0.46733 0.02411
0.48127 0.75000 0.02441 -0.48126 0.02593
0.47816 0.75000 0.02395 -0.49716 0.02648
0.47525 0.75000 0.02352 -0.51557 0.02547
0.47252 0.75000 0.02310 -0.53679 0.02322
0.46995 0.75000 0.02269 -0.56092 0.02055
0.46754 0.75000 0.02229 -0.58800 0.01831
0.46529 0.75000 0.02191 -0.61776 0.01769
0.46317 0.75000 0.02152 -0.64942 0.01935
0.46119 0.75000 0.02114 -0.68210 0.02295
0.45933 0.75000 0.02076 -0.71478 0.02848
0.45758 0.75000 0.02037 -0.74619 0.03609
0.45595 0.75000 0.01997 -0.77512 0.04565
0.45441 0.75000 0.01956 -0.80051 0.05717
0.45297 0.75000 0.01914 -0.82121 0.07051
0.45162 0.75000 0.01871 -0.83643 0.08521
0.45036 0.75000 0.01827 -0.84572 0.10135
0.44917 0.75000 0.01783 -0.84819 0.12085
0.44806 0.75000 0.01737 -0.84362 0.14109
0.44701 0.75000 0.01691 -0.83255 0.16175
0.44603 0.75000 0.01644 -0.81491 0.18272
0.44511 0.75000 0.01597 -0.79107 0.20360
0.44425 0.75000 0.01550 -0.76192 0.22419
0.44344 0.75000 0.01502 -0.72827 0.24431
0.44268 0.75000 0.01454 -0.69111 0.26376
0.44197 0.75000 0.01407 -0.65104 0.28277
0.44130 0.75000 0.01359 -0.60829 0.30150
0.44067 0.75000 0.01312 -0.56324 0.31970
0.44008 0.75000 0.01265 -0.51645 0.33724
0.43953 0.75000 0.01218 -0.46860 0.35407
0.43901 0.75000 0.01172 -0.42040 0.37009
0.43852 0.75000 0.01126 -0.37222 0.38546
0.43806 0.75000 0.01081 -0.32412 0.40036
0.43764 0.75000 0.01036 -0.27626 0.41464
0.43724 0.75000 0.00992 -0.22869 0.42847
0.43686 0.75000 0.00949 -0.18142 0.44207
0.43651 0.75000 0.00906 -0.13464 0.45520
0.43618 0.75000 0.00863 -0.08845 0.46783
0.43587 0.75000 0.00821 -0.04298 0.47994
0.43559 0.75000 0.00780 0.00158 0.49144
0.43532 0.75000 0.00739 0.04518 0.50246
0.43507 0.75000 0.00698 0.08774 0.51301
0.43484 0.75000 0.00659 0.12937 0.52344
0.43462 0.75000 0.00619 0.17042 0.53413
0.43442 0.75000 0.00580 0.21089 0.54455
0.43424 0.75000 0.00542 0.25026 0.55398
0.43407 0.75000 0.00503 0.28781 0.56206
0.43392 0.75000 0.00466 0.32386 0.56932
0.43377 0.75000 0.00429 0.35965 0.57666
0.43365 0.75000 0.00391 0.39506 0.58340
0.43353 0.75000 0.00354 0.42788 0.58824
0.43343 0.75000 0.00319 0.45722 0.59222
0.43333 0.75000 0.00284 0.48726 0.59918
0.43325 0.75000 0.00247 0.51944 0.60745
0.43318 0.75000 0.00208 0.54716 0.61029
0.43313 0.75000 0.00175 0.56852 0.61030
0.43308 0.75000 0.00146 0.59614 0.61623
0.43304 0.75000 0.00100 0.62563 0.62163
0.43302 0.75000 0.00048 0.65020 0.62159
0.43300 0.75000 0.00012 0.66622 0.62229
0.43300 0.75000 0.00000 0.67708 0.62754
0.43300 0.75000 -0.00012 0.68977 0.63326
0.43302 0.75000 -0.00048 0.70330 0.63545
0.43304 0.75000 -0.00100 0.71761 0.63507
0.43308 0.75000 -0.00146 0.73010 0.63025
0.43313 0.75000 -0.00175 0.74000 0.62250
0.43318 0.75000 -0.00208 0.74642 0.61603
0.43325 0.75000 -0.00247 0.75099 0.61292
0.43333 0.75000 -0.00284 0.75382 0.61131
0.43343 0.75000 -0.00319 0.75518 0.61004
0.43353 0.75000 -0.00354 0.75419 0.60873
0.43365 0.75000 -0.00391 0.75179 0.60610
0.43377 0.75000 -0.00429 0.74736 0.60192
0.43392 0.75000 -0.00466 0.74092 0.59715
0.43407 0.75000 -0.00503 0.73280 0.59250
0.43424 0.75000 -0.00542 0.72268 0.58763
0.43442 0.75000 -0.00580 0.71078 0.58206
0.43462 0.75000 -0.00619 0.69700 0.57575
0.43484 0.75000 -0.00659 0.68158 0.56891
0.43507 0.75000 -0.00698 0.66445 0.56173
0.43532 0.75000 -0.00739 0.64564 0.55412
0.43559 0.75000 -0.00780 0.62509 0.54604
0.43587 0.75000 -0.00821 0.60286 0.53749
0.43618 0.75000 -0.00863 0.57896 0.52836
0.43651 0.75000 -0.00906 0.55346 0.51876
0.43686 0.75000 -0.00949 0.52642 0.50866
0.43724 0.75000 -0.00992 0.49789 0.49801
0.43764 0.75000 -0.01036 0.46795 0.48690
0.43806 0.75000 -0.01081 0.43665 0.47526
0.43852 0.75000 -0.01126 0.40402 0.46303
0.43901 0.75000 -0.01172 0.37017 0.45030
0.43953 0.75000 -0.01218 0.33512 0.43694
0.44008 0.75000 -0.01265 0.29907 0.42279
0.44067 0.75000 -0.01312 0.26236 0.40785
0.44130 0.75000 -0.01359 0.22537 0.39216
0.44197 0.75000 -0.01407 0.18840 0.37582
0.44268 0.75000 -0.01454 0.15172 0.35906
0.44344 0.75000 -0.01502 0.11552 0.34172
0.44425 0.75000 -0.01550 0.08023 0.32362
0.44511 0.75000 -0.01597 0.04648 0.30491
0.44603 0.75000 -0.01644 0.01488 0.28565
0.44701 0.75000 -0.01691 -0.01399 0.26602
0.44806 0.75000 -0.01737 -0.03962 0.24641
0.44917 0.75000 -0.01783 -0.06169 0.22695
0.45036 0.75000 -0.01827 -0.07982 0.20774
0.45162 0.75000 -0.01871 -0.09386 0.18920
0.45297 0.75000 -0.01914 -0.10372 0.17160
0.45441 0.75000 -0.01956 -0.10962 0.15516
0.45595 0.75000 -0.01997 -0.11186 0.14038
0.45758 0.75000 -0.02037 -0.11059 0.12751
0.45933 0.75000 -0.02076 -0.10657 0.11676
0.46119 0.75000 -0.02114 -0.10061 0.10852
0.46317 0.75000 -0.02152 -0.09351 0.10276
0.46529 0.75000 -0.02191 -0.08608 0.09929
0.46754 0.75000 -0.02229 -0.07915 0.09806
0.46995 0.75000 -0.02269 -0.07353 0.09792
0.47252 0.75000 -0.02310 -0.06959 0.09720
0.47525 0.75000 -0.02352 -0.06732 0.09477
0.47816 0.75000 -0.02395 -0.06676 0.09012
0.48127 0.75000 -0.02441 -0.06780 0.08397
0.48458 0.75000 -0.02488 -0.06980 0.07777
0.48810 0.75000 -0.02536 -0.07244 0.07236
0.49185 0.75000 -0.02585 -0.07556 0.06781
0.49584 0.75000 -0.02636 -0.07903 0.06381
0.50008 0.75000 -0.02687 -0.08279 0.06008
0.50459 0.75000 -0.02740 -0.08674 0.05648
0.50938 0.75000 -0.02794 -0.09077 0.05297
0.51446 0.75000 -0.02848 -0.09482 0.04952
0.51986 0.75000 -0.02903 -0.09883 0.04614
0.52558 0.75000 -0.02958 -0.10277 0.04282
0.53163 0.75000 -0.03013 -0.10663 0.03957
0.53804 0.75000 -0.03069 -0.11037 0.03640
0.54481 0.75000 -0.03124 -0.11401 0.03334
0.55196 0.75000 -0.03179 -0.11755 0.03041
0.55950 0.75000 -0.03234 -0.12100 0.02764
0.56743 0.75000 -0.03287 -0.12441 0.02501
0.57578 0.75000 -0.03340 -0.12780 0.02252
0.58454 0.75000 -0.03392 -0.13121 0.02019
0.59372 0.75000 -0.03442 -0.13467 0.01798
0.60333 0.75000 -0.03490 -0.13821 0.01591
0.61337 0.75000 -0.03536 -0.14186 0.01396
0.62383 0.75000 -0.03580 -0.14564 0.01212
0.63472 0.75000 -0.03622 -0.14953 0.01039
0.64602 0.75000 -0.03660 -0.15351 0.00878
0.65773 0.75000 -0.03694 -0.15753 0.00724
0.66984 0.75000 -0.03723 -0.16153 0.00576
0.68232 0.75000 -0.03748 -0.16539 0.00436
0.69516 0.75000 -0.03767 -0.16900 0.00305
0.70833 0.75000 -0.03779 -0.17222 0.00185
0.72180 0.75000 -0.03784 -0.17490 0.00079
0.73556 0.75000 -0.03782 -0.17688 0.00040
0.74955 0.75000 -0.03770 -0.17804 0.00007
0.76376 0.75000 -0.03750 -0.17829 0.00000
0.77813 0.75000 -0.03720 -0.17736 0.00000
0.79263 0.75000 -0.03681 -0.17535 0.00000
0.80722 0.75000 -0.03632 -0.17224 0.00000
0.82185 0.75000 -0.03574 -0.16800 0.00000
0.83648 0.75000 -0.03507 -0.16278 0.00000
0.85106 0.75000 -0.03432 -0.15668 0.00000
0.86556 0.75000 -0.03350 -0.14985 0.00000
0.87994 0.75000 -0.03261 -0.14245 0.00000
0.89414 0.75000 -0.03167 -0.13469 0.00000
0.90814 0.75000 -0.03069 -0.12672 0.00000
0.92189 0.75000 -0.02967 -0.11869 0.00000
0.93537 0.75000 -0.02864 -0.11074 0.00000
0.94854 0.75000 -0.02759 -0.10297 0.00000
0.96138 0.75000 -0.02653 -0.09545 0.00000
0.97386 0.75000 -0.02548 -0.08821 0.00000
0.98596 0.75000 -0.02443 -0.08127 0.00000
0.99767 0.75000 -0.02340 -0.07461 0.00000
1.00898 0.75000 -0.02239 -0.06820 0.00000
1.01987 0.75000 -0.02139 -0.06201 0.00000
1.03033 0.75000 -0.02041 -0.05598 0.00000
1.04037 0.75000 -0.01946 -0.05006 0.00000
1.04998 0.75000 -0.01853 -0.04421 0.00000
1.05916 0.75000 -0.01762 -0.03839 0.00000
1.06792 0.75000 -0.01674 -0.03257 0.00000
1.07626 0.75000 -0.01588 -0.02672 0.00000
1.08420 0.75000 -0.01505 -0.02084 0.00000
1.09174 0.75000 -0.01424 -0.01493 0.00000
1.09888 0.75000 -0.01347 -0.00901 0.00000
1.10565 0.75000 -0.01272 -0.00309 0.00000
1.11206 0.75000 -0.01200 0.00281 0.00000
1.11812 0.75000 -0.01131 0.00865 0.00000
1.12384 0.75000 -0.01065 0.01443 0.00000
1.12923 0.75000 -0.01002 0.02010 0.00000
1.13432 0.75000 -0.00942 0.02564 0.00000
1.13911 0.75000 -0.00884 0.03103 0.00000
1.14362 0.75000 -0.00830 0.03624 0.00000
1.14786 0.75000 -0.00778 0.04127 0.00000
1.15185 0.75000 -0.00730 0.04610 0.00000
1.15560 0.75000 -0.00684 0.05072 0.00000
1.15912 0.75000 -0.00640 0.05513 0.00000
1.16243 0.75000 -0.00599 0.05931 0.00000
1.16553 0.75000 -0.00561 0.06329 0.00000
1.16844 0.75000 -0.00525 0.06706 0.00000
1.17118 0.75000 -0.00491 0.07062 0.00000
1.17374 0.75000 -0.00459 0.07397 0.00000
1.17615 0.75000 -0.00430 0.07709 0.00000
1.17841 0.75000 -0.00402 0.08001 0.00000
1.18052 0.75000 -0.00376 0.08274 0.00000
1.18251 0.75000 -0.00352 0.08531 0.00000
1.18437 0.75000 -0.00329 0.08774 0.00000
1.18611 0.75000 -0.00308 0.09004 0.00000
1.18775 0.75000 -0.00287 0.09222 0.00000
1.18928 0.75000 -0.00269 0.09429 0.00000
1.19072 0.75000 -0.00251 0.09626 0.00000
1.19207 0.75000 -0.00234 0.09813 0.00000
1.19334 0.75000 -0.00219 0.09992 0.00000
1.19452 0.75000 -0.00204 0.10162 0.00000
1.19564 0.75000 -0.00190 0.10324 0.00000
1.19668 0.75000 -0.00177 0.10478 0.00000
1.19766 0.75000 -0.00165 0.10626 0.00000
1.19858 0.75000 -0.00154 0.10767 0.00000
1.19944 0.75000 -0.00143 0.10901 0.00000
1.20025 0.75000 -0.00133 0.11030 0.00000
1.20101 0.75000 -0.00123 0.11152 0.00000
1.20173 0.75000 -0.00114 0.11269 0.00000
1.20240 0.75000 -0.00106 0.11381 0.00000
1.20303 0.75000 -0.00098 0.11488 0.00000
1.20361 0.75000 -0.00090 0.11590 0.00000
1.20417 0.75000 -0.00083 0.11688 0.00000
1.20469 0.75000 -0.00077 0.11781 0.00000
1.20517 0.75000 -0.00071 0.11871 0.00000
1.20563 0.75000 -0.00065 0.11956 0.00000
1.20606 0.75000 -0.00059 0.12038 0.00000
1.20646 0.75000 -0.00054 0.12116 0.00000
1.20683 0.75000 -0.00050 0.12191 0.00000
1.20719 0.75000 -0.00045 0.12262 0.00000
1.20751 0.75000 -0.00041 0.12330 0.00000
1.20782 0.75000 -0.00037 0.12396 0.00000
1.20811 0.75000 -0.00033 0.12458 0.00000
1.20838 0.75000 -0.00030 0.12518 0.00000
1.20862 0.75000 -0.00027 0.12574 0.00000
1.20886 0.75000 -0.00024 0.12629 0.00000
1.20907 0.75000 -0.00021 0.12680 0.00000
1.20927 0.75000 -0.00018 0.12730 0.00000
1.20945 0.75000 -0.00016 0.12776 0.00000
1.20962 0.75000 -0.00014 0.12821 0.00000
1.20978 0.75000 -0.00012 0.12862 0.00000
1.20992 0.75000 -0.00010 0.12903 0.00000
1.21005 0.75000 -0.00008 0.12939 0.00000
1.21016 0.75000 -0.00007 0.12974 0.00000
1.21027 0.75000 -0.00006 0.13004 0.00000
1.21036 0.75000 -0.00004 0.13038 0.00000
1.21044 0.75000 -0.00003 0.13055 0.00000
1.21051 0.75000 -0.00002 0.13083 0.00000
1.21057 0.75000 -0.00002 0.13084 0.00000
1.21062 0.75000 -0.00001 0.13094 0.00000
1.21065 0.75000 -0.00001 0.13052 0.00000
1.21068 0.75000 -0.00000 0.12932 0.00000
1.21069 0.75000 -0.00000 0.12896 0.00000
1.21070 0.75000 0.00000 0.12801 0.00000
1.21069 0.75000 0.00000 0.13024 0.00000
1.21068 0.75000 0.00000 0.12964 0.00000
1.21065 0.75000 0.00001 0.12986 0.00000
1.21062 0.75000 0.00001 0.13001 0.00000
1.21057 0.75000 0.00002 0.13000 0.00000
1.21051 0.75000 0.00002 0.12995 0.00000
1.21044 0.75000 0.00003 0.12980 0.00000
1.21036 0.75000 0.00004 0.12963 0.00000
1.21027 0.75000 0.00006 0.12941 0.00000
1.21016 0.75000 0.00007 0.12916 0.00000
1.21005 0.75000 0.00008 0.12888 0.00000
1.20992 0.75000 0.00010 0.12858 0.00000
1.20978 0.75000 0.00012 0.12826 0.00000
1.20962 0.75000 0.00014 0.12791 0.00000
1.20945 0.75000 0.00016 0.12754 0.00000
1.20927 0.75000 0.00018 0.12715 0.00000
1.20907 0.75000 0.00021 0.12674 0.00000
1.20886 0.75000 0.00024 0.12630 0.00000
1.20862 0.75000 0.00027 0.12584 0.00000
1.20838 0.75000 0.00030 0.12536 0.00000
1.20811 0.75000 0.00033 0.12484 0.00000
1.20782 0.75000 0.00037 0.12430 0.00000
1.20751 0.75000 0.00041 0.12374 0.00000
1.20719 0.75000 0.00045 0.12314 0.00000
1.20683 0.75000 0.00050 0.12252 0.00000
1.20646 0.75000 0.00054 0.12186 0.00000
1.20606 0.75000 0.00059 0.12117 0.00000
1.20563 0.75000 0.00065 0.12045 0.00000
1.20517 0.75000 0.00071 0.11969 0.00000
1.20469 0.75000 0.00077 0.11889 0.00000
1.20417 0.75000 0.00083 0.11805 0.00000
1.20361 0.75000 0.00090 0.11716 0.00000
1.20303 0.75000 0.00098 0.11624 0.00000
1.20240 0.75000 0.00106 0.11526 0.00000
1.20173 0.75000 0.00114 0.11423 0.00000
1.20101 0.75000 0.00123 0.11315 0.00000
1.20025 0.75000 0.00133 0.11201 0.00000
1.19944 0.75000 0.00143 0.11081 0.00000
1.19858 0.75000 0.00154 0.10955 0.00000
1.19766 0.75000 0.00165 0.10822 0.00000
1.19668 0.75000 0.00177 0.10682 0.00000
1.19564 0.75000 0.00190 0.10533 0.00000
1.19452 0.75000 0.00204 0.10377 0.00000
1.19334 0.75000 0.00219 0.10212 0.00000
1.19207 0.75000 0.00234 0.10038 0.00000

ZONE T="SLICE_Y_1p4_BINS03_KS_1mm_CUTDATA"
0.87790 1.40000 0.02225 -0.35164 0.00716
0.87360 1.40000 0.02184 -0.36072 0.00939
0.86954 1.40000 0.02142 -0.37000 0.01178
0.86572 1.40000 0.02102 -0.37953 0.01428
0.86212 1.40000 0.02061 -0.38940 0.01676
0.85872 1.40000 0.02022 -0.39972 0.01901
0.85553 1.40000 0.01983 -0.41063 0.02076
0.85253 1.40000 0.01945 -0.42229 0.02175
0.84971 1.40000 0.01908 -0.43483 0.02174
0.84706 1.40000 0.01871 -0.44844 0.02048
0.84457 1.40000 0.01836 -0.46338 0.01786
0.84224 1.40000 0.01802 -0.48008 0.01402
0.84004 1.40000 0.01769 -0.49901 0.00967
0.83799 1.40000 0.01737 -0.52043 0.00786
0.83606 1.40000 0.01707 -0.54442 0.00759
0.83425 1.40000 0.01677 -0.57103 0.00752
0.83255 1.40000 0.01648 -0.59997 0.00858
0.83096 1.40000 0.01619 -0.63055 0.01345
0.82947 1.40000 0.01591 -0.66195 0.01973
0.82807 1.40000 0.01562 -0.69323 0.02783
0.82675 1.40000 0.01532 -0.72322 0.03816
0.82552 1.40000 0.01502 -0.75080 0.05052
0.82437 1.40000 0.01471 -0.77490 0.06481
0.82329 1.40000 0.01440 -0.79448 0.08077
0.82227 1.40000 0.01408 -0.80876 0.09819
0.82132 1.40000 0.01375 -0.81730 0.11929
0.82043 1.40000 0.01341 -0.81932 0.14150
0.81959 1.40000 0.01307 -0.81442 0.16424
0.81880 1.40000 0.01272 -0.80325 0.18735
0.81807 1.40000 0.01237 -0.78579 0.21060
0.81737 1.40000 0.01201 -0.76234 0.23358
0.81672 1.40000 0.01166 -0.73379 0.25607
0.81612 1.40000 0.01130 -0.70087 0.27794
0.81554 1.40000 0.01094 -0.66456 0.29901
0.81501 1.40000 0.01058 -0.62540 0.31951
0.81450 1.40000 0.01022 -0.58362 0.33958
0.81403 1.40000 0.00987 -0.53961 0.35896
0.81359 1.40000 0.00952 -0.49393 0.37757
0.81317 1.40000 0.00916 -0.44723 0.39534
0.81278 1.40000 0.00882 -0.40018 0.41222
0.81241 1.40000 0.00847 -0.35313 0.42847
0.81207 1.40000 0.00813 -0.30614 0.44430
0.81175 1.40000 0.00780 -0.25938 0.45954
0.81145 1.40000 0.00746 -0.21292 0.47427
0.81117 1.40000 0.00714 -0.16677 0.48852
0.81090 1.40000 0.00681 -0.12111 0.50208
0.81065 1.40000 0.00649 -0.07606 0.51508
0.81042 1.40000 0.00618 -0.03173 0.52760
0.81021 1.40000 0.00587 0.01169 0.53964
0.81001 1.40000 0.00556 0.05416 0.55141
0.80982 1.40000 0.00525 0.09560 0.56286
0.80964 1.40000 0.00495 0.13611 0.57401
0.80948 1.40000 0.00466 0.17600 0.58500
0.80933 1.40000 0.00436 0.21525 0.59530
0.80919 1.40000 0.00407 0.25337 0.60430
0.80907 1.40000 0.00379 0.28973 0.61189
0.80895 1.40000 0.00351 0.32464 0.61899
0.80884 1.40000 0.00323 0.35920 0.62670
0.80875 1.40000 0.00294 0.39322 0.63416
0.80866 1.40000 0.00267 0.42476 0.63972
0.80858 1.40000 0.00240 0.45304 0.64418
0.80851 1.40000 0.00214 0.48196 0.65135
0.80845 1.40000 0.00186 0.51249 0.65969
0.80840 1.40000 0.00156 0.53870 0.66262
0.80836 1.40000 0.00132 0.55930 0.66275
0.80832 1.40000 0.00110 0.58544 0.66864
0.80829 1.40000 0.00075 0.61286 0.67420
0.80827 1.40000 0.00036 0.63575 0.67439
0.80826 1.40000 0.00009 0.65076 0.67481
0.80826 1.40000 0.00000 0.66089 0.67917
0.80826 1.40000 -0.00009 0.67243 0.68409
0.80827 1.40000 -0.00036 0.68454 0.68604
0.80829 1.40000 -0.00075 0.69745 0.68581
0.80832 1.40000 -0.00110 0.70846 0.68147
0.80836 1.40000 -0.00132 0.71680 0.67471
0.80840 1.40000 -0.00156 0.72185 0.66926
0.80845 1.40000 -0.00186 0.72527 0.66606
0.80851 1.40000 -0.00214 0.72700 0.66356
0.80858 1.40000 -0.00240 0.72675 0.66158
0.80866 1.40000 -0.00267 0.72470 0.65990
0.80875 1.40000 -0.00294 0.72085 0.65702
0.80884 1.40000 -0.00323 0.71508 0.65259
0.80895 1.40000 -0.00351 0.70747 0.64750
0.80907 1.40000 -0.00379 0.69812 0.64240
0.80919 1.40000 -0.00407 0.68692 0.63694
0.80933 1.40000 -0.00436 0.67384 0.63076
0.80948 1.40000 -0.00466 0.65895 0.62387
0.80964 1.40000 -0.00495 0.64239 0.61647
0.80982 1.40000 -0.00525 0.62419 0.60878
0.81001 1.40000 -0.00556 0.60430 0.60062
0.81021 1.40000 -0.00587 0.58270 0.59193
0.81042 1.40000 -0.00618 0.55943 0.58275
0.81065 1.40000 -0.00649 0.53452 0.57299
0.81090 1.40000 -0.00681 0.50802 0.56273
0.81117 1.40000 -0.00714 0.48001 0.55194
0.81145 1.40000 -0.00746 0.45052 0.54054
0.81175 1.40000 -0.00780 0.41966 0.52868
0.81207 1.40000 -0.00813 0.38746 0.51627
0.81241 1.40000 -0.00847 0.35396 0.50321
0.81278 1.40000 -0.00882 0.31927 0.48965
0.81317 1.40000 -0.00916 0.28342 0.47542
0.81359 1.40000 -0.00952 0.24660 0.46028
0.81403 1.40000 -0.00987 0.20917 0.44433
0.81450 1.40000 -0.01022 0.17148 0.42758
0.81501 1.40000 -0.01058 0.13388 0.41013
0.81554 1.40000 -0.01094 0.09662 0.39217
0.81612 1.40000 -0.01130 0.05993 0.37354
0.81672 1.40000 -0.01166 0.02422 0.35407
0.81737 1.40000 -0.01201 -0.00989 0.33389
0.81807 1.40000 -0.01237 -0.04178 0.31309
0.81880 1.40000 -0.01272 -0.07088 0.29185
0.81959 1.40000 -0.01307 -0.09667 0.27047
0.82043 1.40000 -0.01341 -0.11883 0.24908
0.82132 1.40000 -0.01375 -0.13702 0.22787
0.82227 1.40000 -0.01408 -0.15105 0.20727
0.82329 1.40000 -0.01440 -0.16093 0.18747
0.82437 1.40000 -0.01471 -0.16677 0.16868
0.82552 1.40000 -0.01502 -0.16880 0.15142
0.82675 1.40000 -0.01532 -0.16750 0.13598
0.82807 1.40000 -0.01562 -0.16343 0.12263
0.82947 1.40000 -0.01591 -0.15736 0.11186
0.83096 1.40000 -0.01619 -0.15016 0.10373
0.83255 1.40000 -0.01648 -0.14259 0.09816
0.83425 1.40000 -0.01677 -0.13547 0.09536
0.83606 1.40000 -0.01707 -0.12959 0.09466
0.83799 1.40000 -0.01737 -0.12529 0.09521
0.84004 1.40000 -0.01769 -0.12263 0.09664
0.84224 1.40000 -0.01802 -0.12164 0.09804
0.84457 1.40000 -0.01836 -0.12208 0.09811
0.84706 1.40000 -0.01871 -0.12351 0.09585
0.84971 1.40000 -0.01908 -0.12557 0.09112
0.85253 1.40000 -0.01945 -0.12802 0.08489
0.85553 1.40000 -0.01983 -0.13076 0.07844
0.85872 1.40000 -0.02022 -0.13370 0.07257
0.86212 1.40000 -0.02061 -0.13671 0.06748
0.86572 1.40000 -0.02102 -0.13969 0.06301
0.86954 1.40000 -0.02142 -0.14256 0.05896
0.87360 1.40000 -0.02184 -0.14524 0.05517
0.87790 1.40000 -0.02225 -0.14771 0.05154
0.88246 1.40000 -0.02267 -0.14992 0.04804
0.88728 1.40000 -0.02309 -0.15187 0.04464
0.89237 1.40000 -0.02350 -0.15355 0.04133
0.89775 1.40000 -0.02392 -0.15497 0.03811
0.90342 1.40000 -0.02433 -0.15616 0.03502
0.90939 1.40000 -0.02473 -0.15717 0.03206
0.91567 1.40000 -0.02513 -0.15804 0.02925
0.92226 1.40000 -0.02551 -0.15882 0.02659
0.92917 1.40000 -0.02589 -0.15956 0.02405
0.93639 1.40000 -0.02626 -0.16031 0.02165
0.94395 1.40000 -0.02660 -0.16112 0.01939
0.95182 1.40000 -0.02693 -0.16201 0.01724
0.96001 1.40000 -0.02724 -0.16301 0.01516
0.96851 1.40000 -0.02753 -0.16410 0.01315
0.97732 1.40000 -0.02779 -0.16525 0.01120
0.98643 1.40000 -0.02801 -0.16642 0.00933
0.99582 1.40000 -0.02819 -0.16752 0.00748
1.00547 1.40000 -0.02834 -0.16847 0.00565
1.01538 1.40000 -0.02843 -0.16914 0.00389
1.02552 1.40000 -0.02847 -0.16941 0.00223
1.03587 1.40000 -0.02845 -0.16916 0.00083
1.04640 1.40000 -0.02836 -0.16822 0.00035
1.05708 1.40000 -0.02821 -0.16653 0.00000
1.06789 1.40000 -0.02799 -0.16400 0.00000
1.07880 1.40000 -0.02769 -0.16060 0.00000
1.08978 1.40000 -0.02732 -0.15630 0.00000
1.10078 1.40000 -0.02689 -0.15115 0.00000
1.11179 1.40000 -0.02639 -0.14523 0.00000
1.12276 1.40000 -0.02582 -0.13866 0.00000
1.13367 1.40000 -0.02520 -0.13157 0.00000
1.14448 1.40000 -0.02453 -0.12411 0.00000
1.15517 1.40000 -0.02383 -0.11644 0.00000
1.16569 1.40000 -0.02309 -0.10872 0.00000
1.17604 1.40000 -0.02232 -0.10107 0.00000
1.18618 1.40000 -0.02154 -0.09360 0.00000
1.19609 1.40000 -0.02075 -0.08640 0.00000
1.20575 1.40000 -0.01996 -0.07951 0.00000
1.21514 1.40000 -0.01917 -0.07297 0.00000
1.22424 1.40000 -0.01838 -0.06676 0.00000
1.23305 1.40000 -0.01760 -0.06088 0.00000
1.24155 1.40000 -0.01684 -0.05528 0.00000
1.24975 1.40000 -0.01609 -0.04991 0.00000
1.25762 1.40000 -0.01536 -0.04473 0.00000
1.26517 1.40000 -0.01464 -0.03966 0.00000
1.27240 1.40000 -0.01394 -0.03467 0.00000
1.27930 1.40000 -0.01325 -0.02971 0.00000
1.28590 1.40000 -0.01259 -0.02474 0.00000
1.29217 1.40000 -0.01195 -0.01974 0.00000
1.29814 1.40000 -0.01132 -0.01469 0.00000
1.30381 1.40000 -0.01072 -0.00960 0.00000
1.30919 1.40000 -0.01013 -0.00447 0.00000
1.31428 1.40000 -0.00957 0.00068 0.00000
1.31910 1.40000 -0.00903 0.00584 0.00000
1.32366 1.40000 -0.00851 0.01098 0.00000
1.32796 1.40000 -0.00801 0.01608 0.00000
1.33202 1.40000 -0.00754 0.02111 0.00000
1.33584 1.40000 -0.00708 0.02604 0.00000
1.33945 1.40000 -0.00665 0.03086 0.00000
1.34284 1.40000 -0.00624 0.03555 0.00000
1.34603 1.40000 -0.00586 0.04008 0.00000
1.34903 1.40000 -0.00549 0.04444 0.00000
1.35185 1.40000 -0.00514 0.04863 0.00000
1.35450 1.40000 -0.00482 0.05264 0.00000
1.35699 1.40000 -0.00451 0.05645 0.00000
1.35933 1.40000 -0.00422 0.06008 0.00000
1.36152 1.40000 -0.00395 0.06354 0.00000
1.36358 1.40000 -0.00369 0.06682 0.00000
1.36550 1.40000 -0.00346 0.06990 0.00000
1.36731 1.40000 -0.00323 0.07278 0.00000
1.36901 1.40000 -0.00302 0.07547 0.00000
1.37060 1.40000 -0.00283 0.07800 0.00000
1.37210 1.40000 -0.00265 0.08039 0.00000
1.37350 1.40000 -0.00247 0.08264 0.00000
1.37481 1.40000 -0.00231 0.08478 0.00000
1.37604 1.40000 -0.00216 0.08681 0.00000
1.37719 1.40000 -0.00202 0.08874 0.00000
1.37828 1.40000 -0.00189 0.09058 0.00000
1.37929 1.40000 -0.00176 0.09232 0.00000
1.38024 1.40000 -0.00165 0.09399 0.00000
1.38114 1.40000 -0.00154 0.09557 0.00000
1.38197 1.40000 -0.00143 0.09709 0.00000
1.38276 1.40000 -0.00133 0.09853 0.00000
1.38350 1.40000 -0.00124 0.09991 0.00000
1.38419 1.40000 -0.00116 0.10122 0.00000
1.38484 1.40000 -0.00107 0.10248 0.00000
1.38545 1.40000 -0.00100 0.10367 0.00000
1.38602 1.40000 -0.00093 0.10482 0.00000
1.38656 1.40000 -0.00086 0.10591 0.00000
1.38706 1.40000 -0.00080 0.10695 0.00000
1.38753 1.40000 -0.00074 0.10794 0.00000
1.38798 1.40000 -0.00068 0.10889 0.00000
1.38839 1.40000 -0.00063 0.10980 0.00000
1.38878 1.40000 -0.00058 0.11066 0.00000
1.38915 1.40000 -0.00053 0.11149 0.00000
1.38949 1.40000 -0.00049 0.11228 0.00000
1.38981 1.40000 -0.00045 0.11303 0.00000
1.39011 1.40000 -0.00041 0.11375 0.00000
1.39040 1.40000 -0.00037 0.11444 0.00000
1.39066 1.40000 -0.00034 0.11510 0.00000
1.39091 1.40000 -0.00031 0.11572 0.00000
1.39114 1.40000 -0.00028 0.11632 0.00000
1.39136 1.40000 -0.00025 0.11689 0.00000
1.39156 1.40000 -0.00022 0.11744 0.00000
1.39174 1.40000 -0.00020 0.11796 0.00000
1.39192 1.40000 -0.00018 0.11846 0.00000
1.39208 1.40000 -0.00016 0.11894 0.00000
1.39223 1.40000 -0.00014 0.11940 0.00000
1.39237 1.40000 -0.00012 0.11984 0.00000
1.39250 1.40000 -0.00010 0.12026 0.00000
1.39261 1.40000 -0.00009 0.12065 0.00000
1.39272 1.40000 -0.00008 0.12104 0.00000
1.39282 1.40000 -0.00006 0.12139 0.00000
1.39290 1.40000 -0.00005 0.12173 0.00000
1.39298 1.40000 -0.00004 0.12201 0.00000
1.39305 1.40000 -0.00003 0.12229 0.00000
1.39311 1.40000 -0.00002 0.12246 0.00000
1.39316 1.40000 -0.00002 0.12264 0.00000
1.39321 1.40000 -0.00001 0.12262 0.00000
1.39324 1.40000 -0.00001 0.12256 0.00000
1.39327 1.40000 -0.00000 0.12220 0.00000
1.39329 1.40000 -0.00000 0.12141 0.00000
1.39330 1.40000 -0.00000 0.12064 0.00000
1.39331 1.40000 0.00000 0.11737 0.00000
1.39330 1.40000 0.00000 0.11899 0.00000
1.39329 1.40000 0.00000 0.11978 0.00000
1.39327 1.40000 0.00000 0.12064 0.00000
1.39324 1.40000 0.00001 0.12107 0.00000
1.39321 1.40000 0.00001 0.12128 0.00000
1.39316 1.40000 0.00002 0.12143 0.00000
1.39311 1.40000 0.00002 0.12144 0.00000
1.39305 1.40000 0.00003 0.12144 0.00000
1.39298 1.40000 0.00004 0.12136 0.00000
1.39290 1.40000 0.00005 0.12126 0.00000
1.39282 1.40000 0.00006 0.12112 0.00000
1.39272 1.40000 0.00008 0.12094 0.00000
1.39261 1.40000 0.00009 0.12073 0.00000
1.39250 1.40000 0.00010 0.12049 0.00000
1.39237 1.40000 0.00012 0.12023 0.00000
1.39223 1.40000 0.00014 0.11994 0.00000
1.39208 1.40000 0.00016 0.11962 0.00000
1.39192 1.40000 0.00018 0.11929 0.00000
1.39174 1.40000 0.00020 0.11892 0.00000
1.39156 1.40000 0.00022 0.11853 0.00000
1.39136 1.40000 0.00025 0.11812 0.00000
1.39114 1.40000 0.00028 0.11768 0.00000
1.39091 1.40000 0.00031 0.11722 0.00000
1.39066 1.40000 0.00034 0.11673 0.00000
1.39040 1.40000 0.00037 0.11621 0.00000
1.39011 1.40000 0.00041 0.11566 0.00000
1.38981 1.40000 0.00045 0.11509 0.00000
1.38949 1.40000 0.00049 0.11449 0.00000
1.38915 1.40000 0.00053 0.11385 0.00000
1.38878 1.40000 0.00058 0.11319 0.00000
1.38839 1.40000 0.00063 0.11249 0.00000
1.38798 1.40000 0.00068 0.11175 0.00000
1.38753 1.40000 0.00074 0.11098 0.00000
1.38706 1.40000 0.00080 0.11017 0.00000
1.38656 1.40000 0.00086 0.10932 0.00000
1.38602 1.40000 0.00093 0.10843 0.00000
1.38545 1.40000 0.00100 0.10749 0.00000
1.38484 1.40000 0.00107 0.10650 0.00000
1.38419 1.40000 0.00116 0.10547 0.00000
1.38350 1.40000 0.00124 0.10438 0.00000
1.38276 1.40000 0.00133 0.10323 0.00000
1.38197 1.40000 0.00143 0.10203 0.00000
1.38114 1.40000 0.00154 0.10076 0.00000
1.38024 1.40000 0.00165 0.09943 0.00000
1.37929 1.40000 0.00176 0.09802 0.00000
1.37828 1.40000 0.00189 0.09654 0.00000
1.37719 1.40000 0.00202 0.09498 0.00000
1.37604 1.40000 0.00216 0.09333 0.00000
1.37481 1.40000 0.00231 0.09159 0.00000
1.37350 1.40000 0.00247 0.08975 0.00000
1.37210 1.40000 0.00265 0.08780 0.00000
1.37060 1.40000 0.00283 0.08574 0.00000
1.36901 1.40000 0.00302 0.08353 0.00000
1.36731 1.40000 0.00323 0.08118 0.00000
1.36550 1.40000 0.00346 0.07867 0.00000
1.36358 1.40000 0.00369 0.07597 0.00000
1.36152 1.40000 0.00395 0.07310 0.00000
1.35933 1.40000 0.00422 0.07004 0.00000
1.35699 1.40000 0.00451 0.06682 0.00000
1.35450 1.40000 0.00482 0.06341 0.00000
1.35185 1.40000 0.00514 0.05981 0.00000
1.34903 1.40000 0.00549 0.05601 0.00000
1.34603 1.40000 0.00586 0.05202 0.00000
1.34284 1.40000 0.00624 0.04784 0.00000
1.33945 1.40000 0.00665 0.04348 0.00000
1.33584 1.40000 0.00708 0.03894 0.00000
1.33202 1.40000 0.00754 0.03424 0.00000
1.32796 1.40000 0.00801 0.02938 0.00000
1.32366 1.40000 0.00851 0.02438 0.00000
1.31910 1.40000 0.00903 0.01926 0.00000
1.31428 1.40000 0.00957 0.01403 0.00000
1.30919 1.40000 0.01013 0.00872 0.00000
1.30381 1.40000 0.01072 0.00332 0.00000
1.29814 1.40000 0.01132 -0.00214 0.00000
1.29217 1.40000 0.01195 -0.00767 0.00000
1.28590 1.40000 0.01259 -0.01327 0.00000
1.27930 1.40000 0.01325 -0.01895 0.00000
1.27240 1.40000 0.01394 -0.02473 0.00000
1.26517 1.40000 0.01464 -0.03065 0.00000
1.25762 1.40000 0.01536 -0.03674 0.00000
1.24975 1.40000 0.01609 -0.04307 0.00000
1.24155 1.40000 0.01684 -0.04968 0.00000
1.23305 1.40000 0.01760 -0.05662 0.00000
1.22424 1.40000 0.01838 -0.06396 0.00000
1.21514 1.40000 0.01917 -0.07174 0.00000
1.20575 1.40000 0.01996 -0.07999 0.00000
1.19609 1.40000 0.02075 -0.08873 0.00000
1.18618 1.40000 0.02154 -0.09794 0.00000
1.17604 1.40000 0.02232 -0.10759 0.00000
1.16569 1.40000 0.02309 -0.11761 0.00000
1.15517 1.40000 0.02383 -0.12790 0.00000
1.14448 1.40000 0.02453 -0.13834 0.00000
1.13367 1.40000 0.02520 -0.14878 0.00000
1.12276 1.40000 0.02582 -0.15905 0.00000
1.11179 1.40000 0.02639 -0.16900 0.00000
1.10078 1.40000 0.02689 -0.17847 0.00000
1.08978 1.40000 0.02732 -0.18734 0.00000
1.07880 1.40000 0.02769 -0.19551 0.00000
1.06789 1.40000 0.02799 -0.20291 0.00000
1.05708 1.40000 0.02821 -0.20954 0.00000
1.04640 1.40000 0.02836 -0.21546 0.00000
1.03587 1.40000 0.02845 -0.22072 0.00000
1.02552 1.40000 0.02847 -0.22544 0.00000
1.01538 1.40000 0.02843 -0.22975 0.00000
1.00547 1.40000 0.02834 -0.23382 0.00000
0.99582 1.40000 0.02819 -0.23777 0.00000
0.98643 1.40000 0.02801 -0.24177 0.00000
0.97732 1.40000 0.02779 -0.24593 0.00000
0.96851 1.40000 0.02753 -0.25037 0.00000
0.96001 1.40000 0.02724 -0.25516 0.00000
0.95182 1.40000 0.02693 -0.26036 0.00000
0.94395 1.40000 0.02660 -0.26601 0.00000
0.93639 1.40000 0.02626 -0.27212 0.00000
0.92917 1.40000 0.02589 -0.27867 0.00000
0.92226 1.40000 0.02551 -0.28565 0.00000
0.91567 1.40000 0.02513 -0.29301 0.00007
0.90939 1.40000 0.02473 -0.30070 0.00037
0.90342 1.40000 0.02433 -0.30869 0.00072
0.89775 1.40000 0.02392 -0.31693 0.00112
0.89237 1.40000 0.02350 -0.32537 0.00180
0.88728 1.40000 0.02309 -0.33397 0.00332

ZONE T="SLICE_Y_0p1_BINS07_KS_1mm_CUTDATA"
0.99946 0.10000 0.00359 0.08394 0.00000
0.99742 0.10000 0.00384 0.08118 0.00000
0.99524 0.10000 0.00410 0.07826 0.00000
0.99292 0.10000 0.00439 0.07516 0.00000
0.99044 0.10000 0.00469 0.07187 0.00000
0.98780 0.10000 0.00502 0.06837 0.00000
0.98499 0.10000 0.00536 0.06464 0.00000
0.98198 0.10000 0.00573 0.06065 0.00000
0.97878 0.10000 0.00613 0.05639 0.00000
0.97537 0.10000 0.00655 0.05185 0.00000
0.97174 0.10000 0.00700 0.04703 0.00000
0.96786 0.10000 0.00748 0.04194 0.00000
0.96374 0.10000 0.00799 0.03657 0.00000
0.95934 0.10000 0.00853 0.03090 0.00000
0.95466 0.10000 0.00910 0.02494 0.00000
0.94969 0.10000 0.00971 0.01869 0.00000
0.94439 0.10000 0.01035 0.01215 0.00000
0.93877 0.10000 0.01103 0.00535 0.00000
0.93279 0.10000 0.01175 -0.00171 0.00000
0.92644 0.10000 0.01250 -0.00899 0.00000
0.91971 0.10000 0.01329 -0.01649 0.00000
0.91258 0.10000 0.01411 -0.02415 0.00000
0.90502 0.10000 0.01497 -0.03196 0.00000
0.89703 0.10000 0.01587 -0.03988 0.00000
0.88858 0.10000 0.01680 -0.04788 0.00000
0.87966 0.10000 0.01777 -0.05592 0.00000
0.87026 0.10000 0.01878 -0.06398 0.00000
0.86035 0.10000 0.01981 -0.07205 0.00000
0.84994 0.10000 0.02088 -0.08012 0.00000
0.83901 0.10000 0.02198 -0.08819 0.00000
0.82755 0.10000 0.02311 -0.09627 0.00000
0.81556 0.10000 0.02428 -0.10440 0.00000
0.80304 0.10000 0.02547 -0.11262 0.00000
0.78998 0.10000 0.02669 -0.12098 0.00000
0.77640 0.10000 0.02793 -0.12952 0.00000
0.76230 0.10000 0.02920 -0.13828 0.00000
0.74768 0.10000 0.03049 -0.14732 0.00000
0.73258 0.10000 0.03179 -0.15668 0.00000
0.71701 0.10000 0.03310 -0.16635 0.00000
0.70099 0.10000 0.03442 -0.17631 0.00000
0.68455 0.10000 0.03573 -0.18654 0.00000
0.66774 0.10000 0.03702 -0.19694 0.00000
0.65058 0.10000 0.03829 -0.20740 0.00000
0.63311 0.10000 0.03952 -0.21780 0.00000
0.61539 0.10000 0.04069 -0.22796 0.00000
0.59746 0.10000 0.04180 -0.23771 0.00000
0.57937 0.10000 0.04283 -0.24687 0.00000
0.56117 0.10000 0.04376 -0.25525 0.00000
0.54291 0.10000 0.04460 -0.26272 0.00000
0.52466 0.10000 0.04532 -0.26915 0.00000
0.50646 0.10000 0.04593 -0.27446 0.00000
0.48837 0.10000 0.04642 -0.27862 0.00000
0.47043 0.10000 0.04679 -0.28168 0.00000
0.45271 0.10000 0.04704 -0.28366 0.00000
0.43525 0.10000 0.04718 -0.28470 0.00000
0.41809 0.10000 0.04722 -0.28496 0.00000
0.40127 0.10000 0.04715 -0.28457 0.00000
0.38484 0.10000 0.04700 -0.28375 0.00000
0.36882 0.10000 0.04676 -0.28271 0.00000
0.35325 0.10000 0.04646 -0.28156 0.00000
0.33814 0.10000 0.04609 -0.28045 0.00000
0.32353 0.10000 0.04566 -0.27949 0.00000
0.30943 0.10000 0.04519 -0.27876 0.00000
0.29584 0.10000 0.04467 -0.27832 0.00000
0.28278 0.10000 0.04413 -0.27821 0.00000
0.27026 0.10000 0.04355 -0.27843 0.00000
0.25827 0.10000 0.04294 -0.27897 0.00000
0.24681 0.10000 0.04232 -0.27983 0.00000
0.23588 0.10000 0.04168 -0.28096 0.00000
0.22547 0.10000 0.04102 -0.28233 0.00000
0.21557 0.10000 0.04035 -0.28392 0.00000
0.20617 0.10000 0.03967 -0.28570 0.00000
0.19725 0.10000 0.03898 -0.28765 0.00000
0.18880 0.10000 0.03829 -0.28975 0.00000
0.18081 0.10000 0.03760 -0.29201 0.00000
0.17325 0.10000 0.03691 -0.29445 0.00000
0.16611 0.10000 0.03622 -0.29710 0.00000
0.15938 0.10000 0.03553 -0.29999 0.00000
0.15304 0.10000 0.03486 -0.30320 0.00000
0.14706 0.10000 0.03419 -0.30680 0.00000
0.14143 0.10000 0.03353 -0.31090 0.00000
0.13614 0.10000 0.03289 -0.31563 0.00000
0.13116 0.10000 0.03225 -0.32116 0.00000
0.12649 0.10000 0.03164 -0.32761 0.00000
0.12209 0.10000 0.03104 -0.33512 0.00000
0.11796 0.10000 0.03045 -0.34395 0.00000
0.11409 0.10000 0.02989 -0.35455 0.00000
0.11045 0.10000 0.02934 -0.36742 0.00000
0.10704 0.10000 0.02882 -0.38290 0.00000
0.10384 0.10000 0.02831 -0.40109 0.00000
0.10084 0.10000 0.02781 -0.42205 0.00000
0.09803 0.10000 0.02733 -0.44550 0.00000
0.09538 0.10000 0.02686 -0.47065 0.00000
0.09291 0.10000 0.02638 -0.49657 0.00000
0.09059 0.10000 0.02590 -0.52229 0.00000
0.08841 0.10000 0.02541 -0.54664 0.00022
0.08637 0.10000 0.02492 -0.56872 0.00071
0.08445 0.10000 0.02441 -0.58767 0.00266
0.08266 0.10000 0.02388 -0.60233 0.00543
0.08098 0.10000 0.02335 -0.61201 0.01242
0.07940 0.10000 0.02280 -0.61620 0.02042
0.07792 0.10000 0.02224 -0.61445 0.03128
0.07653 0.10000 0.02168 -0.60674 0.04712
0.07522 0.10000 0.02110 -0.59319 0.06345
0.07400 0.10000 0.02052 -0.57400 0.08325
0.07285 0.10000 0.01993 -0.54960 0.10548
0.07178 0.10000 0.01933 -0.52071 0.12726
0.07076 0.10000 0.01874 -0.48807 0.14852
0.06982 0.10000 0.01814 -0.45253 0.17116
0.06893 0.10000 0.01755 -0.41459 0.19357
0.06809 0.10000 0.01696 -0.37443 0.21542
0.06731 0.10000 0.01637 -0.33237 0.23649
0.06657 0.10000 0.01578 -0.28898 0.25662
0.06588 0.10000 0.01520 -0.24485 0.27579
0.06523 0.10000 0.01462 -0.20061 0.29395
0.06463 0.10000 0.01405 -0.15661 0.31189
0.06406 0.10000 0.01349 -0.11287 0.32928
0.06352 0.10000 0.01293 -0.06951 0.34593
0.06302 0.10000 0.01238 -0.02659 0.36197
0.06256 0.10000 0.01184 0.01589 0.37748
0.06212 0.10000 0.01130 0.05780 0.39228
0.06171 0.10000 0.01077 0.09906 0.40649
0.06132 0.10000 0.01024 0.13954 0.42011
0.06097 0.10000 0.00973 0.17910 0.43303
0.06063 0.10000 0.00922 0.21765 0.44544
0.06032 0.10000 0.00871 0.25515 0.45731
0.06003 0.10000 0.00822 0.29166 0.46873
0.05976 0.10000 0.00773 0.32749 0.47999
0.05952 0.10000 0.00724 0.36265 0.49078
0.05929 0.10000 0.00676 0.39669 0.50067
0.05908 0.10000 0.00628 0.42898 0.50951
0.05888 0.10000 0.00581 0.45982 0.51808
0.05871 0.10000 0.00535 0.49021 0.52722
0.05854 0.10000 0.00488 0.52006 0.53582
0.05840 0.10000 0.00442 0.54753 0.54208
0.05827 0.10000 0.00397 0.57195 0.54691
0.05816 0.10000 0.00355 0.59673 0.55451
0.05806 0.10000 0.00308 0.62281 0.56336
0.05797 0.10000 0.00259 0.64502 0.56657
0.05790 0.10000 0.00219 0.66214 0.56707
0.05784 0.10000 0.00183 0.68375 0.57423
0.05779 0.10000 0.00125 0.70585 0.58173
0.05776 0.10000 0.00060 0.72397 0.58444
0.05774 0.10000 0.00015 0.73575 0.58784
0.05773 0.10000 0.00000 0.74341 0.59513
0.05774 0.10000 -0.00015 0.75184 0.60252
0.05776 0.10000 -0.00060 0.76079 0.60639
0.05779 0.10000 -0.00125 0.76952 0.60735
0.05784 0.10000 -0.00183 0.77626 0.60315
0.05790 0.10000 -0.00219 0.78082 0.59576
0.05797 0.10000 -0.00259 0.78286 0.59001
0.05806 0.10000 -0.00308 0.78356 0.58750
0.05816 0.10000 -0.00355 0.78216 0.58549
0.05827 0.10000 -0.00397 0.77926 0.58303
0.05840 0.10000 -0.00442 0.77473 0.58041
0.05854 0.10000 -0.00488 0.76830 0.57672
0.05871 0.10000 -0.00535 0.76008 0.57177
0.05888 0.10000 -0.00581 0.75013 0.56631
0.05908 0.10000 -0.00628 0.73871 0.56085
0.05929 0.10000 -0.00676 0.72554 0.55501
0.05952 0.10000 -0.00724 0.71063 0.54836
0.05976 0.10000 -0.00773 0.69406 0.54098
0.06003 0.10000 -0.00822 0.67602 0.53309
0.06032 0.10000 -0.00871 0.65651 0.52490
0.06063 0.10000 -0.00922 0.63547 0.51623
0.06097 0.10000 -0.00973 0.61290 0.50704
0.06132 0.10000 -0.01024 0.58882 0.49734
0.06171 0.10000 -0.01077 0.56327 0.48701
0.06212 0.10000 -0.01130 0.53633 0.47612
0.06256 0.10000 -0.01184 0.50805 0.46466
0.06302 0.10000 -0.01238 0.47850 0.45255
0.06352 0.10000 -0.01293 0.44776 0.43992
0.06406 0.10000 -0.01349 0.41586 0.42670
0.06463 0.10000 -0.01405 0.38286 0.41279
0.06523 0.10000 -0.01462 0.34884 0.39830
0.06588 0.10000 -0.01520 0.31385 0.38307
0.06657 0.10000 -0.01578 0.27806 0.36687
0.06731 0.10000 -0.01637 0.24185 0.34977
0.06809 0.10000 -0.01696 0.20559 0.33178
0.06893 0.10000 -0.01755 0.16961 0.31299
0.06982 0.10000 -0.01814 0.13416 0.29362
0.07076 0.10000 -0.01874 0.09943 0.27347
0.07178 0.10000 -0.01933 0.06583 0.25246
0.07285 0.10000 -0.01993 0.03401 0.23125
0.07400 0.10000 -0.02052 0.00455 0.20931
0.07522 0.10000 -0.02110 -0.02195 0.18677
0.07653 0.10000 -0.02168 -0.04504 0.16400
0.07792 0.10000 -0.02224 -0.06440 0.14115
0.07940 0.10000 -0.02280 -0.07977 0.11928
0.08098 0.10000 -0.02335 -0.09097 0.09955
0.08266 0.10000 -0.02388 -0.09808 0.08047
0.08445 0.10000 -0.02441 -0.10122 0.06234
0.08637 0.10000 -0.02492 -0.10062 0.04827
0.08841 0.10000 -0.02541 -0.09680 0.03695
0.09059 0.10000 -0.02590 -0.09034 0.02686
0.09291 0.10000 -0.02638 -0.08211 0.01886
0.09538 0.10000 -0.02686 -0.07305 0.01500
0.09803 0.10000 -0.02733 -0.06388 0.01195
0.10084 0.10000 -0.02781 -0.05540 0.00970
0.10384 0.10000 -0.02831 -0.04834 0.00800
0.10704 0.10000 -0.02882 -0.04299 0.00658
0.11045 0.10000 -0.02934 -0.03950 0.00538
0.11409 0.10000 -0.02989 -0.03792 0.00427
0.11796 0.10000 -0.03045 -0.03794 0.00343
0.12209 0.10000 -0.03104 -0.03909 0.00291
0.12649 0.10000 -0.03164 -0.04098 0.00241
0.13116 0.10000 -0.03225 -0.04341 0.00193
0.13614 0.10000 -0.03289 -0.04630 0.00146
0.14143 0.10000 -0.03353 -0.04956 0.00101
0.14706 0.10000 -0.03419 -0.05308 0.00057
0.15304 0.10000 -0.03486 -0.05676 0.00036
0.15938 0.10000 -0.03553 -0.06056 0.00026
0.16611 0.10000 -0.03622 -0.06441 0.00016
0.17325 0.10000 -0.03691 -0.06829 0.00006
0.18081 0.10000 -0.03760 -0.07217 0.00000
0.18880 0.10000 -0.03829 -0.07606 0.00000
0.19725 0.10000 -0.03898 -0.07994 0.00000
0.20617 0.10000 -0.03967 -0.08381 0.00000
0.21557 0.10000 -0.04035 -0.08771 0.00000
0.22547 0.10000 -0.04102 -0.09165 0.00000
0.23588 0.10000 -0.04168 -0.09567 0.00000
0.24681 0.10000 -0.04232 -0.09981 0.00000
0.25827 0.10000 -0.04294 -0.10410 0.00000
0.27026 0.10000 -0.04355 -0.10857 0.00000
0.28278 0.10000 -0.04413 -0.11325 0.00000
0.29584 0.10000 -0.04467 -0.11817 0.00000
0.30943 0.10000 -0.04519 -0.12331 0.00000
0.32353 0.10000 -0.04566 -0.12867 0.00000
0.33814 0.10000 -0.04609 -0.13418 0.00000
0.35325 0.10000 -0.04646 -0.13978 0.00000
0.36882 0.10000 -0.04676 -0.14538 0.00000
0.38484 0.10000 -0.04700 -0.15083 0.00000
0.40127 0.10000 -0.04715 -0.15601 0.00000
0.41809 0.10000 -0.04722 -0.16074 0.00000
0.43525 0.10000 -0.04718 -0.16487 0.00000
0.45271 0.10000 -0.04704 -0.16820 0.00000
0.47043 0.10000 -0.04679 -0.17060 0.00000
0.48837 0.10000 -0.04642 -0.17198 0.00000
0.50646 0.10000 -0.04593 -0.17226 0.00000
0.52466 0.10000 -0.04532 -0.17134 0.00000
0.54291 0.10000 -0.04460 -0.16924 0.00000
0.56117 0.10000 -0.04376 -0.16603 0.00000
0.57937 0.10000 -0.04283 -0.16183 0.00000
0.59746 0.10000 -0.04180 -0.15677 0.00000
0.61539 0.10000 -0.04069 -0.15100 0.00000
0.63311 0.10000 -0.03952 -0.14470 0.00000
0.65058 0.10000 -0.03829 -0.13806 0.00000
0.66774 0.10000 -0.03702 -0.13122 0.00000
0.68455 0.10000 -0.03573 -0.12432 0.00000
0.70099 0.10000 -0.03442 -0.11748 0.00000
0.71701 0.10000 -0.03310 -0.11078 0.00000
0.73258 0.10000 -0.03179 -0.10427 0.00000
0.74768 0.10000 -0.03049 -0.09796 0.00000
0.76230 0.10000 -0.02920 -0.09186 0.00000
0.77640 0.10000 -0.02793 -0.08593 0.00000
0.78998 0.10000 -0.02669 -0.08013 0.00000
0.80304 0.10000 -0.02547 -0.07443 0.00000
0.81556 0.10000 -0.02428 -0.06876 0.00000
0.82755 0.10000 -0.02311 -0.06308 0.00000
0.83901 0.10000 -0.02198 -0.05735 0.00000
0.84994 0.10000 -0.02088 -0.05154 0.00000
0.86035 0.10000 -0.01981 -0.04563 0.00000
0.87026 0.10000 -0.01878 -0.03962 0.00000
0.87966 0.10000 -0.01777 -0.03350 0.00000
0.88858 0.10000 -0.01680 -0.02730 0.00000
0.89703 0.10000 -0.01587 -0.02103 0.00000
0.90502 0.10000 -0.01497 -0.01473 0.00000
0.91258 0.10000 -0.01411 -0.00843 0.00000
0.91971 0.10000 -0.01329 -0.00216 0.00000
0.92644 0.10000 -0.01250 0.00405 0.00000
0.93279 0.10000 -0.01175 0.01015 0.00000
0.93877 0.10000 -0.01103 0.01612 0.00000
0.94439 0.10000 -0.01035 0.02193 0.00000
0.94969 0.10000 -0.00971 0.02756 0.00000
0.95466 0.10000 -0.00910 0.03299 0.00000
0.95934 0.10000 -0.00853 0.03820 0.00000
0.96374 0.10000 -0.00799 0.04319 0.00000
0.96786 0.10000 -0.00748 0.04793 0.00000
0.97174 0.10000 -0.00700 0.05246 0.00000
0.97537 0.10000 -0.00655 0.05676 0.00000
0.97878 0.10000 -0.00613 0.06083 0.00000
0.98198 0.10000 -0.00573 0.06467 0.00000
0.98499 0.10000 -0.00536 0.06825 0.00000
0.98780 0.10000 -0.00502 0.07160 0.00000
0.99044 0.10000 -0.00469 0.07474 0.00000
0.99292 0.10000 -0.00439 0.07770 0.00000
0.99524 0.10000 -0.00410 0.08051 0.00000
0.99742 0.10000 -0.00384 0.08316 0.00000
0.99946 0.10000 -0.00359 0.08568 0.00000
1.00137 0.10000 -0.00335 0.08807 0.00000
1.00317 0.10000 -0.00313 0.09035 0.00000
1.00485 0.10000 -0.00292 0.09252 0.00000
1.00643 0.10000 -0.00273 0.09458 0.00000
1.00791 0.10000 -0.00255 0.09655 0.00000
1.00930 0.10000 -0.00237 0.09842 0.00000
1.01060 0.10000 -0.00221 0.10021 0.00000
1.01183 0.10000 -0.00206 0.10192 0.00000
1.01297 0.10000 -0.00192 0.10354 0.00000
1.01405 0.10000 -0.00178 0.10510 0.00000
1.01506 0.10000 -0.00166 0.10658 0.00000
1.01601 0.10000 -0.00154 0.10800 0.00000
1.01690 0.10000 -0.00143 0.10935 0.00000
1.01773 0.10000 -0.00132 0.11064 0.00000
1.01852 0.10000 -0.00122 0.11187 0.00000
1.01925 0.10000 -0.00113 0.11305 0.00000
1.01994 0.10000 -0.00104 0.11418 0.00000
1.02059 0.10000 -0.00096 0.11525 0.00000
1.02120 0.10000 -0.00088 0.11628 0.00000
1.02177 0.10000 -0.00081 0.11727 0.00000
1.02230 0.10000 -0.00074 0.11821 0.00000
1.02280 0.10000 -0.00068 0.11911 0.00000
1.02327 0.10000 -0.00062 0.11997 0.00000
1.02371 0.10000 -0.00056 0.12079 0.00000
1.02412 0.10000 -0.00051 0.12158 0.00000
1.02450 0.10000 -0.00046 0.12233 0.00000
1.02486 0.10000 -0.00042 0.12305 0.00000
1.02519 0.10000 -0.00037 0.12374 0.00000
1.02550 0.10000 -0.00033 0.12439 0.00000
1.02579 0.10000 -0.00030 0.12502 0.00000
1.02606 0.10000 -0.00026 0.12561 0.00000
1.02631 0.10000 -0.00023 0.12619 0.00000
1.02654 0.10000 -0.00020 0.12672 0.00000
1.02675 0.10000 -0.00017 0.12725 0.00000
1.02694 0.10000 -0.00015 0.12773 0.00000
1.02712 0.10000 -0.00013 0.12821 0.00000
1.02728 0.10000 -0.00010 0.12864 0.00000
1.02743 0.10000 -0.00009 0.12906 0.00000
1.02756 0.10000 -0.00007 0.12944 0.00000
1.02767 0.10000 -0.00005 0.12984 0.00000
1.02777 0.10000 -0.00004 0.13008 0.00000
1.02786 0.10000 -0.00003 0.13044 0.00000
1.02793 0.10000 -0.00002 0.13050 0.00000
1.02799 0.10000 -0.00001 0.13064 0.00000
1.02803 0.10000 -0.00001 0.13038 0.00000
1.02807 0.10000 -0.00000 0.12926 0.00000
1.02809 0.10000 -0.00000 0.12893 0.00000
1.02809 0.10000 0.00000 0.12823 0.00000
1.02809 0.10000 0.00000 0.13030 0.00000
1.02807 0.10000 0.00000 0.12929 0.00000
1.02803 0.10000 0.00001 0.12936 0.00000
1.02799 0.10000 0.00001 0.12937 0.00000
1.02793 0.10000 0.00002 0.12926 0.00000
1.02786 0.10000 0.00003 0.12911 0.00000
1.02777 0.10000 0.00004 0.12887 0.00000
1.02767 0.10000 0.00005 0.12861 0.00000
1.02756 0.10000 0.00007 0.12831 0.00000
1.02743 0.10000 0.00009 0.12798 0.00000
1.02728 0.10000 0.00010 0.12762 0.00000
1.02712 0.10000 0.00013 0.12724 0.00000
1.02694 0.10000 0.00015 0.12682 0.00000
1.02675 0.10000 0.00017 0.12639 0.00000
1.02654 0.10000 0.00020 0.12592 0.00000
1.02631 0.10000 0.00023 0.12542 0.00000
1.02606 0.10000 0.00026 0.12490 0.00000
1.02579 0.10000 0.00030 0.12435 0.00000
1.02550 0.10000 0.00033 0.12376 0.00000
1.02519 0.10000 0.00037 0.12315 0.00000
1.02486 0.10000 0.00042 0.12250 0.00000
1.02450 0.10000 0.00046 0.12182 0.00000
1.02412 0.10000 0.00051 0.12110 0.00000
1.02371 0.10000 0.00056 0.12034 0.00000
1.02327 0.10000 0.00062 0.11955 0.00000
1.02280 0.10000 0.00068 0.11872 0.00000
1.02230 0.10000 0.00074 0.11784 0.00000
1.02177 0.10000 0.00081 0.11692 0.00000
1.02120 0.10000 0.00088 0.11595 0.00000
1.02059 0.10000 0.00096 0.11493 0.00000
1.01994 0.10000 0.00104 0.11386 0.00000
1.01925 0.10000 0.00113 0.11274 0.00000
1.01852 0.10000 0.00122 0.11155 0.00000
1.01773 0.10000 0.00132 0.11031 0.00000
1.01690 0.10000 0.00143 0.10900 0.00000
1.01601 0.10000 0.00154 0.10762 0.00000
1.01506 0.10000 0.00166 0.10617 0.00000
1.01405 0.10000 0.00178 0.10464 0.00000
1.01297 0.10000 0.00192 0.10303 0.00000
1.01183 0.10000 0.00206 0.10133 0.00000
1.01060 0.10000 0.00221 0.09955 0.00000
1.00930 0.10000 0.00237 0.09766 0.00000
1.00791 0.10000 0.00255 0.09567 0.00000
1.00643 0.10000 0.00273 0.09357 0.00000
1.00485 0.10000 0.00292 0.09136 0.00000
1.00317 0.10000 0.00313 0.08902 0.00000

ZONE T="SLICE_Y_0p75_BINS07_KS_1mm_CUTDATA"
1.18928 0.75000 0.00269 0.09659 0.00000
1.18775 0.75000 0.00287 0.09453 0.00000
1.18611 0.75000 0.00308 0.09235 0.00000
1.18437 0.75000 0.00329 0.09003 0.00000
1.18251 0.75000 0.00352 0.08757 0.00000
1.18052 0.75000 0.00376 0.08494 0.00000
1.17841 0.75000 0.00402 0.08215 0.00000
1.17615 0.75000 0.00430 0.07916 0.00000
1.17374 0.75000 0.00459 0.07595 0.00000
1.17118 0.75000 0.00491 0.07251 0.00000
1.16844 0.75000 0.00525 0.06883 0.00000
1.16553 0.75000 0.00561 0.06492 0.00000
1.16243 0.75000 0.00599 0.06076 0.00000
1.15912 0.75000 0.00640 0.05636 0.00000
1.15560 0.75000 0.00684 0.05168 0.00000
1.15185 0.75000 0.00730 0.04674 0.00000
1.14786 0.75000 0.00778 0.04152 0.00000
1.14362 0.75000 0.00830 0.03602 0.00000
1.13911 0.75000 0.00884 0.03026 0.00000
1.13432 0.75000 0.00942 0.02424 0.00000
1.12923 0.75000 0.01002 0.01796 0.00000
1.12384 0.75000 0.01065 0.01144 0.00000
1.11812 0.75000 0.01131 0.00469 0.00000
1.11206 0.75000 0.01200 -0.00225 0.00000
1.10565 0.75000 0.01272 -0.00938 0.00000
1.09888 0.75000 0.01347 -0.01667 0.00000
1.09174 0.75000 0.01424 -0.02411 0.00000
1.08420 0.75000 0.01505 -0.03167 0.00000
1.07626 0.75000 0.01588 -0.03935 0.00000
1.06792 0.75000 0.01674 -0.04714 0.00000
1.05916 0.75000 0.01762 -0.05505 0.00000
1.04998 0.75000 0.01853 -0.06309 0.00000
1.04037 0.75000 0.01946 -0.07129 0.00000
1.03033 0.75000 0.02041 -0.07969 0.00000
1.01987 0.75000 0.02139 -0.08832 0.00000
1.00898 0.75000 0.02239 -0.09724 0.00000
0.99767 0.75000 0.02340 -0.10650 0.00000
0.98596 0.75000 0.02443 -0.11613 0.00000
0.97386 0.75000 0.02548 -0.12619 0.00000
0.96138 0.75000 0.02653 -0.13668 0.00000
0.94854 0.75000 0.02759 -0.14760 0.00000
0.93537 0.75000 0.02864 -0.15894 0.00000
0.92189 0.75000 0.02967 -0.17063 0.00000
0.90814 0.75000 0.03069 -0.18259 0.00000
0.89414 0.75000 0.03167 -0.19469 0.00000
0.87994 0.75000 0.03261 -0.20679 0.00000
0.86556 0.75000 0.03350 -0.21872 0.00000
0.85106 0.75000 0.03432 -0.23030 0.00000
0.83648 0.75000 0.03507 -0.24135 0.00000
0.82185 0.75000 0.03574 -0.25171 0.00000
0.80722 0.75000 0.03632 -0.26124 0.00000
0.79263 0.75000 0.03681 -0.26983 0.00000
0.77813 0.75000 0.03720 -0.27743 0.00000
0.76376 0.75000 0.03750 -0.28404 0.00000
0.74955 0.75000 0.03770 -0.28971 0.00000
0.73556 0.75000 0.03782 -0.29452 0.00000
0.72180 0.75000 0.03784 -0.29859 0.00000
0.70833 0.75000 0.03779 -0.30208 0.00000
0.69516 0.75000 0.03767 -0.30514 0.00000
0.68232 0.75000 0.03748 -0.30793 0.00000
0.66984 0.75000 0.03723 -0.31061 0.00000
0.65773 0.75000 0.03694 -0.31332 0.00000
0.64602 0.75000 0.03660 -0.31616 0.00000
0.63472 0.75000 0.03622 -0.31924 0.00000
0.62383 0.75000 0.03580 -0.32260 0.00000
0.61337 0.75000 0.03536 -0.32630 0.00000
0.60333 0.75000 0.03490 -0.33035 0.00000
0.59372 0.75000 0.03442 -0.33475 0.00000
0.58454 0.75000 0.03392 -0.33948 0.00000
0.57578 0.75000 0.03340 -0.34452 0.00000
0.56743 0.75000 0.03287 -0.34984 0.00000
0.55950 0.75000 0.03234 -0.35541 0.00000
0.55196 0.75000 0.03179 -0.36121 0.00000
0.54481 0.75000 0.03124 -0.36720 0.00000
0.53804 0.75000 0.03069 -0.37339 0.00000
0.53163 0.75000 0.03013 -0.37976 0.00000
0.52558 0.75000 0.02958 -0.38635 0.00000
0.51986 0.75000 0.02903 -0.39319 0.00000
0.51446 0.75000 0.02848 -0.40033 0.00000
0.50938 0.75000 0.02794 -0.40782 0.00000
0.50459 0.75000 0.02740 -0.41578 0.00000
0.50008 0.75000 0.02687 -0.42431 0.00000
0.49584 0.75000 0.02636 -0.43357 0.00000
0.49185 0.75000 0.02585 -0.44373 0.00000
0.48810 0.75000 0.02536 -0.45492 0.00000
0.48458 0.75000 0.02488 -0.46733 0.00000
0.48127 0.75000 0.02441 -0.48126 0.00000
0.47816 0.75000 0.02395 -0.49716 0.00000
0.47525 0.75000 0.02352 -0.51557 0.00000
0.47252 0.75000 0.02310 -0.53679 0.00000
0.46995 0.75000 0.02269 -0.56092 0.00000
0.46754 0.75000 0.02229 -0.58800 0.00000
0.46529 0.75000 0.02191 -0.61776 0.00000
0.46317 0.75000 0.02152 -0.64942 0.00000
0.46119 0.75000 0.02114 -0.68210 0.00000
0.45933 0.75000 0.02076 -0.71478 0.00000
0.45758 0.75000 0.02037 -0.74619 0.00019
0.45595 0.75000 0.01997 -0.77512 0.00068
0.45441 0.75000 0.01956 -0.80051 0.00273
0.45297 0.75000 0.01914 -0.82121 0.00585
0.45162 0.75000 0.01871 -0.83643 0.01341
0.45036 0.75000 0.01827 -0.84572 0.02184
0.44917 0.75000 0.01783 -0.84819 0.03537
0.44806 0.75000 0.01737 -0.84362 0.05202
0.44701 0.75000 0.01691 -0.83255 0.06975
0.44603 0.75000 0.01644 -0.81491 0.09261
0.44511 0.75000 0.01597 -0.79107 0.11552
0.44425 0.75000 0.01550 -0.76192 0.13786
0.44344 0.75000 0.01502 -0.72827 0.16152
0.44268 0.75000 0.01454 -0.69111 0.18514
0.44197 0.75000 0.01407 -0.65104 0.20802
0.44130 0.75000 0.01359 -0.60829 0.23037
0.44067 0.75000 0.01312 -0.56324 0.25190
0.44008 0.75000 0.01265 -0.51645 0.27250
0.43953 0.75000 0.01218 -0.46860 0.29241
0.43901 0.75000 0.01172 -0.42040 0.31167
0.43852 0.75000 0.01126 -0.37222 0.33013
0.43806 0.75000 0.01081 -0.32412 0.34799
0.43764 0.75000 0.01036 -0.27626 0.36511
0.43724 0.75000 0.00992 -0.22869 0.38162
0.43686 0.75000 0.00949 -0.18142 0.39761
0.43651 0.75000 0.00906 -0.13464 0.41289
0.43618 0.75000 0.00863 -0.08845 0.42759
0.43587 0.75000 0.00821 -0.04298 0.44172
0.43559 0.75000 0.00780 0.00158 0.45516
0.43532 0.75000 0.00739 0.04518 0.46812
0.43507 0.75000 0.00698 0.08774 0.48054
0.43484 0.75000 0.00659 0.12937 0.49256
0.43462 0.75000 0.00619 0.17042 0.50448
0.43442 0.75000 0.00580 0.21089 0.51597
0.43424 0.75000 0.00542 0.25026 0.52656
0.43407 0.75000 0.00503 0.28781 0.53610
0.43392 0.75000 0.00466 0.32386 0.54542
0.43377 0.75000 0.00429 0.35965 0.55547
0.43365 0.75000 0.00391 0.39506 0.56508
0.43353 0.75000 0.00354 0.42788 0.57227
0.43343 0.75000 0.00319 0.45722 0.57803
0.43333 0.75000 0.00284 0.48726 0.58697
0.43325 0.75000 0.00247 0.51944 0.59754
0.43318 0.75000 0.00208 0.54716 0.60198
0.43313 0.75000 0.00175 0.56852 0.60337
0.43308 0.75000 0.00146 0.59614 0.61268
0.43304 0.75000 0.00100 0.62563 0.62278
0.43302 0.75000 0.00048 0.65020 0.62640
0.43300 0.75000 0.00012 0.66622 0.62891
0.43300 0.75000 0.00000 0.67708 0.63562
0.43300 0.75000 -0.00012 0.68977 0.64169
0.43302 0.75000 -0.00048 0.70330 0.64131
0.43304 0.75000 -0.00100 0.71761 0.63720
0.43308 0.75000 -0.00146 0.73010 0.63064
0.43313 0.75000 -0.00175 0.74000 0.62476
0.43318 0.75000 -0.00208 0.74642 0.62268
0.43325 0.75000 -0.00247 0.75099 0.62418
0.43333 0.75000 -0.00284 0.75382 0.62467
0.43343 0.75000 -0.00319 0.75518 0.62293
0.43353 0.75000 -0.00354 0.75419 0.62031
0.43365 0.75000 -0.00391 0.75179 0.61682
0.43377 0.75000 -0.00429 0.74736 0.61237
0.43392 0.75000 -0.00466 0.74092 0.60746
0.43407 0.75000 -0.00503 0.73280 0.60247
0.43424 0.75000 -0.00542 0.72268 0.59705
0.43442 0.75000 -0.00580 0.71078 0.59085
0.43462 0.75000 -0.00619 0.69700 0.58393
0.43484 0.75000 -0.00659 0.68158 0.57649
0.43507 0.75000 -0.00698 0.66445 0.56872
0.43532 0.75000 -0.00739 0.64564 0.56048
0.43559 0.75000 -0.00780 0.62509 0.55171
0.43587 0.75000 -0.00821 0.60286 0.54243
0.43618 0.75000 -0.00863 0.57896 0.53252
0.43651 0.75000 -0.00906 0.55346 0.52206
0.43686 0.75000 -0.00949 0.52642 0.51102
0.43724 0.75000 -0.00992 0.49789 0.49934
0.43764 0.75000 -0.01036 0.46795 0.48714
0.43806 0.75000 -0.01081 0.43665 0.47435
0.43852 0.75000 -0.01126 0.40402 0.46088
0.43901 0.75000 -0.01172 0.37017 0.44683
0.43953 0.75000 -0.01218 0.33512 0.43205
0.44008 0.75000 -0.01265 0.29907 0.41632
0.44067 0.75000 -0.01312 0.26236 0.39970
0.44130 0.75000 -0.01359 0.22537 0.38222
0.44197 0.75000 -0.01407 0.18840 0.36395
0.44268 0.75000 -0.01454 0.15172 0.34508
0.44344 0.75000 -0.01502 0.11552 0.32544
0.44425 0.75000 -0.01550 0.08023 0.30482
0.44511 0.75000 -0.01597 0.04648 0.28338
0.44603 0.75000 -0.01644 0.01488 0.26120
0.44701 0.75000 -0.01691 -0.01399 0.23842
0.44806 0.75000 -0.01737 -0.03962 0.21579
0.44917 0.75000 -0.01783 -0.06169 0.19330
0.45036 0.75000 -0.01827 -0.07982 0.17079
0.45162 0.75000 -0.01871 -0.09386 0.14870
0.45297 0.75000 -0.01914 -0.10372 0.12722
0.45441 0.75000 -0.01956 -0.10962 0.10679
0.45595 0.75000 -0.01997 -0.11186 0.08949
0.45758 0.75000 -0.02037 -0.11059 0.07358
0.45933 0.75000 -0.02076 -0.10657 0.05925
0.46119 0.75000 -0.02114 -0.10061 0.04704
0.46317 0.75000 -0.02152 -0.09351 0.03908
0.46529 0.75000 -0.02191 -0.08608 0.03277
0.46754 0.75000 -0.02229 -0.07915 0.02797
0.46995 0.75000 -0.02269 -0.07353 0.02426
0.47252 0.75000 -0.02310 -0.06959 0.02114
0.47525 0.75000 -0.02352 -0.06732 0.01850
0.47816 0.75000 -0.02395 -0.06676 0.01603
0.48127 0.75000 -0.02441 -0.06780 0.01392
0.48458 0.75000 -0.02488 -0.06980 0.01234
0.48810 0.75000 -0.02536 -0.07244 0.01073
0.49185 0.75000 -0.02585 -0.07556 0.00914
0.49584 0.75000 -0.02636 -0.07903 0.00757
0.50008 0.75000 -0.02687 -0.08279 0.00603
0.50459 0.75000 -0.02740 -0.08674 0.00450
0.50938 0.75000 -0.02794 -0.09077 0.00302
0.51446 0.75000 -0.02848 -0.09482 0.00233
0.51986 0.75000 -0.02903 -0.09883 0.00176
0.52558 0.75000 -0.02958 -0.10277 0.00121
0.53163 0.75000 -0.03013 -0.10663 0.00069
0.53804 0.75000 -0.03069 -0.11037 0.00034
0.54481 0.75000 -0.03124 -0.11401 0.00023
0.55196 0.75000 -0.03179 -0.11755 0.00012
0.55950 0.75000 -0.03234 -0.12100 0.00002
0.56743 0.75000 -0.03287 -0.12441 0.00000
0.57578 0.75000 -0.03340 -0.12780 0.00000
0.58454 0.75000 -0.03392 -0.13121 0.00000
0.59372 0.75000 -0.03442 -0.13467 0.00000
0.60333 0.75000 -0.03490 -0.13821 0.00000
0.61337 0.75000 -0.03536 -0.14186 0.00000
0.62383 0.75000 -0.03580 -0.14564 0.00000
0.63472 0.75000 -0.03622 -0.14953 0.00000
0.64602 0.75000 -0.03660 -0.15351 0.00000
0.65773 0.75000 -0.03694 -0.15753 0.00000
0.66984 0.75000 -0.03723 -0.16153 0.00000
0.68232 0.75000 -0.03748 -0.16539 0.00000
0.69516 0.75000 -0.03767 -0.16900 0.00000
0.70833 0.75000 -0.03779 -0.17222 0.00000
0.72180 0.75000 -0.03784 -0.17490 0.00000
0.73556 0.75000 -0.03782 -0.17688 0.00000
0.74955 0.75000 -0.03770 -0.17804 0.00000
0.76376 0.75000 -0.03750 -0.17829 0.00000
0.77813 0.75000 -0.03720 -0.17736 0.00000
0.79263 0.75000 -0.03681 -0.17535 0.00000
0.80722 0.75000 -0.03632 -0.17224 0.00000
0.82185 0.75000 -0.03574 -0.16800 0.00000
0.83648 0.75000 -0.03507 -0.16278 0.00000
0.85106 0.75000 -0.03432 -0.15668 0.00000
0.86556 0.75000 -0.03350 -0.14985 0.00000
0.87994 0.75000 -0.03261 -0.14245 0.00000
0.89414 0.75000 -0.03167 -0.13469 0.00000
0.90814 0.75000 -0.03069 -0.12672 0.00000
0.92189 0.75000 -0.02967 -0.11869 0.00000
0.93537 0.75000 -0.02864 -0.11074 0.00000
0.94854 0.75000 -0.02759 -0.10297 0.00000
0.96138 0.75000 -0.02653 -0.09545 0.00000
0.97386 0.75000 -0.02548 -0.08821 0.00000
0.98596 0.75000 -0.02443 -0.08127 0.00000
0.99767 0.75000 -0.02340 -0.07461 0.00000
1.00898 0.75000 -0.02239 -0.06820 0.00000
1.01987 0.75000 -0.02139 -0.06201 0.00000
1.03033 0.75000 -0.02041 -0.05598 0.00000
1.04037 0.75000 -0.01946 -0.05006 0.00000
1.04998 0.75000 -0.01853 -0.04421 0.00000
1.05916 0.75000 -0.01762 -0.03839 0.00000
1.06792 0.75000 -0.01674 -0.03257 0.00000
1.07626 0.75000 -0.01588 -0.02672 0.00000
1.08420 0.75000 -0.01505 -0.02084 0.00000
1.09174 0.75000 -0.01424 -0.01493 0.00000
1.09888 0.75000 -0.01347 -0.00901 0.00000
1.10565 0.75000 -0.01272 -0.00309 0.00000
1.11206 0.75000 -0.01200 0.00281 0.00000
1.11812 0.75000 -0.01131 0.00865 0.00000
1.12384 0.75000 -0.01065 0.01443 0.00000
1.12923 0.75000 -0.01002 0.02010 0.00000
1.13432 0.75000 -0.00942 0.02564 0.00000
1.13911 0.75000 -0.00884 0.03103 0.00000
1.14362 0.75000 -0.00830 0.03624 0.00000
1.14786 0.75000 -0.00778 0.04127 0.00000
1.15185 0.75000 -0.00730 0.04610 0.00000
1.15560 0.75000 -0.00684 0.05072 0.00000
1.15912 0.75000 -0.00640 0.05513 0.00000
1.16243 0.75000 -0.00599 0.05931 0.00000
1.16553 0.75000 -0.00561 0.06329 0.00000
1.16844 0.75000 -0.00525 0.06706 0.00000
1.17118 0.75000 -0.00491 0.07062 0.00000
1.17374 0.75000 -0.00459 0.07397 0.00000
1.17615 0.75000 -0.00430 0.07709 0.00000
1.17841 0.75000 -0.00402 0.08001 0.00000
1.18052 0.75000 -0.00376 0.08274 0.00000
1.18251 0.75000 -0.00352 0.08531 0.00000
1.18437 0.75000 -0.00329 0.08774 0.00000
1.18611 0.75000 -0.00308 0.09004 0.00000
1.18775 0.75000 -0.00287 0.09222 0.00000
1.18928 0.75000 -0.00269 0.09429 0.00000
1.19072 0.75000 -0.00251 0.09626 0.00000
1.19207 0.75000 -0.00234 0.09813 0.00000
1.19334 0.75000 -0.00219 0.09992 0.00000
1.19452 0.75000 -0.00204 0.10162 0.00000
1.19564 0.75000 -0.00190 0.10324 0.00000
1.19668 0.75000 -0.00177 0.10478 0.00000
1.19766 0.75000 -0.00165 0.10626 0.00000
1.19858 0.75000 -0.00154 0.10767 0.00000
1.19944 0.75000 -0.00143 0.10901 0.00000
1.20025 0.75000 -0.00133 0.11030 0.00000
1.20101 0.75000 -0.00123 0.11152 0.00000
1.20173 0.75000 -0.00114 0.11269 0.00000
1.20240 0.75000 -0.00106 0.11381 0.00000
1.20303 0.75000 -0.00098 0.11488 0.00000
1.20361 0.75000 -0.00090 0.11590 0.00000
1.20417 0.75000 -0.00083 0.11688 0.00000
1.20469 0.75000 -0.00077 0.11781 0.00000
1.20517 0.75000 -0.00071 0.11871 0.00000
1.20563 0.75000 -0.00065 0.11956 0.00000
1.20606 0.75000 -0.00059 0.12038 0.00000
1.20646 0.75000 -0.00054 0.12116 0.00000
1.20683 0.75000 -0.00050 0.12191 0.00000
1.20719 0.75000 -0.00045 0.12262 0.00000
1.20751 0.75000 -0.00041 0.12330 0.00000
1.20782 0.75000 -0.00037 0.12396 0.00000
1.20811 0.75000 -0.00033 0.12458 0.00000
1.20838 0.75000 -0.00030 0.12518 0.00000
1.20862 0.75000 -0.00027 0.12574 0.00000
1.20886 0.75000 -0.00024 0.12629 0.00000
1.20907 0.75000 -0.00021 0.12680 0.00000
1.20927 0.75000 -0.00018 0.12730 0.00000
1.20945 0.75000 -0.00016 0.12776 0.00000
1.20962 0.75000 -0.00014 0.12821 0.00000
1.20978 0.75000 -0.00012 0.12862 0.00000
1.20992 0.75000 -0.00010 0.12903 0.00000
1.21005 0.75000 -0.00008 0.12939 0.00000
1.21016 0.75000 -0.00007 0.12974 0.00000
1.21027 0.75000 -0.00006 0.13004 0.00000
1.21036 0.75000 -0.00004 0.13038 0.00000
1.21044 0.75000 -0.00003 0.13055 0.00000
1.21051 0.75000 -0.00002 0.13083 0.00000
1.21057 0.75000 -0.00002 0.13084 0.00000
1.21062 0.75000 -0.00001 0.13094 0.00000
1.21065 0.75000 -0.00001 0.13052 0.00000
1.21068 0.75000 -0.00000 0.12932 0.00000
1.21069 0.75000 -0.00000 0.12896 0.00000
1.21070 0.75000 0.00000 0.12801 0.00000
1.21069 0.75000 0.00000 0.13024 0.00000
1.21068 0.75000 0.00000 0.12964 0.00000
1.21065 0.75000 0.00001 0.12986 0.00000
1.21062 0.75000 0.00001 0.13001 0.00000
1.21057 0.75000 0.00002 0.13000 0.00000
1.21051 0.75000 0.00002 0.12995 0.00000
1.21044 0.75000 0.00003 0.12980 0.00000
1.21036 0.75000 0.00004 0.12963 0.00000
1.21027 0.75000 0.00006 0.12941 0.00000
1.21016 0.75000 0.00007 0.12916 0.00000
1.21005 0.75000 0.00008 0.12888 0.00000
1.20992 0.75000 0.00010 0.12858 0.00000
1.20978 0.75000 0.00012 0.12826 0.00000
1.20962 0.75000 0.00014 0.12791 0.00000
1.20945 0.75000 0.00016 0.12754 0.00000
1.20927 0.75000 0.00018 0.12715 0.00000
1.20907 0.75000 0.00021 0.12674 0.00000
1.20886 0.75000 0.00024 0.12630 0.00000
1.20862 0.75000 0.00027 0.12584 0.00000
1.20838 0.75000 0.00030 0.12536 0.00000
1.20811 0.75000 0.00033 0.12484 0.00000
1.20782 0.75000 0.00037 0.12430 0.00000
1.20751 0.75000 0.00041 0.12374 0.00000
1.20719 0.75000 0.00045 0.12314 0.00000
1.20683 0.75000 0.00050 0.12252 0.00000
1.20646 0.75000 0.00054 0.12186 0.00000
1.20606 0.75000 0.00059 0.12117 0.00000
1.20563 0.75000 0.00065 0.12045 0.00000
1.20517 0.75000 0.00071 0.11969 0.00000
1.20469 0.75000 0.00077 0.11889 0.00000
1.20417 0.75000 0.00083 0.11805 0.00000
1.20361 0.75000 0.00090 0.11716 0.00000
1.20303 0.75000 0.00098 0.11624 0.00000
1.20240 0.75000 0.00106 0.11526 0.00000
1.20173 0.75000 0.00114 0.11423 0.00000
1.20101 0.75000 0.00123 0.11315 0.00000
1.20025 0.75000 0.00133 0.11201 0.00000
1.19944 0.75000 0.00143 0.11081 0.00000
1.19858 0.75000 0.00154 0.10955 0.00000
1.19766 0.75000 0.00165 0.10822 0.00000
1.19668 0.75000 0.00177 0.10682 0.00000
1.19564 0.75000 0.00190 0.10533 0.00000
1.19452 0.75000 0.00204 0.10377 0.00000
1.19334 0.75000 0.00219 0.10212 0.00000
1.19207 0.75000 0.00234 0.10038 0.00000

ZONE T="SLICE_Y_1p4_BINS07_KS_1mm_CUTDATA"
0.87790 1.40000 0.02225 -0.35164 0.00000
0.87360 1.40000 0.02184 -0.36072 0.00000
0.86954 1.40000 0.02142 -0.37000 0.00000
0.86572 1.40000 0.02102 -0.37953 0.00000
0.86212 1.40000 0.02061 -0.38940 0.00000
0.85872 1.40000 0.02022 -0.39972 0.00000
0.85553 1.40000 0.01983 -0.41063 0.00000
0.85253 1.40000 0.01945 -0.42229 0.00000
0.84971 1.40000 0.01908 -0.43483 0.00000
0.84706 1.40000 0.01871 -0.44844 0.00000
0.84457 1.40000 0.01836 -0.46338 0.00000
0.84224 1.40000 0.01802 -0.48008 0.00000
0.84004 1.40000 0.01769 -0.49901 0.00000
0.83799 1.40000 0.01737 -0.52043 0.00000
0.83606 1.40000 0.01707 -0.54442 0.00000
0.83425 1.40000 0.01677 -0.57103 0.00000
0.83255 1.40000 0.01648 -0.59997 0.00000
0.83096 1.40000 0.01619 -0.63055 0.00006
0.82947 1.40000 0.01591 -0.66195 0.00038
0.82807 1.40000 0.01562 -0.69323 0.00108
0.82675 1.40000 0.01532 -0.72322 0.00320
0.82552 1.40000 0.01502 -0.75080 0.00717
0.82437 1.40000 0.01471 -0.77490 0.01430
0.82329 1.40000 0.01440 -0.79448 0.02325
0.82227 1.40000 0.01408 -0.80876 0.03825
0.82132 1.40000 0.01375 -0.81730 0.05425
0.82043 1.40000 0.01341 -0.81932 0.07559
0.81959 1.40000 0.01307 -0.81442 0.09838
0.81880 1.40000 0.01272 -0.80325 0.12121
0.81807 1.40000 0.01237 -0.78579 0.14625
0.81737 1.40000 0.01201 -0.76234 0.17152
0.81672 1.40000 0.01166 -0.73379 0.19612
0.81612 1.40000 0.01130 -0.70087 0.21996
0.81554 1.40000 0.01094 -0.66456 0.24283
0.81501 1.40000 0.01058 -0.62540 0.26521
0.81450 1.40000 0.01022 -0.58362 0.28755
0.81403 1.40000 0.00987 -0.53961 0.30911
0.81359 1.40000 0.00952 -0.49393 0.32976
0.81317 1.40000 0.00916 -0.44723 0.34946
0.81278 1.40000 0.00882 -0.40018 0.36809
0.81241 1.40000 0.00847 -0.35313 0.38593
0.81207 1.40000 0.00813 -0.30614 0.40322
0.81175 1.40000 0.00780 -0.25938 0.41979
0.81145 1.40000 0.00746 -0.21292 0.43578
0.81117 1.40000 0.00714 -0.16677 0.45128
0.81090 1.40000 0.00681 -0.12111 0.46611
0.81065 1.40000 0.00649 -0.07606 0.48038
0.81042 1.40000 0.00618 -0.03173 0.49410
0.81021 1.40000 0.00587 0.01169 0.50717
0.81001 1.40000 0.00556 0.05416 0.51977
0.80982 1.40000 0.00525 0.09560 0.53186
0.80964 1.40000 0.00495 0.13611 0.54355
0.80948 1.40000 0.00466 0.17600 0.55513
0.80933 1.40000 0.00436 0.21525 0.56628
0.80919 1.40000 0.00407 0.25337 0.57655
0.80907 1.40000 0.00379 0.28973 0.58580
0.80895 1.40000 0.00351 0.32464 0.59483
0.80884 1.40000 0.00323 0.35920 0.60453
0.80875 1.40000 0.00294 0.39322 0.61378
0.80866 1.40000 0.00267 0.42476 0.62073
0.80858 1.40000 0.00240 0.45304 0.62627
0.80851 1.40000 0.00214 0.48196 0.63473
0.80845 1.40000 0.00186 0.51249 0.64464
0.80840 1.40000 0.00156 0.53870 0.64875
0.80836 1.40000 0.00132 0.55930 0.64993
0.80832 1.40000 0.00110 0.58544 0.65820
0.80829 1.40000 0.00075 0.61286 0.66689
0.80827 1.40000 0.00036 0.63575 0.66935
0.80826 1.40000 0.00009 0.65076 0.67081
0.80826 1.40000 0.00000 0.66089 0.67618
0.80826 1.40000 -0.00009 0.67243 0.68134
0.80827 1.40000 -0.00036 0.68454 0.68136
0.80829 1.40000 -0.00075 0.69745 0.67852
0.80832 1.40000 -0.00110 0.70846 0.67328
0.80836 1.40000 -0.00132 0.71680 0.66808
0.80840 1.40000 -0.00156 0.72185 0.66584
0.80845 1.40000 -0.00186 0.72527 0.66638
0.80851 1.40000 -0.00214 0.72700 0.66612
0.80858 1.40000 -0.00240 0.72675 0.66427
0.80866 1.40000 -0.00267 0.72470 0.66175
0.80875 1.40000 -0.00294 0.72085 0.65814
0.80884 1.40000 -0.00323 0.71508 0.65342
0.80895 1.40000 -0.00351 0.70747 0.64827
0.80907 1.40000 -0.00379 0.69812 0.64313
0.80919 1.40000 -0.00407 0.68692 0.63758
0.80933 1.40000 -0.00436 0.67384 0.63124
0.80948 1.40000 -0.00466 0.65895 0.62415
0.80964 1.40000 -0.00495 0.64239 0.61657
0.80982 1.40000 -0.00525 0.62419 0.60867
0.81001 1.40000 -0.00556 0.60430 0.60030
0.81021 1.40000 -0.00587 0.58270 0.59141
0.81042 1.40000 -0.00618 0.55943 0.58201
0.81065 1.40000 -0.00649 0.53452 0.57200
0.81090 1.40000 -0.00681 0.50802 0.56142
0.81117 1.40000 -0.00714 0.48001 0.55029
0.81145 1.40000 -0.00746 0.45052 0.53850
0.81175 1.40000 -0.00780 0.41966 0.52620
0.81207 1.40000 -0.00813 0.38746 0.51332
0.81241 1.40000 -0.00847 0.35396 0.49977
0.81278 1.40000 -0.00882 0.31927 0.48565
0.81317 1.40000 -0.00916 0.28342 0.47079
0.81359 1.40000 -0.00952 0.24660 0.45499
0.81403 1.40000 -0.00987 0.20917 0.43832
0.81450 1.40000 -0.01022 0.17148 0.42079
0.81501 1.40000 -0.01058 0.13388 0.40248
0.81554 1.40000 -0.01094 0.09662 0.38358
0.81612 1.40000 -0.01130 0.05993 0.36393
0.81672 1.40000 -0.01166 0.02422 0.34332
0.81737 1.40000 -0.01201 -0.00989 0.32189
0.81807 1.40000 -0.01237 -0.04178 0.29972
0.81880 1.40000 -0.01272 -0.07088 0.27695
0.81959 1.40000 -0.01307 -0.09667 0.25390
0.82043 1.40000 -0.01341 -0.11883 0.23071
0.82132 1.40000 -0.01375 -0.13702 0.20756
0.82227 1.40000 -0.01408 -0.15105 0.18537
0.82329 1.40000 -0.01440 -0.16093 0.16387
0.82437 1.40000 -0.01471 -0.16677 0.14313
0.82552 1.40000 -0.01502 -0.16880 0.12364
0.82675 1.40000 -0.01532 -0.16750 0.10566
0.82807 1.40000 -0.01562 -0.16343 0.08978
0.82947 1.40000 -0.01591 -0.15736 0.07716
0.83096 1.40000 -0.01619 -0.15016 0.06649
0.83255 1.40000 -0.01648 -0.14259 0.05771
0.83425 1.40000 -0.01677 -0.13547 0.05098
0.83606 1.40000 -0.01707 -0.12959 0.04572
0.83799 1.40000 -0.01737 -0.12529 0.04125
0.84004 1.40000 -0.01769 -0.12263 0.03746
0.84224 1.40000 -0.01802 -0.12164 0.03469
0.84457 1.40000 -0.01836 -0.12208 0.03179
0.84706 1.40000 -0.01871 -0.12351 0.02871
0.84971 1.40000 -0.01908 -0.12557 0.02554
0.85253 1.40000 -0.01945 -0.12802 0.02237
0.85553 1.40000 -0.01983 -0.13076 0.01921
0.85872 1.40000 -0.02022 -0.13370 0.01605
0.86212 1.40000 -0.02061 -0.13671 0.01291
0.86572 1.40000 -0.02102 -0.13969 0.01055
0.86954 1.40000 -0.02142 -0.14256 0.00881
0.87360 1.40000 -0.02184 -0.14524 0.00710
0.87790 1.40000 -0.02225 -0.14771 0.00545
0.88246 1.40000 -0.02267 -0.14992 0.00386
0.88728 1.40000 -0.02309 -0.15187 0.00241
0.89237 1.40000 -0.02350 -0.15355 0.00183
0.89775 1.40000 -0.02392 -0.15497 0.00128
0.90342 1.40000 -0.02433 -0.15616 0.00075
0.90939 1.40000 -0.02473 -0.15717 0.00033
0.91567 1.40000 -0.02513 -0.15804 0.00021
0.92226 1.40000 -0.02551 -0.15882 0.00011
0.92917 1.40000 -0.02589 -0.15956 0.00001
0.93639 1.40000 -0.02626 -0.16031 0.00000
0.94395 1.40000 -0.02660 -0.16112 0.00000
0.95182 1.40000 -0.02693 -0.16201 0.00000
0.96001 1.40000 -0.02724 -0.16301 0.00000
0.96851 1.40000 -0.02753 -0.16410 0.00000
0.97732 1.40000 -0.02779 -0.16525 0.00000
0.98643 1.40000 -0.02801 -0.16642 0.00000
0.99582 1.40000 -0.02819 -0.16752 0.00000
1.00547 1.40000 -0.02834 -0.16847 0.00000
1.01538 1.40000 -0.02843 -0.16914 0.00000
1.02552 1.40000 -0.02847 -0.16941 0.00000
1.03587 1.40000 -0.02845 -0.16916 0.00000
1.04640 1.40000 -0.02836 -0.16822 0.00000
1.05708 1.40000 -0.02821 -0.16653 0.00000
1.06789 1.40000 -0.02799 -0.16400 0.00000
1.07880 1.40000 -0.02769 -0.16060 0.00000
1.08978 1.40000 -0.02732 -0.15630 0.00000
1.10078 1.40000 -0.02689 -0.15115 0.00000
1.11179 1.40000 -0.02639 -0.14523 0.00000
1.12276 1.40000 -0.02582 -0.13866 0.00000
1.13367 1.40000 -0.02520 -0.13157 0.00000
1.14448 1.40000 -0.02453 -0.12411 0.00000
1.15517 1.40000 -0.02383 -0.11644 0.00000
1.16569 1.40000 -0.02309 -0.10872 0.00000
1.17604 1.40000 -0.02232 -0.10107 0.00000
1.18618 1.40000 -0.02154 -0.09360 0.00000
1.19609 1.40000 -0.02075 -0.08640 0.00000
1.20575 1.40000 -0.01996 -0.07951 0.00000
1.21514 1.40000 -0.01917 -0.07297 0.00000
1.22424 1.40000 -0.01838 -0.06676 0.00000
1.23305 1.40000 -0.01760 -0.06088 0.00000
1.24155 1.40000 -0.01684 -0.05528 0.00000
1.24975 1.40000 -0.01609 -0.04991 0.00000
1.25762 1.40000 -0.01536 -0.04473 0.00000
1.26517 1.40000 -0.01464 -0.03966 0.00000
1.27240 1.40000 -0.01394 -0.03467 0.00000
1.27930 1.40000 -0.01325 -0.02971 0.00000
1.28590 1.40000 -0.01259 -0.02474 0.00000
1.29217 1.40000 -0.01195 -0.01974 0.00000
1.29814 1.40000 -0.01132 -0.01469 0.00000
1.30381 1.40000 -0.01072 -0.00960 0.00000
1.30919 1.40000 -0.01013 -0.00447 0.00000
1.31428 1.40000 -0.00957 0.00068 0.00000
1.31910 1.40000 -0.00903 0.00584 0.00000
1.32366 1.40000 -0.00851 0.01098 0.00000
1.32796 1.40000 -0.00801 0.01608 0.00000
1.33202 1.40000 -0.00754 0.02111 0.00000
1.33584 1.40000 -0.00708 0.02604 0.00000
1.33945 1.40000 -0.00665 0.03086 0.00000
1.34284 1.40000 -0.00624 0.03555 0.00000
1.34603 1.40000 -0.00586 0.04008 0.00000
1.34903 1.40000 -0.00549 0.04444 0.00000
1.35185 1.40000 -0.00514 0.04863 0.00000
1.35450 1.40000 -0.00482 0.05264 0.00000
1.35699 1.40000 -0.00451 0.05645 0.00000
1.35933 1.40000 -0.00422 0.06008 0.00000
1.36152 1.40000 -0.00395 0.06354 0.00000
1.36358 1.40000 -0.00369 0.06682 0.00000
1.36550 1.40000 -0.00346 0.06990 0.00000
1.36731 1.40000 -0.00323 0.07278 0.00000
1.36901 1.40000 -0.00302 0.07547 0.00000
1.37060 1.40000 -0.00283 0.07800 0.00000
1.37210 1.40000 -0.00265 0.08039 0.00000
1.37350 1.40000 -0.00247 0.08264 0.00000
1.37481 1.40000 -0.00231 0.08478 0.00000
1.37604 1.40000 -0.00216 0.08681 0.00000
1.37719 1.40000 -0.00202 0.08874 0.00000
1.37828 1.40000 -0.00189 0.09058 0.00000
1.37929 1.40000 -0.00176 0.09232 0.00000
1.38024 1.40000 -0.00165 0.09399 0.00000
1.38114 1.40000 -0.00154 0.09557 0.00000
1.38197 1.40000 -0.00143 0.09709 0.00000
1.38276 1.40000 -0.00133 0.09853 0.00000
1.38350 1.40000 -0.00124 0.09991 0.00000
1.38419 1.40000 -0.00116 0.10122 0.00000
1.38484 1.40000 -0.00107 0.10248 0.00000
1.38545 1.40000 -0.00100 0.10367 0.00000
1.38602 1.40000 -0.00093 0.10482 0.00000
1.38656 1.40000 -0.00086 0.10591 0.00000
1.38706 1.40000 -0.00080 0.10695 0.00000
1.38753 1.40000 -0.00074 0.10794 0.00000
1.38798 1.40000 -0.00068 0.10889 0.00000
1.38839 1.40000 -0.00063 0.10980 0.00000
1.38878 1.40000 -0.00058 0.11066 0.00000
1.38915 1.40000 -0.00053 0.11149 0.00000
1.38949 1.40000 -0.00049 0.11228 0.00000
1.38981 1.40000 -0.00045 0.11303 0.00000
1.39011 1.40000 -0.00041 0.11375 0.00000
1.39040 1.40000 -0.00037 0.11444 0.00000
1.39066 1.40000 -0.00034 0.11510 0.00000
1.39091 1.40000 -0.00031 0.11572 0.00000
1.39114 1.40000 -0.00028 0.11632 0.00000
1.39136 1.40000 -0.00025 0.11689 0.00000
1.39156 1.40000 -0.00022 0.11744 0.00000
1.39174 1.40000 -0.00020 0.11796 0.00000
1.39192 1.40000 -0.00018 0.11846 0.00000
1.39208 1.40000 -0.00016 0.11894 0.00000
1.39223 1.40000 -0.00014 0.11940 0.00000
1.39237 1.40000 -0.00012 0.11984 0.00000
1.39250 1.40000 -0.00010 0.12026 0.00000
1.39261 1.40000 -0.00009 0.12065 0.00000
1.39272 1.40000 -0.00008 0.12104 0.00000
1.39282 1.40000 -0.00006 0.12139 0.00000
1.39290 1.40000 -0.00005 0.12173 0.00000
1.39298 1.40000 -0.00004 0.12201 0.00000
1.39305 1.40000 -0.00003 0.12229 0.00000
1.39311 1.40000 -0.00002 0.12246 0.00000
1.39316 1.40000 -0.00002 0.12264 0.00000
1.39321 1.40000 -0.00001 0.12262 0.00000
1.39324 1.40000 -0.00001 0.12256 0.00000
1.39327 1.40000 -0.00000 0.12220 0.00000
1.39329 1.40000 -0.00000 0.12141 0.00000
1.39330 1.40000 -0.00000 0.12064 0.00000
1.39331 1.40000 0.00000 0.11737 0.00000
1.39330 1.40000 0.00000 0.11899 0.00000
1.39329 1.40000 0.00000 0.11978 0.00000
1.39327 1.40000 0.00000 0.12064 0.00000
1.39324 1.40000 0.00001 0.12107 0.00000
1.39321 1.40000 0.00001 0.12128 0.00000
1.39316 1.40000 0.00002 0.12143 0.00000
1.39311 1.40000 0.00002 0.12144 0.00000
1.39305 1.40000 0.00003 0.12144 0.00000
1.39298 1.40000 0.00004 0.12136 0.00000
1.39290 1.40000 0.00005 0.12126 0.00000
1.39282 1.40000 0.00006 0.12112 0.00000
1.39272 1.40000 0.00008 0.12094 0.00000
1.39261 1.40000 0.00009 0.12073 0.00000
1.39250 1.40000 0.00010 0.12049 0.00000
1.39237 1.40000 0.00012 0.12023 0.00000
1.39223 1.40000 0.00014 0.11994 0.00000
1.39208 1.40000 0.00016 0.11962 0.00000
1.39192 1.40000 0.00018 0.11929 0.00000
1.39174 1.40000 0.00020 0.11892 0.00000
1.39156 1.40000 0.00022 0.11853 0.00000
1.39136 1.40000 0.00025 0.11812 0.00000
1.39114 1.40000 0.00028 0.11768 0.00000
1.39091 1.40000 0.00031 0.11722 0.00000
1.39066 1.40000 0.00034 0.11673 0.00000
1.39040 1.40000 0.00037 0.11621 0.00000
1.39011 1.40000 0.00041 0.11566 0.00000
1.38981 1.40000 0.00045 0.11509 0.00000
1.38949 1.40000 0.00049 0.11449 0.00000
1.38915 1.40000 0.00053 0.11385 0.00000
1.38878 1.40000 0.00058 0.11319 0.00000
1.38839 1.40000 0.00063 0.11249 0.00000
1.38798 1.40000 0.00068 0.11175 0.00000
1.38753 1.40000 0.00074 0.11098 0.00000
1.38706 1.40000 0.00080 0.11017 0.00000
1.38656 1.40000 0.00086 0.10932 0.00000
1.38602 1.40000 0.00093 0.10843 0.00000
1.38545 1.40000 0.00100 0.10749 0.00000
1.38484 1.40000 0.00107 0.10650 0.00000
1.38419 1.40000 0.00116 0.10547 0.00000
1.38350 1.40000 0.00124 0.10438 0.00000
1.38276 1.40000 0.00133 0.10323 0.00000
1.38197 1.40000 0.00143 0.10203 0.00000
1.38114 1.40000 0.00154 0.10076 0.00000
1.38024 1.40000 0.00165 0.09943 0.00000
1.37929 1.40000 0.00176 0.09802 0.00000
1.37828 1.40000 0.00189 0.09654 0.00000
1.37719 1.40000 0.00202 0.09498 0.00000
1.37604 1.40000 0.00216 0.09333 0.00000
1.37481 1.40000 0.00231 0.09159 0.00000
1.37350 1.40000 0.00247 0.08975 0.00000
1.37210 1.40000 0.00265 0.08780 0.00000
1.37060 1.40000 0.00283 0.08574 0.00000
1.36901 1.40000 0.00302 0.08353 0.00000
1.36731 1.40000 0.00323 0.08118 0.00000
1.36550 1.40000 0.00346 0.07867 0.00000
1.36358 1.40000 0.00369 0.07597 0.00000
1.36152 1.40000 0.00395 0.07310 0.00000
1.35933 1.40000 0.00422 0.07004 0.00000
1.35699 1.40000 0.00451 0.06682 0.00000
1.35450 1.40000 0.00482 0.06341 0.00000
1.35185 1.40000 0.00514 0.05981 0.00000
1.34903 1.40000 0.00549 0.05601 0.00000
1.34603 1.40000 0.00586 0.05202 0.00000
1.34284 1.40000 0.00624 0.04784 0.00000
1.33945 1.40000 0.00665 0.04348 0.00000
1.33584 1.40000 0.00708 0.03894 0.00000
1.33202 1.40000 0.00754 0.03424 0.00000
1.32796 1.40000 0.00801 0.02938 0.00000
1.32366 1.40000 0.00851 0.02438 0.00000
1.31910 1.40000 0.00903 0.01926 0.00000
1.31428 1.40000 0.00957 0.01403 0.00000
1.30919 1.40000 0.01013 0.00872 0.00000
1.30381 1.40000 0.01072 0.00332 0.00000
1.29814 1.40000 0.01132 -0.00214 0.00000
1.29217 1.40000 0.01195 -0.00767 0.00000
1.28590 1.40000 0.01259 -0.01327 0.00000
1.27930 1.40000 0.01325 -0.01895 0.00000
1.27240 1.40000 0.01394 -0.02473 0.00000
1.26517 1.40000 0.01464 -0.03065 0.00000
1.25762 1.40000 0.01536 -0.03674 0.00000
1.24975 1.40000 0.01609 -0.04307 0.00000
1.24155 1.40000 0.01684 -0.04968 0.00000
1.23305 1.40000 0.01760 -0.05662 0.00000
1.22424 1.40000 0.01838 -0.06396 0.00000
1.21514 1.40000 0.01917 -0.07174 0.00000
1.20575 1.40000 0.01996 -0.07999 0.00000
1.19609 1.40000 0.02075 -0.08873 0.00000
1.18618 1.40000 0.02154 -0.09794 0.00000
1.17604 1.40000 0.02232 -0.10759 0.00000
1.16569 1.40000 0.02309 -0.11761 0.00000
1.15517 1.40000 0.02383 -0.12790 0.00000
1.14448 1.40000 0.02453 -0.13834 0.00000
1.13367 1.40000 0.02520 -0.14878 0.00000
1.12276 1.40000 0.02582 -0.15905 0.00000
1.11179 1.40000 0.02639 -0.16900 0.00000
1.10078 1.40000 0.02689 -0.17847 0.00000
1.08978 1.40000 0.02732 -0.18734 0.00000
1.07880 1.40000 0.02769 -0.19551 0.00000
1.06789 1.40000 0.02799 -0.20291 0.00000
1.05708 1.40000 0.02821 -0.20954 0.00000
1.04640 1.40000 0.02836 -0.21546 0.00000
1.03587 1.40000 0.02845 -0.22072 0.00000
1.02552 1.40000 0.02847 -0.22544 0.00000
1.01538 1.40000 0.02843 -0.22975 0.00000
1.00547 1.40000 0.02834 -0.23382 0.00000
0.99582 1.40000 0.02819 -0.23777 0.00000
0.98643 1.40000 0.02801 -0.24177 0.00000
0.97732 1.40000 0.02779 -0.24593 0.00000
0.96851 1.40000 0.02753 -0.25037 0.00000
0.96001 1.40000 0.02724 -0.25516 0.00000
0.95182 1.40000 0.02693 -0.26036 0.00000
0.94395 1.40000 0.02660 -0.26601 0.00000
0.93639 1.40000 0.02626 -0.27212 0.00000
0.92917 1.40000 0.02589 -0.27867 0.00000
0.92226 1.40000 0.02551 -0.28565 0.00000
0.91567 1.40000 0.02513 -0.29301 0.00000
0.90939 1.40000 0.02473 -0.30070 0.00000
0.90342 1.40000 0.02433 -0.30869 0.00000
0.89775 1.40000 0.02392 -0.31693 0.00000
0.89237 1.40000 0.02350 -0.32537 0.00000
0.88728 1.40000 0.02309 -0.33397 0.00000

ZONE T="SLICE_Y_0p1_BINS15_KS_1mm_CUTDATA"
0.99946 0.10000 0.00359 0.08394 0.00000
0.99742 0.10000 0.00384 0.08118 0.00000
0.99524 0.10000 0.00410 0.07826 0.00000
0.99292 0.10000 0.00439 0.07516 0.00000
0.99044 0.10000 0.00469 0.07187 0.00000
0.98780 0.10000 0.00502 0.06837 0.00000
0.98499 0.10000 0.00536 0.06464 0.00000
0.98198 0.10000 0.00573 0.06065 0.00000
0.97878 0.10000 0.00613 0.05639 0.00000
0.97537 0.10000 0.00655 0.05185 0.00000
0.97174 0.10000 0.00700 0.04703 0.00000
0.96786 0.10000 0.00748 0.04194 0.00000
0.96374 0.10000 0.00799 0.03657 0.00000
0.95934 0.10000 0.00853 0.03090 0.00000
0.95466 0.10000 0.00910 0.02494 0.00000
0.94969 0.10000 0.00971 0.01869 0.00000
0.94439 0.10000 0.01035 0.01215 0.00000
0.93877 0.10000 0.01103 0.00535 0.00000
0.93279 0.10000 0.01175 -0.00171 0.00000
0.92644 0.10000 0.01250 -0.00899 0.00000
0.91971 0.10000 0.01329 -0.01649 0.00000
0.91258 0.10000 0.01411 -0.02415 0.00000
0.90502 0.10000 0.01497 -0.03196 0.00000
0.89703 0.10000 0.01587 -0.03988 0.00000
0.88858 0.10000 0.01680 -0.04788 0.00000
0.87966 0.10000 0.01777 -0.05592 0.00000
0.87026 0.10000 0.01878 -0.06398 0.00000
0.86035 0.10000 0.01981 -0.07205 0.00000
0.84994 0.10000 0.02088 -0.08012 0.00000
0.83901 0.10000 0.02198 -0.08819 0.00000
0.82755 0.10000 0.02311 -0.09627 0.00000
0.81556 0.10000 0.02428 -0.10440 0.00000
0.80304 0.10000 0.02547 -0.11262 0.00000
0.78998 0.10000 0.02669 -0.12098 0.00000
0.77640 0.10000 0.02793 -0.12952 0.00000
0.76230 0.10000 0.02920 -0.13828 0.00000
0.74768 0.10000 0.03049 -0.14732 0.00000
0.73258 0.10000 0.03179 -0.15668 0.00000
0.71701 0.10000 0.03310 -0.16635 0.00000
0.70099 0.10000 0.03442 -0.17631 0.00000
0.68455 0.10000 0.03573 -0.18654 0.00000
0.66774 0.10000 0.03702 -0.19694 0.00000
0.65058 0.10000 0.03829 -0.20740 0.00000
0.63311 0.10000 0.03952 -0.21780 0.00000
0.61539 0.10000 0.04069 -0.22796 0.00000
0.59746 0.10000 0.04180 -0.23771 0.00000
0.57937 0.10000 0.04283 -0.24687 0.00000
0.56117 0.10000 0.04376 -0.25525 0.00000
0.54291 0.10000 0.04460 -0.26272 0.00000
0.52466 0.10000 0.04532 -0.26915 0.00000
0.50646 0.10000 0.04593 -0.27446 0.00000
0.48837 0.10000 0.04642 -0.27862 0.00000
0.47043 0.10000 0.04679 -0.28168 0.00000
0.45271 0.10000 0.04704 -0.28366 0.00000
0.43525 0.10000 0.04718 -0.28470 0.00000
0.41809 0.10000 0.04722 -0.28496 0.00000
0.40127 0.10000 0.04715 -0.28457 0.00000
0.38484 0.10000 0.04700 -0.28375 0.00000
0.36882 0.10000 0.04676 -0.28271 0.00000
0.35325 0.10000 0.04646 -0.28156 0.00000
0.33814 0.10000 0.04609 -0.28045 0.00000
0.32353 0.10000 0.04566 -0.27949 0.00000
0.30943 0.10000 0.04519 -0.27876 0.00000
0.29584 0.10000 0.04467 -0.27832 0.00000
0.28278 0.10000 0.04413 -0.27821 0.00000
0.27026 0.10000 0.04355 -0.27843 0.00000
0.25827 0.10000 0.04294 -0.27897 0.00000
0.24681 0.10000 0.04232 -0.27983 0.00003
0.23588 0.10000 0.04168 -0.28096 0.00015
0.22547 0.10000 0.04102 -0.28233 0.00042
0.21557 0.10000 0.04035 -0.28392 0.00087
0.20617 0.10000 0.03967 -0.28570 0.00150
0.19725 0.10000 0.03898 -0.28765 0.00231
0.18880 0.10000 0.03829 -0.28975 0.00327
0.18081 0.10000 0.03760 -0.29201 0.00437
0.17325 0.10000 0.03691 -0.29445 0.00559
0.16611 0.10000 0.03622 -0.29710 0.00693
0.15938 0.10000 0.03553 -0.29999 0.00837
0.15304 0.10000 0.03486 -0.30320 0.00993
0.14706 0.10000 0.03419 -0.30680 0.01164
0.14143 0.10000 0.03353 -0.31090 0.01349
0.13614 0.10000 0.03289 -0.31563 0.01552
0.13116 0.10000 0.03225 -0.32116 0.01780
0.12649 0.10000 0.03164 -0.32761 0.02043
0.12209 0.10000 0.03104 -0.33512 0.02354
0.11796 0.10000 0.03045 -0.34395 0.02713
0.11409 0.10000 0.02989 -0.35455 0.03099
0.11045 0.10000 0.02934 -0.36742 0.03454
0.10704 0.10000 0.02882 -0.38290 0.03715
0.10384 0.10000 0.02831 -0.40109 0.03837
0.10084 0.10000 0.02781 -0.42205 0.03832
0.09803 0.10000 0.02733 -0.44550 0.03822
0.09538 0.10000 0.02686 -0.47065 0.03910
0.09291 0.10000 0.02638 -0.49657 0.04134
0.09059 0.10000 0.02590 -0.52229 0.04544
0.08841 0.10000 0.02541 -0.54664 0.05194
0.08637 0.10000 0.02492 -0.56872 0.06037
0.08445 0.10000 0.02441 -0.58767 0.07068
0.08266 0.10000 0.02388 -0.60233 0.08319
0.08098 0.10000 0.02335 -0.61201 0.09726
0.07940 0.10000 0.02280 -0.61620 0.11262
0.07792 0.10000 0.02224 -0.61445 0.12949
0.07653 0.10000 0.02168 -0.60674 0.14709
0.07522 0.10000 0.02110 -0.59319 0.16521
0.07400 0.10000 0.02052 -0.57400 0.18375
0.07285 0.10000 0.01993 -0.54960 0.20243
0.07178 0.10000 0.01933 -0.52071 0.22090
0.07076 0.10000 0.01874 -0.48807 0.23900
0.06982 0.10000 0.01814 -0.45253 0.25654
0.06893 0.10000 0.01755 -0.41459 0.27372
0.06809 0.10000 0.01696 -0.37443 0.29068
0.06731 0.10000 0.01637 -0.33237 0.30719
0.06657 0.10000 0.01578 -0.28898 0.32320
0.06588 0.10000 0.01520 -0.24485 0.33855
0.06523 0.10000 0.01462 -0.20061 0.35314
0.06463 0.10000 0.01405 -0.15661 0.36720
0.06406 0.10000 0.01349 -0.11287 0.38089
0.06352 0.10000 0.01293 -0.06951 0.39405
0.06302 0.10000 0.01238 -0.02659 0.40679
0.06256 0.10000 0.01184 0.01589 0.41919
0.06212 0.10000 0.01130 0.05780 0.43109
0.06171 0.10000 0.01077 0.09906 0.44264
0.06132 0.10000 0.01024 0.13954 0.45382
0.06097 0.10000 0.00973 0.17910 0.46450
0.06063 0.10000 0.00922 0.21765 0.47477
0.06032 0.10000 0.00871 0.25515 0.48455
0.06003 0.10000 0.00822 0.29166 0.49394
0.05976 0.10000 0.00773 0.32749 0.50327
0.05952 0.10000 0.00724 0.36265 0.51237
0.05929 0.10000 0.00676 0.39669 0.52093
0.05908 0.10000 0.00628 0.42898 0.52872
0.05888 0.10000 0.00581 0.45982 0.53620
0.05871 0.10000 0.00535 0.49021 0.54384
0.05854 0.10000 0.00488 0.52006 0.55055
0.05840 0.10000 0.00442 0.54753 0.55493
0.05827 0.10000 0.00397 0.57195 0.55811
0.05816 0.10000 0.00355 0.59673 0.56396
0.05806 0.10000 0.00308 0.62281 0.57109
0.05797 0.10000 0.00259 0.64502 0.57335
0.05790 0.10000 0.00219 0.66214 0.57307
0.05784 0.10000 0.00183 0.68375 0.57764
0.05779 0.10000 0.00125 0.70585 0.58070
0.05776 0.10000 0.00060 0.72397 0.57854
0.05774 0.10000 0.00015 0.73575 0.57840
0.05773 0.10000 0.00000 0.74341 0.58338
0.05774 0.10000 -0.00015 0.75184 0.58962
0.05776 0.10000 -0.00060 0.76079 0.59412
0.05779 0.10000 -0.00125 0.76952 0.59687
0.05784 0.10000 -0.00183 0.77626 0.59476
0.05790 0.10000 -0.00219 0.78082 0.58849
0.05797 0.10000 -0.00259 0.78286 0.58206
0.05806 0.10000 -0.00308 0.78356 0.57773
0.05816 0.10000 -0.00355 0.78216 0.57480
0.05827 0.10000 -0.00397 0.77926 0.57286
0.05840 0.10000 -0.00442 0.77473 0.57125
0.05854 0.10000 -0.00488 0.76830 0.56839
0.05871 0.10000 -0.00535 0.76008 0.56402
0.05888 0.10000 -0.00581 0.75013 0.55915
0.05908 0.10000 -0.00628 0.73871 0.55444
0.05929 0.10000 -0.00676 0.72554 0.54947
0.05952 0.10000 -0.00724 0.71063 0.54380
0.05976 0.10000 -0.00773 0.69406 0.53743
0.06003 0.10000 -0.00822 0.67602 0.53059
0.06032 0.10000 -0.00871 0.65651 0.52349
0.06063 0.10000 -0.00922 0.63547 0.51598
0.06097 0.10000 -0.00973 0.61290 0.50803
0.06132 0.10000 -0.01024 0.58882 0.49966
0.06171 0.10000 -0.01077 0.56327 0.49075
0.06212 0.10000 -0.01130 0.53633 0.48137
0.06256 0.10000 -0.01184 0.50805 0.47152
0.06302 0.10000 -0.01238 0.47850 0.46114
0.06352 0.10000 -0.01293 0.44776 0.45034
0.06406 0.10000 -0.01349 0.41586 0.43910
0.06463 0.10000 -0.01405 0.38286 0.42731
0.06523 0.10000 -0.01462 0.34884 0.41509
0.06588 0.10000 -0.01520 0.31385 0.40230
0.06657 0.10000 -0.01578 0.27806 0.38873
0.06731 0.10000 -0.01637 0.24185 0.37447
0.06809 0.10000 -0.01696 0.20559 0.35955
0.06893 0.10000 -0.01755 0.16961 0.34407
0.06982 0.10000 -0.01814 0.13416 0.32825
0.07076 0.10000 -0.01874 0.09943 0.31195
0.07178 0.10000 -0.01933 0.06583 0.29498
0.07285 0.10000 -0.01993 0.03401 0.27753
0.07400 0.10000 -0.02052 0.00455 0.25968
0.07522 0.10000 -0.02110 -0.02195 0.24161
0.07653 0.10000 -0.02168 -0.04504 0.22372
0.07792 0.10000 -0.02224 -0.06440 0.20611
0.07940 0.10000 -0.02280 -0.07977 0.18892
0.08098 0.10000 -0.02335 -0.09097 0.17256
0.08266 0.10000 -0.02388 -0.09808 0.15724
0.08445 0.10000 -0.02441 -0.10122 0.14313
0.08637 0.10000 -0.02492 -0.10062 0.13066
0.08841 0.10000 -0.02541 -0.09680 0.12002
0.09059 0.10000 -0.02590 -0.09034 0.11141
0.09291 0.10000 -0.02638 -0.08211 0.10500
0.09538 0.10000 -0.02686 -0.07305 0.10049
0.09803 0.10000 -0.02733 -0.06388 0.09731
0.10084 0.10000 -0.02781 -0.05540 0.09482
0.10384 0.10000 -0.02831 -0.04834 0.09159
0.10704 0.10000 -0.02882 -0.04299 0.08677
0.11045 0.10000 -0.02934 -0.03950 0.08110
0.11409 0.10000 -0.02989 -0.03792 0.07556
0.11796 0.10000 -0.03045 -0.03794 0.07066
0.12209 0.10000 -0.03104 -0.03909 0.06647
0.12649 0.10000 -0.03164 -0.04098 0.06279
0.13116 0.10000 -0.03225 -0.04341 0.05941
0.13614 0.10000 -0.03289 -0.04630 0.05617
0.14143 0.10000 -0.03353 -0.04956 0.05301
0.14706 0.10000 -0.03419 -0.05308 0.04988
0.15304 0.10000 -0.03486 -0.05676 0.04679
0.15938 0.10000 -0.03553 -0.06056 0.04373
0.16611 0.10000 -0.03622 -0.06441 0.04073
0.17325 0.10000 -0.03691 -0.06829 0.03779
0.18081 0.10000 -0.03760 -0.07217 0.03492
0.18880 0.10000 -0.03829 -0.07606 0.03213
0.19725 0.10000 -0.03898 -0.07994 0.02943
0.20617 0.10000 -0.03967 -0.08381 0.02684
0.21557 0.10000 -0.04035 -0.08771 0.02438
0.22547 0.10000 -0.04102 -0.09165 0.02205
0.23588 0.10000 -0.04168 -0.09567 0.01985
0.24681 0.10000 -0.04232 -0.09981 0.01778
0.25827 0.10000 -0.04294 -0.10410 0.01585
0.27026 0.10000 -0.04355 -0.10857 0.01404
0.28278 0.10000 -0.04413 -0.11325 0.01235
0.29584 0.10000 -0.04467 -0.11817 0.01077
0.30943 0.10000 -0.04519 -0.12331 0.00927
0.32353 0.10000 -0.04566 -0.12867 0.00786
0.33814 0.10000 -0.04609 -0.13418 0.00653
0.35325 0.10000 -0.04646 -0.13978 0.00526
0.36882 0.10000 -0.04676 -0.14538 0.00408
0.38484 0.10000 -0.04700 -0.15083 0.00296
0.40127 0.10000 -0.04715 -0.15601 0.00196
0.41809 0.10000 -0.04722 -0.16074 0.00111
0.43525 0.10000 -0.04718 -0.16487 0.00047
0.45271 0.10000 -0.04704 -0.16820 0.00011
0.47043 0.10000 -0.04679 -0.17060 0.00000
0.48837 0.10000 -0.04642 -0.17198 0.00000
0.50646 0.10000 -0.04593 -0.17226 0.00000
0.52466 0.10000 -0.04532 -0.17134 0.00000
0.54291 0.10000 -0.04460 -0.16924 0.00000
0.56117 0.10000 -0.04376 -0.16603 0.00000
0.57937 0.10000 -0.04283 -0.16183 0.00000
0.59746 0.10000 -0.04180 -0.15677 0.00000
0.61539 0.10000 -0.04069 -0.15100 0.00000
0.63311 0.10000 -0.03952 -0.14470 0.00000
0.65058 0.10000 -0.03829 -0.13806 0.00000
0.66774 0.10000 -0.03702 -0.13122 0.00000
0.68455 0.10000 -0.03573 -0.12432 0.00000
0.70099 0.10000 -0.03442 -0.11748 0.00000
0.71701 0.10000 -0.03310 -0.11078 0.00000
0.73258 0.10000 -0.03179 -0.10427 0.00000
0.74768 0.10000 -0.03049 -0.09796 0.00000
0.76230 0.10000 -0.02920 -0.09186 0.00000
0.77640 0.10000 -0.02793 -0.08593 0.00000
0.78998 0.10000 -0.02669 -0.08013 0.00000
0.80304 0.10000 -0.02547 -0.07443 0.00000
0.81556 0.10000 -0.02428 -0.06876 0.00000
0.82755 0.10000 -0.02311 -0.06308 0.00000
0.83901 0.10000 -0.02198 -0.05735 0.00000
0.84994 0.10000 -0.02088 -0.05154 0.00000
0.86035 0.10000 -0.01981 -0.04563 0.00000
0.87026 0.10000 -0.01878 -0.03962 0.00000
0.87966 0.10000 -0.01777 -0.03350 0.00000
0.88858 0.10000 -0.01680 -0.02730 0.00000
0.89703 0.10000 -0.01587 -0.02103 0.00000
0.90502 0.10000 -0.01497 -0.01473 0.00000
0.91258 0.10000 -0.01411 -0.00843 0.00000
0.91971 0.10000 -0.01329 -0.00216 0.00000
0.92644 0.10000 -0.01250 0.00405 0.00000
0.93279 0.10000 -0.01175 0.01015 0.00000
0.93877 0.10000 -0.01103 0.01612 0.00000
0.94439 0.10000 -0.01035 0.02193 0.00000
0.94969 0.10000 -0.00971 0.02756 0.00000
0.95466 0.10000 -0.00910 0.03299 0.00000
0.95934 0.10000 -0.00853 0.03820 0.00000
0.96374 0.10000 -0.00799 0.04319 0.00000
0.96786 0.10000 -0.00748 0.04793 0.00000
0.97174 0.10000 -0.00700 0.05246 0.00000
0.97537 0.10000 -0.00655 0.05676 0.00000
0.97878 0.10000 -0.00613 0.06083 0.00000
0.98198 0.10000 -0.00573 0.06467 0.00000
0.98499 0.10000 -0.00536 0.06825 0.00000
0.98780 0.10000 -0.00502 0.07160 0.00000
0.99044 0.10000 -0.00469 0.07474 0.00000
0.99292 0.10000 -0.00439 0.07770 0.00000
0.99524 0.10000 -0.00410 0.08051 0.00000
0.99742 0.10000 -0.00384 0.08316 0.00000
0.99946 0.10000 -0.00359 0.08568 0.00000
1.00137 0.10000 -0.00335 0.08807 0.00000
1.00317 0.10000 -0.00313 0.09035 0.00000
1.00485 0.10000 -0.00292 0.09252 0.00000
1.00643 0.10000 -0.00273 0.09458 0.00000
1.00791 0.10000 -0.00255 0.09655 0.00000
1.00930 0.10000 -0.00237 0.09842 0.00000
1.01060 0.10000 -0.00221 0.10021 0.00000
1.01183 0.10000 -0.00206 0.10192 0.00000
1.01297 0.10000 -0.00192 0.10354 0.00000
1.01405 0.10000 -0.00178 0.10510 0.00000
1.01506 0.10000 -0.00166 0.10658 0.00000
1.01601 0.10000 -0.00154 0.10800 0.00000
1.01690 0.10000 -0.00143 0.10935 0.00000
1.01773 0.10000 -0.00132 0.11064 0.00000
1.01852 0.10000 -0.00122 0.11187 0.00000
1.01925 0.10000 -0.00113 0.11305 0.00000
1.01994 0.10000 -0.00104 0.11418 0.00000
1.02059 0.10000 -0.00096 0.11525 0.00000
1.02120 0.10000 -0.00088 0.11628 0.00000
1.02177 0.10000 -0.00081 0.11727 0.00000
1.02230 0.10000 -0.00074 0.11821 0.00000
1.02280 0.10000 -0.00068 0.11911 0.00000
1.02327 0.10000 -0.00062 0.11997 0.00000
1.02371 0.10000 -0.00056 0.12079 0.00000
1.02412 0.10000 -0.00051 0.12158 0.00000
1.02450 0.10000 -0.00046 0.12233 0.00000
1.02486 0.10000 -0.00042 0.12305 0.00000
1.02519 0.10000 -0.00037 0.12374 0.00000
1.02550 0.10000 -0.00033 0.12439 0.00000
1.02579 0.10000 -0.00030 0.12502 0.00000
1.02606 0.10000 -0.00026 0.12561 0.00000
1.02631 0.10000 -0.00023 0.12619 0.00000
1.02654 0.10000 -0.00020 0.12672 0.00000
1.02675 0.10000 -0.00017 0.12725 0.00000
1.02694 0.10000 -0.00015 0.12773 0.00000
1.02712 0.10000 -0.00013 0.12821 0.00000
1.02728 0.10000 -0.00010 0.12864 0.00000
1.02743 0.10000 -0.00009 0.12906 0.00000
1.02756 0.10000 -0.00007 0.12944 0.00000
1.02767 0.10000 -0.00005 0.12984 0.00000
1.02777 0.10000 -0.00004 0.13008 0.00000
1.02786 0.10000 -0.00003 0.13044 0.00000
1.02793 0.10000 -0.00002 0.13050 0.00000
1.02799 0.10000 -0.00001 0.13064 0.00000
1.02803 0.10000 -0.00001 0.13038 0.00000
1.02807 0.10000 -0.00000 0.12926 0.00000
1.02809 0.10000 -0.00000 0.12893 0.00000
1.02809 0.10000 0.00000 0.12823 0.00000
1.02809 0.10000 0.00000 0.13030 0.00000
1.02807 0.10000 0.00000 0.12929 0.00000
1.02803 0.10000 0.00001 0.12936 0.00000
1.02799 0.10000 0.00001 0.12937 0.00000
1.02793 0.10000 0.00002 0.12926 0.00000
1.02786 0.10000 0.00003 0.12911 0.00000
1.02777 0.10000 0.00004 0.12887 0.00000
1.02767 0.10000 0.00005 0.12861 0.00000
1.02756 0.10000 0.00007 0.12831 0.00000
1.02743 0.10000 0.00009 0.12798 0.00000
1.02728 0.10000 0.00010 0.12762 0.00000
1.02712 0.10000 0.00013 0.12724 0.00000
1.02694 0.10000 0.00015 0.12682 0.00000
1.02675 0.10000 0.00017 0.12639 0.00000
1.02654 0.10000 0.00020 0.12592 0.00000
1.02631 0.10000 0.00023 0.12542 0.00000
1.02606 0.10000 0.00026 0.12490 0.00000
1.02579 0.10000 0.00030 0.12435 0.00000
1.02550 0.10000 0.00033 0.12376 0.00000
1.02519 0.10000 0.00037 0.12315 0.00000
1.02486 0.10000 0.00042 0.12250 0.00000
1.02450 0.10000 0.00046 0.12182 0.00000
1.02412 0.10000 0.00051 0.12110 0.00000
1.02371 0.10000 0.00056 0.12034 0.00000
1.02327 0.10000 0.00062 0.11955 0.00000
1.02280 0.10000 0.00068 0.11872 0.00000
1.02230 0.10000 0.00074 0.11784 0.00000
1.02177 0.10000 0.00081 0.11692 0.00000
1.02120 0.10000 0.00088 0.11595 0.00000
1.02059 0.10000 0.00096 0.11493 0.00000
1.01994 0.10000 0.00104 0.11386 0.00000
1.01925 0.10000 0.00113 0.11274 0.00000
1.01852 0.10000 0.00122 0.11155 0.00000
1.01773 0.10000 0.00132 0.11031 0.00000
1.01690 0.10000 0.00143 0.10900 0.00000
1.01601 0.10000 0.00154 0.10762 0.00000
1.01506 0.10000 0.00166 0.10617 0.00000
1.01405 0.10000 0.00178 0.10464 0.00000
1.01297 0.10000 0.00192 0.10303 0.00000
1.01183 0.10000 0.00206 0.10133 0.00000
1.01060 0.10000 0.00221 0.09955 0.00000
1.00930 0.10000 0.00237 0.09766 0.00000
1.00791 0.10000 0.00255 0.09567 0.00000
1.00643 0.10000 0.00273 0.09357 0.00000
1.00485 0.10000 0.00292 0.09136 0.00000
1.00317 0.10000 0.00313 0.08902 0.00000

ZONE T="SLICE_Y_0p75_BINS15_KS_1mm_CUTDATA"
1.18928 0.75000 0.00269 0.09659 0.00000
1.18775 0.75000 0.00287 0.09453 0.00000
1.18611 0.75000 0.00308 0.09235 0.00000
1.18437 0.75000 0.00329 0.09003 0.00000
1.18251 0.75000 0.00352 0.08757 0.00000
1.18052 0.75000 0.00376 0.08494 0.00000
1.17841 0.75000 0.00402 0.08215 0.00000
1.17615 0.75000 0.00430 0.07916 0.00000
1.17374 0.75000 0.00459 0.07595 0.00000
1.17118 0.75000 0.00491 0.07251 0.00000
1.16844 0.75000 0.00525 0.06883 0.00000
1.16553 0.75000 0.00561 0.06492 0.00000
1.16243 0.75000 0.00599 0.06076 0.00000
1.15912 0.75000 0.00640 0.05636 0.00000
1.15560 0.75000 0.00684 0.05168 0.00000
1.15185 0.75000 0.00730 0.04674 0.00000
1.14786 0.75000 0.00778 0.04152 0.00000
1.14362 0.75000 0.00830 0.03602 0.00000
1.13911 0.75000 0.00884 0.03026 0.00000
1.13432 0.75000 0.00942 0.02424 0.00000
1.12923 0.75000 0.01002 0.01796 0.00000
1.12384 0.75000 0.01065 0.01144 0.00000
1.11812 0.75000 0.01131 0.00469 0.00000
1.11206 0.75000 0.01200 -0.00225 0.00000
1.10565 0.75000 0.01272 -0.00938 0.00000
1.09888 0.75000 0.01347 -0.01667 0.00000
1.09174 0.75000 0.01424 -0.02411 0.00000
1.08420 0.75000 0.01505 -0.03167 0.00000
1.07626 0.75000 0.01588 -0.03935 0.00000
1.06792 0.75000 0.01674 -0.04714 0.00000
1.05916 0.75000 0.01762 -0.05505 0.00000
1.04998 0.75000 0.01853 -0.06309 0.00000
1.04037 0.75000 0.01946 -0.07129 0.00000
1.03033 0.75000 0.02041 -0.07969 0.00000
1.01987 0.75000 0.02139 -0.08832 0.00000
1.00898 0.75000 0.02239 -0.09724 0.00000
0.99767 0.75000 0.02340 -0.10650 0.00000
0.98596 0.75000 0.02443 -0.11613 0.00000
0.97386 0.75000 0.02548 -0.12619 0.00000
0.96138 0.75000 0.02653 -0.13668 0.00000
0.94854 0.75000 0.02759 -0.14760 0.00000
0.93537 0.75000 0.02864 -0.15894 0.00000
0.92189 0.75000 0.02967 -0.17063 0.00000
0.90814 0.75000 0.03069 -0.18259 0.00000
0.89414 0.75000 0.03167 -0.19469 0.00000
0.87994 0.75000 0.03261 -0.20679 0.00000
0.86556 0.75000 0.03350 -0.21872 0.00000
0.85106 0.75000 0.03432 -0.23030 0.00000
0.83648 0.75000 0.03507 -0.24135 0.00000
0.82185 0.75000 0.03574 -0.25171 0.00000
0.80722 0.75000 0.03632 -0.26124 0.00000
0.79263 0.75000 0.03681 -0.26983 0.00000
0.77813 0.75000 0.03720 -0.27743 0.00000
0.76376 0.75000 0.03750 -0.28404 0.00000
0.74955 0.75000 0.03770 -0.28971 0.00000
0.73556 0.75000 0.03782 -0.29452 0.00000
0.72180 0.75000 0.03784 -0.29859 0.00000
0.70833 0.75000 0.03779 -0.30208 0.00000
0.69516 0.75000 0.03767 -0.30514 0.00000
0.68232 0.75000 0.03748 -0.30793 0.00000
0.66984 0.75000 0.03723 -0.31061 0.00000
0.65773 0.75000 0.03694 -0.31332 0.00000
0.64602 0.75000 0.03660 -0.31616 0.00000
0.63472 0.75000 0.03622 -0.31924 0.00000
0.62383 0.75000 0.03580 -0.32260 0.00000
0.61337 0.75000 0.03536 -0.32630 0.00000
0.60333 0.75000 0.03490 -0.33035 0.00000
0.59372 0.75000 0.03442 -0.33475 0.00000
0.58454 0.75000 0.03392 -0.33948 0.00001
0.57578 0.75000 0.03340 -0.34452 0.00006
0.56743 0.75000 0.03287 -0.34984 0.00021
0.55950 0.75000 0.03234 -0.35541 0.00051
0.55196 0.75000 0.03179 -0.36121 0.00096
0.54481 0.75000 0.03124 -0.36720 0.00159
0.53804 0.75000 0.03069 -0.37339 0.00237
0.53163 0.75000 0.03013 -0.37976 0.00331
0.52558 0.75000 0.02958 -0.38635 0.00441
0.51986 0.75000 0.02903 -0.39319 0.00569
0.51446 0.75000 0.02848 -0.40033 0.00713
0.50938 0.75000 0.02794 -0.40782 0.00878
0.50459 0.75000 0.02740 -0.41578 0.01068
0.50008 0.75000 0.02687 -0.42431 0.01280
0.49584 0.75000 0.02636 -0.43357 0.01515
0.49185 0.75000 0.02585 -0.44373 0.01770
0.48810 0.75000 0.02536 -0.45492 0.02032
0.48458 0.75000 0.02488 -0.46733 0.02273
0.48127 0.75000 0.02441 -0.48126 0.02447
0.47816 0.75000 0.02395 -0.49716 0.02525
0.47525 0.75000 0.02352 -0.51557 0.02476
0.47252 0.75000 0.02310 -0.53679 0.02318
0.46995 0.75000 0.02269 -0.56092 0.02151
0.46754 0.75000 0.02229 -0.58800 0.02026
0.46529 0.75000 0.02191 -0.61776 0.01988
0.46317 0.75000 0.02152 -0.64942 0.02094
0.46119 0.75000 0.02114 -0.68210 0.02353
0.45933 0.75000 0.02076 -0.71478 0.02840
0.45758 0.75000 0.02037 -0.74619 0.03505
0.45595 0.75000 0.01997 -0.77512 0.04423
0.45441 0.75000 0.01956 -0.80051 0.05547
0.45297 0.75000 0.01914 -0.82121 0.06916
0.45162 0.75000 0.01871 -0.83643 0.08456
0.45036 0.75000 0.01827 -0.84572 0.10168
0.44917 0.75000 0.01783 -0.84819 0.12028
0.44806 0.75000 0.01737 -0.84362 0.13963
0.44701 0.75000 0.01691 -0.83255 0.15989
0.44603 0.75000 0.01644 -0.81491 0.18044
0.44511 0.75000 0.01597 -0.79107 0.20087
0.44425 0.75000 0.01550 -0.76192 0.22123
0.44344 0.75000 0.01502 -0.72827 0.24121
0.44268 0.75000 0.01454 -0.69111 0.26052
0.44197 0.75000 0.01407 -0.65104 0.27939
0.44130 0.75000 0.01359 -0.60829 0.29799
0.44067 0.75000 0.01312 -0.56324 0.31604
0.44008 0.75000 0.01265 -0.51645 0.33342
0.43953 0.75000 0.01218 -0.46860 0.35019
0.43901 0.75000 0.01172 -0.42040 0.36610
0.43852 0.75000 0.01126 -0.37222 0.38139
0.43806 0.75000 0.01081 -0.32412 0.39627
0.43764 0.75000 0.01036 -0.27626 0.41058
0.43724 0.75000 0.00992 -0.22869 0.42449
0.43686 0.75000 0.00949 -0.18142 0.43808
0.43651 0.75000 0.00906 -0.13464 0.45115
0.43618 0.75000 0.00863 -0.08845 0.46378
0.43587 0.75000 0.00821 -0.04298 0.47592
0.43559 0.75000 0.00780 0.00158 0.48742
0.43532 0.75000 0.00739 0.04518 0.49849
0.43507 0.75000 0.00698 0.08774 0.50918
0.43484 0.75000 0.00659 0.12937 0.51968
0.43462 0.75000 0.00619 0.17042 0.53030
0.43442 0.75000 0.00580 0.21089 0.54060
0.43424 0.75000 0.00542 0.25026 0.54992
0.43407 0.75000 0.00503 0.28781 0.55783
0.43392 0.75000 0.00466 0.32386 0.56494
0.43377 0.75000 0.00429 0.35965 0.57221
0.43365 0.75000 0.00391 0.39506 0.57894
0.43353 0.75000 0.00354 0.42788 0.58378
0.43343 0.75000 0.00319 0.45722 0.58774
0.43333 0.75000 0.00284 0.48726 0.59470
0.43325 0.75000 0.00247 0.51944 0.60301
0.43318 0.75000 0.00208 0.54716 0.60584
0.43313 0.75000 0.00175 0.56852 0.60587
0.43308 0.75000 0.00146 0.59614 0.61188
0.43304 0.75000 0.00100 0.62563 0.61734
0.43302 0.75000 0.00048 0.65020 0.61730
0.43300 0.75000 0.00012 0.66622 0.61801
0.43300 0.75000 0.00000 0.67708 0.62330
0.43300 0.75000 -0.00012 0.68977 0.62899
0.43302 0.75000 -0.00048 0.70330 0.63101
0.43304 0.75000 -0.00100 0.71761 0.63036
0.43308 0.75000 -0.00146 0.73010 0.62542
0.43313 0.75000 -0.00175 0.74000 0.61778
0.43318 0.75000 -0.00208 0.74642 0.61154
0.43325 0.75000 -0.00247 0.75099 0.60869
0.43333 0.75000 -0.00284 0.75382 0.60722
0.43343 0.75000 -0.00319 0.75518 0.60596
0.43353 0.75000 -0.00354 0.75419 0.60457
0.43365 0.75000 -0.00391 0.75179 0.60190
0.43377 0.75000 -0.00429 0.74736 0.59777
0.43392 0.75000 -0.00466 0.74092 0.59308
0.43407 0.75000 -0.00503 0.73280 0.58846
0.43424 0.75000 -0.00542 0.72268 0.58357
0.43442 0.75000 -0.00580 0.71078 0.57798
0.43462 0.75000 -0.00619 0.69700 0.57167
0.43484 0.75000 -0.00659 0.68158 0.56485
0.43507 0.75000 -0.00698 0.66445 0.55772
0.43532 0.75000 -0.00739 0.64564 0.55013
0.43559 0.75000 -0.00780 0.62509 0.54206
0.43587 0.75000 -0.00821 0.60286 0.53354
0.43618 0.75000 -0.00863 0.57896 0.52446
0.43651 0.75000 -0.00906 0.55346 0.51489
0.43686 0.75000 -0.00949 0.52642 0.50482
0.43724 0.75000 -0.00992 0.49789 0.49417
0.43764 0.75000 -0.01036 0.46795 0.48307
0.43806 0.75000 -0.01081 0.43665 0.47146
0.43852 0.75000 -0.01126 0.40402 0.45926
0.43901 0.75000 -0.01172 0.37017 0.44659
0.43953 0.75000 -0.01218 0.33512 0.43328
0.44008 0.75000 -0.01265 0.29907 0.41914
0.44067 0.75000 -0.01312 0.26236 0.40424
0.44130 0.75000 -0.01359 0.22537 0.38861
0.44197 0.75000 -0.01407 0.18840 0.37234
0.44268 0.75000 -0.01454 0.15172 0.35563
0.44344 0.75000 -0.01502 0.11552 0.33834
0.44425 0.75000 -0.01550 0.08023 0.32029
0.44511 0.75000 -0.01597 0.04648 0.30163
0.44603 0.75000 -0.01644 0.01488 0.28247
0.44701 0.75000 -0.01691 -0.01399 0.26295
0.44806 0.75000 -0.01737 -0.03962 0.24341
0.44917 0.75000 -0.01783 -0.06169 0.22407
0.45036 0.75000 -0.01827 -0.07982 0.20506
0.45162 0.75000 -0.01871 -0.09386 0.18676
0.45297 0.75000 -0.01914 -0.10372 0.16940
0.45441 0.75000 -0.01956 -0.10962 0.15317
0.45595 0.75000 -0.01997 -0.11186 0.13856
0.45758 0.75000 -0.02037 -0.11059 0.12583
0.45933 0.75000 -0.02076 -0.10657 0.11532
0.46119 0.75000 -0.02114 -0.10061 0.10732
0.46317 0.75000 -0.02152 -0.09351 0.10176
0.46529 0.75000 -0.02191 -0.08608 0.09846
0.46754 0.75000 -0.02229 -0.07915 0.09734
0.46995 0.75000 -0.02269 -0.07353 0.09723
0.47252 0.75000 -0.02310 -0.06959 0.09651
0.47525 0.75000 -0.02352 -0.06732 0.09408
0.47816 0.75000 -0.02395 -0.06676 0.08944
0.48127 0.75000 -0.02441 -0.06780 0.08330
0.48458 0.75000 -0.02488 -0.06980 0.07712
0.48810 0.75000 -0.02536 -0.07244 0.07178
0.49185 0.75000 -0.02585 -0.07556 0.06730
0.49584 0.75000 -0.02636 -0.07903 0.06335
0.50008 0.75000 -0.02687 -0.08279 0.05965
0.50459 0.75000 -0.02740 -0.08674 0.05608
0.50938 0.75000 -0.02794 -0.09077 0.05258
0.51446 0.75000 -0.02848 -0.09482 0.04916
0.51986 0.75000 -0.02903 -0.09883 0.04581
0.52558 0.75000 -0.02958 -0.10277 0.04254
0.53163 0.75000 -0.03013 -0.10663 0.03935
0.53804 0.75000 -0.03069 -0.11037 0.03625
0.54481 0.75000 -0.03124 -0.11401 0.03325
0.55196 0.75000 -0.03179 -0.11755 0.03037
0.55950 0.75000 -0.03234 -0.12100 0.02763
0.56743 0.75000 -0.03287 -0.12441 0.02503
0.57578 0.75000 -0.03340 -0.12780 0.02257
0.58454 0.75000 -0.03392 -0.13121 0.02026
0.59372 0.75000 -0.03442 -0.13467 0.01809
0.60333 0.75000 -0.03490 -0.13821 0.01606
0.61337 0.75000 -0.03536 -0.14186 0.01415
0.62383 0.75000 -0.03580 -0.14564 0.01235
0.63472 0.75000 -0.03622 -0.14953 0.01065
0.64602 0.75000 -0.03660 -0.15351 0.00905
0.65773 0.75000 -0.03694 -0.15753 0.00752
0.66984 0.75000 -0.03723 -0.16153 0.00606
0.68232 0.75000 -0.03748 -0.16539 0.00469
0.69516 0.75000 -0.03767 -0.16900 0.00341
0.70833 0.75000 -0.03779 -0.17222 0.00225
0.72180 0.75000 -0.03784 -0.17490 0.00126
0.73556 0.75000 -0.03782 -0.17688 0.00053
0.74955 0.75000 -0.03770 -0.17804 0.00012
0.76376 0.75000 -0.03750 -0.17829 0.00000
0.77813 0.75000 -0.03720 -0.17736 0.00000
0.79263 0.75000 -0.03681 -0.17535 0.00000
0.80722 0.75000 -0.03632 -0.17224 0.00000
0.82185 0.75000 -0.03574 -0.16800 0.00000
0.83648 0.75000 -0.03507 -0.16278 0.00000
0.85106 0.75000 -0.03432 -0.15668 0.00000
0.86556 0.75000 -0.03350 -0.14985 0.00000
0.87994 0.75000 -0.03261 -0.14245 0.00000
0.89414 0.75000 -0.03167 -0.13469 0.00000
0.90814 0.75000 -0.03069 -0.12672 0.00000
0.92189 0.75000 -0.02967 -0.11869 0.00000
0.93537 0.75000 -0.02864 -0.11074 0.00000
0.94854 0.75000 -0.02759 -0.10297 0.00000
0.96138 0.75000 -0.02653 -0.09545 0.00000
0.97386 0.75000 -0.02548 -0.08821 0.00000
0.98596 0.75000 -0.02443 -0.08127 0.00000
0.99767 0.75000 -0.02340 -0.07461 0.00000
1.00898 0.75000 -0.02239 -0.06820 0.00000
1.01987 0.75000 -0.02139 -0.06201 0.00000
1.03033 0.75000 -0.02041 -0.05598 0.00000
1.04037 0.75000 -0.01946 -0.05006 0.00000
1.04998 0.75000 -0.01853 -0.04421 0.00000
1.05916 0.75000 -0.01762 -0.03839 0.00000
1.06792 0.75000 -0.01674 -0.03257 0.00000
1.07626 0.75000 -0.01588 -0.02672 0.00000
1.08420 0.75000 -0.01505 -0.02084 0.00000
1.09174 0.75000 -0.01424 -0.01493 0.00000
1.09888 0.75000 -0.01347 -0.00901 0.00000
1.10565 0.75000 -0.01272 -0.00309 0.00000
1.11206 0.75000 -0.01200 0.00281 0.00000
1.11812 0.75000 -0.01131 0.00865 0.00000
1.12384 0.75000 -0.01065 0.01443 0.00000
1.12923 0.75000 -0.01002 0.02010 0.00000
1.13432 0.75000 -0.00942 0.02564 0.00000
1.13911 0.75000 -0.00884 0.03103 0.00000
1.14362 0.75000 -0.00830 0.03624 0.00000
1.14786 0.75000 -0.00778 0.04127 0.00000
1.15185 0.75000 -0.00730 0.04610 0.00000
1.15560 0.75000 -0.00684 0.05072 0.00000
1.15912 0.75000 -0.00640 0.05513 0.00000
1.16243 0.75000 -0.00599 0.05931 0.00000
1.16553 0.75000 -0.00561 0.06329 0.00000
1.16844 0.75000 -0.00525 0.06706 0.00000
1.17118 0.75000 -0.00491 0.07062 0.00000
1.17374 0.75000 -0.00459 0.07397 0.00000
1.17615 0.75000 -0.00430 0.07709 0.00000
1.17841 0.75000 -0.00402 0.08001 0.00000
1.18052 0.75000 -0.00376 0.08274 0.00000
1.18251 0.75000 -0.00352 0.08531 0.00000
1.18437 0.75000 -0.00329 0.08774 0.00000
1.18611 0.75000 -0.00308 0.09004 0.00000
1.18775 0.75000 -0.00287 0.09222 0.00000
1.18928 0.75000 -0.00269 0.09429 0.00000
1.19072 0.75000 -0.00251 0.09626 0.00000
1.19207 0.75000 -0.00234 0.09813 0.00000
1.19334 0.75000 -0.00219 0.09992 0.00000
1.19452 0.75000 -0.00204 0.10162 0.00000
1.19564 0.75000 -0.00190 0.10324 0.00000
1.19668 0.75000 -0.00177 0.10478 0.00000
1.19766 0.75000 -0.00165 0.10626 0.00000
1.19858 0.75000 -0.00154 0.10767 0.00000
1.19944 0.75000 -0.00143 0.10901 0.00000
1.20025 0.75000 -0.00133 0.11030 0.00000
1.20101 0.75000 -0.00123 0.11152 0.00000
1.20173 0.75000 -0.00114 0.11269 0.00000
1.20240 0.75000 -0.00106 0.11381 0.00000
1.20303 0.75000 -0.00098 0.11488 0.00000
1.20361 0.75000 -0.00090 0.11590 0.00000
1.20417 0.75000 -0.00083 0.11688 0.00000
1.20469 0.75000 -0.00077 0.11781 0.00000
1.20517 0.75000 -0.00071 0.11871 0.00000
1.20563 0.75000 -0.00065 0.11956 0.00000
1.20606 0.75000 -0.00059 0.12038 0.00000
1.20646 0.75000 -0.00054 0.12116 0.00000
1.20683 0.75000 -0.00050 0.12191 0.00000
1.20719 0.75000 -0.00045 0.12262 0.00000
1.20751 0.75000 -0.00041 0.12330 0.00000
1.20782 0.75000 -0.00037 0.12396 0.00000
1.20811 0.75000 -0.00033 0.12458 0.00000
1.20838 0.75000 -0.00030 0.12518 0.00000
1.20862 0.75000 -0.00027 0.12574 0.00000
1.20886 0.75000 -0.00024 0.12629 0.00000
1.20907 0.75000 -0.00021 0.12680 0.00000
1.20927 0.75000 -0.00018 0.12730 0.00000
1.20945 0.75000 -0.00016 0.12776 0.00000
1.20962 0.75000 -0.00014 0.12821 0.00000
1.20978 0.75000 -0.00012 0.12862 0.00000
1.20992 0.75000 -0.00010 0.12903 0.00000
1.21005 0.75000 -0.00008 0.12939 0.00000
1.21016 0.75000 -0.00007 0.12974 0.00000
1.21027 0.75000 -0.00006 0.13004 0.00000
1.21036 0.75000 -0.00004 0.13038 0.00000
1.21044 0.75000 -0.00003 0.13055 0.00000
1.21051 0.75000 -0.00002 0.13083 0.00000
1.21057 0.75000 -0.00002 0.13084 0.00000
1.21062 0.75000 -0.00001 0.13094 0.00000
1.21065 0.75000 -0.00001 0.13052 0.00000
1.21068 0.75000 -0.00000 0.12932 0.00000
1.21069 0.75000 -0.00000 0.12896 0.00000
1.21070 0.75000 0.00000 0.12801 0.00000
1.21069 0.75000 0.00000 0.13024 0.00000
1.21068 0.75000 0.00000 0.12964 0.00000
1.21065 0.75000 0.00001 0.12986 0.00000
1.21062 0.75000 0.00001 0.13001 0.00000
1.21057 0.75000 0.00002 0.13000 0.00000
1.21051 0.75000 0.00002 0.12995 0.00000
1.21044 0.75000 0.00003 0.12980 0.00000
1.21036 0.75000 0.00004 0.12963 0.00000
1.21027 0.75000 0.00006 0.12941 0.00000
1.21016 0.75000 0.00007 0.12916 0.00000
1.21005 0.75000 0.00008 0.12888 0.00000
1.20992 0.75000 0.00010 0.12858 0.00000
1.20978 0.75000 0.00012 0.12826 0.00000
1.20962 0.75000 0.00014 0.12791 0.00000
1.20945 0.75000 0.00016 0.12754 0.00000
1.20927 0.75000 0.00018 0.12715 0.00000
1.20907 0.75000 0.00021 0.12674 0.00000
1.20886 0.75000 0.00024 0.12630 0.00000
1.20862 0.75000 0.00027 0.12584 0.00000
1.20838 0.75000 0.00030 0.12536 0.00000
1.20811 0.75000 0.00033 0.12484 0.00000
1.20782 0.75000 0.00037 0.12430 0.00000
1.20751 0.75000 0.00041 0.12374 0.00000
1.20719 0.75000 0.00045 0.12314 0.00000
1.20683 0.75000 0.00050 0.12252 0.00000
1.20646 0.75000 0.00054 0.12186 0.00000
1.20606 0.75000 0.00059 0.12117 0.00000
1.20563 0.75000 0.00065 0.12045 0.00000
1.20517 0.75000 0.00071 0.11969 0.00000
1.20469 0.75000 0.00077 0.11889 0.00000
1.20417 0.75000 0.00083 0.11805 0.00000
1.20361 0.75000 0.00090 0.11716 0.00000
1.20303 0.75000 0.00098 0.11624 0.00000
1.20240 0.75000 0.00106 0.11526 0.00000
1.20173 0.75000 0.00114 0.11423 0.00000
1.20101 0.75000 0.00123 0.11315 0.00000
1.20025 0.75000 0.00133 0.11201 0.00000
1.19944 0.75000 0.00143 0.11081 0.00000
1.19858 0.75000 0.00154 0.10955 0.00000
1.19766 0.75000 0.00165 0.10822 0.00000
1.19668 0.75000 0.00177 0.10682 0.00000
1.19564 0.75000 0.00190 0.10533 0.00000
1.19452 0.75000 0.00204 0.10377 0.00000
1.19334 0.75000 0.00219 0.10212 0.00000
1.19207 0.75000 0.00234 0.10038 0.00000

ZONE T="SLICE_Y_1p4_BINS15_KS_1mm_CUTDATA"
0.87790 1.40000 0.02225 -0.35164 0.00727
0.87360 1.40000 0.02184 -0.36072 0.00922
0.86954 1.40000 0.02142 -0.37000 0.01133
0.86572 1.40000 0.02102 -0.37953 0.01358
0.86212 1.40000 0.02061 -0.38940 0.01586
0.85872 1.40000 0.02022 -0.39972 0.01804
0.85553 1.40000 0.01983 -0.41063 0.01990
0.85253 1.40000 0.01945 -0.42229 0.02116
0.84971 1.40000 0.01908 -0.43483 0.02161
0.84706 1.40000 0.01871 -0.44844 0.02112
0.84457 1.40000 0.01836 -0.46338 0.02003
0.84224 1.40000 0.01802 -0.48008 0.01828
0.84004 1.40000 0.01769 -0.49901 0.01608
0.83799 1.40000 0.01737 -0.52043 0.01449
0.83606 1.40000 0.01707 -0.54442 0.01371
0.83425 1.40000 0.01677 -0.57103 0.01358
0.83255 1.40000 0.01648 -0.59997 0.01455
0.83096 1.40000 0.01619 -0.63055 0.01738
0.82947 1.40000 0.01591 -0.66195 0.02154
0.82807 1.40000 0.01562 -0.69323 0.02816
0.82675 1.40000 0.01532 -0.72322 0.03702
0.82552 1.40000 0.01502 -0.75080 0.04893
0.82437 1.40000 0.01471 -0.77490 0.06304
0.82329 1.40000 0.01440 -0.79448 0.07974
0.82227 1.40000 0.01408 -0.80876 0.09814
0.82132 1.40000 0.01375 -0.81730 0.11828
0.82043 1.40000 0.01341 -0.81932 0.13954
0.81959 1.40000 0.01307 -0.81442 0.16173
0.81880 1.40000 0.01272 -0.80325 0.18422
0.81807 1.40000 0.01237 -0.78579 0.20691
0.81737 1.40000 0.01201 -0.76234 0.22958
0.81672 1.40000 0.01166 -0.73379 0.25178
0.81612 1.40000 0.01130 -0.70087 0.27338
0.81554 1.40000 0.01094 -0.66456 0.29420
0.81501 1.40000 0.01058 -0.62540 0.31444
0.81450 1.40000 0.01022 -0.58362 0.33434
0.81403 1.40000 0.00987 -0.53961 0.35370
0.81359 1.40000 0.00952 -0.49393 0.37229
0.81317 1.40000 0.00916 -0.44723 0.39006
0.81278 1.40000 0.00882 -0.40018 0.40689
0.81241 1.40000 0.00847 -0.35313 0.42305
0.81207 1.40000 0.00813 -0.30614 0.43877
0.81175 1.40000 0.00780 -0.25938 0.45390
0.81145 1.40000 0.00746 -0.21292 0.46856
0.81117 1.40000 0.00714 -0.16677 0.48282
0.81090 1.40000 0.00681 -0.12111 0.49647
0.81065 1.40000 0.00649 -0.07606 0.50960
0.81042 1.40000 0.00618 -0.03173 0.52226
0.81021 1.40000 0.00587 0.01169 0.53438
0.81001 1.40000 0.00556 0.05416 0.54620
0.80982 1.40000 0.00525 0.09560 0.55768
0.80964 1.40000 0.00495 0.13611 0.56885
0.80948 1.40000 0.00466 0.17600 0.57979
0.80933 1.40000 0.00436 0.21525 0.58999
0.80919 1.40000 0.00407 0.25337 0.59892
0.80907 1.40000 0.00379 0.28973 0.60645
0.80895 1.40000 0.00351 0.32464 0.61354
0.80884 1.40000 0.00323 0.35920 0.62124
0.80875 1.40000 0.00294 0.39322 0.62872
0.80866 1.40000 0.00267 0.42476 0.63434
0.80858 1.40000 0.00240 0.45304 0.63886
0.80851 1.40000 0.00214 0.48196 0.64607
0.80845 1.40000 0.00186 0.51249 0.65443
0.80840 1.40000 0.00156 0.53870 0.65736
0.80836 1.40000 0.00132 0.55930 0.65750
0.80832 1.40000 0.00110 0.58544 0.66345
0.80829 1.40000 0.00075 0.61286 0.66909
0.80827 1.40000 0.00036 0.63575 0.66936
0.80826 1.40000 0.00009 0.65076 0.66988
0.80826 1.40000 0.00000 0.66089 0.67435
0.80826 1.40000 -0.00009 0.67243 0.67933
0.80827 1.40000 -0.00036 0.68454 0.68125
0.80829 1.40000 -0.00075 0.69745 0.68089
0.80832 1.40000 -0.00110 0.70846 0.67640
0.80836 1.40000 -0.00132 0.71680 0.66961
0.80840 1.40000 -0.00156 0.72185 0.66427
0.80845 1.40000 -0.00186 0.72527 0.66129
0.80851 1.40000 -0.00214 0.72700 0.65896
0.80858 1.40000 -0.00240 0.72675 0.65702
0.80866 1.40000 -0.00267 0.72470 0.65531
0.80875 1.40000 -0.00294 0.72085 0.65238
0.80884 1.40000 -0.00323 0.71508 0.64791
0.80895 1.40000 -0.00351 0.70747 0.64279
0.80907 1.40000 -0.00379 0.69812 0.63770
0.80919 1.40000 -0.00407 0.68692 0.63227
0.80933 1.40000 -0.00436 0.67384 0.62612
0.80948 1.40000 -0.00466 0.65895 0.61925
0.80964 1.40000 -0.00495 0.64239 0.61189
0.80982 1.40000 -0.00525 0.62419 0.60421
0.81001 1.40000 -0.00556 0.60430 0.59606
0.81021 1.40000 -0.00587 0.58270 0.58739
0.81042 1.40000 -0.00618 0.55943 0.57824
0.81065 1.40000 -0.00649 0.53452 0.56851
0.81090 1.40000 -0.00681 0.50802 0.55826
0.81117 1.40000 -0.00714 0.48001 0.54749
0.81145 1.40000 -0.00746 0.45052 0.53612
0.81175 1.40000 -0.00780 0.41966 0.52427
0.81207 1.40000 -0.00813 0.38746 0.51188
0.81241 1.40000 -0.00847 0.35396 0.49885
0.81278 1.40000 -0.00882 0.31927 0.48531
0.81317 1.40000 -0.00916 0.28342 0.47109
0.81359 1.40000 -0.00952 0.24660 0.45598
0.81403 1.40000 -0.00987 0.20917 0.44006
0.81450 1.40000 -0.01022 0.17148 0.42334
0.81501 1.40000 -0.01058 0.13388 0.40592
0.81554 1.40000 -0.01094 0.09662 0.38799
0.81612 1.40000 -0.01130 0.05993 0.36941
0.81672 1.40000 -0.01166 0.02422 0.34998
0.81737 1.40000 -0.01201 -0.00989 0.32984
0.81807 1.40000 -0.01237 -0.04178 0.30910
0.81880 1.40000 -0.01272 -0.07088 0.28790
0.81959 1.40000 -0.01307 -0.09667 0.26658
0.82043 1.40000 -0.01341 -0.11883 0.24528
0.82132 1.40000 -0.01375 -0.13702 0.22424
0.82227 1.40000 -0.01408 -0.15105 0.20385
0.82329 1.40000 -0.01440 -0.16093 0.18427
0.82437 1.40000 -0.01471 -0.16677 0.16572
0.82552 1.40000 -0.01502 -0.16880 0.14870
0.82675 1.40000 -0.01532 -0.16750 0.13349
0.82807 1.40000 -0.01562 -0.16343 0.12049
0.82947 1.40000 -0.01591 -0.15736 0.11003
0.83096 1.40000 -0.01619 -0.15016 0.10214
0.83255 1.40000 -0.01648 -0.14259 0.09677
0.83425 1.40000 -0.01677 -0.13547 0.09412
0.83606 1.40000 -0.01707 -0.12959 0.09352
0.83799 1.40000 -0.01737 -0.12529 0.09409
0.84004 1.40000 -0.01769 -0.12263 0.09545
0.84224 1.40000 -0.01802 -0.12164 0.09669
0.84457 1.40000 -0.01836 -0.12208 0.09657
0.84706 1.40000 -0.01871 -0.12351 0.09424
0.84971 1.40000 -0.01908 -0.12557 0.08962
0.85253 1.40000 -0.01945 -0.12802 0.08357
0.85553 1.40000 -0.01983 -0.13076 0.07730
0.85872 1.40000 -0.02022 -0.13370 0.07160
0.86212 1.40000 -0.02061 -0.13671 0.06664
0.86572 1.40000 -0.02102 -0.13969 0.06227
0.86954 1.40000 -0.02142 -0.14256 0.05829
0.87360 1.40000 -0.02184 -0.14524 0.05455
0.87790 1.40000 -0.02225 -0.14771 0.05097
0.88246 1.40000 -0.02267 -0.14992 0.04750
0.88728 1.40000 -0.02309 -0.15187 0.04415
0.89237 1.40000 -0.02350 -0.15355 0.04092
0.89775 1.40000 -0.02392 -0.15497 0.03779
0.90342 1.40000 -0.02433 -0.15616 0.03478
0.90939 1.40000 -0.02473 -0.15717 0.03190
0.91567 1.40000 -0.02513 -0.15804 0.02914
0.92226 1.40000 -0.02551 -0.15882 0.02652
0.92917 1.40000 -0.02589 -0.15956 0.02403
0.93639 1.40000 -0.02626 -0.16031 0.02166
0.94395 1.40000 -0.02660 -0.16112 0.01942
0.95182 1.40000 -0.02693 -0.16201 0.01728
0.96001 1.40000 -0.02724 -0.16301 0.01523
0.96851 1.40000 -0.02753 -0.16410 0.01325
0.97732 1.40000 -0.02779 -0.16525 0.01132
0.98643 1.40000 -0.02801 -0.16642 0.00945
0.99582 1.40000 -0.02819 -0.16752 0.00763
1.00547 1.40000 -0.02834 -0.16847 0.00586
1.01538 1.40000 -0.02843 -0.16914 0.00417
1.02552 1.40000 -0.02847 -0.16941 0.00263
1.03587 1.40000 -0.02845 -0.16916 0.00133
1.04640 1.40000 -0.02836 -0.16822 0.00044
1.05708 1.40000 -0.02821 -0.16653 0.00005
1.06789 1.40000 -0.02799 -0.16400 0.00000
1.07880 1.40000 -0.02769 -0.16060 0.00000
1.08978 1.40000 -0.02732 -0.15630 0.00000
1.10078 1.40000 -0.02689 -0.15115 0.00000
1.11179 1.40000 -0.02639 -0.14523 0.00000
1.12276 1.40000 -0.02582 -0.13866 0.00000
1.13367 1.40000 -0.02520 -0.13157 0.00000
1.14448 1.40000 -0.02453 -0.12411 0.00000
1.15517 1.40000 -0.02383 -0.11644 0.00000
1.16569 1.40000 -0.02309 -0.10872 0.00000
1.17604 1.40000 -0.02232 -0.10107 0.00000
1.18618 1.40000 -0.02154 -0.09360 0.00000
1.19609 1.40000 -0.02075 -0.08640 0.00000
1.20575 1.40000 -0.01996 -0.07951 0.00000
1.21514 1.40000 -0.01917 -0.07297 0.00000
1.22424 1.40000 -0.01838 -0.06676 0.00000
1.23305 1.40000 -0.01760 -0.06088 0.00000
1.24155 1.40000 -0.01684 -0.05528 0.00000
1.24975 1.40000 -0.01609 -0.04991 0.00000
1.25762 1.40000 -0.01536 -0.04473 0.00000
1.26517 1.40000 -0.01464 -0.03966 0.00000
1.27240 1.40000 -0.01394 -0.03467 0.00000
1.27930 1.40000 -0.01325 -0.02971 0.00000
1.28590 1.40000 -0.01259 -0.02474 0.00000
1.29217 1.40000 -0.01195 -0.01974 0.00000
1.29814 1.40000 -0.01132 -0.01469 0.00000
1.30381 1.40000 -0.01072 -0.00960 0.00000
1.30919 1.40000 -0.01013 -0.00447 0.00000
1.31428 1.40000 -0.00957 0.00068 0.00000
1.31910 1.40000 -0.00903 0.00584 0.00000
1.32366 1.40000 -0.00851 0.01098 0.00000
1.32796 1.40000 -0.00801 0.01608 0.00000
1.33202 1.40000 -0.00754 0.02111 0.00000
1.33584 1.40000 -0.00708 0.02604 0.00000
1.33945 1.40000 -0.00665 0.03086 0.00000
1.34284 1.40000 -0.00624 0.03555 0.00000
1.34603 1.40000 -0.00586 0.04008 0.00000
1.34903 1.40000 -0.00549 0.04444 0.00000
1.35185 1.40000 -0.00514 0.04863 0.00000
1.35450 1.40000 -0.00482 0.05264 0.00000
1.35699 1.40000 -0.00451 0.05645 0.00000
1.35933 1.40000 -0.00422 0.06008 0.00000
1.36152 1.40000 -0.00395 0.06354 0.00000
1.36358 1.40000 -0.00369 0.06682 0.00000
1.36550 1.40000 -0.00346 0.06990 0.00000
1.36731 1.40000 -0.00323 0.07278 0.00000
1.36901 1.40000 -0.00302 0.07547 0.00000
1.37060 1.40000 -0.00283 0.07800 0.00000
1.37210 1.40000 -0.00265 0.08039 0.00000
1.37350 1.40000 -0.00247 0.08264 0.00000
1.37481 1.40000 -0.00231 0.08478 0.00000
1.37604 1.40000 -0.00216 0.08681 0.00000
1.37719 1.40000 -0.00202 0.08874 0.00000
1.37828 1.40000 -0.00189 0.09058 0.00000
1.37929 1.40000 -0.00176 0.09232 0.00000
1.38024 1.40000 -0.00165 0.09399 0.00000
1.38114 1.40000 -0.00154 0.09557 0.00000
1.38197 1.40000 -0.00143 0.09709 0.00000
1.38276 1.40000 -0.00133 0.09853 0.00000
1.38350 1.40000 -0.00124 0.09991 0.00000
1.38419 1.40000 -0.00116 0.10122 0.00000
1.38484 1.40000 -0.00107 0.10248 0.00000
1.38545 1.40000 -0.00100 0.10367 0.00000
1.38602 1.40000 -0.00093 0.10482 0.00000
1.38656 1.40000 -0.00086 0.10591 0.00000
1.38706 1.40000 -0.00080 0.10695 0.00000
1.38753 1.40000 -0.00074 0.10794 0.00000
1.38798 1.40000 -0.00068 0.10889 0.00000
1.38839 1.40000 -0.00063 0.10980 0.00000
1.38878 1.40000 -0.00058 0.11066 0.00000
1.38915 1.40000 -0.00053 0.11149 0.00000
1.38949 1.40000 -0.00049 0.11228 0.00000
1.38981 1.40000 -0.00045 0.11303 0.00000
1.39011 1.40000 -0.00041 0.11375 0.00000
1.39040 1.40000 -0.00037 0.11444 0.00000
1.39066 1.40000 -0.00034 0.11510 0.00000
1.39091 1.40000 -0.00031 0.11572 0.00000
1.39114 1.40000 -0.00028 0.11632 0.00000
1.39136 1.40000 -0.00025 0.11689 0.00000
1.39156 1.40000 -0.00022 0.11744 0.00000
1.39174 1.40000 -0.00020 0.11796 0.00000
1.39192 1.40000 -0.00018 0.11846 0.00000
1.39208 1.40000 -0.00016 0.11894 0.00000
1.39223 1.40000 -0.00014 0.11940 0.00000
1.39237 1.40000 -0.00012 0.11984 0.00000
1.39250 1.40000 -0.00010 0.12026 0.00000
1.39261 1.40000 -0.00009 0.12065 0.00000
1.39272 1.40000 -0.00008 0.12104 0.00000
1.39282 1.40000 -0.00006 0.12139 0.00000
1.39290 1.40000 -0.00005 0.12173 0.00000
1.39298 1.40000 -0.00004 0.12201 0.00000
1.39305 1.40000 -0.00003 0.12229 0.00000
1.39311 1.40000 -0.00002 0.12246 0.00000
1.39316 1.40000 -0.00002 0.12264 0.00000
1.39321 1.40000 -0.00001 0.12262 0.00000
1.39324 1.40000 -0.00001 0.12256 0.00000
1.39327 1.40000 -0.00000 0.12220 0.00000
1.39329 1.40000 -0.00000 0.12141 0.00000
1.39330 1.40000 -0.00000 0.12064 0.00000
1.39331 1.40000 0.00000 0.11737 0.00000
1.39330 1.40000 0.00000 0.11899 0.00000
1.39329 1.40000 0.00000 0.11978 0.00000
1.39327 1.40000 0.00000 0.12064 0.00000
1.39324 1.40000 0.00001 0.12107 0.00000
1.39321 1.40000 0.00001 0.12128 0.00000
1.39316 1.40000 0.00002 0.12143 0.00000
1.39311 1.40000 0.00002 0.12144 0.00000
1.39305 1.40000 0.00003 0.12144 0.00000
1.39298 1.40000 0.00004 0.12136 0.00000
1.39290 1.40000 0.00005 0.12126 0.00000
1.39282 1.40000 0.00006 0.12112 0.00000
1.39272 1.40000 0.00008 0.12094 0.00000
1.39261 1.40000 0.00009 0.12073 0.00000
1.39250 1.40000 0.00010 0.12049 0.00000
1.39237 1.40000 0.00012 0.12023 0.00000
1.39223 1.40000 0.00014 0.11994 0.00000
1.39208 1.40000 0.00016 0.11962 0.00000
1.39192 1.40000 0.00018 0.11929 0.00000
1.39174 1.40000 0.00020 0.11892 0.00000
1.39156 1.40000 0.00022 0.11853 0.00000
1.39136 1.40000 0.00025 0.11812 0.00000
1.39114 1.40000 0.00028 0.11768 0.00000
1.39091 1.40000 0.00031 0.11722 0.00000
1.39066 1.40000 0.00034 0.11673 0.00000
1.39040 1.40000 0.00037 0.11621 0.00000
1.39011 1.40000 0.00041 0.11566 0.00000
1.38981 1.40000 0.00045 0.11509 0.00000
1.38949 1.40000 0.00049 0.11449 0.00000
1.38915 1.40000 0.00053 0.11385 0.00000
1.38878 1.40000 0.00058 0.11319 0.00000
1.38839 1.40000 0.00063 0.11249 0.00000
1.38798 1.40000 0.00068 0.11175 0.00000
1.38753 1.40000 0.00074 0.11098 0.00000
1.38706 1.40000 0.00080 0.11017 0.00000
1.38656 1.40000 0.00086 0.10932 0.00000
1.38602 1.40000 0.00093 0.10843 0.00000
1.38545 1.40000 0.00100 0.10749 0.00000
1.38484 1.40000 0.00107 0.10650 0.00000
1.38419 1.40000 0.00116 0.10547 0.00000
1.38350 1.40000 0.00124 0.10438 0.00000
1.38276 1.40000 0.00133 0.10323 0.00000
1.38197 1.40000 0.00143 0.10203 0.00000
1.38114 1.40000 0.00154 0.10076 0.00000
1.38024 1.40000 0.00165 0.09943 0.00000
1.37929 1.40000 0.00176 0.09802 0.00000
1.37828 1.40000 0.00189 0.09654 0.00000
1.37719 1.40000 0.00202 0.09498 0.00000
1.37604 1.40000 0.00216 0.09333 0.00000
1.37481 1.40000 0.00231 0.09159 0.00000
1.37350 1.40000 0.00247 0.08975 0.00000
1.37210 1.40000 0.00265 0.08780 0.00000
1.37060 1.40000 0.00283 0.08574 0.00000
1.36901 1.40000 0.00302 0.08353 0.00000
1.36731 1.40000 0.00323 0.08118 0.00000
1.36550 1.40000 0.00346 0.07867 0.00000
1.36358 1.40000 0.00369 0.07597 0.00000
1.36152 1.40000 0.00395 0.07310 0.00000
1.35933 1.40000 0.00422 0.07004 0.00000
1.35699 1.40000 0.00451 0.06682 0.00000
1.35450 1.40000 0.00482 0.06341 0.00000
1.35185 1.40000 0.00514 0.05981 0.00000
1.34903 1.40000 0.00549 0.05601 0.00000
1.34603 1.40000 0.00586 0.05202 0.00000
1.34284 1.40000 0.00624 0.04784 0.00000
1.33945 1.40000 0.00665 0.04348 0.00000
1.33584 1.40000 0.00708 0.03894 0.00000
1.33202 1.40000 0.00754 0.03424 0.00000
1.32796 1.40000 0.00801 0.02938 0.00000
1.32366 1.40000 0.00851 0.02438 0.00000
1.31910 1.40000 0.00903 0.01926 0.00000
1.31428 1.40000 0.00957 0.01403 0.00000
1.30919 1.40000 0.01013 0.00872 0.00000
1.30381 1.40000 0.01072 0.00332 0.00000
1.29814 1.40000 0.01132 -0.00214 0.00000
1.29217 1.40000 0.01195 -0.00767 0.00000
1.28590 1.40000 0.01259 -0.01327 0.00000
1.27930 1.40000 0.01325 -0.01895 0.00000
1.27240 1.40000 0.01394 -0.02473 0.00000
1.26517 1.40000 0.01464 -0.03065 0.00000
1.25762 1.40000 0.01536 -0.03674 0.00000
1.24975 1.40000 0.01609 -0.04307 0.00000
1.24155 1.40000 0.01684 -0.04968 0.00000
1.23305 1.40000 0.01760 -0.05662 0.00000
1.22424 1.40000 0.01838 -0.06396 0.00000
1.21514 1.40000 0.01917 -0.07174 0.00000
1.20575 1.40000 0.01996 -0.07999 0.00000
1.19609 1.40000 0.02075 -0.08873 0.00000
1.18618 1.40000 0.02154 -0.09794 0.00000
1.17604 1.40000 0.02232 -0.10759 0.00000
1.16569 1.40000 0.02309 -0.11761 0.00000
1.15517 1.40000 0.02383 -0.12790 0.00000
1.14448 1.40000 0.02453 -0.13834 0.00000
1.13367 1.40000 0.02520 -0.14878 0.00000
1.12276 1.40000 0.02582 -0.15905 0.00000
1.11179 1.40000 0.02639 -0.16900 0.00000
1.10078 1.40000 0.02689 -0.17847 0.00000
1.08978 1.40000 0.02732 -0.18734 0.00000
1.07880 1.40000 0.02769 -0.19551 0.00000
1.06789 1.40000 0.02799 -0.20291 0.00000
1.05708 1.40000 0.02821 -0.20954 0.00000
1.04640 1.40000 0.02836 -0.21546 0.00000
1.03587 1.40000 0.02845 -0.22072 0.00000
1.02552 1.40000 0.02847 -0.22544 0.00000
1.01538 1.40000 0.02843 -0.22975 0.00000
1.00547 1.40000 0.02834 -0.23382 0.00000
0.99582 1.40000 0.02819 -0.23777 0.00000
0.98643 1.40000 0.02801 -0.24177 0.00000
0.97732 1.40000 0.02779 -0.24593 0.00000
0.96851 1.40000 0.02753 -0.25037 0.00000
0.96001 1.40000 0.02724 -0.25516 0.00000
0.95182 1.40000 0.02693 -0.26036 0.00000
0.94395 1.40000 0.02660 -0.26601 0.00000
0.93639 1.40000 0.02626 -0.27212 0.00000
0.92917 1.40000 0.02589 -0.27867 0.00000
0.92226 1.40000 0.02551 -0.28565 0.00003
0.91567 1.40000 0.02513 -0.29301 0.00015
0.90939 1.40000 0.02473 -0.30070 0.00045
0.90342 1.40000 0.02433 -0.30869 0.00095
0.89775 1.40000 0.02392 -0.31693 0.00171
0.89237 1.40000 0.02350 -0.32537 0.00271
0.88728 1.40000 0.02309 -0.33397 0.00398

