#++++++++++++++++++++++++++++++++++++++++++++++++++++++++++++++++++++++++++++++++++++++++++++++++++++++++++++++++++++
#
#   IPW-3 Ice Shape DATA SUBMITTAL FORM for Test Case NACA0012_AE3932, May 18th 2026
#
#       NOMENCLATURE:
#             X_ICED [m]:  X-coordinate of the iced surface
#             Y_ICED [m]:  Y-coordinate of the iced surface
#             Z_ICED [m]:  Z-coordinate of the iced surface
#
#                XXmm:  Roughness height used for the case, in mm.
#                       In the zone name, use the format KS_XXmm.
#                       For example, if k_s = 1.5 mm, use KS_1p5mm. 
#                       For Variable roughness, use KS_VAR
#
#    FLOW CONDITIONS:
#                                   AOA: 4.0 deg
#                           Mach Number: 0.3151 [-]
#       Mean aerodynamic chord (M.A.C.): 0.5334 [m]
#                       Reynolds Number: 3.9795 million (based on MAC)
#                       Freestream Temp: 267.55 [K]
#                        Reference area: 0.97548 [m2]
#               Moment Reference Center: 0.13335, 0, 0 [m] (X, Y, Z)
#
#    ICING CONDITIONS:
#                           Icing Time: 420 [s]
#                                  LWC: 0.55 [g/m3]
#                                  MVD: 20 [μm]
#
#              NOTES: 1. Please use at least 5 decimal places in the numerical values
#                     2. If data are NOT provided, please fill data fields with a numerical value of "-999" 
#
#++++++++++++++++++++++++++++++++++++++++++++++++++++++++++++++++++++++++++++++++++++++++++++++++++++++++++++++++++++

AUXDATA NUM_LAYERS  = 1
                                              
VARIABLES = "X_ICED" "Y_ICED" "Z_ICED"


TITLE     = "Translation of CGNS file MESH_OUT_SURFACE_EXTRACTION_CASE_NACA0012_3932_IPW3_layer001.cgns"
VARIABLES = "CoordinateX"
"CoordinateZ"
ZONE T="MAXCCS_BINS07_KS_0p2667mm"
 STRANDID=0, SOLUTIONTIME=0
 Nodes=1345, Elements=1344, ZONETYPE=FELineSeg
 DATAPACKING=BLOCK
 DT=(DOUBLE DOUBLE )
 -2.079979959920E-02 -2.080070140281E-02 -2.079979959920E-02 -2.061943887776E-02
 -2.061943887776E-02 -2.061943887776E-02 -2.061943887776E-02 -2.062034068136E-02
 -2.062064128257E-02 -2.062079158317E-02 -2.062064128257E-02 -2.062124248497E-02
 -2.062064128257E-02 -2.062124248497E-02 -2.062034068136E-02 -2.062034068136E-02
 -2.062064128257E-02 -2.062034068136E-02 -2.061943887776E-02 -2.043907815631E-02
 -2.043907815631E-02 -2.044088176353E-02 -2.044028056112E-02 -2.044088176353E-02
 -2.044028056112E-02 -2.044028056112E-02 -2.043907815631E-02 -2.025871743487E-02
 -2.026052104208E-02 -2.025991983968E-02 -2.026052104208E-02 -2.025991983968E-02
 -2.025961923848E-02 -2.025871743487E-02 -2.007835671343E-02 -2.007955911824E-02
 -2.008016032064E-02 -2.007979959920E-02 -2.008016032064E-02 -2.007835671343E-02
 -2.007835671343E-02 -1.989889779559E-02 -1.989979959920E-02 -1.989919839679E-02
 -1.989979959920E-02 -1.989799599198E-02 -1.971853707415E-02 -1.971943887776E-02
 -1.971853707415E-02 -1.971943887776E-02 -1.971853707415E-02 -1.971763527054E-02
 -1.953727454910E-02 -1.953907815631E-02 -1.953817635271E-02 -1.953907815631E-02
 -1.953817635271E-02 -1.935871743487E-02 -1.935691382766E-02 -1.935871743487E-02
 -1.935781563126E-02 -1.917835671343E-02 -1.917745490982E-02 -1.917835671343E-02
 -1.917775551102E-02 -1.899799599198E-02 -1.899709418838E-02 -1.899799599198E-02
 -1.899709418838E-02 -1.881763527054E-02 -1.881673346693E-02 -1.881763527054E-02
 -1.881673346693E-02 -1.881583166333E-02 -1.863727454910E-02 -1.863547094188E-02
 -1.863727454910E-02 -1.845691382766E-02 -1.845691382766E-02 -1.845511022044E-02
 -1.827655310621E-02 -1.827565130261E-02 -1.827655310621E-02 -1.809619238477E-02
 -1.809438877756E-02 -1.809619238477E-02 -1.809438877756E-02 -1.791583166333E-02
 -1.791402805611E-02 -1.791583166333E-02 -1.773547094188E-02 -1.773547094188E-02
 -1.773366733467E-02 -1.755511022044E-02 -1.755330661323E-02 -1.755511022044E-02
 -1.737474949900E-02 -1.737474949900E-02 -1.737294589178E-02 -1.719438877756E-02
 -1.719258517034E-02 -1.719438877756E-02 -1.701402805611E-02 -1.701402805611E-02
 -1.683366733467E-02 -1.683366733467E-02 -1.665330661323E-02 -1.665150300601E-02
 -1.665330661323E-02 -1.647294589178E-02 -1.647294589178E-02 -1.647114228457E-02
 -1.629258517034E-02 -1.629258517034E-02 -1.611222444890E-02 -1.611222444890E-02
 -1.593186372745E-02 -1.593006012024E-02 -1.593186372745E-02 -1.575150300601E-02
 -1.575150300601E-02 -1.575060120240E-02 -1.557114228457E-02 -1.557114228457E-02
 -1.539078156313E-02 -1.539078156313E-02 -1.521042084168E-02 -1.521042084168E-02
 -1.503006012024E-02 -1.502915831663E-02 -1.503006012024E-02 -1.484969939880E-02
 -1.484969939880E-02 -1.466933867735E-02 -1.466933867735E-02 -1.448897795591E-02
 -1.448897795591E-02 -1.448717434870E-02 -1.430861723447E-02 -1.430861723447E-02
 -1.412825651303E-02 -1.412825651303E-02 -1.394789579158E-02 -1.394789579158E-02
 -1.376753507014E-02 -1.376573146293E-02 -1.376753507014E-02 -1.376573146293E-02
 -1.358717434870E-02 -1.358717434870E-02 -1.340501002004E-02 -1.340681362725E-02
 -1.340501002004E-02 -1.340681362725E-02 -1.322645290581E-02 -1.322464929860E-02
 -1.322645290581E-02 -1.322464929860E-02 -1.304428857715E-02 -1.304609218437E-02
 -1.304428857715E-02 -1.304609218437E-02 -1.286392785571E-02 -1.286573146293E-02
 -1.286392785571E-02 -1.286573146293E-02 -1.286392785571E-02 -1.268537074148E-02
 -1.268356713427E-02 -1.268537074148E-02 -1.250320641283E-02 -1.250501002004E-02
 -1.250320641283E-02 -1.250501002004E-02 -1.232284569138E-02 -1.232464929860E-02
 -1.232284569138E-02 -1.232464929860E-02 -1.214428857715E-02 -1.214248496994E-02
 -1.214428857715E-02 -1.214248496994E-02 -1.196212424850E-02 -1.196392785571E-02
 -1.196212424850E-02 -1.196392785571E-02 -1.178176352705E-02 -1.178356713427E-02
 -1.178176352705E-02 -1.178356713427E-02 -1.160140280561E-02 -1.160320641283E-02
 -1.160140280561E-02 -1.160320641283E-02 -1.142284569138E-02 -1.142104208417E-02
 -1.142284569138E-02 -1.142104208417E-02 -1.124068136273E-02 -1.124248496994E-02
 -1.124068136273E-02 -1.124248496994E-02 -1.106032064128E-02 -1.106212424850E-02
 -1.106032064128E-02 -1.106212424850E-02 -1.088176352705E-02 -1.087995991984E-02
 -1.088176352705E-02 -1.069959919840E-02 -1.070140280561E-02 -1.069959919840E-02
 -1.070140280561E-02 -1.051923847695E-02 -1.052104208417E-02 -1.051923847695E-02
 -1.052104208417E-02 -1.051923847695E-02 -1.033887775551E-02 -1.034068136273E-02
 -1.033887775551E-02 -1.034068136273E-02 -1.016032064128E-02 -1.015851703407E-02
 -1.016032064128E-02 -9.978156312625E-03 -9.979959919840E-03 -9.978156312625E-03
 -9.979959919840E-03 -9.797795591182E-03 -9.799599198397E-03 -9.797795591182E-03
 -9.799599198397E-03 -9.798697394790E-03 -9.619238476954E-03 -9.617434869739E-03
 -9.619238476954E-03 -9.437074148297E-03 -9.438877755511E-03 -9.437074148297E-03
 -9.438877755511E-03 -9.256713426854E-03 -9.258517034068E-03 -9.256713426854E-03
 -9.258517034068E-03 -9.076352705411E-03 -9.078156312625E-03 -9.076352705411E-03
 -9.078156312625E-03 -8.897795591182E-03 -8.895991983968E-03 -8.897795591182E-03
 -8.895991983968E-03 -8.715631262525E-03 -8.717434869739E-03 -8.715631262525E-03
 -8.717434869739E-03 -8.535270541082E-03 -8.537074148297E-03 -8.535270541082E-03
 -8.537074148297E-03 -8.356713426854E-03 -8.354909819639E-03 -8.356713426854E-03
 -8.174549098196E-03 -8.176352705411E-03 -8.174549098196E-03 -8.176352705411E-03
 -7.994188376754E-03 -7.995991983968E-03 -7.994188376754E-03 -7.995991983968E-03
 -7.813827655311E-03 -7.815631262525E-03 -7.813827655311E-03 -7.815631262525E-03
 -7.635270541082E-03 -7.633466933868E-03 -7.635270541082E-03 -7.633466933868E-03
 -7.453106212425E-03 -7.454909819639E-03 -7.454008016032E-03 -7.454909819639E-03
 -7.272745490982E-03 -7.272745490982E-03 -7.272745490982E-03 -7.272745490982E-03
 -7.272745490982E-03 -7.272745490982E-03 -7.272745490982E-03 -7.272745490982E-03
 -7.272745490982E-03 -7.274549098196E-03 -7.273647294589E-03 -7.274549098196E-03
 -7.092384769539E-03 -7.092384769539E-03 -7.092384769539E-03 -7.092384769539E-03
 -7.093286573146E-03 -7.093286573146E-03 -7.094188376754E-03 -7.093286573146E-03
 -7.094188376754E-03 -7.092384769539E-03 -7.092384769539E-03 -7.092384769539E-03
 -7.092384769539E-03 -7.092384769539E-03 -7.092384769539E-03 -7.094188376754E-03
 -7.093286573146E-03 -7.094188376754E-03 -6.912024048096E-03 -6.912024048096E-03
 -6.913827655311E-03 -6.912024048096E-03 -6.913827655311E-03 -6.912925851703E-03
 -6.912925851703E-03 -6.912024048096E-03 -6.912024048096E-03 -6.912024048096E-03
 -6.913827655311E-03 -6.912925851703E-03 -6.913827655311E-03 -6.731663326653E-03
 -6.731663326653E-03 -6.733466933868E-03 -6.732565130261E-03 -6.733466933868E-03
 -6.731663326653E-03 -6.731663326653E-03 -6.731663326653E-03 -6.733466933868E-03
 -6.732565130261E-03 -6.733466933868E-03 -6.551302605210E-03 -6.551302605210E-03
 -6.551302605210E-03 -6.551302605210E-03 -6.551302605210E-03 -6.551302605210E-03
 -6.553106212425E-03 -6.552204408818E-03 -6.553106212425E-03 -6.551302605210E-03
 -6.551302605210E-03 -6.553106212425E-03 -6.552204408818E-03 -6.553106212425E-03
 -6.370941883768E-03 -6.370941883768E-03 -6.372745490982E-03 -6.371843687375E-03
 -6.372745490982E-03 -6.370941883768E-03 -6.371843687375E-03 -6.372745490982E-03
 -6.371843687375E-03 -6.372745490982E-03 -6.192384769539E-03 -6.190581162325E-03
 -6.192384769539E-03 -6.191482965932E-03 -6.191783567134E-03 -6.192384769539E-03
 -6.191783567134E-03 -6.192384769539E-03 -6.012024048096E-03 -6.010220440882E-03
 -6.012024048096E-03 -5.829859719439E-03 -5.831663326653E-03 -5.829859719439E-03
 -5.831663326653E-03 -5.651302605210E-03 -5.649498997996E-03 -5.651302605210E-03
 -5.470941883768E-03 -5.469138276553E-03 -5.470941883768E-03 -5.469138276553E-03
 -5.290581162325E-03 -5.288777555110E-03 -5.290581162325E-03 -5.110220440882E-03
 -5.108416833667E-03 -5.110220440882E-03 -4.929859719439E-03 -4.928056112224E-03
 -4.929859719439E-03 -4.749498997996E-03 -4.749498997996E-03 -4.569138276553E-03
 -4.567334669339E-03 -4.569138276553E-03 -4.388777555110E-03 -4.388777555110E-03
 -4.208416833667E-03 -4.206613226453E-03 -4.208416833667E-03 -4.028056112224E-03
 -4.028056112224E-03 -4.027755511022E-03 -3.847695390782E-03 -3.847695390782E-03
 -3.667334669339E-03 -3.666883767535E-03 -3.667334669339E-03 -3.486973947896E-03
 -3.485170340681E-03 -3.486973947896E-03 -3.306613226453E-03 -3.304809619238E-03
 -3.306613226453E-03 -3.304809619238E-03 -3.126252505010E-03 -3.126252505010E-03
 -2.945891783567E-03 -2.944088176353E-03 -2.945891783567E-03 -2.765531062124E-03
 -2.765531062124E-03 -2.585170340681E-03 -2.584268537074E-03 -2.585170340681E-03
 -2.583366733467E-03 -2.404809619238E-03 -2.403006012024E-03 -2.404809619238E-03
 -2.224448897796E-03 -2.222645290581E-03 -2.224448897796E-03 -2.044088176353E-03
 -2.042284569138E-03 -2.044088176353E-03 -1.863727454910E-03 -1.861923847695E-03
 -1.863727454910E-03 -1.862825651303E-03 -1.683366733467E-03 -1.681563126253E-03
 -1.683366733467E-03 -1.503006012024E-03 -1.503006012024E-03 -1.322645290581E-03
 -1.322645290581E-03 -1.142284569138E-03 -1.140480961924E-03 -1.142284569138E-03
 -1.141683366733E-03 -9.619238476954E-04 -9.619238476954E-04 -7.815631262525E-04
 -7.797595190381E-04 -7.815631262525E-04 -6.012024048096E-04 -6.012024048096E-04
 -5.993987975952E-04 -4.208416833667E-04 -4.208416833667E-04 -2.404809619239E-04
 -2.386773547094E-04 -2.404809619239E-04 -6.012024048097E-05 -6.012024048097E-05
 -5.831663326654E-05 1.202404809619E-04 1.202404809619E-04 3.006012024048E-04
 3.006012024048E-04 4.809619238477E-04 4.809619238477E-04 4.818637274549E-04
 6.613226452906E-04 6.613226452906E-04 8.416833667335E-04 8.416833667335E-04
 1.022044088176E-03 1.022044088176E-03 1.022945891784E-03 1.202404809619E-03
 1.380961923848E-03 1.202404809619E-03 1.382765531062E-03 1.382765531062E-03
 1.383667334669E-03 1.563126252505E-03 1.563126252505E-03 1.743486973948E-03
 1.922044088176E-03 1.743486973948E-03 1.923847695391E-03 1.923847695391E-03
 1.924749498998E-03 2.104208416834E-03 2.104208416834E-03 2.284569138277E-03
 2.463126252505E-03 2.284569138277E-03 2.285470941884E-03 2.464929859719E-03
 2.464929859719E-03 2.645290581162E-03 2.824749498998E-03 2.645290581162E-03
 2.646192384770E-03 2.825651302605E-03 2.825651302605E-03 3.006012024048E-03
 3.006012024048E-03 3.006913827655E-03 3.186372745491E-03 3.364929859719E-03
 3.186372745491E-03 3.366733466934E-03 3.366733466934E-03 3.368537074148E-03
 3.547094188377E-03 3.547094188377E-03 3.727454909820E-03 3.906012024048E-03
 3.727454909820E-03 3.728056112224E-03 3.907815631263E-03 3.907815631263E-03
 4.088176352705E-03 4.088176352705E-03 4.088627254509E-03 4.268537074148E-03
 4.268537074148E-03 4.448897795591E-03 4.627454909820E-03 4.448897795591E-03
 4.449123246493E-03 4.629258517034E-03 4.629258517034E-03 4.809619238477E-03
 4.988176352705E-03 4.809619238477E-03 4.809748067564E-03 4.989979959920E-03
 4.989979959920E-03 5.170340681363E-03 5.170340681363E-03 5.170419099068E-03
 5.350701402806E-03 5.529258517034E-03 5.350701402806E-03 5.351603206413E-03
 5.531062124248E-03 5.709619238477E-03 5.531062124248E-03 5.711422845691E-03
 5.711422845691E-03 5.711623246493E-03 5.891783567134E-03 6.070340681363E-03
 5.891783567134E-03 6.072144288577E-03 6.250701402806E-03 6.072144288577E-03
 6.072264529058E-03 6.252505010020E-03 6.252505010020E-03 6.432865731463E-03
 6.611422845691E-03 6.432865731463E-03 6.432923912341E-03 6.613226452906E-03
 6.791783567134E-03 6.613226452906E-03 6.613527054108E-03 6.793587174349E-03
 6.972144288577E-03 6.793587174349E-03 6.973947895792E-03 7.152505010020E-03
 7.152505010020E-03 6.973947895792E-03 6.974111860084E-03 7.154308617234E-03
 7.332865731463E-03 7.154308617234E-03 7.334669338677E-03 7.513226452906E-03
 7.513226452906E-03 7.334669338677E-03 7.334751320823E-03 7.515030060120E-03
 7.693587174349E-03 7.693587174349E-03 7.515030060120E-03 7.516833667335E-03
 7.695390781563E-03 7.873947895792E-03 7.874849699399E-03 7.695390781563E-03
 7.875751503006E-03 8.054308617234E-03 8.055511022044E-03 7.875751503006E-03
 7.875976953908E-03 8.056112224449E-03 8.234669338677E-03 8.056112224449E-03
 8.236472945892E-03 8.415931863727E-03 8.236472945892E-03 8.236563126253E-03
 8.416833667335E-03 8.596292585170E-03 8.416833667335E-03 8.597194388778E-03
 8.776653306613E-03 8.597194388778E-03 8.597229073532E-03 8.777555110220E-03
 8.777555110220E-03 8.778156312625E-03 8.957915831663E-03 9.136472945892E-03
 8.957915831663E-03 9.138276553106E-03 9.316833667335E-03 9.138276553106E-03
 9.138405382193E-03 9.318637274549E-03 9.318637274549E-03 9.498997995992E-03
 9.677555110220E-03 9.498997995992E-03 9.499032680746E-03 9.679358717435E-03
 9.857915831663E-03 9.679358717435E-03 9.859719438878E-03 1.003827655311E-02
 9.859719438878E-03 9.859740910392E-03 1.004008016032E-02 1.021863727455E-02
 1.004008016032E-02 1.004044088176E-02 1.022044088176E-02 1.039899799599E-02
 1.022044088176E-02 1.040080160321E-02 1.057935871743E-02 1.040080160321E-02
 1.040088002091E-02 1.058116232465E-02 1.076062124248E-02 1.058116232465E-02
 1.076152304609E-02 1.094098196393E-02 1.076152304609E-02 1.076154844901E-02
 1.094188376754E-02 1.112134268537E-02 1.094188376754E-02 1.112224448898E-02
 1.130224448898E-02 1.112224448898E-02 1.112226452906E-02 1.130260521042E-02
 1.130260521042E-02 1.148296593186E-02 1.166287575150E-02 1.148296593186E-02
 1.148298433602E-02 1.166332665331E-02 1.166332665331E-02 1.166362725451E-02
 1.184368737475E-02 1.202314629259E-02 1.184368737475E-02 1.202404809619E-02
 1.202404809619E-02 1.202414829659E-02 1.220440881764E-02 1.238386773547E-02
 1.220440881764E-02 1.238476953908E-02 1.238476953908E-02 1.238481700243E-02
 1.256513026052E-02 1.274458917836E-02 1.256513026052E-02 1.274549098196E-02
 1.274549098196E-02 1.274553106212E-02 1.292585170341E-02 1.292585170341E-02
 1.310621242485E-02 1.328476953908E-02 1.310621242485E-02 1.310625341592E-02
 1.328657314629E-02 1.328657314629E-02 1.346693386774E-02 1.364549098196E-02
 1.346693386774E-02 1.346698011407E-02 1.364729458918E-02 1.364729458918E-02
 1.382765531062E-02 1.382765531062E-02 1.382772211089E-02 1.400801603206E-02
 1.418657314629E-02 1.400801603206E-02 1.418837675351E-02 1.418837675351E-02
 1.418867735471E-02 1.436873747495E-02 1.454729458918E-02 1.436873747495E-02
 1.454909819639E-02 1.454909819639E-02 1.472945891784E-02 1.472945891784E-02
 1.472947770541E-02 1.490981963928E-02 1.508837675351E-02 1.490981963928E-02
 1.509018036072E-02 1.509018036072E-02 1.509020183224E-02 1.527054108216E-02
 1.545000000000E-02 1.527054108216E-02 1.545090180361E-02 1.545090180361E-02
 1.545094017823E-02 1.563126252505E-02 1.563126252505E-02 1.581162324649E-02
 1.581162324649E-02 1.581252505010E-02 1.599198396794E-02 1.617054108216E-02
 1.599198396794E-02 1.617234468938E-02 1.617234468938E-02 1.635270541082E-02
 1.635270541082E-02 1.635272795591E-02 1.653306613226E-02 1.653306613226E-02
 1.671342685371E-02 1.689198396794E-02 1.671342685371E-02 1.671362725451E-02
 1.689378757515E-02 1.689378757515E-02 1.707414829659E-02 1.707414829659E-02
 1.725450901804E-02 1.725450901804E-02 1.725452862246E-02 1.743486973948E-02
 1.761432865731E-02 1.743486973948E-02 1.761523046092E-02 1.761523046092E-02
 1.761553106212E-02 1.779559118236E-02 1.779559118236E-02 1.797595190381E-02
 1.797595190381E-02 1.815631262525E-02 1.815631262525E-02 1.815635361632E-02
 1.833667334669E-02 1.833667334669E-02 1.851703406814E-02 1.851703406814E-02
 1.869739478958E-02 1.869739478958E-02 1.869741282565E-02 1.887775551102E-02
 1.887775551102E-02 1.905811623246E-02 1.905811623246E-02 1.905991983968E-02
 1.923847695391E-02 1.923847695391E-02 1.941883767535E-02 1.941883767535E-02
 1.959919839679E-02 1.959919839679E-02 1.959964929860E-02 1.977955911824E-02
 1.995811623246E-02 1.977955911824E-02 1.995991983968E-02 1.995991983968E-02
 2.014028056112E-02 2.014028056112E-02 2.014088176353E-02 2.032064128257E-02
 2.032064128257E-02 2.050100200401E-02 2.050100200401E-02 2.068136272545E-02
 2.068136272545E-02 2.068162038362E-02 2.086172344689E-02 2.086172344689E-02
 2.104208416834E-02 2.104208416834E-02 2.122244488978E-02 2.122244488978E-02
 2.122264529058E-02 2.140280561122E-02 2.140280561122E-02 2.158316633267E-02
 2.158316633267E-02 2.176352705411E-02 2.176352705411E-02 2.176533066132E-02
 2.194388777555E-02 2.194388777555E-02 2.212424849699E-02 2.212424849699E-02
 2.230460921844E-02 2.230521042084E-02 2.230460921844E-02 2.248496993988E-02
 2.248496993988E-02 2.248498797595E-02 2.266533066132E-02 2.266533066132E-02
 2.284569138277E-02 2.284569138277E-02 2.302605210421E-02 2.302605210421E-02
 2.302607014028E-02 2.320641282565E-02 2.320641282565E-02 2.338677354709E-02
 2.338677354709E-02 2.356713426854E-02 2.356713426854E-02 2.356718173188E-02
 2.374749498998E-02 2.374749498998E-02 2.392785571142E-02 2.392875751503E-02
 2.392785571142E-02 2.410821643287E-02 2.410821643287E-02 2.410866733467E-02
 2.428857715431E-02 2.428857715431E-02 2.446893787575E-02 2.446893787575E-02
 2.464929859719E-02 2.464929859719E-02 2.482965931864E-02 2.483056112224E-02
 2.482965931864E-02 2.482967935872E-02 2.501002004008E-02 2.501002004008E-02
 2.519038076152E-02 2.519038076152E-02 2.537074148297E-02 2.537074148297E-02
 2.537110220441E-02 2.555110220441E-02 2.555290581162E-02 2.555110220441E-02
 2.573146292585E-02 2.573146292585E-02 2.591182364729E-02 2.591182364729E-02
 2.609218436874E-02 2.609218436874E-02 2.609220977166E-02 2.627254509018E-02
 2.627299599198E-02 2.627254509018E-02 2.645290581162E-02 2.645290581162E-02
 2.663326653307E-02 2.663326653307E-02 2.681362725451E-02 2.681543086172E-02
 2.681362725451E-02 2.681364547276E-02 2.699398797595E-02 2.699398797595E-02
 2.717434869739E-02 2.717434869739E-02 2.735470941884E-02 2.735651302605E-02
 2.735470941884E-02 2.735516032064E-02 2.753507014028E-02 2.753507014028E-02
 2.771543086172E-02 2.771543086172E-02 2.789579158317E-02 2.789759519038E-02
 2.789579158317E-02 2.807615230461E-02 2.807615230461E-02 2.807625839915E-02
 2.825651302605E-02 2.825651302605E-02 2.843687374749E-02 2.843867735471E-02
 2.843687374749E-02 2.861723446894E-02 2.861723446894E-02 2.879759519038E-02
 2.879759519038E-02 2.879767717253E-02 2.897795591182E-02 2.897795591182E-02
 2.915831663327E-02 2.915891783567E-02 2.915831663327E-02 2.933867735471E-02
 2.933867735471E-02 2.951903807615E-02 2.951903807615E-02 2.951916690524E-02
 2.969939879760E-02 2.970030060120E-02 2.969939879760E-02 2.987975951904E-02
 2.987975951904E-02 3.006012024048E-02 3.006012024048E-02 3.024048096192E-02
 3.024228456914E-02 3.024048096192E-02 3.024084168337E-02 3.042084168337E-02
 3.042084168337E-02 3.060120240481E-02 3.060120240481E-02 3.078156312625E-02
 3.078156312625E-02 3.096192384770E-02 3.096252505010E-02 3.096192384770E-02
 3.114228456914E-02 3.114228456914E-02 3.114230335671E-02 3.132264529058E-02
 3.132264529058E-02 3.150300601202E-02 3.150480961924E-02 3.150300601202E-02
 3.168336673347E-02 3.168336673347E-02 3.186372745491E-02 3.186372745491E-02
 3.186375520271E-02 3.204408817635E-02 3.204408817635E-02 3.222444889780E-02
 3.222505010020E-02 3.222444889780E-02 3.240480961924E-02 3.240480961924E-02
 3.258517034068E-02 3.258517034068E-02 3.258607214429E-02 3.276553106212E-02
 3.276643286573E-02 3.276553106212E-02 3.294589178357E-02 3.294589178357E-02
 3.312625250501E-02 3.312625250501E-02 3.330661322645E-02 3.330661322645E-02
 3.348697394790E-02 3.348709418838E-02 3.348697394790E-02 3.348701152305E-02
 3.366733466934E-02 3.366733466934E-02 3.384769539078E-02 3.384769539078E-02
 3.402805611222E-02 3.402817635271E-02 3.402805611222E-02 3.420841683367E-02
 3.420841683367E-02 3.438877755511E-02 3.438877755511E-02 3.438879955032E-02
 3.456913827655E-02 3.456925100200E-02 3.456913827655E-02 3.474949899800E-02
 3.474949899800E-02 3.492985971944E-02 3.492985971944E-02 3.511022044088E-02
 3.511034068136E-02 3.511022044088E-02 3.511202404810E-02 3.529058116232E-02
 3.529058116232E-02 3.547094188377E-02 3.547094188377E-02 3.565130260521E-02
 3.565145290581E-02 3.565130260521E-02 3.583166332665E-02 3.583166332665E-02
 3.601202404810E-02 3.601202404810E-02 3.601292585170E-02 3.619238476954E-02
 3.619251359863E-02 3.619238476954E-02 3.637274549098E-02 3.637274549098E-02
 3.655310621242E-02 3.655310621242E-02 3.673346693387E-02 3.673357965932E-02
 3.673346693387E-02 3.691382765531E-02 3.691382765531E-02 3.709418837675E-02
 3.709418837675E-02 3.709420841683E-02 3.727454909820E-02 3.727464929860E-02
 3.727454909820E-02 3.745490981964E-02 3.745490981964E-02 3.763527054108E-02
 3.763527054108E-02 3.781563126253E-02 3.781571714858E-02 3.781563126253E-02
 3.799599198397E-02 3.799599198397E-02 3.799603119282E-02 3.817635270541E-02
 3.817635270541E-02 3.835671342685E-02 3.835679931291E-02 3.835671342685E-02
 3.853707414830E-02 3.853707414830E-02 3.871743486974E-02 3.871743486974E-02
 3.889779559118E-02 3.889790168572E-02 3.889779559118E-02 3.889869739479E-02
 3.907815631263E-02 3.907815631263E-02 3.925851703407E-02 3.925851703407E-02
 3.943887775551E-02 3.943902805611E-02 3.943887775551E-02 3.961923847695E-02
 3.961923847695E-02 3.979959919840E-02 3.979959919840E-02 3.997995991984E-02
 3.998026052104E-02 3.997995991984E-02 3.998000501002E-02 4.016032064128E-02
 4.016032064128E-02 4.034068136273E-02 4.034068136273E-02 4.052104208417E-02
 4.052194388778E-02 4.052104208417E-02 4.070140280561E-02 4.070140280561E-02
 4.088176352705E-02 4.088176352705E-02 4.106212424850E-02 4.106212424850E-02
 4.106214385292E-02 4.124248496994E-02 4.124250300601E-02 4.124248496994E-02
 4.142284569138E-02 4.142284569138E-02 4.160320641283E-02 4.160320641283E-02
 4.178356713427E-02 4.178358517034E-02 4.178356713427E-02 4.196392785571E-02
 4.196392785571E-02 4.214428857715E-02 4.214428857715E-02 4.214430717104E-02
 4.232464929860E-02 4.232466733467E-02 4.232464929860E-02 4.250501002004E-02
 4.250501002004E-02 4.268537074148E-02 4.268537074148E-02 4.286573146293E-02
 4.286575722874E-02 4.286573146293E-02 4.304609218437E-02 4.304609218437E-02
 4.322645290581E-02 4.322645290581E-02 4.322647942945E-02 4.340681362725E-02
 4.340701402806E-02 4.340681362725E-02 4.358717434870E-02 4.358717434870E-02
 4.376753507014E-02 4.376753507014E-02 4.394789579158E-02 4.394789579158E-02
 4.412825651303E-02 4.412827454910E-02 4.412825651303E-02 4.430861723447E-02
 4.430861723447E-02 4.430884268537E-02 4.448897795591E-02 4.448897795591E-02
 4.466933867735E-02 4.466935671343E-02 4.466933867735E-02 4.484969939880E-02
 4.484969939880E-02 4.503006012024E-02 4.503006012024E-02 4.521042084168E-02
 4.521049021119E-02 4.521042084168E-02 4.539078156313E-02 4.539078156313E-02
 4.557114228457E-02 4.557114228457E-02 4.557116482966E-02 4.575150300601E-02
 4.575150300601E-02 4.593186372745E-02 4.593188176353E-02 4.593186372745E-02
 4.611222444890E-02 4.611222444890E-02 4.629258517034E-02 4.629258517034E-02
 4.647294589178E-02 4.647296392786E-02 4.647294589178E-02 4.665330661323E-02
 4.665330661323E-02 4.683366733467E-02 4.683366733467E-02 4.683368737475E-02
 4.701402805611E-02 4.701583166333E-02 4.701402805611E-02 4.719438877756E-02
 4.719438877756E-02 4.737474949900E-02 4.737474949900E-02 4.755511022044E-02
 4.755511022044E-02 4.773547094188E-02 4.773548897796E-02 4.773547094188E-02
 4.791583166333E-02 4.791583166333E-02 4.809619238477E-02 4.809619238477E-02
 4.809621852400E-02 4.827655310621E-02 4.827715430862E-02 4.827655310621E-02
 4.845691382766E-02 4.845691382766E-02 4.863727454910E-02 4.863727454910E-02
 4.881763527054E-02 4.881763527054E-02 4.899799599198E-02 4.899801402806E-02
 4.899799599198E-02 4.917835671343E-02 4.917835671343E-02 4.935871743487E-02
 4.935871743487E-02 4.935886773547E-02 4.953907815631E-02 4.953907815631E-02
 4.971943887776E-02 4.971945691383E-02 4.971943887776E-02 4.989979959920E-02
 4.989979959920E-02 5.008016032064E-02 5.008016032064E-02 5.026052104208E-02
 5.026053982966E-02 5.026052104208E-02 5.044088176353E-02 5.044088176353E-02
 5.062124248497E-02 5.062124248497E-02 5.080160320641E-02 5.080160320641E-02
 5.080164829659E-02 5.098196392786E-02 5.098198196393E-02 5.098196392786E-02
 5.116232464930E-02 5.116232464930E-02 5.134268537074E-02 5.134268537074E-02
 5.152304609218E-02 5.152314629259E-02 5.152304609218E-02 5.170340681363E-02
 5.170340681363E-02 5.188376753507E-02 5.188376753507E-02 5.206412825651E-02
 5.206412825651E-02 5.224448897796E-02 5.224450701403E-02 5.224448897796E-02
 5.224454534068E-02 5.242484969940E-02 5.242484969940E-02 5.260521042084E-02
 5.260521042084E-02 5.278557114228E-02 5.278557114228E-02 5.296593186373E-02
 5.296594989980E-02 5.296593186373E-02 5.314629258517E-02 5.314629258517E-02
 5.332665330661E-02 5.332665330661E-02 5.350701402806E-02 5.350701402806E-02
 5.368737474950E-02 5.368739278557E-02 5.368737474950E-02 5.368767535070E-02
 5.386773547094E-02 5.386773547094E-02 5.404809619238E-02 5.404809619238E-02
 5.422845691383E-02 5.422856300837E-02 5.422845691383E-02 5.440881763527E-02
 5.440881763527E-02 5.458917835671E-02 5.458917835671E-02 5.476953907816E-02
 5.476953907816E-02 5.494989979960E-02 5.494992593883E-02 5.494989979960E-02
 5.513026052104E-02 5.513026052104E-02 5.531062124248E-02 5.531062124248E-02
 5.531084669339E-02 5.549098196393E-02 5.549098196393E-02 5.567134268537E-02
 5.567136127926E-02 5.567134268537E-02 5.585170340681E-02 5.585170340681E-02
 5.603206412826E-02 5.603206412826E-02 5.621242484970E-02 5.621242484970E-02
 5.639278557114E-02 5.639280360721E-02 5.639278557114E-02 5.657314629259E-02
 5.657314629259E-02 5.675350701403E-02 5.675350701403E-02 5.693386773547E-02
 5.693386773547E-02 5.693446893788E-02 5.711422845691E-02 5.711424649299E-02
 5.711422845691E-02 5.729458917836E-02 5.729458917836E-02 5.747494989980E-02
 5.747494989980E-02 5.765531062124E-02 5.765531062124E-02 5.783567134269E-02
 5.783568937876E-02 5.783567134269E-02 5.801603206413E-02 5.801603206413E-02
 5.819639278557E-02 5.819639278557E-02 5.837675350701E-02 5.837675350701E-02
 5.855711422846E-02 5.855713226453E-02 5.855711422846E-02 5.873747494990E-02
 5.873747494990E-02 5.873792585170E-02 5.891783567134E-02 5.891783567134E-02
 5.909819639279E-02 5.909819639279E-02 5.927855711423E-02 5.927857515030E-02
 5.927855711423E-02 5.945891783567E-02 5.945891783567E-02 5.963927855711E-02
 5.963927855711E-02 5.981963927856E-02 5.981963927856E-02 6.000000000000E-02
 6.000000000000E-02
 7.935871743487E-03 8.096192384770E-03 8.256513026052E-03 6.492985971944E-03
 6.653306613226E-03 6.813627254509E-03 6.973947895792E-03 7.134268537074E-03
 7.294589178357E-03 7.454909819639E-03 7.615230460922E-03 7.777154308617E-03
 7.775551102204E-03 8.415230460922E-03 8.416833667335E-03 8.577154308617E-03
 8.737474949900E-03 8.897795591182E-03 9.058116232465E-03 6.012024048096E-03
 6.172344689379E-03 6.334268537074E-03 6.332665330661E-03 9.216833667335E-03
 9.218436873748E-03 9.378757515030E-03 9.539078156313E-03 5.691382765531E-03
 5.853306613226E-03 5.851703406814E-03 9.697795591182E-03 9.699398797595E-03
 9.859719438878E-03 1.002004008016E-02 5.210420841683E-03 5.370741482966E-03
 5.532665330661E-03 5.531062124249E-03 1.017875751503E-02 1.018036072144E-02
 1.034068136273E-02 4.889779559118E-03 5.051703406814E-03 5.050100200401E-03
 1.049939879760E-02 1.050100200401E-02 4.569138276553E-03 4.730260521042E-03
 4.729458917836E-03 1.065971943888E-02 1.066132264529E-02 1.082164328657E-02
 4.248496993988E-03 4.409619238477E-03 4.408817635271E-03 1.098036072144E-02
 1.098196392786E-02 4.089779559118E-03 4.088176352705E-03 1.114148296593E-02
 1.114228456914E-02 3.929458917836E-03 3.927855711423E-03 1.130180360721E-02
 1.130260521042E-02 3.768336673347E-03 3.767535070140E-03 1.146239144957E-02
 1.146292585170E-02 3.608016032064E-03 3.607214428858E-03 1.162244488978E-02
 1.162324649299E-02 1.178356713427E-02 3.447695390782E-03 3.446893787575E-03
 1.194228456914E-02 3.288176352705E-03 1.194228456914E-02 1.194388777555E-02
 3.287374749499E-03 3.286573146293E-03 1.210260521042E-02 3.127054108216E-03
 3.126252505010E-03 1.210340681363E-02 1.210420841683E-02 2.967535070140E-03
 2.965931863727E-03 1.226292585170E-02 2.807214428858E-03 1.226412825651E-02
 1.226452905812E-02 2.807214428858E-03 2.805611222445E-03 1.242324649299E-02
 2.646893787575E-03 1.242444889780E-02 1.242484969940E-02 2.646893787575E-03
 2.645290581162E-03 1.258356713427E-02 2.486573146293E-03 1.258436873747E-02
 2.486573146293E-03 1.258476953908E-02 2.485771543086E-03 2.484969939880E-03
 1.258476953908E-02 2.326252505010E-03 1.258490313961E-02 1.258517034068E-02
 2.326252505010E-03 1.274388777555E-02 2.325183700735E-03 1.274388777555E-02
 2.325050100200E-03 2.324649298597E-03 1.274495657983E-02 2.165931863727E-03
 1.274495657983E-02 1.274549098196E-02 2.165130260521E-03 1.290501002004E-02
 2.164863059452E-03 1.290501002004E-02 2.164649298597E-03 1.290501002004E-02
 2.164649298597E-03 2.164328657315E-03 1.290501002004E-02 2.004809619238E-03
 1.290501002004E-02 2.004542418170E-03 1.290501002004E-02 2.004542418170E-03
 1.290541082164E-02 1.290581162325E-02 2.004408817635E-03 1.306452905812E-02
 2.004328657315E-03 1.306533066132E-02 2.004328657315E-03 1.306533066132E-02
 2.004328657315E-03 2.004008016032E-03 1.306573146293E-02 1.306613226453E-02
 1.845290581162E-03 1.322484969940E-02 1.683366733467E-03 1.844488977956E-03
 1.843687374749E-03 1.322484969940E-02 1.524649298597E-03 1.523046092184E-03
 1.322605210421E-02 1.322645290581E-02 1.202404809619E-03 1.364328657315E-03
 1.362725450902E-03 1.338517034068E-02 8.817635270541E-04 1.043687374750E-03
 1.042084168337E-03 1.338517034068E-02 1.338677354709E-02 7.230460921844E-04
 7.214428857715E-04 1.354549098196E-02 4.008016032064E-04 5.627254509018E-04
 5.611222444890E-04 1.354549098196E-02 8.016032064129E-05 2.420841683367E-04
 2.404809619239E-04 1.354549098196E-02 -7.855711422845E-05 -8.016032064128E-05
 1.354549098196E-02 1.354709418838E-02 -4.008016032064E-04 -2.388777555110E-04
 -2.404809619238E-04 1.370581162325E-02 -7.214428857715E-04 -5.595190380761E-04
 -5.611222444890E-04 1.370581162325E-02 -1.042084168337E-03 -8.801603206413E-04
 -8.817635270541E-04 1.370581162325E-02 -1.200801603206E-03 -1.202404809619E-03
 1.370709418838E-02 1.370741482966E-02 -1.523046092184E-03 -1.361122244489E-03
 -1.362725450902E-03 1.386613226453E-02 -1.843687374749E-03 -1.681763527054E-03
 -1.683366733467E-03 1.386613226453E-02 -2.002404809619E-03 -2.004008016032E-03
 1.386720106880E-02 -2.324649298597E-03 -2.162725450902E-03 -2.164328657315E-03
 1.386746826987E-02 -2.645290581162E-03 -2.483366733467E-03 -2.484969939880E-03
 1.386750644145E-02 1.386773547094E-02 -2.965931863727E-03 -2.804008016032E-03
 -2.805611222445E-03 1.402645290581E-02 -3.124649298597E-03 -3.126252505010E-03
 1.402765531062E-02 -3.446893787575E-03 -3.284969939880E-03 -3.286573146293E-03
 1.402778891116E-02 -3.767535070140E-03 -3.605611222445E-03 -3.607214428858E-03
 1.402778891116E-02 1.402805611222E-02 -3.926252505010E-03 -3.927855711423E-03
 1.418757515030E-02 -4.248496993988E-03 -4.086573146293E-03 -4.088176352705E-03
 1.418757515030E-02 -4.569138276553E-03 -4.407214428858E-03 -4.408817635271E-03
 1.418797595190E-02 -4.889779559118E-03 -4.727855711423E-03 -4.729458917836E-03
 1.418805611222E-02 -5.048496993988E-03 -5.050100200401E-03 1.418810955244E-02
 1.418837675351E-02 -5.370741482966E-03 -5.208817635271E-03 -5.210420841683E-03
 1.434709418838E-02 -5.691382765531E-03 -5.529458917836E-03 -5.531062124248E-03
 1.434789579158E-02 -5.850100200401E-03 -5.851703406814E-03 1.434829659319E-02
 -6.172344689379E-03 -6.010420841683E-03 -6.012024048096E-03 1.434829659319E-02
 -6.492985971944E-03 -6.331062124248E-03 -6.332665330661E-03 1.434837675351E-02
 -6.813627254509E-03 -6.651703406814E-03 -6.653306613226E-03 1.434843019372E-02
 -6.972344689379E-03 -6.973947895792E-03 1.434849699399E-02 1.434869739479E-02
 -7.294589178357E-03 -7.132665330661E-03 -7.134268537074E-03 1.450741482966E-02
 -1.306613226453E-02 -1.290581162325E-02 -1.274549098196E-02 -1.258517034068E-02
 -1.242484969940E-02 -1.226452905812E-02 -1.210420841683E-02 -1.194388777555E-02
 -7.615230460922E-03 -7.453306613226E-03 -7.454909819639E-03 1.450821643287E-02
 -1.418837675351E-02 -1.402805611222E-02 -1.386773547094E-02 -1.370741482966E-02
 -1.354709418838E-02 -1.338677354709E-02 -1.322484969940E-02 -1.322645290581E-02
 -1.178517034068E-02 -1.178356713427E-02 -1.162324649299E-02 -1.146292585170E-02
 -1.130260521042E-02 -1.114228456914E-02 -1.098196392786E-02 -7.773947895792E-03
 -7.775551102204E-03 1.450821643287E-02 -1.466933867735E-02 -1.450901803607E-02
 -1.434709418838E-02 -1.434869739479E-02 -1.082324649299E-02 -1.082164328657E-02
 -1.066132264529E-02 -1.050100200401E-02 -1.034068136273E-02 -8.096192384770E-03
 -7.935070140281E-03 -7.935871743487E-03 1.450821643287E-02 -1.515030060120E-02
 -1.498997995992E-02 -1.482805611222E-02 -1.482965931864E-02 -1.018196392786E-02
 -1.018036072144E-02 -1.002004008016E-02 -8.416833667335E-03 -8.254909819639E-03
 -8.256513026052E-03 1.450821643287E-02 -1.627254509018E-02 -1.611222444890E-02
 -1.595190380762E-02 -1.579158316633E-02 -1.563126252505E-02 -1.547094188377E-02
 -1.530901803607E-02 -1.531062124248E-02 -9.861322645291E-03 -9.859719438878E-03
 -9.699398797595E-03 -8.575551102204E-03 -8.577154308617E-03 1.450848363393E-02
 -1.675350701403E-02 -1.659318637275E-02 -1.643126252505E-02 -1.643286573146E-02
 -9.540681362725E-03 -9.539078156313E-03 -8.897795591182E-03 -8.736673346693E-03
 -8.737474949900E-03 1.450869739479E-02 -1.691222444890E-02 -1.691382765531E-02
 -9.380360721443E-03 -9.378757515030E-03 -9.218436873747E-03 -9.057314629259E-03
 -9.058116232465E-03 1.450875083500E-02 -1.707254509018E-02 -1.707414829659E-02
 1.450878900658E-02 -1.739478957916E-02 -1.723286573146E-02 -1.723446893788E-02
 1.450887229003E-02 -1.755350701403E-02 -1.755511022044E-02 1.450892372981E-02
 -1.771382765531E-02 -1.771543086172E-02 1.450892896905E-02 1.450901803607E-02
 -1.787414829659E-02 -1.787575150301E-02 1.466773547094E-02 -1.803446893788E-02
 -1.803607214429E-02 1.466773547094E-02 -1.819478957916E-02 -1.819639278557E-02
 1.466901803607E-02 -1.835511022044E-02 1.466917835671E-02 -1.835511022044E-02
 -1.835671342685E-02 1.466923179693E-02 -1.851543086172E-02 1.466926233419E-02
 -1.851623246493E-02 -1.851703406814E-02 1.466927187709E-02 -1.867575150301E-02
 1.466927454910E-02 1.466933867735E-02 -1.867682030728E-02 1.482939211757E-02
 -1.867703406814E-02 -1.867735470942E-02 1.482949899800E-02 -1.883727454910E-02
 -1.883767535070E-02 1.482954480389E-02 -1.899639278557E-02 -1.899799599198E-02
 1.482958297547E-02 1.482965931864E-02 -1.915671342685E-02 1.498837675351E-02
 -1.915671342685E-02 -1.915831663327E-02 1.498965931864E-02 -1.931703406814E-02
 1.498977955912E-02 -1.931783567134E-02 -1.931863727455E-02 1.498984635939E-02
 1.498997995992E-02 -1.947815631263E-02 -1.947895791583E-02 1.514869739479E-02
 -1.963767535070E-02 -1.963927855711E-02 1.514989979960E-02 -1.979799599198E-02
 -1.979959919840E-02 1.515003340013E-02 -1.995831663327E-02 -1.995991983968E-02
 1.515014028056E-02 1.515030060120E-02 -2.011863727455E-02 -2.012024048096E-02
 1.530981963928E-02 -2.027895791583E-02 1.531008684035E-02 -2.027895791583E-02
 1.531030060120E-02 -2.027975951904E-02 -2.028056112224E-02 1.531046092184E-02
 1.531062124248E-02 -2.043927855711E-02 1.547040748163E-02 -2.043927855711E-02
 -2.044088176353E-02 1.547062124248E-02 -2.059959919840E-02 1.547067468270E-02
 1.547094188377E-02 -2.059959919840E-02 1.562965931864E-02 -2.059959919840E-02
 -2.060120240481E-02 1.563072812291E-02 -2.075991983968E-02 1.563099532398E-02
 1.563126252505E-02 -2.075991983968E-02 1.578997995992E-02 -2.075991983968E-02
 1.579104876420E-02 -2.075991983968E-02 1.579131596526E-02 1.579158316633E-02
 -2.075991983968E-02 1.595110220441E-02 -2.076072144289E-02 1.595136940548E-02
 -2.075991983968E-02 1.595170340681E-02 1.595190380762E-02 -2.075991983968E-02
 -2.060120240481E-02 1.611142284569E-02 -2.060040080160E-02 1.611190380762E-02
 1.611222444890E-02 -2.059959919840E-02 1.627174348697E-02 -2.059959919840E-02
 -2.044088176353E-02 1.627214428858E-02 -2.044008016032E-02 1.627243057544E-02
 1.627254509018E-02 -2.043927855711E-02 1.643206412826E-02 -2.043927855711E-02
 -2.028056112224E-02 1.643273213093E-02 1.643286573146E-02 -2.027975951904E-02
 1.659238476954E-02 -2.027975951904E-02 -2.012024048096E-02 1.659304062671E-02
 1.659318637275E-02 -2.011970607882E-02 1.675270541082E-02 -2.011863727455E-02
 1.675338369046E-02 1.675350701403E-02 -2.011863727455E-02 -1.995991983968E-02
 1.691302605210E-02 -1.995951903808E-02 1.691373858829E-02 1.691382765531E-02
 -1.995911823647E-02 1.707254509018E-02 -1.995831663327E-02 -1.979959919840E-02
 1.707407542357E-02 1.707414829659E-02 -1.979879759519E-02 1.723393453574E-02
 -1.979879759519E-02 1.723440955986E-02 1.723446893788E-02 -1.979879759519E-02
 1.739438877756E-02 -1.979799599198E-02 -1.963927855711E-02 1.739474242603E-02
 1.739478957916E-02 -1.963874415498E-02 1.755490981964E-02 -1.963767535070E-02
 -1.947895791583E-02 1.755507111785E-02 1.755511022044E-02 -1.947815631263E-02
 1.771531634698E-02 -1.947735470942E-02 1.771540003083E-02 1.771543086172E-02
 -1.947735470942E-02 -1.931863727455E-02 1.787568179838E-02 1.787575150301E-02
 -1.931703406814E-02 -1.915831663327E-02 1.803527054108E-02 -1.915671342685E-02
 1.803602499116E-02 1.803607214429E-02 -1.915671342685E-02 -1.899799599198E-02
 1.819621465153E-02 -1.899639278557E-02 -1.883767535070E-02 1.819635550170E-02
 1.819639278557E-02 -1.883607214429E-02 1.835660654643E-02 -1.883607214429E-02
 -1.867735470942E-02 1.835669019198E-02 1.835671342685E-02 -1.867575150301E-02
 -1.851703406814E-02 1.851698235180E-02 1.851703406814E-02 -1.851543086172E-02
 -1.835671342685E-02 1.867708750835E-02 -1.835511022044E-02 -1.819639278557E-02
 -1.803607214429E-02 1.867731908261E-02 1.867735470942E-02 -1.803446893788E-02
 -1.787575150301E-02 1.883752960466E-02 -1.787414829659E-02 -1.771543086172E-02
 -1.755511022044E-02 1.883765308395E-02 1.883767535070E-02 -1.755350701403E-02
 -1.739478957916E-02 -1.723446893788E-02 1.899792311897E-02 1.899799599198E-02
 -1.723286573146E-02 -1.707414829659E-02 -1.691382765531E-02 1.915671342685E-02
 -1.691222444890E-02 -1.675350701403E-02 -1.659318637275E-02 1.915828323313E-02
 1.915831663327E-02 -1.659158316633E-02 -1.643286573146E-02 1.931843687375E-02
 -1.643206412826E-02 -1.627254509018E-02 1.931861645369E-02 1.931863727455E-02
 -1.627174348697E-02 -1.611222444890E-02 1.947887775551E-02 -1.611142284569E-02
 -1.595190380762E-02 1.947894067705E-02 1.947895791583E-02 -1.595136940548E-02
 1.963924772622E-02 1.963927855711E-02 -1.595030060120E-02 -1.579158316633E-02
 1.979906479626E-02 -1.578997995992E-02 -1.563126252505E-02 1.979957915832E-02
 1.979959919840E-02 -1.563072812291E-02 1.995980532494E-02 -1.562965931864E-02
 -1.547094188377E-02 1.995990380762E-02 1.995991983968E-02 -1.546933867735E-02
 -1.531062124248E-02 2.012020965007E-02 -1.530901803607E-02 -1.515030060120E-02
 2.012022444890E-02 2.012024048096E-02 -1.514869739479E-02 -1.498997995992E-02
 2.028054203645E-02 2.028056112224E-02 -1.498837675351E-02 -1.482965931864E-02
 2.044056112224E-02 -1.482805611222E-02 -1.466933867735E-02 2.044086556952E-02
 2.044088176353E-02 -1.466853707415E-02 -1.450901803607E-02 2.060113270018E-02
 -1.450821643287E-02 -1.434869739479E-02 2.060118637275E-02 2.060120240481E-02
 -1.434789579158E-02 -1.418837675351E-02 2.076150046572E-02 -1.418805611222E-02
 -1.402805611222E-02 2.076150701403E-02 2.076152304609E-02 -1.402773547094E-02
 2.092182587397E-02 -1.402765531062E-02 -1.386773547094E-02 2.092182765531E-02
 2.092184368737E-02 -1.386741482966E-02 2.108214796941E-02 2.108216432866E-02
 -1.386693386774E-02 -1.370741482966E-02 2.124221776887E-02 -1.370661322645E-02
 2.124246861069E-02 2.124248496994E-02 -1.370661322645E-02 -1.354709418838E-02
 2.140271654420E-02 -1.354629258517E-02 2.140278941722E-02 2.140280561122E-02
 -1.354629258517E-02 -1.338677354709E-02 2.156308406286E-02 -1.338597194389E-02
 2.156311005850E-02 2.156312625251E-02 -1.338597194389E-02 2.172341126698E-02
 -1.338517034068E-02 -1.322645290581E-02 2.172343069978E-02 2.172344689379E-02
 -1.322565130261E-02 2.188373109856E-02 -1.322484969940E-02 -1.306613226453E-02
 2.188375150301E-02 2.188376753507E-02 -1.306533066132E-02 2.204404706850E-02
 -1.306533066132E-02 2.204407214429E-02 2.204408817635E-02 -1.306452905812E-02
 -1.290581162325E-02 2.220434943962E-02 -1.290501002004E-02 2.220439278557E-02
 2.220440881764E-02 -1.290420841683E-02 -1.274549098196E-02 2.236446225785E-02
 -1.274468937876E-02 2.236471342685E-02 -1.274388777555E-02 2.236471342685E-02
 2.236472945892E-02 -1.274388777555E-02 -1.258517034068E-02 2.252503340013E-02
 -1.258436873747E-02 2.252503406814E-02 2.252505010020E-02 -1.258436873747E-02
 -1.242484969940E-02 2.268535165569E-02 -1.242431529726E-02 2.268535470942E-02
 2.268537074148E-02 -1.242404809619E-02 2.284565727199E-02 -1.242404809619E-02
 2.284567535070E-02 2.284569138277E-02 -1.242324649299E-02 -1.226452905812E-02
 2.300521042084E-02 -1.226399465598E-02 2.300599599198E-02 -1.226372745491E-02
 2.300599599198E-02 2.300601202405E-02 -1.226372745491E-02 2.316631262525E-02
 -1.226292585170E-02 -1.210420841683E-02 2.316631663327E-02 2.316633266533E-02
 -1.210388777555E-02 2.332647517257E-02 -1.210367401470E-02 2.332663727455E-02
 -1.210340681363E-02 2.332663727455E-02 2.332665330661E-02 -1.210340681363E-02
 -1.194388777555E-02 2.348695652174E-02 -1.194376445198E-02 2.348695791583E-02
 2.348697394790E-02 -1.194370964151E-02 2.364702738811E-02 -1.194365874606E-02
 2.364727855711E-02 -1.194356713427E-02 2.364727855711E-02 2.364729458918E-02
 -1.194348697395E-02 2.380757879395E-02 -1.194348697395E-02 2.380759919840E-02
 -1.194335337341E-02 2.380759919840E-02 2.380761523046E-02 -1.194335337341E-02
 2.396791983968E-02 -1.194335337341E-02 2.396791983968E-02 2.396793587174E-02
 -1.194228456914E-02 2.412665330661E-02 -1.194228456914E-02 2.412824048096E-02
 -1.194228456914E-02 2.412824048096E-02 2.412825651303E-02 -1.194228456914E-02
 -1.178356713427E-02 2.428817635271E-02 -1.178347806725E-02 2.428856112224E-02
 -1.178347806725E-02 2.428856112224E-02 2.428857715431E-02 -1.178347806725E-02
 2.444836339345E-02 -1.178347806725E-02 2.444888176353E-02 -1.178348275498E-02
 2.444888176353E-02 2.444889779559E-02 -1.178348275498E-02 2.460898940739E-02
 -1.178349079111E-02 2.460920240481E-02 -1.178349079111E-02 2.460920240481E-02
 2.460921843687E-02 -1.178349079111E-02 2.476936094411E-02 -1.178349742964E-02
 2.476952304609E-02 -1.178350300601E-02 2.476952304609E-02 2.476953907816E-02
 -1.178350547248E-02 2.492825651303E-02 -1.178351541793E-02 2.492984368737E-02
 -1.178351541793E-02 -1.178356713427E-02 2.492984368737E-02 -1.194335337341E-02
 2.492984368737E-02 2.492985971944E-02 -1.194348697395E-02 2.509016432866E-02
 -1.194365874606E-02 2.509016432866E-02 -1.194372745491E-02 2.509016432866E-02
 2.509018036072E-02 -1.194378757515E-02 2.525048496994E-02 -1.194380761523E-02
 2.525048496994E-02 -1.194382839754E-02 2.525048496994E-02 2.525050100200E-02
 -1.194384769539E-02 2.541077945364E-02 -1.194385634013E-02 -1.194388777555E-02
 2.541080561122E-02 -1.210340681363E-02 2.541080561122E-02 2.541082164329E-02
 -1.210397938735E-02 2.557074148297E-02 -1.210410821643E-02 2.557112625251E-02
 -1.210416126370E-02 2.557112625251E-02 -1.210417279002E-02 -1.210420841683E-02
 2.557112625251E-02 2.557114228457E-02 -1.226372745491E-02 2.573144511245E-02
 -1.226426185705E-02 2.573144689379E-02 -1.226443475186E-02 2.573144689379E-02
 2.573146292585E-02 -1.226447377514E-02 -1.226452905812E-02 2.589146292585E-02
 -1.242324649299E-02 2.589176753507E-02 -1.242458249833E-02 2.589176753507E-02
 -1.242474949900E-02 2.589176753507E-02 2.589178356713E-02 -1.242478803761E-02
 -1.242484969940E-02 2.605208162804E-02 -1.258476953908E-02 2.605208817635E-02
 -1.258494131119E-02 2.605208817635E-02 -1.258507014028E-02 -1.258517034068E-02
 2.605208817635E-02 2.605210420842E-02 -1.274388777555E-02 2.621240865570E-02
 -1.274517034068E-02 2.621240881764E-02 -1.274533066132E-02 -1.274549098196E-02
 2.621240881764E-02 2.621242484970E-02 -1.290420841683E-02 2.637234468938E-02
 -1.290527722111E-02 2.637272945892E-02 -1.290554442218E-02 -1.290581162325E-02
 2.637272945892E-02 -1.306452905812E-02 2.637272945892E-02 2.637274549098E-02
 -1.306559786239E-02 2.653297182600E-02 -1.306586506346E-02 -1.306613226453E-02
 2.653305010020E-02 -1.322484969940E-02 2.653305010020E-02 -1.322591850367E-02
 2.653305010020E-02 2.653306613226E-02 -1.322613226453E-02 2.669331390053E-02
 -1.322627477177E-02 -1.322645290581E-02 2.669337074148E-02 -1.338623914496E-02
 2.669337074148E-02 -1.338637274549E-02 2.669337074148E-02 2.669338677355E-02
 -1.338657314629E-02 -1.338677354709E-02 2.685359290009E-02 -1.354629258517E-02
 2.685369138277E-02 -1.354669338677E-02 2.685369138277E-02 -1.354686515889E-02
 -1.354709418838E-02 2.685369138277E-02 2.685370741483E-02 -1.370581162325E-02
 2.701370741483E-02 -1.370688042752E-02 2.701401202405E-02 -1.370714762859E-02
 2.701401202405E-02 -1.370728122912E-02 -1.370741482966E-02 2.701401202405E-02
 -1.386720106880E-02 2.701401202405E-02 2.701402805611E-02 -1.386741482966E-02
 2.717433199733E-02 -1.386760187041E-02 -1.386773547094E-02 2.717433266533E-02
 -1.402645290581E-02 2.717433266533E-02 -1.402773547094E-02 2.717433266533E-02
 2.717434869739E-02 -1.402792251169E-02 2.733464467396E-02 -1.402801794064E-02
 -1.402805611222E-02 2.733465330661E-02 -1.418784235137E-02 2.733465330661E-02
 -1.418824315297E-02 2.733465330661E-02 2.733466933868E-02 -1.418834264273E-02
 -1.418837675351E-02 2.749418837675E-02 -1.434789579158E-02 2.749497378596E-02
 -1.434858288005E-02 2.749497394790E-02 -1.434866467629E-02 2.749497394790E-02
 -1.434868033940E-02 -1.434869739479E-02 2.749497394790E-02 2.749498997996E-02
 -1.450891115564E-02 2.765527722111E-02 -1.450898834706E-02 2.765529458918E-02
 -1.450900150817E-02 -1.450901803607E-02 2.765529458918E-02 -1.466923179693E-02
 2.765529458918E-02 -1.466931239528E-02 2.765529458918E-02 2.765531062124E-02
 -1.466932231811E-02 -1.466933867735E-02 2.781561171123E-02 -1.482955911824E-02
 2.781561523046E-02 -1.482963673827E-02 2.781561523046E-02 -1.482964328657E-02
 -1.482965931864E-02 2.781561523046E-02 2.781563126253E-02 -1.498987307949E-02
 2.797434869739E-02 -1.498996040862E-02 2.797593484842E-02 -1.498996392786E-02
 -1.498997995992E-02 2.797593587174E-02 -1.515016700067E-02 2.797593587174E-02
 -1.515028278780E-02 2.797593587174E-02 2.797595190381E-02 -1.515028456914E-02
 -1.515030060120E-02 2.813547094188E-02 -1.531050672774E-02 2.813625635109E-02
 -1.531060521042E-02 2.813625651303E-02 -1.531060521042E-02 -1.531062124248E-02
 2.813625651303E-02 -1.547084168337E-02 2.813625651303E-02 -1.547092585170E-02
 2.813625651303E-02 2.813627254509E-02 -1.547092585170E-02 -1.547094188377E-02
 2.829657537297E-02 -1.563117345803E-02 2.829657715431E-02 -1.563124649299E-02
 2.829657715431E-02 -1.563124649299E-02 -1.563126252505E-02 2.829657715431E-02
 -1.579150682317E-02 2.829657715431E-02 2.829659318637E-02 -1.579156713427E-02
 2.845687897534E-02 -1.579156713427E-02 -1.579158316633E-02 2.845689779559E-02
 -1.595182746445E-02 2.845689779559E-02 -1.595188777555E-02 2.845689779559E-02
 -1.595188777555E-02 -1.595190380762E-02 2.845689779559E-02 2.845691382766E-02
 -1.611213014264E-02 2.861643286573E-02 -1.611220841683E-02 2.861721843687E-02
 -1.611220841683E-02 -1.611222444890E-02 2.861721843687E-02 -1.627241148965E-02
 2.861721843687E-02 -1.627252905812E-02 2.861721843687E-02 -1.627252905812E-02
 -1.627254509018E-02 2.861721843687E-02 2.861723446894E-02 -1.643259853039E-02
 2.877751503006E-02 -1.643284969940E-02 2.877753907816E-02 -1.643284969940E-02
 -1.643286573146E-02 2.877753907816E-02 -1.659238476954E-02 2.877753907816E-02
 -1.659317034068E-02 2.877753907816E-02 -1.659317034068E-02 2.877753907816E-02
 2.877755511022E-02 -1.659317034068E-02 -1.659318637275E-02 2.893785832535E-02
 -1.675349098196E-02 2.893785971944E-02 -1.675349098196E-02 2.893785971944E-02
 -1.675349098196E-02 -1.675350701403E-02 2.893785971944E-02 -1.691381162325E-02
 2.893785971944E-02 -1.691381162325E-02 2.893785971944E-02 2.893787575150E-02
 -1.691381162325E-02 -1.691382765531E-02 2.909817986488E-02 -1.707413226453E-02
 2.909818036072E-02 -1.707413226453E-02 2.909818036072E-02 -1.707413226453E-02
 -1.707414829659E-02 2.909818036072E-02 -1.723444603493E-02 2.909818036072E-02
 -1.723445290581E-02 2.909818036072E-02 2.909819639279E-02 -1.723445290581E-02
 -1.723446893788E-02 2.925849345750E-02 -1.739461144511E-02 2.925850100200E-02
 -1.739477354709E-02 2.925850100200E-02 -1.739477354709E-02 2.925850100200E-02
 -1.739477354709E-02 -1.739478957916E-02 2.925850100200E-02 -1.755509418838E-02
 2.925850100200E-02 2.925851703407E-02 -1.755509418838E-02 2.941863727455E-02
 -1.755509418838E-02 -1.755511022044E-02 2.941882164329E-02 -1.771541482966E-02
 2.941882164329E-02 -1.771541482966E-02 2.941882164329E-02 -1.771541482966E-02
 -1.771543086172E-02 2.941882164329E-02 -1.787568984122E-02 2.941882164329E-02
 -1.787573547094E-02 2.941882164329E-02 2.941883767535E-02 -1.787573547094E-02
 2.957913827655E-02 -1.787573547094E-02 -1.787575150301E-02 2.957914228457E-02
 -1.803605611222E-02 2.957914228457E-02 -1.803605611222E-02 2.957914228457E-02
 -1.803605611222E-02 -1.803607214429E-02 2.957914228457E-02 -1.819637675351E-02
 2.957914228457E-02 -1.819637675351E-02 2.957914228457E-02 2.957915831663E-02
 -1.819637675351E-02 -1.819639278557E-02 2.973946114451E-02 -1.835511022044E-02
 2.973946292585E-02 -1.835669739479E-02 2.973946292585E-02 -1.835669739479E-02
 2.973946292585E-02 -1.835669739479E-02 -1.835671342685E-02 2.973946292585E-02
 -1.851701803607E-02 2.973946292585E-02 -1.851701803607E-02 2.973946292585E-02
 2.973947895792E-02 -1.851701803607E-02 -1.851703406814E-02 2.989977636432E-02
 -1.867682030728E-02 2.989978356713E-02 -1.867733867735E-02 2.989978356713E-02
 -1.867733867735E-02 2.989978356713E-02 -1.867733867735E-02 -1.867735470942E-02
 2.989978356713E-02 -1.883765931864E-02 2.989978356713E-02 -1.883765931864E-02
 2.989978356713E-02 2.989979959920E-02 -1.883765931864E-02 3.005998663995E-02
 -1.883765931864E-02 -1.883767535070E-02 3.006010420842E-02 -1.899797995992E-02
 3.006010420842E-02 -1.899797995992E-02 3.006010420842E-02 -1.899797995992E-02
 -1.899799599198E-02 3.006010420842E-02 -1.915829993320E-02 3.006010420842E-02
 -1.915830060120E-02 3.006010420842E-02 -1.915830060120E-02 3.006010420842E-02
 3.006012024048E-02 -1.915830060120E-02 -1.915831663327E-02 3.022040080160E-02
 -1.931862124248E-02 3.022042484970E-02 -1.931862124248E-02 3.022042484970E-02
 -1.931862124248E-02 -1.931863727455E-02 3.022042484970E-02 -1.947886884881E-02
 3.022042484970E-02 -1.947894188377E-02 3.022042484970E-02 -1.947894188377E-02
 3.022042484970E-02 -1.947894188377E-02 -1.947895791583E-02 3.022042484970E-02
 3.022044088176E-02 -1.963926252505E-02 3.038071142285E-02 -1.963926252505E-02
 3.038074549098E-02 -1.963926252505E-02 3.038074549098E-02 -1.963926252505E-02
 -1.963927855711E-02 3.038074549098E-02 -1.979958316633E-02 3.038074549098E-02
 -1.979958316633E-02 3.038074549098E-02 -1.979958316633E-02 3.038074549098E-02
 -1.979958316633E-02 -1.979959919840E-02 3.038074549098E-02 3.038076152305E-02
 -1.995990380762E-02 3.054081496326E-02 -1.995990380762E-02 3.054106187058E-02
 -1.995990380762E-02 -1.995991983968E-02 3.054106613226E-02 -2.012014617470E-02
 3.054106613226E-02 -2.012022444890E-02 3.054106613226E-02 -2.012022444890E-02
 3.054106613226E-02 -2.012022444890E-02 -2.012024048096E-02 3.054106613226E-02
 -2.028053788737E-02 3.054106613226E-02 -2.028054509018E-02 3.054106613226E-02
 3.054108216433E-02 -2.028054509018E-02 3.070120240481E-02 -2.028054509018E-02
 -2.028056112224E-02 3.070138225168E-02 -2.044086523563E-02 3.070138677355E-02
 -2.044086573146E-02 3.070138677355E-02 -2.044086573146E-02 3.070138677355E-02
 -2.044086573146E-02 -2.044088176353E-02 3.070138677355E-02 -2.060118637275E-02
 3.070138677355E-02 -2.060118637275E-02 3.070138677355E-02 -2.060118637275E-02
 3.070138677355E-02 3.070140280561E-02 -2.060118637275E-02 -2.060120240481E-02
 3.086118904476E-02 -2.076150701403E-02 3.086168434430E-02 -2.076150701403E-02
 3.086170741483E-02 -2.076150701403E-02 3.086170741483E-02 -2.076150701403E-02
 -2.076152304609E-02 3.086170741483E-02 -2.092182765531E-02 3.086170741483E-02
 -2.092182765531E-02 3.086170741483E-02 -2.092182765531E-02 3.086170741483E-02
 -2.092182765531E-02 -2.092184368737E-02 3.086170741483E-02 -2.108214829659E-02
 3.086170741483E-02 3.086172344689E-02 -2.108214829659E-02 3.102164328657E-02
 -2.108214829659E-02 3.102199064796E-02 -2.108214829659E-02 -2.108216432866E-02
 3.102202805611E-02 -2.124246893788E-02 3.102202805611E-02 -2.124246893788E-02
 3.102202805611E-02 -2.124246893788E-02 3.102202805611E-02 -2.124246893788E-02
 3.102202805611E-02
 1344 1342
 1342 1340
 1340 1338
 1338 1336
 1336 1335
 1335 1333
 1333 1331
 1331 1328
 1328 1326
 1326 1325
 1325 1323
 1323 1321
 1321 1319
 1319 1317
 1317 1316
 1316 1314
 1314 1312
 1312 1310
 1310 1308
 1308 1307
 1307 1304
 1304 1302
 1302 1300
 1300 1298
 1298 1297
 1297 1295
 1295 1293
 1293 1291
 1291 1289
 1289 1288
 1288 1286
 1286 1283
 1283 1281
 1281 1279
 1279 1278
 1278 1276
 1276 1274
 1274 1272
 1272 1270
 1270 1269
 1269 1267
 1267 1265
 1265 1262
 1262 1261
 1261 1259
 1259 1257
 1257 1255
 1255 1253
 1253 1252
 1252 1250
 1250 1248
 1248 1246
 1246 1243
 1243 1242
 1242 1240
 1240 1238
 1238 1236
 1236 1234
 1234 1233
 1233 1231
 1231 1229
 1229 1227
 1227 1226
 1226 1223
 1223 1221
 1221 1219
 1219 1217
 1217 1216
 1216 1214
 1214 1212
 1212 1210
 1210 1209
 1209 1207
 1207 1204
 1204 1202
 1202 1200
 1200 1199
 1199 1197
 1197 1195
 1195 1193
 1193 1191
 1191 1190
 1190 1187
 1187 1185
 1185 1183
 1183 1182
 1182 1180
 1180 1178
 1178 1176
 1176 1174
 1174 1173
 1173 1170
 1170 1168
 1168 1166
 1166 1165
 1165 1163
 1163 1161
 1161 1159
 1159 1158
 1158 1156
 1156 1153
 1153 1151
 1151 1149
 1149 1148
 1148 1146
 1146 1144
 1144 1142
 1142 1141
 1141 1139
 1139 1136
 1136 1134
 1134 1133
 1133 1131
 1131 1129
 1129 1127
 1127 1125
 1125 1124
 1124 1121
 1121 1119
 1119 1117
 1117 1116
 1116 1114
 1114 1112
 1112 1110
 1110 1109
 1109 1106
 1106 1104
 1104 1102
 1102 1101
 1101 1099
 1099 1097
 1097 1095
 1095 1094
 1094 1091
 1091 1089
 1089 1087
 1087 1085
 1085 1084
 1084 1082
 1082 1080
 1080 1077
 1077 1076
 1076 1074
 1074 1072
 1072 1070
 1070 1069
 1069 1067
 1067 1065
 1065 1062
 1062 1061
 1061 1059
 1059 1057
 1057 1055
 1055 1054
 1054 1052
 1052 1049
 1049 1047
 1047 1046
 1046 1044
 1044 1042
 1042 1040
 1040 1039
 1039 1036
 1036 1034
 1034 1032
 1032 1031
 1031 1029
 1029 1027
 1027 1025
 1025 1024
 1024 1021
 1021 1019
 1019 1017
 1017 1016
 1016 1014
 1014 1012
 1012 1009
 1009 1008
 1008 1006
 1006 1004
 1004 1002
 1002 1001
 1001 998
 998 996
 996 994
 994 993
 993 991
 991 989
 989 986
 986 985
 985 983
 983 981
 981 979
 979 977
 977 976
 976 973
 973 971
 971 969
 969 968
 968 966
 966 963
 963 961
 961 959
 959 958
 958 956
 956 953
 953 951
 951 950
 950 948
 948 946
 946 944
 944 941
 941 940
 940 938
 938 936
 936 934
 934 933
 933 930
 930 928
 928 926
 926 925
 925 923
 923 920
 920 918
 918 916
 916 915
 915 913
 913 910
 910 908
 908 907
 907 905
 905 903
 903 900
 900 899
 899 897
 897 895
 895 892
 892 891
 891 889
 889 887
 887 885
 885 884
 884 881
 881 879
 879 877
 877 875
 875 874
 874 871
 871 869
 869 867
 867 864
 864 863
 863 861
 861 859
 859 857
 857 854
 854 852
 852 851
 851 849
 849 846
 846 844
 844 842
 842 839
 839 837
 837 835
 835 832
 832 830
 830 829
 829 827
 827 825
 825 822
 822 820
 820 818
 818 815
 815 813
 813 811
 811 808
 808 806
 806 804
 804 801
 801 799
 799 797
 797 796
 796 793
 793 791
 791 789
 789 786
 786 784
 784 781
 781 779
 779 777
 777 774
 774 772
 772 770
 770 767
 767 765
 765 764
 764 761
 761 759
 759 757
 757 754
 754 753
 753 751
 751 748
 748 746
 746 744
 744 743
 743 740
 740 738
 738 735
 735 733
 733 732
 732 729
 729 727
 727 726
 726 723
 723 721
 721 719
 719 718
 718 715
 715 713
 713 712
 712 709
 709 707
 707 704
 704 703
 703 701
 701 698
 698 697
 697 695
 695 692
 692 690
 690 689
 689 686
 686 684
 684 683
 683 680
 680 678
 678 677
 677 674
 674 671
 671 670
 670 668
 668 665
 665 664
 664 662
 662 661
 661 658
 658 657
 657 655
 655 654
 654 651
 651 650
 650 648
 648 647
 647 644
 644 643
 643 640
 640 639
 639 637
 637 636
 636 633
 633 632
 632 630
 630 627
 627 626
 626 624
 624 623
 623 620
 620 617
 617 616
 616 614
 614 613
 613 610
 610 609
 609 607
 607 606
 606 603
 603 602
 602 601
 601 599
 599 598
 598 597
 597 594
 594 593
 593 592
 592 589
 589 588
 588 587
 587 585
 585 584
 584 581
 581 580
 580 579
 579 577
 577 576
 576 573
 573 572
 572 569
 569 568
 568 566
 566 563
 563 562
 562 560
 560 559
 559 556
 556 554
 554 553
 553 550
 550 549
 549 546
 546 544
 544 541
 541 540
 540 538
 538 535
 535 534
 534 532
 532 529
 529 527
 527 524
 524 523
 523 521
 521 518
 518 516
 516 515
 515 512
 512 510
 510 507
 507 506
 506 504
 504 501
 501 500
 500 498
 498 495
 495 493
 493 492
 492 490
 490 487
 487 485
 485 484
 484 481
 481 479
 479 477
 477 474
 474 472
 472 470
 470 467
 467 465
 465 464
 464 462
 462 459
 459 457
 457 456
 456 454
 454 451
 451 450
 450 448
 448 446
 446 444
 444 443
 443 440
 440 439
 439 437
 437 436
 436 434
 434 433
 433 431
 431 430
 430 427
 427 426
 426 424
 424 422
 422 421
 421 419
 419 416
 416 415
 415 413
 413 412
 412 410
 410 409
 409 407
 407 404
 404 402
 402 401
 401 399
 399 397
 397 396
 396 394
 394 392
 392 391
 391 389
 389 388
 388 386
 386 385
 385 382
 382 381
 381 379
 379 378
 378 374
 374 376
 376 375
 375 372
 372 371
 371 364
 364 363
 363 353
 353 354
 354 356
 356 355
 355 339
 339 340
 340 341
 341 342
 342 343
 343 344
 344 346
 346 345
 345 328
 328 329
 329 331
 331 330
 330 315
 315 316
 316 318
 318 317
 317 297
 297 298
 298 299
 299 300
 300 301
 301 302
 302 304
 304 303
 303 285
 285 286
 286 287
 287 288
 288 289
 289 290
 290 291
 291 292
 292 305
 305 306
 306 307
 307 308
 308 309
 309 310
 310 311
 311 319
 319 320
 320 321
 321 322
 322 323
 323 332
 332 333
 333 334
 334 347
 347 348
 348 349
 349 357
 357 358
 358 365
 365 366
 366 367
 367 369
 369 368
 368 359
 359 361
 361 360
 360 351
 351 350
 350 335
 335 337
 337 336
 336 324
 324 326
 326 325
 325 313
 313 312
 312 293
 293 295
 295 294
 294 281
 281 283
 283 282
 282 278
 278 277
 277 273
 273 275
 275 274
 274 269
 269 271
 271 270
 270 265
 265 267
 267 266
 266 263
 263 262
 262 258
 258 260
 260 259
 259 254
 254 256
 256 255
 255 251
 251 250
 250 246
 246 248
 248 247
 247 242
 242 244
 244 243
 243 238
 238 240
 240 239
 239 236
 236 235
 235 230
 230 232
 232 231
 231 226
 226 228
 228 227
 227 224
 224 223
 223 219
 219 221
 221 220
 220 214
 214 216
 216 215
 215 210
 210 212
 212 211
 211 208
 208 207
 207 203
 203 205
 205 204
 204 199
 199 201
 201 200
 200 196
 196 195
 195 191
 191 193
 193 192
 192 187
 187 189
 189 188
 188 183
 183 185
 185 184
 184 180
 180 179
 179 175
 175 177
 177 176
 176 171
 171 173
 173 172
 172 169
 169 168
 168 163
 163 165
 165 164
 164 159
 159 161
 161 160
 160 156
 156 155
 155 151
 151 153
 153 152
 152 149
 149 146
 146 145
 145 143
 143 141
 141 139
 139 136
 136 134
 134 132
 132 130
 130 129
 129 127
 127 125
 125 123
 123 120
 120 118
 118 117
 117 115
 115 113
 113 110
 110 108
 108 107
 107 105
 105 103
 103 101
 101 100
 100 97
 97 95
 95 94
 94 91
 91 89
 89 88
 88 85
 85 84
 84 82
 82 81
 81 78
 78 76
 76 75
 75 71
 71 70
 70 67
 67 66
 66 63
 63 62
 62 59
 59 58
 58 53
 53 55
 55 54
 54 47
 47 49
 49 48
 48 42
 42 44
 44 43
 43 35
 35 36
 36 38
 38 37
 37 28
 28 30
 30 29
 29 20
 20 21
 21 23
 23 22
 22 4
 4 5
 5 6
 6 7
 7 8
 8 9
 9 10
 10 11
 11 13
 13 12
 12 1
 1 2
 2 3
 3 14
 14 15
 15 16
 16 17
 17 18
 18 19
 19 24
 24 25
 25 26
 26 27
 27 31
 31 32
 32 33
 33 34
 34 39
 39 40
 40 41
 41 45
 45 46
 46 50
 50 51
 51 52
 52 56
 56 57
 57 60
 60 61
 61 64
 64 65
 65 68
 68 69
 69 72
 72 73
 73 74
 74 77
 77 79
 79 80
 80 83
 83 86
 86 87
 87 90
 90 92
 92 93
 93 96
 96 98
 98 99
 99 102
 102 104
 104 106
 106 109
 109 111
 111 112
 112 114
 114 116
 116 119
 119 121
 121 122
 122 124
 124 126
 126 128
 128 131
 131 133
 133 135
 135 137
 137 138
 138 140
 140 142
 142 144
 144 147
 147 148
 148 150
 150 154
 154 157
 157 158
 158 162
 162 166
 166 167
 167 170
 170 174
 174 178
 178 181
 181 182
 182 186
 186 190
 190 194
 194 197
 197 198
 198 202
 202 206
 206 209
 209 213
 213 217
 217 218
 218 222
 222 225
 225 229
 229 233
 233 234
 234 237
 237 241
 241 245
 245 249
 249 252
 252 253
 253 257
 257 261
 261 264
 264 268
 268 272
 272 276
 276 279
 279 280
 280 284
 284 296
 296 314
 314 327
 327 338
 338 352
 352 362
 362 370
 370 373
 373 377
 377 380
 380 383
 383 384
 384 387
 387 390
 390 393
 393 395
 395 398
 398 400
 400 403
 403 405
 405 406
 406 408
 408 411
 411 414
 414 417
 417 418
 418 420
 420 423
 423 425
 425 428
 428 429
 429 432
 432 435
 435 438
 438 441
 441 442
 442 445
 445 447
 447 449
 449 452
 452 453
 453 455
 455 458
 458 460
 460 461
 461 463
 463 466
 466 468
 468 469
 469 471
 471 473
 473 475
 475 476
 476 478
 478 480
 480 482
 482 483
 483 486
 486 488
 488 489
 489 491
 491 494
 494 496
 496 497
 497 499
 499 502
 502 503
 503 505
 505 508
 508 509
 509 511
 511 513
 513 514
 514 517
 517 519
 519 520
 520 522
 522 525
 525 526
 526 528
 528 530
 530 531
 531 533
 533 536
 536 537
 537 539
 539 542
 542 543
 543 545
 545 547
 547 548
 548 551
 551 552
 552 555
 555 557
 557 558
 558 561
 561 564
 564 565
 565 567
 567 570
 570 571
 571 574
 574 575
 575 578
 578 582
 582 583
 583 586
 586 590
 590 591
 591 595
 595 596
 596 600
 600 604
 604 605
 605 608
 608 611
 611 612
 612 615
 615 618
 618 619
 619 621
 621 622
 622 625
 625 628
 628 629
 629 631
 631 634
 634 635
 635 638
 638 641
 641 642
 642 645
 645 646
 646 649
 649 652
 652 653
 653 656
 656 659
 659 660
 660 663
 663 666
 666 667
 667 669
 669 672
 672 673
 673 675
 675 676
 676 679
 679 681
 681 682
 682 685
 685 687
 687 688
 688 691
 691 693
 693 694
 694 696
 696 699
 699 700
 700 702
 702 705
 705 706
 706 708
 708 710
 710 711
 711 714
 714 716
 716 717
 717 720
 720 722
 722 724
 724 725
 725 728
 728 730
 730 731
 731 734
 734 736
 736 737
 737 739
 739 741
 741 742
 742 745
 745 747
 747 749
 749 750
 750 752
 752 755
 755 756
 756 758
 758 760
 760 762
 762 763
 763 766
 766 768
 768 769
 769 771
 771 773
 773 775
 775 776
 776 778
 778 780
 780 782
 782 783
 783 785
 785 787
 787 788
 788 790
 790 792
 792 794
 794 795
 795 798
 798 800
 800 802
 802 803
 803 805
 805 807
 807 809
 809 810
 810 812
 812 814
 814 816
 816 817
 817 819
 819 821
 821 823
 823 824
 824 826
 826 828
 828 831
 831 833
 833 834
 834 836
 836 838
 838 840
 840 841
 841 843
 843 845
 845 847
 847 848
 848 850
 850 853
 853 855
 855 856
 856 858
 858 860
 860 862
 862 865
 865 866
 866 868
 868 870
 870 872
 872 873
 873 876
 876 878
 878 880
 880 882
 882 883
 883 886
 886 888
 888 890
 890 893
 893 894
 894 896
 896 898
 898 901
 901 902
 902 904
 904 906
 906 909
 909 911
 911 912
 912 914
 914 917
 917 919
 919 921
 921 922
 922 924
 924 927
 927 929
 929 931
 931 932
 932 935
 935 937
 937 939
 939 942
 942 943
 943 945
 945 947
 947 949
 949 952
 952 954
 954 955
 955 957
 957 960
 960 962
 962 964
 964 965
 965 967
 967 970
 970 972
 972 974
 974 975
 975 978
 978 980
 980 982
 982 984
 984 987
 987 988
 988 990
 990 992
 992 995
 995 997
 997 999
 999 1000
 1000 1003
 1003 1005
 1005 1007
 1007 1010
 1010 1011
 1011 1013
 1013 1015
 1015 1018
 1018 1020
 1020 1022
 1022 1023
 1023 1026
 1026 1028
 1028 1030
 1030 1033
 1033 1035
 1035 1037
 1037 1038
 1038 1041
 1041 1043
 1043 1045
 1045 1048
 1048 1050
 1050 1051
 1051 1053
 1053 1056
 1056 1058
 1058 1060
 1060 1063
 1063 1064
 1064 1066
 1066 1068
 1068 1071
 1071 1073
 1073 1075
 1075 1078
 1078 1079
 1079 1081
 1081 1083
 1083 1086
 1086 1088
 1088 1090
 1090 1092
 1092 1093
 1093 1096
 1096 1098
 1098 1100
 1100 1103
 1103 1105
 1105 1107
 1107 1108
 1108 1111
 1111 1113
 1113 1115
 1115 1118
 1118 1120
 1120 1122
 1122 1123
 1123 1126
 1126 1128
 1128 1130
 1130 1132
 1132 1135
 1135 1137
 1137 1138
 1138 1140
 1140 1143
 1143 1145
 1145 1147
 1147 1150
 1150 1152
 1152 1154
 1154 1155
 1155 1157
 1157 1160
 1160 1162
 1162 1164
 1164 1167
 1167 1169
 1169 1171
 1171 1172
 1172 1175
 1175 1177
 1177 1179
 1179 1181
 1181 1184
 1184 1186
 1186 1188
 1188 1189
 1189 1192
 1192 1194
 1194 1196
 1196 1198
 1198 1201
 1201 1203
 1203 1205
 1205 1206
 1206 1208
 1208 1211
 1211 1213
 1213 1215
 1215 1218
 1218 1220
 1220 1222
 1222 1224
 1224 1225
 1225 1228
 1228 1230
 1230 1232
 1232 1235
 1235 1237
 1237 1239
 1239 1241
 1241 1244
 1244 1245
 1245 1247
 1247 1249
 1249 1251
 1251 1254
 1254 1256
 1256 1258
 1258 1260
 1260 1263
 1263 1264
 1264 1266
 1266 1268
 1268 1271
 1271 1273
 1273 1275
 1275 1277
 1277 1280
 1280 1282
 1282 1284
 1284 1285
 1285 1287
 1287 1290
 1290 1292
 1292 1294
 1294 1296
 1296 1299
 1299 1301
 1301 1303
 1303 1305
 1305 1306
 1306 1309
 1309 1311
 1311 1313
 1313 1315
 1315 1318
 1318 1320
 1320 1322
 1322 1324
 1324 1327
 1327 1329
 1329 1330
 1330 1332
 1332 1334
 1334 1337
 1337 1339
 1339 1341
 1341 1343
 1343 1345


ZONE T="MAXCCS_BINS07_KS_0p5334mm"
  STRANDID=0, SOLUTIONTIME=0
 Nodes=1393, Elements=1392, ZONETYPE=FELineSeg
 DATAPACKING=BLOCK
 DT=(DOUBLE DOUBLE )
 -2.530881763527E-02 -2.530881763527E-02 -2.530881763527E-02 -2.530881763527E-02
 -2.530881763527E-02 -2.530881763527E-02 -2.530881763527E-02 -2.530881763527E-02
 -2.530881763527E-02 -2.530881763527E-02 -2.530881763527E-02 -2.530881763527E-02
 -2.530881763527E-02 -2.530881763527E-02 -2.530881763527E-02 -2.530881763527E-02
 -2.530881763527E-02 -2.530881763527E-02 -2.512845691383E-02 -2.512845691383E-02
 -2.513026052104E-02 -2.512845691383E-02 -2.513026052104E-02 -2.512845691383E-02
 -2.512845691383E-02 -2.494809619238E-02 -2.494809619238E-02 -2.494989979960E-02
 -2.494809619238E-02 -2.494989979960E-02 -2.494809619238E-02 -2.494809619238E-02
 -2.476773547094E-02 -2.476953907816E-02 -2.476773547094E-02 -2.476953907816E-02
 -2.476773547094E-02 -2.458737474950E-02 -2.458917835671E-02 -2.458737474950E-02
 -2.458917835671E-02 -2.458737474950E-02 -2.458737474950E-02 -2.440881763527E-02
 -2.440701402806E-02 -2.440881763527E-02 -2.440701402806E-02 -2.440701402806E-02
 -2.422665330661E-02 -2.422845691383E-02 -2.422755511022E-02 -2.422845691383E-02
 -2.422665330661E-02 -2.422665330661E-02 -2.404809619238E-02 -2.404629258517E-02
 -2.404809619238E-02 -2.404629258517E-02 -2.404629258517E-02 -2.386593186373E-02
 -2.386773547094E-02 -2.386683366733E-02 -2.386773547094E-02 -2.386593186373E-02
 -2.386593186373E-02 -2.368737474950E-02 -2.368557114228E-02 -2.368737474950E-02
 -2.368557114228E-02 -2.350701402806E-02 -2.350611222445E-02 -2.350701402806E-02
 -2.350521042084E-02 -2.332484969940E-02 -2.332665330661E-02 -2.332575150301E-02
 -2.332665330661E-02 -2.332484969940E-02 -2.314629258517E-02 -2.314448897796E-02
 -2.314629258517E-02 -2.296593186373E-02 -2.296503006012E-02 -2.296593186373E-02
 -2.296412825651E-02 -2.278557114228E-02 -2.278466933868E-02 -2.278557114228E-02
 -2.260521042084E-02 -2.260430861723E-02 -2.260521042084E-02 -2.260340681363E-02
 -2.242484969940E-02 -2.242304609218E-02 -2.242484969940E-02 -2.224448897796E-02
 -2.224268537074E-02 -2.224448897796E-02 -2.206412825651E-02 -2.206232464930E-02
 -2.206412825651E-02 -2.206232464930E-02 -2.188376753507E-02 -2.188286573146E-02
 -2.188376753507E-02 -2.170340681363E-02 -2.170250501002E-02 -2.170340681363E-02
 -2.152304609218E-02 -2.152214428858E-02 -2.152304609218E-02 -2.134268537074E-02
 -2.134178356713E-02 -2.134268537074E-02 -2.134088176353E-02 -2.116232464930E-02
 -2.116052104208E-02 -2.116232464930E-02 -2.098196392786E-02 -2.098196392786E-02
 -2.080160320641E-02 -2.080100200401E-02 -2.080160320641E-02 -2.062124248497E-02
 -2.062034068136E-02 -2.062124248497E-02 -2.044088176353E-02 -2.044088176353E-02
 -2.043907815631E-02 -2.026052104208E-02 -2.025991983968E-02 -2.026052104208E-02
 -2.008016032064E-02 -2.008016032064E-02 -1.989979959920E-02 -1.989799599198E-02
 -1.989979959920E-02 -1.971943887776E-02 -1.971943887776E-02 -1.953907815631E-02
 -1.953907815631E-02 -1.935871743487E-02 -1.935811623246E-02 -1.935871743487E-02
 -1.917835671343E-02 -1.917835671343E-02 -1.899979959920E-02 -1.899799599198E-02
 -1.899619238477E-02 -1.899799599198E-02 -1.881763527054E-02 -1.881763527054E-02
 -1.863727454910E-02 -1.863727454910E-02 -1.845691382766E-02 -1.845691382766E-02
 -1.827655310621E-02 -1.827655310621E-02 -1.809619238477E-02 -1.809619238477E-02
 -1.791583166333E-02 -1.791402805611E-02 -1.791583166333E-02 -1.773727454910E-02
 -1.773547094188E-02 -1.773547094188E-02 -1.755511022044E-02 -1.755511022044E-02
 -1.737474949900E-02 -1.737294589178E-02 -1.737474949900E-02 -1.719619238477E-02
 -1.719258517034E-02 -1.719438877756E-02 -1.719258517034E-02 -1.719438877756E-02
 -1.701402805611E-02 -1.701222444890E-02 -1.701402805611E-02 -1.683186372745E-02
 -1.683366733467E-02 -1.683186372745E-02 -1.683366733467E-02 -1.665511022044E-02
 -1.665150300601E-02 -1.665330661323E-02 -1.665150300601E-02 -1.665330661323E-02
 -1.647114228457E-02 -1.647294589178E-02 -1.647114228457E-02 -1.647294589178E-02
 -1.629438877756E-02 -1.629258517034E-02 -1.629078156313E-02 -1.629258517034E-02
 -1.611042084168E-02 -1.611222444890E-02 -1.611042084168E-02 -1.611222444890E-02
 -1.593006012024E-02 -1.593186372745E-02 -1.593006012024E-02 -1.593186372745E-02
 -1.575330661323E-02 -1.574969939880E-02 -1.575150300601E-02 -1.574969939880E-02
 -1.575150300601E-02 -1.557114228457E-02 -1.556933867735E-02 -1.557114228457E-02
 -1.539258517034E-02 -1.538897795591E-02 -1.539078156313E-02 -1.538897795591E-02
 -1.539078156313E-02 -1.520861723447E-02 -1.520861723447E-02 -1.520981963928E-02
 -1.520981963928E-02 -1.520981963928E-02 -1.520981963928E-02 -1.520981963928E-02
 -1.520981963928E-02 -1.520981963928E-02 -1.520996993988E-02 -1.520996993988E-02
 -1.520981963928E-02 -1.520951903808E-02 -1.520951903808E-02 -1.520951903808E-02
 -1.520861723447E-02 -1.521042084168E-02 -1.520861723447E-02 -1.521042084168E-02
 -1.503096192385E-02 -1.502825651303E-02 -1.502825651303E-02 -1.503006012024E-02
 -1.502945891784E-02 -1.503006012024E-02 -1.502975951904E-02 -1.502980246207E-02
 -1.502969939880E-02 -1.502945891784E-02 -1.502915831663E-02 -1.502915831663E-02
 -1.502915831663E-02 -1.502915831663E-02 -1.502915831663E-02 -1.502825651303E-02
 -1.502825651303E-02 -1.502825651303E-02 -1.502825651303E-02 -1.503006012024E-02
 -1.502825651303E-02 -1.503006012024E-02 -1.484789579158E-02 -1.484969939880E-02
 -1.484879759519E-02 -1.484969939880E-02 -1.484879759519E-02 -1.484879759519E-02
 -1.484879759519E-02 -1.484789579158E-02 -1.484969939880E-02 -1.484789579158E-02
 -1.484969939880E-02 -1.467024048096E-02 -1.466873747495E-02 -1.466933867735E-02
 -1.466873747495E-02 -1.466933867735E-02 -1.466843687375E-02 -1.466843687375E-02
 -1.466753507014E-02 -1.466753507014E-02 -1.466933867735E-02 -1.466753507014E-02
 -1.466933867735E-02 -1.448717434870E-02 -1.448897795591E-02 -1.448837675351E-02
 -1.448897795591E-02 -1.448807615230E-02 -1.448717434870E-02 -1.448717434870E-02
 -1.448717434870E-02 -1.448897795591E-02 -1.448717434870E-02 -1.448897795591E-02
 -1.430861723447E-02 -1.430771543086E-02 -1.430861723447E-02 -1.430681362725E-02
 -1.430681362725E-02 -1.430861723447E-02 -1.430681362725E-02 -1.430861723447E-02
 -1.412825651303E-02 -1.412735470942E-02 -1.412825651303E-02 -1.412645290581E-02
 -1.412825651303E-02 -1.412645290581E-02 -1.412825651303E-02 -1.394609218437E-02
 -1.394789579158E-02 -1.394699398798E-02 -1.394789579158E-02 -1.394699398798E-02
 -1.394609218437E-02 -1.394789579158E-02 -1.394609218437E-02 -1.394789579158E-02
 -1.376753507014E-02 -1.376573146293E-02 -1.376753507014E-02 -1.376663326653E-02
 -1.376573146293E-02 -1.376753507014E-02 -1.376573146293E-02 -1.376753507014E-02
 -1.358717434870E-02 -1.358537074148E-02 -1.358717434870E-02 -1.358717434870E-02
 -1.358657314629E-02 -1.358717434870E-02 -1.340681362725E-02 -1.340681362725E-02
 -1.322645290581E-02 -1.322555110220E-02 -1.322645290581E-02 -1.304609218437E-02
 -1.304428857715E-02 -1.304609218437E-02 -1.286573146293E-02 -1.286392785571E-02
 -1.286573146293E-02 -1.286392785571E-02 -1.268537074148E-02 -1.268537074148E-02
 -1.250501002004E-02 -1.250320641283E-02 -1.250501002004E-02 -1.232464929860E-02
 -1.232464929860E-02 -1.214428857715E-02 -1.214248496994E-02 -1.214428857715E-02
 -1.196392785571E-02 -1.196392785571E-02 -1.196212424850E-02 -1.178356713427E-02
 -1.178356713427E-02 -1.160320641283E-02 -1.160140280561E-02 -1.160320641283E-02
 -1.142284569138E-02 -1.142284569138E-02 -1.124248496994E-02 -1.124248496994E-02
 -1.106212424850E-02 -1.106212424850E-02 -1.106122244489E-02 -1.088176352705E-02
 -1.088176352705E-02 -1.070140280561E-02 -1.070140280561E-02 -1.052104208417E-02
 -1.052104208417E-02 -1.034068136273E-02 -1.034068136273E-02 -1.033887775551E-02
 -1.016032064128E-02 -1.016032064128E-02 -9.979959919840E-03 -9.979959919840E-03
 -9.799599198397E-03 -9.799599198397E-03 -9.619238476954E-03 -9.619238476954E-03
 -9.438877755511E-03 -9.260320641283E-03 -9.438877755511E-03 -9.437074148297E-03
 -9.258517034068E-03 -9.258517034068E-03 -9.078156312625E-03 -9.078156312625E-03
 -8.897795591182E-03 -8.897795591182E-03 -8.717434869739E-03 -8.717434869739E-03
 -8.537074148297E-03 -8.537074148297E-03 -8.536472945892E-03 -8.356713426854E-03
 -8.356713426854E-03 -8.176352705411E-03 -8.176352705411E-03 -7.995991983968E-03
 -7.995991983968E-03 -7.815631262525E-03 -7.815631262525E-03 -7.635270541082E-03
 -7.635270541082E-03 -7.634969939880E-03 -7.454909819639E-03 -7.454909819639E-03
 -7.274549098196E-03 -7.274549098196E-03 -7.094188376754E-03 -7.094188376754E-03
 -6.913827655311E-03 -6.913827655311E-03 -6.913376753507E-03 -6.733466933868E-03
 -6.733466933868E-03 -6.553106212425E-03 -6.553106212425E-03 -6.372745490982E-03
 -6.372745490982E-03 -6.192384769539E-03 -6.192384769539E-03 -6.191783567134E-03
 -6.012024048096E-03 -5.832565130261E-03 -6.012024048096E-03 -5.831663326653E-03
 -5.831663326653E-03 -5.651302605210E-03 -5.651302605210E-03 -5.470941883768E-03
 -5.470941883768E-03 -5.470490981964E-03 -5.290581162325E-03 -5.111122244489E-03
 -5.290581162325E-03 -5.110220440882E-03 -5.110220440882E-03 -4.929859719439E-03
 -4.929859719439E-03 -4.928957915832E-03 -4.749498997996E-03 -4.570040080160E-03
 -4.749498997996E-03 -4.569138276553E-03 -4.569138276553E-03 -4.388777555110E-03
 -4.209318637275E-03 -4.388777555110E-03 -4.208416833667E-03 -4.208416833667E-03
 -4.207515030060E-03 -4.028056112224E-03 -3.848597194389E-03 -4.028056112224E-03
 -3.847695390782E-03 -3.668236472946E-03 -3.847695390782E-03 -3.667334669339E-03
 -3.667334669339E-03 -3.665531062124E-03 -3.486973947896E-03 -3.307515030060E-03
 -3.486973947896E-03 -3.306613226453E-03 -3.306613226453E-03 -3.126252505010E-03
 -2.947695390782E-03 -3.126252505010E-03 -2.945891783567E-03 -2.945891783567E-03
 -2.945531062124E-03 -2.765531062124E-03 -2.586072144289E-03 -2.765531062124E-03
 -2.585170340681E-03 -2.585170340681E-03 -2.404809619238E-03 -2.404809619238E-03
 -2.404358717435E-03 -2.224448897796E-03 -2.045891783567E-03 -2.224448897796E-03
 -2.044088176353E-03 -2.044088176353E-03 -2.042284569138E-03 -1.863727454910E-03
 -1.863727454910E-03 -1.683366733467E-03 -1.504809619238E-03 -1.683366733467E-03
 -1.503006012024E-03 -1.503006012024E-03 -1.501202404810E-03 -1.322645290581E-03
 -1.322645290581E-03 -1.142284569138E-03 -1.142284569138E-03 -9.619238476954E-04
 -7.833667334669E-04 -9.619238476954E-04 -9.613226452906E-04 -7.815631262525E-04
 -7.815631262525E-04 -6.012024048096E-04 -6.012024048096E-04 -5.993987975952E-04
 -4.208416833667E-04 -2.422845691383E-04 -4.208416833667E-04 -2.404809619239E-04
 -2.404809619239E-04 -6.012024048097E-05 1.184368737475E-04 -6.012024048097E-05
 -5.951903807616E-05 1.202404809619E-04 1.202404809619E-04 3.006012024048E-04
 3.006012024048E-04 3.024048096192E-04 4.809619238477E-04 6.595190380762E-04
 4.809619238477E-04 6.613226452906E-04 6.613226452906E-04 6.631262525050E-04
 8.416833667335E-04 1.020240480962E-03 8.416833667335E-04 1.022044088176E-03
 1.022044088176E-03 1.023847695391E-03 1.202404809619E-03 1.380961923848E-03
 1.202404809619E-03 1.382765531062E-03 1.382765531062E-03 1.563126252505E-03
 1.741683366733E-03 1.563126252505E-03 1.563486973948E-03 1.743486973948E-03
 1.922945891784E-03 1.743486973948E-03 1.923847695391E-03 1.923847695391E-03
 1.924298597194E-03 2.104208416834E-03 2.282765531062E-03 2.104208416834E-03
 2.284569138277E-03 2.284569138277E-03 2.284929859719E-03 2.464929859719E-03
 2.643486973948E-03 2.464929859719E-03 2.645290581162E-03 2.824749498998E-03
 2.645290581162E-03 2.645591182365E-03 2.825651302605E-03 2.825651302605E-03
 2.827454909820E-03 3.006012024048E-03 3.185470941884E-03 3.006012024048E-03
 3.186372745491E-03 3.366132264529E-03 3.186372745491E-03 3.187274549098E-03
 3.366733466934E-03 3.366733466934E-03 3.547094188377E-03 3.726853707415E-03
 3.547094188377E-03 3.547454909820E-03 3.727454909820E-03 3.727454909820E-03
 3.907815631263E-03 4.086372745491E-03 3.907815631263E-03 3.907965931864E-03
 4.088176352705E-03 4.267935871743E-03 4.088176352705E-03 4.268537074148E-03
 4.268537074148E-03 4.268615491853E-03 4.448897795591E-03 4.628657314629E-03
 4.448897795591E-03 4.449258517034E-03 4.629258517034E-03 4.629258517034E-03
 4.809619238477E-03 4.988176352705E-03 4.809619238477E-03 4.809709418838E-03
 4.989979959920E-03 5.169739478958E-03 4.989979959920E-03 4.990581162325E-03
 5.170340681363E-03 5.170340681363E-03 5.350701402806E-03 5.530160320641E-03
 5.350701402806E-03 5.350796329501E-03 5.531062124248E-03 5.531062124248E-03
 5.532865731463E-03 5.711422845691E-03 5.891182364729E-03 5.711422845691E-03
 5.891783567134E-03 5.891783567134E-03 5.891869453192E-03 6.072144288577E-03
 6.251903807615E-03 6.072144288577E-03 6.073046092184E-03 6.252505010020E-03
 6.252505010020E-03 6.432865731463E-03 6.612625250501E-03 6.432865731463E-03
 6.432940881764E-03 6.613226452906E-03 6.613226452906E-03 6.614128256513E-03
 6.793587174349E-03 6.973346693387E-03 6.793587174349E-03 6.973947895792E-03
 6.973947895792E-03 6.974026313497E-03 7.154308617234E-03 7.334068136273E-03
 7.154308617234E-03 7.154909819639E-03 7.334669338677E-03 7.334669338677E-03
 7.515030060120E-03 7.515030060120E-03 7.515108477825E-03 7.695390781563E-03
 7.874849699399E-03 7.695390781563E-03 7.695991983968E-03 7.875751503006E-03
 7.875751503006E-03 8.056112224449E-03 8.056112224449E-03 8.056187374749E-03
 8.236472945892E-03 8.415931863727E-03 8.236472945892E-03 8.238276553106E-03
 8.416833667335E-03 8.416833667335E-03 8.597194388778E-03 8.597194388778E-03
 8.597307114228E-03 8.777555110220E-03 8.957014028056E-03 8.777555110220E-03
 8.957915831663E-03 8.957915831663E-03 8.957942355299E-03 9.138276553106E-03
 9.138276553106E-03 9.138534211280E-03 9.318637274549E-03 9.318637274549E-03
 9.498997995992E-03 9.678456913828E-03 9.498997995992E-03 9.499034804302E-03
 9.679358717435E-03 9.679358717435E-03 9.859719438878E-03 9.859719438878E-03
 9.859739934414E-03 1.004008016032E-02 1.004008016032E-02 1.004024412461E-02
 1.022044088176E-02 1.022044088176E-02 1.040080160321E-02 1.058026052104E-02
 1.040080160321E-02 1.040083563353E-02 1.058116232465E-02 1.058116232465E-02
 1.076152304609E-02 1.076152304609E-02 1.076154401827E-02 1.094188376754E-02
 1.094188376754E-02 1.094368737475E-02 1.112224448898E-02 1.112224448898E-02
 1.130260521042E-02 1.130260521042E-02 1.130276917471E-02 1.148296593186E-02
 1.148296593186E-02 1.166332665331E-02 1.166332665331E-02 1.166337289965E-02
 1.184368737475E-02 1.184368737475E-02 1.202404809619E-02 1.220260521042E-02
 1.202404809619E-02 1.202407718663E-02 1.220440881764E-02 1.220440881764E-02
 1.238476953908E-02 1.238476953908E-02 1.238479266225E-02 1.256513026052E-02
 1.256513026052E-02 1.274549098196E-02 1.274549098196E-02 1.274551324872E-02
 1.292585170341E-02 1.292585170341E-02 1.310621242485E-02 1.310621242485E-02
 1.310623554802E-02 1.328657314629E-02 1.328657314629E-02 1.346693386774E-02
 1.346693386774E-02 1.346695857468E-02 1.364729458918E-02 1.364729458918E-02
 1.382765531062E-02 1.382945891784E-02 1.382765531062E-02 1.382768537074E-02
 1.400801603206E-02 1.400801603206E-02 1.418837675351E-02 1.418837675351E-02
 1.418842685371E-02 1.436873747495E-02 1.436873747495E-02 1.454909819639E-02
 1.454909819639E-02 1.454921843687E-02 1.472945891784E-02 1.472945891784E-02
 1.490981963928E-02 1.491162324649E-02 1.490981963928E-02 1.491012024048E-02
 1.509018036072E-02 1.509018036072E-02 1.527054108216E-02 1.527054108216E-02
 1.527144288577E-02 1.545090180361E-02 1.545090180361E-02 1.563126252505E-02
 1.563126252505E-02 1.581162324649E-02 1.581342685371E-02 1.581162324649E-02
 1.581168543985E-02 1.599198396794E-02 1.599198396794E-02 1.617234468938E-02
 1.617234468938E-02 1.617294589178E-02 1.635270541082E-02 1.635270541082E-02
 1.653306613226E-02 1.653306613226E-02 1.671342685371E-02 1.671402805611E-02
 1.671342685371E-02 1.671346292585E-02 1.689378757515E-02 1.689378757515E-02
 1.707414829659E-02 1.707414829659E-02 1.707505010020E-02 1.725450901804E-02
 1.725450901804E-02 1.743486973948E-02 1.743547094188E-02 1.743486973948E-02
 1.761523046092E-02 1.761523046092E-02 1.761528682365E-02 1.779559118236E-02
 1.779559118236E-02 1.797595190381E-02 1.797775551102E-02 1.797595190381E-02
 1.815631262525E-02 1.815631262525E-02 1.815633667335E-02 1.833667334669E-02
 1.833667334669E-02 1.851703406814E-02 1.851703406814E-02 1.851793587174E-02
 1.869739478958E-02 1.869829659319E-02 1.869739478958E-02 1.887775551102E-02
 1.887775551102E-02 1.905811623246E-02 1.905811623246E-02 1.905828019676E-02
 1.923847695391E-02 1.923847695391E-02 1.941883767535E-02 1.941928857715E-02
 1.941883767535E-02 1.959919839679E-02 1.959919839679E-02 1.959925657767E-02
 1.977955911824E-02 1.977955911824E-02 1.995991983968E-02 1.996037074148E-02
 1.995991983968E-02 2.014028056112E-02 2.014028056112E-02 2.014032155220E-02
 2.032064128257E-02 2.032064128257E-02 2.050100200401E-02 2.050136272545E-02
 2.050100200401E-02 2.068136272545E-02 2.068136272545E-02 2.068139809030E-02
 2.086172344689E-02 2.086172344689E-02 2.104208416834E-02 2.104253507014E-02
 2.104208416834E-02 2.122244488978E-02 2.122244488978E-02 2.122248496994E-02
 2.140280561122E-02 2.140280561122E-02 2.158316633267E-02 2.158361723447E-02
 2.158316633267E-02 2.176352705411E-02 2.176352705411E-02 2.176359919840E-02
 2.194388777555E-02 2.194569138277E-02 2.194388777555E-02 2.212424849699E-02
 2.212424849699E-02 2.230460921844E-02 2.230460921844E-02 2.230496993988E-02
 2.248496993988E-02 2.248587174349E-02 2.248496993988E-02 2.266533066132E-02
 2.266533066132E-02 2.284569138277E-02 2.284569138277E-02 2.302605210421E-02
 2.302665330661E-02 2.302605210421E-02 2.302607014028E-02 2.320641282565E-02
 2.320641282565E-02 2.338677354709E-02 2.338857715431E-02 2.338677354709E-02
 2.356713426854E-02 2.356713426854E-02 2.356715524071E-02 2.374749498998E-02
 2.374749498998E-02 2.392785571142E-02 2.392845691383E-02 2.392785571142E-02
 2.410821643287E-02 2.410821643287E-02 2.410836673347E-02 2.428857715431E-02
 2.428857715431E-02 2.446893787575E-02 2.446923847695E-02 2.446893787575E-02
 2.464929859719E-02 2.464929859719E-02 2.482965931864E-02 2.483026052104E-02
 2.482965931864E-02 2.482967735471E-02 2.501002004008E-02 2.501002004008E-02
 2.519038076152E-02 2.519038076152E-02 2.537074148297E-02 2.537104208417E-02
 2.537074148297E-02 2.537082736902E-02 2.555110220441E-02 2.555110220441E-02
 2.573146292585E-02 2.573206412826E-02 2.573146292585E-02 2.591182364729E-02
 2.591182364729E-02 2.609218436874E-02 2.609398797595E-02 2.609218436874E-02
 2.609220418860E-02 2.627254509018E-02 2.627254509018E-02 2.645290581162E-02
 2.645290581162E-02 2.663326653307E-02 2.663386773547E-02 2.663326653307E-02
 2.663416833667E-02 2.681362725451E-02 2.681362725451E-02 2.699398797595E-02
 2.699458917836E-02 2.699398797595E-02 2.717434869739E-02 2.717434869739E-02
 2.735470941884E-02 2.735470941884E-02 2.735478456914E-02 2.753507014028E-02
 2.753543086172E-02 2.753507014028E-02 2.771543086172E-02 2.771543086172E-02
 2.789579158317E-02 2.789639278557E-02 2.789579158317E-02 2.807615230461E-02
 2.807615230461E-02 2.807619855095E-02 2.825651302605E-02 2.825651302605E-02
 2.843687374749E-02 2.843723446894E-02 2.843687374749E-02 2.861723446894E-02
 2.861723446894E-02 2.879759519038E-02 2.879849699399E-02 2.879759519038E-02
 2.879763439923E-02 2.897795591182E-02 2.897795591182E-02 2.915831663327E-02
 2.915831663327E-02 2.933867735471E-02 2.933927855711E-02 2.933867735471E-02
 2.951903807615E-02 2.951903807615E-02 2.951908316633E-02 2.969939879760E-02
 2.969939879760E-02 2.987975951904E-02 2.988012024048E-02 2.987975951904E-02
 3.006012024048E-02 3.006012024048E-02 3.024048096192E-02 3.024048096192E-02
 3.024054315528E-02 3.042084168337E-02 3.042109934154E-02 3.042084168337E-02
 3.060120240481E-02 3.060120240481E-02 3.078156312625E-02 3.078336673347E-02
 3.078156312625E-02 3.096192384770E-02 3.096192384770E-02 3.096228456914E-02
 3.114228456914E-02 3.114228456914E-02 3.132264529058E-02 3.132309619238E-02
 3.132264529058E-02 3.150300601202E-02 3.150300601202E-02 3.168336673347E-02
 3.168336673347E-02 3.186372745491E-02 3.186408817635E-02 3.186372745491E-02
 3.186375028538E-02 3.204408817635E-02 3.204408817635E-02 3.222444889780E-02
 3.222444889780E-02 3.240480961924E-02 3.240511022044E-02 3.240480961924E-02
 3.258517034068E-02 3.258517034068E-02 3.258525622674E-02 3.276553106212E-02
 3.276553106212E-02 3.294589178357E-02 3.294614944174E-02 3.294589178357E-02
 3.312625250501E-02 3.312625250501E-02 3.330661322645E-02 3.330661322645E-02
 3.348697394790E-02 3.348723160607E-02 3.348697394790E-02 3.348700559013E-02
 3.366733466934E-02 3.366733466934E-02 3.384769539078E-02 3.384769539078E-02
 3.402805611222E-02 3.402831377040E-02 3.402805611222E-02 3.420841683367E-02
 3.420841683367E-02 3.438877755511E-02 3.438877755511E-02 3.438879654045E-02
 3.456913827655E-02 3.456933867735E-02 3.456913827655E-02 3.474949899800E-02
 3.474949899800E-02 3.492985971944E-02 3.492985971944E-02 3.511022044088E-02
 3.511038440517E-02 3.511022044088E-02 3.511047809906E-02 3.529058116232E-02
 3.529058116232E-02 3.547094188377E-02 3.547094188377E-02 3.565130260521E-02
 3.565145290581E-02 3.565130260521E-02 3.583166332665E-02 3.583166332665E-02
 3.601202404810E-02 3.601202404810E-02 3.601238476954E-02 3.619238476954E-02
 3.619249086408E-02 3.619238476954E-02 3.637274549098E-02 3.637274549098E-02
 3.655310621242E-02 3.655310621242E-02 3.673346693387E-02 3.673353134841E-02
 3.673346693387E-02 3.691382765531E-02 3.691382765531E-02 3.691442885772E-02
 3.709418837675E-02 3.709418837675E-02 3.727454909820E-02 3.727459534454E-02
 3.727454909820E-02 3.745490981964E-02 3.745490981964E-02 3.763527054108E-02
 3.763527054108E-02 3.781563126253E-02 3.781567225360E-02 3.781563126253E-02
 3.799599198397E-02 3.799599198397E-02 3.799601931135E-02 3.817635270541E-02
 3.817635270541E-02 3.835671342685E-02 3.835675537121E-02 3.835671342685E-02
 3.853707414830E-02 3.853707414830E-02 3.871743486974E-02 3.871743486974E-02
 3.889779559118E-02 3.889783853421E-02 3.889779559118E-02 3.889788147724E-02
 3.907815631263E-02 3.907815631263E-02 3.925851703407E-02 3.925851703407E-02
 3.943887775551E-02 3.943893994886E-02 3.943887775551E-02 3.961923847695E-02
 3.961923847695E-02 3.979959919840E-02 3.979959919840E-02 3.997995991984E-02
 3.998003206413E-02 3.997995991984E-02 3.997998683935E-02 4.016032064128E-02
 4.016032064128E-02 4.034068136273E-02 4.034068136273E-02 4.052104208417E-02
 4.052140280561E-02 4.052104208417E-02 4.070140280561E-02 4.070140280561E-02
 4.088176352705E-02 4.088176352705E-02 4.088356713427E-02 4.106212424850E-02
 4.106302605210E-02 4.106212424850E-02 4.124248496994E-02 4.124248496994E-02
 4.142284569138E-02 4.142284569138E-02 4.160320641283E-02 4.160320641283E-02
 4.178356713427E-02 4.178358517034E-02 4.178356713427E-02 4.196392785571E-02
 4.196392785571E-02 4.214428857715E-02 4.214428857715E-02 4.214430861723E-02
 4.232464929860E-02 4.232466733467E-02 4.232464929860E-02 4.250501002004E-02
 4.250501002004E-02 4.268537074148E-02 4.268537074148E-02 4.286573146293E-02
 4.286575243510E-02 4.286573146293E-02 4.304609218437E-02 4.304609218437E-02
 4.322645290581E-02 4.322645290581E-02 4.322647517257E-02 4.340681362725E-02
 4.340693386774E-02 4.340681362725E-02 4.358717434870E-02 4.358717434870E-02
 4.376753507014E-02 4.376753507014E-02 4.394789579158E-02 4.394969939880E-02
 4.394789579158E-02 4.412825651303E-02 4.412825651303E-02 4.430861723447E-02
 4.430861723447E-02 4.430872332901E-02 4.448897795591E-02 4.448897795591E-02
 4.466933867735E-02 4.466935671343E-02 4.466933867735E-02 4.484969939880E-02
 4.484969939880E-02 4.503006012024E-02 4.503006012024E-02 4.521042084168E-02
 4.521046183276E-02 4.521042084168E-02 4.539078156313E-02 4.539078156313E-02
 4.557114228457E-02 4.557114228457E-02 4.557116188900E-02 4.575150300601E-02
 4.575210420842E-02 4.575150300601E-02 4.593186372745E-02 4.593186372745E-02
 4.611222444890E-02 4.611222444890E-02 4.629258517034E-02 4.629258517034E-02
 4.647294589178E-02 4.647296411004E-02 4.647294589178E-02 4.665330661323E-02
 4.665330661323E-02 4.683366733467E-02 4.683366733467E-02 4.683368612224E-02
 4.701402805611E-02 4.701416679513E-02 4.701402805611E-02 4.719438877756E-02
 4.719438877756E-02 4.737474949900E-02 4.737474949900E-02 4.755511022044E-02
 4.755511022044E-02 4.773547094188E-02 4.773548897796E-02 4.773547094188E-02
 4.791583166333E-02 4.791583166333E-02 4.791763527054E-02 4.809619238477E-02
 4.809619238477E-02 4.827655310621E-02 4.827662247572E-02 4.827655310621E-02
 4.845691382766E-02 4.845691382766E-02 4.863727454910E-02 4.863727454910E-02
 4.881763527054E-02 4.881763527054E-02 4.899799599198E-02 4.899801402806E-02
 4.899799599198E-02 4.917835671343E-02 4.917835671343E-02 4.935871743487E-02
 4.935871743487E-02 4.935876618101E-02 4.953907815631E-02 4.953918425085E-02
 4.953907815631E-02 4.971943887776E-02 4.971943887776E-02 4.989979959920E-02
 4.989979959920E-02 5.008016032064E-02 5.008016032064E-02 5.026052104208E-02
 5.026054043571E-02 5.026052104208E-02 5.044088176353E-02 5.044088176353E-02
 5.062124248497E-02 5.062124248497E-02 5.062184368737E-02 5.080160320641E-02
 5.080160320641E-02 5.098196392786E-02 5.098198196393E-02 5.098196392786E-02
 5.116232464930E-02 5.116232464930E-02 5.134268537074E-02 5.134268537074E-02
 5.152304609218E-02 5.152309355553E-02 5.152304609218E-02 5.170340681363E-02
 5.170340681363E-02 5.188376753507E-02 5.188376753507E-02 5.206412825651E-02
 5.206412825651E-02 5.224448897796E-02 5.224450796330E-02 5.224448897796E-02
 5.224452118523E-02 5.242484969940E-02 5.242484969940E-02 5.260521042084E-02
 5.260521042084E-02 5.278557114228E-02 5.278557114228E-02 5.296593186373E-02
 5.296594989980E-02 5.296593186373E-02 5.314629258517E-02 5.314629258517E-02
 5.332665330661E-02 5.332665330661E-02 5.350701402806E-02 5.350737474950E-02
 5.350701402806E-02 5.368737474950E-02 5.368737474950E-02 5.368797595190E-02
 5.386773547094E-02 5.386773547094E-02 5.404809619238E-02 5.404809619238E-02
 5.422845691383E-02 5.422850316017E-02 5.422845691383E-02 5.440881763527E-02
 5.440881763527E-02 5.458917835671E-02 5.458917835671E-02 5.476953907816E-02
 5.476953907816E-02 5.494989979960E-02 5.494992127111E-02 5.494989979960E-02
 5.513026052104E-02 5.513026052104E-02 5.531062124248E-02 5.531062124248E-02
 5.549098196393E-02 5.549098196393E-02 5.549100135755E-02 5.567134268537E-02
 5.567136090363E-02 5.567134268537E-02 5.585170340681E-02 5.585170340681E-02
 5.603206412826E-02 5.603206412826E-02 5.621242484970E-02 5.621242484970E-02
 5.639278557114E-02 5.639280360721E-02 5.639278557114E-02 5.657314629259E-02
 5.657314629259E-02 5.675350701403E-02 5.675350701403E-02 5.693386773547E-02
 5.693386773547E-02 5.711422845691E-02 5.711424649299E-02 5.711422845691E-02
 5.711427139994E-02 5.729458917836E-02 5.729458917836E-02 5.747494989980E-02
 5.747494989980E-02 5.765531062124E-02 5.765531062124E-02 5.783567134269E-02
 5.783568937876E-02 5.783567134269E-02 5.801603206413E-02 5.801603206413E-02
 5.819639278557E-02 5.819639278557E-02 5.837675350701E-02 5.837675350701E-02
 5.855711422846E-02 5.855713226453E-02 5.855711422846E-02 5.873747494990E-02
 5.873747494990E-02 5.891783567134E-02 5.891783567134E-02 5.891788441748E-02
 5.909819639279E-02 5.909819639279E-02 5.927855711423E-02 5.927857515030E-02
 5.927855711423E-02 5.945891783567E-02 5.945891783567E-02 5.963927855711E-02
 5.963927855711E-02 5.981963927856E-02 5.981963927856E-02 6.000000000000E-02
 6.000000000000E-02
 6.813627254509E-03 6.973947895792E-03 7.134268537074E-03 7.294589178357E-03
 7.454909819639E-03 7.615230460922E-03 7.775551102204E-03 7.935871743487E-03
 8.096192384770E-03 8.256513026052E-03 8.416833667335E-03 8.577154308617E-03
 8.737474949900E-03 8.897795591182E-03 9.058116232465E-03 9.218436873748E-03
 9.378757515030E-03 9.539078156313E-03 6.332665330661E-03 6.492985971944E-03
 6.654909819639E-03 6.653306613226E-03 9.697795591182E-03 9.699398797595E-03
 9.859719438878E-03 5.851703406814E-03 6.012024048096E-03 6.173947895792E-03
 6.172344689379E-03 1.001843687375E-02 1.002004008016E-02 1.018036072144E-02
 5.531062124249E-03 5.692985971944E-03 5.691382765531E-03 1.033907815631E-02
 1.034068136273E-02 5.210420841683E-03 5.372344689379E-03 5.370741482966E-03
 1.049939879760E-02 1.050100200401E-02 1.066132264529E-02 5.051703406814E-03
 5.050100200401E-03 1.082004008016E-02 1.082164328657E-02 1.098196392786E-02
 4.729458917836E-03 4.891382765531E-03 4.889779559118E-03 1.114068136273E-02
 1.114228456914E-02 1.130260521042E-02 4.570741482966E-03 4.569138276553E-03
 1.146132264529E-02 1.146292585170E-02 1.162324649299E-02 4.248496993988E-03
 4.410420841683E-03 4.408817635271E-03 1.178196392786E-02 1.178356713427E-02
 1.194388777555E-02 4.089779559118E-03 4.088176352705E-03 1.210260521042E-02
 1.210420841683E-02 3.929458917836E-03 3.927855711423E-03 1.226292585170E-02
 1.226452905812E-02 3.607214428858E-03 3.768336673347E-03 3.767535070140E-03
 1.242324649299E-02 1.242484969940E-02 3.448496993988E-03 3.446893787575E-03
 1.258356713427E-02 3.288176352705E-03 3.286573146293E-03 1.258356713427E-02
 1.258517034068E-02 3.127054108216E-03 3.126252505010E-03 1.274388777555E-02
 2.966733466934E-03 2.965931863727E-03 1.274388777555E-02 1.274549098196E-02
 2.806412825651E-03 2.805611222445E-03 1.290420841683E-02 2.646893787575E-03
 2.645290581162E-03 1.290420841683E-02 2.486573146293E-03 2.484969939880E-03
 1.290420841683E-02 1.290581162325E-02 2.326252505010E-03 2.324649298597E-03
 1.306452905812E-02 2.165130260521E-03 2.164328657315E-03 1.306452905812E-02
 2.004809619238E-03 2.004008016032E-03 1.306452905812E-02 1.844488977956E-03
 1.843687374749E-03 1.306452905812E-02 1.306613226453E-02 1.684168336673E-03
 1.683366733467E-03 1.322484969940E-02 1.524649298597E-03 1.322484969940E-02
 1.523580494322E-03 1.523046092184E-03 1.322484969940E-02 1.363259853039E-03
 1.362725450902E-03 1.322484969940E-02 1.203206412826E-03 1.322484969940E-02
 1.322645290581E-02 1.202939211757E-03 1.202404809619E-03 1.338517034068E-02
 1.042618570474E-03 1.338517034068E-02 1.042618570474E-03 1.042084168337E-03
 1.338517034068E-02 8.833667334669E-04 1.338517034068E-02 8.821643286573E-04
 1.338517034068E-02 8.821643286573E-04 8.817635270541E-04 1.338517034068E-02
 7.219772879092E-04 1.338517034068E-02 1.322645290581E-02 7.218436873748E-04
 7.214428857715E-04 1.322484969940E-02 5.627254509018E-04 1.322484969940E-02
 5.619238476954E-04 1.322484969940E-02 5.616566466266E-04 1.322484969940E-02
 5.615230460922E-04 1.322484969940E-02 5.615230460922E-04 1.322484969940E-02
 5.615230460922E-04 5.611222444890E-04 1.322484969940E-02 1.306613226453E-02
 4.024048096192E-04 1.306533066132E-02 4.024048096192E-04 1.306452905812E-02
 4.024048096192E-04 4.008016032064E-04 1.306452905812E-02 1.290581162325E-02
 8.016032064129E-05 2.420841683367E-04 2.404809619239E-04 1.290501002004E-02
 -7.855711422845E-05 -8.016032064128E-05 1.290420841683E-02 -4.008016032064E-04
 -2.388777555110E-04 -2.404809619238E-04 1.290420841683E-02 1.274549098196E-02
 -7.214428857715E-04 -5.595190380761E-04 -5.611222444890E-04 1.274468937876E-02
 -1.042084168337E-03 -8.801603206413E-04 -8.817635270541E-04 1.274388777555E-02
 1.258517034068E-02 -1.200801603206E-03 -1.202404809619E-03 1.258436873747E-02
 -1.523046092184E-03 -1.361122244489E-03 -1.362725450902E-03 1.258356713427E-02
 -1.843687374749E-03 -1.681763527054E-03 -1.683366733467E-03 1.258356713427E-02
 1.242484969940E-02 -2.164328657315E-03 -2.002404809619E-03 -2.004008016032E-03
 1.242404809619E-02 -2.323046092184E-03 -2.324649298597E-03 1.242324649299E-02
 1.226452905812E-02 -2.645290581162E-03 -2.483366733467E-03 -2.484969939880E-03
 1.226372745491E-02 -1.194388777555E-02 -1.178356713427E-02 -1.162324649299E-02
 -1.146292585170E-02 -1.130260521042E-02 -1.114228456914E-02 -1.098196392786E-02
 -1.082164328657E-02 -1.066132264529E-02 -1.050100200401E-02 -1.034068136273E-02
 -1.018036072144E-02 -1.002004008016E-02 -9.859719438878E-03 -9.699398797595E-03
 -2.965931863727E-03 -2.804008016032E-03 -2.805611222445E-03 1.226372745491E-02
 1.210420841683E-02 -1.242484969940E-02 -1.226452905812E-02 -1.210260521042E-02
 -1.210420841683E-02 -9.539879759519E-03 -9.539078156313E-03 -9.378757515030E-03
 -9.218436873747E-03 -9.058116232465E-03 -8.897795591182E-03 -8.737474949900E-03
 -8.577154308617E-03 -8.416833667335E-03 -8.256513026052E-03 -8.096192384770E-03
 -7.935871743487E-03 -7.775551102204E-03 -3.286573146293E-03 -3.124649298597E-03
 -3.126252505010E-03 1.210340681363E-02 -1.274549098196E-02 -1.258356713427E-02
 -1.258517034068E-02 -7.616833667335E-03 -7.615230460922E-03 -7.454909819639E-03
 -7.294589178357E-03 -7.134268537074E-03 -3.445290581162E-03 -3.446893787575E-03
 1.210340681363E-02 1.194388777555E-02 -1.306613226453E-02 -1.290420841683E-02
 -1.290581162325E-02 -6.975551102204E-03 -6.973947895792E-03 -6.813627254509E-03
 -6.653306613226E-03 -3.767535070140E-03 -3.605611222445E-03 -3.607214428858E-03
 1.194308617234E-02 -1.338677354709E-02 -1.322591850367E-02 -1.322645290581E-02
 -6.494589178357E-03 -6.492985971944E-03 -6.332665330661E-03 -6.172344689379E-03
 -4.088176352705E-03 -3.926252505010E-03 -3.927855711423E-03 1.194308617234E-02
 -1.354549098196E-02 -1.354709418838E-02 -6.013627254509E-03 -6.012024048096E-03
 -4.408817635271E-03 -4.246893787575E-03 -4.248496993988E-03 1.194228456914E-02
 -1.370661322645E-02 -1.370741482966E-02 -5.853306613226E-03 -5.851703406814E-03
 -4.567535070140E-03 -4.569138276553E-03 1.194228456914E-02 -1.402805611222E-02
 -1.386693386774E-02 -1.386773547094E-02 -5.692985971944E-03 -5.691382765531E-03
 -4.889779559118E-03 -4.727855711423E-03 -4.729458917836E-03 1.194228456914E-02
 -1.418677354709E-02 -1.418837675351E-02 -5.531863727455E-03 -5.531062124248E-03
 -5.210420841683E-03 -5.048496993988E-03 -5.050100200401E-03 1.194228456914E-02
 -1.434709418838E-02 -1.434869739479E-02 -5.371543086172E-03 -5.369138276553E-03
 -5.370741482966E-03 1.194228456914E-02 -1.450741482966E-02 1.194335337341E-02
 -1.450821643287E-02 -1.450901803607E-02 1.194348697395E-02 -1.466853707415E-02
 -1.466933867735E-02 1.194356713427E-02 -1.482805611222E-02 -1.482965931864E-02
 1.194362057448E-02 1.194388777555E-02 -1.498837675351E-02 1.210260521042E-02
 -1.498917835671E-02 -1.498997995992E-02 1.210340681363E-02 -1.514869739479E-02
 1.210367401470E-02 -1.514949899800E-02 -1.515030060120E-02 1.210400801603E-02
 -1.530901803607E-02 1.210403028279E-02 1.210420841683E-02 -1.530981963928E-02
 1.226292585170E-02 -1.530981963928E-02 -1.531062124248E-02 1.226399465598E-02
 -1.546933867735E-02 1.226430002863E-02 -1.546933867735E-02 1.226435092407E-02
 -1.546933867735E-02 1.226435092407E-02 1.226452905812E-02 -1.546933867735E-02
 1.242404809619E-02 -1.546933867735E-02 1.242462066991E-02 -1.546933867735E-02
 1.242462066991E-02 -1.546933867735E-02 1.242467156535E-02 1.242484969940E-02
 -1.546933867735E-02 1.258356713427E-02 -1.546933867735E-02 1.258463593854E-02
 -1.546933867735E-02 1.258490313961E-02 -1.546933867735E-02 1.258499220664E-02
 -1.546933867735E-02 -1.531062124248E-02 1.258502459464E-02 1.258517034068E-02
 -1.531008684035E-02 1.274388777555E-02 -1.531008684035E-02 1.274522378090E-02
 -1.531008684035E-02 1.274526195248E-02 -1.531008684035E-02 1.274534523593E-02
 -1.531008684035E-02 1.274539078156E-02 1.274549098196E-02 -1.531008684035E-02
 1.290527722111E-02 -1.531008684035E-02 1.290554442218E-02 -1.531008684035E-02
 1.290565130261E-02 -1.531008684035E-02 1.290570474282E-02 -1.531008684035E-02
 1.290574482298E-02 1.290581162325E-02 -1.530981963928E-02 1.306586506346E-02
 -1.530981963928E-02 1.306597194389E-02 -1.530981963928E-02 1.306601774979E-02
 -1.530981963928E-02 1.306606255990E-02 1.306613226453E-02 -1.530981963928E-02
 1.322605210421E-02 -1.530981963928E-02 1.322622387632E-02 -1.530981963928E-02
 1.322632958224E-02 -1.530981963928E-02 1.322638003279E-02 1.322645290581E-02
 -1.530981963928E-02 -1.515030060120E-02 1.338623914496E-02 -1.514949899800E-02
 1.338654451761E-02 -1.514949899800E-02 1.338661322645E-02 -1.514949899800E-02
 1.338668448007E-02 1.338677354709E-02 -1.514949899800E-02 -1.498997995992E-02
 1.354669338677E-02 -1.498917835671E-02 1.354686515889E-02 -1.498917835671E-02
 1.354693386774E-02 1.354709418838E-02 -1.498917835671E-02 -1.482965931864E-02
 1.370661322645E-02 -1.482885771543E-02 1.370709418838E-02 -1.482885771543E-02
 -1.466933867735E-02 1.370723669561E-02 -1.466853707415E-02 1.370728122912E-02
 1.370741482966E-02 -1.466853707415E-02 -1.450901803607E-02 1.386693386774E-02
 -1.450821643287E-02 -1.434869739479E-02 1.386750644145E-02 -1.434829659319E-02
 1.386757515030E-02 1.386773547094E-02 -1.434789579158E-02 -1.418837675351E-02
 1.402645290581E-02 -1.418805611222E-02 1.402778891116E-02 -1.418677354709E-02
 -1.402805611222E-02 1.402789579158E-02 -1.402773547094E-02 1.402791036619E-02
 1.402805611222E-02 -1.402725450902E-02 -1.386773547094E-02 1.418805611222E-02
 -1.386741482966E-02 1.418819861946E-02 -1.386693386774E-02 1.418823100747E-02
 1.418837675351E-02 -1.386613226453E-02 -1.370741482966E-02 1.434829659319E-02
 -1.370661322645E-02 1.434849699399E-02 1.434869739479E-02 -1.370661322645E-02
 1.450741482966E-02 -1.370581162325E-02 -1.354709418838E-02 1.450875083500E-02
 -1.354629258517E-02 1.450883990203E-02 1.450901803607E-02 -1.354629258517E-02
 1.466773547094E-02 -1.354549098196E-02 1.466910964787E-02 -1.354549098196E-02
 -1.338677354709E-02 1.466916054331E-02 1.466933867735E-02 -1.338597194389E-02
 1.482912491650E-02 -1.338517034068E-02 1.482945891784E-02 1.482965931864E-02
 -1.338517034068E-02 -1.322645290581E-02 1.498837675351E-02 -1.322484969940E-02
 1.498965931864E-02 -1.322484969940E-02 -1.306613226453E-02 1.498980182587E-02
 1.498997995992E-02 -1.306533066132E-02 1.514976619906E-02 -1.306452905812E-02
 1.515010020040E-02 1.515030060120E-02 -1.306452905812E-02 -1.290581162325E-02
 1.530901803607E-02 -1.290501002004E-02 1.531035404142E-02 1.531062124248E-02
 -1.290420841683E-02 -1.274549098196E-02 1.546933867735E-02 -1.274468937876E-02
 1.547062124248E-02 1.547094188377E-02 -1.274388777555E-02 -1.258517034068E-02
 1.562965931864E-02 -1.258436873747E-02 1.563094188377E-02 -1.258356713427E-02
 -1.242484969940E-02 1.563110220441E-02 1.563126252505E-02 -1.242404809619E-02
 -1.226452905812E-02 1.579126252505E-02 -1.226399465598E-02 1.579143742030E-02
 1.579158316633E-02 -1.226292585170E-02 -1.210420841683E-02 1.595150300601E-02
 -1.210340681363E-02 1.595177020708E-02 1.595190380762E-02 -1.210260521042E-02
 -1.194388777555E-02 1.611190380762E-02 -1.194308617234E-02 -1.178356713427E-02
 1.611213014264E-02 1.611222444890E-02 -1.178303273213E-02 1.627227788911E-02
 1.627254509018E-02 -1.178276553106E-02 -1.162324649299E-02 1.643126252505E-02
 -1.162271209085E-02 -1.146292585170E-02 1.643270541082E-02 1.643286573146E-02
 -1.146239144957E-02 1.659238476954E-02 -1.146239144957E-02 -1.130260521042E-02
 1.659309730572E-02 1.659318637275E-02 -1.130207080828E-02 1.675318637275E-02
 -1.130100200401E-02 -1.114228456914E-02 1.675344021376E-02 1.675350701403E-02
 -1.114175016700E-02 -1.098196392786E-02 1.691369405478E-02 -1.098142952572E-02
 1.691379621989E-02 1.691382765531E-02 -1.098142952572E-02 -1.082164328657E-02
 1.707407859197E-02 1.707414829659E-02 -1.082110888444E-02 1.723414829659E-02
 -1.082004008016E-02 -1.066132264529E-02 1.723443408556E-02 1.723446893788E-02
 -1.066078824315E-02 -1.050100200401E-02 1.739470941884E-02 1.739478957916E-02
 -1.050060120240E-02 1.755457581830E-02 -1.050020040080E-02 -1.034068136273E-02
 1.755507750194E-02 1.755511022044E-02 -1.034014696059E-02 1.771534648244E-02
 1.771543086172E-02 -1.034014696059E-02 -1.018036072144E-02 1.787414829659E-02
 -1.017982631931E-02 1.787572125383E-02 1.787575150301E-02 -1.017982631931E-02
 -1.002004008016E-02 1.803599580113E-02 1.803607214429E-02 -1.001963927856E-02
 1.819559118236E-02 -1.001950567802E-02 -9.859719438878E-03 1.819636561258E-02
 1.819639278557E-02 -9.859318637275E-03 1.835664662659E-02 1.835671342685E-02
 -9.859185036740E-03 -9.699398797595E-03 1.851623246493E-02 -9.698997995992E-03
 1.851701013968E-02 1.851703406814E-02 -9.698864395458E-03 -9.539078156313E-03
 1.867728500479E-02 1.867735470942E-02 -9.538677354709E-03 1.883714094856E-02
 -9.538543754175E-03 1.883765308395E-02 1.883767535070E-02 -9.538276553106E-03
 -9.378757515030E-03 1.899792628736E-02 1.899799599198E-02 -9.378356713427E-03
 1.915778223113E-02 -9.378223112892E-03 1.915829553845E-02 1.915831663327E-02
 -9.377955911824E-03 -9.218436873747E-03 1.931857047428E-02 1.931863727455E-02
 -9.218036072144E-03 1.947735470942E-02 -9.217902471610E-03 1.947893625088E-02
 1.947895791583E-02 -9.217635270541E-03 -9.058116232465E-03 1.963917835671E-02
 -9.057715430862E-03 1.963926252505E-02 1.963927855711E-02 -9.057715430862E-03
 1.979957562183E-02 1.979959919840E-02 -9.057581830327E-03 1.995969081019E-02
 -9.057314629259E-03 -8.897795591182E-03 1.995990313961E-02 1.995991983968E-02
 -8.897474949900E-03 2.012020776246E-02 -8.897474949900E-03 2.012022444890E-02
 2.012024048096E-02 -8.897394789579E-03 2.028054290399E-02 2.028056112224E-02
 -8.897261189045E-03 2.044073601749E-02 -8.896993987976E-03 -8.737474949900E-03
 2.044086573146E-02 2.044088176353E-02 -8.737245920412E-03 2.060117215563E-02
 -8.737154308617E-03 2.060118637275E-02 2.060120240481E-02 -8.737074148297E-03
 2.076150440416E-02 2.076152304609E-02 -8.737074148297E-03 2.092024048096E-02
 -8.737074148297E-03 2.092182698731E-02 2.092184368737E-02 -8.736940547762E-03
 2.108201858262E-02 -8.736940547762E-03 2.108214829659E-02 2.108216432866E-02
 -8.736673346693E-03 2.124244386208E-02 -8.735871743487E-03 -8.577154308617E-03
 2.124246893788E-02 2.124248496994E-02 -8.577008562580E-03 2.140277975305E-02
 -8.577008562580E-03 2.140278957916E-02 2.140280561122E-02 -8.577008562580E-03
 2.156310569858E-02 -8.577020708083E-03 2.156311022044E-02 2.156312625251E-02
 -8.577047428190E-03 2.172342710112E-02 -8.577074148297E-03 2.172343086172E-02
 2.172344689379E-02 -8.577081435598E-03 2.188374698114E-02 -8.577099025637E-03
 2.188375150301E-02 2.188376753507E-02 -8.577109775106E-03 2.204406621462E-02
 -8.577117872108E-03 -8.577154308617E-03 2.204407214429E-02 2.204408817635E-02
 -8.735871743487E-03 2.220438209753E-02 -8.735871743487E-03 2.220439278557E-02
 2.220440881764E-02 -8.737074148297E-03 2.236468492541E-02 -8.737296815854E-03
 2.236471342685E-02 2.236472945892E-02 -8.737351626330E-03 2.252494321977E-02
 -8.737402076881E-03 -8.737474949900E-03 2.252503406814E-02 2.252505010020E-02
 -8.896192384770E-03 2.268510354041E-02 -8.897261189045E-03 2.268535470942E-02
 2.268537074148E-02 -8.897474949900E-03 2.284488977956E-02 -8.897566561695E-03
 2.284567082884E-02 -8.897661990648E-03 -8.897795591182E-03 2.284567535070E-02
 2.284569138277E-02 -9.056513026052E-03 2.300595674107E-02 -9.057581830327E-03
 2.300599599198E-02 2.300601202405E-02 -9.057849031396E-03 2.316579826319E-02
 -9.057887202977E-03 2.316631596526E-02 -9.058001717721E-03 -9.058116232465E-03
 2.316631663327E-02 2.316633266533E-02 -9.217902471610E-03 2.332662124248E-02
 -9.218169672679E-03 2.332663727455E-02 2.332665330661E-02 -9.218207844260E-03
 2.348617234469E-02 -9.218291127710E-03 -9.218436873747E-03 2.348695689251E-02
 -9.378223112892E-03 2.348695791583E-02 2.348697394790E-02 -9.378490313961E-03
 2.364724448898E-02 -9.378528485543E-03 -9.378757515030E-03 2.364727855711E-02
 -9.537474949900E-03 2.364727855711E-02 2.364729458918E-02 -9.538543754175E-03
 2.380759385438E-02 -9.538810955244E-03 2.380759919840E-02 2.380761523046E-02
 -9.538900022267E-03 -9.539078156313E-03 2.396713426854E-02 -9.698597194389E-03
 2.396791967774E-02 -9.699131596526E-03 2.396791983968E-02 2.396793587174E-02
 -9.699169768108E-03 2.412811076699E-02 -9.699291917168E-03 -9.699398797595E-03
 2.412824048096E-02 -9.859318637275E-03 2.412824048096E-02 2.412825651303E-02
 -9.859490409390E-03 2.428852543797E-02 -9.859596115308E-03 -9.859719438878E-03
 2.428856112224E-02 -1.001963927856E-02 2.428856112224E-02 2.428857715431E-02
 -1.001981105067E-02 2.444886135908E-02 -1.001991675659E-02 -1.002004008016E-02
 2.444888176353E-02 -1.018004008016E-02 2.444888176353E-02 2.444889779559E-02
 -1.018013169196E-02 2.460918700145E-02 -1.018024620670E-02 -1.018036072144E-02
 2.460920240481E-02 -1.034028056112E-02 2.460920240481E-02 2.460921843687E-02
 -1.034048096192E-02 2.476950345135E-02 -1.034058116232E-02 -1.034068136273E-02
 2.476952304609E-02 -1.050060120240E-02 2.476952304609E-02 2.476953907816E-02
 -1.050082386996E-02 -1.050100200401E-02 2.492979559118E-02 -1.065971943888E-02
 2.492984368737E-02 -1.066105544422E-02 2.492984368737E-02 2.492985971944E-02
 -1.066119932172E-02 -1.066132264529E-02 2.508985971944E-02 -1.082084168337E-02
 2.509016432866E-02 -1.082141425709E-02 2.509016432866E-02 -1.082158162479E-02
 -1.082164328657E-02 2.509016432866E-02 2.509018036072E-02 -1.098142952572E-02
 2.525048496994E-02 -1.098184060429E-02 -1.098196392786E-02 2.525048496994E-02
 -1.114068136273E-02 2.525048496994E-02 2.525050100200E-02 -1.114175016700E-02
 2.541080300135E-02 -1.114222044088E-02 -1.114228456914E-02 2.541080561122E-02
 -1.130207080828E-02 2.541080561122E-02 2.541082164329E-02 -1.130244488978E-02
 2.557100868403E-02 -1.130256302078E-02 -1.130260521042E-02 2.557112625251E-02
 -1.146265865063E-02 2.557112625251E-02 -1.146284950854E-02 -1.146292585170E-02
 2.557112625251E-02 2.557114228457E-02 -1.162271209085E-02 2.573144689379E-02
 -1.162311289245E-02 2.573144689379E-02 -1.162320068709E-02 -1.162324649299E-02
 2.573144689379E-02 2.573146292585E-02 -1.178329993320E-02 2.589170722397E-02
 -1.178349079111E-02 -1.178356713427E-02 2.589176753507E-02 -1.194335337341E-02
 2.589176753507E-02 -1.194372745491E-02 -1.194388777555E-02 2.589176753507E-02
 2.589178356713E-02 -1.210260521042E-02 2.605208659076E-02 -1.210388777555E-02
 2.605208817635E-02 -1.210413207367E-02 -1.210420841683E-02 2.605208817635E-02
 2.605210420842E-02 -1.226399465598E-02 2.621162324649E-02 -1.226436873747E-02
 -1.226452905812E-02 2.621240881764E-02 -1.242431529726E-02 2.621240881764E-02
 -1.242452905812E-02 2.621240881764E-02 2.621242484970E-02 -1.242476953908E-02
 -1.242484969940E-02 2.637267869071E-02 -1.258484969940E-02 2.637272945892E-02
 -1.258494131119E-02 -1.258517034068E-02 2.637272945892E-02 -1.274495657983E-02
 2.637272945892E-02 2.637274549098E-02 -1.274517034068E-02 2.653302502441E-02
 -1.274539667570E-02 -1.274549098196E-02 2.653305010020E-02 -1.290549098196E-02
 2.653305010020E-02 -1.290558259376E-02 -1.290581162325E-02 2.653305010020E-02
 2.653306613226E-02 -1.306533066132E-02 2.669335192123E-02 -1.306586506346E-02
 2.669337074148E-02 -1.306598651849E-02 -1.306613226453E-02 2.669337074148E-02
 -1.322591850367E-02 2.669337074148E-02 2.669338677355E-02 -1.322622387632E-02
 2.685366733467E-02 -1.322636383879E-02 -1.322645290581E-02 2.685369138277E-02
 -1.338645290581E-02 2.685369138277E-02 -1.338659541305E-02 2.685369138277E-02
 2.685370741483E-02 -1.338671826411E-02 -1.338677354709E-02 2.701397277313E-02
 -1.354686515889E-02 2.701401202405E-02 -1.354693386774E-02 -1.354709418838E-02
 2.701401202405E-02 -1.370581162325E-02 2.701401202405E-02 2.701402805611E-02
 -1.370718580017E-02 2.717402805611E-02 -1.370733045037E-02 -1.370741482966E-02
 2.717433266533E-02 -1.386733466934E-02 2.717433266533E-02 -1.386755733690E-02
 2.717433266533E-02 -1.386768537074E-02 -1.386773547094E-02 2.717433266533E-02
 2.717434869739E-02 -1.402773547094E-02 2.733464904493E-02 -1.402787797818E-02
 2.733465330661E-02 -1.402802271209E-02 -1.402805611222E-02 2.733465330661E-02
 -1.418810955244E-02 2.733465330661E-02 2.733466933868E-02 -1.418823100747E-02
 2.749491363680E-02 -1.418835873995E-02 -1.418837675351E-02 2.749497394790E-02
 -1.434846836530E-02 2.749497394790E-02 -1.434862105163E-02 2.749497394790E-02
 -1.434868103554E-02 -1.434869739479E-02 2.749497394790E-02 2.749498997996E-02
 -1.450878900658E-02 2.765528249481E-02 -1.450896459586E-02 2.765529458918E-02
 -1.450900200401E-02 -1.450901803607E-02 2.765529458918E-02 -1.466910964787E-02
 2.765529458918E-02 -1.466931510079E-02 2.765529458918E-02 2.765531062124E-02
 -1.466932264529E-02 -1.466933867735E-02 2.781561438667E-02 -1.482948118459E-02
 2.781561523046E-02 -1.482964089098E-02 2.781561523046E-02 -1.482964328657E-02
 -1.482965931864E-02 2.781561523046E-02 2.781563126253E-02 -1.498983421388E-02
 2.797572287432E-02 -1.498996392786E-02 2.797593537591E-02 -1.498996392786E-02
 -1.498997995992E-02 2.797593587174E-02 -1.515016700067E-02 2.797593587174E-02
 -1.515028456914E-02 2.797593587174E-02 2.797595190381E-02 -1.515028456914E-02
 -1.515030060120E-02 2.813595190381E-02 -1.531052693623E-02 2.813625601719E-02
 -1.531060521042E-02 2.813625651303E-02 -1.531060521042E-02 -1.531062124248E-02
 2.813625651303E-02 -1.547088462640E-02 2.813625651303E-02 2.813627254509E-02
 -1.547092585170E-02 2.829605878424E-02 -1.547092585170E-02 -1.547094188377E-02
 2.829657594759E-02 -1.563122141719E-02 2.829657715431E-02 -1.563124649299E-02
 2.829657715431E-02 -1.563124649299E-02 -1.563126252505E-02 2.829657715431E-02
 -1.579154672982E-02 2.829657715431E-02 2.829659318637E-02 -1.579156713427E-02
 2.845688953665E-02 -1.579156713427E-02 -1.579158316633E-02 2.845689779559E-02
 -1.595186652375E-02 2.845689779559E-02 -1.595188777555E-02 2.845689779559E-02
 -1.595188777555E-02 -1.595190380762E-02 2.845689779559E-02 2.845691382766E-02
 -1.611218627732E-02 2.861715812578E-02 -1.611220841683E-02 2.861721843687E-02
 -1.611220841683E-02 -1.611222444890E-02 2.861721843687E-02 -1.627248980720E-02
 2.861721843687E-02 -1.627252905812E-02 2.861721843687E-02 -1.627252905812E-02
 -1.627254509018E-02 2.861721843687E-02 2.861723446894E-02 -1.643280160321E-02
 2.877753118177E-02 -1.643284969940E-02 2.877753907816E-02 -1.643284969940E-02
 -1.643286573146E-02 2.877753907816E-02 -1.659286573146E-02 2.877753907816E-02
 -1.659317034068E-02 2.877753907816E-02 2.877755511022E-02 -1.659317034068E-02
 -1.659318637275E-02 2.893627254509E-02 -1.675270541082E-02 2.893785689025E-02
 -1.675349098196E-02 2.893785971944E-02 -1.675349098196E-02 2.893785971944E-02
 -1.675349098196E-02 -1.675350701403E-02 2.893785971944E-02 -1.691381162325E-02
 2.893785971944E-02 -1.691381162325E-02 2.893785971944E-02 2.893787575150E-02
 -1.691381162325E-02 -1.691382765531E-02 2.909817857938E-02 -1.707413226453E-02
 2.909818036072E-02 -1.707413226453E-02 2.909818036072E-02 -1.707413226453E-02
 -1.707414829659E-02 2.909818036072E-02 -1.723445029594E-02 2.909818036072E-02
 -1.723445290581E-02 2.909818036072E-02 2.909819639279E-02 -1.723445290581E-02
 -1.723446893788E-02 2.925849724140E-02 -1.739468269873E-02 2.925850100200E-02
 -1.739477354709E-02 2.925850100200E-02 -1.739477354709E-02 -1.739478957916E-02
 2.925850100200E-02 -1.755350701403E-02 2.925850100200E-02 -1.755509418838E-02
 2.925850100200E-02 2.925851703407E-02 -1.755509418838E-02 2.941874336909E-02
 -1.755509418838E-02 -1.755511022044E-02 2.941882164329E-02 -1.771541482966E-02
 2.941882164329E-02 -1.771541482966E-02 2.941882164329E-02 -1.771541482966E-02
 -1.771543086172E-02 2.941882164329E-02 -1.787571506650E-02 2.941882164329E-02
 -1.787573547094E-02 2.941882164329E-02 2.941883767535E-02 -1.787573547094E-02
 -1.787575150301E-02 2.957914089048E-02 -1.803553774215E-02 2.957914228457E-02
 -1.803605611222E-02 2.957914228457E-02 -1.803605611222E-02 2.957914228457E-02
 -1.803605611222E-02 -1.803607214429E-02 2.957914228457E-02 -1.819637659157E-02
 2.957914228457E-02 -1.819637675351E-02 2.957914228457E-02 2.957915831663E-02
 -1.819637675351E-02 -1.819639278557E-02 2.973946225785E-02 -1.835659010328E-02
 2.973946292585E-02 -1.835669739479E-02 2.973946292585E-02 -1.835669739479E-02
 2.973946292585E-02 -1.835669739479E-02 -1.835671342685E-02 2.973946292585E-02
 -1.851701803607E-02 2.973946292585E-02 2.973947895792E-02 -1.851701803607E-02
 2.989819639279E-02 -1.851701803607E-02 -1.851703406814E-02 2.989978117154E-02
 -1.867729304763E-02 2.989978356713E-02 -1.867733867735E-02 2.989978356713E-02
 -1.867733867735E-02 2.989978356713E-02 -1.867733867735E-02 -1.867735470942E-02
 2.989978356713E-02 -1.883765931864E-02 2.989978356713E-02 -1.883765931864E-02
 2.989978356713E-02 2.989979959920E-02 -1.883765931864E-02 -1.883767535070E-02
 3.006007691058E-02 -1.899790168572E-02 3.006010420842E-02 -1.899797995992E-02
 3.006010420842E-02 -1.899797995992E-02 3.006010420842E-02 -1.899797995992E-02
 -1.899799599198E-02 3.006010420842E-02 -1.915829939449E-02 3.006010420842E-02
 -1.915830060120E-02 3.006010420842E-02 3.006012024048E-02 -1.915830060120E-02
 3.021990647963E-02 -1.915830060120E-02 -1.915831663327E-02 3.022041764689E-02
 -1.931862124248E-02 3.022042484970E-02 -1.931862124248E-02 3.022042484970E-02
 -1.931862124248E-02 -1.931863727455E-02 3.022042484970E-02 -1.947891572619E-02
 3.022042484970E-02 -1.947894188377E-02 3.022042484970E-02 -1.947894188377E-02
 3.022042484970E-02 -1.947894188377E-02 -1.947895791583E-02 3.022042484970E-02
 3.022044088176E-02 -1.963926168126E-02 3.038073289436E-02 -1.963926252505E-02
 3.038074549098E-02 -1.963926252505E-02 3.038074549098E-02 -1.963926252505E-02
 -1.963927855711E-02 3.038074549098E-02 -1.979958316633E-02 3.038074549098E-02
 -1.979958316633E-02 3.038074549098E-02 -1.979958316633E-02 -1.979959919840E-02
 3.038074549098E-02 -1.995959919840E-02 3.038074549098E-02 3.038076152305E-02
 -1.995990380762E-02 3.054054776219E-02 -1.995990380762E-02 3.054106473817E-02
 -1.995990380762E-02 -1.995991983968E-02 3.054106613226E-02 -2.012019937311E-02
 3.054106613226E-02 -2.012022444890E-02 3.054106613226E-02 -2.012022444890E-02
 3.054106613226E-02 -2.012022444890E-02 -2.012024048096E-02 3.054106613226E-02
 -2.028054203645E-02 3.054106613226E-02 -2.028054509018E-02 3.054106613226E-02
 -2.028054509018E-02 3.054106613226E-02 3.054108216433E-02 -2.028054509018E-02
 -2.028056112224E-02 3.070138556683E-02 -2.044086556952E-02 3.070138677355E-02
 -2.044086573146E-02 3.070138677355E-02 -2.044086573146E-02 3.070138677355E-02
 -2.044086573146E-02 -2.044088176353E-02 3.070138677355E-02 -2.060118637275E-02
 3.070138677355E-02 -2.060118637275E-02 3.070138677355E-02 -2.060118637275E-02
 3.070138677355E-02 -2.060118637275E-02 -2.060120240481E-02 3.070138677355E-02
 3.070140280561E-02 -2.076150701403E-02 3.086168527531E-02 -2.076150701403E-02
 3.086170741483E-02 -2.076150701403E-02 3.086170741483E-02 -2.076150701403E-02
 -2.076152304609E-02 3.086170741483E-02 -2.092182765531E-02 3.086170741483E-02
 -2.092182765531E-02 3.086170741483E-02 -2.092182765531E-02 3.086170741483E-02
 -2.092182765531E-02 -2.092184368737E-02 3.086170741483E-02 -2.108214829659E-02
 3.086170741483E-02 -2.108214829659E-02 3.086170741483E-02 3.086172344689E-02
 -2.108214829659E-02 3.102200075827E-02 -2.108214829659E-02 -2.108216432866E-02
 3.102202805611E-02 -2.124246893788E-02 3.102202805611E-02 -2.124246893788E-02
 3.102202805611E-02 -2.124246893788E-02 3.102202805611E-02 -2.124246893788E-02
 3.102202805611E-02
 1392 1390
 1390 1388
 1388 1386
 1386 1384
 1384 1383
 1383 1381
 1381 1378
 1378 1376
 1376 1374
 1374 1373
 1373 1371
 1371 1369
 1369 1367
 1367 1365
 1365 1364
 1364 1362
 1362 1360
 1360 1358
 1358 1355
 1355 1354
 1354 1352
 1352 1350
 1350 1348
 1348 1346
 1346 1345
 1345 1343
 1343 1341
 1341 1339
 1339 1337
 1337 1336
 1336 1333
 1333 1331
 1331 1329
 1329 1327
 1327 1326
 1326 1324
 1324 1322
 1322 1320
 1320 1318
 1318 1317
 1317 1315
 1315 1313
 1313 1310
 1310 1308
 1308 1307
 1307 1305
 1305 1303
 1303 1301
 1301 1300
 1300 1298
 1298 1296
 1296 1294
 1294 1291
 1291 1290
 1290 1288
 1288 1286
 1286 1284
 1284 1282
 1282 1281
 1281 1279
 1279 1277
 1277 1275
 1275 1274
 1274 1272
 1272 1269
 1269 1267
 1267 1265
 1265 1264
 1264 1262
 1262 1260
 1260 1258
 1258 1256
 1256 1255
 1255 1252
 1252 1250
 1250 1248
 1248 1247
 1247 1245
 1245 1243
 1243 1241
 1241 1239
 1239 1238
 1238 1236
 1236 1233
 1233 1231
 1231 1230
 1230 1228
 1228 1226
 1226 1224
 1224 1222
 1222 1221
 1221 1218
 1218 1216
 1216 1214
 1214 1213
 1213 1211
 1211 1209
 1209 1207
 1207 1205
 1205 1204
 1204 1201
 1201 1199
 1199 1197
 1197 1196
 1196 1194
 1194 1192
 1192 1190
 1190 1189
 1189 1187
 1187 1184
 1184 1182
 1182 1180
 1180 1179
 1179 1177
 1177 1175
 1175 1173
 1173 1172
 1172 1169
 1169 1167
 1167 1165
 1165 1164
 1164 1162
 1162 1160
 1160 1158
 1158 1157
 1157 1154
 1154 1152
 1152 1150
 1150 1149
 1149 1147
 1147 1145
 1145 1143
 1143 1141
 1141 1140
 1140 1137
 1137 1135
 1135 1133
 1133 1132
 1132 1130
 1130 1128
 1128 1125
 1125 1124
 1124 1122
 1122 1120
 1120 1118
 1118 1117
 1117 1115
 1115 1113
 1113 1110
 1110 1109
 1109 1107
 1107 1105
 1105 1103
 1103 1102
 1102 1100
 1100 1097
 1097 1095
 1095 1094
 1094 1092
 1092 1090
 1090 1088
 1088 1087
 1087 1085
 1085 1082
 1082 1080
 1080 1079
 1079 1077
 1077 1075
 1075 1073
 1073 1072
 1072 1069
 1069 1067
 1067 1065
 1065 1064
 1064 1062
 1062 1060
 1060 1057
 1057 1056
 1056 1054
 1054 1052
 1052 1050
 1050 1049
 1049 1046
 1046 1044
 1044 1042
 1042 1041
 1041 1039
 1039 1037
 1037 1034
 1034 1033
 1033 1031
 1031 1029
 1029 1027
 1027 1026
 1026 1024
 1024 1021
 1021 1019
 1019 1018
 1018 1016
 1016 1014
 1014 1011
 1011 1010
 1010 1008
 1008 1006
 1006 1004
 1004 1003
 1003 1001
 1001 998
 998 996
 996 995
 995 993
 993 991
 991 990
 990 987
 987 985
 985 983
 983 982
 982 980
 980 977
 977 975
 975 974
 974 972
 972 970
 970 967
 967 966
 966 964
 964 962
 962 961
 961 959
 959 956
 956 954
 954 953
 953 951
 951 949
 949 948
 948 945
 945 943
 943 941
 941 940
 940 938
 938 935
 935 934
 934 932
 932 930
 930 927
 927 926
 926 924
 924 922
 922 921
 921 919
 919 916
 916 915
 915 913
 913 911
 911 908
 908 907
 907 905
 905 903
 903 902
 902 900
 900 897
 897 895
 895 894
 894 892
 892 889
 889 887
 887 886
 886 884
 884 881
 881 880
 880 878
 878 876
 876 874
 874 873
 873 870
 870 868
 868 866
 866 865
 865 862
 862 860
 860 859
 859 857
 857 854
 854 852
 852 851
 851 849
 849 846
 846 844
 844 843
 843 841
 841 838
 838 836
 836 835
 835 833
 833 830
 830 828
 828 827
 827 825
 825 822
 822 820
 820 818
 818 817
 817 814
 814 812
 812 809
 809 807
 807 806
 806 804
 804 801
 801 799
 799 798
 798 796
 796 793
 793 791
 791 788
 788 787
 787 785
 785 783
 783 780
 780 778
 778 775
 775 774
 774 772
 772 770
 770 767
 767 765
 765 762
 762 761
 761 759
 759 756
 756 754
 754 751
 751 749
 749 746
 746 745
 745 743
 743 740
 740 738
 738 735
 735 733
 733 730
 730 728
 728 725
 725 723
 723 720
 720 719
 719 717
 717 714
 714 712
 712 709
 709 707
 707 704
 704 701
 701 699
 699 696
 696 695
 695 693
 693 690
 690 687
 687 685
 685 682
 682 681
 681 679
 679 676
 676 673
 673 671
 671 670
 670 667
 667 665
 665 662
 662 661
 661 658
 658 656
 656 653
 653 652
 652 649
 649 647
 647 644
 644 643
 643 640
 640 638
 638 637
 637 634
 634 631
 631 630
 630 628
 628 625
 625 624
 624 621
 621 619
 619 618
 618 615
 615 612
 612 611
 611 609
 609 606
 606 605
 605 602
 602 601
 601 599
 599 596
 596 595
 595 592
 592 590
 590 589
 589 586
 586 585
 585 583
 583 580
 580 579
 579 577
 577 574
 574 573
 573 571
 571 570
 570 567
 567 564
 564 563
 563 561
 561 560
 560 557
 557 555
 555 554
 554 551
 551 549
 549 548
 548 545
 545 544
 544 542
 542 540
 540 539
 539 536
 536 534
 534 533
 533 530
 530 528
 528 527
 527 524
 524 522
 522 519
 519 518
 518 516
 516 514
 514 513
 513 510
 510 508
 508 505
 505 504
 504 502
 502 500
 500 497
 497 495
 495 494
 494 492
 492 489
 489 487
 487 486
 486 483
 483 481
 481 479
 479 478
 478 475
 475 473
 473 472
 472 470
 470 468
 468 467
 467 464
 464 462
 462 461
 461 459
 459 458
 458 455
 455 453
 453 452
 452 450
 450 448
 448 447
 447 444
 444 442
 442 440
 440 439
 439 436
 436 434
 434 432
 432 430
 430 429
 429 426
 426 424
 424 422
 422 420
 420 417
 417 415
 415 413
 413 411
 411 408
 408 406
 406 404
 404 402
 402 400
 400 397
 397 395
 395 393
 393 391
 391 389
 389 386
 386 385
 385 383
 383 381
 381 379
 379 377
 377 374
 374 372
 372 370
 370 368
 368 365
 365 363
 363 361
 361 359
 359 358
 358 356
 356 353
 353 351
 351 350
 350 348
 348 346
 346 345
 345 343
 343 340
 340 339
 339 337
 337 336
 336 334
 334 333
 333 331
 331 326
 326 325
 325 318
 318 317
 317 308
 308 310
 310 309
 309 302
 302 301
 301 294
 294 293
 293 282
 282 284
 284 283
 283 271
 271 273
 273 272
 272 259
 259 261
 261 260
 260 238
 238 239
 239 241
 241 240
 240 218
 218 219
 219 220
 220 221
 221 222
 222 223
 223 224
 224 225
 225 226
 226 227
 227 228
 228 229
 229 230
 230 231
 231 232
 232 242
 242 243
 243 244
 244 245
 245 246
 246 247
 247 248
 248 249
 249 250
 250 251
 251 252
 252 253
 253 254
 254 262
 262 263
 263 264
 264 265
 265 266
 266 274
 274 275
 275 276
 276 277
 277 285
 285 286
 286 287
 287 288
 288 295
 295 296
 296 303
 303 304
 304 311
 311 312
 312 319
 319 320
 320 327
 327 329
 329 328
 328 321
 321 323
 323 322
 322 313
 313 315
 315 314
 314 306
 306 305
 305 297
 297 299
 299 298
 298 289
 289 291
 291 290
 290 278
 278 280
 280 279
 279 268
 268 267
 267 255
 255 257
 257 256
 256 233
 233 235
 235 234
 234 214
 214 216
 216 215
 215 211
 211 210
 210 206
 206 208
 208 207
 207 201
 201 203
 203 202
 202 197
 197 199
 199 198
 198 195
 195 194
 194 189
 189 191
 191 190
 190 185
 185 187
 187 186
 186 180
 180 182
 182 181
 181 178
 178 177
 177 173
 173 175
 175 174
 174 170
 170 169
 169 167
 167 165
 165 162
 162 161
 161 159
 159 157
 157 155
 155 153
 153 151
 151 149
 149 148
 148 145
 145 143
 143 142
 142 140
 140 138
 138 136
 136 135
 135 133
 133 131
 131 130
 130 127
 127 125
 125 124
 124 122
 122 121
 121 119
 119 117
 117 116
 116 113
 113 112
 112 110
 110 109
 109 107
 107 106
 106 104
 104 103
 103 100
 100 99
 99 97
 97 96
 96 94
 94 93
 93 90
 90 89
 89 87
 87 86
 86 83
 83 82
 82 80
 80 79
 79 74
 74 76
 76 75
 75 71
 71 70
 70 67
 67 66
 66 60
 60 62
 62 61
 61 56
 56 55
 55 49
 49 51
 51 50
 50 45
 45 44
 44 38
 38 40
 40 39
 39 33
 33 35
 35 34
 34 26
 26 27
 27 29
 29 28
 28 19
 19 20
 20 22
 22 21
 21 1
 1 2
 2 3
 3 4
 4 5
 5 6
 6 7
 7 8
 8 9
 9 10
 10 11
 11 12
 12 13
 13 14
 14 15
 15 16
 16 17
 17 18
 18 23
 23 24
 24 25
 25 30
 30 31
 31 32
 32 36
 36 37
 37 41
 41 42
 42 43
 43 46
 46 47
 47 48
 48 52
 52 53
 53 54
 54 57
 57 58
 58 59
 59 63
 63 64
 64 65
 65 68
 68 69
 69 72
 72 73
 73 77
 77 78
 78 81
 81 84
 84 85
 85 88
 88 91
 91 92
 92 95
 95 98
 98 101
 101 102
 102 105
 105 108
 108 111
 111 114
 114 115
 115 118
 118 120
 120 123
 123 126
 126 128
 128 129
 129 132
 132 134
 134 137
 137 139
 139 141
 141 144
 144 146
 146 147
 147 150
 150 152
 152 154
 154 156
 156 158
 158 160
 160 163
 163 164
 164 166
 166 168
 168 171
 171 172
 172 176
 176 179
 179 183
 183 184
 184 188
 188 192
 192 193
 193 196
 196 200
 200 204
 204 205
 205 209
 209 212
 212 213
 213 217
 217 236
 236 237
 237 258
 258 269
 269 270
 270 281
 281 292
 292 300
 300 307
 307 316
 316 324
 324 330
 330 332
 332 335
 335 338
 338 341
 341 342
 342 344
 344 347
 347 349
 349 352
 352 354
 354 355
 355 357
 357 360
 360 362
 362 364
 364 366
 366 367
 367 369
 369 371
 371 373
 373 375
 375 376
 376 378
 378 380
 380 382
 382 384
 384 387
 387 388
 388 390
 390 392
 392 394
 394 396
 396 398
 398 399
 399 401
 401 403
 403 405
 405 407
 407 409
 409 410
 410 412
 412 414
 414 416
 416 418
 418 419
 419 421
 421 423
 423 425
 425 427
 427 428
 428 431
 431 433
 433 435
 435 437
 437 438
 438 441
 441 443
 443 445
 445 446
 446 449
 449 451
 451 454
 454 456
 456 457
 457 460
 460 463
 463 465
 465 466
 466 469
 469 471
 471 474
 474 476
 476 477
 477 480
 480 482
 482 484
 484 485
 485 488
 488 490
 490 491
 491 493
 493 496
 496 498
 498 499
 499 501
 501 503
 503 506
 506 507
 507 509
 509 511
 511 512
 512 515
 515 517
 517 520
 520 521
 521 523
 523 525
 525 526
 526 529
 529 531
 531 532
 532 535
 535 537
 537 538
 538 541
 541 543
 543 546
 546 547
 547 550
 550 552
 552 553
 553 556
 556 558
 558 559
 559 562
 562 565
 565 566
 566 568
 568 569
 569 572
 572 575
 575 576
 576 578
 578 581
 581 582
 582 584
 584 587
 587 588
 588 591
 591 593
 593 594
 594 597
 597 598
 598 600
 600 603
 603 604
 604 607
 607 608
 608 610
 610 613
 613 614
 614 616
 616 617
 617 620
 620 622
 622 623
 623 626
 626 627
 627 629
 629 632
 632 633
 633 635
 635 636
 636 639
 639 641
 641 642
 642 645
 645 646
 646 648
 648 650
 650 651
 651 654
 654 655
 655 657
 657 659
 659 660
 660 663
 663 664
 664 666
 666 668
 668 669
 669 672
 672 674
 674 675
 675 677
 677 678
 678 680
 680 683
 683 684
 684 686
 686 688
 688 689
 689 691
 691 692
 692 694
 694 697
 697 698
 698 700
 700 702
 702 703
 703 705
 705 706
 706 708
 708 710
 710 711
 711 713
 713 715
 715 716
 716 718
 718 721
 721 722
 722 724
 724 726
 726 727
 727 729
 729 731
 731 732
 732 734
 734 736
 736 737
 737 739
 739 741
 741 742
 742 744
 744 747
 747 748
 748 750
 750 752
 752 753
 753 755
 755 757
 757 758
 758 760
 760 763
 763 764
 764 766
 766 768
 768 769
 769 771
 771 773
 773 776
 776 777
 777 779
 779 781
 781 782
 782 784
 784 786
 786 789
 789 790
 790 792
 792 794
 794 795
 795 797
 797 800
 800 802
 802 803
 803 805
 805 808
 808 810
 810 811
 811 813
 813 815
 815 816
 816 819
 819 821
 821 823
 823 824
 824 826
 826 829
 829 831
 831 832
 832 834
 834 837
 837 839
 839 840
 840 842
 842 845
 845 847
 847 848
 848 850
 850 853
 853 855
 855 856
 856 858
 858 861
 861 863
 863 864
 864 867
 867 869
 869 871
 871 872
 872 875
 875 877
 877 879
 879 882
 882 883
 883 885
 885 888
 888 890
 890 891
 891 893
 893 896
 896 898
 898 899
 899 901
 901 904
 904 906
 906 909
 909 910
 910 912
 912 914
 914 917
 917 918
 918 920
 920 923
 923 925
 925 928
 928 929
 929 931
 931 933
 933 936
 936 937
 937 939
 939 942
 942 944
 944 946
 946 947
 947 950
 950 952
 952 955
 955 957
 957 958
 958 960
 960 963
 963 965
 965 968
 968 969
 969 971
 971 973
 973 976
 976 978
 978 979
 979 981
 981 984
 984 986
 986 988
 988 989
 989 992
 992 994
 994 997
 997 999
 999 1000
 1000 1002
 1002 1005
 1005 1007
 1007 1009
 1009 1012
 1012 1013
 1013 1015
 1015 1017
 1017 1020
 1020 1022
 1022 1023
 1023 1025
 1025 1028
 1028 1030
 1030 1032
 1032 1035
 1035 1036
 1036 1038
 1038 1040
 1040 1043
 1043 1045
 1045 1047
 1047 1048
 1048 1051
 1051 1053
 1053 1055
 1055 1058
 1058 1059
 1059 1061
 1061 1063
 1063 1066
 1066 1068
 1068 1070
 1070 1071
 1071 1074
 1074 1076
 1076 1078
 1078 1081
 1081 1083
 1083 1084
 1084 1086
 1086 1089
 1089 1091
 1091 1093
 1093 1096
 1096 1098
 1098 1099
 1099 1101
 1101 1104
 1104 1106
 1106 1108
 1108 1111
 1111 1112
 1112 1114
 1114 1116
 1116 1119
 1119 1121
 1121 1123
 1123 1126
 1126 1127
 1127 1129
 1129 1131
 1131 1134
 1134 1136
 1136 1138
 1138 1139
 1139 1142
 1142 1144
 1144 1146
 1146 1148
 1148 1151
 1151 1153
 1153 1155
 1155 1156
 1156 1159
 1159 1161
 1161 1163
 1163 1166
 1166 1168
 1168 1170
 1170 1171
 1171 1174
 1174 1176
 1176 1178
 1178 1181
 1181 1183
 1183 1185
 1185 1186
 1186 1188
 1188 1191
 1191 1193
 1193 1195
 1195 1198
 1198 1200
 1200 1202
 1202 1203
 1203 1206
 1206 1208
 1208 1210
 1210 1212
 1212 1215
 1215 1217
 1217 1219
 1219 1220
 1220 1223
 1223 1225
 1225 1227
 1227 1229
 1229 1232
 1232 1234
 1234 1235
 1235 1237
 1237 1240
 1240 1242
 1242 1244
 1244 1246
 1246 1249
 1249 1251
 1251 1253
 1253 1254
 1254 1257
 1257 1259
 1259 1261
 1261 1263
 1263 1266
 1266 1268
 1268 1270
 1270 1271
 1271 1273
 1273 1276
 1276 1278
 1278 1280
 1280 1283
 1283 1285
 1285 1287
 1287 1289
 1289 1292
 1292 1293
 1293 1295
 1295 1297
 1297 1299
 1299 1302
 1302 1304
 1304 1306
 1306 1309
 1309 1311
 1311 1312
 1312 1314
 1314 1316
 1316 1319
 1319 1321
 1321 1323
 1323 1325
 1325 1328
 1328 1330
 1330 1332
 1332 1334
 1334 1335
 1335 1338
 1338 1340
 1340 1342
 1342 1344
 1344 1347
 1347 1349
 1349 1351
 1351 1353
 1353 1356
 1356 1357
 1357 1359
 1359 1361
 1361 1363
 1363 1366
 1366 1368
 1368 1370
 1370 1372
 1372 1375
 1375 1377
 1377 1379
 1379 1380
 1380 1382
 1382 1385
 1385 1387
 1387 1389
 1389 1391
 1391 1393
